{"type":"FeatureCollection","name":"UTTARKASHI, UTTARAKHAND - Sub-district boundaries","crs_note":"RFC 7946 WGS84 lon/lat (EPSG:4326); source CRS was LCC_WGS84","features":[{"type":"Feature","properties":{"OBJECTID":4457,"state_lgd":"05","state_name":"UTTARAKHAND","district_lgd":"056","district_name":"UTTARKASHI","district_name_source":"district_table","subdistrict_lgd":"281","subdistrict_name":"DUNDA","subdistrict_type":"","name_corrupted":false,"remarks":""},"geometry":{"type":"Polygon","coordinates":[[[78.402432,30.831836],[78.402428,30.829836],[78.403111,30.826946],[78.403192,30.823744],[78.403319,30.822817],[78.403918,30.822077],[78.405225,30.820812],[78.407495,30.818734],[78.409144,30.818702],[78.410943,30.818366],[78.412144,30.817697],[78.412056,30.81666],[78.411539,30.815143],[78.411022,30.814007],[78.410592,30.81286],[78.410591,30.812045],[78.411404,30.810933],[78.41183,30.80971],[78.411439,30.806935],[78.410882,30.806723],[78.409338,30.80643],[78.408435,30.805617],[78.405818,30.804249],[78.403373,30.802773],[78.400756,30.801703],[78.398844,30.801558],[78.397519,30.801258],[78.394581,30.800711],[78.393685,30.800553],[78.3926,30.799869],[78.391787,30.799462],[78.390624,30.798614],[78.390119,30.798014],[78.38896,30.796647],[78.388255,30.795583],[78.388722,30.794735],[78.3897,30.793606],[78.39033,30.793181],[78.39096,30.792757],[78.392403,30.791668],[78.393011,30.790982],[78.393383,30.790136],[78.392819,30.788847],[78.392257,30.786913],[78.392161,30.78526],[78.392813,30.784332],[78.393185,30.783647],[78.393231,30.78292],[78.392575,30.780955],[78.392199,30.778836],[78.391636,30.776619],[78.391399,30.774764],[78.391769,30.772427],[78.392466,30.770411],[78.392608,30.769993],[78.392693,30.770034],[78.393217,30.770288],[78.394148,30.769482],[78.394892,30.768737],[78.395168,30.768414],[78.395419,30.767244],[78.395536,30.766889],[78.395674,30.766447],[78.396144,30.766041],[78.396652,30.765666],[78.396916,30.76542],[78.396915,30.764894],[78.396718,30.764216],[78.396718,30.763963],[78.396834,30.763539],[78.39703,30.76325],[78.396971,30.762488],[78.396629,30.762261],[78.396155,30.761786],[78.396058,30.760956],[78.396299,30.760357],[78.39631,30.760329],[78.396565,30.7596],[78.396788,30.758948],[78.39673,30.758626],[78.396612,30.758168],[78.396259,30.757729],[78.396433,30.757032],[78.396745,30.756186],[78.396872,30.755838],[78.397871,30.755057],[78.398605,30.753084],[78.399069,30.751144],[78.400044,30.749919],[78.400168,30.749362],[78.400293,30.748806],[78.400477,30.748199],[78.400613,30.747967],[78.400897,30.747499],[78.401467,30.746561],[78.402328,30.745834],[78.404312,30.74446],[78.405436,30.743786],[78.406237,30.74317],[78.406444,30.74301],[78.407283,30.7417],[78.407865,30.739881],[78.408526,30.737853],[78.408565,30.737784],[78.40882,30.737376],[78.408996,30.737095],[78.409341,30.736606],[78.40962,30.73621],[78.409533,30.736152],[78.409141,30.735426],[78.408807,30.734777],[78.40876,30.734439],[78.408619,30.734172],[78.408655,30.733974],[78.408294,30.732752],[78.408226,30.732301],[78.408012,30.731728],[78.407333,30.730628],[78.40714,30.73033],[78.40707,30.730251],[78.406722,30.729857],[78.406403,30.729595],[78.405234,30.729496],[78.404644,30.729528],[78.404044,30.729605],[78.403271,30.730119],[78.402645,30.730791],[78.402635,30.730778],[78.402353,30.731175],[78.402139,30.731441],[78.401909,30.732032],[78.400824,30.733556],[78.400469,30.733917],[78.400124,30.734229],[78.399665,30.734481],[78.399607,30.734675],[78.398652,30.735663],[78.398402,30.736028],[78.398042,30.736281],[78.398021,30.736502],[78.397749,30.736831],[78.397321,30.737147],[78.396904,30.7374],[78.396434,30.737521],[78.396063,30.737576],[78.395416,30.737499],[78.394805,30.737116],[78.394141,30.736376],[78.393865,30.73597],[78.393504,30.735529],[78.393045,30.734911],[78.392423,30.73432],[78.392126,30.733923],[78.391797,30.733761],[78.391369,30.733702],[78.390925,30.733878],[78.390262,30.734406],[78.390048,30.73469],[78.389729,30.735317],[78.388764,30.736197],[78.388174,30.73649],[78.387626,30.736819],[78.386519,30.737185],[78.386023,30.737302],[78.385605,30.737523],[78.384394,30.73792],[78.383778,30.738127],[78.383318,30.738258],[78.382608,30.738335],[78.381705,30.738497],[78.379836,30.738258],[78.379319,30.738132],[78.37792,30.738245],[78.376306,30.738398],[78.375659,30.738597],[78.375043,30.738714],[78.374416,30.738759],[78.374051,30.738845],[78.373565,30.738967],[78.372928,30.738858],[78.371686,30.738727],[78.371195,30.738493],[78.370626,30.73847],[78.369926,30.738254],[78.369237,30.738064],[78.36812,30.737911],[78.36742,30.73792],[78.366741,30.73797],[78.365634,30.738389],[78.364872,30.73916],[78.364412,30.739764],[78.363619,30.740684],[78.362982,30.741099],[78.36247,30.741429],[78.361911,30.741672],[78.361452,30.741564],[78.361238,30.741365],[78.361024,30.741167],[78.360486,30.740571],[78.359927,30.73989],[78.359651,30.73934],[78.35951,30.739069],[78.358747,30.738785],[78.358523,30.738727],[78.358298,30.738668],[78.357907,30.738641],[78.357239,30.738853],[78.356737,30.739146],[78.3561,30.739362],[78.355531,30.739466],[78.354884,30.739466],[78.35433,30.739299],[78.3535,30.738915],[78.353124,30.738572],[78.35291,30.738194],[78.352756,30.738006],[78.352602,30.737819],[78.352352,30.737287],[78.35218,30.736683],[78.351814,30.73634],[78.351261,30.735695],[78.35087,30.734982],[78.350734,30.734626],[78.350781,30.734035],[78.350912,30.733661],[78.351251,30.733237],[78.35229,30.732502],[78.353016,30.732258],[78.353439,30.731983],[78.35428,30.731699],[78.355522,30.731488],[78.356196,30.731289],[78.357141,30.731199],[78.357757,30.730906],[78.358399,30.730234],[78.358671,30.729901],[78.359057,30.729116],[78.359501,30.728566],[78.360075,30.727867],[78.360263,30.72728],[78.360869,30.726135],[78.361271,30.725364],[78.361485,30.725201],[78.361845,30.724466],[78.362096,30.723767],[78.362054,30.723073],[78.362002,30.722622],[78.362023,30.722329],[78.361663,30.721544],[78.361173,30.720497],[78.360943,30.72011],[78.360562,30.719834],[78.360196,30.719762],[78.359836,30.719672],[78.358949,30.719582],[78.35755,30.719541],[78.356913,30.719487],[78.356104,30.719103],[78.356464,30.718603],[78.356676,30.718424],[78.358432,30.716778],[78.363438,30.713254],[78.36788,30.710231],[78.370029,30.70972],[78.373261,30.707167],[78.374945,30.706296],[78.377859,30.705565],[78.381355,30.705219],[78.383141,30.70549],[78.385674,30.70696],[78.386887,30.708443],[78.388381,30.710815],[78.390509,30.709695],[78.393598,30.709016],[78.395694,30.708048],[78.399908,30.70667],[78.401189,30.707417],[78.402759,30.708472],[78.404398,30.708843],[78.406729,30.708955],[78.407901,30.706824],[78.409356,30.705469],[78.410274,30.704844],[78.411641,30.704655],[78.412903,30.704604],[78.414893,30.703837],[78.416283,30.702963],[78.417472,30.701809],[78.418508,30.701084],[78.420247,30.700492],[78.421222,30.699918],[78.421908,30.699063],[78.421954,30.697796],[78.42227,30.69605],[78.423469,30.694058],[78.424067,30.693202],[78.424392,30.693028],[78.424978,30.69311],[78.426206,30.693375],[78.426939,30.693407],[78.427351,30.693335],[78.428884,30.692767],[78.43107,30.691622],[78.43328,30.690832],[78.434398,30.690589],[78.438475,30.690628],[78.441062,30.690171],[78.442509,30.68945],[78.443014,30.688948],[78.443526,30.687888],[78.444997,30.68524],[78.446781,30.683406],[78.448316,30.682609],[78.450526,30.68187],[78.452317,30.681734],[78.454604,30.681782],[78.456335,30.681798],[78.457215,30.681781],[78.458566,30.681642],[78.459829,30.681552],[78.460912,30.681664],[78.462022,30.68208],[78.464175,30.683495],[78.467058,30.68517],[78.468083,30.685255],[78.469232,30.684911],[78.471208,30.684017],[78.472097,30.683341],[78.472869,30.682537],[78.473649,30.6812],[78.474158,30.680394],[78.475015,30.679895],[78.476433,30.679046],[78.477915,30.677792],[78.478635,30.676531],[78.479801,30.674818],[78.480512,30.674216],[78.483102,30.673505],[78.484865,30.673268],[78.485926,30.672822],[78.486765,30.67146],[78.487198,30.669639],[78.487043,30.667913],[78.487643,30.666854],[78.488883,30.666156],[78.491818,30.666031],[78.493814,30.665897],[78.495288,30.665302],[78.49631,30.663283],[78.497851,30.661979],[78.499253,30.661782],[78.499487,30.661699],[78.499846,30.661573],[78.500736,30.661084],[78.501707,30.660364],[78.503002,30.659316],[78.503919,30.658316],[78.504511,30.658014],[78.505725,30.657548],[78.506858,30.65699],[78.50826,30.655781],[78.509419,30.654873],[78.510416,30.654314],[78.51117,30.65413],[78.512276,30.654176],[78.513596,30.654225],[78.51443,30.654088],[78.515644,30.653505],[78.516857,30.653226],[78.518015,30.653205],[78.519309,30.653463],[78.520735,30.653953],[78.52219,30.654629],[78.523509,30.655072],[78.524667,30.655167],[78.525476,30.655168],[78.526553,30.654959],[78.52863,30.654519],[78.53038,30.654635],[78.53178,30.655078],[78.533073,30.655663],[78.534447,30.657014],[78.53625,30.658482],[78.5387,30.66093],[78.54061,30.663308],[78.541605,30.664871],[78.542519,30.667005],[78.542922,30.668473],[78.543299,30.670221],[78.543269,30.672179],[78.543241,30.673532],[78.543296,30.674161],[78.543538,30.67458],[78.544211,30.67486],[78.544777,30.674883],[78.546285,30.675024],[78.548333,30.675142],[78.550219,30.675283],[78.551215,30.675656],[78.552428,30.676263],[78.553674,30.676909],[78.554564,30.677212],[78.55556,30.677212],[78.556421,30.677095],[78.55758,30.676724],[78.558981,30.676422],[78.560463,30.675956],[78.561434,30.67584],[78.562404,30.676005],[78.56332,30.67647],[78.564397,30.676844],[78.565555,30.677007],[78.56682,30.677218],[78.568493,30.677288],[78.569743,30.677169],[78.570578,30.67689],[78.571629,30.676773],[78.572652,30.676843],[78.574402,30.677288],[78.575641,30.677778],[78.578041,30.678431],[78.580329,30.678734],[78.582943,30.679479],[78.584208,30.680133],[78.585037,30.68095],[78.585217,30.680562],[78.586788,30.679881],[78.588735,30.679377],[78.59024,30.678755],[78.591723,30.678135],[78.592735,30.67759],[78.59334,30.676911],[78.593612,30.676573],[78.593813,30.676029],[78.593905,30.674999],[78.594061,30.674494],[78.59451,30.674086],[78.595163,30.673736],[78.5957,30.673678],[78.596488,30.67364],[78.597589,30.673523],[78.598442,30.673387],[78.599071,30.673115],[78.599767,30.672571],[78.599971,30.67224],[78.599948,30.671773],[78.60006,30.670648],[78.599925,30.669184],[78.599925,30.668348],[78.599701,30.667649],[78.599297,30.666988],[78.598713,30.665842],[78.598376,30.664676],[78.598265,30.663316],[78.597905,30.662047],[78.597637,30.660802],[78.597661,30.658996],[78.597614,30.657169],[78.59775,30.655827],[78.59755,30.654057],[78.597438,30.653162],[78.597034,30.65194],[78.596515,30.650695],[78.59609,30.649684],[78.596271,30.648712],[78.596696,30.647619],[78.596876,30.64657],[78.597057,30.645443],[78.596921,30.644083],[78.59699,30.641984],[78.59681,30.640994],[78.596386,30.639397],[78.596295,30.638287],[78.59623,30.636754],[78.596207,30.635879],[78.596363,30.635239],[78.596543,30.63481],[78.596812,30.634423],[78.59706,30.634091],[78.59724,30.633645],[78.597444,30.632867],[78.597329,30.631786],[78.597129,30.630679],[78.596589,30.629457],[78.596141,30.628368],[78.595356,30.627359],[78.594569,30.626678],[78.593852,30.626252],[78.592953,30.626037],[78.591156,30.625455],[78.590309,30.624902],[78.589576,30.624573],[78.588283,30.624108],[78.587342,30.623781],[78.586213,30.623408],[78.585673,30.623014],[78.584923,30.622664],[78.58449,30.622269],[78.584196,30.621687],[78.583899,30.621175],[78.584008,30.620569],[78.584035,30.619989],[78.58398,30.61957],[78.583792,30.619105],[78.583618,30.618399],[78.583376,30.617608],[78.582839,30.616863],[78.582274,30.616072],[78.581708,30.615302],[78.581145,30.614605],[78.580337,30.614138],[78.579409,30.613615],[78.578953,30.613288],[78.578388,30.613033],[78.577932,30.612613],[78.577259,30.611891],[78.576558,30.610982],[78.575967,30.61033],[78.575242,30.609493],[78.57469,30.608713],[78.574234,30.607991],[78.573831,30.607339],[78.573482,30.606687],[78.573239,30.60606],[78.573482,30.605314],[78.574291,30.604058],[78.574411,30.603768],[78.574708,30.603511],[78.575676,30.603234],[78.576672,30.602745],[78.577452,30.602303],[78.57748,30.602116],[78.575974,30.601161],[78.573957,30.599997],[78.573097,30.59946],[78.571994,30.598902],[78.571067,30.598519],[78.57042,30.598169],[78.569696,30.597727],[78.568998,30.597167],[78.568648,30.596842],[78.568352,30.596468],[78.567922,30.595863],[78.567466,30.595094],[78.567195,30.594792],[78.566901,30.59442],[78.566445,30.594025],[78.565973,30.593804],[78.565382,30.593244],[78.564819,30.592522],[78.564577,30.592103],[78.564442,30.591451],[78.563637,30.591173],[78.56299,30.591055],[78.562373,30.590683],[78.561513,30.590171],[78.560705,30.589728],[78.559871,30.589191],[78.559561,30.588853],[78.559293,30.588388],[78.55916,30.588061],[78.55932,30.587062],[78.559644,30.586341],[78.559942,30.585572],[78.559913,30.58492],[78.559754,30.584571],[78.558882,30.584047],[78.558074,30.583675],[78.557589,30.583277],[78.557295,30.582743],[78.557053,30.582021],[78.556785,30.581182],[78.556679,30.580345],[78.55657,30.579506],[78.555643,30.578354],[78.555078,30.577702],[78.554677,30.57698],[78.554461,30.576538],[78.5543,30.576165],[78.554113,30.575514],[78.553897,30.575281],[78.552794,30.575046],[78.551129,30.574603],[78.550309,30.574289],[78.549853,30.57387],[78.549556,30.573473],[78.549317,30.572518],[78.549425,30.571517],[78.549238,30.570563],[78.549022,30.570004],[78.548754,30.569097],[78.548203,30.567897],[78.547667,30.56699],[78.54877,30.56606],[78.549362,30.565548],[78.549255,30.564547],[78.54915,30.563243],[78.548708,30.561601],[78.54844,30.560555],[78.548412,30.560113],[78.548493,30.559436],[78.548655,30.55874],[78.548012,30.55797],[78.54593,30.555396],[78.544964,30.554327],[78.544589,30.55372],[78.5444,30.553138],[78.543929,30.551403],[78.54412,30.551009],[78.54455,30.55066],[78.543879,30.548749],[78.543825,30.548262],[78.545721,30.546622],[78.546044,30.54625],[78.545912,30.545553],[78.545751,30.544924],[78.545535,30.544039],[78.545591,30.542944],[78.545928,30.540907],[78.546146,30.539789],[78.546709,30.538813],[78.547033,30.538139],[78.546616,30.537615],[78.546132,30.537173],[78.54546,30.536543],[78.545839,30.535358],[78.546244,30.534147],[78.54713,30.533216],[78.544082,30.530456],[78.543707,30.530129],[78.540671,30.528149],[78.538912,30.527018],[78.538455,30.527345],[78.537621,30.527879],[78.536303,30.5286],[78.534879,30.52946],[78.534045,30.530041],[78.533428,30.530391],[78.532781,30.530622],[78.531948,30.530854],[78.531317,30.530887],[78.530241,30.531284],[78.529704,30.531493],[78.529113,30.531562],[78.528144,30.531444],[78.526987,30.531234],[78.525859,30.531048],[78.524865,30.53065],[78.524571,30.530348],[78.523763,30.530045],[78.521535,30.529042],[78.518861,30.52784],[78.518298,30.527538],[78.517246,30.529609],[78.516601,30.531097],[78.516222,30.532006],[78.516115,30.532495],[78.51555,30.532657],[78.514771,30.532469],[78.514625,30.532401],[78.514477,30.532331],[78.513857,30.531886],[78.512972,30.531678],[78.512313,30.531574],[78.511831,30.531479],[78.511427,30.531199],[78.510808,30.531013],[78.510245,30.530781],[78.509842,30.530546],[78.509037,30.530383],[78.50831,30.530289],[78.507638,30.530289],[78.507102,30.530266],[78.506562,30.530473],[78.505621,30.530682],[78.504868,30.531123],[78.504143,30.531379],[78.503807,30.531442],[78.503297,30.53153],[78.502489,30.531436],[78.501953,30.531366],[78.501416,30.531296],[78.501013,30.531133],[78.500476,30.531132],[78.49983,30.531062],[78.499239,30.530804],[78.498806,30.530768],[78.498296,30.530863],[78.497968,30.530868],[78.497874,30.530852],[78.497791,30.530838],[78.497576,30.530768],[78.497334,30.530681],[78.497079,30.530616],[78.496829,30.530608],[78.496829,30.530608],[78.496678,30.530641],[78.496683,30.530777],[78.496798,30.530988],[78.497064,30.531309],[78.497064,30.531309],[78.497369,30.531539],[78.497614,30.531831],[78.497628,30.531848],[78.497672,30.532036],[78.497678,30.532108],[78.497686,30.53219],[78.497653,30.532251],[78.497595,30.532359],[78.497442,30.532516],[78.497246,30.532714],[78.496818,30.533096],[78.496493,30.533434],[78.496338,30.5337],[78.496338,30.5337],[78.496256,30.533983],[78.496257,30.534415],[78.496257,30.534415],[78.496414,30.535002],[78.49648,30.535496],[78.496445,30.535594],[78.496372,30.535797],[78.496209,30.536221],[78.496138,30.536397],[78.496138,30.536397],[78.496067,30.536572],[78.495978,30.53681],[78.495978,30.53681],[78.496001,30.537077],[78.496161,30.537448],[78.496316,30.537764],[78.496449,30.538036],[78.496724,30.538584],[78.496793,30.538908],[78.496722,30.539097],[78.496691,30.53918],[78.496691,30.53918],[78.496359,30.539461],[78.496359,30.539461],[78.495963,30.539668],[78.495963,30.539668],[78.495546,30.539936],[78.495229,30.540121],[78.494963,30.54034],[78.494963,30.54034],[78.494903,30.540475],[78.494855,30.540583],[78.494859,30.540816],[78.49498,30.541107],[78.495196,30.541728],[78.495352,30.542378],[78.495379,30.543344],[78.495431,30.544515],[78.495446,30.544753],[78.495458,30.544941],[78.495486,30.545367],[78.495486,30.545367],[78.495577,30.545982],[78.495627,30.546217],[78.495676,30.546443],[78.495835,30.546865],[78.496021,30.54723],[78.496106,30.547523],[78.496153,30.547686],[78.496148,30.548106],[78.49603,30.548588],[78.495959,30.549065],[78.495955,30.549377],[78.495988,30.5495],[78.496043,30.549702],[78.496149,30.549904],[78.496267,30.55013],[78.49685,30.550743],[78.497389,30.551282],[78.497999,30.551805],[78.497999,30.551805],[78.498199,30.552068],[78.498268,30.552381],[78.498226,30.552591],[78.498162,30.552713],[78.498132,30.552772],[78.498132,30.552772],[78.497841,30.552957],[78.497284,30.553349],[78.496819,30.553788],[78.496656,30.553949],[78.496454,30.554148],[78.4962,30.554504],[78.496118,30.554759],[78.49612,30.555139],[78.496082,30.555542],[78.496043,30.55577],[78.496004,30.555996],[78.495895,30.556221],[78.495836,30.556341],[78.495727,30.556698],[78.495694,30.557209],[78.495735,30.55759],[78.495896,30.557893],[78.496121,30.558253],[78.496121,30.558253],[78.496242,30.558521],[78.496303,30.55893],[78.496272,30.559333],[78.496195,30.559612],[78.496169,30.559707],[78.496058,30.560178],[78.496007,30.560592],[78.496043,30.560848],[78.496204,30.561128],[78.496204,30.561128],[78.496502,30.561409],[78.496944,30.561748],[78.497439,30.562083],[78.497751,30.562381],[78.497871,30.56274],[78.498002,30.563275],[78.498102,30.563731],[78.498409,30.564381],[78.498672,30.564883],[78.498822,30.56523],[78.498886,30.565361],[78.499012,30.56562],[78.499011,30.566017],[78.49913,30.567007],[78.49921,30.567659],[78.498996,30.5681],[78.498886,30.56845],[78.498939,30.569266],[78.498965,30.569661],[78.4991,30.57015],[78.499261,30.57064],[78.499221,30.57092],[78.499111,30.5717],[78.499243,30.572609],[78.499323,30.573143],[78.499403,30.573702],[78.499483,30.574262],[78.499188,30.574891],[78.499025,30.575425],[78.499079,30.575939],[78.499199,30.576462],[78.499493,30.576927],[78.499518,30.577207],[78.499465,30.577744],[78.499653,30.578138],[78.49992,30.578815],[78.500055,30.579489],[78.499893,30.579816],[78.49965,30.580118],[78.499542,30.580795],[78.49981,30.581284],[78.500146,30.581458],[78.500524,30.581786],[78.500844,30.582135],[78.501195,30.582578],[78.501518,30.582905],[78.502297,30.583395],[78.502888,30.583908],[78.503317,30.58449],[78.50372,30.585282],[78.504311,30.585819],[78.505131,30.586273],[78.505697,30.586506],[78.506744,30.586669],[78.507391,30.586762],[78.508574,30.587043],[78.508897,30.587253],[78.509326,30.587697],[78.509274,30.588139],[78.508921,30.588838],[78.508868,30.58956],[78.509297,30.590119],[78.510224,30.590923],[78.511003,30.591435],[78.511597,30.591903],[78.511972,30.592228],[78.512589,30.59309],[78.51275,30.593719],[78.51283,30.594069],[78.513233,30.594746],[78.51361,30.595375],[78.513368,30.595598],[78.512466,30.595827],[78.510929,30.59657],[78.510123,30.596849],[78.509179,30.597525],[78.508586,30.598268],[78.508129,30.599222],[78.507898,30.600604],[78.50779,30.601488],[78.507411,30.602304],[78.506925,30.603025],[78.506361,30.603746],[78.50531,30.604674],[78.504151,30.605699],[78.503315,30.606745],[78.501952,30.60836],[78.50023,30.609662],[78.498776,30.610722],[78.498169,30.61146],[78.497318,30.612299],[78.497318,30.612299],[78.496058,30.613287],[78.496058,30.613287],[78.494903,30.614219],[78.494054,30.61495],[78.494054,30.61495],[78.493411,30.615911],[78.492356,30.617309],[78.491387,30.618129],[78.490737,30.618634],[78.490737,30.618634],[78.48998,30.61932],[78.48998,30.61932],[78.4888,30.620241],[78.4888,30.620241],[78.487684,30.621253],[78.487125,30.621787],[78.486804,30.621728],[78.48634,30.621525],[78.485759,30.621336],[78.485418,30.621226],[78.484639,30.621043],[78.484639,30.621043],[78.484009,30.621009],[78.483524,30.621027],[78.483049,30.621045],[78.482871,30.621081],[78.482621,30.621132],[78.482352,30.621263],[78.482231,30.621322],[78.481912,30.621671],[78.481912,30.621671],[78.481324,30.622478],[78.480757,30.623177],[78.480023,30.62405],[78.479735,30.624525],[78.479134,30.625314],[78.478345,30.624836],[78.478345,30.624836],[78.47705,30.623898],[78.47705,30.623898],[78.475964,30.622967],[78.475232,30.622366],[78.474586,30.621835],[78.473988,30.621318],[78.473076,30.62077],[78.473076,30.62077],[78.472401,30.620088],[78.472039,30.619598],[78.471652,30.619075],[78.47053,30.617384],[78.470131,30.616783],[78.470131,30.616783],[78.469633,30.616148],[78.46928,30.61552],[78.468895,30.614749],[78.468775,30.61439],[78.468621,30.614099],[78.468348,30.613887],[78.467771,30.61379],[78.466819,30.613759],[78.466201,30.613792],[78.465867,30.613895],[78.465641,30.613963],[78.465422,30.614043],[78.465034,30.614185],[78.464567,30.614243],[78.464567,30.614243],[78.464538,30.614234],[78.464344,30.614173],[78.464029,30.613989],[78.463732,30.613815],[78.463536,30.613681],[78.463243,30.613481],[78.462799,30.613272],[78.462799,30.613272],[78.462367,30.613166],[78.462367,30.613166],[78.461972,30.613137],[78.461547,30.613107],[78.460659,30.613235],[78.460244,30.61331],[78.459836,30.613335],[78.459836,30.613335],[78.45969,30.613338],[78.459225,30.613346],[78.458149,30.613325],[78.457433,30.613272],[78.456777,30.61326],[78.456153,30.613272],[78.456153,30.613272],[78.455587,30.613329],[78.455224,30.613462],[78.454761,30.61377],[78.454083,30.614343],[78.453626,30.614673],[78.453626,30.614673],[78.453355,30.614807],[78.453355,30.614807],[78.452768,30.614972],[78.452249,30.615041],[78.451159,30.615008],[78.450135,30.614924],[78.449237,30.614779],[78.449237,30.614779],[78.448053,30.614461],[78.448053,30.614461],[78.44785,30.614393],[78.446836,30.614052],[78.446742,30.613682],[78.44672,30.612324],[78.446667,30.611341],[78.446636,30.610187],[78.446671,30.609472],[78.446609,30.608693],[78.446051,30.608188],[78.44558,30.607919],[78.445281,30.607749],[78.444488,30.607105],[78.443343,30.606276],[78.4429,30.605988],[78.442686,30.605876],[78.442267,30.605658],[78.44203,30.605502],[78.441916,30.605427],[78.441644,30.605073],[78.441478,30.604753],[78.441478,30.604753],[78.441353,30.604235],[78.441267,30.602768],[78.441262,30.602243],[78.441256,30.601524],[78.44123,30.600479],[78.441177,30.600029],[78.441177,30.600029],[78.441075,30.59979],[78.44062,30.599445],[78.440145,30.599077],[78.439835,30.598665],[78.439716,30.598434],[78.439547,30.598105],[78.439383,30.597553],[78.439145,30.596687],[78.439145,30.596687],[78.438837,30.595616],[78.43867,30.594756],[78.43867,30.594756],[78.438597,30.594335],[78.438588,30.594011],[78.438679,30.593518],[78.43871,30.59346],[78.438949,30.593009],[78.439021,30.592914],[78.439176,30.59271],[78.439264,30.592492],[78.439318,30.59236],[78.439361,30.592076],[78.439342,30.591902],[78.439314,30.591655],[78.439171,30.591382],[78.439058,30.591164],[78.438687,30.590848],[78.438687,30.590848],[78.43829,30.590606],[78.437897,30.590494],[78.437334,30.590415],[78.436395,30.590383],[78.435107,30.590886],[78.43296,30.591619],[78.432544,30.591766],[78.430559,30.59186],[78.429529,30.592284],[78.427802,30.592626],[78.426514,30.592746],[78.425819,30.594191],[78.425568,30.596717],[78.424793,30.599312],[78.42384,30.602208],[78.423308,30.602882],[78.421946,30.603699],[78.420887,30.604632],[78.419475,30.605863],[78.418499,30.607174],[78.417915,30.608451],[78.417332,30.609652],[78.4157,30.611108],[78.414423,30.612038],[78.412888,30.612665],[78.41144,30.613367],[78.40929,30.614327],[78.406744,30.615585],[78.405514,30.616214],[78.404282,30.61707],[78.402869,30.618339],[78.401808,30.619422],[78.400619,30.620278],[78.399388,30.621058],[78.397806,30.621911],[78.396696,30.623371],[78.396034,30.623968],[78.395197,30.624639],[78.394406,30.625084],[78.39309,30.625636],[78.391906,30.626115],[78.39094,30.626596],[78.390323,30.62708],[78.389572,30.627752],[78.388781,30.628197],[78.387731,30.628451],[78.386006,30.628584],[78.38461,30.628552],[78.382841,30.628723],[78.381504,30.629256],[78.379527,30.630312],[78.378583,30.630755],[78.377855,30.63137],[78.376011,30.632257],[78.375172,30.633004],[78.374077,30.63337],[78.372979,30.633887],[78.372144,30.634369],[78.370915,30.63496],[78.369994,30.635291],[78.368939,30.635884],[78.368231,30.636669],[78.367437,30.637302],[78.366683,30.638238],[78.366229,30.639516],[78.365825,30.640417],[78.365064,30.641805],[78.364179,30.642739],[78.363206,30.643748],[78.362367,30.644532],[78.361704,30.645129],[78.3603,30.645718],[78.359554,30.646012],[78.358324,30.64666],[78.357094,30.647308],[78.355975,30.64773],[78.355122,30.647948],[78.353994,30.647484],[78.352951,30.647191],[78.351737,30.646594],[78.350699,30.645904],[78.349268,30.645248],[78.347964,30.644896],[78.347397,30.64489],[78.346604,30.645448],[78.345943,30.645931],[78.345102,30.646866],[78.344441,30.64735],[78.343433,30.647679],[78.342342,30.647705],[78.341208,30.647694],[78.340117,30.647683],[78.338547,30.647667],[78.337063,30.647652],[78.335887,30.647564],[78.333563,30.646861],[78.333287,30.646747],[78.330767,30.645701],[78.330021,30.645281],[78.329521,30.644753],[78.329344,30.644325],[78.329485,30.642864],[78.329758,30.640564],[78.329664,30.640302],[78.329451,30.63871],[78.32907,30.637357],[78.328825,30.636858],[78.328753,30.636712],[78.328222,30.635641],[78.328146,30.634753],[78.328452,30.633793],[78.329108,30.633014],[78.330383,30.631987],[78.331539,30.631061],[78.331811,30.63048],[78.33182,30.629821],[78.332032,30.629316],[78.331339,30.628387],[78.330519,30.627775],[78.329765,30.627032],[78.329255,30.626103],[78.328793,30.624815],[78.32847,30.623251],[78.328433,30.62277],[78.328367,30.622453],[78.328303,30.621934],[78.328241,30.621526],[78.328095,30.621172],[78.327836,30.620595],[78.327792,30.620217],[78.32769,30.619725],[78.327549,30.619276],[78.32728,30.618641],[78.326678,30.617975],[78.325423,30.617264],[78.323339,30.616582],[78.321989,30.616437],[78.321951,30.616448],[78.322064,30.616729],[78.321544,30.617771],[78.320105,30.617279],[78.31923,30.616715],[78.318182,30.615921],[78.316441,30.613931],[78.316135,30.61332],[78.31565,30.613588],[78.315434,30.613852],[78.31529,30.614225],[78.316034,30.615551],[78.316978,30.617209],[78.317956,30.618614],[78.318059,30.619629],[78.317429,30.620688],[78.316805,30.621239],[78.316503,30.62192],[78.316253,30.622983],[78.315948,30.623842],[78.315533,30.624193],[78.314738,30.624438],[78.314157,30.624077],[78.314167,30.623316],[78.3143,30.622202],[78.314265,30.620452],[78.313411,30.619664],[78.313209,30.619478],[78.313075,30.620547],[78.312618,30.621537],[78.31234,30.622554],[78.312452,30.622626],[78.312702,30.622787],[78.312676,30.623716],[78.312201,30.624307],[78.311924,30.624906],[78.311908,30.624956],[78.311705,30.625267],[78.311626,30.625731],[78.311448,30.626349],[78.311703,30.627188],[78.311729,30.627896],[78.311739,30.62837],[78.31091,30.628627],[78.310576,30.628694],[78.310143,30.628671],[78.309173,30.628405],[78.308427,30.628513],[78.308073,30.628404],[78.307406,30.627872],[78.307406,30.627849],[78.306258,30.627582],[78.305596,30.62723],[78.304726,30.626788],[78.303782,30.627099],[78.303974,30.627974],[78.303463,30.628262],[78.30364,30.628659],[78.304536,30.629458],[78.304557,30.629679],[78.304353,30.630319],[78.303742,30.630846],[78.303298,30.631038],[78.303179,30.63109],[78.303788,30.632312],[78.304148,30.632885],[78.304783,30.633882],[78.305237,30.634424],[78.30475,30.635993],[78.304468,30.636989],[78.30439,30.637341],[78.304061,30.637936],[78.303549,30.639005],[78.302823,30.640358],[78.303072,30.64149],[78.303124,30.641738],[78.303072,30.642468],[78.303097,30.643312],[78.302919,30.643709],[78.302002,30.643176],[78.302173,30.643974],[78.301766,30.644375],[78.301385,30.644971],[78.301061,30.645155],[78.300571,30.645218],[78.299689,30.645204],[78.298808,30.645136],[78.29839,30.645348],[78.297701,30.646069],[78.297122,30.646529],[78.29588,30.647664],[78.294611,30.648611],[78.294246,30.648205],[78.293568,30.648186],[78.293292,30.6476],[78.292886,30.647378],[78.292119,30.647247],[78.290909,30.646732],[78.290388,30.646335],[78.289559,30.645635],[78.288814,30.644954],[78.288261,30.645175],[78.28777,30.645305],[78.286878,30.645467],[78.28607,30.645507],[78.285966,30.644934],[78.284391,30.644879],[78.283473,30.644621],[78.283124,30.644219],[78.282676,30.643849],[78.282018,30.644219],[78.281742,30.644052],[78.280933,30.643925],[78.280747,30.644222],[78.279993,30.64543],[78.279611,30.646571],[78.278526,30.646679],[78.278356,30.646726],[78.278187,30.646773],[78.278207,30.647783],[78.278461,30.649073],[78.278345,30.649926],[78.278319,30.650607],[78.278292,30.651288],[78.278229,30.65173],[78.278228,30.652271],[78.27888,30.652767],[78.279203,30.653092],[78.279156,30.65348],[78.278879,30.653588],[78.278321,30.653908],[78.278325,30.654251],[78.278309,30.655045],[78.278402,30.655865],[78.278167,30.656271],[78.277931,30.655767],[78.277621,30.655589],[78.277562,30.655363],[78.277538,30.655137],[78.277407,30.655006],[78.277193,30.654911],[78.277062,30.654911],[78.276705,30.654863],[78.276479,30.654875],[78.276336,30.654899],[78.27611,30.654935],[78.275944,30.654947],[78.275884,30.654899],[78.275789,30.654744],[78.275706,30.654649],[78.275599,30.654506],[78.275408,30.654447],[78.275242,30.654423],[78.275051,30.65428],[78.274885,30.654019],[78.274837,30.65384],[78.274825,30.653495],[78.274754,30.653233],[78.274433,30.653079],[78.274254,30.653233],[78.274135,30.6534],[78.273897,30.653543],[78.273719,30.653662],[78.273445,30.653674],[78.273136,30.653757],[78.272969,30.653757],[78.272803,30.653721],[78.27266,30.653638],[78.272577,30.653543],[78.272434,30.653447],[78.272223,30.653588],[78.271246,30.654475],[78.270406,30.655052],[78.269936,30.655173],[78.269362,30.655457],[78.269064,30.655764],[78.268709,30.656318],[78.268547,30.656972],[78.26853,30.657779],[78.268154,30.658343],[78.268013,30.658627],[78.268095,30.659208],[78.267338,30.659645],[78.266983,30.65997],[78.266712,30.660348],[78.266012,30.661146],[78.265735,30.661547],[78.265957,30.661692],[78.266392,30.661976],[78.266758,30.662031],[78.26747,30.662439],[78.268531,30.663472],[78.269974,30.664363],[78.270229,30.664455],[78.270337,30.665977],[78.270296,30.667363],[78.270524,30.669135],[78.269918,30.670205],[78.26974,30.6723],[78.26991,30.673707],[78.269887,30.67533],[78.27008,30.676627],[78.269679,30.678137],[78.268981,30.679735],[78.268289,30.680858],[78.267876,30.683225],[78.267049,30.684931],[78.265642,30.685974],[78.262743,30.687986],[78.261123,30.689045],[78.260352,30.689858],[78.259328,30.690595],[78.257988,30.691347],[78.25707,30.692085],[78.256449,30.692716],[78.254457,30.693206],[78.253179,30.694031],[78.250916,30.695831],[78.248219,30.701163],[78.24677,30.70355],[78.244445,30.70576],[78.242844,30.708483],[78.241192,30.711416],[78.240536,30.712927],[78.239539,30.714392],[78.237956,30.71585],[78.235933,30.717388],[78.235027,30.717808],[78.235488,30.718955],[78.236316,30.720561],[78.236593,30.721705],[78.236405,30.722489],[78.23619,30.723171],[78.236116,30.724235],[78.236071,30.725299],[78.236028,30.726237],[78.236155,30.727607],[78.236145,30.728317],[78.23542,30.729728],[78.234345,30.731035],[78.23256,30.732714],[78.230465,30.733477],[78.228102,30.734491],[78.227445,30.73527],[78.227244,30.736991],[78.227706,30.73899],[78.227193,30.740515],[78.226012,30.742281],[78.225947,30.743416],[78.22498,30.745383],[78.224306,30.747302],[78.224285,30.748722],[78.224878,30.749869],[78.226168,30.752156],[78.226762,30.753514],[78.227026,30.754464],[78.227069,30.755513],[78.226968,30.756434],[78.226924,30.757469],[78.227469,30.758182],[78.228705,30.759699],[78.230115,30.76128],[78.231283,30.763465],[78.231939,30.764584],[78.23239,30.765801],[78.232477,30.766863],[78.232478,30.76776],[78.232981,30.768371],[78.234169,30.769142],[78.235115,30.769455],[78.235686,30.769449],[78.236926,30.768629],[78.239014,30.767919],[78.240686,30.767583],[78.241593,30.76753],[78.242846,30.767872],[78.243665,30.767906],[78.244868,30.767666],[78.246418,30.767658],[78.247584,30.767948],[78.248611,30.768056],[78.249363,30.768126],[78.250037,30.768295],[78.251188,30.768776],[78.252575,30.769973],[78.253724,30.770144],[78.256182,30.771515],[78.257806,30.772474],[78.260264,30.774253],[78.261716,30.77439],[78.262706,30.774288],[78.263419,30.774424],[78.26457,30.775143],[78.267145,30.775075],[78.269326,30.775553],[78.270475,30.775622],[78.270911,30.775313],[78.27305,30.773978],[78.275188,30.772744],[78.27729,30.771648],[78.278677,30.770723],[78.279904,30.770279],[78.281014,30.770244],[78.281648,30.769901],[78.282202,30.76932],[78.28351,30.768122],[78.284739,30.767059],[78.285609,30.766511],[78.286442,30.766477],[78.288304,30.766819],[78.290641,30.767712],[78.291219,30.768668],[78.292183,30.769414],[78.293194,30.770787],[78.293725,30.772115],[78.293869,30.773404],[78.293389,30.774442],[78.29358,30.77519],[78.294351,30.777143],[78.294929,30.778473],[78.295172,30.778597],[78.296423,30.778971],[78.297721,30.779178],[78.298205,30.779719],[78.298829,30.780425],[78.299122,30.781924],[78.29941,30.783295],[78.300325,30.784084],[78.301386,30.785166],[78.302445,30.78666],[78.303216,30.788615],[78.303891,30.789778],[78.304468,30.790527],[78.30572,30.790734],[78.308032,30.791481],[78.309234,30.792063],[78.309571,30.792644],[78.309765,30.793434],[78.310149,30.79468],[78.3102,30.795679],[78.310007,30.796221],[78.30943,30.797265],[78.30919,30.79818],[78.309335,30.799842],[78.30948,30.801378],[78.308999,30.802167],[78.307799,30.803498],[78.30799,30.804204],[78.308377,30.805866],[78.308665,30.806407],[78.309242,30.806407],[78.309676,30.806406],[78.310977,30.806322],[78.313239,30.80603],[78.314441,30.806113],[78.317475,30.807108],[78.319594,30.808354],[78.321954,30.809309],[78.323303,30.809847],[78.323687,30.810596],[78.323978,30.811177],[78.324796,30.811759],[78.325133,30.812464],[78.325421,30.813213],[78.325712,30.813544],[78.326192,30.81371],[78.327256,30.813962],[78.328794,30.813005],[78.330285,30.812256],[78.33226,30.811382],[78.334039,30.81109],[78.334953,30.811089],[78.33529,30.811628],[78.33534,30.811711],[78.334714,30.812294],[78.33433,30.813333],[78.334138,30.814581],[78.334092,30.81537],[78.334573,30.816242],[78.335103,30.817906],[78.335297,30.818542],[78.335347,30.819872],[78.335636,30.820702],[78.335973,30.821283],[78.336986,30.823235],[78.337422,30.825188],[78.337664,30.826931],[78.337713,30.829217],[78.338532,30.830421],[78.339112,30.830504],[78.34017,30.830878],[78.341806,30.830917],[78.343445,30.831123],[78.344647,30.831082],[78.34715,30.830582],[78.349366,30.830704],[78.350858,30.830743],[78.351964,30.83116],[78.353603,30.83174],[78.354902,30.832445],[78.356155,30.833233],[78.357264,30.834021],[78.359238,30.834976],[78.361068,30.836303],[78.364684,30.837255],[78.366127,30.837919],[78.367766,30.838125],[78.370123,30.838414],[78.371185,30.839286],[78.372533,30.840698],[78.374702,30.842399],[78.376629,30.842979],[78.379086,30.843765],[78.380676,30.844429],[78.381546,30.84588],[78.382942,30.847868],[78.38453,30.847422],[78.38607,30.846272],[78.386884,30.845049],[78.38757,30.844345],[78.388769,30.843715],[78.390741,30.843081],[78.393701,30.842228],[78.395629,30.841966],[78.396958,30.841151],[78.397727,30.83963],[78.399351,30.835689],[78.401235,30.833391],[78.402432,30.831836]]]}},{"type":"Feature","properties":{"OBJECTID":4476,"state_lgd":"05","state_name":"UTTARAKHAND","district_lgd":"056","district_name":"UTTARKASHI","district_name_source":"district_table","subdistrict_lgd":"280","subdistrict_name":"BARKOT (RAJGARHI)","subdistrict_type":"","name_corrupted":false,"remarks":""},"geometry":{"type":"Polygon","coordinates":[[[78.407741,31.040425],[78.409232,31.040518],[78.410378,31.040419],[78.412031,31.040041],[78.412663,31.039976],[78.413563,31.040158],[78.414529,31.040507],[78.415148,31.040792],[78.415687,31.040861],[78.416882,31.040517],[78.418189,31.039962],[78.418993,31.039426],[78.420086,31.038475],[78.421325,31.037525],[78.422467,31.037],[78.423955,31.03662],[78.42524,31.036396],[78.42651,31.035888],[78.42848,31.035103],[78.429256,31.034574],[78.430212,31.03422],[78.431401,31.034326],[78.432882,31.034561],[78.434209,31.034543],[78.43521,31.034355],[78.436302,31.034113],[78.437534,31.033778],[78.439295,31.032754],[78.440135,31.032289],[78.440948,31.032415],[78.44346,31.032881],[78.445748,31.03362],[78.447079,31.034058],[78.448954,31.034927],[78.45098,31.035498],[78.45233,31.035858],[78.453667,31.035886],[78.456033,31.035515],[78.457226,31.035368],[78.458196,31.035362],[78.458728,31.035288],[78.459373,31.034947],[78.459953,31.034038],[78.460582,31.032089],[78.461019,31.030831],[78.461542,31.03],[78.462118,31.029359],[78.462958,31.029493],[78.46451,31.029839],[78.465498,31.029927],[78.466748,31.029545],[78.467685,31.029333],[78.468515,31.029538],[78.469753,31.03014],[78.4705,31.030431],[78.47176,31.030719],[78.473158,31.030905],[78.474085,31.030749],[78.474895,31.030354],[78.475783,31.029661],[78.476228,31.0292],[78.47689,31.029017],[78.477639,31.029094],[78.479474,31.029545],[78.480408,31.02957],[78.481312,31.029688],[78.481753,31.029621],[78.482269,31.02935],[78.483087,31.028317],[78.483751,31.027212],[78.484132,31.026056],[78.484616,31.025446],[78.485494,31.024713],[78.486326,31.024137],[78.486677,31.023872],[78.486901,31.023496],[78.487133,31.02256],[78.487284,31.022191],[78.487597,31.02206],[78.488155,31.022049],[78.489274,31.021846],[78.49057,31.021488],[78.492042,31.020926],[78.492834,31.020492],[78.493646,31.019963],[78.494053,31.019628],[78.494546,31.019057],[78.494947,31.018469],[78.495067,31.017587],[78.49524,31.016966],[78.495588,31.016236],[78.495676,31.01574],[78.495516,31.014611],[78.495071,31.013598],[78.494494,31.012883],[78.494254,31.012281],[78.493938,31.011214],[78.493778,31.010101],[78.493615,31.009232],[78.493461,31.008316],[78.492776,31.007458],[78.493385,31.00707],[78.495134,31.006313],[78.496254,31.006008],[78.497631,31.005689],[78.498771,31.005353],[78.50009,31.004383],[78.500996,31.003868],[78.502217,31.003492],[78.503565,31.003618],[78.505252,31.004066],[78.506599,31.004215],[78.507789,31.004249],[78.508614,31.003846],[78.509624,31.003423],[78.510795,31.002818],[78.511508,31.002938],[78.513003,31.003954],[78.514198,31.00466],[78.515697,31.005323],[78.517133,31.005769],[78.518825,31.005875],[78.521603,31.005821],[78.523678,31.005908],[78.524946,31.006056],[78.525936,31.006133],[78.526757,31.006118],[78.527287,31.005975],[78.527688,31.005682],[78.528836,31.004758],[78.529421,31.00449],[78.530114,31.004098],[78.530433,31.003918],[78.531055,31.003901],[78.531847,31.003999],[78.532589,31.003915],[78.534393,31.003487],[78.535349,31.003154],[78.536862,31.002677],[78.537975,31.002494],[78.539562,31.002496],[78.541666,31.002367],[78.543175,31.002255],[78.54455,31.00229],[78.545487,31.002435],[78.547585,31.002887],[78.550199,31.003252],[78.552208,31.003338],[78.553636,31.00335],[78.554518,31.002584],[78.555293,31.001884],[78.55644,31.001051],[78.557322,31.000307],[78.557641,30.999767],[78.557762,30.998745],[78.557721,30.998215],[78.557386,30.997415],[78.55707,30.996461],[78.556932,30.995541],[78.556972,30.994977],[78.557389,30.994382],[78.558001,30.993699],[78.558714,30.99319],[78.559031,30.992899],[78.55917,30.9922],[78.55927,30.991093],[78.559627,30.989348],[78.559788,30.988513],[78.560084,30.988051],[78.561152,30.98703],[78.561885,30.986332],[78.562399,30.985682],[78.562876,30.984848],[78.56329,30.983926],[78.564574,30.981365],[78.565426,30.979285],[78.565547,30.978211],[78.565942,30.977409],[78.565982,30.976761],[78.566315,30.976342],[78.567322,30.976207],[78.569123,30.976141],[78.570785,30.976056],[78.572287,30.976261],[78.573574,30.97655],[78.574108,30.976517],[78.574265,30.976109],[78.574148,30.974898],[78.573932,30.973074],[78.573499,30.971265],[78.573024,30.968888],[78.572885,30.968069],[78.57164,30.967183],[78.57073,30.966262],[78.569961,30.965477],[78.569506,30.964641],[78.569625,30.963116],[78.569647,30.961463],[78.570992,30.961038],[78.574907,30.959571],[78.577618,30.95884],[78.57827,30.958136],[78.57825,30.957674],[78.578014,30.956925],[78.576827,30.955304],[78.576571,30.954605],[78.576532,30.953957],[78.57665,30.953207],[78.576967,30.952336],[78.577007,30.952014],[78.577089,30.951064],[78.576929,30.950041],[78.576041,30.948354],[78.575526,30.94733],[78.575292,30.944547],[78.574976,30.94325],[78.574799,30.941954],[78.574621,30.941153],[78.574462,30.940828],[78.57296,30.941373],[78.570864,30.942072],[78.568847,30.942788],[78.568885,30.943776],[78.568885,30.944355],[78.568885,30.944664],[78.568767,30.944817],[78.568411,30.945004],[78.567935,30.945004],[78.56754,30.944936],[78.56675,30.944458],[78.565701,30.94381],[78.564951,30.942921],[78.564064,30.942445],[78.562502,30.943297],[78.561947,30.943808],[78.561356,30.944198],[78.561196,30.944216],[78.56094,30.944063],[78.560386,30.943379],[78.559617,30.942578],[78.558707,30.941726],[78.557896,30.941333],[78.557941,30.941452],[78.556319,30.941041],[78.554679,30.94111],[78.553214,30.941159],[78.552186,30.941039],[78.551435,30.940648],[78.550308,30.940118],[78.549736,30.93952],[78.549281,30.93894],[78.549088,30.93825],[78.548178,30.937124],[78.547646,30.935913],[78.54749,30.93465],[78.547252,30.934037],[78.546147,30.932733],[78.544882,30.931692],[78.543755,30.930208],[78.543599,30.929288],[78.543066,30.92828],[78.542116,30.926658],[78.542155,30.926062],[78.542235,30.925176],[78.542157,30.924425],[78.541642,30.923692],[78.539252,30.923332],[78.537591,30.923196],[78.536304,30.92287],[78.534051,30.921626],[78.532789,30.920482],[78.532081,30.919408],[78.53131,30.918607],[78.530617,30.918401],[78.529095,30.91852],[78.52706,30.919064],[78.525556,30.918961],[78.524549,30.91855],[78.523146,30.917476],[78.521881,30.916604],[78.52111,30.916128],[78.520064,30.916143],[78.517689,30.916346],[78.515988,30.916651],[78.515298,30.916651],[78.514348,30.91665],[78.513122,30.916223],[78.5119,30.914535],[78.511504,30.913581],[78.511012,30.911806],[78.510025,30.91017],[78.508839,30.909008],[78.507456,30.9087],[78.505935,30.908256],[78.503444,30.906962],[78.502378,30.906124],[78.501845,30.905459],[78.501588,30.904216],[78.501,30.902168],[78.500625,30.900373],[78.50031,30.899434],[78.499501,30.898532],[78.498605,30.897673],[78.498241,30.897525],[78.497413,30.897578],[78.496469,30.897835],[78.495688,30.897938],[78.49371,30.897585],[78.492365,30.897358],[78.491523,30.897208],[78.489899,30.897096],[78.489221,30.897035],[78.488379,30.896896],[78.48767,30.896794],[78.486739,30.896606],[78.486091,30.896797],[78.485089,30.89778],[78.484279,30.898049],[78.48351,30.898127],[78.482639,30.898028],[78.481784,30.897991],[78.481002,30.897943],[78.480204,30.897727],[78.479568,30.897271],[78.479182,30.896699],[78.478634,30.896204],[78.478042,30.895747],[78.476699,30.894922],[78.476005,30.894592],[78.47534,30.894135],[78.474261,30.89326],[78.473773,30.892726],[78.473121,30.892308],[78.472443,30.891876],[78.471676,30.891789],[78.470496,30.892605],[78.469833,30.89304],[78.469112,30.893208],[78.467371,30.893375],[78.465747,30.893468],[78.464921,30.893418],[78.464139,30.893496],[78.463208,30.893371],[78.462026,30.893449],[78.460908,30.893605],[78.459417,30.89353],[78.457747,30.89296],[78.455518,30.892139],[78.454659,30.89177],[78.453995,30.891643],[78.452374,30.891837],[78.451577,30.891789],[78.450956,30.891483],[78.450322,30.890771],[78.450126,30.889563],[78.449978,30.888889],[78.449606,30.88824],[78.448336,30.887302],[78.447021,30.886478],[78.445721,30.885894],[78.444141,30.885464],[78.44259,30.885252],[78.441796,30.885544],[78.440999,30.885901],[78.440335,30.885866],[78.438888,30.885257],[78.437367,30.884497],[78.436037,30.883696],[78.434635,30.882972],[78.432507,30.882073],[78.432036,30.881743],[78.430516,30.882496],[78.428423,30.883479],[78.426874,30.884018],[78.424753,30.884898],[78.422658,30.886022],[78.421921,30.886381],[78.419574,30.886829],[78.417274,30.88724],[78.416463,30.887369],[78.415638,30.887472],[78.414853,30.887486],[78.413351,30.887984],[78.412464,30.887934],[78.410973,30.887645],[78.410191,30.887416],[78.409365,30.887175],[78.407887,30.886832],[78.406646,30.886058],[78.404741,30.884775],[78.403189,30.884152],[78.401771,30.883723],[78.400235,30.882897],[78.39966,30.882515],[78.398849,30.882236],[78.397298,30.881843],[78.396,30.881261],[78.394862,30.880574],[78.394108,30.879901],[78.393045,30.878808],[78.392097,30.877867],[78.391345,30.876887],[78.389873,30.875263],[78.388428,30.87358],[78.386836,30.872028],[78.384646,30.870733],[78.381943,30.868626],[78.379967,30.867184],[78.380351,30.866864],[78.381252,30.865828],[78.381851,30.864567],[78.382064,30.863344],[78.381718,30.862531],[78.381288,30.861607],[78.381418,30.861237],[78.382873,30.858958],[78.382872,30.858031],[78.38287,30.85629],[78.382952,30.855068],[78.382908,30.853884],[78.381747,30.851775],[78.381103,30.850666],[78.381786,30.84922],[78.382942,30.847868],[78.381546,30.84588],[78.380676,30.844429],[78.379086,30.843765],[78.376629,30.842979],[78.374702,30.842399],[78.372533,30.840698],[78.371185,30.839286],[78.370123,30.838414],[78.367766,30.838125],[78.366127,30.837919],[78.364684,30.837255],[78.361068,30.836303],[78.359238,30.834976],[78.357264,30.834021],[78.356155,30.833233],[78.354902,30.832445],[78.353603,30.83174],[78.351964,30.83116],[78.350858,30.830743],[78.349366,30.830704],[78.34715,30.830582],[78.344647,30.831082],[78.343445,30.831123],[78.341806,30.830917],[78.34017,30.830878],[78.339112,30.830504],[78.338532,30.830421],[78.337713,30.829217],[78.337664,30.826931],[78.337422,30.825188],[78.336986,30.823235],[78.335973,30.821283],[78.335636,30.820702],[78.335347,30.819872],[78.335297,30.818542],[78.335103,30.817906],[78.334573,30.816242],[78.334092,30.81537],[78.334138,30.814581],[78.33433,30.813333],[78.334714,30.812294],[78.33534,30.811711],[78.33529,30.811628],[78.334953,30.811089],[78.334039,30.81109],[78.33226,30.811382],[78.330285,30.812256],[78.328794,30.813005],[78.327256,30.813962],[78.326192,30.81371],[78.325712,30.813544],[78.325421,30.813213],[78.325133,30.812464],[78.324796,30.811759],[78.323978,30.811177],[78.323687,30.810596],[78.323303,30.809847],[78.321954,30.809309],[78.319594,30.808354],[78.317475,30.807108],[78.314441,30.806113],[78.313239,30.80603],[78.310977,30.806322],[78.309676,30.806406],[78.309242,30.806407],[78.308665,30.806407],[78.308377,30.805866],[78.30799,30.804204],[78.307799,30.803498],[78.308999,30.802167],[78.30948,30.801378],[78.309335,30.799842],[78.30919,30.79818],[78.30943,30.797265],[78.310007,30.796221],[78.3102,30.795679],[78.310149,30.79468],[78.309765,30.793434],[78.309571,30.792644],[78.309234,30.792063],[78.308032,30.791481],[78.30572,30.790734],[78.304468,30.790527],[78.303891,30.789778],[78.303216,30.788615],[78.302445,30.78666],[78.301386,30.785166],[78.300325,30.784084],[78.29941,30.783295],[78.299122,30.781924],[78.298829,30.780425],[78.298205,30.779719],[78.297721,30.779178],[78.296423,30.778971],[78.295172,30.778597],[78.294929,30.778473],[78.294351,30.777143],[78.29358,30.77519],[78.293389,30.774442],[78.293869,30.773404],[78.293725,30.772115],[78.293194,30.770787],[78.292183,30.769414],[78.291219,30.768668],[78.290641,30.767712],[78.288304,30.766819],[78.286442,30.766477],[78.285609,30.766511],[78.284739,30.767059],[78.28351,30.768122],[78.282202,30.76932],[78.281648,30.769901],[78.281014,30.770244],[78.279904,30.770279],[78.278677,30.770723],[78.27729,30.771648],[78.275188,30.772744],[78.27305,30.773978],[78.270911,30.775313],[78.270475,30.775622],[78.269326,30.775553],[78.267145,30.775075],[78.26457,30.775143],[78.263419,30.774424],[78.262706,30.774288],[78.261716,30.77439],[78.260264,30.774253],[78.257806,30.772474],[78.256182,30.771515],[78.253724,30.770144],[78.252575,30.769973],[78.251188,30.768776],[78.250037,30.768295],[78.249363,30.768126],[78.248611,30.768056],[78.247584,30.767948],[78.246418,30.767658],[78.244868,30.767666],[78.243665,30.767906],[78.242846,30.767872],[78.241593,30.76753],[78.240686,30.767583],[78.239014,30.767919],[78.236926,30.768629],[78.235686,30.769449],[78.235115,30.769455],[78.234169,30.769142],[78.232981,30.768371],[78.232478,30.76776],[78.232477,30.766863],[78.23239,30.765801],[78.231939,30.764584],[78.231283,30.763465],[78.230115,30.76128],[78.228705,30.759699],[78.227469,30.758182],[78.226924,30.757469],[78.226968,30.756434],[78.227069,30.755513],[78.227026,30.754464],[78.226762,30.753514],[78.226168,30.752156],[78.224878,30.749869],[78.224285,30.748722],[78.224306,30.747302],[78.22498,30.745383],[78.225947,30.743416],[78.226012,30.742281],[78.227193,30.740515],[78.227706,30.73899],[78.227244,30.736991],[78.227445,30.73527],[78.228102,30.734491],[78.230465,30.733477],[78.23256,30.732714],[78.234345,30.731035],[78.23542,30.729728],[78.236145,30.728317],[78.236155,30.727607],[78.236028,30.726237],[78.236071,30.725299],[78.236116,30.724235],[78.23619,30.723171],[78.236405,30.722489],[78.236593,30.721705],[78.236316,30.720561],[78.235488,30.718955],[78.235027,30.717808],[78.234132,30.716785],[78.232477,30.716183],[78.230978,30.716346],[78.229212,30.716707],[78.227595,30.716968],[78.226363,30.716904],[78.225344,30.716335],[78.22391,30.716117],[78.222795,30.716079],[78.221596,30.715838],[78.221045,30.71535],[78.220583,30.714889],[78.220173,30.71309],[78.218491,30.712507],[78.216339,30.71213],[78.214256,30.712107],[78.212022,30.712412],[78.209993,30.71272],[78.208615,30.712654],[78.207419,30.712159],[78.206258,30.711284],[78.205003,30.710865],[78.203867,30.710295],[78.202362,30.708909],[78.201498,30.707759],[78.200776,30.707016],[78.200313,30.706605],[78.199609,30.706597],[78.198905,30.706539],[78.198676,30.706181],[78.198423,30.705443],[78.197856,30.704068],[78.196372,30.70324],[78.195965,30.702982],[78.193776,30.702197],[78.190853,30.70148],[78.188959,30.700648],[78.188356,30.700705],[78.187754,30.700761],[78.187369,30.700985],[78.186761,30.700472],[78.187118,30.700121],[78.187184,30.699665],[78.18646,30.699023],[78.185444,30.698251],[78.183688,30.697953],[78.182549,30.697661],[78.181301,30.69676],[78.180129,30.69662],[78.178594,30.697262],[78.177031,30.697777],[78.176065,30.69769],[78.174864,30.69755],[78.173488,30.697332],[78.172612,30.697043],[78.172066,30.696327],[78.17165,30.694675],[78.171669,30.693458],[78.171243,30.69249],[78.169692,30.690267],[78.169039,30.688865],[78.168612,30.687973],[78.16865,30.687415],[78.16881,30.686504],[78.170125,30.684922],[78.170554,30.68371],[78.170659,30.682545],[78.170354,30.68135],[78.16944,30.679742],[78.168436,30.678235],[78.167702,30.676325],[78.167463,30.674675],[78.167006,30.673833],[78.166115,30.672606],[78.165866,30.671614],[78.165967,30.670779],[78.166518,30.669213],[78.166768,30.668252],[78.166721,30.667466],[78.166438,30.666753],[78.165717,30.665933],[78.165374,30.665321],[78.165385,30.664636],[78.165378,30.66314],[78.165185,30.662327],[78.164538,30.660519],[78.164397,30.658185],[78.164415,30.656968],[78.164265,30.655242],[78.163302,30.653],[78.162277,30.65096],[78.160949,30.649576],[78.160078,30.648983],[78.158563,30.648332],[78.157307,30.647963],[78.15667,30.647423],[78.15662,30.64684],[78.156928,30.64588],[78.157563,30.644619],[78.158108,30.643509],[78.15809,30.642749],[78.157721,30.641908],[78.156975,30.64086],[78.156609,30.639841],[78.156194,30.638188],[78.155886,30.637247],[78.155257,30.636175],[78.154755,30.635459],[78.154419,30.635131],[78.154217,30.63543],[78.154217,30.63543],[78.15409,30.635491],[78.153847,30.635608],[78.1534,30.635603],[78.152889,30.635454],[78.152707,30.635402],[78.151132,30.63443],[78.150342,30.634049],[78.149202,30.633499],[78.146794,30.632858],[78.146103,30.632778],[78.145063,30.632657],[78.143869,30.632529],[78.143869,30.632529],[78.142703,30.632346],[78.141614,30.632208],[78.140669,30.632197],[78.13959,30.632265],[78.13959,30.632265],[78.138245,30.632601],[78.138245,30.632601],[78.136213,30.633192],[78.136213,30.633192],[78.135117,30.633577],[78.133426,30.634171],[78.1316,30.635025],[78.130553,30.635604],[78.129975,30.63604],[78.129782,30.636186],[78.129782,30.636186],[78.128582,30.637353],[78.127753,30.638241],[78.127375,30.63893],[78.126811,30.639741],[78.126811,30.639741],[78.126369,30.640248],[78.126369,30.640248],[78.125826,30.640514],[78.125599,30.640554],[78.12522,30.640621],[78.124911,30.64061],[78.124708,30.640603],[78.124541,30.640549],[78.124421,30.640509],[78.124421,30.640509],[78.12424,30.640303],[78.12424,30.640303],[78.124102,30.639892],[78.124064,30.63896],[78.124064,30.63896],[78.123733,30.638263],[78.123733,30.638263],[78.123226,30.637905],[78.122079,30.637278],[78.121018,30.63705],[78.120203,30.637049],[78.119876,30.637049],[78.119875,30.637049],[78.119709,30.637068],[78.119211,30.637126],[78.118945,30.637137],[78.118882,30.637139],[78.118882,30.637139],[78.118824,30.637119],[78.118588,30.637039],[78.118434,30.636919],[78.118218,30.636751],[78.117318,30.635906],[78.116806,30.635479],[78.116806,30.635479],[78.116121,30.635112],[78.115695,30.634683],[78.114991,30.634294],[78.113905,30.634264],[78.111798,30.63398],[78.109691,30.633696],[78.107996,30.633574],[78.106785,30.633557],[78.105949,30.633632],[78.105949,30.633632],[78.105335,30.63387],[78.105088,30.634027],[78.104512,30.634394],[78.104296,30.634582],[78.104103,30.63475],[78.103783,30.635007],[78.103456,30.635123],[78.103173,30.635151],[78.10297,30.635109],[78.102862,30.635052],[78.10268,30.634958],[78.102449,30.634844],[78.102279,30.634814],[78.101947,30.63481],[78.101667,30.634875],[78.101475,30.634932],[78.101266,30.635072],[78.101054,30.635211],[78.100879,30.635272],[78.100767,30.635271],[78.100666,30.635207],[78.10061,30.63513],[78.100493,30.634969],[78.100309,30.634544],[78.10015,30.634224],[78.10015,30.634224],[78.099847,30.633862],[78.099365,30.633533],[78.098333,30.633209],[78.097198,30.633099],[78.096647,30.633024],[78.09652,30.632959],[78.096178,30.632786],[78.095808,30.632528],[78.095372,30.632225],[78.094142,30.631904],[78.093211,30.631825],[78.09267,30.631989],[78.092125,30.632358],[78.091429,30.632735],[78.091304,30.632803],[78.091304,30.632803],[78.089972,30.633128],[78.088691,30.633522],[78.088135,30.63361],[78.087551,30.633845],[78.087123,30.634138],[78.086882,30.634131],[78.086837,30.63411],[78.08651,30.633956],[78.086024,30.633513],[78.086024,30.633513],[78.085506,30.633134],[78.084886,30.632829],[78.08406,30.632267],[78.084059,30.632267],[78.083233,30.631706],[78.082578,30.631229],[78.082282,30.631123],[78.08184,30.630965],[78.081375,30.630891],[78.080967,30.630906],[78.08056,30.630921],[78.079274,30.630838],[78.07829,30.63073],[78.0773,30.63061],[78.077176,30.630568],[78.076967,30.630498],[78.076741,30.630285],[78.076446,30.629799],[78.076024,30.629073],[78.075999,30.629026],[78.075769,30.628592],[78.075454,30.628177],[78.075289,30.62796],[78.073832,30.626696],[78.071004,30.625186],[78.070449,30.624891],[78.069732,30.624668],[78.068285,30.624461],[78.066976,30.624303],[78.065511,30.623896],[78.064953,30.623693],[78.064922,30.623495],[78.065219,30.623139],[78.065861,30.622453],[78.066153,30.621822],[78.066154,30.621312],[78.065982,30.620757],[78.065983,30.619413],[78.066218,30.618782],[78.066833,30.61825],[78.067532,30.617718],[78.068033,30.617186],[78.068618,30.616073],[78.069031,30.614918],[78.070351,30.613629],[78.071905,30.612335],[78.072401,30.611068],[78.073195,30.609521],[78.074806,30.608282],[78.075333,30.607903],[78.07561,30.607569],[78.075287,30.607303],[78.073999,30.606721],[78.072883,30.606463],[78.071043,30.606517],[78.070084,30.606417],[78.068822,30.606033],[78.067216,30.605857],[78.065516,30.605549],[78.063551,30.604412],[78.06279,30.604209],[78.061972,30.604334],[78.061299,30.604587],[78.060125,30.605069],[78.058749,30.605217],[78.056992,30.605067],[78.055496,30.604787],[78.054093,30.604506],[78.052863,30.60382],[78.051926,30.602755],[78.050977,30.602705],[78.048808,30.602424],[78.046379,30.601994],[78.043918,30.601889],[78.042426,30.602064],[78.041341,30.602546],[78.040767,30.603375],[78.040355,30.603754],[78.039974,30.604006],[78.039562,30.604083],[78.038159,30.604767],[78.037105,30.605551],[78.036135,30.60639],[78.035347,30.60679],[78.0347,30.60697],[78.033381,30.607348],[78.032358,30.607984],[78.031273,30.60907],[78.030594,30.610183],[78.029785,30.61048],[78.029138,30.610859],[78.027996,30.611187],[78.027146,30.611263],[78.026004,30.611569],[78.025591,30.612024],[78.025043,30.612772],[78.023989,30.613254],[78.022289,30.613681],[78.021204,30.613883],[78.019091,30.614594],[78.016926,30.615603],[78.015168,30.616237],[78.014287,30.616439],[78.013113,30.616461],[78.012587,30.616515],[78.012586,30.616516],[78.012403,30.616829],[78.012351,30.616916],[78.011881,30.617678],[78.011474,30.618336],[78.010503,30.618894],[78.008953,30.619727],[78.008265,30.620513],[78.008259,30.62052],[78.008086,30.621228],[78.008099,30.623497],[78.008254,30.62421],[78.008817,30.624851],[78.008973,30.624981],[78.009625,30.625194],[78.011007,30.62538],[78.012253,30.625476],[78.012982,30.625968],[78.01355,30.627024],[78.013877,30.62808],[78.014063,30.629861],[78.013831,30.632256],[78.01361,30.633401],[78.013312,30.634411],[78.012721,30.63557],[78.012204,30.63658],[78.011686,30.637468],[78.010783,30.638419],[78.010656,30.64011],[78.010216,30.641769],[78.009806,30.643785],[78.009402,30.645949],[78.00948,30.646653],[78.009859,30.647875],[78.010077,30.648953],[78.01029,30.649747],[78.010831,30.650966],[78.011695,30.651977],[78.01278,30.652704],[78.014516,30.653242],[78.015992,30.653595],[78.017562,30.653479],[78.019164,30.653178],[78.020375,30.653062],[78.022112,30.652477],[78.024524,30.651121],[78.025365,30.650206],[78.026655,30.64871],[78.027235,30.647547],[78.02794,30.646442],[78.029104,30.645555],[78.030325,30.644874],[78.031515,30.644772],[78.033074,30.645206],[78.034675,30.6461],[78.03592,30.647156],[78.036676,30.648207],[78.036999,30.648686],[78.038213,30.65003],[78.03962,30.651136],[78.04157,30.652188],[78.042571,30.652942],[78.043061,30.653574],[78.04341,30.65444],[78.04356,30.655523],[78.043747,30.656718],[78.044044,30.657652],[78.044773,30.658825],[78.045712,30.659574],[78.047656,30.661406],[78.048631,30.661925],[78.050582,30.662486],[78.053075,30.663073],[78.055245,30.663404],[78.057426,30.663806],[78.05933,30.664213],[78.060785,30.665188],[78.062631,30.666502],[78.064091,30.668284],[78.065571,30.671297],[78.065878,30.671771],[78.066269,30.673367],[78.066727,30.674915],[78.06672,30.677364],[78.067157,30.678848],[78.06759,30.679642],[78.067673,30.6803],[78.066858,30.681657],[78.066503,30.68241],[78.066461,30.682951],[78.066596,30.68389],[78.0667,30.684873],[78.06694,30.685671],[78.067403,30.686447],[78.067805,30.686912],[78.068238,30.687589],[78.06843,30.688432],[78.069051,30.689303],[78.069703,30.690286],[78.070297,30.691459],[78.070703,30.692605],[78.070609,30.69334],[78.070358,30.693944],[78.070796,30.694531],[78.071339,30.695185],[78.071771,30.695609],[78.07245,30.696006],[78.072883,30.696358],[78.073587,30.697621],[78.07379,30.698469],[78.073789,30.699051],[78.073491,30.700295],[78.073136,30.701044],[78.07265,30.702045],[78.07208,30.703592],[78.071808,30.704485],[78.071891,30.705567],[78.072214,30.706645],[78.073028,30.707511],[78.074463,30.708143],[78.075361,30.708423],[78.076932,30.708893],[78.077501,30.709033],[78.078503,30.709457],[78.078936,30.709759],[78.07968,30.710698],[78.080314,30.711893],[78.081515,30.714351],[78.081916,30.716089],[78.082218,30.716968],[78.082937,30.717804],[78.083679,30.718631],[78.083706,30.719761],[78.083625,30.722038],[78.083023,30.723067],[78.082516,30.723431],[78.081908,30.724062],[78.079555,30.725342],[78.079445,30.725694],[78.079011,30.727475],[78.078112,30.729725],[78.077666,30.730496],[78.07762,30.73122],[78.077933,30.73175],[78.078646,30.732654],[78.079376,30.734269],[78.07951,30.735039],[78.07944,30.735905],[78.07932,30.737072],[78.079444,30.738033],[78.079413,30.739201],[78.079308,30.740157],[78.079224,30.74064],[78.079052,30.740851],[78.081181,30.742913],[78.082199,30.744343],[78.082501,30.745286],[78.083006,30.747988],[78.083244,30.749512],[78.083682,30.750225],[78.08459,30.751332],[78.08565,30.752273],[78.086078,30.752935],[78.086828,30.753651],[78.087439,30.753835],[78.088992,30.753651],[78.090162,30.75364],[78.090773,30.753849],[78.09158,30.754616],[78.092398,30.75551],[78.092591,30.756276],[78.092893,30.757219],[78.095446,30.759033],[78.095859,30.759213],[78.09672,30.760959],[78.097874,30.762452],[78.098573,30.763092],[78.101085,30.763733],[78.101837,30.764495],[78.102991,30.765619],[78.10544,30.768767],[78.1072,30.770688],[78.108066,30.772335],[78.110296,30.775636],[78.111059,30.776638],[78.112008,30.777679],[78.113534,30.7793],[78.114345,30.779827],[78.116978,30.781702],[78.118661,30.78258],[78.120026,30.783713],[78.120312,30.784121],[78.120451,30.784596],[78.120653,30.78513],[78.121348,30.785595],[78.122393,30.78601],[78.122957,30.786592],[78.122696,30.787674],[78.121672,30.789005],[78.120862,30.789135],[78.120585,30.789365],[78.119854,30.7901],[78.119467,30.790759],[78.119342,30.791724],[78.118997,30.792382],[78.118814,30.793424],[78.118412,30.794074],[78.117732,30.795169],[78.116944,30.795801],[78.11616,30.796716],[78.115742,30.797077],[78.115324,30.797442],[78.114775,30.797713],[78.113898,30.798232],[78.112424,30.798628],[78.11163,30.798858],[78.110951,30.79926],[78.109979,30.800085],[78.109707,30.800405],[78.109331,30.801668],[78.109503,30.802637],[78.109843,30.803359],[78.110057,30.804045],[78.110104,30.804653],[78.110365,30.804883],[78.110422,30.80542],[78.109811,30.805736],[78.10828,30.805794],[78.107799,30.806425],[78.107726,30.806628],[78.108358,30.806728],[78.110631,30.807215],[78.113176,30.80786],[78.114367,30.808054],[78.116462,30.808429],[78.118317,30.808984],[78.119377,30.809619],[78.120391,30.809944],[78.121311,30.810107],[78.122235,30.810549],[78.12234,30.810558],[78.122633,30.811425],[78.123873,30.812671],[78.125468,30.813586],[78.126643,30.814342],[78.127048,30.814369],[78.127377,30.814251],[78.128187,30.813606],[78.128924,30.813647],[78.130591,30.815424],[78.131061,30.815978],[78.132279,30.817083],[78.132545,30.817701],[78.132764,30.81823],[78.133074,30.818991],[78.13341,30.819967],[78.133741,30.820299],[78.133864,30.819934],[78.13403,30.819583],[78.134352,30.819586],[78.135462,30.820698],[78.136428,30.821618],[78.137265,30.82241],[78.137891,30.822607],[78.139043,30.822885],[78.13996,30.823161],[78.140874,30.823727],[78.141976,30.824339],[78.143021,30.824951],[78.144032,30.825317],[78.144798,30.825428],[78.145564,30.825538],[78.145928,30.825751],[78.146169,30.826209],[78.146515,30.826467],[78.14651,30.82649],[78.146254,30.827707],[78.146322,30.829759],[78.146119,30.831464],[78.147013,30.832027],[78.147656,30.83219],[78.148267,30.831161],[78.148596,30.830846],[78.149171,30.83048],[78.147644,30.8292],[78.148094,30.828158],[78.149415,30.825876],[78.149697,30.825469],[78.149749,30.825393],[78.150795,30.825641],[78.151662,30.826091],[78.152192,30.825927],[78.153448,30.82608],[78.15437,30.826116],[78.155204,30.826113],[78.155593,30.826509],[78.156502,30.827365],[78.15696,30.828002],[78.157598,30.828413],[78.158586,30.828866],[78.159169,30.829062],[78.160855,30.829814],[78.161606,30.830453],[78.162646,30.831381],[78.163904,30.832323],[78.165565,30.833807],[78.166381,30.834523],[78.166944,30.835028],[78.167324,30.835544],[78.167377,30.835904],[78.166834,30.836971],[78.166701,30.837538],[78.16647,30.838306],[78.166056,30.83863],[78.164866,30.838881],[78.163712,30.838872],[78.163457,30.839276],[78.161884,30.839438],[78.1603,30.839028],[78.159082,30.83888],[78.157632,30.838779],[78.157572,30.838774],[78.155475,30.83971],[78.153741,30.841143],[78.152612,30.842229],[78.15208,30.843561],[78.151804,30.844391],[78.151426,30.845145],[78.150836,30.845492],[78.150364,30.845739],[78.150355,30.846282],[78.150206,30.847417],[78.149717,30.8488],[78.149194,30.850486],[78.149297,30.851397],[78.150012,30.852465],[78.150225,30.853882],[78.149995,30.856506],[78.149897,30.857161],[78.149792,30.858271],[78.149878,30.859371],[78.150127,30.860321],[78.148919,30.861822],[78.147976,30.863163],[78.147262,30.864859],[78.146566,30.867295],[78.146162,30.868357],[78.145605,30.869386],[78.144768,30.870526],[78.144102,30.871958],[78.143825,30.872813],[78.143771,30.873495],[78.143786,30.874442],[78.143792,30.875982],[78.143921,30.877107],[78.144169,30.878108],[78.14439,30.878956],[78.144842,30.880073],[78.145051,30.880719],[78.145054,30.881527],[78.144675,30.882381],[78.143889,30.883976],[78.143668,30.885021],[78.143759,30.885755],[78.144013,30.886389],[78.144558,30.88714],[78.145163,30.887816],[78.147083,30.889581],[78.147594,30.890622],[78.147935,30.892292],[78.148048,30.89348],[78.147005,30.893746],[78.146982,30.894264],[78.146808,30.895133],[78.14655,30.895698],[78.146054,30.896589],[78.145039,30.897865],[78.143962,30.899305],[78.143229,30.901292],[78.143279,30.901848],[78.143635,30.902502],[78.144443,30.903282],[78.146438,30.904983],[78.147551,30.905918],[78.148378,30.906445],[78.149656,30.907141],[78.151313,30.90793],[78.152403,30.908498],[78.153201,30.908974],[78.153562,30.909306],[78.154005,30.910044],[78.154539,30.911514],[78.155169,30.91339],[78.155554,30.914114],[78.156086,30.914713],[78.156157,30.914904],[78.156011,30.915836],[78.155996,30.916796],[78.156359,30.917488],[78.156428,30.917766],[78.156383,30.919268],[78.156583,30.92254],[78.156646,30.92316],[78.157127,30.923317],[78.158591,30.923396],[78.159965,30.923551],[78.160793,30.924002],[78.162104,30.924459],[78.163151,30.924938],[78.164856,30.925474],[78.1663,30.92592],[78.166808,30.926178],[78.16785,30.927023],[78.168719,30.927689],[78.170272,30.92859],[78.171364,30.929032],[78.172503,30.929272],[78.174036,30.929567],[78.175044,30.929717],[78.175202,30.929958],[78.175224,30.930401],[78.175773,30.931909],[78.176088,30.933377],[78.176438,30.934416],[78.17676,30.936402],[78.17716,30.938022],[78.177449,30.939276],[78.177702,30.939998],[78.178047,30.940456],[78.17851,30.940802],[78.180239,30.941718],[78.180862,30.942179],[78.181727,30.943098],[78.182733,30.944435],[78.183774,30.945292],[78.184963,30.946113],[78.185884,30.94524],[78.188759,30.942015],[78.190546,30.940052],[78.192295,30.938708],[78.193223,30.93733],[78.19666,30.933719],[78.198374,30.93269],[78.199434,30.932348],[78.200266,30.932547],[78.201593,30.932902],[78.202852,30.932967],[78.204424,30.932637],[78.206542,30.932601],[78.208875,30.932419],[78.207891,30.931928],[78.207267,30.930815],[78.207214,30.929922],[78.20747,30.928672],[78.209801,30.926705],[78.210057,30.926037],[78.209799,30.924341],[78.209799,30.923981],[78.21073,30.924115],[78.211971,30.925228],[78.214406,30.928086],[78.214591,30.928168],[78.216531,30.929023],[78.219325,30.929287],[78.222557,30.928459],[78.223854,30.928323],[78.225094,30.928322],[78.226287,30.928722],[78.227271,30.928676],[78.229131,30.92916],[78.230067,30.929309],[78.230681,30.929329],[78.231078,30.929219],[78.232111,30.928738],[78.232875,30.92857],[78.235102,30.928493],[78.236554,30.928319],[78.238387,30.928187],[78.242154,30.927963],[78.244891,30.928055],[78.246064,30.927992],[78.246611,30.927644],[78.247347,30.927362],[78.248153,30.927295],[78.24862,30.926867],[78.250948,30.926524],[78.254856,30.925502],[78.256268,30.924828],[78.256823,30.92437],[78.259268,30.922435],[78.260882,30.922282],[78.260547,30.922909],[78.260077,30.924377],[78.259556,30.925669],[78.259169,30.926233],[78.258398,30.927547],[78.258497,30.928226],[78.258814,30.929523],[78.259081,30.930249],[78.259256,30.930785],[78.259285,30.931699],[78.25945,30.932253],[78.2599,30.93373],[78.261252,30.934409],[78.262129,30.934686],[78.263432,30.93538],[78.264598,30.936221],[78.265496,30.93713],[78.265679,30.937527],[78.265878,30.938742],[78.265878,30.939412],[78.265962,30.940057],[78.266153,30.940765],[78.266441,30.941453],[78.266794,30.942037],[78.267189,30.942643],[78.267799,30.943139],[78.268409,30.943637],[78.268799,30.944133],[78.268903,30.944751],[78.269081,30.945468],[78.269325,30.946127],[78.270063,30.947376],[78.271201,30.949313],[78.271623,30.949743],[78.27229,30.950077],[78.272421,30.950755],[78.272727,30.951382],[78.273638,30.952462],[78.27407,30.953141],[78.274342,30.953797],[78.27441,30.955116],[78.274743,30.955718],[78.275303,30.95623],[78.275879,30.956728],[78.276413,30.957389],[78.276795,30.958588],[78.276916,30.959314],[78.277133,30.960735],[78.277489,30.96129],[78.277599,30.961979],[78.277416,30.962701],[78.27744,30.963707],[78.277883,30.963831],[78.27856,30.964261],[78.279076,30.964744],[78.279385,30.965404],[78.280157,30.966719],[78.280634,30.967176],[78.281168,30.967846],[78.282149,30.96898],[78.282649,30.969438],[78.283325,30.96983],[78.283704,30.970441],[78.283864,30.971135],[78.284077,30.972475],[78.284182,30.973264],[78.284315,30.97396],[78.284483,30.974621],[78.284795,30.9753],[78.285554,30.975534],[78.286397,30.975687],[78.287161,30.975867],[78.287883,30.976079],[78.288517,30.976365],[78.29033,30.976712],[78.291074,30.97675],[78.291841,30.976932],[78.292516,30.977381],[78.292966,30.977884],[78.293521,30.978332],[78.294789,30.979202],[78.29543,30.979603],[78.296063,30.979795],[78.296613,30.980182],[78.297288,30.980586],[78.298322,30.980975],[78.298843,30.981388],[78.29931,30.981922],[78.299815,30.982425],[78.300404,30.982846],[78.301247,30.983132],[78.302035,30.983371],[78.302768,30.983819],[78.30364,30.984484],[78.304195,30.985248],[78.30475,30.985889],[78.305439,30.986251],[78.306227,30.986339],[78.307075,30.986591],[78.307641,30.987031],[78.308206,30.987574],[78.309024,30.988784],[78.309469,30.989386],[78.310014,30.989805],[78.310768,30.990209],[78.311388,30.990601],[78.3121,30.990848],[78.312969,30.990902],[78.31399,30.990872],[78.314702,30.990833],[78.315406,30.991077],[78.315917,30.991489],[78.31626,30.992044],[78.316811,30.993319],[78.316757,30.994727],[78.316363,30.99601],[78.315942,30.997415],[78.315501,30.998705],[78.315666,30.99928],[78.316444,30.999814],[78.316932,31.000443],[78.318008,31.001189],[78.31874,31.001779],[78.319756,31.002787],[78.320486,31.003515],[78.32108,31.00366],[78.322368,31.003576],[78.3237,31.003826],[78.324579,31.004271],[78.325275,31.005145],[78.325412,31.005742],[78.325515,31.00645],[78.326396,31.006709],[78.328029,31.007307],[78.329304,31.007639],[78.3308,31.007696],[78.331975,31.007646],[78.333031,31.007525],[78.333809,31.007741],[78.334825,31.008125],[78.336933,31.008174],[78.337866,31.008142],[78.338606,31.008205],[78.339332,31.008032],[78.339756,31.007676],[78.340217,31.006877],[78.340582,31.006091],[78.341091,31.00532],[78.341774,31.004841],[78.342597,31.004656],[78.343502,31.004339],[78.344413,31.004217],[78.345362,31.004261],[78.346388,31.004569],[78.347299,31.004974],[78.348338,31.006121],[78.349929,31.007481],[78.350694,31.008002],[78.351699,31.008608],[78.353029,31.009093],[78.354772,31.009886],[78.355477,31.010115],[78.356445,31.010498],[78.357155,31.010773],[78.358054,31.012028],[78.359097,31.013442],[78.359418,31.014028],[78.359576,31.014535],[78.359635,31.015623],[78.359386,31.016441],[78.35893,31.017603],[78.358119,31.019377],[78.357317,31.020496],[78.356069,31.02206],[78.355621,31.022679],[78.355302,31.023259],[78.35614,31.023591],[78.357415,31.024061],[78.358653,31.024601],[78.359777,31.025433],[78.36023,31.0258],[78.361376,31.026316],[78.362761,31.026787],[78.36442,31.02734],[78.365519,31.028029],[78.366332,31.028817],[78.366906,31.029675],[78.367078,31.030177],[78.367238,31.031192],[78.36808,31.031244],[78.369821,31.03115],[78.370986,31.030957],[78.372841,31.030534],[78.374302,31.030146],[78.375284,31.030022],[78.376426,31.030144],[78.377291,31.030547],[78.378289,31.031243],[78.378867,31.0318],[78.379039,31.032653],[78.379231,31.033341],[78.379694,31.033669],[78.380393,31.034117],[78.380962,31.034667],[78.381464,31.0355],[78.381907,31.036553],[78.382639,31.037348],[78.383482,31.037916],[78.384679,31.038796],[78.385113,31.039273],[78.385473,31.039718],[78.385703,31.040319],[78.386013,31.041127],[78.386742,31.041386],[78.388517,31.042153],[78.389854,31.042859],[78.39109,31.043542],[78.392339,31.043917],[78.39324,31.044335],[78.39381,31.044176],[78.395196,31.043243],[78.396593,31.042847],[78.397924,31.042568],[78.399403,31.04222],[78.401739,31.041407],[78.403503,31.041014],[78.405102,31.040573],[78.40633,31.040427],[78.407741,31.040425]],[[78.132702,30.813205],[78.134384,30.813665],[78.136145,30.814648],[78.136244,30.815058],[78.135696,30.815753],[78.135727,30.816077],[78.135309,30.816637],[78.133449,30.816686],[78.131547,30.81578],[78.131056,30.815333],[78.131374,30.814486],[78.131981,30.813863],[78.132702,30.813205]]]}},{"type":"Feature","properties":{"OBJECTID":4489,"state_lgd":"05","state_name":"UTTARAKHAND","district_lgd":"056","district_name":"UTTARKASHI","district_name_source":"district_table","subdistrict_lgd":"278","subdistrict_name":"PUROLA","subdistrict_type":"","name_corrupted":false,"remarks":""},"geometry":{"type":"MultiPolygon","coordinates":[[[[78.132702,30.813205],[78.131981,30.813863],[78.131374,30.814486],[78.131056,30.815333],[78.131547,30.81578],[78.133449,30.816686],[78.135309,30.816637],[78.135727,30.816077],[78.135696,30.815753],[78.136244,30.815058],[78.136145,30.814648],[78.134384,30.813665],[78.132702,30.813205]]],[[[78.23785,31.021279],[78.239387,31.021527],[78.240386,31.02177],[78.242808,31.021775],[78.245133,31.021673],[78.248793,31.020596],[78.251019,31.020536],[78.253107,31.019905],[78.256486,31.019709],[78.2584,31.019266],[78.259968,31.019093],[78.262739,31.018533],[78.264117,31.017958],[78.265847,31.016733],[78.267056,31.016009],[78.268109,31.015894],[78.269587,31.016878],[78.271308,31.017929],[78.272744,31.018491],[78.27387,31.018377],[78.275392,31.018035],[78.276758,31.018239],[78.277539,31.018394],[78.279299,31.018455],[78.281012,31.018368],[78.282699,31.018449],[78.283699,31.018649],[78.285255,31.019297],[78.287096,31.020538],[78.288897,31.02121],[78.290735,31.021829],[78.292657,31.022566],[78.294119,31.02296],[78.295392,31.022815],[78.29801,31.021926],[78.30059,31.021047],[78.30203,31.021315],[78.303438,31.022088],[78.305321,31.022086],[78.307477,31.021793],[78.309381,31.022065],[78.311258,31.022548],[78.311928,31.022755],[78.312785,31.02269],[78.3139,31.021648],[78.314842,31.020742],[78.316259,31.019967],[78.316028,31.019016],[78.315795,31.01815],[78.316972,31.017973],[78.318124,31.017732],[78.320283,31.017291],[78.321878,31.016928],[78.322644,31.016367],[78.323338,31.013888],[78.324041,31.01259],[78.323614,31.011616],[78.323725,31.01069],[78.324982,31.008218],[78.325515,31.00645],[78.325412,31.005742],[78.325275,31.005145],[78.324579,31.004271],[78.3237,31.003826],[78.322368,31.003576],[78.32108,31.00366],[78.320486,31.003515],[78.319756,31.002787],[78.31874,31.001779],[78.318008,31.001189],[78.316932,31.000443],[78.316444,30.999814],[78.315666,30.99928],[78.315501,30.998705],[78.315942,30.997415],[78.316363,30.99601],[78.316757,30.994727],[78.316811,30.993319],[78.31626,30.992044],[78.315917,30.991489],[78.315406,30.991077],[78.314702,30.990833],[78.31399,30.990872],[78.312969,30.990902],[78.3121,30.990848],[78.311388,30.990601],[78.310768,30.990209],[78.310014,30.989805],[78.309469,30.989386],[78.309024,30.988784],[78.308206,30.987574],[78.307641,30.987031],[78.307075,30.986591],[78.306227,30.986339],[78.305439,30.986251],[78.30475,30.985889],[78.304195,30.985248],[78.30364,30.984484],[78.302768,30.983819],[78.302035,30.983371],[78.301247,30.983132],[78.300404,30.982846],[78.299815,30.982425],[78.29931,30.981922],[78.298843,30.981388],[78.298322,30.980975],[78.297288,30.980586],[78.296613,30.980182],[78.296063,30.979795],[78.29543,30.979603],[78.294789,30.979202],[78.293521,30.978332],[78.292966,30.977884],[78.292516,30.977381],[78.291841,30.976932],[78.291074,30.97675],[78.29033,30.976712],[78.288517,30.976365],[78.287883,30.976079],[78.287161,30.975867],[78.286397,30.975687],[78.285554,30.975534],[78.284795,30.9753],[78.284483,30.974621],[78.284315,30.97396],[78.284182,30.973264],[78.284077,30.972475],[78.283864,30.971135],[78.283704,30.970441],[78.283325,30.96983],[78.282649,30.969438],[78.282149,30.96898],[78.281168,30.967846],[78.280634,30.967176],[78.280157,30.966719],[78.279385,30.965404],[78.279076,30.964744],[78.27856,30.964261],[78.277883,30.963831],[78.27744,30.963707],[78.277416,30.962701],[78.277599,30.961979],[78.277489,30.96129],[78.277133,30.960735],[78.276916,30.959314],[78.276795,30.958588],[78.276413,30.957389],[78.275879,30.956728],[78.275303,30.95623],[78.274743,30.955718],[78.27441,30.955116],[78.274342,30.953797],[78.27407,30.953141],[78.273638,30.952462],[78.272727,30.951382],[78.272421,30.950755],[78.27229,30.950077],[78.271623,30.949743],[78.271201,30.949313],[78.270063,30.947376],[78.269325,30.946127],[78.269081,30.945468],[78.268903,30.944751],[78.268799,30.944133],[78.268409,30.943637],[78.267799,30.943139],[78.267189,30.942643],[78.266794,30.942037],[78.266441,30.941453],[78.266153,30.940765],[78.265962,30.940057],[78.265878,30.939412],[78.265878,30.938742],[78.265679,30.937527],[78.265496,30.93713],[78.264598,30.936221],[78.263432,30.93538],[78.262129,30.934686],[78.261252,30.934409],[78.2599,30.93373],[78.25945,30.932253],[78.259285,30.931699],[78.259256,30.930785],[78.259081,30.930249],[78.258814,30.929523],[78.258497,30.928226],[78.258398,30.927547],[78.259169,30.926233],[78.259556,30.925669],[78.260077,30.924377],[78.260547,30.922909],[78.260882,30.922282],[78.259268,30.922435],[78.256823,30.92437],[78.256268,30.924828],[78.254856,30.925502],[78.250948,30.926524],[78.24862,30.926867],[78.248153,30.927295],[78.247347,30.927362],[78.246611,30.927644],[78.246064,30.927992],[78.244891,30.928055],[78.242154,30.927963],[78.238387,30.928187],[78.236554,30.928319],[78.235102,30.928493],[78.232875,30.92857],[78.232111,30.928738],[78.231078,30.929219],[78.230681,30.929329],[78.230067,30.929309],[78.229131,30.92916],[78.227271,30.928676],[78.226287,30.928722],[78.225094,30.928322],[78.223854,30.928323],[78.222557,30.928459],[78.219325,30.929287],[78.216531,30.929023],[78.214591,30.928168],[78.214406,30.928086],[78.211971,30.925228],[78.21073,30.924115],[78.209799,30.923981],[78.209799,30.924341],[78.210057,30.926037],[78.209801,30.926705],[78.20747,30.928672],[78.207214,30.929922],[78.207267,30.930815],[78.207891,30.931928],[78.208875,30.932419],[78.206542,30.932601],[78.204424,30.932637],[78.202852,30.932967],[78.201593,30.932902],[78.200266,30.932547],[78.199434,30.932348],[78.198374,30.93269],[78.19666,30.933719],[78.193223,30.93733],[78.192295,30.938708],[78.190546,30.940052],[78.188759,30.942015],[78.185884,30.94524],[78.184963,30.946113],[78.183774,30.945292],[78.182733,30.944435],[78.181727,30.943098],[78.180862,30.942179],[78.180239,30.941718],[78.17851,30.940802],[78.178047,30.940456],[78.177702,30.939998],[78.177449,30.939276],[78.17716,30.938022],[78.17676,30.936402],[78.176438,30.934416],[78.176088,30.933377],[78.175773,30.931909],[78.175224,30.930401],[78.175202,30.929958],[78.175044,30.929717],[78.174036,30.929567],[78.172503,30.929272],[78.171364,30.929032],[78.170272,30.92859],[78.168719,30.927689],[78.16785,30.927023],[78.166808,30.926178],[78.1663,30.92592],[78.164856,30.925474],[78.163151,30.924938],[78.162104,30.924459],[78.160793,30.924002],[78.159965,30.923551],[78.158591,30.923396],[78.157127,30.923317],[78.156646,30.92316],[78.156583,30.92254],[78.156383,30.919268],[78.156428,30.917766],[78.156359,30.917488],[78.155996,30.916796],[78.156011,30.915836],[78.156157,30.914904],[78.156086,30.914713],[78.155554,30.914114],[78.155169,30.91339],[78.154539,30.911514],[78.154005,30.910044],[78.153562,30.909306],[78.153201,30.908974],[78.152403,30.908498],[78.151313,30.90793],[78.149656,30.907141],[78.148378,30.906445],[78.147551,30.905918],[78.146438,30.904983],[78.144443,30.903282],[78.143635,30.902502],[78.143279,30.901848],[78.143229,30.901292],[78.143962,30.899305],[78.145039,30.897865],[78.146054,30.896589],[78.14655,30.895698],[78.146808,30.895133],[78.146982,30.894264],[78.147005,30.893746],[78.148048,30.89348],[78.147935,30.892292],[78.147594,30.890622],[78.147083,30.889581],[78.145163,30.887816],[78.144558,30.88714],[78.144013,30.886389],[78.143759,30.885755],[78.143668,30.885021],[78.143889,30.883976],[78.144675,30.882381],[78.145054,30.881527],[78.145051,30.880719],[78.144842,30.880073],[78.14439,30.878956],[78.144169,30.878108],[78.143921,30.877107],[78.143792,30.875982],[78.143786,30.874442],[78.143771,30.873495],[78.143825,30.872813],[78.144102,30.871958],[78.144768,30.870526],[78.145605,30.869386],[78.146162,30.868357],[78.146566,30.867295],[78.147262,30.864859],[78.147976,30.863163],[78.148919,30.861822],[78.150127,30.860321],[78.149878,30.859371],[78.149792,30.858271],[78.149897,30.857161],[78.149995,30.856506],[78.150225,30.853882],[78.150012,30.852465],[78.149297,30.851397],[78.149194,30.850486],[78.149717,30.8488],[78.150206,30.847417],[78.150355,30.846282],[78.150364,30.845739],[78.150836,30.845492],[78.151426,30.845145],[78.151804,30.844391],[78.15208,30.843561],[78.152612,30.842229],[78.153741,30.841143],[78.155475,30.83971],[78.157572,30.838774],[78.157632,30.838779],[78.159082,30.83888],[78.1603,30.839028],[78.161884,30.839438],[78.163457,30.839276],[78.163712,30.838872],[78.164866,30.838881],[78.166056,30.83863],[78.16647,30.838306],[78.166701,30.837538],[78.166834,30.836971],[78.167377,30.835904],[78.167324,30.835544],[78.166944,30.835028],[78.166381,30.834523],[78.165565,30.833807],[78.163904,30.832323],[78.162646,30.831381],[78.161606,30.830453],[78.160855,30.829814],[78.159169,30.829062],[78.158586,30.828866],[78.157598,30.828413],[78.15696,30.828002],[78.156502,30.827365],[78.155593,30.826509],[78.155204,30.826113],[78.15437,30.826116],[78.153448,30.82608],[78.152192,30.825927],[78.151662,30.826091],[78.150795,30.825641],[78.149749,30.825393],[78.149697,30.825469],[78.149415,30.825876],[78.148094,30.828158],[78.147644,30.8292],[78.149171,30.83048],[78.148596,30.830846],[78.148267,30.831161],[78.147656,30.83219],[78.147013,30.832027],[78.146119,30.831464],[78.146322,30.829759],[78.146254,30.827707],[78.14651,30.82649],[78.146515,30.826467],[78.146169,30.826209],[78.145928,30.825751],[78.145564,30.825538],[78.144798,30.825428],[78.144032,30.825317],[78.143021,30.824951],[78.141976,30.824339],[78.140874,30.823727],[78.13996,30.823161],[78.139043,30.822885],[78.137891,30.822607],[78.137265,30.82241],[78.136428,30.821618],[78.135462,30.820698],[78.134352,30.819586],[78.13403,30.819583],[78.133864,30.819934],[78.133741,30.820299],[78.13341,30.819967],[78.133074,30.818991],[78.132764,30.81823],[78.132545,30.817701],[78.132279,30.817083],[78.131061,30.815978],[78.130591,30.815424],[78.128924,30.813647],[78.128187,30.813606],[78.127377,30.814251],[78.127048,30.814369],[78.126643,30.814342],[78.125468,30.813586],[78.123873,30.812671],[78.122633,30.811425],[78.12234,30.810558],[78.122235,30.810549],[78.121311,30.810107],[78.120391,30.809944],[78.119377,30.809619],[78.118317,30.808984],[78.116462,30.808429],[78.114367,30.808054],[78.113176,30.80786],[78.110631,30.807215],[78.108358,30.806728],[78.107726,30.806628],[78.107799,30.806425],[78.10828,30.805794],[78.109811,30.805736],[78.110422,30.80542],[78.110365,30.804883],[78.110104,30.804653],[78.110057,30.804045],[78.109843,30.803359],[78.109503,30.802637],[78.109331,30.801668],[78.109707,30.800405],[78.109979,30.800085],[78.110951,30.79926],[78.11163,30.798858],[78.112424,30.798628],[78.113898,30.798232],[78.114775,30.797713],[78.115324,30.797442],[78.115742,30.797077],[78.11616,30.796716],[78.116944,30.795801],[78.117732,30.795169],[78.118412,30.794074],[78.118814,30.793424],[78.118997,30.792382],[78.119342,30.791724],[78.119467,30.790759],[78.119854,30.7901],[78.120585,30.789365],[78.120862,30.789135],[78.121672,30.789005],[78.122696,30.787674],[78.122957,30.786592],[78.122393,30.78601],[78.121348,30.785595],[78.120653,30.78513],[78.120451,30.784596],[78.120312,30.784121],[78.120026,30.783713],[78.118661,30.78258],[78.116978,30.781702],[78.114345,30.779827],[78.113534,30.7793],[78.112008,30.777679],[78.111059,30.776638],[78.110296,30.775636],[78.108066,30.772335],[78.1072,30.770688],[78.10544,30.768767],[78.102991,30.765619],[78.101837,30.764495],[78.101085,30.763733],[78.098573,30.763092],[78.097874,30.762452],[78.09672,30.760959],[78.095859,30.759213],[78.095446,30.759033],[78.092893,30.757219],[78.092591,30.756276],[78.092398,30.75551],[78.09158,30.754616],[78.090773,30.753849],[78.090162,30.75364],[78.088992,30.753651],[78.087439,30.753835],[78.086828,30.753651],[78.086078,30.752935],[78.08565,30.752273],[78.08459,30.751332],[78.083682,30.750225],[78.083244,30.749512],[78.083006,30.747988],[78.082501,30.745286],[78.082199,30.744343],[78.081181,30.742913],[78.079052,30.740851],[78.077595,30.740788],[78.075778,30.740977],[78.074084,30.741637],[78.073156,30.742027],[78.07082,30.742175],[78.069977,30.742749],[78.068775,30.743143],[78.068124,30.743749],[78.068059,30.744313],[78.068651,30.745352],[78.068954,30.746173],[78.069153,30.747091],[78.069097,30.74745],[78.068976,30.747644],[78.068494,30.748144],[78.067978,30.748693],[78.067812,30.749197],[78.067857,30.749881],[78.068002,30.750052],[78.068259,30.75044],[78.068371,30.750757],[78.068366,30.751022],[78.068378,30.75125],[78.068292,30.752032],[78.067883,30.752911],[78.067421,30.753436],[78.066803,30.753681],[78.066465,30.75381],[78.066291,30.754181],[78.066209,30.754748],[78.066041,30.756104],[78.065945,30.756602],[78.065569,30.757254],[78.065446,30.757663],[78.065349,30.758211],[78.06496,30.758538],[78.064942,30.758554],[78.064034,30.759061],[78.063133,30.75965],[78.062785,30.759892],[78.062723,30.7601],[78.06271,30.760491],[78.062468,30.760949],[78.06225,30.761376],[78.061837,30.761599],[78.061454,30.761727],[78.060971,30.761765],[78.05986,30.761765],[78.05914,30.761927],[78.058637,30.762274],[78.057642,30.763247],[78.056588,30.764233],[78.056195,30.764307],[78.055756,30.764321],[78.055259,30.764548],[78.054852,30.764885],[78.054662,30.764851],[78.054319,30.764821],[78.054112,30.764952],[78.053918,30.765221],[78.05392,30.765543],[78.054016,30.765904],[78.054013,30.765999],[78.054003,30.766251],[78.053845,30.766584],[78.053614,30.76684],[78.05336,30.767134],[78.053286,30.767676],[78.053098,30.768476],[78.053001,30.768656],[78.052822,30.76899],[78.052426,30.769292],[78.051739,30.769754],[78.051268,30.770355],[78.051083,30.771003],[78.050852,30.771682],[78.05048,30.772101],[78.049954,30.772505],[78.049151,30.772862],[78.04851,30.773192],[78.048467,30.773214],[78.048443,30.773226],[78.048392,30.773264],[78.047977,30.773571],[78.047855,30.77386],[78.047814,30.774175],[78.047772,30.77449],[78.047592,30.774804],[78.047148,30.775114],[78.046869,30.775199],[78.046372,30.775181],[78.046063,30.775266],[78.045929,30.775416],[78.045452,30.775978],[78.045182,30.776366],[78.044696,30.776601],[78.044257,30.776595],[78.042951,30.776883],[78.041292,30.777217],[78.04042,30.777812],[78.039571,30.778737],[78.038371,30.780579],[78.0373,30.78169],[78.03644,30.782425],[78.035734,30.78265],[78.03486,30.78286],[78.034468,30.783165],[78.033964,30.783563],[78.033533,30.783558],[78.032798,30.783764],[78.032284,30.784326],[78.03089,30.785983],[78.030368,30.786583],[78.030072,30.786781],[78.029236,30.786935],[78.02831,30.787189],[78.027777,30.787587],[78.027476,30.788101],[78.027146,30.78859],[78.026732,30.78885],[78.026248,30.788932],[78.025767,30.788876],[78.025167,30.788869],[78.024492,30.788962],[78.023978,30.789107],[78.023285,30.78944],[78.023263,30.789894],[78.023518,30.790428],[78.024094,30.790978],[78.024638,30.791729],[78.025199,30.792304],[78.025352,30.792799],[78.025414,30.793444],[78.025697,30.794041],[78.026227,30.794742],[78.02641,30.79518],[78.026531,30.795396],[78.026753,30.795689],[78.026739,30.796093],[78.026629,30.796571],[78.026723,30.79709],[78.026722,30.797621],[78.02671,30.797657],[78.026553,30.798137],[78.026532,30.798477],[78.026837,30.799093],[78.02749,30.800326],[78.027929,30.801228],[78.027961,30.801923],[78.027663,30.803157],[78.027282,30.804113],[78.025453,30.806831],[78.024153,30.808533],[78.023129,30.809385],[78.022288,30.809824],[78.021274,30.810102],[78.019998,30.810301],[78.01903,30.810428],[78.018557,30.810751],[78.018388,30.811241],[78.017985,30.812588],[78.017336,30.813817],[78.016814,30.814417],[78.016265,30.814878],[78.015061,30.815154],[78.014161,30.815623],[78.013027,30.81696],[78.012641,30.817757],[78.0118,30.818612],[78.011146,30.818812],[78.010536,30.818994],[78.010002,30.819386],[78.009229,30.820178],[78.008778,30.820419],[78.008272,30.820489],[78.008108,30.820427],[78.00757,30.820461],[78.006309,30.82066],[78.005771,30.820913],[78.005124,30.821546],[78.004261,30.821949],[78.003803,30.822019],[78.003505,30.822069],[78.00304,30.822319],[78.002374,30.822803],[78.001462,30.823525],[78.000513,30.824321],[78.000013,30.825338],[77.999771,30.82584],[77.999295,30.826276],[77.998848,30.826751],[77.998655,30.82811],[77.99857,30.829254],[77.998251,30.830055],[77.99757,30.830614],[77.996777,30.831148],[77.996365,30.831493],[77.996071,30.83236],[77.995681,30.833937],[77.994983,30.835958],[77.994608,30.836612],[77.993917,30.837776],[77.993196,30.838606],[77.992296,30.839701],[77.991783,30.840232],[77.991554,30.840501],[77.99145,30.84091],[77.991483,30.84143],[77.991634,30.84206],[77.991699,30.842786],[77.991708,30.843487],[77.991646,30.843985],[77.991603,30.844325],[77.991361,30.845023],[77.99111,30.845805],[77.990761,30.846598],[77.990572,30.847007],[77.99049,30.847718],[77.990424,30.848346],[77.990304,30.848791],[77.990059,30.849223],[77.990006,30.849488],[77.990011,30.850032],[77.990006,30.850757],[77.989977,30.851233],[77.989868,30.851462],[77.989425,30.852024],[77.989166,30.852419],[77.989197,30.852692],[77.989497,30.853589],[77.989959,30.854453],[77.990266,30.854946],[77.990811,30.855816],[77.991146,30.856732],[77.991334,30.858051],[77.991488,30.858959],[77.991439,30.859357],[77.991283,30.859482],[77.990084,30.859601],[77.989328,30.859597],[77.988627,30.859601],[77.987117,30.859498],[77.987055,30.859859],[77.987046,30.8612],[77.986909,30.861911],[77.986541,30.862535],[77.985699,30.863901],[77.984599,30.865627],[77.98409,30.866352],[77.983965,30.866713],[77.983788,30.868511],[77.983731,30.869458],[77.983681,30.869929],[77.983123,30.871033],[77.98276,30.87182],[77.982291,30.873077],[77.982033,30.873883],[77.982027,30.874227],[77.982129,30.87463],[77.982443,30.87534],[77.983233,30.876673],[77.983847,30.877665],[77.984107,30.878025],[77.984339,30.878408],[77.984453,30.878681],[77.984456,30.878947],[77.984423,30.879224],[77.983895,30.879828],[77.981968,30.881163],[77.981056,30.881695],[77.980484,30.882413],[77.980092,30.883242],[77.979294,30.884869],[77.978646,30.885936],[77.977848,30.886796],[77.976982,30.887473],[77.976272,30.888032],[77.975366,30.888601],[77.973993,30.889466],[77.97442,30.889906],[77.975068,30.890554],[77.975782,30.891409],[77.976368,30.892358],[77.977283,30.893783],[77.977648,30.894572],[77.978053,30.896359],[77.978286,30.898319],[77.978288,30.899472],[77.978319,30.899732],[77.978538,30.900019],[77.979373,30.900337],[77.980834,30.900531],[77.981753,30.900415],[77.982523,30.900026],[77.983693,30.899606],[77.984332,30.899523],[77.985673,30.899715],[77.987043,30.899895],[77.988718,30.900241],[77.990984,30.900879],[77.99241,30.901464],[77.99345,30.902105],[77.994527,30.903024],[77.995542,30.904366],[77.996338,30.90533],[77.996785,30.90583],[77.997566,30.906075],[77.998233,30.906159],[77.998669,30.906164],[77.999335,30.906245],[77.999796,30.906347],[78.000791,30.906616],[78.001838,30.906629],[78.002939,30.906466],[78.004206,30.906406],[78.004981,30.906497],[78.005548,30.906769],[78.006351,30.907309],[78.007226,30.908021],[78.007516,30.908188],[78.00815,30.908354],[78.008969,30.908427],[78.009952,30.908524],[78.011202,30.908628],[78.012519,30.908701],[78.013517,30.908814],[78.014802,30.908792],[78.01616,30.908786],[78.016433,30.908871],[78.016575,30.909369],[78.016689,30.910462],[78.016639,30.911327],[78.015978,30.912303],[78.015464,30.913276],[78.015225,30.913835],[78.015015,30.915243],[78.014883,30.916176],[78.015125,30.916589],[78.015658,30.916911],[78.016208,30.917091],[78.017066,30.917231],[78.018176,30.917421],[78.01867,30.91761],[78.019024,30.917943],[78.019754,30.918501],[78.020562,30.918652],[78.02114,30.918844],[78.022556,30.919797],[78.023753,30.920642],[78.024328,30.92144],[78.025478,30.922397],[78.026539,30.923201],[78.027956,30.923811],[78.028929,30.924005],[78.030127,30.923623],[78.030923,30.923091],[78.031676,30.922938],[78.034203,30.923094],[78.035312,30.922864],[78.036149,30.922252],[78.036773,30.921449],[78.037307,30.921107],[78.038191,30.920805],[78.039033,30.920576],[78.040226,30.92004],[78.040849,30.919585],[78.041555,30.920158],[78.042308,30.920537],[78.043239,30.920727],[78.044034,30.920768],[78.045185,30.920769],[78.046027,30.920386],[78.046917,30.919967],[78.047713,30.919278],[78.048158,30.918669],[78.048822,30.91913],[78.050014,30.920199],[78.051033,30.920921],[78.051744,30.921459],[78.052231,30.921229],[78.054188,30.9198],[78.054701,30.919629],[78.055722,30.91871],[78.056297,30.918462],[78.057024,30.918291],[78.057647,30.918291],[78.05829,30.91854],[78.058619,30.919135],[78.059905,30.920353],[78.06046,30.920778],[78.061385,30.921351],[78.062117,30.921983],[78.062514,30.922515],[78.062802,30.923201],[78.062999,30.925018],[78.063443,30.925952],[78.064264,30.926926],[78.065257,30.927707],[78.066031,30.928073],[78.066921,30.928344],[78.068914,30.928169],[78.070886,30.928246],[78.07166,30.928553],[78.072544,30.92886],[78.073098,30.929356],[78.07394,30.930254],[78.075284,30.931896],[78.076078,30.933308],[78.077537,30.93518],[78.078604,30.93629],[78.07909,30.936669],[78.079179,30.937016],[78.078775,30.938581],[78.078425,30.939154],[78.078513,30.93965],[78.079188,30.940124],[78.082688,30.942037],[78.084748,30.943621],[78.085188,30.944004],[78.085365,30.94469],[78.085762,30.946331],[78.086296,30.947044],[78.086651,30.947301],[78.087002,30.947446],[78.087745,30.947532],[78.088807,30.947343],[78.090602,30.94673],[78.091377,30.946599],[78.092512,30.946577],[78.094129,30.94674],[78.095474,30.946568],[78.096515,30.946339],[78.096766,30.946853],[78.09709,30.947408],[78.097681,30.948274],[78.097739,30.948788],[78.097796,30.949906],[78.098581,30.950019],[78.099162,30.950258],[78.10082,30.951589],[78.101207,30.951864],[78.101751,30.951855],[78.102254,30.951702],[78.104536,30.950656],[78.105509,30.94993],[78.10644,30.949682],[78.108989,30.949317],[78.111181,30.948916],[78.113243,30.94815],[78.113709,30.948132],[78.114483,30.948285],[78.115749,30.948799],[78.11701,30.949277],[78.117874,30.949562],[78.118271,30.949679],[78.119224,30.94985],[78.121086,30.950806],[78.122149,30.951244],[78.12286,30.951352],[78.124634,30.951524],[78.125607,30.951776],[78.126874,30.952597],[78.128355,30.953282],[78.129621,30.953548],[78.131479,30.953679],[78.133473,30.954062],[78.134891,30.95473],[78.136068,30.955609],[78.137131,30.956353],[78.138528,30.957115],[78.139899,30.957588],[78.141009,30.95812],[78.142955,30.958463],[78.144442,30.958923],[78.1471,30.960126],[78.148163,30.960676],[78.149006,30.96087],[78.15078,30.960865],[78.151245,30.96096],[78.152266,30.96142],[78.152904,30.961532],[78.153726,30.961667],[78.154438,30.961609],[78.155254,30.961248],[78.155699,30.96136],[78.156898,30.961703],[78.157447,30.961644],[78.158515,30.961644],[78.159729,30.96172],[78.160681,30.961896],[78.161037,30.96195],[78.162435,30.962675],[78.16345,30.963554],[78.164141,30.963956],[78.165094,30.964334],[78.166313,30.96441],[78.168129,30.964622],[78.169082,30.964811],[78.170077,30.965212],[78.171385,30.965347],[78.173028,30.965229],[78.174625,30.965436],[78.176064,30.965954],[78.177791,30.966526],[78.17932,30.966733],[78.180272,30.966791],[78.180738,30.966601],[78.181204,30.967498],[78.181718,30.968355],[78.182027,30.969099],[78.182515,30.970587],[78.182651,30.971047],[78.182515,30.971561],[78.182605,30.972671],[78.182742,30.974695],[78.182256,30.975688],[78.181901,30.977023],[78.181901,30.977808],[78.182169,30.978322],[78.18206,30.979945],[78.181925,30.982295],[78.181842,30.983192],[78.181863,30.984166],[78.18266,30.98556],[78.182995,30.986056],[78.183058,30.986606],[78.183017,30.987945],[78.182835,30.989736],[78.182935,30.990173],[78.18348,30.991282],[78.184345,30.992635],[78.184565,30.993284],[78.184476,30.993609],[78.184277,30.993857],[78.183921,30.994218],[78.183634,30.99498],[78.183682,30.995842],[78.183813,30.9971],[78.184013,30.998417],[78.183972,30.99903],[78.183663,30.999544],[78.183003,31.000667],[78.182004,31.005333],[78.181706,31.008868],[78.181125,31.011727],[78.181082,31.014633],[78.179672,31.017272],[78.177966,31.020118],[78.179808,31.019612],[78.181927,31.020246],[78.18528,31.021758],[78.186883,31.022513],[78.189247,31.023066],[78.191496,31.023175],[78.194584,31.022745],[78.197855,31.02156],[78.20209,31.019626],[78.205141,31.018438],[78.207491,31.018295],[78.209974,31.019081],[78.2122,31.020748],[78.215191,31.023561],[78.217505,31.025904],[78.219537,31.027442],[78.221486,31.028011],[78.223845,31.027278],[78.226565,31.025244],[78.22927,31.024283],[78.232088,31.023871],[78.233811,31.023173],[78.235216,31.022409],[78.236673,31.021456],[78.23785,31.021279]]]]}},{"type":"Feature","properties":{"OBJECTID":4511,"state_lgd":"05","state_name":"UTTARAKHAND","district_lgd":"056","district_name":"UTTARKASHI","district_name_source":"district_table","subdistrict_lgd":"00283","subdistrict_name":"BHATWARI","subdistrict_type":"","name_corrupted":false,"remarks":""},"geometry":{"type":"Polygon","coordinates":[[[79.116694,31.436381],[79.118889,31.436393],[79.120208,31.4364],[79.121381,31.436406],[79.122555,31.436412],[79.123176,31.436214],[79.126106,31.435279],[79.127423,31.434859],[79.127705,31.434679],[79.128481,31.434187],[79.132134,31.431868],[79.138017,31.42874],[79.138681,31.428349],[79.143567,31.425466],[79.147949,31.421469],[79.159081,31.409895],[79.166167,31.402033],[79.173746,31.395465],[79.177961,31.390424],[79.18178,31.385855],[79.182353,31.385169],[79.183459,31.38267],[79.186093,31.376715],[79.187799,31.373499],[79.188654,31.371888],[79.190501,31.368407],[79.192212,31.362814],[79.199283,31.35653],[79.205509,31.35139],[79.206476,31.350592],[79.208743,31.348722],[79.209858,31.347802],[79.211566,31.346392],[79.213402,31.345342],[79.218887,31.342202],[79.221893,31.340481],[79.225003,31.338701],[79.226879,31.337869],[79.227398,31.337638],[79.230463,31.336278],[79.232051,31.335574],[79.240437,31.332453],[79.24446,31.331323],[79.246475,31.330039],[79.246993,31.327457],[79.246505,31.3253],[79.242841,31.322554],[79.239357,31.317942],[79.239213,31.314207],[79.243428,31.308912],[79.251837,31.301769],[79.265773,31.293213],[79.271499,31.286775],[79.271856,31.283186],[79.269876,31.27858],[79.261046,31.272938],[79.254552,31.268456],[79.252393,31.266004],[79.251408,31.262983],[79.250267,31.258237],[79.250285,31.255364],[79.251154,31.249909],[79.250843,31.246173],[79.251044,31.245554],[79.251866,31.243017],[79.253713,31.241733],[79.257066,31.240168],[79.260918,31.23918],[79.266276,31.237911],[79.270291,31.237498],[79.272817,31.23682],[79.273975,31.236508],[79.279945,31.235012],[79.280171,31.234955],[79.282186,31.233722],[79.284365,31.232388],[79.286557,31.229237],[79.292623,31.221218],[79.293882,31.218869],[79.295158,31.216488],[79.297867,31.210466],[79.299901,31.205733],[79.30014,31.204449],[79.301453,31.197407],[79.303165,31.190374],[79.302364,31.184336],[79.302219,31.183251],[79.301403,31.177148],[79.300762,31.17226],[79.300953,31.167848],[79.300955,31.167807],[79.302585,31.165039],[79.303149,31.164081],[79.305714,31.160083],[79.307195,31.157776],[79.307647,31.155944],[79.308221,31.153613],[79.30834,31.153005],[79.309417,31.147487],[79.309426,31.14744],[79.312698,31.142048],[79.313934,31.140671],[79.317481,31.136721],[79.317983,31.136364],[79.32409,31.13203],[79.32459,31.131752],[79.330205,31.128635],[79.332525,31.127346],[79.335679,31.126557],[79.338269,31.125908],[79.33898,31.12573],[79.341846,31.125012],[79.342411,31.12487],[79.343046,31.124651],[79.345186,31.123913],[79.346721,31.123384],[79.352572,31.121366],[79.354133,31.120828],[79.364687,31.117373],[79.367097,31.116583],[79.370387,31.115506],[79.375028,31.113987],[79.379769,31.112434],[79.392941,31.110281],[79.397241,31.108451],[79.398803,31.107786],[79.402121,31.102136],[79.403119,31.094222],[79.403959,31.087558],[79.403959,31.087556],[79.404023,31.087044],[79.406247,31.080761],[79.407727,31.076991],[79.410529,31.075398],[79.410432,31.075322],[79.409218,31.073533],[79.407374,31.071329],[79.40654,31.070608],[79.405237,31.070126],[79.403934,31.069644],[79.401276,31.068661],[79.399474,31.068332],[79.397633,31.068362],[79.395885,31.068863],[79.394399,31.06929],[79.392521,31.069508],[79.391537,31.069522],[79.390973,31.06924],[79.389232,31.068369],[79.387165,31.066995],[79.385711,31.065463],[79.384514,31.063774],[79.383959,31.062357],[79.383749,31.060872],[79.383915,31.058186],[79.383862,31.056955],[79.382832,31.055361],[79.38112,31.054287],[79.380104,31.05365],[79.378068,31.053712],[79.376032,31.053774],[79.375451,31.053726],[79.375123,31.053311],[79.373991,31.051877],[79.372656,31.05058],[79.371567,31.049122],[79.370072,31.047119],[79.367687,31.044574],[79.365692,31.041792],[79.363897,31.03891],[79.363205,31.037593],[79.362359,31.036782],[79.360274,31.035843],[79.35868,31.034919],[79.357085,31.033994],[79.355491,31.03307],[79.353896,31.032146],[79.352177,31.031406],[79.350083,31.031019],[79.347489,31.030843],[79.344896,31.030667],[79.342845,31.030365],[79.340885,31.029764],[79.338521,31.02904],[79.337118,31.028378],[79.335117,31.027433],[79.333329,31.026887],[79.331455,31.026626],[79.329647,31.02613],[79.328274,31.025974],[79.326075,31.025393],[79.324526,31.02517],[79.322107,31.024822],[79.320255,31.024269],[79.319219,31.023696],[79.317342,31.022026],[79.315131,31.020058],[79.313264,31.018397],[79.312225,31.017021],[79.311741,31.015872],[79.310619,31.015493],[79.308311,31.014713],[79.306659,31.013748],[79.306184,31.012844],[79.306016,31.01105],[79.306556,31.008881],[79.30727,31.00601],[79.308135,31.004791],[79.309791,31.003766],[79.313192,31.00166],[79.314952,31.001401],[79.316653,31.000933],[79.320628,31.000598],[79.322963,31.000401],[79.32424,31.000131],[79.324856,30.999826],[79.324993,30.999734],[79.325086,30.999708],[79.325216,30.999686],[79.325476,30.999649],[79.325849,30.999658],[79.326364,30.999641],[79.326819,30.999598],[79.327304,30.999543],[79.327671,30.999483],[79.328544,30.999189],[79.329609,30.998707],[79.330264,30.998278],[79.330479,30.997998],[79.330742,30.997249],[79.331144,30.996674],[79.331451,30.996147],[79.331599,30.995702],[79.331703,30.995296],[79.331705,30.99486],[79.331505,30.994365],[79.330488,30.993373],[79.329369,30.992342],[79.328587,30.991438],[79.327818,30.990117],[79.327428,30.989457],[79.32704,30.988525],[79.326798,30.987449],[79.326489,30.986566],[79.326221,30.986071],[79.32546,30.985429],[79.324485,30.984843],[79.323724,30.98424],[79.323333,30.98386],[79.323233,30.983627],[79.323234,30.983404],[79.323462,30.98297],[79.324063,30.981887],[79.325195,30.980526],[79.327029,30.978228],[79.328038,30.976856],[79.328571,30.975958],[79.329276,30.974575],[79.329914,30.973009],[79.330281,30.971751],[79.330465,30.970948],[79.330524,30.970473],[79.330381,30.969911],[79.329925,30.969037],[79.329108,30.968365],[79.327452,30.966973],[79.326567,30.966243],[79.325272,30.964707],[79.324334,30.96355],[79.32258,30.961567],[79.321842,30.960886],[79.320699,30.960222],[79.318221,30.959107],[79.31729,30.958823],[79.315514,30.958835],[79.314287,30.959043],[79.312507,30.959684],[79.311323,30.960367],[79.310047,30.961476],[79.308411,30.962525],[79.30699,30.963236],[79.304849,30.964069],[79.303812,30.964569],[79.302843,30.964991],[79.302391,30.965425],[79.302106,30.96614],[79.302046,30.966809],[79.301908,30.967331],[79.30159,30.967834],[79.301139,30.968113],[79.300453,30.968197],[79.299059,30.968123],[79.296563,30.968248],[79.294325,30.968287],[79.29201,30.968131],[79.290393,30.967834],[79.2888,30.967304],[79.287397,30.966833],[79.28613,30.966381],[79.2853,30.966058],[79.284136,30.965162],[79.283949,30.964454],[79.283663,30.963426],[79.282847,30.96255],[79.281907,30.96181],[79.280807,30.961563],[79.279099,30.9614],[79.277851,30.961405],[79.276885,30.961323],[79.275651,30.960969],[79.274439,30.960527],[79.272902,30.960094],[79.271038,30.959718],[79.269356,30.9591],[79.268123,30.958397],[79.26744,30.957919],[79.266345,30.956878],[79.265384,30.955953],[79.264724,30.955475],[79.263513,30.954879],[79.263957,30.954058],[79.264762,30.952821],[79.264991,30.952163],[79.265042,30.951079],[79.265196,30.949791],[79.266111,30.949059],[79.266518,30.948712],[79.266904,30.948074],[79.266939,30.946069],[79.267726,30.945966],[79.269637,30.945974],[79.271749,30.9461],[79.27248,30.946103],[79.272998,30.94597],[79.273753,30.945508],[79.274342,30.944755],[79.274592,30.94434],[79.277799,30.941903],[79.280486,30.939822],[79.281751,30.938723],[79.282816,30.937352],[79.283969,30.936205],[79.284458,30.935296],[79.284689,30.934173],[79.284496,30.9327],[79.284055,30.931167],[79.28301,30.929235],[79.282254,30.927914],[79.281632,30.926584],[79.281177,30.925661],[79.280981,30.924517],[79.280899,30.923306],[79.281039,30.922338],[79.281236,30.921379],[79.281944,30.919493],[79.283241,30.916815],[79.28356,30.916051],[79.283766,30.915364],[79.283816,30.914522],[79.283607,30.913755],[79.283082,30.913162],[79.281659,30.912477],[79.277935,30.911492],[79.276588,30.911137],[79.273975,30.910312],[79.272731,30.909754],[79.271221,30.908566],[79.270562,30.90801],[79.270161,30.907379],[79.269995,30.906903],[79.270077,30.90638],[79.270661,30.904503],[79.270857,30.903642],[79.271021,30.902625],[79.271039,30.901482],[79.270912,30.900116],[79.270739,30.89901],[79.270566,30.897876],[79.270393,30.896761],[79.270419,30.896248],[79.270934,30.894632],[79.271504,30.893181],[79.271543,30.892445],[79.27184,30.891545],[79.27318,30.8891],[79.274053,30.887776],[79.275439,30.885195],[79.27712,30.882209],[79.278153,30.880401],[79.279963,30.878268],[79.280721,30.877341],[79.280892,30.877013],[79.280928,30.876577],[79.280751,30.87614],[79.279485,30.875534],[79.276871,30.874882],[79.276154,30.874647],[79.275223,30.874371],[79.274326,30.874019],[79.273756,30.873599],[79.273356,30.872929],[79.272769,30.871434],[79.271955,30.870539],[79.270285,30.869795],[79.268041,30.869398],[79.266434,30.869458],[79.264962,30.869607],[79.263445,30.869774],[79.261905,30.869922],[79.260556,30.870071],[79.259882,30.87],[79.259479,30.869805],[79.259022,30.869299],[79.258644,30.868541],[79.258525,30.867853],[79.258602,30.866322],[79.258385,30.864984],[79.258146,30.863733],[79.257556,30.862878],[79.256484,30.861875],[79.255646,30.861096],[79.255156,30.860415],[79.255,30.860105],[79.255032,30.858661],[79.254991,30.856161],[79.25397,30.854179],[79.253627,30.853267],[79.253241,30.852161],[79.25319,30.851288],[79.252447,30.849734],[79.251322,30.848247],[79.251518,30.847337],[79.251513,30.846348],[79.251502,30.844527],[79.251506,30.843887],[79.25133,30.843324],[79.250927,30.843012],[79.25003,30.842776],[79.249044,30.842548],[79.248511,30.842481],[79.248278,30.842461],[79.247412,30.842373],[79.246381,30.842251],[79.245827,30.842198],[79.244941,30.842345],[79.244015,30.8425],[79.243372,30.842623],[79.242885,30.842671],[79.24238,30.842602],[79.241962,30.84244],[79.241244,30.842151],[79.240546,30.841795],[79.239683,30.841288],[79.239131,30.84084],[79.237989,30.839861],[79.236894,30.839075],[79.236643,30.838822],[79.236595,30.838662],[79.236685,30.838242],[79.23699,30.837706],[79.237187,30.837296],[79.237376,30.836734],[79.237711,30.836106],[79.237995,30.835713],[79.238496,30.835027],[79.239015,30.834408],[79.239311,30.833855],[79.239607,30.833159],[79.239837,30.832144],[79.239919,30.831591],[79.239787,30.830775],[79.239637,30.829969],[79.239572,30.829498],[79.239555,30.828986],[79.239726,30.828206],[79.239867,30.827392],[79.240066,30.826671],[79.240275,30.825975],[79.240423,30.82564],[79.240768,30.824953],[79.240857,30.824701],[79.240693,30.824432],[79.240305,30.824186],[79.239888,30.824025],[79.239393,30.823863],[79.238519,30.82359],[79.237596,30.823351],[79.236207,30.82295],[79.234109,30.822386],[79.232769,30.821985],[79.231671,30.821703],[79.230555,30.821319],[79.229517,30.820811],[79.22818,30.819982],[79.227336,30.819574],[79.22648,30.819453],[79.226257,30.819393],[79.226209,30.819242],[79.226039,30.818536],[79.225819,30.817921],[79.225706,30.817224],[79.225742,30.816275],[79.225736,30.815646],[79.225507,30.814914],[79.225308,30.814082],[79.225263,30.813485],[79.225076,30.8123],[79.224866,30.811653],[79.224821,30.811073],[79.224871,30.810838],[79.225273,30.810387],[79.226359,30.809519],[79.22718,30.808918],[79.227572,30.808366],[79.228023,30.80783],[79.228726,30.807447],[79.229175,30.807281],[79.229828,30.807041],[79.230812,30.806735],[79.231621,30.806554],[79.232361,30.806432],[79.233023,30.806309],[79.233967,30.806246],[79.234756,30.806224],[79.235583,30.806195],[79.236099,30.806105],[79.236528,30.805922],[79.237016,30.805656],[79.237827,30.805105],[79.238609,30.804454],[79.239118,30.804041],[79.239748,30.803548],[79.2401,30.803302],[79.240194,30.803122],[79.240258,30.802887],[79.240231,30.802669],[79.240159,30.802509],[79.240058,30.802282],[79.240036,30.801958],[79.240097,30.80145],[79.240052,30.800896],[79.239894,30.800522],[79.239523,30.799966],[79.239133,30.799284],[79.238686,30.798375],[79.238599,30.798015],[79.238617,30.797812],[79.23866,30.797587],[79.238741,30.79739],[79.238876,30.79716],[79.239263,30.796692],[79.239695,30.796123],[79.239966,30.795616],[79.240149,30.795046],[79.240397,30.794291],[79.240516,30.793905],[79.240819,30.793697],[79.241356,30.793456],[79.242077,30.793174],[79.242964,30.792867],[79.243627,30.79266],[79.243891,30.792359],[79.244266,30.79163],[79.244848,30.790314],[79.245242,30.789451],[79.245403,30.78857],[79.245563,30.787933],[79.245687,30.786691],[79.245836,30.786221],[79.245839,30.785667],[79.24556,30.785187],[79.245387,30.784884],[79.245963,30.784492],[79.246881,30.783925],[79.247662,30.78345],[79.248588,30.782918],[79.249165,30.782517],[79.249909,30.782008],[79.250314,30.781895],[79.250651,30.781862],[79.252118,30.781811],[79.253264,30.781634],[79.254689,30.781142],[79.255703,30.780772],[79.258663,30.780076],[79.259322,30.77957],[79.260756,30.777677],[79.261744,30.776021],[79.261972,30.77513],[79.262268,30.773884],[79.26252,30.772609],[79.262401,30.772186],[79.261197,30.770914],[79.261,30.770424],[79.261069,30.77004],[79.261372,30.769571],[79.262065,30.768932],[79.26344,30.767499],[79.264414,30.766409],[79.264752,30.765566],[79.265457,30.764763],[79.267233,30.763198],[79.268192,30.762712],[79.269713,30.761952],[79.270661,30.761294],[79.271103,30.760854],[79.27129,30.760159],[79.271383,30.759608],[79.271801,30.758401],[79.272237,30.758],[79.27266,30.757848],[79.273649,30.757843],[79.274583,30.75777],[79.275605,30.757698],[79.276606,30.75753],[79.277608,30.757237],[79.278766,30.756877],[79.280158,30.756241],[79.281686,30.755307],[79.282635,30.754601],[79.283628,30.753809],[79.28528,30.752597],[79.28659,30.751821],[79.287354,30.751345],[79.288458,30.750611],[79.289092,30.750113],[79.289184,30.750063],[79.289319,30.750006],[79.289456,30.749934],[79.28952,30.749888],[79.28956,30.749849],[79.289619,30.749745],[79.289642,30.749664],[79.289635,30.749569],[79.289403,30.749065],[79.288379,30.747912],[79.285204,30.744961],[79.282929,30.742414],[79.281946,30.741313],[79.280176,30.738385],[79.279757,30.737692],[79.279641,30.736916],[79.280033,30.735248],[79.280425,30.733579],[79.280396,30.732552],[79.279875,30.730611],[79.27919,30.729209],[79.278161,30.727974],[79.274733,30.724255],[79.274732,30.724254],[79.274725,30.724255],[79.273251,30.724447],[79.269964,30.724752],[79.267346,30.724552],[79.266335,30.723903],[79.265324,30.723253],[79.264314,30.722603],[79.262879,30.722183],[79.261377,30.722016],[79.258506,30.722523],[79.255835,30.722761],[79.255518,30.723089],[79.25496,30.723665],[79.254558,30.725022],[79.253478,30.727128],[79.253376,30.727833],[79.252763,30.728306],[79.251293,30.729443],[79.249341,30.730953],[79.248512,30.731459],[79.248506,30.731462],[79.248497,30.731466],[79.247926,30.731593],[79.247128,30.731932],[79.24619,30.732657],[79.245466,30.733382],[79.245091,30.733905],[79.244717,30.734428],[79.244366,30.733993],[79.243979,30.733706],[79.243307,30.733207],[79.242645,30.732873],[79.241667,30.732669],[79.240284,30.732697],[79.237978,30.732745],[79.235593,30.732898],[79.234714,30.733031],[79.233325,30.73324],[79.231682,30.733652],[79.230861,30.733858],[79.22949,30.734202],[79.228787,30.73447],[79.227479,30.734969],[79.226509,30.735436],[79.225513,30.735617],[79.224315,30.735835],[79.222939,30.736085],[79.221904,30.736272],[79.221031,30.736315],[79.219742,30.736377],[79.218015,30.736461],[79.216755,30.73643],[79.215518,30.736655],[79.214015,30.736929],[79.212543,30.737037],[79.210067,30.737219],[79.209483,30.737262],[79.208599,30.73747],[79.207715,30.737604],[79.207066,30.737394],[79.206456,30.73694],[79.206155,30.736587],[79.205591,30.735926],[79.204448,30.73483],[79.203634,30.734282],[79.202821,30.733735],[79.202136,30.73353],[79.200709,30.733102],[79.199469,30.732946],[79.199045,30.733543],[79.1982,30.734732],[79.197847,30.735291],[79.197737,30.735793],[79.197777,30.736182],[79.197981,30.738201],[79.198005,30.738875],[79.197904,30.739365],[79.197719,30.739652],[79.197334,30.739991],[79.196567,30.740459],[79.195614,30.74104],[79.195209,30.741196],[79.194533,30.741301],[79.193639,30.74144],[79.192839,30.741632],[79.192329,30.741889],[79.191818,30.742314],[79.19145,30.742902],[79.191179,30.743509],[79.190582,30.744136],[79.190286,30.744505],[79.189409,30.745215],[79.188448,30.746087],[79.187871,30.746417],[79.187293,30.746747],[79.186393,30.747414],[79.185275,30.748017],[79.184405,30.748671],[79.183828,30.749275],[79.183807,30.749337],[79.1838,30.74939],[79.183803,30.749537],[79.183774,30.749635],[79.183717,30.749719],[79.183595,30.749795],[79.18342,30.749861],[79.183045,30.750113],[79.18245,30.750362],[79.181578,30.750627],[79.180746,30.750816],[79.179616,30.751011],[79.177699,30.751245],[79.176959,30.751351],[79.17618,30.751557],[79.175265,30.751737],[79.174359,30.751993],[79.173734,30.752342],[79.173196,30.752751],[79.172462,30.753428],[79.172003,30.75382],[79.171563,30.754213],[79.170712,30.754888],[79.170301,30.755247],[79.16993,30.75554],[79.169549,30.755722],[79.169101,30.755812],[79.168391,30.755893],[79.167136,30.755987],[79.166056,30.756049],[79.164763,30.756017],[79.163624,30.756095],[79.162778,30.75615],[79.161941,30.756238],[79.161436,30.756193],[79.161009,30.756015],[79.160661,30.755794],[79.160119,30.755372],[79.159588,30.754848],[79.158989,30.754249],[79.158495,30.753911],[79.157904,30.753622],[79.156875,30.753381],[79.156011,30.753226],[79.155,30.753162],[79.153873,30.753047],[79.153261,30.752926],[79.152882,30.752857],[79.152328,30.752854],[79.15193,30.75281],[79.151503,30.752623],[79.150193,30.752188],[79.149069,30.751678],[79.148158,30.751195],[79.147656,30.75068],[79.147212,30.7503],[79.146879,30.749848],[79.146503,30.749355],[79.145261,30.748307],[79.144057,30.747653],[79.143271,30.747341],[79.142858,30.747457],[79.142506,30.747634],[79.141822,30.748207],[79.14061,30.749192],[79.139866,30.749843],[79.139386,30.750303],[79.138526,30.750978],[79.136895,30.751952],[79.135714,30.752593],[79.13499,30.753193],[79.134363,30.753828],[79.133795,30.754363],[79.133287,30.754696],[79.132865,30.755223],[79.132298,30.755699],[79.131913,30.756461],[79.131725,30.75693],[79.131615,30.757349],[79.131504,30.757996],[79.131178,30.758691],[79.131,30.759051],[79.130899,30.759588],[79.130816,30.760293],[79.130656,30.760981],[79.130592,30.761711],[79.130553,30.76308],[79.130479,30.763919],[79.130238,30.765085],[79.129833,30.765914],[79.129653,30.766552],[79.129258,30.767448],[79.128796,30.768076],[79.128541,30.768393],[79.128111,30.768727],[79.127349,30.769218],[79.126753,30.769559],[79.125953,30.76995],[79.125085,30.770298],[79.123807,30.77077],[79.123076,30.771035],[79.121593,30.771614],[79.120093,30.772051],[79.118474,30.772614],[79.118006,30.772762],[79.117499,30.772978],[79.117149,30.772993],[79.116517,30.772931],[79.115895,30.772869],[79.115419,30.772816],[79.114866,30.772628],[79.114352,30.772466],[79.113487,30.772377],[79.11264,30.772448],[79.111461,30.772735],[79.11001,30.77303],[79.10885,30.773351],[79.107632,30.773672],[79.106551,30.773876],[79.105848,30.774191],[79.104981,30.774497],[79.104337,30.774745],[79.103606,30.774926],[79.103158,30.774974],[79.102165,30.775078],[79.101485,30.775083],[79.100201,30.775092],[79.098693,30.775193],[79.097603,30.775212],[79.09626,30.775297],[79.095229,30.775392],[79.094197,30.775513],[79.093302,30.775583],[79.09226,30.775712],[79.09185,30.775844],[79.09104,30.776234],[79.090239,30.776733],[79.089035,30.777793],[79.088213,30.778444],[79.087801,30.77892],[79.087164,30.779605],[79.086692,30.780249],[79.085252,30.781618],[79.084232,30.782671],[79.083458,30.783422],[79.082831,30.784057],[79.08201,30.784623],[79.081022,30.785373],[79.080453,30.785933],[79.080248,30.786066],[79.079497,30.786339],[79.078444,30.786635],[79.077479,30.786932],[79.0766,30.787423],[79.075661,30.788131],[79.075218,30.788767],[79.074659,30.789427],[79.073993,30.790045],[79.072873,30.79139],[79.071861,30.792745],[79.071251,30.793632],[79.070602,30.794653],[79.069989,30.79585],[79.069419,30.796678],[79.069006,30.797247],[79.068448,30.797689],[79.067773,30.79818],[79.067256,30.798404],[79.066555,30.798492],[79.065796,30.798505],[79.064959,30.798525],[79.0638,30.798703],[79.062524,30.798889],[79.061511,30.79906],[79.060479,30.79928],[79.059378,30.799492],[79.058432,30.799789],[79.057389,30.800069],[79.056306,30.80044],[79.055301,30.800787],[79.054082,30.80125],[79.05337,30.801523],[79.052413,30.801988],[79.051561,30.802621],[79.050388,30.80337],[79.049655,30.803878],[79.048765,30.804385],[79.047828,30.804884],[79.046831,30.805449],[79.045845,30.805897],[79.044547,30.806334],[79.043943,30.806482],[79.04326,30.806713],[79.042336,30.806783],[79.041673,30.806855],[79.041147,30.806994],[79.04025,30.807233],[79.039344,30.807437],[79.038789,30.807451],[79.037885,30.807361],[79.037196,30.807215],[79.0364,30.806891],[79.035829,30.806568],[79.035317,30.806146],[79.035317,30.806145],[79.034961,30.806367],[79.034755,30.806495],[79.034548,30.806617],[79.034183,30.806831],[79.033803,30.807067],[79.033606,30.807189],[79.033136,30.807615],[79.032713,30.807984],[79.03242,30.80824],[79.032207,30.808471],[79.031989,30.808708],[79.031782,30.808832],[79.031588,30.808949],[79.030825,30.809465],[79.029848,30.809946],[79.02892,30.81052],[79.027794,30.811404],[79.027412,30.811712],[79.026745,30.812321],[79.02604,30.81298],[79.025266,30.813656],[79.024871,30.814292],[79.024407,30.815204],[79.023775,30.816384],[79.023446,30.817289],[79.023063,30.817757],[79.022064,30.818532],[79.021506,30.818982],[79.021044,30.819609],[79.020631,30.820102],[79.020365,30.820596],[79.020128,30.821014],[79.019775,30.821298],[79.019267,30.821563],[79.019033,30.821614],[79.01877,30.82167],[79.018882,30.822317],[79.019022,30.823015],[79.019211,30.823738],[79.019222,30.824762],[79.019174,30.825871],[79.019108,30.826785],[79.019092,30.827575],[79.019156,30.828016],[79.019184,30.828213],[79.019298,30.828634],[79.019866,30.829418],[79.020193,30.829835],[79.020289,30.829958],[79.020472,30.830236],[79.020576,30.830573],[79.02028,30.831108],[79.019778,30.831844],[79.019448,30.8329],[79.019269,30.833361],[79.019039,30.834132],[79.01874,30.835037],[79.018653,30.835407],[79.018498,30.83606],[79.018257,30.836982],[79.018292,30.837537],[79.018106,30.838896],[79.017992,30.839777],[79.01778,30.840607],[79.017697,30.841244],[79.017645,30.841965],[79.01761,30.842436],[79.017485,30.843494],[79.01729,30.844102],[79.017185,30.844432],[79.016909,30.844825],[79.016409,30.845326],[79.015626,30.845934],[79.014726,30.846416],[79.013458,30.846887],[79.01248,30.847418],[79.011824,30.847859],[79.011544,30.848079],[79.011335,30.848242],[79.010569,30.849035],[79.010047,30.849847],[79.009213,30.850614],[79.008924,30.850873],[79.008655,30.851115],[79.007842,30.851664],[79.007387,30.852056],[79.007058,30.852339],[79.006548,30.852882],[79.006315,30.853418],[79.006181,30.853728],[79.005931,30.854078],[79.00559,30.854555],[79.005066,30.855518],[79.004831,30.856078],[79.00456,30.856724],[79.004282,30.857184],[79.004126,30.857443],[79.003614,30.85812],[79.003017,30.858536],[79.002552,30.85873],[79.002441,30.858776],[79.001661,30.858906],[79.000668,30.859009],[79.000408,30.85903],[78.999723,30.859087],[78.998854,30.859202],[78.998537,30.859296],[78.997556,30.859773],[78.997352,30.859872],[78.996496,30.860375],[78.995997,30.860736],[78.995798,30.86088],[78.995179,30.861317],[78.994823,30.861495],[78.994471,30.861335],[78.993963,30.861031],[78.993154,30.860547],[78.991957,30.859804],[78.990652,30.858995],[78.990021,30.8588],[78.989528,30.858649],[78.987465,30.857845],[78.985283,30.857187],[78.983582,30.856962],[78.982168,30.856863],[78.981576,30.856672],[78.981345,30.856597],[78.980916,30.856267],[78.979446,30.855083],[78.978571,30.854405],[78.978079,30.854023],[78.977767,30.853874],[78.977362,30.85368],[78.976753,30.853526],[78.976081,30.853355],[78.974353,30.853164],[78.973332,30.853067],[78.972779,30.852986],[78.972116,30.852889],[78.971122,30.85268],[78.969642,30.852625],[78.96911,30.852781],[78.968736,30.852891],[78.96841,30.852987],[78.967764,30.853178],[78.966648,30.853567],[78.96561,30.853899],[78.964888,30.854098],[78.964311,30.854095],[78.963684,30.854],[78.962794,30.853882],[78.961588,30.853919],[78.960276,30.854205],[78.959305,30.854436],[78.9584,30.854543],[78.957497,30.854492],[78.956265,30.854495],[78.955152,30.8545],[78.953434,30.854749],[78.952829,30.855005],[78.952662,30.85506],[78.952225,30.855204],[78.951556,30.855313],[78.951215,30.855299],[78.950458,30.855023],[78.949478,30.854678],[78.948355,30.854287],[78.947311,30.853907],[78.946185,30.853775],[78.945518,30.853647],[78.945373,30.853838],[78.944839,30.854953],[78.944651,30.85544],[78.94429,30.856374],[78.943943,30.857345],[78.943779,30.857806],[78.943611,30.858323],[78.943228,30.859497],[78.942987,30.860366],[78.942768,30.861155],[78.942587,30.861848],[78.942429,30.862453],[78.942015,30.863377],[78.941312,30.864401],[78.940395,30.86592],[78.939969,30.866675],[78.939735,30.867391],[78.939619,30.867746],[78.939232,30.868501],[78.938779,30.868875],[78.938309,30.869263],[78.937555,30.870072],[78.936986,30.87069],[78.936259,30.871431],[78.935756,30.871992],[78.934874,30.87254],[78.934097,30.873021],[78.933254,30.873456],[78.931929,30.873674],[78.931458,30.873722],[78.930474,30.873823],[78.929228,30.87395],[78.928677,30.873953],[78.928324,30.873955],[78.927592,30.873792],[78.926925,30.873664],[78.925995,30.873646],[78.925853,30.873773],[78.925757,30.873859],[78.92571,30.87404],[78.925635,30.874333],[78.925561,30.875327],[78.925446,30.8764],[78.925394,30.876692],[78.925308,30.877167],[78.925252,30.877619],[78.925197,30.877924],[78.925139,30.878039],[78.925077,30.87816],[78.924788,30.878192],[78.923646,30.878276],[78.923373,30.878296],[78.9221,30.878468],[78.920527,30.878628],[78.919362,30.878462],[78.918949,30.878339],[78.91816,30.878103],[78.917273,30.877966],[78.916865,30.877903],[78.915793,30.877613],[78.914813,30.877324],[78.913104,30.876488],[78.911617,30.875777],[78.910874,30.875332],[78.910159,30.874751],[78.909236,30.873908],[78.908955,30.873692],[78.908377,30.873247],[78.907794,30.872588],[78.907379,30.872042],[78.907219,30.872346],[78.906651,30.872908],[78.905743,30.87332],[78.904997,30.873397],[78.904406,30.873458],[78.903332,30.873405],[78.90243,30.873218],[78.90128,30.872883],[78.900105,30.872344],[78.899708,30.872267],[78.899072,30.872145],[78.898777,30.872127],[78.898444,30.872107],[78.897907,30.872081],[78.897555,30.87192],[78.896942,30.871543],[78.896422,30.871133],[78.896096,30.871017],[78.895651,30.870969],[78.895309,30.871091],[78.894426,30.871673],[78.893423,30.872446],[78.892512,30.873231],[78.892141,30.873596],[78.891772,30.87396],[78.891568,30.874128],[78.891376,30.874285],[78.890848,30.874552],[78.890362,30.874798],[78.889258,30.875231],[78.888036,30.875607],[78.886788,30.875972],[78.885212,30.876402],[78.883739,30.877024],[78.883028,30.877392],[78.882462,30.877626],[78.88205,30.877615],[78.881899,30.877611],[78.880878,30.877513],[78.879623,30.8772],[78.8785,30.876864],[78.877716,30.876599],[78.876318,30.876194],[78.87518,30.87596],[78.874187,30.875716],[78.873311,30.875518],[78.872566,30.875309],[78.872306,30.875172],[78.87211,30.875069],[78.872107,30.875052],[78.872036,30.874537],[78.871615,30.873257],[78.870961,30.871829],[78.87021,30.870886],[78.870209,30.870886],[78.869731,30.870159],[78.869658,30.86997],[78.869348,30.869173],[78.868832,30.868277],[78.86854,30.867314],[78.868228,30.865583],[78.868196,30.864803],[78.86826,30.863594],[78.868266,30.862916],[78.86823,30.862588],[78.867697,30.862189],[78.86698,30.861721],[78.86617,30.861489],[78.865085,30.861278],[78.86438,30.861002],[78.86348,30.860623],[78.86308,30.860386],[78.862399,30.859983],[78.861355,30.859512],[78.860403,30.85911],[78.859515,30.858799],[78.859345,30.858624],[78.859138,30.858412],[78.858885,30.857449],[78.85858,30.856475],[78.858295,30.856168],[78.857771,30.855782],[78.857397,30.855506],[78.856758,30.855197],[78.855688,30.854794],[78.855274,30.854203],[78.854343,30.852988],[78.853746,30.852351],[78.853161,30.851872],[78.852789,30.851067],[78.852402,30.850255],[78.852005,30.849423],[78.851694,30.848889],[78.851516,30.848583],[78.851127,30.848117],[78.850606,30.847785],[78.850599,30.847782],[78.850019,30.847544],[78.849379,30.84737],[78.849464,30.846715],[78.850105,30.844041],[78.850217,30.843273],[78.850142,30.8429],[78.849963,30.842413],[78.849994,30.842199],[78.850033,30.841927],[78.850529,30.840744],[78.850745,30.840034],[78.850804,30.839333],[78.85062,30.837987],[78.850456,30.837398],[78.850328,30.837058],[78.850282,30.836888],[78.850239,30.83673],[78.85026,30.836605],[78.850281,30.836482],[78.850494,30.83611],[78.850819,30.835908],[78.851034,30.835775],[78.851771,30.835373],[78.85226,30.834981],[78.852538,30.834599],[78.852646,30.834249],[78.852637,30.833808],[78.852668,30.833334],[78.85274,30.832634],[78.853006,30.832184],[78.85335,30.831836],[78.854168,30.831254],[78.854551,30.830917],[78.854763,30.83058],[78.854979,30.829881],[78.854942,30.829489],[78.854896,30.82901],[78.854799,30.828347],[78.854736,30.827912],[78.854723,30.827686],[78.854702,30.827313],[78.854931,30.826727],[78.855501,30.825996],[78.855908,30.82566],[78.856543,30.825134],[78.856752,30.82503],[78.857148,30.824833],[78.857871,30.824589],[78.858855,30.824359],[78.859079,30.824202],[78.859492,30.823527],[78.859781,30.822059],[78.859846,30.821789],[78.860026,30.821044],[78.860198,30.819486],[78.860304,30.819063],[78.860442,30.818515],[78.860704,30.81816],[78.861238,30.817436],[78.861928,30.816446],[78.861975,30.816412],[78.862535,30.815998],[78.862239,30.815454],[78.861422,30.814555],[78.860202,30.81345],[78.859085,30.812414],[78.858448,30.811946],[78.857707,30.811376],[78.857264,30.811158],[78.857096,30.810886],[78.85701,30.810286],[78.856759,30.809177],[78.856488,30.808757],[78.856282,30.808617],[78.855798,30.808288],[78.854733,30.807365],[78.854188,30.806898],[78.854187,30.806898],[78.854183,30.806891],[78.854046,30.806671],[78.853998,30.806162],[78.854109,30.805507],[78.854292,30.804118],[78.854554,30.802764],[78.85458,30.802454],[78.854642,30.801714],[78.85468,30.801529],[78.854738,30.80124],[78.855153,30.80035],[78.855365,30.799626],[78.855491,30.799199],[78.855831,30.797868],[78.85602,30.797168],[78.85608,30.796445],[78.855958,30.795495],[78.855718,30.794476],[78.855553,30.793966],[78.85536,30.793676],[78.855024,30.793171],[78.854702,30.792615],[78.854574,30.792241],[78.854577,30.791914],[78.854266,30.791652],[78.853458,30.791205],[78.852716,30.790737],[78.852716,30.790736],[78.852432,30.79035],[78.852176,30.78967],[78.851985,30.789083],[78.851769,30.788424],[78.851611,30.787431],[78.851485,30.786636],[78.851336,30.785821],[78.851184,30.785264],[78.851121,30.785029],[78.850813,30.784303],[78.850763,30.784031],[78.850823,30.783297],[78.850871,30.783006],[78.850961,30.782462],[78.851072,30.781864],[78.85109,30.781514],[78.851104,30.781231],[78.850794,30.780833],[78.850301,30.780321],[78.849939,30.779832],[78.849807,30.779547],[78.849708,30.779333],[78.849607,30.778937],[78.849594,30.77875],[78.849584,30.778598],[78.849732,30.778181],[78.849911,30.777964],[78.850076,30.777765],[78.850566,30.77718],[78.850913,30.776471],[78.851102,30.775796],[78.851266,30.775207],[78.851456,30.774485],[78.851723,30.773899],[78.852135,30.773224],[78.852389,30.772672],[78.852496,30.772397],[78.852577,30.772187],[78.852609,30.771974],[78.852661,30.771634],[78.852626,30.771159],[78.852488,30.770469],[78.852425,30.770253],[78.852311,30.769868],[78.852329,30.769371],[78.852413,30.7691],[78.852504,30.768807],[78.852498,30.76869],[78.852482,30.768355],[78.852383,30.767721],[78.852353,30.767347],[78.852325,30.767009],[78.852423,30.76632],[78.852688,30.765926],[78.852841,30.765702],[78.85298,30.765499],[78.853141,30.765093],[78.853685,30.764294],[78.853859,30.763888],[78.853982,30.763392],[78.853979,30.762273],[78.853856,30.761469],[78.853757,30.760858],[78.853762,30.760361],[78.853818,30.759932],[78.854189,30.759415],[78.854535,30.758908],[78.854591,30.758524],[78.854541,30.758208],[78.854336,30.757788],[78.854182,30.757414],[78.854133,30.757018],[78.854164,30.756521],[78.854169,30.756012],[78.854164,30.7559],[78.854147,30.755571],[78.853955,30.755095],[78.853818,30.754393],[78.853834,30.754077],[78.853888,30.753887],[78.85401,30.753456],[78.854225,30.752847],[78.854465,30.752442],[78.854505,30.752318],[78.854545,30.752194],[78.854533,30.752024],[78.854522,30.751866],[78.85437,30.751368],[78.854161,30.751048],[78.853828,30.750539],[78.853233,30.749845],[78.852859,30.74935],[78.851565,30.746752],[78.850078,30.743973],[78.849305,30.742543],[78.848867,30.742016],[78.848507,30.739265],[78.848293,30.738123],[78.847871,30.737709],[78.846252,30.737424],[78.845245,30.737298],[78.844106,30.737239],[78.842738,30.737252],[78.841146,30.73772],[78.839579,30.738049],[78.837481,30.737877],[78.835617,30.73739],[78.834505,30.736974],[78.832986,30.735991],[78.831692,30.733794],[78.830768,30.732612],[78.829892,30.731899],[78.827663,30.731159],[78.826222,30.730256],[78.823779,30.729299],[78.822052,30.728897],[78.820778,30.728554],[78.819154,30.728296],[78.815908,30.72631],[78.814703,30.725741],[78.811644,30.725082],[78.811101,30.724657],[78.81044,30.722231],[78.809898,30.721518],[78.80896,30.720337],[78.808927,30.720295],[78.808135,30.718996],[78.806755,30.721886],[78.805088,30.724239],[78.80491,30.72428],[78.804759,30.724135],[78.804498,30.723824],[78.804347,30.723441],[78.804248,30.723184],[78.803966,30.722981],[78.803439,30.722827],[78.800365,30.722536],[78.796178,30.722349],[78.794617,30.722362],[78.792309,30.722703],[78.788854,30.722814],[78.785654,30.722699],[78.78331,30.722625],[78.781044,30.722366],[78.778654,30.722062],[78.775982,30.72105],[78.774532,30.72021],[78.774135,30.720178],[78.773853,30.720237],[78.772203,30.72065],[78.771112,30.721006],[78.770751,30.721032],[78.77025,30.720964],[78.768064,30.720209],[78.763696,30.719209],[78.760674,30.718372],[78.759114,30.717879],[78.758467,30.717491],[78.757659,30.717021],[78.757064,30.716434],[78.756512,30.715459],[78.756586,30.714977],[78.756963,30.71403],[78.757099,30.713656],[78.757052,30.713345],[78.75686,30.712848],[78.756244,30.71241],[78.754924,30.71203],[78.75434,30.711926],[78.753828,30.711745],[78.752671,30.710914],[78.752238,30.710576],[78.751904,30.710417],[78.751184,30.71043],[78.750583,30.710484],[78.749591,30.710623],[78.749228,30.710912],[78.74858,30.711344],[78.748136,30.71165],[78.747956,30.711812],[78.747722,30.712022],[78.74707,30.712678],[78.745002,30.713884],[78.741282,30.715594],[78.740046,30.716391],[78.739329,30.717111],[78.738858,30.717811],[78.738118,30.718939],[78.737602,30.71997],[78.736479,30.721621],[78.735626,30.722278],[78.734369,30.722881],[78.732773,30.723679],[78.731536,30.724517],[78.730728,30.725275],[78.730439,30.726188],[78.73026,30.726985],[78.729744,30.727666],[78.728644,30.728909],[78.727609,30.730096],[78.726205,30.731139],[78.724428,30.73188],[78.722406,30.732833],[78.720924,30.733651],[78.720251,30.733769],[78.719374,30.73369],[78.718564,30.733321],[78.718055,30.733044],[78.717312,30.731996],[78.716952,30.731471],[78.716928,30.731024],[78.716971,30.730305],[78.716905,30.729295],[78.7165,30.72879],[78.715418,30.727697],[78.714091,30.7263],[78.713148,30.725464],[78.711302,30.724572],[78.709346,30.723874],[78.708516,30.723291],[78.708184,30.722833],[78.707982,30.722076],[78.707645,30.721201],[78.706631,30.720523],[78.705305,30.720057],[78.703843,30.71928],[78.703101,30.718563],[78.701886,30.717202],[78.70111,30.716181],[78.700165,30.715521],[78.699332,30.71521],[78.697333,30.715347],[78.695242,30.715251],[78.693016,30.714785],[78.690747,30.714534],[78.689272,30.714097],[78.687654,30.71369],[78.685475,30.713828],[78.682935,30.713557],[78.681024,30.712858],[78.679359,30.711752],[78.677571,30.711577],[78.673953,30.710879],[78.671166,30.710607],[78.667287,30.709589],[78.664995,30.709006],[78.662432,30.708017],[78.661106,30.707336],[78.660657,30.706773],[78.660184,30.705413],[78.659127,30.70386],[78.65879,30.702843],[78.658654,30.701715],[78.658316,30.700024],[78.657799,30.698315],[78.657326,30.697208],[78.657102,30.695907],[78.657686,30.694759],[78.658606,30.693128],[78.658538,30.692389],[78.658225,30.691593],[78.657303,30.690348],[78.656277,30.689679],[78.655917,30.689561],[78.655448,30.689388],[78.65484,30.689388],[78.653605,30.689465],[78.652032,30.689348],[78.650526,30.689096],[78.648909,30.688632],[78.647019,30.688204],[78.644647,30.687564],[78.643614,30.687212],[78.641975,30.68661],[78.640739,30.685931],[78.639953,30.6856],[78.639189,30.685368],[78.638312,30.68496],[78.637391,30.684572],[78.63683,30.684493],[78.636154,30.684493],[78.635841,30.684863],[78.635458,30.685427],[78.634761,30.68632],[78.633892,30.687193],[78.632298,30.688397],[78.630725,30.689331],[78.629378,30.689777],[78.627894,30.690282],[78.627129,30.690244],[78.626433,30.689854],[78.624974,30.689193],[78.624118,30.688688],[78.623309,30.688571],[78.622524,30.688864],[78.622007,30.689504],[78.621827,30.690088],[78.621467,30.69067],[78.620883,30.691196],[78.620165,30.691099],[78.619706,30.690611],[78.618717,30.689836],[78.617551,30.689369],[78.616022,30.688961],[78.614628,30.688611],[78.613459,30.688164],[78.612966,30.687813],[78.612786,30.687114],[78.612202,30.68657],[78.611325,30.6862],[78.610336,30.686103],[78.609282,30.686083],[78.608406,30.686258],[78.606775,30.687735],[78.605942,30.688513],[78.604549,30.689523],[78.603583,30.690339],[78.602662,30.691155],[78.601584,30.691561],[78.600887,30.691602],[78.599337,30.691561],[78.597336,30.69166],[78.596154,30.691522],[78.594155,30.69075],[78.59337,30.690166],[78.592854,30.689758],[78.592426,30.689485],[78.591753,30.689349],[78.5911,30.689272],[78.590023,30.688902],[78.588966,30.688221],[78.587887,30.687269],[78.586653,30.685636],[78.585845,30.684082],[78.58553,30.682486],[78.585238,30.681728],[78.585037,30.68095],[78.584208,30.680133],[78.582943,30.679479],[78.580329,30.678734],[78.578041,30.678431],[78.575641,30.677778],[78.574402,30.677288],[78.572652,30.676843],[78.571629,30.676773],[78.570578,30.67689],[78.569743,30.677169],[78.568493,30.677288],[78.56682,30.677218],[78.565555,30.677007],[78.564397,30.676844],[78.56332,30.67647],[78.562404,30.676005],[78.561434,30.67584],[78.560463,30.675956],[78.558981,30.676422],[78.55758,30.676724],[78.556421,30.677095],[78.55556,30.677212],[78.554564,30.677212],[78.553674,30.676909],[78.552428,30.676263],[78.551215,30.675656],[78.550219,30.675283],[78.548333,30.675142],[78.546285,30.675024],[78.544777,30.674883],[78.544211,30.67486],[78.543538,30.67458],[78.543296,30.674161],[78.543241,30.673532],[78.543269,30.672179],[78.543299,30.670221],[78.542922,30.668473],[78.542519,30.667005],[78.541605,30.664871],[78.54061,30.663308],[78.5387,30.66093],[78.53625,30.658482],[78.534447,30.657014],[78.533073,30.655663],[78.53178,30.655078],[78.53038,30.654635],[78.52863,30.654519],[78.526553,30.654959],[78.525476,30.655168],[78.524667,30.655167],[78.523509,30.655072],[78.52219,30.654629],[78.520735,30.653953],[78.519309,30.653463],[78.518015,30.653205],[78.516857,30.653226],[78.515644,30.653505],[78.51443,30.654088],[78.513596,30.654225],[78.512276,30.654176],[78.51117,30.65413],[78.510416,30.654314],[78.509419,30.654873],[78.50826,30.655781],[78.506858,30.65699],[78.505725,30.657548],[78.504511,30.658014],[78.503919,30.658316],[78.503002,30.659316],[78.501707,30.660364],[78.500736,30.661084],[78.499846,30.661573],[78.499487,30.661699],[78.499253,30.661782],[78.497851,30.661979],[78.49631,30.663283],[78.495288,30.665302],[78.493814,30.665897],[78.491818,30.666031],[78.488883,30.666156],[78.487643,30.666854],[78.487043,30.667913],[78.487198,30.669639],[78.486765,30.67146],[78.485926,30.672822],[78.484865,30.673268],[78.483102,30.673505],[78.480512,30.674216],[78.479801,30.674818],[78.478635,30.676531],[78.477915,30.677792],[78.476433,30.679046],[78.475015,30.679895],[78.474158,30.680394],[78.473649,30.6812],[78.472869,30.682537],[78.472097,30.683341],[78.471208,30.684017],[78.469232,30.684911],[78.468083,30.685255],[78.467058,30.68517],[78.464175,30.683495],[78.462022,30.68208],[78.460912,30.681664],[78.459829,30.681552],[78.458566,30.681642],[78.457215,30.681781],[78.456335,30.681798],[78.454604,30.681782],[78.452317,30.681734],[78.450526,30.68187],[78.448316,30.682609],[78.446781,30.683406],[78.444997,30.68524],[78.443526,30.687888],[78.443014,30.688948],[78.442509,30.68945],[78.441062,30.690171],[78.438475,30.690628],[78.434398,30.690589],[78.43328,30.690832],[78.43107,30.691622],[78.428884,30.692767],[78.427351,30.693335],[78.426939,30.693407],[78.426206,30.693375],[78.424978,30.69311],[78.424392,30.693028],[78.424067,30.693202],[78.423469,30.694058],[78.42227,30.69605],[78.421954,30.697796],[78.421908,30.699063],[78.421222,30.699918],[78.420247,30.700492],[78.418508,30.701084],[78.417472,30.701809],[78.416283,30.702963],[78.414893,30.703837],[78.412903,30.704604],[78.411641,30.704655],[78.410274,30.704844],[78.409356,30.705469],[78.407901,30.706824],[78.406729,30.708955],[78.404398,30.708843],[78.402759,30.708472],[78.401189,30.707417],[78.399908,30.70667],[78.395694,30.708048],[78.393598,30.709016],[78.390509,30.709695],[78.388381,30.710815],[78.386887,30.708443],[78.385674,30.70696],[78.383141,30.70549],[78.381355,30.705219],[78.377859,30.705565],[78.374945,30.706296],[78.373261,30.707167],[78.370029,30.70972],[78.36788,30.710231],[78.363438,30.713254],[78.358432,30.716778],[78.356676,30.718424],[78.356464,30.718603],[78.356104,30.719103],[78.356913,30.719487],[78.35755,30.719541],[78.358949,30.719582],[78.359836,30.719672],[78.360196,30.719762],[78.360562,30.719834],[78.360943,30.72011],[78.361173,30.720497],[78.361663,30.721544],[78.362023,30.722329],[78.362002,30.722622],[78.362054,30.723073],[78.362096,30.723767],[78.361845,30.724466],[78.361485,30.725201],[78.361271,30.725364],[78.360869,30.726135],[78.360263,30.72728],[78.360075,30.727867],[78.359501,30.728566],[78.359057,30.729116],[78.358671,30.729901],[78.358399,30.730234],[78.357757,30.730906],[78.357141,30.731199],[78.356196,30.731289],[78.355522,30.731488],[78.35428,30.731699],[78.353439,30.731983],[78.353016,30.732258],[78.35229,30.732502],[78.351251,30.733237],[78.350912,30.733661],[78.350781,30.734035],[78.350734,30.734626],[78.35087,30.734982],[78.351261,30.735695],[78.351814,30.73634],[78.35218,30.736683],[78.352352,30.737287],[78.352602,30.737819],[78.352756,30.738006],[78.35291,30.738194],[78.353124,30.738572],[78.3535,30.738915],[78.35433,30.739299],[78.354884,30.739466],[78.355531,30.739466],[78.3561,30.739362],[78.356737,30.739146],[78.357239,30.738853],[78.357907,30.738641],[78.358298,30.738668],[78.358523,30.738727],[78.358747,30.738785],[78.35951,30.739069],[78.359651,30.73934],[78.359927,30.73989],[78.360486,30.740571],[78.361024,30.741167],[78.361238,30.741365],[78.361452,30.741564],[78.361911,30.741672],[78.36247,30.741429],[78.362982,30.741099],[78.363619,30.740684],[78.364412,30.739764],[78.364872,30.73916],[78.365634,30.738389],[78.366741,30.73797],[78.36742,30.73792],[78.36812,30.737911],[78.369237,30.738064],[78.369926,30.738254],[78.370626,30.73847],[78.371195,30.738493],[78.371686,30.738727],[78.372928,30.738858],[78.373565,30.738967],[78.374051,30.738845],[78.374416,30.738759],[78.375043,30.738714],[78.375659,30.738597],[78.376306,30.738398],[78.37792,30.738245],[78.379319,30.738132],[78.379836,30.738258],[78.381705,30.738497],[78.382608,30.738335],[78.383318,30.738258],[78.383778,30.738127],[78.384394,30.73792],[78.385605,30.737523],[78.386023,30.737302],[78.386519,30.737185],[78.387626,30.736819],[78.388174,30.73649],[78.388764,30.736197],[78.389729,30.735317],[78.390048,30.73469],[78.390262,30.734406],[78.390925,30.733878],[78.391369,30.733702],[78.391797,30.733761],[78.392126,30.733923],[78.392423,30.73432],[78.393045,30.734911],[78.393504,30.735529],[78.393865,30.73597],[78.394141,30.736376],[78.394805,30.737116],[78.395416,30.737499],[78.396063,30.737576],[78.396434,30.737521],[78.396904,30.7374],[78.397321,30.737147],[78.397749,30.736831],[78.398021,30.736502],[78.398042,30.736281],[78.398402,30.736028],[78.398652,30.735663],[78.399607,30.734675],[78.399665,30.734481],[78.400124,30.734229],[78.400469,30.733917],[78.400824,30.733556],[78.401909,30.732032],[78.402139,30.731441],[78.402353,30.731175],[78.402635,30.730778],[78.402645,30.730791],[78.403271,30.730119],[78.404044,30.729605],[78.404644,30.729528],[78.405234,30.729496],[78.406403,30.729595],[78.406722,30.729857],[78.40707,30.730251],[78.40714,30.73033],[78.407333,30.730628],[78.408012,30.731728],[78.408226,30.732301],[78.408294,30.732752],[78.408655,30.733974],[78.408619,30.734172],[78.40876,30.734439],[78.408807,30.734777],[78.409141,30.735426],[78.409533,30.736152],[78.40962,30.73621],[78.409341,30.736606],[78.408996,30.737095],[78.40882,30.737376],[78.408565,30.737784],[78.408526,30.737853],[78.407865,30.739881],[78.407283,30.7417],[78.406444,30.74301],[78.406237,30.74317],[78.405436,30.743786],[78.404312,30.74446],[78.402328,30.745834],[78.401467,30.746561],[78.400897,30.747499],[78.400613,30.747967],[78.400477,30.748199],[78.400293,30.748806],[78.400168,30.749362],[78.400044,30.749919],[78.399069,30.751144],[78.398605,30.753084],[78.397871,30.755057],[78.396872,30.755838],[78.396745,30.756186],[78.396433,30.757032],[78.396259,30.757729],[78.396612,30.758168],[78.39673,30.758626],[78.396788,30.758948],[78.396565,30.7596],[78.39631,30.760329],[78.396299,30.760357],[78.396058,30.760956],[78.396155,30.761786],[78.396629,30.762261],[78.396971,30.762488],[78.39703,30.76325],[78.396834,30.763539],[78.396718,30.763963],[78.396718,30.764216],[78.396915,30.764894],[78.396916,30.76542],[78.396652,30.765666],[78.396144,30.766041],[78.395674,30.766447],[78.395536,30.766889],[78.395419,30.767244],[78.395168,30.768414],[78.394892,30.768737],[78.394148,30.769482],[78.393217,30.770288],[78.392693,30.770034],[78.392608,30.769993],[78.392466,30.770411],[78.391769,30.772427],[78.391399,30.774764],[78.391636,30.776619],[78.392199,30.778836],[78.392575,30.780955],[78.393231,30.78292],[78.393185,30.783647],[78.392813,30.784332],[78.392161,30.78526],[78.392257,30.786913],[78.392819,30.788847],[78.393383,30.790136],[78.393011,30.790982],[78.392403,30.791668],[78.39096,30.792757],[78.39033,30.793181],[78.3897,30.793606],[78.388722,30.794735],[78.388255,30.795583],[78.38896,30.796647],[78.390119,30.798014],[78.390624,30.798614],[78.391787,30.799462],[78.3926,30.799869],[78.393685,30.800553],[78.394581,30.800711],[78.397519,30.801258],[78.398844,30.801558],[78.400756,30.801703],[78.403373,30.802773],[78.405818,30.804249],[78.408435,30.805617],[78.409338,30.80643],[78.410882,30.806723],[78.411439,30.806935],[78.41183,30.80971],[78.411404,30.810933],[78.410591,30.812045],[78.410592,30.81286],[78.411022,30.814007],[78.411539,30.815143],[78.412056,30.81666],[78.412144,30.817697],[78.410943,30.818366],[78.409144,30.818702],[78.407495,30.818734],[78.405225,30.820812],[78.403918,30.822077],[78.403319,30.822817],[78.403192,30.823744],[78.403111,30.826946],[78.402428,30.829836],[78.402432,30.831836],[78.401235,30.833391],[78.399351,30.835689],[78.397727,30.83963],[78.396958,30.841151],[78.395629,30.841966],[78.393701,30.842228],[78.390741,30.843081],[78.388769,30.843715],[78.38757,30.844345],[78.386884,30.845049],[78.38607,30.846272],[78.38453,30.847422],[78.382942,30.847868],[78.381786,30.84922],[78.381103,30.850666],[78.381747,30.851775],[78.382908,30.853884],[78.382952,30.855068],[78.38287,30.85629],[78.382872,30.858031],[78.382873,30.858958],[78.381418,30.861237],[78.381288,30.861607],[78.381718,30.862531],[78.382064,30.863344],[78.381851,30.864567],[78.381252,30.865828],[78.380351,30.866864],[78.379967,30.867184],[78.381943,30.868626],[78.384646,30.870733],[78.386836,30.872028],[78.388428,30.87358],[78.389873,30.875263],[78.391345,30.876887],[78.392097,30.877867],[78.393045,30.878808],[78.394108,30.879901],[78.394862,30.880574],[78.396,30.881261],[78.397298,30.881843],[78.398849,30.882236],[78.39966,30.882515],[78.400235,30.882897],[78.401771,30.883723],[78.403189,30.884152],[78.404741,30.884775],[78.406646,30.886058],[78.407887,30.886832],[78.409365,30.887175],[78.410191,30.887416],[78.410973,30.887645],[78.412464,30.887934],[78.413351,30.887984],[78.414853,30.887486],[78.415638,30.887472],[78.416463,30.887369],[78.417274,30.88724],[78.419574,30.886829],[78.421921,30.886381],[78.422658,30.886022],[78.424753,30.884898],[78.426874,30.884018],[78.428423,30.883479],[78.430516,30.882496],[78.432036,30.881743],[78.432507,30.882073],[78.434635,30.882972],[78.436037,30.883696],[78.437367,30.884497],[78.438888,30.885257],[78.440335,30.885866],[78.440999,30.885901],[78.441796,30.885544],[78.44259,30.885252],[78.444141,30.885464],[78.445721,30.885894],[78.447021,30.886478],[78.448336,30.887302],[78.449606,30.88824],[78.449978,30.888889],[78.450126,30.889563],[78.450322,30.890771],[78.450956,30.891483],[78.451577,30.891789],[78.452374,30.891837],[78.453995,30.891643],[78.454659,30.89177],[78.455518,30.892139],[78.457747,30.89296],[78.459417,30.89353],[78.460908,30.893605],[78.462026,30.893449],[78.463208,30.893371],[78.464139,30.893496],[78.464921,30.893418],[78.465747,30.893468],[78.467371,30.893375],[78.469112,30.893208],[78.469833,30.89304],[78.470496,30.892605],[78.471676,30.891789],[78.472443,30.891876],[78.473121,30.892308],[78.473773,30.892726],[78.474261,30.89326],[78.47534,30.894135],[78.476005,30.894592],[78.476699,30.894922],[78.478042,30.895747],[78.478634,30.896204],[78.479182,30.896699],[78.479568,30.897271],[78.480204,30.897727],[78.481002,30.897943],[78.481784,30.897991],[78.482639,30.898028],[78.48351,30.898127],[78.484279,30.898049],[78.485089,30.89778],[78.486091,30.896797],[78.486739,30.896606],[78.48767,30.896794],[78.488379,30.896896],[78.489221,30.897035],[78.489899,30.897096],[78.491523,30.897208],[78.492365,30.897358],[78.49371,30.897585],[78.495688,30.897938],[78.496469,30.897835],[78.497413,30.897578],[78.498241,30.897525],[78.498605,30.897673],[78.499501,30.898532],[78.50031,30.899434],[78.500625,30.900373],[78.501,30.902168],[78.501588,30.904216],[78.501845,30.905459],[78.502378,30.906124],[78.503444,30.906962],[78.505935,30.908256],[78.507456,30.9087],[78.508839,30.909008],[78.510025,30.91017],[78.511012,30.911806],[78.511504,30.913581],[78.5119,30.914535],[78.513122,30.916223],[78.514348,30.91665],[78.515298,30.916651],[78.515988,30.916651],[78.517689,30.916346],[78.520064,30.916143],[78.52111,30.916128],[78.521881,30.916604],[78.523146,30.917476],[78.524549,30.91855],[78.525556,30.918961],[78.52706,30.919064],[78.529095,30.91852],[78.530617,30.918401],[78.53131,30.918607],[78.532081,30.919408],[78.532789,30.920482],[78.534051,30.921626],[78.536304,30.92287],[78.537591,30.923196],[78.539252,30.923332],[78.541642,30.923692],[78.542157,30.924425],[78.542235,30.925176],[78.542155,30.926062],[78.542116,30.926658],[78.543066,30.92828],[78.543599,30.929288],[78.543755,30.930208],[78.544882,30.931692],[78.546147,30.932733],[78.547252,30.934037],[78.54749,30.93465],[78.547646,30.935913],[78.548178,30.937124],[78.549088,30.93825],[78.549281,30.93894],[78.549736,30.93952],[78.550308,30.940118],[78.551435,30.940648],[78.552186,30.941039],[78.553214,30.941159],[78.554679,30.94111],[78.556319,30.941041],[78.557941,30.941452],[78.557896,30.941333],[78.558707,30.941726],[78.559617,30.942578],[78.560386,30.943379],[78.56094,30.944063],[78.561196,30.944216],[78.561356,30.944198],[78.561947,30.943808],[78.562502,30.943297],[78.564064,30.942445],[78.564951,30.942921],[78.565701,30.94381],[78.56675,30.944458],[78.56754,30.944936],[78.567935,30.945004],[78.568411,30.945004],[78.568767,30.944817],[78.568885,30.944664],[78.568885,30.944355],[78.568885,30.943776],[78.568847,30.942788],[78.570864,30.942072],[78.57296,30.941373],[78.574462,30.940828],[78.574621,30.941153],[78.574799,30.941954],[78.574976,30.94325],[78.575292,30.944547],[78.575526,30.94733],[78.576041,30.948354],[78.576929,30.950041],[78.577089,30.951064],[78.577007,30.952014],[78.576967,30.952336],[78.57665,30.953207],[78.576532,30.953957],[78.576571,30.954605],[78.576827,30.955304],[78.578014,30.956925],[78.57825,30.957674],[78.57827,30.958136],[78.577618,30.95884],[78.574907,30.959571],[78.570992,30.961038],[78.569647,30.961463],[78.569625,30.963116],[78.569506,30.964641],[78.569961,30.965477],[78.57073,30.966262],[78.57164,30.967183],[78.572885,30.968069],[78.573024,30.968888],[78.573499,30.971265],[78.573932,30.973074],[78.574148,30.974898],[78.574265,30.976109],[78.574108,30.976517],[78.573574,30.97655],[78.572287,30.976261],[78.570785,30.976056],[78.569123,30.976141],[78.567322,30.976207],[78.566315,30.976342],[78.565982,30.976761],[78.565942,30.977409],[78.565547,30.978211],[78.565426,30.979285],[78.564574,30.981365],[78.56329,30.983926],[78.562876,30.984848],[78.562399,30.985682],[78.561885,30.986332],[78.561152,30.98703],[78.560084,30.988051],[78.559788,30.988513],[78.559627,30.989348],[78.55927,30.991093],[78.55917,30.9922],[78.559031,30.992899],[78.558714,30.99319],[78.558001,30.993699],[78.557389,30.994382],[78.556972,30.994977],[78.556932,30.995541],[78.55707,30.996461],[78.557386,30.997415],[78.557721,30.998215],[78.557762,30.998745],[78.557641,30.999767],[78.557322,31.000307],[78.55644,31.001051],[78.555293,31.001884],[78.554518,31.002584],[78.553636,31.00335],[78.554228,31.0047],[78.555366,31.006897],[78.556477,31.009117],[78.556891,31.009827],[78.557377,31.011221],[78.557813,31.012364],[78.558202,31.013028],[78.558696,31.013738],[78.559645,31.01402],[78.561127,31.01401],[78.562473,31.014204],[78.564294,31.014562],[78.565991,31.01534],[78.569028,31.016905],[78.570314,31.017781],[78.571014,31.018949],[78.571123,31.020955],[78.571391,31.022871],[78.572467,31.02591],[78.573335,31.028561],[78.574011,31.029592],[78.574745,31.030122],[78.576328,31.030455],[78.577686,31.030831],[78.578722,31.031649],[78.579596,31.032716],[78.580528,31.034432],[78.581394,31.037265],[78.581669,31.038634],[78.581763,31.03966],[78.581722,31.040912],[78.581336,31.042276],[78.581224,31.042799],[78.581398,31.043757],[78.582022,31.044697],[78.582584,31.045248],[78.582909,31.045752],[78.58319,31.046597],[78.583127,31.047508],[78.582746,31.048348],[78.58226,31.049186],[78.581053,31.050588],[78.578541,31.052731],[78.57747,31.053769],[78.576364,31.055605],[78.575567,31.058103],[78.575511,31.058422],[78.574386,31.059574],[78.572364,31.062723],[78.571692,31.063605],[78.570943,31.064305],[78.569636,31.065182],[78.568829,31.066291],[78.567346,31.068658],[78.566647,31.069563],[78.564073,31.072411],[78.563193,31.074066],[78.563208,31.075023],[78.563422,31.07712],[78.564409,31.078632],[78.564932,31.079206],[78.565213,31.080029],[78.565457,31.081808],[78.565571,31.083335],[78.565242,31.084357],[78.564961,31.085676],[78.564952,31.086473],[78.565438,31.087889],[78.566184,31.089741],[78.564858,31.089889],[78.563478,31.090241],[78.562066,31.09098],[78.561155,31.091929],[78.560245,31.092787],[78.559736,31.093329],[78.558884,31.093777],[78.558085,31.094112],[78.556895,31.094033],[78.555547,31.093884],[78.55388,31.093824],[78.552926,31.093929],[78.551861,31.094467],[78.550982,31.094937],[78.550107,31.095089],[78.549286,31.095104],[78.548834,31.095283],[78.548003,31.096164],[78.547224,31.097068],[78.546288,31.097925],[78.545459,31.098601],[78.545192,31.098826],[78.545795,31.09931],[78.546869,31.100208],[78.547729,31.101354],[78.548741,31.103026],[78.549434,31.104877],[78.550209,31.106433],[78.550666,31.108122],[78.550122,31.109348],[78.550087,31.110031],[78.550581,31.110787],[78.551523,31.111683],[78.552781,31.112719],[78.553851,31.114073],[78.554495,31.115581],[78.554503,31.117085],[78.554498,31.118634],[78.554535,31.118884],[78.554994,31.119173],[78.557008,31.120125],[78.559919,31.121346],[78.562023,31.122549],[78.563154,31.123162],[78.56356,31.123508],[78.563783,31.123726],[78.563737,31.124227],[78.563346,31.12485],[78.563101,31.125371],[78.563095,31.125906],[78.563624,31.127061],[78.564712,31.128005],[78.565658,31.128605],[78.566344,31.128793],[78.567178,31.128812],[78.568002,31.128512],[78.568878,31.128326],[78.569725,31.128356],[78.570847,31.128616],[78.572413,31.12937],[78.573336,31.130847],[78.573594,31.131419],[78.573465,31.13226],[78.572931,31.133804],[78.571162,31.13782],[78.57114,31.13971],[78.57155,31.14083],[78.571491,31.141376],[78.570596,31.14319],[78.569835,31.144846],[78.569581,31.146119],[78.570064,31.147854],[78.570556,31.148792],[78.570568,31.15],[78.570788,31.151619],[78.571355,31.152944],[78.572582,31.15439],[78.573528,31.155059],[78.574123,31.156202],[78.574355,31.156774],[78.575138,31.157714],[78.575897,31.158473],[78.576655,31.15939],[78.577384,31.160398],[78.578874,31.162097],[78.580149,31.164066],[78.580974,31.165918],[78.580992,31.166693],[78.58037,31.167803],[78.579876,31.169211],[78.579679,31.170279],[78.58004,31.171102],[78.582064,31.172395],[78.584008,31.17371],[78.585745,31.174659],[78.586578,31.174848],[78.587131,31.175081],[78.587551,31.175403],[78.58798,31.176101],[78.588209,31.176935],[78.588288,31.178085],[78.588676,31.178886],[78.588957,31.179776],[78.589137,31.180256],[78.590007,31.180628],[78.591407,31.18089],[78.592226,31.181125],[78.592537,31.181697],[78.592472,31.182699],[78.592801,31.184022],[78.593429,31.184734],[78.594351,31.185174],[78.59567,31.185618],[78.59667,31.186151],[78.597376,31.187022],[78.597609,31.187434],[78.598373,31.187805],[78.598741,31.188058],[78.598868,31.188515],[78.598968,31.189062],[78.599439,31.189545],[78.601469,31.190359],[78.60313,31.191056],[78.603972,31.191587],[78.604886,31.192665],[78.605511,31.19365],[78.606666,31.19457],[78.607693,31.195126],[78.608819,31.196228],[78.610053,31.19715],[78.611841,31.198349],[78.613232,31.199477],[78.614435,31.200853],[78.616373,31.202805],[78.617807,31.204844],[78.619376,31.206679],[78.620657,31.208124],[78.620963,31.209174],[78.620656,31.210538],[78.620749,31.2117],[78.621478,31.212799],[78.622678,31.214449],[78.622852,31.21552],[78.623837,31.217396],[78.624598,31.218063],[78.624916,31.218306],[78.625205,31.218527],[78.625287,31.218317],[78.625967,31.217867],[78.628014,31.217292],[78.629504,31.21669],[78.632243,31.215847],[78.636547,31.214836],[78.640049,31.214409],[78.642988,31.214593],[78.644628,31.214834],[78.645725,31.21506],[78.646241,31.21511],[78.646666,31.215011],[78.64704,31.214718],[78.647792,31.213779],[78.648585,31.212806],[78.649072,31.211899],[78.649117,31.21169],[78.649256,31.211048],[78.649292,31.21088],[78.649295,31.210865],[78.649179,31.209865],[78.649174,31.209828],[78.64938,31.208019],[78.649401,31.207248],[78.649402,31.207211],[78.649109,31.205028],[78.648868,31.204025],[78.648799,31.203307],[78.648797,31.203284],[78.648802,31.202851],[78.649074,31.20217],[78.650032,31.200573],[78.650609,31.199929],[78.651371,31.199366],[78.652317,31.198827],[78.654114,31.198056],[78.655008,31.197483],[78.656142,31.196706],[78.657298,31.195743],[78.657318,31.195725],[78.657008,31.195178],[78.656942,31.195062],[78.656677,31.19449],[78.656517,31.19389],[78.656511,31.193869],[78.656518,31.193798],[78.656541,31.193573],[78.657711,31.192552],[78.659365,31.191518],[78.659938,31.191227],[78.659997,31.191097],[78.660006,31.191079],[78.659841,31.19044],[78.659451,31.189742],[78.658948,31.18852],[78.65834,31.18716],[78.657976,31.186542],[78.657759,31.186079],[78.657757,31.186074],[78.657762,31.18555],[78.657819,31.185186],[78.658006,31.185039],[78.658416,31.185123],[78.659008,31.185458],[78.659571,31.186031],[78.660323,31.187495],[78.660909,31.188479],[78.661314,31.188904],[78.661721,31.189226],[78.662567,31.189449],[78.663889,31.189619],[78.663898,31.189621],[78.66533,31.189881],[78.666175,31.190139],[78.667347,31.190752],[78.66791,31.191292],[78.668092,31.191692],[78.668329,31.193026],[78.66865,31.193859],[78.669184,31.194695],[78.670193,31.195762],[78.670707,31.196207],[78.671268,31.196693],[78.671902,31.19688],[78.673229,31.196709],[78.674714,31.196515],[78.674953,31.196484],[78.677287,31.196241],[78.678823,31.196253],[78.68046,31.196722],[78.68145,31.19717],[78.6822,31.19751],[78.68239,31.197556],[78.683653,31.197863],[78.685243,31.197853],[78.686767,31.197763],[78.687777,31.197498],[78.689136,31.196712],[78.690536,31.195869],[78.691749,31.19515],[78.692646,31.19428],[78.693452,31.193285],[78.69412,31.192721],[78.695,31.19217],[78.696421,31.191794],[78.697562,31.191644],[78.698096,31.191563],[78.698636,31.191481],[78.699234,31.191349],[78.700111,31.191038],[78.700939,31.190429],[78.700976,31.190396],[78.701501,31.189921],[78.702088,31.189493],[78.702873,31.189135],[78.703365,31.189003],[78.704001,31.188962],[78.704008,31.188963],[78.705232,31.189074],[78.706449,31.18922],[78.708377,31.189668],[78.709702,31.189702],[78.711889,31.189514],[78.713828,31.188982],[78.71658,31.188002],[78.717603,31.18776],[78.718331,31.187765],[78.719203,31.187943],[78.72046,31.188078],[78.721784,31.188122],[78.722698,31.18813],[78.723465,31.188238],[78.724045,31.188527],[78.724623,31.188907],[78.725519,31.189358],[78.726067,31.189579],[78.726728,31.189698],[78.728384,31.189648],[78.730081,31.189468],[78.731207,31.189442],[78.73224,31.189428],[78.732624,31.189419],[78.733163,31.189201],[78.733835,31.188859],[78.734288,31.188686],[78.736163,31.188547],[78.737953,31.188333],[78.739662,31.188323],[78.740919,31.188401],[78.741911,31.188523],[78.743806,31.188446],[78.745306,31.188173],[78.746326,31.188147],[78.746975,31.188152],[78.747625,31.187997],[78.748033,31.187771],[78.748319,31.187707],[78.748394,31.187695],[78.748463,31.187685],[78.748658,31.187674],[78.748838,31.187791],[78.749482,31.187904],[78.75019,31.18795],[78.751262,31.18785],[78.752144,31.187789],[78.753042,31.187782],[78.754774,31.187728],[78.75641,31.187835],[78.757325,31.187673],[78.758043,31.187468],[78.759069,31.187205],[78.759559,31.187033],[78.760588,31.186527],[78.761473,31.186154],[78.762482,31.186047],[78.763481,31.186054],[78.764428,31.185845],[78.765177,31.185756],[78.767692,31.186113],[78.769468,31.186397],[78.769924,31.186495],[78.771243,31.186776],[78.772546,31.187138],[78.774085,31.187542],[78.775043,31.187738],[78.775877,31.187839],[78.776535,31.188101],[78.777406,31.188439],[78.777995,31.188586],[78.779157,31.188892],[78.780442,31.18943],[78.78157,31.19002],[78.783573,31.191213],[78.784905,31.191818],[78.785815,31.192177],[78.7866,31.192345],[78.787653,31.192569],[78.788609,31.192982],[78.789801,31.193451],[78.791762,31.194169],[78.792811,31.194759],[78.794018,31.195255],[78.795352,31.195739],[78.796746,31.196412],[78.797673,31.196635],[78.798585,31.196778],[78.799246,31.196796],[78.80008,31.196856],[78.800874,31.196909],[78.801457,31.19688],[78.801786,31.196994],[78.80213,31.19726],[78.802952,31.197706],[78.804137,31.198175],[78.804922,31.198397],[78.805409,31.198414],[78.806071,31.198365],[78.806654,31.198315],[78.807096,31.198196],[78.807443,31.198145],[78.807789,31.198174],[78.808213,31.198313],[78.808812,31.198277],[78.809914,31.198285],[78.810356,31.198152],[78.811431,31.197646],[78.812412,31.197166],[78.813363,31.196591],[78.814583,31.195733],[78.816041,31.194769],[78.816399,31.194375],[78.816407,31.194366],[78.816538,31.193839],[78.816642,31.192947],[78.816746,31.191959],[78.816929,31.190946],[78.817159,31.190367],[78.81717,31.190342],[78.817235,31.190176],[78.817374,31.189642],[78.817383,31.189609],[78.817244,31.18931],[78.816853,31.189064],[78.816304,31.188843],[78.815645,31.188649],[78.814831,31.188115],[78.814301,31.187543],[78.813806,31.18666],[78.813124,31.185626],[78.81164,31.1828],[78.810745,31.180967],[78.810469,31.180261],[78.810348,31.179664],[78.810273,31.179203],[78.81025,31.179058],[78.810245,31.179028],[78.810298,31.178259],[78.8103,31.178229],[78.810256,31.177992],[78.81021,31.177741],[78.810001,31.177354],[78.809867,31.176992],[78.809849,31.176944],[78.80984,31.17692],[78.809907,31.176521],[78.810203,31.176002],[78.810803,31.175052],[78.811203,31.174357],[78.811267,31.174244],[78.811258,31.1737],[78.811258,31.173648],[78.81098,31.17301],[78.810734,31.17238],[78.810709,31.172317],[78.810704,31.172304],[78.810724,31.171871],[78.811011,31.171481],[78.811663,31.170809],[78.812277,31.170001],[78.812797,31.169159],[78.813044,31.168883],[78.813816,31.168801],[78.814454,31.168711],[78.815148,31.16858],[78.81619,31.16829],[78.817563,31.167948],[78.818068,31.167776],[78.818845,31.167226],[78.820777,31.166029],[78.821689,31.16523],[78.822799,31.164453],[78.824286,31.163719],[78.82468,31.163668],[78.824867,31.163522],[78.824886,31.163507],[78.824832,31.163406],[78.824669,31.163099],[78.824204,31.162365],[78.823693,31.161482],[78.823418,31.161012],[78.823415,31.161006],[78.823419,31.160583],[78.82342,31.160451],[78.823443,31.159655],[78.823444,31.159612],[78.82323,31.158934],[78.822958,31.158157],[78.822955,31.158147],[78.822958,31.157741],[78.823078,31.157522],[78.823151,31.15739],[78.823615,31.156554],[78.82435,31.155436],[78.824937,31.154939],[78.825984,31.154121],[78.826729,31.153531],[78.826937,31.153277],[78.827048,31.153141],[78.827336,31.152615],[78.827635,31.151819],[78.827957,31.151131],[78.828078,31.15068],[78.828132,31.150483],[78.828234,31.150104],[78.828449,31.149009],[78.828714,31.147698],[78.828816,31.146859],[78.829015,31.145886],[78.829021,31.145196],[78.829167,31.144764],[78.829469,31.144468],[78.829503,31.144433],[78.83001,31.143904],[78.830078,31.143719],[78.830236,31.143296],[78.830241,31.142755],[78.830357,31.142187],[78.830598,31.14162],[78.830934,31.140982],[78.830967,31.140919],[78.831206,31.140596],[78.831791,31.140302],[78.832518,31.140023],[78.833829,31.139532],[78.835123,31.139121],[78.835725,31.138868],[78.836261,31.138642],[78.836777,31.138535],[78.837207,31.138446],[78.837238,31.138443],[78.8379,31.138396],[78.838136,31.138344],[78.838438,31.138008],[78.838552,31.137697],[78.838637,31.136953],[78.839126,31.135211],[78.839905,31.132712],[78.840688,31.130992],[78.841469,31.129711],[78.842625,31.12875],[78.843555,31.127893],[78.8443,31.127488],[78.844634,31.127307],[78.844853,31.127188],[78.846152,31.126351],[78.848007,31.125113],[78.849385,31.124559],[78.85021,31.123983],[78.850725,31.123712],[78.85091,31.123615],[78.851631,31.123235],[78.852291,31.122746],[78.852941,31.122275],[78.853447,31.122108],[78.853516,31.122085],[78.853876,31.122056],[78.854213,31.122028],[78.85522,31.121788],[78.85674,31.121341],[78.857499,31.121196],[78.858546,31.12101],[78.859183,31.120767],[78.859956,31.120306],[78.86018,31.120256],[78.860264,31.120237],[78.860418,31.12026],[78.860514,31.120274],[78.861199,31.120376],[78.862056,31.120502],[78.862391,31.120552],[78.863244,31.120624],[78.863405,31.120638],[78.864133,31.120537],[78.865244,31.120008],[78.865865,31.119307],[78.866487,31.118562],[78.867984,31.11614],[78.868724,31.11485],[78.869589,31.114309],[78.870196,31.11404],[78.870568,31.113682],[78.870688,31.112933],[78.870889,31.11223],[78.872034,31.110211],[78.872887,31.10886],[78.873857,31.108055],[78.874868,31.107304],[78.875671,31.106834],[78.876047,31.106079],[78.876525,31.105289],[78.876962,31.104569],[78.877386,31.104313],[78.877395,31.104308],[78.877426,31.104298],[78.87794,31.104134],[78.878523,31.103949],[78.878586,31.103928],[78.880092,31.10305],[78.88011,31.10304],[78.881015,31.102641],[78.881387,31.102255],[78.881704,31.1012],[78.882037,31.100656],[78.882087,31.100615],[78.882698,31.100114],[78.883478,31.099644],[78.883769,31.099469],[78.885435,31.098723],[78.887017,31.098222],[78.887961,31.097999],[78.888373,31.097764],[78.889987,31.097053],[78.890632,31.096901],[78.890644,31.096898],[78.891313,31.096927],[78.891391,31.09693],[78.892617,31.097161],[78.893038,31.097241],[78.89318,31.097268],[78.893554,31.097398],[78.894753,31.097816],[78.89619,31.098593],[78.898763,31.099359],[78.899064,31.099437],[78.900165,31.099722],[78.900439,31.099793],[78.900678,31.099795],[78.901443,31.0998],[78.903044,31.099405],[78.904111,31.099236],[78.905443,31.099087],[78.905816,31.099084],[78.906407,31.09908],[78.906734,31.099078],[78.907221,31.09918],[78.907429,31.099223],[78.907566,31.099183],[78.907778,31.09912],[78.9086,31.098861],[78.908767,31.099],[78.909433,31.099554],[78.909926,31.099885],[78.910021,31.099949],[78.91036,31.100177],[78.910678,31.10042],[78.911947,31.101386],[78.912013,31.101514],[78.912309,31.102085],[78.912303,31.102123],[78.912156,31.103141],[78.912061,31.103888],[78.912053,31.103949],[78.912046,31.104004],[78.912052,31.104236],[78.912066,31.104721],[78.912077,31.105115],[78.91208,31.105138],[78.912269,31.106561],[78.91273,31.107639],[78.912771,31.107667],[78.913565,31.108209],[78.915221,31.10859],[78.916224,31.109009],[78.91647,31.109112],[78.916507,31.109127],[78.917933,31.109983],[78.919199,31.110485],[78.920569,31.110723],[78.921635,31.110677],[78.923008,31.110527],[78.92461,31.110115],[78.925927,31.109436],[78.926547,31.108806],[78.927688,31.107174],[78.929143,31.104839],[78.931135,31.101856],[78.932231,31.100682],[78.93277,31.100721],[78.933323,31.100762],[78.933562,31.100779],[78.934403,31.100793],[78.934922,31.100802],[78.935282,31.100808],[78.935537,31.100977],[78.936219,31.101431],[78.93656,31.10151],[78.936996,31.101612],[78.937918,31.101583],[78.939046,31.101449],[78.940134,31.101086],[78.941303,31.101006],[78.943476,31.100808],[78.945116,31.100572],[78.946616,31.100035],[78.947503,31.099336],[78.94874,31.098571],[78.94906,31.098374],[78.949254,31.098254],[78.950034,31.09811],[78.950336,31.098054],[78.950731,31.097982],[78.951209,31.097985],[78.951978,31.09799],[78.952205,31.097991],[78.954088,31.09825],[78.956232,31.098933],[78.957888,31.099385],[78.959178,31.099446],[78.961096,31.100286],[78.963075,31.10118],[78.964337,31.102105],[78.966477,31.10337],[78.967579,31.103817],[78.968575,31.104793],[78.970037,31.106318],[78.971015,31.106958],[78.971811,31.10721],[78.972584,31.107885],[78.972992,31.108081],[78.973606,31.10812],[78.97502,31.108129],[78.975981,31.108294],[78.977291,31.108355],[78.978099,31.108483],[78.978917,31.108682],[78.979377,31.108782],[78.97992,31.10883],[78.981437,31.108716],[78.982483,31.108546],[78.983631,31.108394],[78.984921,31.108438],[78.985618,31.108442],[78.986755,31.108378],[78.987595,31.10841],[78.988833,31.108506],[78.990042,31.108522],[78.990491,31.108631],[78.991574,31.108972],[78.992249,31.109135],[78.993414,31.109442],[78.993782,31.109585],[78.995335,31.110053],[78.995948,31.11018],[78.996561,31.110307],[78.997259,31.110223],[78.998018,31.109999],[78.998551,31.109949],[78.998897,31.110286],[78.998946,31.11048],[78.999095,31.111063],[78.999194,31.111557],[78.999788,31.111578],[78.999925,31.11167],[79.00053,31.112077],[79.000847,31.11229],[79.002157,31.112421],[79.002737,31.112352],[79.003428,31.11227],[79.004761,31.112155],[79.005706,31.111918],[79.006341,31.111759],[79.00697,31.111226],[79.007558,31.110727],[79.008301,31.110044],[79.008917,31.109924],[79.008917,31.109982],[79.008915,31.11016],[79.008914,31.110277],[79.008625,31.111823],[79.008571,31.112107],[79.008252,31.113533],[79.007892,31.114994],[79.007383,31.11615],[79.007203,31.116558],[79.00696,31.117473],[79.006927,31.117688],[79.006798,31.11853],[79.006476,31.119118],[79.005977,31.119397],[79.005085,31.120031],[79.005009,31.120099],[79.004007,31.120985],[79.003665,31.121542],[79.003605,31.121974],[79.00361,31.122025],[79.003681,31.122679],[79.00368,31.122686],[79.003582,31.123623],[79.003525,31.124159],[79.003303,31.124986],[79.002814,31.125882],[79.002193,31.126768],[79.001775,31.127637],[79.001432,31.128349],[79.001138,31.129194],[79.001016,31.130259],[79.000719,31.131597],[79.000327,31.133066],[79.000096,31.133796],[78.999651,31.134595],[78.999597,31.134692],[78.999101,31.135262],[78.998555,31.135611],[78.998048,31.135558],[78.997127,31.135726],[78.997089,31.135732],[78.996005,31.136232],[78.995342,31.136546],[78.993452,31.137172],[78.992369,31.137609],[78.991578,31.137812],[78.990917,31.13796],[78.990763,31.138056],[78.990338,31.138809],[78.989783,31.139637],[78.988723,31.141168],[78.988199,31.142152],[78.987806,31.142943],[78.987582,31.143288],[78.987483,31.143564],[78.987494,31.143602],[78.987517,31.143678],[78.987569,31.143849],[78.988438,31.144907],[78.988972,31.14559],[78.989562,31.146369],[78.98995,31.147127],[78.99034,31.147656],[78.990828,31.148164],[78.990819,31.148179],[78.990809,31.148198],[78.990451,31.148848],[78.989995,31.14995],[78.989869,31.150267],[78.989784,31.150478],[78.989283,31.151733],[78.988798,31.152963],[78.988349,31.153681],[78.988216,31.154213],[78.98824,31.155135],[78.988243,31.155143],[78.988476,31.155684],[78.988596,31.155962],[78.989035,31.156359],[78.989274,31.156783],[78.989271,31.156827],[78.989259,31.156994],[78.989228,31.157469],[78.989167,31.157974],[78.989176,31.157993],[78.989221,31.158084],[78.989381,31.158412],[78.989954,31.159295],[78.990366,31.160011],[78.990468,31.160428],[78.99047,31.160473],[78.990496,31.161147],[78.990497,31.161166],[78.990501,31.161266],[78.990413,31.161657],[78.990283,31.162235],[78.989833,31.163126],[78.989603,31.163664],[78.989544,31.163941],[78.989106,31.164382],[78.988948,31.164735],[78.988884,31.164879],[78.988896,31.164919],[78.989104,31.16558],[78.989227,31.166281],[78.989222,31.166287],[78.98922,31.16629],[78.988795,31.166874],[78.988204,31.167675],[78.988118,31.167791],[78.987793,31.168195],[78.987386,31.168701],[78.987324,31.168865],[78.987177,31.169253],[78.987073,31.16953],[78.98701,31.17036],[78.986982,31.170735],[78.986518,31.172256],[78.986414,31.172524],[78.985909,31.173832],[78.984657,31.175182],[78.983957,31.175981],[78.98373,31.176132],[78.983279,31.176129],[78.982362,31.175958],[78.981316,31.175812],[78.980797,31.176156],[78.980243,31.176873],[78.979765,31.178186],[78.979519,31.178739],[78.979202,31.179021],[78.978959,31.179119],[78.978453,31.17904],[78.977676,31.178866],[78.977433,31.178923],[78.977283,31.178958],[78.97653,31.179136],[78.97603,31.179229],[78.974988,31.179486],[78.973447,31.179719],[78.972656,31.179915],[78.971621,31.180296],[78.970619,31.180664],[78.969726,31.181434],[78.968512,31.182147],[78.967153,31.182693],[78.964937,31.183718],[78.964241,31.184046],[78.963466,31.184263],[78.962207,31.184518],[78.960849,31.185036],[78.960007,31.185446],[78.959199,31.185718],[78.95852,31.185949],[78.95797,31.186265],[78.957532,31.186594],[78.957474,31.186855],[78.957381,31.187272],[78.957214,31.187867],[78.957125,31.188494],[78.957112,31.188587],[78.95714,31.18903],[78.957141,31.189031],[78.957141,31.189032],[78.957378,31.189433],[78.958155,31.190006],[78.958211,31.190068],[78.958307,31.190174],[78.958308,31.190228],[78.958313,31.190368],[78.957768,31.190939],[78.957007,31.191412],[78.956659,31.191604],[78.956107,31.192006],[78.955556,31.19283],[78.9548,31.19358],[78.954371,31.193868],[78.953279,31.194339],[78.95246,31.194923],[78.951856,31.195771],[78.95072,31.196748],[78.949975,31.197151],[78.948476,31.198098],[78.948145,31.198383],[78.94808,31.198439],[78.947997,31.19851],[78.947685,31.199104],[78.947692,31.199204],[78.947756,31.200185],[78.947748,31.200243],[78.947576,31.201471],[78.947576,31.201472],[78.947574,31.201477],[78.947033,31.202792],[78.94664,31.203441],[78.94581,31.204363],[78.945312,31.205157],[78.943833,31.206484],[78.94386,31.206522],[78.943903,31.206583],[78.944287,31.207131],[78.944908,31.208015],[78.94509,31.208383],[78.945088,31.208419],[78.945088,31.208428],[78.945033,31.20945],[78.945039,31.20946],[78.945235,31.209744],[78.945247,31.209763],[78.946216,31.210469],[78.947288,31.211425],[78.948246,31.212428],[78.948682,31.213311],[78.948686,31.213368],[78.948733,31.214042],[78.948746,31.214225],[78.948747,31.214239],[78.948739,31.214279],[78.948519,31.215422],[78.94816,31.215919],[78.947725,31.216775],[78.947293,31.216398],[78.946643,31.216082],[78.945814,31.216007],[78.944838,31.216091],[78.943677,31.216091],[78.94221,31.216081],[78.940825,31.215948],[78.940164,31.215936],[78.938794,31.215948],[78.938167,31.215833],[78.937667,31.215872],[78.936898,31.216234],[78.93642,31.216446],[78.935864,31.216477],[78.934921,31.216505],[78.93306,31.216361],[78.931572,31.215998],[78.931129,31.216051],[78.930233,31.216218],[78.929763,31.216409],[78.929041,31.216972],[78.928665,31.21758],[78.928451,31.218098],[78.928086,31.218365],[78.927567,31.218729],[78.926852,31.219376],[78.926048,31.22007],[78.925908,31.220346],[78.925924,31.220572],[78.925951,31.22097],[78.925952,31.220982],[78.926016,31.221794],[78.926028,31.221928],[78.9261,31.222747],[78.9261,31.222755],[78.926085,31.223097],[78.925894,31.223307],[78.924326,31.224225],[78.923841,31.224364],[78.923155,31.224484],[78.922637,31.224772],[78.922475,31.224922],[78.922282,31.225101],[78.922056,31.225311],[78.922007,31.225601],[78.921954,31.22592],[78.921849,31.227449],[78.921842,31.227554],[78.921829,31.22905],[78.921812,31.229538],[78.921796,31.229985],[78.921802,31.230013],[78.921976,31.230956],[78.921996,31.231067],[78.922004,31.231171],[78.922032,31.231538],[78.922032,31.231539],[78.921932,31.231729],[78.9215,31.232553],[78.921141,31.233234],[78.920926,31.233644],[78.920343,31.234341],[78.920062,31.234677],[78.920039,31.234762],[78.919662,31.23617],[78.919771,31.238001],[78.919788,31.238277],[78.919753,31.238779],[78.919658,31.240159],[78.91964,31.240423],[78.919599,31.240653],[78.919419,31.241682],[78.919188,31.242221],[78.918488,31.243047],[78.917785,31.244123],[78.917606,31.244815],[78.917585,31.244898],[78.917591,31.244947],[78.917645,31.245383],[78.917643,31.245397],[78.917609,31.245757],[78.91734,31.246087],[78.917005,31.246605],[78.916764,31.247372],[78.916444,31.248048],[78.916215,31.248412],[78.916204,31.24843],[78.9161,31.248593],[78.915779,31.24883],[78.915224,31.249239],[78.914598,31.24983],[78.914168,31.250135],[78.913774,31.250413],[78.913223,31.250756],[78.912607,31.251126],[78.911548,31.251472],[78.911703,31.253],[78.912077,31.254329],[78.912071,31.254962],[78.91207,31.255102],[78.912099,31.255154],[78.915557,31.254729],[78.917165,31.254531],[78.918142,31.254411],[78.919991,31.254183],[78.921884,31.25395],[78.923291,31.253776],[78.923407,31.253762],[78.932693,31.252942],[78.93707,31.260617],[78.941663,31.274213],[78.942951,31.293193],[78.944225,31.307932],[78.947591,31.319515],[78.958296,31.330449],[78.96698,31.336894],[78.985062,31.343353],[78.989913,31.3453],[79.004873,31.353727],[79.010832,31.357083],[79.01164,31.365001],[79.011917,31.367717],[79.01763,31.385559],[79.023737,31.396366],[79.029863,31.402635],[79.035029,31.407921],[79.041691,31.412268],[79.046852,31.416031],[79.051511,31.419792],[79.052657,31.423101],[79.051816,31.426811],[79.051096,31.429984],[79.05085,31.440034],[79.05247,31.446936],[79.054277,31.451541],[79.055925,31.454996],[79.059077,31.458891],[79.061738,31.461347],[79.064245,31.462079],[79.067934,31.461526],[79.070457,31.460105],[79.077884,31.45268],[79.084622,31.447692],[79.085786,31.447109],[79.090002,31.444994],[79.095869,31.444308],[79.09956,31.443324],[79.103427,31.441335],[79.108479,31.437629],[79.116694,31.436381]]]}},{"type":"Feature","properties":{"OBJECTID":4512,"state_lgd":"05","state_name":"UTTARAKHAND","district_lgd":"056","district_name":"UTTARKASHI","district_name_source":"district_table","subdistrict_lgd":"282","subdistrict_name":"CHINYALISAUR","subdistrict_type":"","name_corrupted":false,"remarks":""},"geometry":{"type":"Polygon","coordinates":[[[78.235933,30.717388],[78.237956,30.71585],[78.239539,30.714392],[78.240536,30.712927],[78.241192,30.711416],[78.242844,30.708483],[78.244445,30.70576],[78.24677,30.70355],[78.248219,30.701163],[78.250916,30.695831],[78.253179,30.694031],[78.254457,30.693206],[78.256449,30.692716],[78.25707,30.692085],[78.257988,30.691347],[78.259328,30.690595],[78.260352,30.689858],[78.261123,30.689045],[78.262743,30.687986],[78.265642,30.685974],[78.267049,30.684931],[78.267876,30.683225],[78.268289,30.680858],[78.268981,30.679735],[78.269679,30.678137],[78.27008,30.676627],[78.269887,30.67533],[78.26991,30.673707],[78.26974,30.6723],[78.269918,30.670205],[78.270524,30.669135],[78.270296,30.667363],[78.270337,30.665977],[78.270229,30.664455],[78.269974,30.664363],[78.268531,30.663472],[78.26747,30.662439],[78.266758,30.662031],[78.266392,30.661976],[78.265957,30.661692],[78.265735,30.661547],[78.266012,30.661146],[78.266712,30.660348],[78.266983,30.65997],[78.267338,30.659645],[78.268095,30.659208],[78.268013,30.658627],[78.268154,30.658343],[78.26853,30.657779],[78.268547,30.656972],[78.268709,30.656318],[78.269064,30.655764],[78.269362,30.655457],[78.269936,30.655173],[78.270406,30.655052],[78.271246,30.654475],[78.272223,30.653588],[78.272434,30.653447],[78.272577,30.653543],[78.27266,30.653638],[78.272803,30.653721],[78.272969,30.653757],[78.273136,30.653757],[78.273445,30.653674],[78.273719,30.653662],[78.273897,30.653543],[78.274135,30.6534],[78.274254,30.653233],[78.274433,30.653079],[78.274754,30.653233],[78.274825,30.653495],[78.274837,30.65384],[78.274885,30.654019],[78.275051,30.65428],[78.275242,30.654423],[78.275408,30.654447],[78.275599,30.654506],[78.275706,30.654649],[78.275789,30.654744],[78.275884,30.654899],[78.275944,30.654947],[78.27611,30.654935],[78.276336,30.654899],[78.276479,30.654875],[78.276705,30.654863],[78.277062,30.654911],[78.277193,30.654911],[78.277407,30.655006],[78.277538,30.655137],[78.277562,30.655363],[78.277621,30.655589],[78.277931,30.655767],[78.278167,30.656271],[78.278402,30.655865],[78.278309,30.655045],[78.278325,30.654251],[78.278321,30.653908],[78.278879,30.653588],[78.279156,30.65348],[78.279203,30.653092],[78.27888,30.652767],[78.278228,30.652271],[78.278229,30.65173],[78.278292,30.651288],[78.278319,30.650607],[78.278345,30.649926],[78.278461,30.649073],[78.278207,30.647783],[78.278187,30.646773],[78.278356,30.646726],[78.278526,30.646679],[78.279611,30.646571],[78.279993,30.64543],[78.280747,30.644222],[78.280933,30.643925],[78.281742,30.644052],[78.282018,30.644219],[78.282676,30.643849],[78.283124,30.644219],[78.283473,30.644621],[78.284391,30.644879],[78.285966,30.644934],[78.28607,30.645507],[78.286878,30.645467],[78.28777,30.645305],[78.288261,30.645175],[78.288814,30.644954],[78.289559,30.645635],[78.290388,30.646335],[78.290909,30.646732],[78.292119,30.647247],[78.292886,30.647378],[78.293292,30.6476],[78.293568,30.648186],[78.294246,30.648205],[78.294611,30.648611],[78.29588,30.647664],[78.297122,30.646529],[78.297701,30.646069],[78.29839,30.645348],[78.298808,30.645136],[78.299689,30.645204],[78.300571,30.645218],[78.301061,30.645155],[78.301385,30.644971],[78.301766,30.644375],[78.302173,30.643974],[78.302002,30.643176],[78.302919,30.643709],[78.303097,30.643312],[78.303072,30.642468],[78.303124,30.641738],[78.303072,30.64149],[78.302823,30.640358],[78.303549,30.639005],[78.304061,30.637936],[78.30439,30.637341],[78.304468,30.636989],[78.30475,30.635993],[78.305237,30.634424],[78.304783,30.633882],[78.304148,30.632885],[78.303788,30.632312],[78.303179,30.63109],[78.303298,30.631038],[78.303742,30.630846],[78.304353,30.630319],[78.304557,30.629679],[78.304536,30.629458],[78.30364,30.628659],[78.303463,30.628262],[78.303974,30.627974],[78.303782,30.627099],[78.304726,30.626788],[78.305596,30.62723],[78.306258,30.627582],[78.307406,30.627849],[78.307406,30.627872],[78.308073,30.628404],[78.308427,30.628513],[78.309173,30.628405],[78.310143,30.628671],[78.310576,30.628694],[78.31091,30.628627],[78.311739,30.62837],[78.311729,30.627896],[78.311703,30.627188],[78.311448,30.626349],[78.311626,30.625731],[78.311705,30.625267],[78.311908,30.624956],[78.311924,30.624906],[78.312201,30.624307],[78.312676,30.623716],[78.312702,30.622787],[78.312452,30.622626],[78.31234,30.622554],[78.312618,30.621537],[78.313075,30.620547],[78.313209,30.619478],[78.313411,30.619664],[78.314265,30.620452],[78.3143,30.622202],[78.314167,30.623316],[78.314157,30.624077],[78.314738,30.624438],[78.315533,30.624193],[78.315948,30.623842],[78.316253,30.622983],[78.316503,30.62192],[78.316805,30.621239],[78.317429,30.620688],[78.318059,30.619629],[78.317956,30.618614],[78.316978,30.617209],[78.316034,30.615551],[78.31529,30.614225],[78.315434,30.613852],[78.31565,30.613588],[78.316135,30.61332],[78.316441,30.613931],[78.318182,30.615921],[78.31923,30.616715],[78.320105,30.617279],[78.321544,30.617771],[78.322064,30.616729],[78.321951,30.616448],[78.321989,30.616437],[78.323339,30.616582],[78.325423,30.617264],[78.326678,30.617975],[78.32728,30.618641],[78.327549,30.619276],[78.32769,30.619725],[78.327792,30.620217],[78.327836,30.620595],[78.328095,30.621172],[78.328241,30.621526],[78.328303,30.621934],[78.328367,30.622453],[78.328433,30.62277],[78.32847,30.623251],[78.328793,30.624815],[78.329255,30.626103],[78.329765,30.627032],[78.330519,30.627775],[78.331339,30.628387],[78.332032,30.629316],[78.33182,30.629821],[78.331811,30.63048],[78.331539,30.631061],[78.330383,30.631987],[78.329108,30.633014],[78.328452,30.633793],[78.328146,30.634753],[78.328222,30.635641],[78.328753,30.636712],[78.328825,30.636858],[78.32907,30.637357],[78.329451,30.63871],[78.329664,30.640302],[78.329758,30.640564],[78.329485,30.642864],[78.329344,30.644325],[78.329521,30.644753],[78.330021,30.645281],[78.330767,30.645701],[78.333287,30.646747],[78.333563,30.646861],[78.335887,30.647564],[78.337063,30.647652],[78.338547,30.647667],[78.340117,30.647683],[78.341208,30.647694],[78.342342,30.647705],[78.343433,30.647679],[78.344441,30.64735],[78.345102,30.646866],[78.345943,30.645931],[78.346604,30.645448],[78.347397,30.64489],[78.347964,30.644896],[78.349268,30.645248],[78.350699,30.645904],[78.351737,30.646594],[78.352951,30.647191],[78.353994,30.647484],[78.355122,30.647948],[78.355975,30.64773],[78.357094,30.647308],[78.358324,30.64666],[78.359554,30.646012],[78.3603,30.645718],[78.361704,30.645129],[78.362367,30.644532],[78.363206,30.643748],[78.364179,30.642739],[78.365064,30.641805],[78.365825,30.640417],[78.366229,30.639516],[78.366683,30.638238],[78.367437,30.637302],[78.368231,30.636669],[78.368939,30.635884],[78.369994,30.635291],[78.370915,30.63496],[78.372144,30.634369],[78.372979,30.633887],[78.374077,30.63337],[78.375172,30.633004],[78.376011,30.632257],[78.377855,30.63137],[78.378583,30.630755],[78.379527,30.630312],[78.381504,30.629256],[78.382841,30.628723],[78.38461,30.628552],[78.386006,30.628584],[78.387731,30.628451],[78.388781,30.628197],[78.389572,30.627752],[78.390323,30.62708],[78.39094,30.626596],[78.391906,30.626115],[78.39309,30.625636],[78.394406,30.625084],[78.395197,30.624639],[78.396034,30.623968],[78.396696,30.623371],[78.397806,30.621911],[78.399388,30.621058],[78.400619,30.620278],[78.401808,30.619422],[78.402869,30.618339],[78.404282,30.61707],[78.405514,30.616214],[78.406744,30.615585],[78.40929,30.614327],[78.41144,30.613367],[78.412888,30.612665],[78.414423,30.612038],[78.4157,30.611108],[78.417332,30.609652],[78.417915,30.608451],[78.418499,30.607174],[78.419475,30.605863],[78.420887,30.604632],[78.421946,30.603699],[78.423308,30.602882],[78.42384,30.602208],[78.424793,30.599312],[78.425568,30.596717],[78.425819,30.594191],[78.426514,30.592746],[78.427802,30.592626],[78.429529,30.592284],[78.430559,30.59186],[78.432544,30.591766],[78.43296,30.591619],[78.435107,30.590886],[78.436395,30.590383],[78.436395,30.590383],[78.436395,30.590383],[78.436613,30.590208],[78.436932,30.589951],[78.43814,30.588985],[78.438851,30.588339],[78.439213,30.587717],[78.439408,30.587249],[78.439572,30.586852],[78.439614,30.586662],[78.439663,30.586432],[78.439717,30.585813],[78.439662,30.584978],[78.439662,30.584978],[78.439387,30.584418],[78.439172,30.584105],[78.438974,30.583818],[78.438603,30.583116],[78.438603,30.583116],[78.438354,30.582523],[78.438166,30.581816],[78.438048,30.581292],[78.438048,30.581292],[78.437958,30.580616],[78.43796,30.580186],[78.437962,30.579803],[78.43791,30.579263],[78.437739,30.578801],[78.437585,30.578474],[78.437438,30.578162],[78.43693,30.577379],[78.436679,30.576953],[78.43652,30.576554],[78.43652,30.576554],[78.436424,30.576104],[78.436385,30.575904],[78.436319,30.575567],[78.436226,30.574625],[78.436235,30.574345],[78.436259,30.573592],[78.436315,30.573246],[78.436359,30.572979],[78.436424,30.572727],[78.436511,30.572395],[78.436703,30.572003],[78.436807,30.57179],[78.436807,30.57179],[78.437337,30.570938],[78.437337,30.570938],[78.438031,30.570052],[78.438569,30.569575],[78.43942,30.569242],[78.440429,30.568945],[78.441003,30.568835],[78.441389,30.568761],[78.441982,30.568625],[78.442557,30.568306],[78.443595,30.567765],[78.44369,30.567712],[78.444058,30.567508],[78.444335,30.56742],[78.444711,30.567374],[78.444986,30.567341],[78.445168,30.567357],[78.445563,30.567392],[78.445969,30.567412],[78.44612,30.56742],[78.44639,30.567394],[78.44651,30.567364],[78.446607,30.567339],[78.446813,30.567199],[78.446973,30.566968],[78.447042,30.566818],[78.447115,30.566657],[78.447311,30.566233],[78.447659,30.565944],[78.447928,30.565721],[78.447928,30.565721],[78.44813,30.565597],[78.448629,30.565291],[78.449132,30.564935],[78.449404,30.564741],[78.449962,30.564292],[78.450566,30.563735],[78.450566,30.563735],[78.450726,30.563567],[78.450726,30.563566],[78.450813,30.563391],[78.450813,30.563391],[78.450816,30.563204],[78.450735,30.562873],[78.450695,30.56261],[78.450656,30.56235],[78.450662,30.562106],[78.450668,30.561873],[78.450812,30.560874],[78.451008,30.559916],[78.451186,30.559401],[78.451325,30.558755],[78.451364,30.558278],[78.451292,30.557766],[78.451167,30.55723],[78.451022,30.556746],[78.45093,30.556251],[78.451002,30.555229],[78.451061,30.554213],[78.451051,30.554178],[78.450879,30.553592],[78.450509,30.552713],[78.450428,30.552377],[78.450347,30.552041],[78.45034,30.551541],[78.45034,30.551541],[78.450357,30.551434],[78.450497,30.550543],[78.450844,30.549058],[78.450861,30.548931],[78.450902,30.548615],[78.450901,30.548234],[78.450828,30.547768],[78.450792,30.547483],[78.450808,30.547285],[78.450884,30.547106],[78.450936,30.546985],[78.451302,30.546533],[78.45177,30.545953],[78.452451,30.545062],[78.452515,30.544983],[78.453111,30.544244],[78.45353,30.543266],[78.453605,30.543079],[78.45373,30.542523],[78.453509,30.542325],[78.45325,30.542092],[78.452683,30.541235],[78.452416,30.540539],[78.451935,30.539148],[78.45181,30.538759],[78.451645,30.538242],[78.451392,30.53749],[78.450865,30.536087],[78.450429,30.535242],[78.45008,30.534824],[78.449832,30.534623],[78.449677,30.534496],[78.449374,30.53432],[78.449071,30.534144],[78.448726,30.534425],[78.448726,30.534425],[78.448269,30.535284],[78.447702,30.535972],[78.447702,30.535972],[78.447119,30.536438],[78.447119,30.536438],[78.446934,30.536559],[78.446649,30.536746],[78.446375,30.536647],[78.445567,30.536128],[78.445182,30.535827],[78.444911,30.535616],[78.444677,30.535494],[78.444409,30.535355],[78.444409,30.535355],[78.444195,30.535115],[78.44408,30.534869],[78.444068,30.53429],[78.444068,30.53429],[78.444216,30.533524],[78.444331,30.532684],[78.444333,30.532054],[78.444349,30.531332],[78.444312,30.53111],[78.444262,30.530922],[78.444201,30.530852],[78.444133,30.530773],[78.44402,30.53067],[78.443944,30.530601],[78.443841,30.530464],[78.443797,30.530321],[78.443804,30.530281],[78.443811,30.530236],[78.443866,30.530095],[78.444058,30.529966],[78.444218,30.52974],[78.444293,30.529536],[78.4443,30.529469],[78.444322,30.529264],[78.444255,30.528905],[78.443932,30.528516],[78.443783,30.528314],[78.443641,30.528121],[78.443416,30.527801],[78.443416,30.527801],[78.443356,30.527652],[78.443269,30.527436],[78.443077,30.527059],[78.442983,30.526852],[78.442879,30.526625],[78.442863,30.526526],[78.442855,30.526477],[78.442834,30.526045],[78.442868,30.52588],[78.442939,30.525529],[78.443025,30.524987],[78.443025,30.524984],[78.443075,30.524675],[78.443138,30.523832],[78.443011,30.523814],[78.442884,30.523797],[78.442568,30.523753],[78.441598,30.523636],[78.440478,30.523489],[78.439455,30.523394],[78.438453,30.523304],[78.437712,30.523194],[78.437594,30.523177],[78.437006,30.523001],[78.436674,30.522787],[78.435638,30.522198],[78.434771,30.521775],[78.434073,30.521456],[78.433083,30.520855],[78.432276,30.520302],[78.431751,30.51978],[78.431024,30.519153],[78.431024,30.519153],[78.43015,30.518276],[78.429605,30.517748],[78.429437,30.51757],[78.429268,30.517392],[78.428989,30.517174],[78.428989,30.517174],[78.428728,30.51708],[78.428367,30.517082],[78.427847,30.517174],[78.427388,30.517181],[78.426707,30.517032],[78.426707,30.517032],[78.425951,30.516667],[78.425951,30.516667],[78.425553,30.516464],[78.425553,30.516464],[78.425516,30.516305],[78.42558,30.515879],[78.42558,30.515879],[78.425643,30.515056],[78.425684,30.514454],[78.425763,30.51337],[78.425852,30.512643],[78.425899,30.512007],[78.425919,30.511519],[78.425896,30.511212],[78.425849,30.511052],[78.425808,30.510916],[78.42555,30.510606],[78.42555,30.510606],[78.425358,30.510465],[78.424997,30.510198],[78.424477,30.509863],[78.423884,30.509516],[78.423578,30.509309],[78.423409,30.509171],[78.423313,30.508999],[78.423276,30.508834],[78.423276,30.508834],[78.423287,30.508739],[78.423298,30.508636],[78.42338,30.508421],[78.42338,30.50842],[78.423659,30.508088],[78.423945,30.507835],[78.424507,30.507517],[78.424879,30.507179],[78.424879,30.507179],[78.425219,30.506768],[78.425587,30.506152],[78.425587,30.506152],[78.425753,30.505563],[78.425722,30.504886],[78.425606,30.504243],[78.425475,30.503725],[78.425362,30.503275],[78.42512,30.50271],[78.42498,30.502396],[78.424866,30.502083],[78.424828,30.501908],[78.424773,30.501655],[78.42477,30.501386],[78.424767,30.501116],[78.424796,30.500935],[78.424824,30.50077],[78.424999,30.500368],[78.425152,30.500004],[78.425181,30.499824],[78.425219,30.499592],[78.425187,30.499141],[78.425051,30.498131],[78.424785,30.497292],[78.42455,30.496129],[78.424347,30.495168],[78.423617,30.494091],[78.422179,30.492977],[78.421632,30.492802],[78.420814,30.492581],[78.418939,30.492013],[78.416907,30.490728],[78.416006,30.490043],[78.414927,30.488181],[78.414448,30.486742],[78.414166,30.485448],[78.414103,30.483951],[78.413753,30.482715],[78.413086,30.481276],[78.412836,30.480356],[78.412893,30.479215],[78.412606,30.478349],[78.411751,30.476748],[78.411183,30.475107],[78.411167,30.474273],[78.411443,30.472266],[78.411973,30.470109],[78.41267,30.469419],[78.412993,30.469176],[78.413316,30.468932],[78.414039,30.46881],[78.413576,30.468454],[78.41267,30.468224],[78.411764,30.468296],[78.41091,30.468748],[78.409364,30.470038],[78.408375,30.470859],[78.407828,30.47108],[78.407214,30.471189],[78.406667,30.471189],[78.405985,30.471009],[78.405412,30.470946],[78.405006,30.470959],[78.404767,30.47114],[78.404517,30.471492],[78.404335,30.472231],[78.40433,30.473156],[78.404497,30.473665],[78.405028,30.474455],[78.40568,30.475753],[78.406013,30.476628],[78.406628,30.477864],[78.407295,30.479054],[78.407545,30.479821],[78.407587,30.480254],[78.407306,30.480656],[78.406692,30.481296],[78.405374,30.482199],[78.404687,30.482695],[78.404297,30.483204],[78.403558,30.484066],[78.403355,30.484774],[78.403422,30.485257],[78.403563,30.485622],[78.403938,30.486407],[78.404366,30.487358],[78.404845,30.4884],[78.405038,30.489469],[78.404997,30.489857],[78.404794,30.490759],[78.404445,30.491702],[78.403919,30.492518],[78.403331,30.492906],[78.402701,30.493091],[78.401545,30.4932],[78.400508,30.493222],[78.399279,30.493286],[78.397399,30.493421],[78.396561,30.493449],[78.396254,30.493859],[78.396394,30.494319],[78.396618,30.494901],[78.396869,30.495699],[78.396895,30.496231],[78.396645,30.496646],[78.396171,30.496958],[78.394129,30.497495],[78.392984,30.497833],[78.39268,30.498019],[78.392473,30.498279],[78.39229,30.498681],[78.392169,30.498946],[78.391997,30.499547],[78.391943,30.499873],[78.391985,30.500434],[78.392115,30.501044],[78.392337,30.501476],[78.392358,30.501518],[78.392358,30.501518],[78.392965,30.502768],[78.393432,30.503659],[78.393808,30.50456],[78.393886,30.504934],[78.393949,30.505238],[78.393933,30.505473],[78.393917,30.505692],[78.393748,30.506083],[78.393507,30.50627],[78.39341,30.506346],[78.392837,30.506603],[78.392677,30.506674],[78.391228,30.507097],[78.390655,30.507268],[78.390187,30.507439],[78.389472,30.50791],[78.389078,30.508377],[78.388536,30.50923],[78.388243,30.509537],[78.387957,30.509838],[78.387349,30.510139],[78.386787,30.510301],[78.3864,30.510413],[78.386132,30.510483],[78.385689,30.510599],[78.385689,30.510599],[78.38499,30.510877],[78.384728,30.511073],[78.384533,30.511219],[78.384075,30.511561],[78.383282,30.511985],[78.382439,30.512226],[78.381793,30.512458],[78.381656,30.512606],[78.3815,30.512774],[78.380817,30.51379],[78.380014,30.514998],[78.380014,30.514998],[78.379107,30.516102],[78.378453,30.516914],[78.377763,30.517441],[78.377763,30.517441],[78.376929,30.517978],[78.376929,30.517978],[78.376178,30.518232],[78.376178,30.518232],[78.375598,30.518357],[78.374856,30.518423],[78.374597,30.518414],[78.374016,30.518392],[78.373257,30.518282],[78.372959,30.518219],[78.3727,30.518163],[78.372066,30.517969],[78.372066,30.517969],[78.371236,30.5177],[78.371236,30.5177],[78.370576,30.517557],[78.370221,30.51757],[78.369905,30.517641],[78.369555,30.517836],[78.369156,30.51819],[78.368708,30.518822],[78.368407,30.519228],[78.368106,30.519634],[78.367752,30.519949],[78.367562,30.520117],[78.367562,30.520117],[78.366867,30.520514],[78.366505,30.520613],[78.366097,30.520624],[78.365737,30.520633],[78.364766,30.520589],[78.364231,30.520642],[78.363721,30.520693],[78.36309,30.520828],[78.362101,30.521119],[78.361454,30.521465],[78.360917,30.521835],[78.360525,30.522149],[78.360191,30.522634],[78.360191,30.522634],[78.359892,30.523387],[78.359892,30.523387],[78.359851,30.523624],[78.359792,30.523971],[78.359746,30.524102],[78.359683,30.524283],[78.359496,30.524536],[78.358847,30.524967],[78.35845,30.525205],[78.358053,30.525442],[78.357226,30.525928],[78.356432,30.526414],[78.355914,30.526847],[78.355914,30.526847],[78.355419,30.527558],[78.355419,30.527558],[78.355069,30.528202],[78.354785,30.528673],[78.354586,30.529004],[78.35439,30.529854],[78.354303,30.530512],[78.354391,30.530797],[78.354391,30.530797],[78.354591,30.531043],[78.354725,30.531153],[78.354838,30.531245],[78.355158,30.531356],[78.355475,30.531404],[78.355675,30.531435],[78.356134,30.531474],[78.35637,30.531562],[78.356461,30.531596],[78.356599,30.531707],[78.35672,30.531804],[78.356906,30.532169],[78.356895,30.532341],[78.356881,30.532555],[78.356791,30.532848],[78.35673,30.533048],[78.356619,30.533215],[78.356515,30.53337],[78.356251,30.533537],[78.355717,30.533663],[78.354844,30.533688],[78.35368,30.533542],[78.353461,30.533515],[78.35329,30.533486],[78.352532,30.533358],[78.351484,30.533171],[78.350547,30.533042],[78.349732,30.533108],[78.349369,30.53328],[78.348924,30.533656],[78.348728,30.534069],[78.348728,30.534069],[78.348575,30.534704],[78.348471,30.535129],[78.348471,30.535129],[78.348346,30.535673],[78.348346,30.535673],[78.348068,30.536312],[78.347849,30.536858],[78.347715,30.537195],[78.347557,30.537676],[78.347053,30.538524],[78.346811,30.538941],[78.346489,30.539495],[78.346167,30.53998],[78.345503,30.540519],[78.344946,30.540968],[78.344583,30.541578],[78.344285,30.542257],[78.343829,30.543013],[78.343346,30.543747],[78.343072,30.544085],[78.342799,30.544423],[78.342663,30.544706],[78.342616,30.544887],[78.342601,30.544944],[78.342683,30.545172],[78.342683,30.545172],[78.342935,30.545487],[78.34362,30.545784],[78.344147,30.546124],[78.344147,30.546124],[78.344732,30.546585],[78.344865,30.546735],[78.344997,30.546883],[78.345196,30.547186],[78.345269,30.547647],[78.345275,30.547892],[78.345277,30.547988],[78.345157,30.548612],[78.344972,30.549184],[78.344705,30.549544],[78.344451,30.549705],[78.344361,30.549763],[78.34374,30.55004],[78.34374,30.55004],[78.343291,30.550133],[78.342713,30.550251],[78.342088,30.550325],[78.341221,30.550412],[78.340248,30.550465],[78.339512,30.550565],[78.338925,30.550724],[78.338726,30.55091],[78.33849,30.551345],[78.338384,30.551934],[78.33833,30.552508],[78.33841,30.553406],[78.338458,30.554185],[78.338499,30.554687],[78.338554,30.555362],[78.338777,30.556307],[78.338967,30.556964],[78.339091,30.55739],[78.339444,30.558428],[78.339444,30.558428],[78.339652,30.559532],[78.339572,30.560576],[78.339334,30.561688],[78.339077,30.562208],[78.338772,30.562489],[78.338162,30.562745],[78.337979,30.562821],[78.337979,30.562821],[78.337005,30.563027],[78.335914,30.563084],[78.334732,30.563129],[78.334732,30.563129],[78.333444,30.563195],[78.332813,30.56328],[78.332811,30.563275],[78.332546,30.562652],[78.33211,30.561886],[78.33211,30.561886],[78.331777,30.561269],[78.331169,30.560581],[78.331169,30.560581],[78.331167,30.56058],[78.330467,30.560086],[78.329841,30.559773],[78.329809,30.559759],[78.329345,30.559563],[78.328837,30.559228],[78.328595,30.559013],[78.328189,30.558653],[78.327717,30.558154],[78.327716,30.558154],[78.327713,30.558416],[78.327741,30.558609],[78.327773,30.558831],[78.327918,30.559178],[78.327944,30.559242],[78.327944,30.559242],[78.328116,30.559687],[78.328116,30.559687],[78.327642,30.55975],[78.326781,30.559809],[78.32573,30.559838],[78.325481,30.559846],[78.325323,30.559851],[78.32479,30.559936],[78.32479,30.559937],[78.32446,30.560109],[78.324259,30.560386],[78.324127,30.560947],[78.324127,30.560947],[78.323918,30.56178],[78.323527,30.562554],[78.323527,30.562554],[78.323273,30.5633],[78.322973,30.564184],[78.322973,30.564184],[78.322319,30.565893],[78.322319,30.565893],[78.321746,30.567421],[78.320843,30.569105],[78.320496,30.569739],[78.320008,30.57063],[78.31963,30.571282],[78.319215,30.571997],[78.317963,30.5742],[78.316659,30.573527],[78.315954,30.57327],[78.314517,30.57271],[78.314232,30.572651],[78.313234,30.572447],[78.311816,30.572398],[78.311468,30.572491],[78.310709,30.572693],[78.310299,30.572721],[78.309855,30.572752],[78.308793,30.572616],[78.308793,30.572616],[78.307757,30.572503],[78.306686,30.572129],[78.305849,30.571881],[78.305553,30.571797],[78.305142,30.571681],[78.304685,30.571528],[78.304685,30.571528],[78.304724,30.571495],[78.304991,30.57127],[78.305536,30.570799],[78.306409,30.570296],[78.307271,30.56968],[78.307927,30.569233],[78.307927,30.569233],[78.308506,30.568705],[78.309088,30.567915],[78.309088,30.567915],[78.309577,30.567199],[78.309833,30.56673],[78.309958,30.566254],[78.310078,30.56563],[78.310163,30.565217],[78.310163,30.565217],[78.31029,30.565008],[78.310703,30.564643],[78.311437,30.56419],[78.311636,30.563986],[78.311804,30.563813],[78.312169,30.563073],[78.312542,30.562168],[78.312795,30.561926],[78.313099,30.561725],[78.313318,30.561579],[78.31381,30.561141],[78.313716,30.561078],[78.313179,30.560714],[78.31196,30.559611],[78.311246,30.559041],[78.310847,30.55871],[78.310448,30.558379],[78.309912,30.55793],[78.309475,30.557562],[78.308378,30.556653],[78.308106,30.556384],[78.307956,30.556248],[78.307814,30.556119],[78.307402,30.556024],[78.307402,30.556024],[78.30678,30.555881],[78.306201,30.555977],[78.305173,30.556257],[78.304772,30.556286],[78.304461,30.556252],[78.304261,30.55623],[78.304261,30.55623],[78.304139,30.556223],[78.3039,30.556209],[78.303124,30.556332],[78.302485,30.556456],[78.302485,30.556456],[78.302377,30.556485],[78.302077,30.556565],[78.301749,30.556528],[78.30159,30.556436],[78.30128,30.556256],[78.3008,30.555876],[78.300683,30.555854],[78.300577,30.555834],[78.300059,30.555794],[78.299706,30.555705],[78.299197,30.555461],[78.298572,30.555108],[78.298317,30.554969],[78.2982,30.554906],[78.297952,30.554812],[78.297612,30.554769],[78.297335,30.554799],[78.297132,30.55482],[78.296434,30.554972],[78.296106,30.55504],[78.295834,30.555097],[78.295196,30.555198],[78.294834,30.555255],[78.294558,30.555299],[78.294391,30.55531],[78.29419,30.555324],[78.293964,30.555287],[78.293784,30.555257],[78.293425,30.5551],[78.292884,30.554867],[78.292375,30.5546],[78.29195,30.554062],[78.291225,30.553293],[78.290451,30.552319],[78.290284,30.552073],[78.290032,30.55178],[78.290032,30.55178],[78.289687,30.551118],[78.289574,30.551157],[78.289357,30.551234],[78.288623,30.551589],[78.288623,30.551589],[78.287891,30.551832],[78.287144,30.552199],[78.287144,30.552199],[78.286483,30.552556],[78.286422,30.553112],[78.286488,30.554067],[78.286484,30.554817],[78.286268,30.555712],[78.285951,30.556766],[78.285615,30.557768],[78.285615,30.557768],[78.285328,30.558583],[78.285136,30.559149],[78.285019,30.559528],[78.284962,30.559885],[78.284962,30.559885],[78.284954,30.560465],[78.284954,30.560465],[78.284951,30.560882],[78.284967,30.561027],[78.284998,30.561298],[78.285075,30.561659],[78.285139,30.561958],[78.28518,30.562259],[78.285193,30.562356],[78.285193,30.562356],[78.285294,30.562656],[78.285508,30.563064],[78.285916,30.563472],[78.286127,30.563647],[78.286355,30.563775],[78.286548,30.56378],[78.286996,30.563713],[78.287516,30.563617],[78.288193,30.563533],[78.288923,30.563444],[78.289621,30.563303],[78.289859,30.563268],[78.290193,30.563219],[78.291,30.563191],[78.291073,30.563188],[78.291227,30.563177],[78.2915,30.563158],[78.2915,30.563158],[78.291804,30.563059],[78.292439,30.562731],[78.292906,30.562633],[78.29334,30.562604],[78.294239,30.562619],[78.29523,30.562624],[78.296183,30.562566],[78.297347,30.56243],[78.298169,30.562359],[78.298352,30.562389],[78.298535,30.56242],[78.29919,30.562534],[78.299804,30.562774],[78.300326,30.563035],[78.300673,30.563305],[78.301118,30.563651],[78.301472,30.563986],[78.301598,30.564105],[78.301812,30.564249],[78.3016,30.564389],[78.301234,30.564536],[78.300911,30.564609],[78.300608,30.564691],[78.300333,30.564847],[78.300077,30.565126],[78.299875,30.565465],[78.299787,30.565609],[78.299616,30.565888],[78.29941,30.566286],[78.299171,30.566545],[78.29917,30.566545],[78.298833,30.566712],[78.298382,30.567048],[78.298382,30.567048],[78.298122,30.567313],[78.297991,30.567481],[78.297815,30.567707],[78.29746,30.568226],[78.297358,30.568481],[78.297358,30.568481],[78.297095,30.568927],[78.296881,30.569237],[78.296742,30.569333],[78.296556,30.569461],[78.296167,30.569587],[78.296167,30.569587],[78.295792,30.569657],[78.295213,30.569748],[78.295213,30.569748],[78.294804,30.56988],[78.294487,30.570036],[78.294487,30.570036],[78.294157,30.570117],[78.293566,30.570106],[78.293028,30.570106],[78.292679,30.570198],[78.292436,30.570224],[78.292436,30.570224],[78.292062,30.570192],[78.291649,30.570119],[78.291295,30.570082],[78.291059,30.570091],[78.290815,30.570156],[78.290658,30.570254],[78.29049,30.570357],[78.29036,30.570524],[78.290337,30.570555],[78.290255,30.570775],[78.290247,30.570898],[78.290238,30.571031],[78.290221,30.571129],[78.290202,30.571241],[78.290028,30.571494],[78.289803,30.57164],[78.289803,30.57164],[78.289446,30.571767],[78.288932,30.571909],[78.288932,30.571909],[78.288629,30.571968],[78.288979,30.572796],[78.289519,30.574057],[78.290012,30.575403],[78.290611,30.577182],[78.291199,30.578381],[78.291199,30.578381],[78.291553,30.579339],[78.291878,30.580196],[78.292085,30.580742],[78.2923,30.581324],[78.29278,30.581761],[78.294185,30.582684],[78.295967,30.583631],[78.296388,30.583855],[78.297288,30.584285],[78.298884,30.584722],[78.299447,30.584818],[78.300012,30.584836],[78.30038,30.585294],[78.300748,30.585752],[78.300954,30.586061],[78.301408,30.586441],[78.301715,30.586643],[78.302059,30.586868],[78.302059,30.586868],[78.301581,30.587215],[78.301581,30.587215],[78.300625,30.587967],[78.300625,30.587967],[78.299773,30.588787],[78.299773,30.588787],[78.29924,30.589316],[78.299261,30.589695],[78.299314,30.590634],[78.299317,30.591729],[78.299319,30.592163],[78.299294,30.593435],[78.299539,30.593801],[78.299839,30.593963],[78.30002,30.594118],[78.300073,30.594226],[78.300129,30.594341],[78.300129,30.594341],[78.299761,30.594332],[78.299196,30.594323],[78.298717,30.594315],[78.297653,30.594372],[78.296865,30.594358],[78.296418,30.594393],[78.29583,30.59466],[78.295311,30.595041],[78.295054,30.595231],[78.295054,30.595231],[78.29457,30.595538],[78.29457,30.595539],[78.293754,30.596126],[78.292931,30.596714],[78.29199,30.597358],[78.290836,30.598186],[78.290219,30.598595],[78.289596,30.59902],[78.288872,30.599569],[78.288022,30.600242],[78.287784,30.600463],[78.287676,30.600562],[78.287576,30.600694],[78.287476,30.600827],[78.287331,30.601331],[78.287241,30.601608],[78.287094,30.601828],[78.286829,30.60199],[78.286549,30.602249],[78.286549,30.602249],[78.286341,30.60257],[78.286006,30.603515],[78.285799,30.603735],[78.28568,30.603818],[78.285388,30.60402],[78.285195,30.604173],[78.284977,30.604345],[78.284661,30.604842],[78.284364,30.605412],[78.284145,30.605575],[78.283867,30.605725],[78.283662,30.605837],[78.283662,30.605837],[78.283501,30.606062],[78.283425,30.60634],[78.2834,30.606506],[78.28336,30.606777],[78.283289,30.606891],[78.283178,30.60707],[78.282829,30.607385],[78.282799,30.607413],[78.282799,30.607413],[78.282196,30.607793],[78.282103,30.607893],[78.281896,30.608119],[78.281369,30.60867],[78.281175,30.60885],[78.280837,30.609164],[78.280617,30.609379],[78.280451,30.609541],[78.280208,30.609784],[78.279951,30.610041],[78.27957,30.610503],[78.279283,30.610852],[78.278989,30.611196],[78.278989,30.611196],[78.278617,30.611464],[78.277626,30.611886],[78.277626,30.611886],[78.277146,30.611954],[78.276587,30.611999],[78.276033,30.61213],[78.275537,30.612309],[78.275175,30.612439],[78.274542,30.612614],[78.274121,30.612655],[78.273805,30.612739],[78.273792,30.612742],[78.27331,30.612902],[78.272582,30.613298],[78.272582,30.613298],[78.272285,30.613363],[78.271964,30.613365],[78.271511,30.613292],[78.271091,30.613282],[78.27084,30.613337],[78.270696,30.613369],[78.270319,30.613563],[78.270067,30.613691],[78.26981,30.613768],[78.26981,30.613768],[78.269514,30.613788],[78.269193,30.61379],[78.268923,30.613782],[78.268694,30.613734],[78.268414,30.613549],[78.268414,30.613549],[78.268162,30.613285],[78.268162,30.613285],[78.267845,30.612924],[78.267618,30.612711],[78.267299,30.612543],[78.266856,30.612322],[78.266856,30.612322],[78.266824,30.612316],[78.266443,30.612244],[78.266331,30.612204],[78.266201,30.612156],[78.266126,30.612088],[78.265948,30.611926],[78.2654,30.61121],[78.264927,30.610768],[78.264808,30.610624],[78.264636,30.610418],[78.263995,30.609775],[78.263995,30.609775],[78.26338,30.609212],[78.263025,30.608907],[78.262549,30.608499],[78.261898,30.608077],[78.261235,30.607627],[78.25986,30.607306],[78.259395,30.607275],[78.259034,30.607251],[78.257772,30.607295],[78.256664,30.607612],[78.255199,30.608142],[78.254261,30.608484],[78.2534,30.60902],[78.252866,30.609309],[78.252619,30.609444],[78.252058,30.610051],[78.25159,30.610603],[78.251033,30.611028],[78.250635,30.611087],[78.250598,30.611092],[78.250598,30.611092],[78.250047,30.611063],[78.249327,30.610885],[78.249114,30.610796],[78.248909,30.610643],[78.248651,30.610319],[78.248613,30.610274],[78.248613,30.610274],[78.248561,30.610216],[78.248333,30.610024],[78.248333,30.610024],[78.247966,30.609843],[78.247726,30.609789],[78.246569,30.609578],[78.246177,30.609199],[78.245504,30.608465],[78.245008,30.607965],[78.244265,30.606612],[78.24402,30.606211],[78.243743,30.605643],[78.2432,30.604936],[78.242808,30.604291],[78.242421,30.603746],[78.241836,30.602867],[78.241659,30.602398],[78.241523,30.602064],[78.241439,30.601861],[78.241084,30.601605],[78.241057,30.60045],[78.241259,30.59999],[78.241431,30.599521],[78.24179,30.598975],[78.242022,30.598762],[78.242254,30.59855],[78.242529,30.598121],[78.242935,30.597598],[78.243259,30.597665],[78.243123,30.597408],[78.242804,30.59703],[78.242825,30.596845],[78.243002,30.596619],[78.243616,30.595915],[78.243704,30.595496],[78.243595,30.59518],[78.242969,30.595068],[78.242609,30.594901],[78.242249,30.594735],[78.242009,30.594306],[78.241669,30.594032],[78.240302,30.593176],[78.23976,30.59282],[78.239327,30.59259],[78.239115,30.59243],[78.238904,30.592271],[78.238543,30.591464],[78.238407,30.59085],[78.238232,30.590433],[78.238057,30.590016],[78.237905,30.589705],[78.237388,30.588781],[78.236871,30.587974],[78.235958,30.586897],[78.235285,30.586347],[78.234878,30.586199],[78.232682,30.585619],[78.230341,30.585089],[78.228261,30.584698],[78.225669,30.584168],[78.225388,30.583965],[78.224877,30.583862],[78.223938,30.583813],[78.221405,30.58344],[78.219095,30.58323],[78.218088,30.582631],[78.216998,30.581933],[78.215887,30.581419],[78.214459,30.581006],[78.212023,30.579844],[78.210688,30.579127],[78.209916,30.578681],[78.208587,30.578443],[78.207983,30.5784],[78.206705,30.578309],[78.205241,30.578256],[78.204193,30.578568],[78.202729,30.579475],[78.20016,30.580789],[78.199014,30.581218],[78.197664,30.581801],[78.1962,30.582487],[78.195011,30.582849],[78.192995,30.583761],[78.192557,30.583847],[78.190201,30.583812],[78.188694,30.583862],[78.18798,30.584219],[78.186829,30.584973],[78.185484,30.585641],[78.184635,30.585812],[78.182909,30.585885],[78.180913,30.585765],[78.178254,30.585594],[78.176455,30.585356],[78.175267,30.58532],[78.174824,30.58542],[78.173458,30.586038],[78.172233,30.586602],[78.170571,30.587546],[78.169461,30.587943],[78.168548,30.588011],[78.167719,30.587993],[78.166745,30.587944],[78.165421,30.588165],[78.164686,30.5884],[78.16443,30.588896],[78.164311,30.589532],[78.16429,30.590619],[78.164468,30.591701],[78.164984,30.592558],[78.165303,30.593501],[78.16548,30.59429],[78.165481,30.595111],[78.165367,30.596766],[78.16519,30.597826],[78.164914,30.598615],[78.164674,30.599044],[78.164581,30.599698],[78.164461,30.600672],[78.164816,30.601583],[78.165567,30.602422],[78.166251,30.602872],[78.166689,30.603062],[78.16807,30.603435],[78.16952,30.603863],[78.170391,30.604089],[78.170647,30.604395],[78.170647,30.60472],[78.170532,30.605031],[78.169954,30.605663],[78.16936,30.606764],[78.169287,30.606962],[78.168734,30.607458],[78.168219,30.608505],[78.168,30.609583],[78.168001,30.610408],[78.16786,30.610904],[78.167605,30.611486],[78.166855,30.613363],[78.166558,30.613791],[78.165906,30.614648],[78.165312,30.615713],[78.165015,30.616159],[78.164859,30.616791],[78.16464,30.617084],[78.164421,30.617427],[78.16365,30.618379],[78.162936,30.619511],[78.162399,30.620724],[78.162264,30.621446],[78.162264,30.622321],[78.1624,30.623277],[78.162541,30.623863],[78.162802,30.624896],[78.163001,30.625788],[78.163038,30.626413],[78.163002,30.626611],[78.162907,30.626711],[78.162782,30.626842],[78.162225,30.627125],[78.161882,30.627263],[78.161751,30.627395],[78.161575,30.627572],[78.160926,30.628775],[78.160276,30.62947],[78.160112,30.629646],[78.160112,30.629646],[78.158952,30.630758],[78.158952,30.630758],[78.158409,30.63107],[78.157979,30.631104],[78.157909,30.631109],[78.157551,30.631299],[78.157551,30.631299],[78.156097,30.632793],[78.156097,30.632793],[78.155143,30.634157],[78.154621,30.634833],[78.154419,30.635131],[78.154755,30.635459],[78.155257,30.636175],[78.155886,30.637247],[78.156194,30.638188],[78.156609,30.639841],[78.156975,30.64086],[78.157721,30.641908],[78.15809,30.642749],[78.158108,30.643509],[78.157563,30.644619],[78.156928,30.64588],[78.15662,30.64684],[78.15667,30.647423],[78.157307,30.647963],[78.158563,30.648332],[78.160078,30.648983],[78.160949,30.649576],[78.162277,30.65096],[78.163302,30.653],[78.164265,30.655242],[78.164415,30.656968],[78.164397,30.658185],[78.164538,30.660519],[78.165185,30.662327],[78.165378,30.66314],[78.165385,30.664636],[78.165374,30.665321],[78.165717,30.665933],[78.166438,30.666753],[78.166721,30.667466],[78.166768,30.668252],[78.166518,30.669213],[78.165967,30.670779],[78.165866,30.671614],[78.166115,30.672606],[78.167006,30.673833],[78.167463,30.674675],[78.167702,30.676325],[78.168436,30.678235],[78.16944,30.679742],[78.170354,30.68135],[78.170659,30.682545],[78.170554,30.68371],[78.170125,30.684922],[78.16881,30.686504],[78.16865,30.687415],[78.168612,30.687973],[78.169039,30.688865],[78.169692,30.690267],[78.171243,30.69249],[78.171669,30.693458],[78.17165,30.694675],[78.172066,30.696327],[78.172612,30.697043],[78.173488,30.697332],[78.174864,30.69755],[78.176065,30.69769],[78.177031,30.697777],[78.178594,30.697262],[78.180129,30.69662],[78.181301,30.69676],[78.182549,30.697661],[78.183688,30.697953],[78.185444,30.698251],[78.18646,30.699023],[78.187184,30.699665],[78.187118,30.700121],[78.186761,30.700472],[78.187369,30.700985],[78.187754,30.700761],[78.188356,30.700705],[78.188959,30.700648],[78.190853,30.70148],[78.193776,30.702197],[78.195965,30.702982],[78.196372,30.70324],[78.197856,30.704068],[78.198423,30.705443],[78.198676,30.706181],[78.198905,30.706539],[78.199609,30.706597],[78.200313,30.706605],[78.200776,30.707016],[78.201498,30.707759],[78.202362,30.708909],[78.203867,30.710295],[78.205003,30.710865],[78.206258,30.711284],[78.207419,30.712159],[78.208615,30.712654],[78.209993,30.71272],[78.212022,30.712412],[78.214256,30.712107],[78.216339,30.71213],[78.218491,30.712507],[78.220173,30.71309],[78.220583,30.714889],[78.221045,30.71535],[78.221596,30.715838],[78.222795,30.716079],[78.22391,30.716117],[78.225344,30.716335],[78.226363,30.716904],[78.227595,30.716968],[78.229212,30.716707],[78.230978,30.716346],[78.232477,30.716183],[78.234132,30.716785],[78.235027,30.717808],[78.235933,30.717388]]]}},{"type":"Feature","properties":{"OBJECTID":4537,"state_lgd":"05","state_name":"UTTARAKHAND","district_lgd":"056","district_name":"UTTARKASHI","district_name_source":"district_table","subdistrict_lgd":"279","subdistrict_name":"MORI","subdistrict_type":"","name_corrupted":false,"remarks":""},"geometry":{"type":"Polygon","coordinates":[[[78.374726,31.284515],[78.375686,31.284444],[78.376355,31.284474],[78.37644,31.284478],[78.377373,31.284649],[78.378057,31.284676],[78.378506,31.284593],[78.379461,31.284272],[78.380708,31.283879],[78.382019,31.283419],[78.382827,31.282982],[78.383541,31.282476],[78.383923,31.282075],[78.384134,31.281631],[78.384513,31.280271],[78.384895,31.278935],[78.384909,31.278885],[78.385323,31.277309],[78.38577,31.275667],[78.385915,31.274183],[78.38613,31.272503],[78.386143,31.272403],[78.386298,31.271433],[78.386793,31.272018],[78.387289,31.272536],[78.388004,31.273137],[78.388875,31.27382],[78.389514,31.274205],[78.390641,31.274621],[78.391721,31.274908],[78.392599,31.275092],[78.393391,31.275249],[78.394419,31.27538],[78.39529,31.275443],[78.39555,31.275445],[78.395935,31.275435],[78.396172,31.27531],[78.396324,31.275109],[78.396397,31.274913],[78.396426,31.274398],[78.396428,31.274353],[78.396319,31.273711],[78.396279,31.273232],[78.396251,31.272907],[78.396217,31.271321],[78.396211,31.270632],[78.39619,31.269997],[78.396188,31.269943],[78.396463,31.269365],[78.396709,31.268917],[78.396801,31.268748],[78.39709,31.268305],[78.397161,31.267725],[78.397281,31.266984],[78.397715,31.266218],[78.398163,31.265588],[78.398893,31.265096],[78.399842,31.264673],[78.40057,31.264262],[78.40127,31.263634],[78.402245,31.262428],[78.402774,31.261637],[78.40345,31.260388],[78.40395,31.259434],[78.40454,31.258805],[78.404877,31.258269],[78.406101,31.257241],[78.4068,31.256667],[78.407167,31.256212],[78.40729,31.25581],[78.407299,31.255781],[78.407133,31.255253],[78.406849,31.254771],[78.406733,31.254574],[78.40631,31.254025],[78.406177,31.253853],[78.405793,31.25358],[78.405367,31.253278],[78.404571,31.252852],[78.404416,31.252451],[78.404298,31.252147],[78.404285,31.25204],[78.404213,31.251444],[78.404126,31.250836],[78.403961,31.250294],[78.403594,31.249823],[78.403278,31.249349],[78.402902,31.248486],[78.402836,31.24794],[78.40283,31.24789],[78.403207,31.247423],[78.403766,31.246541],[78.404576,31.245039],[78.405663,31.243339],[78.406952,31.242188],[78.408785,31.241347],[78.409045,31.241225],[78.410261,31.240655],[78.411313,31.240388],[78.411946,31.24002],[78.412677,31.239611],[78.413452,31.239563],[78.414201,31.239605],[78.415221,31.239892],[78.416118,31.240303],[78.416948,31.240989],[78.417893,31.242034],[78.418447,31.242573],[78.419161,31.243096],[78.420337,31.243827],[78.420737,31.244053],[78.42134,31.244125],[78.421365,31.244128],[78.422865,31.244046],[78.42477,31.243925],[78.425847,31.244237],[78.42591,31.244255],[78.426642,31.24501],[78.42759,31.246501],[78.427993,31.24778],[78.428265,31.248551],[78.428726,31.249376],[78.428897,31.249586],[78.429051,31.249774],[78.430345,31.251602],[78.431156,31.252746],[78.43186,31.253587],[78.432482,31.254066],[78.433169,31.254423],[78.434252,31.254582],[78.435321,31.254498],[78.436014,31.254396],[78.436313,31.254251],[78.436583,31.254118],[78.436824,31.253756],[78.436862,31.253216],[78.436907,31.252828],[78.436951,31.252448],[78.437066,31.252057],[78.437291,31.251668],[78.43733,31.251658],[78.437748,31.251551],[78.438505,31.251355],[78.438981,31.250995],[78.439363,31.250607],[78.439733,31.249838],[78.440611,31.249223],[78.441444,31.248441],[78.441852,31.247973],[78.441935,31.247878],[78.442099,31.247616],[78.442431,31.246913],[78.442499,31.246537],[78.442674,31.245572],[78.443055,31.244772],[78.443592,31.244347],[78.444226,31.244031],[78.444599,31.243844],[78.445584,31.243491],[78.445765,31.243426],[78.446672,31.243061],[78.447729,31.242378],[78.447742,31.242365],[78.448481,31.241623],[78.449361,31.240842],[78.44979,31.240705],[78.449993,31.24064],[78.450924,31.240954],[78.45176,31.241135],[78.452742,31.241234],[78.452851,31.241223],[78.453436,31.241164],[78.453824,31.24114],[78.454516,31.241216],[78.454927,31.24122],[78.455185,31.241222],[78.455711,31.24102],[78.456078,31.240718],[78.456162,31.240511],[78.456319,31.240125],[78.456407,31.239565],[78.456887,31.238572],[78.457712,31.237776],[78.458169,31.237493],[78.458614,31.237216],[78.459447,31.236968],[78.460159,31.236739],[78.461018,31.236449],[78.461448,31.236232],[78.46174,31.236027],[78.461865,31.235726],[78.461948,31.235523],[78.461973,31.234872],[78.462063,31.234104],[78.462393,31.233498],[78.463005,31.232908],[78.464422,31.231771],[78.46529,31.230754],[78.465621,31.230085],[78.465849,31.229263],[78.465925,31.228357],[78.466221,31.227854],[78.466843,31.227433],[78.467493,31.227041],[78.467756,31.226656],[78.468662,31.22514],[78.469028,31.224174],[78.469531,31.222689],[78.470064,31.221974],[78.471616,31.220298],[78.472445,31.219135],[78.472857,31.218447],[78.474626,31.217493],[78.475389,31.217029],[78.476969,31.215756],[78.478317,31.214923],[78.479284,31.214371],[78.479799,31.21378],[78.48004,31.213138],[78.480303,31.212434],[78.480917,31.211075],[78.481287,31.209818],[78.481397,31.208046],[78.481398,31.208018],[78.481256,31.206149],[78.481253,31.206111],[78.48145,31.204506],[78.481665,31.204079],[78.482872,31.202981],[78.483614,31.202275],[78.484272,31.201214],[78.484358,31.200502],[78.484362,31.200467],[78.484179,31.19962],[78.484007,31.199196],[78.483806,31.198992],[78.483752,31.198937],[78.485091,31.198866],[78.485704,31.198796],[78.487462,31.19875],[78.488519,31.198621],[78.491632,31.198414],[78.493986,31.198353],[78.49522,31.198253],[78.496994,31.198179],[78.497689,31.198026],[78.498661,31.197661],[78.499523,31.19754],[78.502793,31.197194],[78.504187,31.196865],[78.50517,31.196692],[78.506886,31.196104],[78.507564,31.195871],[78.508,31.195989],[78.508271,31.196094],[78.508751,31.19628],[78.509437,31.19648],[78.509494,31.196486],[78.510827,31.196618],[78.512654,31.196646],[78.516083,31.196779],[78.518943,31.196874],[78.520108,31.196907],[78.522335,31.196813],[78.523685,31.196825],[78.524506,31.196924],[78.525357,31.196635],[78.526524,31.196464],[78.52843,31.19664],[78.531391,31.197099],[78.534536,31.197864],[78.53567,31.19814],[78.537204,31.198358],[78.537795,31.198376],[78.539296,31.198422],[78.541336,31.198321],[78.541629,31.198307],[78.543576,31.198256],[78.544884,31.198529],[78.546862,31.199264],[78.548511,31.199893],[78.549515,31.20005],[78.55039,31.200058],[78.551532,31.199921],[78.551623,31.19991],[78.551977,31.200197],[78.552877,31.201437],[78.553124,31.201779],[78.554023,31.203062],[78.555368,31.204645],[78.556745,31.205875],[78.558619,31.207543],[78.560545,31.209324],[78.561707,31.210724],[78.562598,31.211574],[78.564125,31.212384],[78.565111,31.213053],[78.56549,31.213478],[78.56562,31.213737],[78.565736,31.21397],[78.565934,31.215156],[78.566454,31.217107],[78.566704,31.217539],[78.567064,31.21816],[78.568072,31.219148],[78.568942,31.219542],[78.572706,31.220509],[78.574246,31.220952],[78.574502,31.221025],[78.574857,31.221222],[78.57517,31.221692],[78.575621,31.222754],[78.576322,31.223705],[78.576534,31.223992],[78.578241,31.225259],[78.579718,31.225898],[78.582137,31.226374],[78.584493,31.226543],[78.587036,31.226576],[78.5895,31.226666],[78.591037,31.226611],[78.592813,31.226592],[78.593968,31.226385],[78.594688,31.225993],[78.595329,31.225532],[78.595929,31.225195],[78.596765,31.225123],[78.597331,31.225401],[78.598211,31.226091],[78.599301,31.226863],[78.600179,31.227725],[78.600917,31.228095],[78.60229,31.228517],[78.603433,31.228773],[78.603928,31.228884],[78.606799,31.229239],[78.607137,31.229241],[78.609343,31.22926],[78.610709,31.229146],[78.612276,31.22883],[78.613897,31.228376],[78.615124,31.227738],[78.616951,31.22666],[78.618548,31.226082],[78.619136,31.225609],[78.619524,31.225267],[78.619751,31.225067],[78.621241,31.224602],[78.622381,31.224143],[78.622572,31.224066],[78.623134,31.223524],[78.624119,31.22195],[78.624566,31.221134],[78.624922,31.220056],[78.625123,31.218737],[78.625205,31.218527],[78.624916,31.218306],[78.624598,31.218063],[78.623837,31.217396],[78.622852,31.21552],[78.622678,31.214449],[78.621478,31.212799],[78.620749,31.2117],[78.620656,31.210538],[78.620963,31.209174],[78.620657,31.208124],[78.619376,31.206679],[78.617807,31.204844],[78.616373,31.202805],[78.614435,31.200853],[78.613232,31.199477],[78.611841,31.198349],[78.610053,31.19715],[78.608819,31.196228],[78.607693,31.195126],[78.606666,31.19457],[78.605511,31.19365],[78.604886,31.192665],[78.603972,31.191587],[78.60313,31.191056],[78.601469,31.190359],[78.599439,31.189545],[78.598968,31.189062],[78.598868,31.188515],[78.598741,31.188058],[78.598373,31.187805],[78.597609,31.187434],[78.597376,31.187022],[78.59667,31.186151],[78.59567,31.185618],[78.594351,31.185174],[78.593429,31.184734],[78.592801,31.184022],[78.592472,31.182699],[78.592537,31.181697],[78.592226,31.181125],[78.591407,31.18089],[78.590007,31.180628],[78.589137,31.180256],[78.588957,31.179776],[78.588676,31.178886],[78.588288,31.178085],[78.588209,31.176935],[78.58798,31.176101],[78.587551,31.175403],[78.587131,31.175081],[78.586578,31.174848],[78.585745,31.174659],[78.584008,31.17371],[78.582064,31.172395],[78.58004,31.171102],[78.579679,31.170279],[78.579876,31.169211],[78.58037,31.167803],[78.580992,31.166693],[78.580974,31.165918],[78.580149,31.164066],[78.578874,31.162097],[78.577384,31.160398],[78.576655,31.15939],[78.575897,31.158473],[78.575138,31.157714],[78.574355,31.156774],[78.574123,31.156202],[78.573528,31.155059],[78.572582,31.15439],[78.571355,31.152944],[78.570788,31.151619],[78.570568,31.15],[78.570556,31.148792],[78.570064,31.147854],[78.569581,31.146119],[78.569835,31.144846],[78.570596,31.14319],[78.571491,31.141376],[78.57155,31.14083],[78.57114,31.13971],[78.571162,31.13782],[78.572931,31.133804],[78.573465,31.13226],[78.573594,31.131419],[78.573336,31.130847],[78.572413,31.12937],[78.570847,31.128616],[78.569725,31.128356],[78.568878,31.128326],[78.568002,31.128512],[78.567178,31.128812],[78.566344,31.128793],[78.565658,31.128605],[78.564712,31.128005],[78.563624,31.127061],[78.563095,31.125906],[78.563101,31.125371],[78.563346,31.12485],[78.563737,31.124227],[78.563783,31.123726],[78.56356,31.123508],[78.563154,31.123162],[78.562023,31.122549],[78.559919,31.121346],[78.557008,31.120125],[78.554994,31.119173],[78.554535,31.118884],[78.554498,31.118634],[78.554503,31.117085],[78.554495,31.115581],[78.553851,31.114073],[78.552781,31.112719],[78.551523,31.111683],[78.550581,31.110787],[78.550087,31.110031],[78.550122,31.109348],[78.550666,31.108122],[78.550209,31.106433],[78.549434,31.104877],[78.548741,31.103026],[78.547729,31.101354],[78.546869,31.100208],[78.545795,31.09931],[78.545192,31.098826],[78.545459,31.098601],[78.546288,31.097925],[78.547224,31.097068],[78.548003,31.096164],[78.548834,31.095283],[78.549286,31.095104],[78.550107,31.095089],[78.550982,31.094937],[78.551861,31.094467],[78.552926,31.093929],[78.55388,31.093824],[78.555547,31.093884],[78.556895,31.094033],[78.558085,31.094112],[78.558884,31.093777],[78.559736,31.093329],[78.560245,31.092787],[78.561155,31.091929],[78.562066,31.09098],[78.563478,31.090241],[78.564858,31.089889],[78.566184,31.089741],[78.565438,31.087889],[78.564952,31.086473],[78.564961,31.085676],[78.565242,31.084357],[78.565571,31.083335],[78.565457,31.081808],[78.565213,31.080029],[78.564932,31.079206],[78.564409,31.078632],[78.563422,31.07712],[78.563208,31.075023],[78.563193,31.074066],[78.564073,31.072411],[78.566647,31.069563],[78.567346,31.068658],[78.568829,31.066291],[78.569636,31.065182],[78.570943,31.064305],[78.571692,31.063605],[78.572364,31.062723],[78.574386,31.059574],[78.575511,31.058422],[78.575567,31.058103],[78.576364,31.055605],[78.57747,31.053769],[78.578541,31.052731],[78.581053,31.050588],[78.58226,31.049186],[78.582746,31.048348],[78.583127,31.047508],[78.58319,31.046597],[78.582909,31.045752],[78.582584,31.045248],[78.582022,31.044697],[78.581398,31.043757],[78.581224,31.042799],[78.581336,31.042276],[78.581722,31.040912],[78.581763,31.03966],[78.581669,31.038634],[78.581394,31.037265],[78.580528,31.034432],[78.579596,31.032716],[78.578722,31.031649],[78.577686,31.030831],[78.576328,31.030455],[78.574745,31.030122],[78.574011,31.029592],[78.573335,31.028561],[78.572467,31.02591],[78.571391,31.022871],[78.571123,31.020955],[78.571014,31.018949],[78.570314,31.017781],[78.569028,31.016905],[78.565991,31.01534],[78.564294,31.014562],[78.562473,31.014204],[78.561127,31.01401],[78.559645,31.01402],[78.558696,31.013738],[78.558202,31.013028],[78.557813,31.012364],[78.557377,31.011221],[78.556891,31.009827],[78.556477,31.009117],[78.555366,31.006897],[78.554228,31.0047],[78.553636,31.00335],[78.552208,31.003338],[78.550199,31.003252],[78.547585,31.002887],[78.545487,31.002435],[78.54455,31.00229],[78.543175,31.002255],[78.541666,31.002367],[78.539562,31.002496],[78.537975,31.002494],[78.536862,31.002677],[78.535349,31.003154],[78.534393,31.003487],[78.532589,31.003915],[78.531847,31.003999],[78.531055,31.003901],[78.530433,31.003918],[78.530114,31.004098],[78.529421,31.00449],[78.528836,31.004758],[78.527688,31.005682],[78.527287,31.005975],[78.526757,31.006118],[78.525936,31.006133],[78.524946,31.006056],[78.523678,31.005908],[78.521603,31.005821],[78.518825,31.005875],[78.517133,31.005769],[78.515697,31.005323],[78.514198,31.00466],[78.513003,31.003954],[78.511508,31.002938],[78.510795,31.002818],[78.509624,31.003423],[78.508614,31.003846],[78.507789,31.004249],[78.506599,31.004215],[78.505252,31.004066],[78.503565,31.003618],[78.502217,31.003492],[78.500996,31.003868],[78.50009,31.004383],[78.498771,31.005353],[78.497631,31.005689],[78.496254,31.006008],[78.495134,31.006313],[78.493385,31.00707],[78.492776,31.007458],[78.493461,31.008316],[78.493615,31.009232],[78.493778,31.010101],[78.493938,31.011214],[78.494254,31.012281],[78.494494,31.012883],[78.495071,31.013598],[78.495516,31.014611],[78.495676,31.01574],[78.495588,31.016236],[78.49524,31.016966],[78.495067,31.017587],[78.494947,31.018469],[78.494546,31.019057],[78.494053,31.019628],[78.493646,31.019963],[78.492834,31.020492],[78.492042,31.020926],[78.49057,31.021488],[78.489274,31.021846],[78.488155,31.022049],[78.487597,31.02206],[78.487284,31.022191],[78.487133,31.02256],[78.486901,31.023496],[78.486677,31.023872],[78.486326,31.024137],[78.485494,31.024713],[78.484616,31.025446],[78.484132,31.026056],[78.483751,31.027212],[78.483087,31.028317],[78.482269,31.02935],[78.481753,31.029621],[78.481312,31.029688],[78.480408,31.02957],[78.479474,31.029545],[78.477639,31.029094],[78.47689,31.029017],[78.476228,31.0292],[78.475783,31.029661],[78.474895,31.030354],[78.474085,31.030749],[78.473158,31.030905],[78.47176,31.030719],[78.4705,31.030431],[78.469753,31.03014],[78.468515,31.029538],[78.467685,31.029333],[78.466748,31.029545],[78.465498,31.029927],[78.46451,31.029839],[78.462958,31.029493],[78.462118,31.029359],[78.461542,31.03],[78.461019,31.030831],[78.460582,31.032089],[78.459953,31.034038],[78.459373,31.034947],[78.458728,31.035288],[78.458196,31.035362],[78.457226,31.035368],[78.456033,31.035515],[78.453667,31.035886],[78.45233,31.035858],[78.45098,31.035498],[78.448954,31.034927],[78.447079,31.034058],[78.445748,31.03362],[78.44346,31.032881],[78.440948,31.032415],[78.440135,31.032289],[78.439295,31.032754],[78.437534,31.033778],[78.436302,31.034113],[78.43521,31.034355],[78.434209,31.034543],[78.432882,31.034561],[78.431401,31.034326],[78.430212,31.03422],[78.429256,31.034574],[78.42848,31.035103],[78.42651,31.035888],[78.42524,31.036396],[78.423955,31.03662],[78.422467,31.037],[78.421325,31.037525],[78.420086,31.038475],[78.418993,31.039426],[78.418189,31.039962],[78.416882,31.040517],[78.415687,31.040861],[78.415148,31.040792],[78.414529,31.040507],[78.413563,31.040158],[78.412663,31.039976],[78.412031,31.040041],[78.410378,31.040419],[78.409232,31.040518],[78.407741,31.040425],[78.40633,31.040427],[78.405102,31.040573],[78.403503,31.041014],[78.401739,31.041407],[78.399403,31.04222],[78.397924,31.042568],[78.396593,31.042847],[78.395196,31.043243],[78.39381,31.044176],[78.39324,31.044335],[78.392339,31.043917],[78.39109,31.043542],[78.389854,31.042859],[78.388517,31.042153],[78.386742,31.041386],[78.386013,31.041127],[78.385703,31.040319],[78.385473,31.039718],[78.385113,31.039273],[78.384679,31.038796],[78.383482,31.037916],[78.382639,31.037348],[78.381907,31.036553],[78.381464,31.0355],[78.380962,31.034667],[78.380393,31.034117],[78.379694,31.033669],[78.379231,31.033341],[78.379039,31.032653],[78.378867,31.0318],[78.378289,31.031243],[78.377291,31.030547],[78.376426,31.030144],[78.375284,31.030022],[78.374302,31.030146],[78.372841,31.030534],[78.370986,31.030957],[78.369821,31.03115],[78.36808,31.031244],[78.367238,31.031192],[78.367078,31.030177],[78.366906,31.029675],[78.366332,31.028817],[78.365519,31.028029],[78.36442,31.02734],[78.362761,31.026787],[78.361376,31.026316],[78.36023,31.0258],[78.359777,31.025433],[78.358653,31.024601],[78.357415,31.024061],[78.35614,31.023591],[78.355302,31.023259],[78.355621,31.022679],[78.356069,31.02206],[78.357317,31.020496],[78.358119,31.019377],[78.35893,31.017603],[78.359386,31.016441],[78.359635,31.015623],[78.359576,31.014535],[78.359418,31.014028],[78.359097,31.013442],[78.358054,31.012028],[78.357155,31.010773],[78.356445,31.010498],[78.355477,31.010115],[78.354772,31.009886],[78.353029,31.009093],[78.351699,31.008608],[78.350694,31.008002],[78.349929,31.007481],[78.348338,31.006121],[78.347299,31.004974],[78.346388,31.004569],[78.345362,31.004261],[78.344413,31.004217],[78.343502,31.004339],[78.342597,31.004656],[78.341774,31.004841],[78.341091,31.00532],[78.340582,31.006091],[78.340217,31.006877],[78.339756,31.007676],[78.339332,31.008032],[78.338606,31.008205],[78.337866,31.008142],[78.336933,31.008174],[78.334825,31.008125],[78.333809,31.007741],[78.333031,31.007525],[78.331975,31.007646],[78.3308,31.007696],[78.329304,31.007639],[78.328029,31.007307],[78.326396,31.006709],[78.325515,31.00645],[78.324982,31.008218],[78.323725,31.01069],[78.323614,31.011616],[78.324041,31.01259],[78.323338,31.013888],[78.322644,31.016367],[78.321878,31.016928],[78.320283,31.017291],[78.318124,31.017732],[78.316972,31.017973],[78.315795,31.01815],[78.316028,31.019016],[78.316259,31.019967],[78.314842,31.020742],[78.3139,31.021648],[78.312785,31.02269],[78.311928,31.022755],[78.311258,31.022548],[78.309381,31.022065],[78.307477,31.021793],[78.305321,31.022086],[78.303438,31.022088],[78.30203,31.021315],[78.30059,31.021047],[78.29801,31.021926],[78.295392,31.022815],[78.294119,31.02296],[78.292657,31.022566],[78.290735,31.021829],[78.288897,31.02121],[78.287096,31.020538],[78.285255,31.019297],[78.283699,31.018649],[78.282699,31.018449],[78.281012,31.018368],[78.279299,31.018455],[78.277539,31.018394],[78.276758,31.018239],[78.275392,31.018035],[78.27387,31.018377],[78.272744,31.018491],[78.271308,31.017929],[78.269587,31.016878],[78.268109,31.015894],[78.267056,31.016009],[78.265847,31.016733],[78.264117,31.017958],[78.262739,31.018533],[78.259968,31.019093],[78.2584,31.019266],[78.256486,31.019709],[78.253107,31.019905],[78.251019,31.020536],[78.248793,31.020596],[78.245133,31.021673],[78.242808,31.021775],[78.240386,31.02177],[78.239387,31.021527],[78.23785,31.021279],[78.236673,31.021456],[78.235216,31.022409],[78.233811,31.023173],[78.232088,31.023871],[78.22927,31.024283],[78.226565,31.025244],[78.223845,31.027278],[78.221486,31.028011],[78.219537,31.027442],[78.217505,31.025904],[78.215191,31.023561],[78.2122,31.020748],[78.209974,31.019081],[78.207491,31.018295],[78.205141,31.018438],[78.20209,31.019626],[78.197855,31.02156],[78.194584,31.022745],[78.191496,31.023175],[78.189247,31.023066],[78.186883,31.022513],[78.18528,31.021758],[78.181927,31.020246],[78.179808,31.019612],[78.177966,31.020118],[78.179672,31.017272],[78.181082,31.014633],[78.181125,31.011727],[78.181706,31.008868],[78.182004,31.005333],[78.183003,31.000667],[78.183663,30.999544],[78.183972,30.99903],[78.184013,30.998417],[78.183813,30.9971],[78.183682,30.995842],[78.183634,30.99498],[78.183921,30.994218],[78.184277,30.993857],[78.184476,30.993609],[78.184565,30.993284],[78.184345,30.992635],[78.18348,30.991282],[78.182935,30.990173],[78.182835,30.989736],[78.183017,30.987945],[78.183058,30.986606],[78.182995,30.986056],[78.18266,30.98556],[78.181863,30.984166],[78.181842,30.983192],[78.181925,30.982295],[78.18206,30.979945],[78.182169,30.978322],[78.181901,30.977808],[78.181901,30.977023],[78.182256,30.975688],[78.182742,30.974695],[78.182605,30.972671],[78.182515,30.971561],[78.182651,30.971047],[78.182515,30.970587],[78.182027,30.969099],[78.181718,30.968355],[78.181204,30.967498],[78.180738,30.966601],[78.180272,30.966791],[78.17932,30.966733],[78.177791,30.966526],[78.176064,30.965954],[78.174625,30.965436],[78.173028,30.965229],[78.171385,30.965347],[78.170077,30.965212],[78.169082,30.964811],[78.168129,30.964622],[78.166313,30.96441],[78.165094,30.964334],[78.164141,30.963956],[78.16345,30.963554],[78.162435,30.962675],[78.161037,30.96195],[78.160681,30.961896],[78.159729,30.96172],[78.158515,30.961644],[78.157447,30.961644],[78.156898,30.961703],[78.155699,30.96136],[78.155254,30.961248],[78.154438,30.961609],[78.153726,30.961667],[78.152904,30.961532],[78.152266,30.96142],[78.151245,30.96096],[78.15078,30.960865],[78.149006,30.96087],[78.148163,30.960676],[78.1471,30.960126],[78.144442,30.958923],[78.142955,30.958463],[78.141009,30.95812],[78.139899,30.957588],[78.138528,30.957115],[78.137131,30.956353],[78.136068,30.955609],[78.134891,30.95473],[78.133473,30.954062],[78.131479,30.953679],[78.129621,30.953548],[78.128355,30.953282],[78.126874,30.952597],[78.125607,30.951776],[78.124634,30.951524],[78.12286,30.951352],[78.122149,30.951244],[78.121086,30.950806],[78.119224,30.94985],[78.118271,30.949679],[78.117874,30.949562],[78.11701,30.949277],[78.115749,30.948799],[78.114483,30.948285],[78.113709,30.948132],[78.113243,30.94815],[78.111181,30.948916],[78.108989,30.949317],[78.10644,30.949682],[78.105509,30.94993],[78.104536,30.950656],[78.102254,30.951702],[78.101751,30.951855],[78.101207,30.951864],[78.10082,30.951589],[78.099162,30.950258],[78.098581,30.950019],[78.097796,30.949906],[78.097739,30.948788],[78.097681,30.948274],[78.09709,30.947408],[78.096766,30.946853],[78.096515,30.946339],[78.095474,30.946568],[78.094129,30.94674],[78.092512,30.946577],[78.091377,30.946599],[78.090602,30.94673],[78.088807,30.947343],[78.087745,30.947532],[78.087002,30.947446],[78.086651,30.947301],[78.086296,30.947044],[78.085762,30.946331],[78.085365,30.94469],[78.085188,30.944004],[78.084748,30.943621],[78.082688,30.942037],[78.079188,30.940124],[78.078513,30.93965],[78.078425,30.939154],[78.078775,30.938581],[78.079179,30.937016],[78.07909,30.936669],[78.078604,30.93629],[78.077537,30.93518],[78.076078,30.933308],[78.075284,30.931896],[78.07394,30.930254],[78.073098,30.929356],[78.072544,30.92886],[78.07166,30.928553],[78.070886,30.928246],[78.068914,30.928169],[78.066921,30.928344],[78.066031,30.928073],[78.065257,30.927707],[78.064264,30.926926],[78.063443,30.925952],[78.062999,30.925018],[78.062802,30.923201],[78.062514,30.922515],[78.062117,30.921983],[78.061385,30.921351],[78.06046,30.920778],[78.059905,30.920353],[78.058619,30.919135],[78.05829,30.91854],[78.057647,30.918291],[78.057024,30.918291],[78.056297,30.918462],[78.055722,30.91871],[78.054701,30.919629],[78.054188,30.9198],[78.052231,30.921229],[78.051744,30.921459],[78.051033,30.920921],[78.050014,30.920199],[78.048822,30.91913],[78.048158,30.918669],[78.047713,30.919278],[78.046917,30.919967],[78.046027,30.920386],[78.045185,30.920769],[78.044034,30.920768],[78.043239,30.920727],[78.042308,30.920537],[78.041555,30.920158],[78.040849,30.919585],[78.040226,30.92004],[78.039033,30.920576],[78.038191,30.920805],[78.037307,30.921107],[78.036773,30.921449],[78.036149,30.922252],[78.035312,30.922864],[78.034203,30.923094],[78.031676,30.922938],[78.030923,30.923091],[78.030127,30.923623],[78.028929,30.924005],[78.027956,30.923811],[78.026539,30.923201],[78.025478,30.922397],[78.024328,30.92144],[78.023753,30.920642],[78.022556,30.919797],[78.02114,30.918844],[78.020562,30.918652],[78.020507,30.919003],[78.020247,30.919706],[78.019935,30.92112],[78.019834,30.921696],[78.01955,30.922734],[78.019312,30.923363],[78.019101,30.923771],[78.018749,30.924252],[78.018339,30.925144],[78.018079,30.925816],[78.017784,30.926362],[78.017223,30.9271],[78.016472,30.927829],[78.015568,30.928443],[78.014286,30.929394],[78.013395,30.930115],[78.012694,30.93135],[78.01249,30.931726],[78.012197,30.932619],[78.011956,30.933487],[78.011838,30.933985],[78.011586,30.934632],[78.011349,30.935254],[78.011287,30.935859],[78.011048,30.937056],[78.010775,30.937655],[78.010527,30.938009],[78.009754,30.938943],[78.007948,30.941011],[78.007225,30.941772],[78.005596,30.943286],[78.004277,30.944697],[78.003384,30.945557],[78.001638,30.947063],[78.000975,30.947718],[78.00048,30.948002],[78.000456,30.949684],[78.000361,30.950989],[78.000262,30.951695],[77.99965,30.952344],[77.998661,30.953143],[77.998231,30.953599],[77.997277,30.954212],[77.99663,30.954847],[77.99627,30.955335],[77.995684,30.956311],[77.995104,30.956863],[77.994594,30.957121],[77.993361,30.957343],[77.991778,30.957512],[77.990994,30.957758],[77.989822,30.958292],[77.98927,30.958475],[77.98882,30.958469],[77.988247,30.958614],[77.987396,30.958963],[77.986976,30.959137],[77.986487,30.9595],[77.986295,30.95981],[77.98629,30.960113],[77.986406,30.960369],[77.986687,30.960676],[77.987159,30.960975],[77.988122,30.961176],[77.989007,30.961404],[77.989606,30.961714],[77.990061,30.962098],[77.990231,30.962422],[77.99027,30.962716],[77.990242,30.963066],[77.989996,30.963346],[77.989763,30.963485],[77.989442,30.963661],[77.98898,30.963693],[77.988234,30.963675],[77.987521,30.963675],[77.986838,30.963771],[77.986364,30.963888],[77.985911,30.964081],[77.985688,30.964315],[77.98538,30.964675],[77.985141,30.964824],[77.984501,30.965024],[77.98397,30.965254],[77.983646,30.965619],[77.98351,30.965873],[77.983614,30.966243],[77.98389,30.966767],[77.984049,30.967157],[77.984039,30.967752],[77.983867,30.968195],[77.983451,30.968757],[77.98284,30.969185],[77.982374,30.969482],[77.98179,30.969645],[77.981384,30.969602],[77.980892,30.969473],[77.980468,30.969222],[77.979871,30.968855],[77.979324,30.968725],[77.978797,30.968719],[77.978278,30.968873],[77.978001,30.96905],[77.977657,30.969282],[77.977312,30.96958],[77.976942,30.969992],[77.976627,30.970452],[77.976314,30.970798],[77.976016,30.970898],[77.975411,30.970985],[77.974785,30.970987],[77.97442,30.971172],[77.974196,30.971434],[77.974079,30.971839],[77.973874,30.9723],[77.973645,30.972827],[77.973477,30.973042],[77.97322,30.973295],[77.972764,30.973658],[77.971921,30.974206],[77.971153,30.974802],[77.970728,30.975298],[77.97057,30.975532],[77.970412,30.975767],[77.97016,30.976388],[77.9696,30.977081],[77.969244,30.97736],[77.968713,30.9776],[77.968384,30.977596],[77.967755,30.977096],[77.967211,30.976805],[77.966553,30.976741],[77.965275,30.977008],[77.963975,30.977295],[77.963467,30.977497],[77.962565,30.97758],[77.961756,30.977381],[77.961129,30.976787],[77.96046,30.976078],[77.959831,30.975635],[77.959065,30.975474],[77.958076,30.9755],[77.957169,30.975924],[77.955888,30.976343],[77.955188,30.97622],[77.95423,30.975735],[77.952185,30.974575],[77.951159,30.97424],[77.949224,30.974386],[77.948014,30.974522],[77.947181,30.974417],[77.945346,30.973883],[77.944121,30.973603],[77.943507,30.973534],[77.942894,30.973465],[77.94185,30.973489],[77.940651,30.973635],[77.939104,30.973606],[77.937823,30.973354],[77.936524,30.97294],[77.934843,30.972389],[77.934004,30.972019],[77.932946,30.971561],[77.932453,30.971507],[77.931804,30.971594],[77.931055,30.971745],[77.930427,30.97187],[77.928908,30.972125],[77.927952,30.97215],[77.927153,30.972017],[77.926609,30.971745],[77.926095,30.970982],[77.925501,30.969745],[77.924781,30.968203],[77.924132,30.967627],[77.923128,30.967255],[77.921664,30.966877],[77.920593,30.966542],[77.919549,30.96598],[77.918035,30.964636],[77.916634,30.963123],[77.915925,30.962244],[77.9151,30.961647],[77.914275,30.961126],[77.913342,30.96047],[77.912542,30.959741],[77.911877,30.958881],[77.911314,30.958401],[77.910362,30.957585],[77.909183,30.956567],[77.907998,30.955927],[77.907275,30.955795],[77.906358,30.9555],[77.905619,30.955055],[77.905242,30.954653],[77.90489,30.954052],[77.904392,30.953658],[77.903412,30.953182],[77.902288,30.952846],[77.901567,30.952647],[77.900846,30.95242],[77.900178,30.952346],[77.899825,30.952436],[77.89959,30.95266],[77.899476,30.952952],[77.899418,30.953419],[77.899361,30.953887],[77.899364,30.954984],[77.899049,30.955434],[77.898628,30.955656],[77.897879,30.95576],[77.897179,30.955618],[77.896201,30.955038],[77.895604,30.954652],[77.895007,30.954266],[77.894011,30.953458],[77.89293,30.952498],[77.891875,30.951331],[77.890985,30.950714],[77.889741,30.9503],[77.888957,30.94995],[77.888132,30.949409],[77.887254,30.948149],[77.886068,30.946904],[77.885508,30.946263],[77.884925,30.945744],[77.884335,30.945576],[77.883889,30.945646],[77.883629,30.945751],[77.883113,30.946407],[77.882611,30.947498],[77.881983,30.948284],[77.881494,30.948637],[77.881008,30.948782],[77.880217,30.948829],[77.87919,30.948551],[77.878536,30.948277],[77.877862,30.94789],[77.876864,30.947234],[77.875756,30.946538],[77.875126,30.946171],[77.873951,30.945588],[77.873016,30.945103],[77.871888,30.944312],[77.871254,30.944171],[77.870705,30.944183],[77.869752,30.944682],[77.868975,30.945182],[77.868012,30.946258],[77.867852,30.946615],[77.867806,30.947353],[77.867886,30.947827],[77.868196,30.948578],[77.868532,30.949439],[77.868662,30.950188],[77.868598,30.950707],[77.868483,30.95099],[77.86792,30.951834],[77.867064,30.953024],[77.866405,30.953668],[77.865439,30.954327],[77.864948,30.954775],[77.864465,30.955393],[77.86366,30.956248],[77.863332,30.956471],[77.86298,30.956523],[77.862635,30.956462],[77.862286,30.95632],[77.861862,30.956069],[77.861406,30.955807],[77.860818,30.955535],[77.860226,30.95547],[77.859535,30.955456],[77.858367,30.955375],[77.857634,30.955266],[77.856934,30.955086],[77.856325,30.954804],[77.85576,30.954437],[77.855102,30.953814],[77.854792,30.953346],[77.854431,30.953265],[77.854077,30.953441],[77.853598,30.953822],[77.853348,30.954273],[77.853305,30.95485],[77.853427,30.955428],[77.853822,30.956067],[77.854137,30.956847],[77.854352,30.957758],[77.854295,30.958495],[77.854282,30.95981],[77.854433,30.960597],[77.854679,30.961613],[77.854883,30.962495],[77.854943,30.963414],[77.854945,30.963944],[77.854828,30.964339],[77.854591,30.964705],[77.853537,30.965656],[77.852585,30.966732],[77.851654,30.967845],[77.84908,30.970564],[77.848429,30.971388],[77.847952,30.972281],[77.847722,30.972864],[77.847497,30.973202],[77.847118,30.973519],[77.846543,30.973738],[77.846081,30.973798],[77.844724,30.97414],[77.844215,30.974407],[77.843969,30.974622],[77.843689,30.974968],[77.843426,30.975551],[77.843264,30.975975],[77.843311,30.976429],[77.843425,30.976847],[77.84383,30.977496],[77.844042,30.977915],[77.844155,30.978351],[77.844127,30.97872],[77.843925,30.978992],[77.843457,30.979354],[77.842785,30.979469],[77.842016,30.979487],[77.84095,30.979548],[77.840044,30.979886],[77.83958,30.980349],[77.83928,30.98087],[77.839038,30.982087],[77.838999,30.982777],[77.839029,30.983208],[77.839123,30.9838],[77.839513,30.984714],[77.840036,30.985572],[77.840567,30.986563],[77.840723,30.987057],[77.840737,30.987539],[77.840654,30.987888],[77.840421,30.988311],[77.839949,30.988607],[77.839178,30.989037],[77.838949,30.989247],[77.838855,30.989624],[77.838825,30.990059],[77.839124,30.990555],[77.839455,30.990774],[77.840187,30.991259],[77.841238,30.992068],[77.841593,30.992507],[77.84185,30.993485],[77.841934,30.994137],[77.841968,30.994157],[77.842434,30.994446],[77.843217,30.994873],[77.843416,30.995083],[77.842945,30.995673],[77.84238,30.995949],[77.84162,30.996043],[77.841102,30.99615],[77.840716,30.996268],[77.840348,30.996556],[77.839964,30.997185],[77.839482,30.997737],[77.838874,30.997975],[77.838417,30.998357],[77.838332,30.998819],[77.838456,30.999208],[77.838632,30.99967],[77.838501,30.99985],[77.838243,31.000346],[77.838091,31.001205],[77.837966,31.002102],[77.83797,31.002883],[77.837942,31.003915],[77.837803,31.005057],[77.837522,31.005447],[77.837128,31.005955],[77.83635,31.006481],[77.835143,31.007135],[77.834438,31.007431],[77.834406,31.007444],[77.833952,31.00775],[77.833816,31.008395],[77.83394,31.009153],[77.834087,31.009894],[77.834125,31.010086],[77.834033,31.010645],[77.833869,31.011084],[77.83358,31.01138],[77.832888,31.011674],[77.832266,31.011911],[77.83176,31.012073],[77.831574,31.012209],[77.83156,31.012315],[77.831548,31.012402],[77.831668,31.01262],[77.832353,31.013085],[77.832355,31.013087],[77.833089,31.013514],[77.833749,31.013988],[77.834098,31.014434],[77.834191,31.014869],[77.834181,31.015413],[77.83414,31.016146],[77.834223,31.016644],[77.834347,31.017402],[77.834338,31.017915],[77.834182,31.018433],[77.83403,31.019251],[77.834015,31.020071],[77.834035,31.021002],[77.834056,31.021901],[77.834043,31.02261],[77.833446,31.023738],[77.832726,31.024611],[77.831853,31.025814],[77.831693,31.026584],[77.831916,31.027384],[77.832314,31.028177],[77.832003,31.028709],[77.83141,31.028723],[77.829823,31.028759],[77.829775,31.028787],[77.829008,31.029237],[77.828982,31.029265],[77.828781,31.029263],[77.828286,31.029764],[77.827794,31.030262],[77.827769,31.030334],[77.8276,31.030809],[77.827523,31.031012],[77.827378,31.031345],[77.826891,31.031937],[77.826013,31.033897],[77.825383,31.035836],[77.824693,31.037379],[77.82463,31.037521],[77.82414,31.038403],[77.823192,31.040112],[77.822934,31.040701],[77.822791,31.041029],[77.822725,31.041091],[77.821999,31.041783],[77.821473,31.042578],[77.821468,31.042586],[77.821368,31.042737],[77.821382,31.042764],[77.821411,31.042821],[77.821784,31.043562],[77.821997,31.044424],[77.822019,31.045252],[77.822014,31.0453],[77.821942,31.045976],[77.821942,31.045985],[77.821617,31.046714],[77.821265,31.046922],[77.820859,31.047113],[77.820129,31.047474],[77.819784,31.047785],[77.819329,31.048197],[77.818764,31.048552],[77.81871,31.048567],[77.818165,31.048725],[77.817298,31.049061],[77.81667,31.049407],[77.816036,31.049982],[77.815804,31.050673],[77.815648,31.051238],[77.815647,31.05128],[77.815637,31.051829],[77.81587,31.052621],[77.816099,31.052956],[77.816731,31.053878],[77.816963,31.054469],[77.817079,31.054782],[77.817151,31.054976],[77.817148,31.055874],[77.817144,31.055885],[77.816795,31.05669],[77.816256,31.057116],[77.815538,31.057296],[77.81471,31.057553],[77.81306,31.05813],[77.812082,31.05863],[77.811895,31.058725],[77.811614,31.058922],[77.811357,31.059101],[77.811427,31.059105],[77.811824,31.059128],[77.812817,31.059187],[77.813885,31.059095],[77.814784,31.058993],[77.81586,31.058755],[77.817355,31.058641],[77.818766,31.058636],[77.819545,31.058575],[77.820076,31.058566],[77.821039,31.058734],[77.821254,31.058771],[77.822179,31.05876],[77.82247,31.058681],[77.822959,31.058663],[77.822974,31.058558],[77.822982,31.058506],[77.822982,31.058501],[77.82349,31.058178],[77.823644,31.057976],[77.823668,31.057944],[77.823471,31.057689],[77.823031,31.057202],[77.822744,31.056907],[77.8221,31.056015],[77.822003,31.05547],[77.822,31.055454],[77.822043,31.055229],[77.822051,31.055187],[77.822227,31.055087],[77.823105,31.055161],[77.824363,31.055446],[77.825672,31.056031],[77.827702,31.057209],[77.827836,31.057325],[77.828928,31.058266],[77.829713,31.059475],[77.830306,31.060638],[77.83058,31.061174],[77.831475,31.062321],[77.832881,31.064626],[77.834386,31.067217],[77.836031,31.070049],[77.836098,31.070163],[77.837111,31.071911],[77.838059,31.072649],[77.839502,31.072905],[77.840984,31.073019],[77.843802,31.073166],[77.844078,31.073191],[77.846253,31.073388],[77.847909,31.07341],[77.848395,31.073416],[77.849899,31.073325],[77.851236,31.073367],[77.853756,31.077397],[77.855112,31.079472],[77.856326,31.081281],[77.856679,31.082283],[77.857249,31.08373],[77.857479,31.084186],[77.85749,31.084208],[77.858045,31.085309],[77.858809,31.086683],[77.859983,31.088653],[77.860362,31.089352],[77.860817,31.090193],[77.861236,31.091154],[77.861636,31.092072],[77.862424,31.093076],[77.86339,31.093664],[77.863525,31.09378],[77.863742,31.093964],[77.863806,31.094213],[77.863794,31.094242],[77.863696,31.094476],[77.863393,31.094776],[77.862614,31.09581],[77.861927,31.096861],[77.861105,31.098234],[77.86087,31.098625],[77.860721,31.099301],[77.860724,31.099323],[77.860747,31.09948],[77.860815,31.099945],[77.860808,31.100595],[77.860804,31.100607],[77.860633,31.101129],[77.860624,31.101157],[77.860469,31.101592],[77.860476,31.101617],[77.860517,31.101771],[77.860615,31.102142],[77.860996,31.102407],[77.861625,31.102565],[77.862185,31.103029],[77.862602,31.103799],[77.862785,31.104819],[77.863134,31.106345],[77.863167,31.106531],[77.863376,31.107704],[77.863699,31.108288],[77.86382,31.108506],[77.86469,31.109061],[77.865808,31.109525],[77.866662,31.109962],[77.867801,31.11082],[77.868885,31.111709],[77.869642,31.112444],[77.869869,31.112783],[77.869999,31.112977],[77.870692,31.113703],[77.87075,31.113734],[77.871351,31.114051],[77.871872,31.114326],[77.873235,31.114966],[77.874248,31.115208],[77.875199,31.11534],[77.875253,31.115347],[77.875967,31.115364],[77.876432,31.115504],[77.876913,31.115802],[77.877189,31.115727],[77.877509,31.115731],[77.877808,31.115932],[77.878167,31.116221],[77.878206,31.116253],[77.878452,31.116327],[77.878456,31.116319],[77.87858,31.116069],[77.878585,31.11606],[77.878584,31.115595],[77.878471,31.115223],[77.878107,31.115061],[77.878035,31.115029],[77.878514,31.114877],[77.879351,31.114699],[77.880111,31.114685],[77.880522,31.114793],[77.880713,31.114936],[77.880875,31.115057],[77.881234,31.115448],[77.881356,31.11582],[77.881349,31.115868],[77.881299,31.116206],[77.881235,31.116473],[77.881237,31.1165],[77.881258,31.116702],[77.881627,31.117085],[77.882286,31.117615],[77.882413,31.117718],[77.88353,31.118316],[77.88518,31.118786],[77.886723,31.119074],[77.887327,31.119137],[77.888299,31.119095],[77.888764,31.119211],[77.889135,31.1195],[77.889162,31.119547],[77.889286,31.119762],[77.889405,31.120291],[77.889543,31.120821],[77.889965,31.121268],[77.890411,31.121447],[77.890681,31.12175],[77.890892,31.122234],[77.890873,31.122256],[77.890406,31.122779],[77.890003,31.12331],[77.889886,31.12375],[77.889714,31.124647],[77.889511,31.126331],[77.889345,31.127953],[77.889343,31.127984],[77.889332,31.128191],[77.889331,31.128195],[77.889245,31.128449],[77.889122,31.128734],[77.888853,31.12916],[77.888769,31.129656],[77.888767,31.1297],[77.888725,31.130581],[77.888898,31.131752],[77.889042,31.131954],[77.889138,31.132066],[77.889132,31.132121],[77.889047,31.132986],[77.889048,31.132986],[77.890308,31.13316],[77.892048,31.133214],[77.893044,31.13342],[77.893309,31.133528],[77.894015,31.133964],[77.894933,31.134922],[77.896134,31.136482],[77.897271,31.13749],[77.898559,31.139319],[77.899594,31.140925],[77.900449,31.142204],[77.900734,31.143088],[77.901031,31.144033],[77.901022,31.144074],[77.900985,31.144238],[77.900867,31.144693],[77.90047,31.145366],[77.900066,31.146496],[77.899469,31.148159],[77.898736,31.150231],[77.898749,31.150239],[77.899147,31.150485],[77.899176,31.150503],[77.901311,31.151825],[77.903626,31.152611],[77.906304,31.153544],[77.907872,31.154037],[77.908623,31.154062],[77.910099,31.153935],[77.911319,31.153886],[77.911665,31.153852],[77.913775,31.154002],[77.915812,31.153886],[77.917045,31.153586],[77.917117,31.153563],[77.917241,31.15355],[77.917769,31.153416],[77.917895,31.153314],[77.918372,31.153161],[77.919225,31.152621],[77.919877,31.151998],[77.920558,31.151216],[77.920793,31.151045],[77.92152,31.150474],[77.922573,31.150291],[77.923783,31.15029],[77.924793,31.150433],[77.925589,31.150813],[77.927331,31.151844],[77.929012,31.152709],[77.93021,31.153371],[77.930895,31.153529],[77.931371,31.15357],[77.931442,31.153602],[77.932484,31.153923],[77.933692,31.154127],[77.935161,31.154693],[77.935757,31.155063],[77.935781,31.155083],[77.935808,31.155128],[77.936483,31.15635],[77.9382,31.157775],[77.940518,31.159491],[77.943164,31.161258],[77.944348,31.16173],[77.945371,31.161916],[77.9466,31.161884],[77.947977,31.16176],[77.949353,31.16169],[77.949489,31.16165],[77.949819,31.161648],[77.950332,31.161567],[77.951049,31.161395],[77.951473,31.161306],[77.95149,31.161307],[77.951844,31.161808],[77.952402,31.16351],[77.952706,31.164459],[77.953616,31.165953],[77.954734,31.167086],[77.956266,31.168602],[77.958113,31.170013],[77.958904,31.170921],[77.959814,31.171279],[77.961874,31.172014],[77.964327,31.172754],[77.965714,31.173142],[77.967323,31.173367],[77.967649,31.172578],[77.968,31.172659],[77.968003,31.172659],[77.968589,31.172497],[77.969196,31.17187],[77.969926,31.170949],[77.970907,31.169842],[77.97146,31.16912],[77.971975,31.168152],[77.972593,31.167074],[77.973271,31.166153],[77.974526,31.165314],[77.974929,31.165221],[77.975441,31.165059],[77.975875,31.16492],[77.976439,31.164646],[77.976745,31.164273],[77.976981,31.163758],[77.977214,31.163526],[77.977705,31.163364],[77.978187,31.163302],[77.97882,31.163099],[77.979322,31.162946],[77.979802,31.162735],[77.980286,31.162362],[77.980588,31.16212],[77.98105,31.161675],[77.981775,31.160767],[77.982655,31.159665],[77.983529,31.158504],[77.983954,31.157987],[77.984574,31.157107],[77.98472,31.156954],[77.986245,31.157821],[77.988316,31.158934],[77.989602,31.159463],[77.99094,31.160048],[77.991981,31.160301],[77.993083,31.16041],[77.993541,31.160449],[77.99379,31.160514],[77.995049,31.160869],[77.995888,31.1611],[77.996931,31.161191],[77.99804,31.161236],[77.998384,31.161477],[77.99855,31.16168],[77.998999,31.161717],[77.999695,31.161749],[78.00026,31.161906],[78.000819,31.161952],[78.001471,31.16185],[78.002226,31.161638],[78.003302,31.161462],[78.004404,31.161318],[78.005268,31.161186],[78.006196,31.16104],[78.006859,31.160867],[78.007858,31.160871],[78.008628,31.160817],[78.009821,31.160209],[78.010985,31.159104],[78.012155,31.158133],[78.012514,31.158004],[78.01332,31.157867],[78.014107,31.157865],[78.014452,31.157781],[78.015293,31.156976],[78.016178,31.155833],[78.017265,31.154562],[78.017516,31.154252],[78.018849,31.152917],[78.020618,31.151553],[78.022141,31.151475],[78.023622,31.151179],[78.025048,31.150672],[78.026736,31.1506],[78.028616,31.150878],[78.029791,31.150918],[78.030342,31.150968],[78.030316,31.151023],[78.029773,31.152158],[78.029771,31.152213],[78.029723,31.153385],[78.029957,31.154605],[78.030168,31.155758],[78.030871,31.157177],[78.030865,31.157229],[78.030804,31.157796],[78.030561,31.158255],[78.030558,31.158261],[78.029898,31.159388],[78.02949,31.160234],[78.029469,31.160297],[78.029109,31.161396],[78.029104,31.161412],[78.029104,31.16146],[78.029096,31.162444],[78.029385,31.163275],[78.029711,31.164107],[78.030503,31.165535],[78.031657,31.167307],[78.032698,31.168706],[78.033836,31.169705],[78.034924,31.170435],[78.036517,31.17114],[78.037784,31.171581],[78.038721,31.172018],[78.039804,31.172543],[78.040361,31.172652],[78.040827,31.172768],[78.041044,31.17292],[78.041249,31.173317],[78.041691,31.174307],[78.04197,31.175209],[78.042354,31.176404],[78.042539,31.177407],[78.042641,31.178504],[78.044047,31.17886],[78.04497,31.179028],[78.046145,31.179499],[78.047583,31.180139],[78.04804,31.180192],[78.048727,31.180232],[78.049481,31.180091],[78.050337,31.179857],[78.050833,31.179823],[78.051208,31.179891],[78.051889,31.180309],[78.052731,31.180941],[78.053838,31.18164],[78.054552,31.181974],[78.055267,31.182307],[78.055894,31.182626],[78.056282,31.18271],[78.056823,31.18274],[78.057881,31.183036],[78.059135,31.183729],[78.059916,31.184242],[78.060564,31.184975],[78.061127,31.185281],[78.061911,31.18559],[78.062947,31.186122],[78.064404,31.186754],[78.065956,31.187167],[78.066427,31.187107],[78.067617,31.186956],[78.067626,31.186955],[78.067665,31.18695],[78.068667,31.186891],[78.072344,31.186674],[78.074716,31.186868],[78.077197,31.187055],[78.077986,31.187032],[78.078232,31.187022],[78.081013,31.18691],[78.083394,31.187111],[78.084329,31.187141],[78.086601,31.187212],[78.087463,31.187234],[78.087737,31.187241],[78.089208,31.18699],[78.089472,31.186908],[78.090977,31.186443],[78.091274,31.186337],[78.093079,31.185695],[78.093575,31.185419],[78.094216,31.185062],[78.096043,31.184343],[78.097136,31.184213],[78.098115,31.184335],[78.099602,31.184816],[78.100595,31.185136],[78.10174,31.185256],[78.103622,31.18538],[78.104161,31.185626],[78.104332,31.185704],[78.1047,31.186197],[78.105412,31.186969],[78.107756,31.188927],[78.10791,31.189057],[78.111086,31.191716],[78.112447,31.193174],[78.114526,31.194538],[78.115875,31.195026],[78.117792,31.195561],[78.118525,31.195972],[78.119455,31.196494],[78.120372,31.197072],[78.121439,31.197832],[78.121588,31.197937],[78.122259,31.19837],[78.122491,31.198814],[78.122774,31.19948],[78.123479,31.20015],[78.123989,31.200376],[78.124502,31.200398],[78.125143,31.200369],[78.125896,31.200335],[78.127031,31.200458],[78.128073,31.200691],[78.128603,31.200776],[78.1289,31.20109],[78.128964,31.201158],[78.129358,31.201762],[78.129624,31.202332],[78.129686,31.203089],[78.129748,31.203815],[78.130033,31.204386],[78.130449,31.204769],[78.131286,31.205188],[78.13174,31.205493],[78.131954,31.205842],[78.132196,31.206806],[78.132424,31.207487],[78.132711,31.207915],[78.133383,31.208333],[78.134132,31.208531],[78.134901,31.208602],[78.135726,31.208612],[78.137266,31.208613],[78.138458,31.208627],[78.139702,31.208799],[78.140305,31.208995],[78.140912,31.209451],[78.141939,31.210038],[78.142794,31.210497],[78.14358,31.210663],[78.144184,31.210733],[78.145122,31.210555],[78.146408,31.210411],[78.147087,31.210372],[78.14768,31.210591],[78.147968,31.21091],[78.148138,31.211219],[78.148139,31.211716],[78.148147,31.212401],[78.148197,31.213332],[78.148421,31.213697],[78.149126,31.214343],[78.150592,31.215605],[78.152153,31.216694],[78.153615,31.218216],[78.154476,31.218888],[78.15508,31.218973],[78.155796,31.218895],[78.156588,31.218714],[78.157378,31.218589],[78.15769,31.218601],[78.158098,31.218905],[78.158276,31.219261],[78.158272,31.22012],[78.15829,31.220775],[78.15838,31.221477],[78.158854,31.222255],[78.159237,31.223008],[78.159606,31.224036],[78.159959,31.224954],[78.160226,31.225477],[78.16061,31.225561],[78.161545,31.225587],[78.162011,31.225537],[78.162266,31.22551],[78.162482,31.225487],[78.163695,31.225319],[78.164998,31.225302],[78.165502,31.225308],[78.165891,31.225068],[78.166354,31.224758],[78.166805,31.224637],[78.167153,31.224649],[78.168058,31.22488],[78.171369,31.226059],[78.173038,31.226692],[78.173806,31.226835],[78.174394,31.226763],[78.175206,31.226441],[78.175576,31.226224],[78.176139,31.226147],[78.176164,31.226144],[78.176281,31.226138],[78.177155,31.226092],[78.177797,31.226083],[78.178329,31.22605],[78.178713,31.225899],[78.179067,31.225759],[78.179757,31.225648],[78.180866,31.225692],[78.180918,31.225692],[78.181774,31.225694],[78.182634,31.225806],[78.183135,31.226009],[78.183653,31.226369],[78.184636,31.226829],[78.185459,31.227004],[78.186293,31.227044],[78.187026,31.227053],[78.187644,31.226831],[78.18792,31.226573],[78.188053,31.226449],[78.188563,31.226124],[78.189337,31.225865],[78.18978,31.225762],[78.190542,31.225586],[78.191426,31.225352],[78.192178,31.224761],[78.1929,31.223697],[78.194153,31.222025],[78.195639,31.219734],[78.195655,31.219708],[78.195707,31.219665],[78.198088,31.217655],[78.19948,31.217205],[78.201203,31.217248],[78.202629,31.217515],[78.205444,31.218177],[78.207075,31.218888],[78.207677,31.219084],[78.208449,31.219612],[78.208819,31.219979],[78.209156,31.220124],[78.209706,31.220138],[78.210308,31.22007],[78.211039,31.219952],[78.211983,31.219663],[78.212443,31.219569],[78.212855,31.219928],[78.21351,31.220554],[78.213941,31.220886],[78.214668,31.221343],[78.215039,31.221678],[78.215172,31.222003],[78.215176,31.222341],[78.215174,31.222361],[78.215112,31.222916],[78.215056,31.223625],[78.215018,31.224326],[78.214959,31.22587],[78.214959,31.225871],[78.215428,31.22764],[78.215788,31.228716],[78.21626,31.229706],[78.216802,31.230224],[78.217683,31.230785],[78.218974,31.231595],[78.219653,31.232193],[78.219749,31.232518],[78.219758,31.233156],[78.219951,31.233757],[78.220324,31.233942],[78.221119,31.234116],[78.222245,31.234271],[78.223308,31.234361],[78.224506,31.234587],[78.225181,31.234854],[78.225765,31.235034],[78.226435,31.235009],[78.227117,31.234788],[78.227919,31.234482],[78.228775,31.234262],[78.229465,31.234152],[78.230474,31.234092],[78.232309,31.234048],[78.23321,31.233885],[78.234482,31.233441],[78.235976,31.232921],[78.237089,31.232666],[78.238251,31.232229],[78.238916,31.231905],[78.240183,31.231154],[78.240467,31.230911],[78.241281,31.230907],[78.242409,31.229773],[78.243172,31.2293],[78.243475,31.229298],[78.244501,31.229372],[78.245625,31.229676],[78.246953,31.230407],[78.248571,31.231596],[78.249066,31.231948],[78.250166,31.232805],[78.250707,31.233309],[78.25079,31.234252],[78.250787,31.234291],[78.250711,31.235249],[78.25071,31.235298],[78.250693,31.236502],[78.250692,31.236509],[78.250589,31.237575],[78.250385,31.238265],[78.249983,31.239307],[78.249505,31.240043],[78.249541,31.240044],[78.250214,31.240057],[78.251064,31.239872],[78.25214,31.239572],[78.25287,31.239241],[78.253852,31.238794],[78.254468,31.238558],[78.255388,31.238512],[78.256297,31.238619],[78.257511,31.238854],[78.258927,31.239104],[78.259682,31.239292],[78.260473,31.239751],[78.261184,31.240756],[78.261505,31.241473],[78.261824,31.242273],[78.26208,31.243494],[78.262276,31.244452],[78.262636,31.24519],[78.26328,31.245841],[78.264062,31.246369],[78.265405,31.247215],[78.26671,31.247852],[78.267592,31.248166],[78.268578,31.248543],[78.268677,31.248583],[78.269116,31.249581],[78.269092,31.251224],[78.26914,31.251252],[78.269129,31.251304],[78.26908,31.251552],[78.26901,31.252024],[78.269015,31.252042],[78.269085,31.252322],[78.269426,31.252663],[78.269814,31.252977],[78.271061,31.253706],[78.271901,31.254309],[78.27274,31.255007],[78.273497,31.255892],[78.274326,31.257291],[78.275179,31.258637],[78.275545,31.259437],[78.275736,31.260344],[78.275838,31.260899],[78.275927,31.261311],[78.276026,31.261515],[78.27626,31.261659],[78.276659,31.261765],[78.277239,31.261831],[78.277767,31.261797],[78.278393,31.261931],[78.278886,31.262085],[78.279482,31.26222],[78.279957,31.262474],[78.280305,31.262863],[78.280816,31.263408],[78.281358,31.264021],[78.282068,31.26492],[78.282558,31.265857],[78.282867,31.266211],[78.283772,31.265636],[78.284768,31.26541],[78.286669,31.263099],[78.2872,31.26273],[78.287365,31.26268],[78.288343,31.262447],[78.289086,31.262158],[78.289894,31.261653],[78.290435,31.261173],[78.291106,31.260464],[78.291883,31.259946],[78.292856,31.260078],[78.293749,31.260276],[78.294687,31.260637],[78.295719,31.260998],[78.296424,31.261127],[78.297211,31.261027],[78.298048,31.260766],[78.29873,31.260355],[78.299595,31.259708],[78.300061,31.259571],[78.300771,31.259256],[78.301401,31.259248],[78.302552,31.259017],[78.303306,31.259038],[78.304421,31.259104],[78.305502,31.259385],[78.306327,31.259893],[78.306948,31.26048],[78.307658,31.261426],[78.307969,31.262232],[78.308293,31.263174],[78.308547,31.264142],[78.308672,31.265325],[78.308698,31.266263],[78.308696,31.266277],[78.308534,31.267355],[78.308537,31.267382],[78.308619,31.267957],[78.308724,31.26837],[78.308997,31.269027],[78.309474,31.269802],[78.310127,31.270335],[78.310446,31.271094],[78.310515,31.271784],[78.310565,31.272716],[78.310562,31.272728],[78.310367,31.273416],[78.310059,31.274087],[78.309517,31.274608],[78.308963,31.274859],[78.308298,31.275217],[78.308042,31.275538],[78.30805,31.275586],[78.308215,31.27662],[78.308624,31.277772],[78.309083,31.278627],[78.309716,31.279498],[78.310895,31.280603],[78.311203,31.281079],[78.311274,31.281633],[78.311344,31.282228],[78.311339,31.282252],[78.311266,31.282614],[78.31125,31.282691],[78.311158,31.283144],[78.311171,31.283135],[78.312127,31.282425],[78.312867,31.282352],[78.314316,31.282164],[78.31583,31.281761],[78.316777,31.281528],[78.317174,31.281262],[78.317482,31.280529],[78.317851,31.279433],[78.317855,31.279424],[78.318031,31.278922],[78.318865,31.278876],[78.31992,31.278772],[78.321439,31.278578],[78.322599,31.278266],[78.323493,31.277843],[78.324458,31.277948],[78.325392,31.278052],[78.325925,31.278145],[78.326992,31.278277],[78.328548,31.278307],[78.329824,31.278158],[78.330722,31.277964],[78.331867,31.277612],[78.332219,31.277723],[78.333107,31.278279],[78.333535,31.278614],[78.33481,31.279646],[78.335462,31.280213],[78.336404,31.28085],[78.337435,31.28136],[78.338027,31.281731],[78.338787,31.281914],[78.33934,31.282257],[78.339888,31.28266],[78.339908,31.282675],[78.339921,31.282667],[78.340748,31.28219],[78.341357,31.281906],[78.342473,31.281344],[78.343483,31.281023],[78.344272,31.280869],[78.345612,31.280586],[78.346565,31.28044],[78.347391,31.280361],[78.349222,31.280413],[78.350988,31.280532],[78.35197,31.280603],[78.352369,31.280748],[78.352978,31.281011],[78.353319,31.281244],[78.35342,31.281313],[78.353539,31.281395],[78.354476,31.281849],[78.355992,31.282459],[78.357244,31.28293],[78.358809,31.283432],[78.359614,31.28373],[78.361085,31.284278],[78.362274,31.284634],[78.363184,31.284799],[78.364063,31.284929],[78.365036,31.285013],[78.366371,31.285067],[78.367139,31.285277],[78.368204,31.285557],[78.369847,31.286141],[78.370316,31.286334],[78.370933,31.28603],[78.372137,31.28534],[78.372627,31.285129],[78.373765,31.284722],[78.374726,31.284515]]]}}]}