{"type":"FeatureCollection","name":"BHAVNAGAR, GUJARAT - Sub-district boundaries","crs_note":"RFC 7946 WGS84 lon/lat (EPSG:4326); source CRS was LCC_WGS84","features":[{"type":"Feature","properties":{"OBJECTID":1934,"state_lgd":"24","state_name":"GUJARAT","district_lgd":"481","district_name":"BHAVNAGAR","district_name_source":"district_table","subdistrict_lgd":"3854","subdistrict_name":"BHAVNAGAR","subdistrict_type":"Taluk","name_corrupted":false,"remarks":""},"geometry":{"type":"Polygon","coordinates":[[[72.056274,22.102126],[72.056395,22.102076],[72.056965,22.102256],[72.057252,22.102347],[72.057863,22.102596],[72.060072,22.103324],[72.059823,22.102541],[72.057943,22.096627],[72.057474,22.095434],[72.057692,22.094915],[72.057745,22.094807],[72.058206,22.093755],[72.058482,22.093105],[72.058822,22.092166],[72.059622,22.090008],[72.059773,22.089705],[72.061141,22.085177],[72.061321,22.084477],[72.063284,22.082129],[72.06594,22.078929],[72.066842,22.077886],[72.06769,22.07683],[72.068301,22.075227],[72.068922,22.073796],[72.068931,22.073769],[72.06897,22.073656],[72.069281,22.072938],[72.070561,22.069967],[72.071312,22.06831],[72.072563,22.06534],[72.074681,22.062179],[72.074822,22.061899],[72.07502,22.06162],[72.075941,22.060238],[72.076349,22.059762],[72.078733,22.056979],[72.079881,22.055778],[72.080278,22.055299],[72.080729,22.055101],[72.08177,22.055029],[72.083572,22.05488],[72.084401,22.054668],[72.085612,22.054461],[72.086111,22.054271],[72.08658,22.05438],[72.088537,22.05471],[72.090397,22.05485],[72.091458,22.055081],[72.092611,22.055248],[72.093367,22.055248],[72.095411,22.055131],[72.09575,22.055082],[72.096418,22.055082],[72.097019,22.055019],[72.10335,22.05501],[72.104009,22.054649],[72.104178,22.054721],[72.104459,22.05525],[72.105437,22.057819],[72.105747,22.05856],[72.105927,22.05861],[72.107448,22.058479],[72.107738,22.058411],[72.108169,22.058181],[72.109109,22.058041],[72.109235,22.05786],[72.109598,22.057517],[72.109889,22.057517],[72.110078,22.057657],[72.110349,22.05758],[72.112418,22.057468],[72.112524,22.057441],[72.112597,22.057147],[72.113237,22.057039],[72.114777,22.056989],[72.115624,22.057129],[72.115794,22.057089],[72.116676,22.056709],[72.117596,22.056601],[72.118114,22.056587],[72.119587,22.056908],[72.120875,22.056958],[72.122324,22.057369],[72.123036,22.057319],[72.123307,22.05726],[72.123404,22.057057],[72.124305,22.055761],[72.125564,22.0541],[72.126165,22.053431],[72.126945,22.052411],[72.128035,22.050898],[72.130224,22.047678],[72.136065,22.03871],[72.138704,22.034583],[72.145672,22.023822],[72.146805,22.02197],[72.14801,22.020114],[72.148964,22.018561],[72.149472,22.017811],[72.1509,22.01558],[72.15291,22.013313],[72.154518,22.011586],[72.157359,22.008535],[72.158269,22.007473],[72.161812,22.003503],[72.162529,22.002772],[72.16311,22.002112],[72.16496,22.0],[72.165922,21.998272],[72.167708,21.995932],[72.168981,21.994564],[72.171198,21.993683],[72.174011,21.991884],[72.175347,21.990746],[72.17648,21.990796],[72.178968,21.990844],[72.180847,21.990875],[72.181927,21.990712],[72.183635,21.990152],[72.184057,21.990134],[72.187296,21.990503],[72.193105,21.988333],[72.197825,21.986367],[72.199323,21.985786],[72.201315,21.985015],[72.206504,21.984105],[72.209283,21.983656],[72.211336,21.983154],[72.214066,21.982543],[72.218355,21.981615],[72.219745,21.982223],[72.221561,21.983062],[72.223784,21.984122],[72.226051,21.985904],[72.229181,21.988323],[72.232194,21.990574],[72.230544,21.992404],[72.227424,21.996032],[72.227259,22.000004],[72.226951,22.004794],[72.231247,22.000004],[72.236741,21.997624],[72.241112,21.995693],[72.244282,21.994503],[72.243509,21.990092],[72.242973,21.986074],[72.242201,21.978036],[72.241758,21.975952],[72.241725,21.975799],[72.241724,21.975794],[72.24172,21.975774],[72.237261,21.971403],[72.236423,21.970986],[72.23565,21.97069],[72.234038,21.970037],[72.23275,21.969623],[72.231654,21.969148],[72.230108,21.968615],[72.229204,21.968019],[72.228302,21.967603],[72.227077,21.967069],[72.225788,21.966535],[72.2245,21.96606],[72.223468,21.965645],[72.22263,21.965229],[72.221985,21.964872],[72.221393,21.964664],[72.220104,21.96425],[72.219267,21.964074],[72.218108,21.963779],[72.216886,21.963664],[72.215792,21.963489],[72.214761,21.963253],[72.213668,21.963138],[72.212701,21.962722],[72.211992,21.962426],[72.211669,21.962067],[72.211407,21.961108],[72.211015,21.96003],[72.210367,21.959013],[72.209655,21.958056],[72.20933,21.957338],[72.20894,21.9565],[72.208678,21.955601],[72.208352,21.954703],[72.208026,21.953744],[72.207379,21.952907],[72.207182,21.952068],[72.206793,21.95147],[72.206789,21.95063],[72.206657,21.949911],[72.206523,21.949011],[72.206328,21.948412],[72.206259,21.947633],[72.206321,21.947123],[72.206512,21.946642],[72.206703,21.946281],[72.207214,21.945559],[72.207468,21.945018],[72.207658,21.944477],[72.207913,21.943936],[72.208297,21.943635],[72.208559,21.943294],[72.208555,21.942606],[72.208446,21.94182],[72.208229,21.940543],[72.208013,21.939561],[72.207796,21.938284],[72.20737,21.937254],[72.207259,21.936173],[72.206832,21.934996],[72.206403,21.933425],[72.206292,21.932246],[72.206179,21.930772],[72.205859,21.929889],[72.205853,21.928808],[72.205847,21.92753],[72.205735,21.926253],[72.205939,21.924778],[72.20604,21.923893],[72.206034,21.922812],[72.205819,21.92183],[72.205603,21.920749],[72.205388,21.919866],[72.205172,21.918785],[72.204428,21.917413],[72.204212,21.91648],[72.203893,21.915695],[72.203466,21.914714],[72.203146,21.913831],[72.203036,21.912848],[72.203451,21.911667],[72.203553,21.91088],[72.20355,21.91029],[72.203675,21.909157],[72.20383,21.908391],[72.203855,21.907946],[72.203906,21.907525],[72.204035,21.906858],[72.204005,21.90629],[72.204083,21.905943],[72.204134,21.905597],[72.204184,21.905004],[72.204288,21.904534],[72.204286,21.904213],[72.204364,21.903941],[72.204363,21.903694],[72.204388,21.903274],[72.204439,21.902928],[72.20449,21.902582],[72.204542,21.90231],[72.204646,21.901988],[72.204671,21.901691],[72.204669,21.901296],[72.204747,21.90095],[72.204799,21.900752],[72.204824,21.900381],[72.204822,21.900085],[72.204873,21.899763],[72.204872,21.899442],[72.204975,21.898948],[72.205026,21.898564],[72.205077,21.898144],[72.205129,21.897897],[72.205101,21.897576],[72.205153,21.897329],[72.20523,21.896933],[72.205176,21.896723],[72.205201,21.896476],[72.205174,21.896303],[72.20512,21.896106],[72.205093,21.895859],[72.205012,21.895612],[72.204931,21.895341],[72.204904,21.895118],[72.204823,21.894896],[72.204822,21.894748],[72.204822,21.894575],[72.204741,21.894353],[72.204713,21.894081],[72.20466,21.893933],[72.204685,21.89376],[72.204684,21.893538],[72.204577,21.893365],[72.204523,21.893069],[72.204495,21.892798],[72.204414,21.892501],[72.204387,21.892329],[72.204332,21.892008],[72.204252,21.891736],[72.204198,21.891563],[72.204196,21.891267],[72.204195,21.891069],[72.204274,21.890921],[72.204405,21.890698],[72.204748,21.890375],[72.204959,21.890263],[72.20517,21.890015],[72.205275,21.889866],[72.205433,21.889717],[72.205617,21.889544],[72.205749,21.889346],[72.205933,21.889172],[72.206038,21.888998],[72.206275,21.888775],[72.20646,21.888601],[72.206644,21.888403],[72.206802,21.888204],[72.207013,21.887981],[72.207303,21.887782],[72.207434,21.887584],[72.207646,21.887435],[72.20783,21.887236],[72.207961,21.886989],[72.208198,21.886765],[72.208334,21.88653],[72.20852,21.886178],[72.208613,21.885826],[72.208799,21.885474],[72.208939,21.885122],[72.209125,21.884682],[72.209357,21.884154],[72.209544,21.883758],[72.20973,21.883318],[72.209962,21.88279],[72.210055,21.882482],[72.210241,21.882042],[72.21038,21.88169],[72.210567,21.881294],[72.210846,21.880721],[72.211033,21.880413],[72.211266,21.879973],[72.211546,21.879445],[72.211685,21.879005],[72.211777,21.878697],[72.211964,21.878301],[72.212243,21.877685],[72.212662,21.876804],[72.212848,21.876364],[72.213361,21.875396],[72.213594,21.874955],[72.213874,21.874383],[72.214059,21.873855],[72.214291,21.873152],[72.21457,21.872535],[72.214944,21.871919],[72.215271,21.87139],[72.215363,21.871039],[72.215549,21.870686],[72.215689,21.87029],[72.215923,21.870026],[72.216062,21.86963],[72.216248,21.869322],[72.216387,21.86875],[72.21676,21.868177],[72.216992,21.867517],[72.217225,21.867011],[72.2176,21.866658],[72.21788,21.866262],[72.218161,21.865865],[72.218348,21.865645],[72.218581,21.865292],[72.218768,21.864984],[72.219143,21.864631],[72.219329,21.864235],[72.219609,21.863795],[72.219935,21.863046],[72.220215,21.86265],[72.220542,21.862253],[72.220729,21.861945],[72.22115,21.861372],[72.221477,21.860931],[72.221752,21.860469],[72.222267,21.859896],[72.222452,21.859412],[72.222826,21.858883],[72.223013,21.858531],[72.223199,21.858223],[72.223574,21.857913],[72.223761,21.857649],[72.223948,21.857385],[72.224135,21.857076],[72.224508,21.856548],[72.224788,21.856063],[72.225115,21.855623],[72.225349,21.85527],[72.225583,21.854962],[72.225863,21.854565],[72.22619,21.854124],[72.226424,21.853816],[72.226704,21.853463],[72.226844,21.853199],[72.227125,21.85289],[72.227312,21.852582],[72.227497,21.852098],[72.227824,21.851657],[72.228151,21.851129],[72.228525,21.850556],[72.228945,21.849983],[72.229272,21.849499],[72.229458,21.849147],[72.229926,21.848486],[72.230309,21.848089],[72.230823,21.84734],[72.23101,21.847031],[72.23129,21.846679],[72.231524,21.84637],[72.231804,21.845974],[72.232038,21.845621],[72.232271,21.845181],[72.232504,21.844829],[72.232831,21.844388],[72.233065,21.844035],[72.233298,21.843683],[72.233531,21.843287],[72.233858,21.842846],[72.234139,21.842449],[72.234372,21.842009],[72.234605,21.841701],[72.234839,21.841392],[72.235072,21.840996],[72.235306,21.840643],[72.235539,21.840291],[72.236028,21.839601],[72.236117,21.839461],[72.236189,21.839355],[72.236236,21.839254],[72.236331,21.839131],[72.236408,21.83903],[72.236479,21.838901],[72.236574,21.838756],[72.236628,21.838666],[72.236699,21.838565],[72.236752,21.838492],[72.236806,21.838392],[72.236936,21.838207],[72.236984,21.83812],[72.237055,21.838025],[72.237102,21.837946],[72.237156,21.837863],[72.237215,21.83779],[72.237269,21.837711],[72.23731,21.837616],[72.237393,21.83751],[72.237459,21.83742],[72.237518,21.83733],[72.237565,21.837274],[72.237607,21.837207],[72.237655,21.83714],[72.237696,21.837067],[72.237744,21.837011],[72.237761,21.836972],[72.237827,21.836894],[72.237874,21.836857],[72.23791,21.836795],[72.237945,21.836728],[72.237993,21.836667],[72.238028,21.836605],[72.238076,21.836549],[72.23813,21.836499],[72.238159,21.836431],[72.238195,21.836353],[72.238236,21.83628],[72.238278,21.836219],[72.238331,21.836146],[72.238367,21.836073],[72.238408,21.835989],[72.23845,21.835928],[72.238491,21.835849],[72.23855,21.835765],[72.238628,21.835659],[72.23867,21.835617],[72.238724,21.835555],[72.238789,21.835477],[72.238837,21.835404],[72.238878,21.835353],[72.238926,21.835242],[72.238973,21.835169],[72.239068,21.835012],[72.239139,21.834906],[72.239211,21.834821],[72.239264,21.834726],[72.239317,21.834637],[72.239371,21.834558],[72.239442,21.834474],[72.239519,21.834357],[72.239555,21.83429],[72.239627,21.834192],[72.239663,21.834141],[72.23971,21.834052],[72.239758,21.833973],[72.239811,21.833889],[72.239864,21.833777],[72.239941,21.833665],[72.240001,21.833581],[72.240066,21.833492],[72.240197,21.833315],[72.240232,21.833242],[72.240291,21.83313],[72.240392,21.832996],[72.240488,21.832884],[72.240529,21.832794],[72.240582,21.832694],[72.240642,21.832604],[72.240683,21.832537],[72.240754,21.832442],[72.24082,21.832358],[72.240855,21.83229],[72.240897,21.832212],[72.240974,21.832145],[72.241027,21.832061],[72.241075,21.831988],[72.241116,21.831926],[72.241188,21.831798],[72.241223,21.831725],[72.241288,21.831635],[72.241336,21.831562],[72.241383,21.831467],[72.241472,21.831361],[72.241549,21.831232],[72.241638,21.831092],[72.241705,21.830965],[72.241821,21.830847],[72.241916,21.830684],[72.242022,21.830548],[72.242147,21.830348],[72.242272,21.830149],[72.242397,21.82995],[72.24246,21.829865],[72.24246,21.829811],[72.24243,21.829661],[72.242411,21.829581],[72.242391,21.829457],[72.242362,21.829324],[72.242352,21.829217],[72.242342,21.82912],[72.242313,21.828978],[72.242293,21.828872],[72.242293,21.828748],[72.242254,21.82865],[72.242234,21.828544],[72.242224,21.82842],[72.242205,21.828309],[72.242185,21.828194],[72.242146,21.828061],[72.242127,21.827919],[72.242098,21.827804],[72.242097,21.827644],[72.242056,21.827497],[72.242041,21.827394],[72.242013,21.827201],[72.241998,21.827008],[72.241969,21.826776],[72.241927,21.826544],[72.241884,21.826299],[72.241799,21.825848],[72.241784,21.825694],[72.241797,21.825526],[72.241755,21.825359],[72.241699,21.825166],[72.24167,21.825024],[72.241642,21.824844],[72.241641,21.824702],[72.241598,21.824483],[72.241583,21.82418],[72.241541,21.824025],[72.241485,21.823897],[72.241457,21.823781],[72.241387,21.823678],[72.241304,21.823549],[72.241234,21.823447],[72.241206,21.823331],[72.241164,21.823215],[72.241108,21.823138],[72.241066,21.822983],[72.240976,21.822813],[72.240891,21.822695],[72.240806,21.822538],[72.2407,21.822284],[72.240531,21.821922],[72.240332,21.821616],[72.240099,21.821187],[72.239899,21.820712],[72.239766,21.820436],[72.239567,21.820068],[72.239433,21.819639],[72.239102,21.819149],[72.238902,21.81872],[72.238769,21.818413],[72.238603,21.818076],[72.238403,21.817555],[72.238038,21.817004],[72.237839,21.816636],[72.237672,21.816084],[72.23744,21.815839],[72.237241,21.815471],[72.237108,21.815103],[72.236908,21.814736],[72.236775,21.814429],[72.23651,21.814062],[72.236377,21.813694],[72.23621,21.813326],[72.236011,21.812989],[72.235844,21.812559],[72.23548,21.812039],[72.235119,21.812163],[72.234824,21.81238],[72.234266,21.812536],[72.233872,21.812753],[72.233609,21.812815],[72.233248,21.81294],[72.232952,21.813064],[72.23246,21.81325],[72.232001,21.813559],[72.231804,21.813622],[72.231542,21.813777],[72.231126,21.813991],[72.231033,21.813992],[72.230914,21.814116],[72.230768,21.814154],[72.230556,21.814217],[72.230436,21.814242],[72.230291,21.814355],[72.230092,21.81443],[72.229919,21.81448],[72.229774,21.814568],[72.229615,21.81468],[72.229476,21.814768],[72.229184,21.814881],[72.228866,21.815043],[72.228601,21.815181],[72.228297,21.815368],[72.228045,21.815481],[72.227647,21.815681],[72.227422,21.815831],[72.227171,21.816006],[72.226694,21.816244],[72.226309,21.816382],[72.225978,21.816594],[72.225607,21.816757],[72.225223,21.816932],[72.224799,21.817157],[72.224537,21.81732],[72.224113,21.817582],[72.223689,21.81777],[72.223371,21.817957],[72.223093,21.818095],[72.222881,21.81822],[72.222603,21.818333],[72.222338,21.818495],[72.222033,21.818621],[72.221662,21.818784],[72.221463,21.818933],[72.221278,21.819033],[72.220973,21.819171],[72.220708,21.819309],[72.220562,21.819359],[72.220416,21.819446],[72.220244,21.819559],[72.220045,21.819646],[72.219873,21.819684],[72.219541,21.819698],[72.219329,21.819724],[72.219023,21.819775],[72.218798,21.819826],[72.218701,21.819891],[72.217885,21.820047],[72.217069,21.820254],[72.216417,21.820409],[72.215818,21.820463],[72.215275,21.820618],[72.214785,21.820671],[72.214513,21.820722],[72.214133,21.820826],[72.21348,21.82093],[72.212663,21.820934],[72.212119,21.821038],[72.2119,21.820785],[72.211681,21.820481],[72.211353,21.820075],[72.211079,21.819721],[72.210696,21.819316],[72.210313,21.818962],[72.209715,21.819218],[72.209281,21.819576],[72.209065,21.819933],[72.208795,21.82029],[72.208308,21.8208],[72.207929,21.821361],[72.207659,21.821769],[72.207334,21.822075],[72.207063,21.822381],[72.206684,21.822789],[72.20636,21.823197],[72.205925,21.823301],[72.205327,21.823609],[72.204847,21.823818],[72.204399,21.823198],[72.204174,21.82268],[72.203838,21.822059],[72.203613,21.821438],[72.203387,21.820609],[72.203049,21.819677],[72.202824,21.819055],[72.208886,21.813007],[72.218692,21.803265],[72.228279,21.792954],[72.236578,21.779993],[72.241017,21.768254],[72.243304,21.760876],[72.245151,21.756603],[72.246699,21.753396],[72.247446,21.750002],[72.25,21.742573],[72.250749,21.74101],[72.250887,21.740721],[72.252436,21.737982],[72.252959,21.737115],[72.253588,21.735445],[72.253656,21.735174],[72.254886,21.733012],[72.255089,21.732592],[72.256957,21.729784],[72.257315,21.729076],[72.257649,21.728272],[72.258336,21.727175],[72.258844,21.726286],[72.259546,21.725234],[72.259856,21.724526],[72.260848,21.723176],[72.261037,21.722716],[72.261366,21.722314],[72.261966,21.721276],[72.262788,21.719624],[72.263804,21.718175],[72.264187,21.717574],[72.265324,21.715787],[72.265623,21.715485],[72.265754,21.715304],[72.265986,21.714735],[72.266514,21.713927],[72.267723,21.712217],[72.268425,21.711165],[72.269184,21.709716],[72.270147,21.708005],[72.271023,21.706565],[72.271033,21.706543],[72.271187,21.706145],[72.271357,21.705974],[72.271623,21.705387],[72.271847,21.705159],[72.271947,21.705057],[72.272145,21.704936],[72.272967,21.704214],[72.273823,21.703717],[72.274504,21.703497],[72.274925,21.703348],[72.275514,21.702915],[72.275597,21.702734],[72.276104,21.702477],[72.276626,21.701886],[72.276806,21.701367],[72.276936,21.701195],[72.278362,21.700148],[72.279044,21.699878],[72.279895,21.699368],[72.280692,21.698844],[72.281422,21.698434],[72.282046,21.697996],[72.282524,21.697477],[72.282844,21.696958],[72.282805,21.696805],[72.282882,21.696574],[72.283202,21.695486],[72.283265,21.695008],[72.283294,21.694606],[72.283292,21.694596],[72.282782,21.694547],[72.282483,21.694858],[72.281154,21.694808],[72.280472,21.694776],[72.279806,21.694915],[72.279236,21.694545],[72.278516,21.694436],[72.277912,21.694287],[72.276612,21.694336],[72.275965,21.694367],[72.275293,21.694317],[72.273974,21.694478],[72.272664,21.694776],[72.271993,21.694987],[72.271374,21.694965],[72.270794,21.694865],[72.269534,21.694408],[72.268964,21.694006],[72.265726,21.693895],[72.257677,21.693678],[72.255179,21.693586],[72.253769,21.686879],[72.253704,21.686562],[72.252648,21.681369],[72.252528,21.679978],[72.252679,21.678718],[72.252927,21.676817],[72.253246,21.676266],[72.254216,21.672068],[72.254448,21.671499],[72.254719,21.671007],[72.254715,21.670289],[72.254117,21.669277],[72.253267,21.66854],[72.252118,21.6676],[72.252289,21.667418],[72.253206,21.666377],[72.253719,21.665801],[72.255279,21.665959],[72.255186,21.667228],[72.257138,21.667351],[72.257108,21.66778],[72.257173,21.667792],[72.257577,21.667938],[72.257873,21.668138],[72.257855,21.66846],[72.258538,21.66849],[72.259117,21.66835],[72.260504,21.668347],[72.261118,21.668148],[72.262427,21.667838],[72.264345,21.667518],[72.265075,21.667336],[72.264713,21.66602],[72.26472,21.66602],[72.265313,21.664679],[72.266357,21.664508],[72.267173,21.66449],[72.268207,21.664518],[72.268265,21.664229],[72.268556,21.66394],[72.268184,21.663439],[72.269315,21.663128],[72.270015,21.66311],[72.270633,21.663111],[72.272204,21.6621],[72.272426,21.662678],[72.272894,21.662678],[72.273523,21.662457],[72.274224,21.661379],[72.274654,21.660968],[72.275355,21.66077],[72.275934,21.660838],[72.276385,21.659018],[72.277182,21.65882],[72.279022,21.659697],[72.280755,21.660529],[72.281953,21.661031],[72.283204,21.661479],[72.284735,21.662139],[72.284904,21.662179],[72.284865,21.662527],[72.284913,21.662798],[72.285072,21.663019],[72.285483,21.663467],[72.285772,21.663769],[72.285961,21.663977],[72.286221,21.664149],[72.286651,21.664371],[72.287091,21.664619],[72.28767,21.6648],[72.288182,21.664891],[72.288603,21.665017],[72.288912,21.665148],[72.289255,21.665419],[72.289535,21.6657],[72.289723,21.66584],[72.290022,21.665939],[72.290491,21.665939],[72.29108,21.666017],[72.291723,21.66603],[72.292742,21.666099],[72.294032,21.666217],[72.295201,21.66638],[72.295872,21.66647],[72.295781,21.665409],[72.295772,21.664809],[72.295743,21.664208],[72.295782,21.663829],[72.295792,21.663418],[72.295884,21.663088],[72.296009,21.662808],[72.296183,21.662537],[72.296464,21.66242],[72.297184,21.662109],[72.297614,21.661639],[72.298,21.661328],[72.298291,21.660529],[72.298272,21.659567],[72.298373,21.659341],[72.29833,21.659161],[72.298451,21.658641],[72.298771,21.657097],[72.299061,21.656239],[72.299462,21.655309],[72.299492,21.655061],[72.299903,21.654149],[72.300309,21.653241],[72.30172,21.651151],[72.30274,21.649648],[72.303339,21.649291],[72.303919,21.649391],[72.304233,21.649802],[72.304861,21.649531],[72.305301,21.649071],[72.304441,21.648059],[72.3042,21.6473],[72.304548,21.646601],[72.30478,21.64647],[72.305229,21.646298],[72.304259,21.645941],[72.303539,21.645982],[72.302931,21.645778],[72.30238,21.645579],[72.301709,21.64533],[72.301492,21.645271],[72.300463,21.644991],[72.298439,21.644539],[72.296541,21.644181],[72.29515,21.644],[72.293793,21.643819],[72.291822,21.643353],[72.291243,21.642991],[72.289954,21.642679],[72.288002,21.642231],[72.286163,21.641349],[72.284434,21.640563],[72.283203,21.640043],[72.282604,21.639952],[72.281904,21.639681],[72.281305,21.639549],[72.279315,21.639052],[72.278035,21.63887],[72.278315,21.63263],[72.278533,21.630823],[72.278723,21.629649],[72.279545,21.626692],[72.279734,21.625983],[72.279995,21.62555],[72.280353,21.62508],[72.280933,21.623952],[72.281122,21.623284],[72.281374,21.622742],[72.281751,21.62155],[72.282592,21.619974],[72.283043,21.617383],[72.283382,21.615631],[72.283503,21.615071],[72.283924,21.613933],[72.284151,21.613292],[72.284441,21.612822],[72.284693,21.611472],[72.284733,21.610073],[72.285293,21.610023],[72.285873,21.609793],[72.287114,21.609573],[72.286873,21.609162],[72.28923,21.608025],[72.289752,21.607732],[72.29023,21.607502],[72.292133,21.606793],[72.293316,21.606251],[72.29232,21.604498],[72.291221,21.602805],[72.290414,21.601246],[72.289166,21.598875],[72.288358,21.597181],[72.287264,21.596235],[72.285659,21.594952],[72.283908,21.593466],[72.282594,21.592317],[72.281209,21.591305],[72.280403,21.590808],[72.280136,21.589354],[72.279664,21.588362],[72.279399,21.587441],[72.278874,21.58628],[72.278403,21.585409],[72.277672,21.58449],[72.277199,21.583377],[72.276677,21.582603],[72.276101,21.581684],[72.275579,21.581105],[72.27459,21.579923],[72.273788,21.578908],[72.273413,21.578438],[72.272852,21.577671],[72.272556,21.576902],[72.272101,21.576333],[72.271833,21.575862],[72.271405,21.575218],[72.271003,21.574575],[72.270548,21.573906],[72.270332,21.573137],[72.269957,21.572642],[72.269796,21.572221],[72.269703,21.571786],[72.269352,21.570745],[72.269322,21.570025],[72.269319,21.569528],[72.269476,21.568906],[72.269474,21.568534],[72.269471,21.568062],[72.269389,21.567665],[72.269254,21.567243],[72.269066,21.566822],[72.268879,21.566475],[72.268743,21.565929],[72.268502,21.565533],[72.268208,21.565112],[72.268019,21.564616],[72.267824,21.56437],[72.267876,21.564041],[72.268219,21.562929],[72.267232,21.56104],[72.266525,21.559346],[72.266101,21.558434],[72.265677,21.557457],[72.265185,21.556675],[72.264688,21.555176],[72.264753,21.554196],[72.264817,21.553086],[72.264814,21.552498],[72.26516,21.551844],[72.265226,21.551191],[72.265288,21.549819],[72.2652,21.549221],[72.265207,21.548895],[72.265344,21.548107],[72.26557,21.546949],[72.265748,21.545837],[72.265858,21.545351],[72.265812,21.544751],[72.265736,21.543579],[72.265632,21.542317],[72.265524,21.541282],[72.265356,21.540106],[72.265188,21.538955],[72.26502,21.537774],[72.264963,21.537203],[72.264565,21.536458],[72.264047,21.535566],[72.263606,21.534785],[72.263529,21.534553],[72.263485,21.533381],[72.263489,21.532134],[72.263478,21.530982],[72.263481,21.530497],[72.262882,21.529576],[72.262083,21.528438],[72.261376,21.527431],[72.261336,21.527281],[72.261497,21.527189],[72.261834,21.527312],[72.261861,21.527079],[72.261675,21.526416],[72.261455,21.525957],[72.261307,21.525481],[72.261159,21.525107],[72.261067,21.524869],[72.260865,21.524462],[72.260717,21.524105],[72.26057,21.523799],[72.260477,21.523425],[72.260293,21.523035],[72.260146,21.522678],[72.259999,21.522338],[72.259815,21.522084],[72.259686,21.521727],[72.25952,21.521302],[72.259391,21.52103],[72.25939,21.520741],[72.259406,21.520366],[72.259495,21.51994],[72.259507,21.519572],[72.25956,21.51924],[72.259585,21.51887],[72.259624,21.518512],[72.25965,21.518167],[72.259661,21.517822],[72.259701,21.517516],[72.25955,21.517325],[72.259371,21.517032],[72.259316,21.516905],[72.25926,21.516701],[72.259081,21.516395],[72.258847,21.516013],[72.258723,21.515771],[72.258613,21.515567],[72.258368,21.51516],[72.25812,21.51474],[72.257926,21.51423],[72.257719,21.513771],[72.257581,21.513395],[72.257469,21.51286],[72.257358,21.512528],[72.257248,21.512286],[72.257151,21.511967],[72.257054,21.511674],[72.256943,21.511381],[72.256778,21.511063],[72.256803,21.510718],[72.256774,21.510361],[72.256677,21.510144],[72.256662,21.509838],[72.256606,21.509557],[72.256578,21.50934],[72.256467,21.50906],[72.256343,21.508856],[72.25626,21.508665],[72.256177,21.508359],[72.256093,21.507989],[72.256106,21.507772],[72.256032,21.507236],[72.255949,21.506943],[72.25592,21.506649],[72.25585,21.506369],[72.255795,21.506178],[72.255656,21.505757],[72.255777,21.505424],[72.255858,21.505169],[72.255951,21.504824],[72.255991,21.504555],[72.256016,21.504134],[72.256028,21.503834],[72.256013,21.503553],[72.255971,21.503336],[72.256011,21.503081],[72.256064,21.502812],[72.256062,21.502493],[72.255979,21.502225],[72.255896,21.501945],[72.255744,21.501678],[72.25566,21.501218],[72.255467,21.500887],[72.255206,21.500493],[72.255054,21.500161],[72.254889,21.499958],[72.254779,21.499729],[72.254587,21.499423],[72.254435,21.499207],[72.254284,21.49899],[72.253997,21.498826],[72.253751,21.498725],[72.253505,21.498611],[72.253314,21.498586],[72.253149,21.49837],[72.25307,21.498144],[72.253071,21.498101],[72.252404,21.498341],[72.252028,21.498482],[72.251835,21.498513],[72.251584,21.498604],[72.251116,21.498672],[72.250967,21.498663],[72.250797,21.498564],[72.250648,21.498483],[72.250547,21.498483],[72.250416,21.498524],[72.250286,21.498591],[72.250006,21.498623],[72.249876,21.498723],[72.249548,21.49894],[72.249047,21.49941],[72.248622,21.5],[72.24862,21.500002],[72.24838,21.500384],[72.248237,21.50063],[72.248035,21.501113],[72.247837,21.50128],[72.247567,21.501353],[72.247466,21.501412],[72.247278,21.501552],[72.247138,21.501692],[72.246998,21.501882],[72.246878,21.50208],[72.246757,21.50232],[72.246526,21.502862],[72.246179,21.50349],[72.245986,21.503951],[72.245817,21.503951],[72.245258,21.504272],[72.244158,21.50458],[72.242706,21.505502],[72.242547,21.505601],[72.242538,21.505701],[72.241809,21.506062],[72.241269,21.50632],[72.240989,21.506329],[72.240627,21.506352],[72.239716,21.506791],[72.239518,21.507003],[72.239499,21.507053],[72.239436,21.507121],[72.239339,21.507171],[72.239248,21.507342],[72.239016,21.5076],[72.23866,21.507839],[72.238327,21.508372],[72.23797,21.508869],[72.23772,21.509041],[72.23743,21.509141],[72.23661,21.509272],[72.236069,21.50953],[72.235717,21.509481],[72.23467,21.509919],[72.233329,21.510241],[72.232137,21.510472],[72.231939,21.510359],[72.23177,21.5103],[72.231341,21.510283],[72.231119,21.510301],[72.231018,21.510251],[72.230747,21.510193],[72.230511,21.510143],[72.230028,21.509949],[72.22985,21.50994],[72.229377,21.510072],[72.228827,21.510402],[72.228339,21.510551],[72.228127,21.51052],[72.228098,21.510592],[72.22805,21.51061],[72.227409,21.511143],[72.227332,21.511491],[72.227409,21.512082],[72.22741,21.512561],[72.22754,21.513243],[72.22769,21.513722],[72.228,21.51509],[72.227441,21.515501],[72.226799,21.515881],[72.226698,21.516531],[72.226457,21.51724],[72.22612,21.517791],[72.225739,21.518288],[72.225599,21.518681],[72.22533,21.519431],[72.225267,21.51986],[72.225161,21.52061],[72.224969,21.521242],[72.22482,21.521698],[72.22468,21.52229],[72.224512,21.5229],[72.224449,21.52364],[72.224479,21.524259],[72.224311,21.52537],[72.22421,21.525989],[72.224041,21.52663],[72.223709,21.5278],[72.224119,21.527921],[72.22453,21.52816],[72.22495,21.528341],[72.225239,21.52853],[72.22522,21.52867],[72.2251,21.52933],[72.22498,21.529849],[72.224729,21.530432],[72.224609,21.53105],[72.22458,21.531439],[72.224619,21.531809],[72.224692,21.532328],[72.224656,21.532489],[72.22462,21.532649],[72.224668,21.53311],[72.22477,21.533719],[72.224959,21.534929],[72.225288,21.535719],[72.225482,21.536807],[72.226119,21.537737],[72.226661,21.538857],[72.227337,21.539737],[72.228009,21.540428],[72.228521,21.541177],[72.228719,21.54203],[72.229111,21.54366],[72.229291,21.544929],[72.229668,21.545958],[72.230108,21.546608],[72.230721,21.54724],[72.23132,21.547989],[72.231437,21.54845],[72.231258,21.548938],[72.230998,21.549367],[72.229839,21.548848],[72.228859,21.548948],[72.22815,21.549269],[72.226838,21.549907],[72.22539,21.550418],[72.225091,21.550658],[72.225072,21.550829],[72.22498,21.551588],[72.224518,21.552577],[72.224272,21.552979],[72.22419,21.55349],[72.224132,21.55372],[72.22433,21.554176],[72.22462,21.55479],[72.224949,21.555738],[72.224868,21.556149],[72.224771,21.556438],[72.224709,21.556989],[72.224719,21.557246],[72.224802,21.559075],[72.224798,21.559346],[72.224861,21.559716],[72.22487,21.560118],[72.22489,21.560159],[72.224962,21.560168],[72.22502,21.560136],[72.225112,21.560145],[72.225561,21.560578],[72.225701,21.560849],[72.22643,21.560939],[72.226701,21.561029],[72.22658,21.561476],[72.226498,21.561598],[72.226479,21.561765],[72.226542,21.561887],[72.22646,21.562005],[72.226281,21.562136],[72.226248,21.562235],[72.226069,21.562466],[72.225891,21.562547],[72.225881,21.562656],[72.225707,21.562809],[72.225722,21.562985],[72.225722,21.562999],[72.225471,21.563717],[72.225352,21.564747],[72.224812,21.566675],[72.224282,21.567646],[72.223891,21.568378],[72.22338,21.568478],[72.223148,21.568975],[72.222931,21.569476],[72.22271,21.570235],[72.222339,21.571368],[72.222238,21.572046],[72.222562,21.572425],[72.223122,21.572967],[72.22389,21.573738],[72.224432,21.574564],[72.224702,21.575278],[72.224848,21.575946],[72.22521,21.576524],[72.22565,21.576858],[72.226152,21.577106],[72.226848,21.577625],[72.228461,21.578775],[72.230417,21.580205],[72.230471,21.580666],[72.230341,21.581176],[72.23024,21.581763],[72.230187,21.582296],[72.23012,21.582856],[72.23012,21.583475],[72.230087,21.584545],[72.23004,21.586094],[72.230098,21.586446],[72.23049,21.586645],[72.230828,21.586834],[72.231079,21.587055],[72.2312,21.587353],[72.231248,21.587737],[72.23122,21.588134],[72.231341,21.588667],[72.231419,21.589417],[72.231607,21.589954],[72.231757,21.590396],[72.23198,21.590884],[72.23213,21.591295],[72.232449,21.592013],[72.232957,21.593354],[72.233257,21.593995],[72.233431,21.594866],[72.233528,21.595575],[72.233621,21.596342],[72.23368,21.597973],[72.233777,21.598424],[72.233729,21.599002],[72.233778,21.599503],[72.234087,21.599905],[72.234309,21.600244],[72.234561,21.600614],[72.23487,21.600582],[72.235329,21.600554],[72.236077,21.600373],[72.236859,21.600264],[72.238438,21.600155],[72.239978,21.599964],[72.240857,21.599882],[72.240968,21.599873],[72.241658,21.599814],[72.24273,21.599673],[72.243413,21.599566],[72.243628,21.599533],[72.24428,21.599315],[72.24485,21.599202],[72.245598,21.599066],[72.245893,21.599005],[72.246515,21.598876],[72.247669,21.598636],[72.247799,21.598383],[72.247886,21.597922],[72.247958,21.597344],[72.248059,21.596906],[72.248285,21.596562],[72.248556,21.596553],[72.249439,21.596553],[72.25,21.596463],[72.250309,21.596413],[72.250786,21.596815],[72.251028,21.597245],[72.251186,21.597976],[72.251659,21.599106],[72.252097,21.600433],[72.252897,21.602132],[72.253726,21.603614],[72.254667,21.604743],[72.254686,21.604743],[72.254667,21.604825],[72.254918,21.605145],[72.255318,21.605584],[72.255757,21.606293],[72.256148,21.606993],[72.257035,21.608434],[72.257368,21.609302],[72.257996,21.609121],[72.258338,21.609393],[72.258628,21.609623],[72.258927,21.609754],[72.259125,21.609935],[72.259376,21.610355],[72.259467,21.610622],[72.259607,21.610852],[72.259636,21.611082],[72.259665,21.611295],[72.258428,21.611641],[72.257076,21.611884],[72.255468,21.611951],[72.254405,21.612122],[72.253318,21.612333],[72.252647,21.612283],[72.251874,21.612405],[72.252067,21.613032],[72.252448,21.614175],[72.252717,21.615291],[72.252789,21.616284],[72.253029,21.618253],[72.253168,21.619554],[72.253215,21.620331],[72.253485,21.621013],[72.254266,21.622422],[72.255177,21.624631],[72.255625,21.62627],[72.255827,21.627232],[72.256005,21.628799],[72.256498,21.633081],[72.256845,21.635343],[72.257118,21.63715],[72.257176,21.637832],[72.256065,21.638102],[72.256518,21.638491],[72.256875,21.639091],[72.256947,21.63957],[72.254885,21.639501],[72.252687,21.639441],[72.25132,21.639494],[72.251098,21.639503],[72.25,21.639568],[72.249438,21.639601],[72.246528,21.637363],[72.245668,21.636723],[72.245156,21.636393],[72.244537,21.636042],[72.24436,21.635936],[72.243846,21.635631],[72.240067,21.632961],[72.239299,21.632582],[72.238298,21.63158],[72.2368,21.62987],[72.234698,21.628363],[72.233108,21.626874],[72.229212,21.629184],[72.225712,21.631593],[72.224267,21.632346],[72.223969,21.632501],[72.22155,21.63323],[72.2197,21.633421],[72.218469,21.63376],[72.2162,21.634339],[72.213529,21.635831],[72.21253,21.63655],[72.211642,21.63674],[72.21098,21.636523],[72.21068,21.636311],[72.210472,21.63609],[72.209293,21.635029],[72.208544,21.634574],[72.207771,21.634222],[72.207201,21.634032],[72.206742,21.634024],[72.205733,21.633392],[72.204994,21.633031],[72.204525,21.632544],[72.203631,21.631921],[72.203273,21.631402],[72.203002,21.63063],[72.202891,21.630372],[72.202732,21.630002],[72.201311,21.628842],[72.200374,21.627872],[72.200064,21.627502],[72.200035,21.627524],[72.199634,21.627421],[72.199113,21.627141],[72.198045,21.626821],[72.198234,21.626821],[72.198103,21.626703],[72.197953,21.626672],[72.197765,21.626342],[72.197982,21.625782],[72.197953,21.625511],[72.197523,21.625313],[72.197233,21.624934],[72.196726,21.624423],[72.196015,21.623904],[72.195735,21.623412],[72.195146,21.622853],[72.194735,21.622234],[72.194324,21.621602],[72.194266,21.621042],[72.193836,21.620555],[72.192966,21.619774],[72.192845,21.619625],[72.192502,21.619223],[72.191922,21.618713],[72.191425,21.618424],[72.190333,21.617711],[72.189763,21.617391],[72.189246,21.616935],[72.188985,21.616994],[72.187986,21.616534],[72.186764,21.616033],[72.186165,21.616001],[72.185416,21.616033],[72.185054,21.615763],[72.184653,21.615293],[72.184006,21.615474],[72.183165,21.615235],[72.182866,21.615023],[72.182736,21.614982],[72.181455,21.614093],[72.180924,21.613863],[72.180654,21.613795],[72.180287,21.613592],[72.180205,21.613601],[72.179287,21.613055],[72.179258,21.613014],[72.179147,21.612983],[72.178726,21.612581],[72.178007,21.612125],[72.177678,21.611814],[72.177466,21.611575],[72.176427,21.610803],[72.175905,21.610374],[72.175645,21.609882],[72.175466,21.609146],[72.175644,21.608252],[72.175661,21.607748],[72.175677,21.607245],[72.175566,21.606612],[72.177068,21.606562],[72.178425,21.606562],[72.179714,21.606616],[72.180685,21.606633],[72.181028,21.606683],[72.180863,21.606123],[72.180964,21.605446],[72.180945,21.604705],[72.180916,21.604123],[72.180915,21.603472],[72.181045,21.602465],[72.181064,21.601743],[72.181098,21.600785],[72.181097,21.599896],[72.181097,21.598902],[72.181097,21.598473],[72.181068,21.597963],[72.180734,21.596595],[72.180627,21.596044],[72.180545,21.595376],[72.180245,21.594504],[72.180216,21.593443],[72.180066,21.592106],[72.180027,21.591546],[72.179974,21.591045],[72.179785,21.590336],[72.179756,21.589194],[72.179635,21.588047],[72.179514,21.587645],[72.178745,21.584764],[72.177538,21.584525],[72.176128,21.584237],[72.174196,21.583768],[72.172675,21.583737],[72.172077,21.583696],[72.170938,21.584338],[72.170209,21.584785],[72.169967,21.584984],[72.169378,21.584835],[72.169089,21.584907],[72.168727,21.585056],[72.168239,21.585074],[72.167857,21.585215],[72.167616,21.585007],[72.167307,21.584908],[72.167157,21.584786],[72.166959,21.584564],[72.166568,21.584474],[72.165569,21.584475],[72.164618,21.584457],[72.163889,21.584236],[72.162546,21.584204],[72.160866,21.584336],[72.16048,21.583338],[72.158128,21.583388],[72.156439,21.583384],[72.155029,21.583456],[72.154888,21.581194],[72.154989,21.580806],[72.154849,21.580566],[72.154796,21.580526],[72.154796,21.580467],[72.15455,21.579966],[72.154357,21.579916],[72.153599,21.579916],[72.153178,21.580042],[72.152599,21.580214],[72.152406,21.580327],[72.152141,21.580576],[72.152039,21.580517],[72.151721,21.580467],[72.151407,21.580287],[72.151209,21.580305],[72.150948,21.580666],[72.150891,21.580906],[72.150678,21.580906],[72.150601,21.580856],[72.15006,21.580856],[72.150007,21.580797],[72.149799,21.580797],[72.149761,21.580955],[72.149577,21.581077],[72.149519,21.581186],[72.14866,21.581367],[72.148588,21.581434],[72.148438,21.581475],[72.148279,21.581335],[72.148279,21.581195],[72.148419,21.581154],[72.148781,21.580847],[72.14881,21.580748],[72.148771,21.580635],[72.148361,21.580436],[72.148037,21.580446],[72.147651,21.580405],[72.147409,21.580315],[72.1471,21.580288],[72.146738,21.580148],[72.14655,21.579967],[72.146502,21.579836],[72.146511,21.579737],[72.1467,21.579574],[72.146729,21.579475],[72.146811,21.579384],[72.146941,21.579384],[72.147009,21.579425],[72.14738,21.579335],[72.147829,21.579308],[72.147781,21.579186],[72.14782,21.579046],[72.1478,21.578946],[72.147129,21.578346],[72.146989,21.578287],[72.146859,21.577917],[72.146921,21.577845],[72.146912,21.577736],[72.146728,21.577727],[72.14654,21.577655],[72.14627,21.577596],[72.146101,21.577596],[72.145932,21.577664],[72.145878,21.577614],[72.145878,21.577578],[72.145449,21.577276],[72.145232,21.577077],[72.144821,21.576788],[72.144599,21.576698],[72.14428,21.576698],[72.144169,21.576617],[72.143619,21.576585],[72.143571,21.576486],[72.14318,21.576608],[72.142692,21.576667],[72.142422,21.576667],[72.142349,21.576626],[72.1419,21.576617],[72.14189,21.576576],[72.141601,21.576436],[72.141432,21.576468],[72.141321,21.576545],[72.14049,21.576387],[72.140321,21.576315],[72.14009,21.576148],[72.140022,21.575976],[72.139781,21.576017],[72.13924,21.575967],[72.138941,21.575687],[72.138463,21.575136],[72.138071,21.575096],[72.137801,21.575136],[72.137632,21.575308],[72.137352,21.575308],[72.136522,21.575145],[72.136401,21.575308],[72.136251,21.575416],[72.135889,21.575588],[72.135093,21.575227],[72.135001,21.575236],[72.134721,21.575177],[72.13462,21.575087],[72.134209,21.575037],[72.13419,21.574965],[72.133881,21.574626],[72.133871,21.574577],[72.133582,21.574396],[72.133553,21.574346],[72.133079,21.574048],[72.13305,21.574075],[72.132442,21.573755],[72.13222,21.573687],[72.132162,21.573547],[72.13207,21.573524],[72.132051,21.573497],[72.131921,21.573506],[72.131872,21.573565],[72.13153,21.573579],[72.130733,21.573664],[72.129671,21.573579],[72.129362,21.573439],[72.129212,21.573358],[72.128952,21.573258],[72.128652,21.573078],[72.12857,21.572906],[72.128382,21.572879],[72.12801,21.572567],[72.127851,21.571858],[72.127363,21.571348],[72.127103,21.570607],[72.12675,21.570088],[72.126494,21.569668],[72.125234,21.566647],[72.12451,21.565577],[72.124312,21.564276],[72.123911,21.563238],[72.123462,21.562877],[72.123125,21.562597],[72.122705,21.562326],[72.122304,21.562159],[72.121951,21.562118],[72.121454,21.562086],[72.121411,21.562168],[72.12128,21.562186],[72.121223,21.562118],[72.120581,21.562217],[72.120494,21.562208],[72.12045,21.562168],[72.120373,21.562158],[72.120325,21.562258],[72.119953,21.562538],[72.119832,21.562646],[72.119712,21.562958],[72.119103,21.562858],[72.118934,21.562718],[72.118741,21.562727],[72.118722,21.562836],[72.118505,21.562958],[72.118085,21.563089],[72.117945,21.563098],[72.117742,21.563165],[72.117414,21.563165],[72.117221,21.562958],[72.116921,21.563089],[72.116762,21.563057],[72.116535,21.56364],[72.116323,21.563576],[72.116212,21.563558],[72.116163,21.563089],[72.115985,21.562917],[72.115232,21.563468],[72.114213,21.562967],[72.113923,21.562976],[72.113446,21.563066],[72.113446,21.562926],[72.112466,21.562379],[72.112176,21.562497],[72.111843,21.562899],[72.111553,21.562899],[72.111375,21.562926],[72.110322,21.563255],[72.110255,21.563707],[72.110115,21.564217],[72.109535,21.564759],[72.109332,21.565066],[72.108763,21.565287],[72.108454,21.565147],[72.108135,21.564307],[72.107783,21.564109],[72.107315,21.564127],[72.106933,21.564217],[72.106672,21.564578],[72.106166,21.564858],[72.105857,21.564908],[72.105374,21.565088],[72.105176,21.565219],[72.105026,21.565386],[72.104963,21.565409],[72.104944,21.565716],[72.104766,21.565738],[72.104756,21.565806],[72.104693,21.565869],[72.104616,21.566036],[72.104432,21.566176],[72.103486,21.565996],[72.102955,21.566257],[72.102945,21.566669],[72.102743,21.567477],[72.102742,21.567919],[72.102646,21.568077],[72.102385,21.568186],[72.101926,21.568267],[72.101294,21.568357],[72.101246,21.568366],[72.100546,21.568628],[72.099744,21.568948],[72.099054,21.569716],[72.098831,21.569903],[72.098388,21.570276],[72.096847,21.571468],[72.095867,21.572615],[72.095558,21.573396],[72.095456,21.575365],[72.095765,21.575997],[72.095557,21.576968],[72.094838,21.578508],[72.094268,21.579618],[72.094214,21.580535],[72.094726,21.581068],[72.095247,21.581547],[72.095508,21.582075],[72.095194,21.583236],[72.094725,21.584735],[72.094938,21.585408],[72.095194,21.585697],[72.094788,21.586324],[72.094368,21.586568],[72.095347,21.588208],[72.096637,21.588596],[72.097617,21.589025],[72.098336,21.589658],[72.099055,21.591347],[72.099267,21.592444],[72.099523,21.593324],[72.099055,21.594187],[72.098596,21.594625],[72.099165,21.595447],[72.099783,21.596165],[72.099986,21.596987],[72.098846,21.597953],[72.097354,21.598626],[72.095447,21.599253],[72.095084,21.600946],[72.094365,21.602333],[72.094678,21.603114],[72.095398,21.604125],[72.095904,21.604943],[72.096527,21.606104],[72.097927,21.607553],[72.097666,21.608854],[72.097666,21.609242],[72.098125,21.609093],[72.098743,21.608276],[72.099265,21.607843],[72.099825,21.607694],[72.100554,21.607554],[72.101684,21.607504],[72.102457,21.606872],[72.104055,21.605387],[72.105403,21.605423],[72.106644,21.605915],[72.108184,21.606304],[72.109632,21.607555],[72.110555,21.608313],[72.110883,21.608652],[72.111076,21.608995],[72.111694,21.609086],[72.112525,21.609456],[72.112815,21.609704],[72.113133,21.609745],[72.114094,21.609772],[72.114365,21.609885],[72.115074,21.609962],[72.115924,21.609953],[72.116581,21.609985],[72.116943,21.610043],[72.117663,21.610102],[72.118576,21.610134],[72.119575,21.610292],[72.120203,21.610405],[72.121145,21.610472],[72.121835,21.610653],[72.122685,21.611014],[72.123221,21.611123],[72.123752,21.611353],[72.124554,21.611516],[72.124911,21.611583],[72.125814,21.611732],[72.126201,21.611863],[72.126514,21.611832],[72.127021,21.611656],[72.12776,21.611972],[72.128234,21.611945],[72.128852,21.611782],[72.129924,21.611746],[72.130262,21.611673],[72.130721,21.611705],[72.130991,21.611705],[72.13117,21.611755],[72.131271,21.612355],[72.131363,21.613073],[72.13229,21.613114],[72.13372,21.613132],[72.134903,21.613245],[72.137443,21.613335],[72.138249,21.613403],[72.141741,21.613172],[72.14176,21.617764],[72.141862,21.621291],[72.142572,21.621824],[72.142471,21.623215],[72.142698,21.624691],[72.142848,21.624985],[72.143201,21.625545],[72.143119,21.626561],[72.142892,21.627143],[72.142568,21.628132],[72.141158,21.628561],[72.14069,21.628372],[72.139951,21.628494],[72.139709,21.629654],[72.1394,21.630133],[72.13899,21.630811],[72.140671,21.63025],[72.140801,21.630232],[72.141308,21.630612],[72.141719,21.630711],[72.141753,21.632594],[72.141879,21.635001],[72.141831,21.639629],[72.141971,21.640542],[72.142541,21.641142],[72.142831,21.641539],[72.143189,21.644],[72.1433,21.645161],[72.1433,21.646701],[72.14317,21.647789],[72.14288,21.648923],[72.142629,21.650133],[72.14345,21.6502],[72.14459,21.650512],[72.144542,21.65132],[72.14531,21.651451],[72.147122,21.65193],[72.147378,21.65136],[72.145571,21.650561],[72.145571,21.649861],[72.14759,21.650272],[72.148928,21.6502],[72.15001,21.648773],[72.15128,21.6487],[72.153207,21.648582],[72.154057,21.648551],[72.154777,21.64865],[72.154497,21.64734],[72.154371,21.64679],[72.154448,21.645701],[72.154791,21.643633],[72.155167,21.640662],[72.156538,21.640571],[72.157258,21.640611],[72.158668,21.640571],[72.160359,21.640593],[72.162107,21.64071],[72.164677,21.640953],[72.16574,21.64098],[72.166377,21.641102],[72.165117,21.64233],[72.164707,21.644331],[72.164688,21.646751],[72.16422,21.647361],[72.164626,21.647903],[72.164764,21.647906],[72.165606,21.64793],[72.166568,21.64802],[72.167809,21.648119],[72.169036,21.648823],[72.170225,21.64959],[72.172288,21.651319],[72.172829,21.651829],[72.173525,21.652578],[72.174027,21.65308],[72.175307,21.653029],[72.176737,21.652961],[72.177394,21.652902],[72.179796,21.65501],[72.181086,21.656532],[72.183145,21.65869],[72.183473,21.659019],[72.184087,21.65999],[72.184744,21.660161],[72.185237,21.660599],[72.185764,21.661421],[72.186248,21.662441],[72.186813,21.663041],[72.188016,21.663429],[72.189093,21.66356],[72.189664,21.663939],[72.190157,21.664688],[72.190244,21.66481],[72.190877,21.665379],[72.191645,21.66588],[72.191945,21.665947],[72.192954,21.666249],[72.194066,21.666511],[72.195032,21.666538],[72.195795,21.666479],[72.196273,21.666388],[72.196674,21.666451],[72.196742,21.66665],[72.196626,21.66684],[72.196423,21.667079],[72.196274,21.667291],[72.196226,21.66758],[72.196395,21.667878],[72.196675,21.668158],[72.197042,21.668519],[72.197274,21.66884],[72.197304,21.669079],[72.197941,21.66925],[72.198096,21.669277],[72.198202,21.669327],[72.198255,21.66939],[72.198313,21.669489],[72.198323,21.669571],[72.198343,21.669688],[72.198522,21.67018],[72.198594,21.670298],[72.198976,21.670578],[72.199445,21.670699],[72.199735,21.670717],[72.200092,21.670478],[72.200473,21.670351],[72.200923,21.670351],[72.201333,21.67054],[72.201764,21.670888],[72.202174,21.671077],[72.202701,21.671511],[72.202972,21.671867],[72.203363,21.672007],[72.203701,21.672056],[72.203552,21.67258],[72.203533,21.672657],[72.203243,21.673208],[72.202963,21.673827],[72.202872,21.674337],[72.202501,21.67664],[72.202502,21.677697],[72.202555,21.678108],[72.202111,21.679219],[72.202165,21.680158],[72.202112,21.680637],[72.201523,21.680958],[72.200904,21.68127],[72.199895,21.68207],[72.199431,21.682666],[72.198205,21.684536],[72.199244,21.685068],[72.202332,21.686566],[72.206151,21.688727],[72.208693,21.690175],[72.210592,21.691096],[72.212091,21.691957],[72.213473,21.692787],[72.215522,21.693206],[72.215561,21.693215],[72.22048,21.693985],[72.225182,21.694655],[72.225621,21.694711],[72.226061,21.694767],[72.226719,21.695467],[72.227971,21.696757],[72.230318,21.701845],[72.231311,21.704838],[72.231521,21.707006],[72.230478,21.708117],[72.229348,21.709856],[72.228619,21.711157],[72.22821,21.712986],[72.227651,21.715646],[72.226608,21.716704],[72.225382,21.717915],[72.223459,21.719266],[72.222643,21.719935],[72.222382,21.720513],[72.222692,21.721245],[72.223099,21.722256],[72.22352,21.723263],[72.223409,21.724035],[72.222482,21.725534],[72.221502,21.726745],[72.220522,21.728724],[72.2199,21.729736],[72.219853,21.731474],[72.219752,21.732635],[72.219444,21.734604],[72.21872,21.736442],[72.217023,21.735915],[72.215834,21.735572],[72.21464,21.734755],[72.213402,21.733794],[72.212063,21.732874],[72.211381,21.732003],[72.211071,21.731235],[72.209683,21.729696],[72.208754,21.728825],[72.207154,21.727525],[72.205655,21.726993],[72.202035,21.725356],[72.198883,21.724106],[72.195166,21.722704],[72.191603,21.721405],[72.190564,21.720877],[72.189747,21.720484],[72.188457,21.721117],[72.187215,21.721357],[72.186074,21.720206],[72.185407,21.719185],[72.184377,21.717646],[72.183758,21.716725],[72.182724,21.715958],[72.180916,21.714947],[72.177817,21.712916],[72.177668,21.712726],[72.177817,21.711186],[72.178338,21.709448],[72.178588,21.706887],[72.178888,21.706056],[72.178989,21.704868],[72.178838,21.703834],[72.178708,21.703035],[72.178646,21.702402],[72.178538,21.701279],[72.178165,21.699789],[72.178425,21.697946],[72.178836,21.696546],[72.178835,21.694428],[72.178568,21.692816],[72.177317,21.691755],[72.177118,21.691317],[72.177085,21.691146],[72.177075,21.690988],[72.177055,21.690866],[72.177017,21.690798],[72.176809,21.690536],[72.176698,21.690478],[72.176616,21.690469],[72.176466,21.690419],[72.176326,21.690297],[72.176195,21.690239],[72.175968,21.690026],[72.175905,21.68995],[72.175799,21.689886],[72.175147,21.689778],[72.175118,21.689729],[72.175026,21.689729],[72.175016,21.689679],[72.174939,21.689656],[72.174745,21.68944],[72.174175,21.688848],[72.173237,21.687869],[72.172696,21.687259],[72.172068,21.686596],[72.170608,21.684808],[72.169057,21.68288],[72.167249,21.681327],[72.16477,21.679838],[72.161668,21.678488],[72.16075,21.67791],[72.157687,21.675689],[72.15484,21.67354],[72.153439,21.672629],[72.15271,21.67227],[72.15198,21.671911],[72.151371,21.671608],[72.151222,21.671419],[72.150028,21.670791],[72.149632,21.670489],[72.14956,21.670448],[72.149521,21.67043],[72.149477,21.670398],[72.14941,21.670358],[72.148898,21.67015],[72.148811,21.670101],[72.148661,21.670019],[72.148569,21.66997],[72.148468,21.669879],[72.147381,21.66978],[72.14567,21.669609],[72.144168,21.669758],[72.143637,21.671807],[72.142729,21.675308],[72.141802,21.678641],[72.14113,21.678487],[72.140251,21.681969],[72.1403,21.683418],[72.139803,21.685478],[72.139131,21.689339],[72.138451,21.695606],[72.135122,21.695896],[72.134363,21.695911],[72.13259,21.695946],[72.129183,21.695846],[72.126603,21.695846],[72.124482,21.695946],[72.124071,21.696379],[72.121602,21.696578],[72.119899,21.696623],[72.118196,21.696668],[72.114185,21.697097],[72.112997,21.697056],[72.112016,21.697295],[72.110416,21.697539],[72.105666,21.698166],[72.103758,21.698405],[72.102724,21.698455],[72.100965,21.698599],[72.099476,21.699895],[72.097978,21.700337],[72.096587,21.700626],[72.095968,21.700816],[72.094678,21.699226],[72.093137,21.699366],[72.092808,21.699497],[72.092596,21.699885],[72.091586,21.699668],[72.090958,21.699487],[72.089629,21.699058],[72.087696,21.698529],[72.087126,21.698376],[72.085648,21.698136],[72.085116,21.698018],[72.084536,21.697887],[72.083739,21.697589],[72.082947,21.697237],[72.082947,21.696817],[72.082826,21.696288],[72.082517,21.695868],[72.0823,21.695376],[72.081919,21.694635],[72.080749,21.694147],[72.079508,21.693908],[72.078479,21.693759],[72.078116,21.693469],[72.076927,21.693758],[72.073927,21.694186],[72.072018,21.694326],[72.070061,21.694478],[72.068877,21.694758],[72.068119,21.695309],[72.06722,21.694717],[72.06624,21.693556],[72.065182,21.692327],[72.064641,21.691496],[72.064018,21.690688],[72.063342,21.690244],[72.062903,21.689956],[72.062101,21.689156],[72.061623,21.688569],[72.060821,21.688117],[72.059309,21.687417],[72.058043,21.686649],[72.057309,21.686079],[72.055861,21.683997],[72.053851,21.683797],[72.051682,21.6839],[72.049773,21.683218],[72.048952,21.682739],[72.047194,21.682787],[72.045691,21.682209],[72.045173,21.685248],[72.043525,21.686019],[72.042133,21.687179],[72.041301,21.687896],[72.041301,21.688289],[72.040166,21.688478],[72.039035,21.688428],[72.037793,21.688667],[72.037271,21.68891],[72.035633,21.689189],[72.034942,21.689288],[72.034145,21.689618],[72.033265,21.690349],[72.032612,21.690999],[72.031505,21.691459],[72.031114,21.691458],[72.030186,21.691788],[72.029403,21.692216],[72.029484,21.69372],[72.029483,21.695309],[72.029425,21.69647],[72.029916,21.698317],[72.030225,21.699067],[72.030374,21.699938],[72.030374,21.700616],[72.030373,21.701167],[72.030344,21.701876],[72.030633,21.702829],[72.030696,21.703456],[72.030453,21.704368],[72.030405,21.704707],[72.029805,21.705958],[72.029766,21.706328],[72.029505,21.706675],[72.029104,21.706576],[72.028713,21.706368],[72.028563,21.706648],[72.028505,21.706887],[72.028234,21.707077],[72.028093,21.707307],[72.028016,21.707636],[72.028006,21.707858],[72.027837,21.707966],[72.027827,21.708038],[72.027735,21.708056],[72.027537,21.708196],[72.027484,21.708295],[72.027494,21.708476],[72.027662,21.708607],[72.027885,21.708616],[72.027836,21.708878],[72.027783,21.709068],[72.027735,21.709438],[72.027797,21.709709],[72.027826,21.709777],[72.027874,21.709849],[72.028217,21.710319],[72.028333,21.710635],[72.028647,21.711326],[72.029037,21.712658],[72.028467,21.712757],[72.027326,21.712996],[72.026166,21.713325],[72.024977,21.713496],[72.024156,21.713644],[72.021778,21.714027],[72.019676,21.714215],[72.018864,21.714287],[72.01858,21.714257],[72.018126,21.714223],[72.017522,21.714225],[72.016804,21.714051],[72.016331,21.713822],[72.016315,21.713941],[72.016275,21.71441],[72.015963,21.714899],[72.015672,21.715427],[72.015319,21.715936],[72.015007,21.716445],[72.014737,21.716895],[72.014425,21.717286],[72.014133,21.7176],[72.013876,21.71804],[72.013753,21.718763],[72.013629,21.719212],[72.013548,21.719974],[72.013466,21.720404],[72.013343,21.721166],[72.013282,21.721625],[72.013283,21.721977],[72.013201,21.722387],[72.013182,21.722837],[72.013163,21.723247],[72.013081,21.723735],[72.012999,21.724224],[72.012958,21.724615],[72.01275,21.724908],[72.012773,21.725299],[72.012774,21.725787],[72.012797,21.726158],[72.012547,21.72653],[72.012381,21.726823],[72.012298,21.727097],[72.012362,21.727448],[72.012364,21.727839],[72.012427,21.728073],[72.012428,21.728424],[72.012348,21.728904],[72.012276,21.728904],[72.010797,21.728903],[72.010057,21.728867],[72.009279,21.728816],[72.007588,21.728748],[72.007099,21.728725],[72.007065,21.729054],[72.00707,21.729465],[72.006968,21.730526],[72.006929,21.730766],[72.006865,21.731316],[72.00673,21.731845],[72.006628,21.732233],[72.006507,21.732544],[72.006376,21.733127],[72.006216,21.733605],[72.006056,21.733917],[72.005737,21.734617],[72.005417,21.735194],[72.005228,21.735515],[72.004488,21.736675],[72.00427,21.737135],[72.004168,21.737515],[72.003849,21.737984],[72.003467,21.738336],[72.002867,21.738484],[72.001669,21.738326],[72.000528,21.738343],[72.000137,21.738324],[72.000268,21.737837],[71.999999,21.737827],[72.0,21.738047],[71.997716,21.736528],[71.996538,21.737378],[71.995934,21.737925],[71.995809,21.738279],[71.995707,21.738566],[71.995983,21.73927],[71.997372,21.740439],[71.997425,21.741188],[71.997024,21.741609],[71.995599,21.74147],[71.994439,21.741615],[71.994487,21.742157],[71.995325,21.743439],[71.995388,21.744319],[71.994887,21.745728],[71.993246,21.748511],[71.992588,21.750002],[71.99232,21.75061],[71.991538,21.752562],[71.991249,21.754282],[71.99123,21.754824],[71.991914,21.754925],[71.992186,21.755177],[71.992548,21.755408],[71.992865,21.755639],[71.993001,21.755934],[71.993205,21.756313],[71.993342,21.756534],[71.993478,21.756913],[71.993683,21.757355],[71.993775,21.757798],[71.993798,21.758072],[71.994025,21.758493],[71.99423,21.75885],[71.993829,21.75875],[71.993014,21.758844],[71.992853,21.75924],[71.992495,21.759515],[71.992628,21.760154],[71.992629,21.760585],[71.992631,21.761013],[71.992687,21.761492],[71.992762,21.76204],[71.992268,21.76223],[71.991682,21.762386],[71.991683,21.76278],[71.991685,21.763174],[71.991704,21.763567],[71.991705,21.763756],[71.991265,21.763723],[71.99066,21.763673],[71.989981,21.763641],[71.989234,21.763678],[71.988757,21.763816],[71.988409,21.763834],[71.988024,21.763921],[71.987511,21.763991],[71.987072,21.764026],[71.986632,21.764079],[71.986651,21.764319],[71.986671,21.76485],[71.986699,21.765101],[71.986709,21.765124],[71.986765,21.765414],[71.987426,21.765824],[71.988087,21.76625],[71.988418,21.766488],[71.988822,21.76671],[71.989245,21.766983],[71.989392,21.767102],[71.989559,21.767658],[71.98967,21.768154],[71.989672,21.768565],[71.989783,21.769027],[71.989895,21.769524],[71.990024,21.769797],[71.990099,21.770225],[71.990173,21.770533],[71.990285,21.770927],[71.990396,21.771252],[71.990397,21.771654],[71.990491,21.772168],[71.990584,21.772647],[71.990696,21.773263],[71.990734,21.77364],[71.990883,21.774273],[71.990902,21.774632],[71.990995,21.774957],[71.991089,21.775642],[71.991073,21.776182],[71.991074,21.776558],[71.991021,21.777106],[71.99104,21.777363],[71.990986,21.777757],[71.990988,21.7781],[71.990952,21.778408],[71.990954,21.778956],[71.990992,21.779504],[71.990993,21.779812],[71.991013,21.780172],[71.991032,21.78048],[71.991034,21.780874],[71.991109,21.781405],[71.99111,21.781798],[71.99113,21.782209],[71.991095,21.782706],[71.991169,21.782997],[71.991189,21.783408],[71.991227,21.78387],[71.991247,21.784281],[71.991267,21.784761],[71.991268,21.785206],[71.99127,21.785694],[71.991253,21.786053],[71.991273,21.786499],[71.991311,21.786961],[71.99135,21.787492],[71.991351,21.787903],[71.991372,21.788553],[71.99141,21.789101],[71.991448,21.789606],[71.991505,21.790188],[71.991507,21.790616],[71.991508,21.790993],[71.991528,21.79137],[71.991602,21.791712],[71.991343,21.792095],[71.991411,21.792526],[71.991216,21.793387],[71.991153,21.794126],[71.99076,21.794803],[71.991028,21.79634],[71.990968,21.797878],[71.990971,21.798739],[71.991044,21.800799],[71.991048,21.802152],[71.99112,21.803874],[71.99119,21.805104],[71.989614,21.806462],[71.988629,21.807326],[71.988635,21.809171],[71.988903,21.810401],[71.988906,21.811323],[71.9886,21.81206],[71.988601,21.812373],[71.988604,21.813464],[71.989422,21.81573],[71.990123,21.817888],[71.99065,21.819882],[71.990757,21.820287],[71.986471,21.819248],[71.984692,21.819678],[71.981761,21.819838],[71.977931,21.819709],[71.97515,21.819327],[71.970154,21.819109],[71.968331,21.818839],[71.964752,21.818638],[71.963326,21.818408],[71.961691,21.818888],[71.959124,21.820158],[71.958365,21.820438],[71.957596,21.820299],[71.956696,21.819839],[71.956116,21.819139],[71.955636,21.81825],[71.954944,21.817528],[71.954035,21.816769],[71.953024,21.816228],[71.952364,21.815969],[71.951703,21.815709],[71.951636,21.815669],[71.951776,21.816337],[71.953716,21.818038],[71.954105,21.820418],[71.954972,21.824387],[71.954973,21.825308],[71.955506,21.82659],[71.956005,21.82836],[71.956364,21.83046],[71.957032,21.832288],[71.957256,21.834586],[71.957925,21.836627],[71.957974,21.838537],[71.958212,21.839838],[71.958144,21.839978],[71.958135,21.839987],[71.957826,21.840438],[71.957806,21.840465],[71.957026,21.841824],[71.956724,21.842349],[71.955917,21.843555],[71.953823,21.844997],[71.952465,21.847436],[71.951267,21.849726],[71.951644,21.849685],[71.954556,21.849006],[71.955417,21.848486],[71.955997,21.848215],[71.956485,21.847948],[71.957003,21.847835],[71.957515,21.847569],[71.958744,21.847166],[71.958874,21.847347],[71.958725,21.847554],[71.960615,21.851749],[71.960623,21.851766],[71.961175,21.851784],[71.962214,21.850465],[71.962455,21.850284],[71.962794,21.850248],[71.963433,21.850374],[71.964715,21.850938],[71.965915,21.851746],[71.966225,21.852107],[71.966366,21.853046],[71.967445,21.853935],[71.969051,21.854837],[71.972574,21.857034],[71.972834,21.857204],[71.976151,21.859384],[71.979592,21.861414],[71.982041,21.863273],[71.983289,21.863814],[71.984102,21.863926],[71.984339,21.864193],[71.983123,21.868393],[71.982863,21.869784],[71.98211,21.872245],[71.981469,21.875484],[71.981265,21.8767],[71.981041,21.878035],[71.98138,21.879313],[71.981503,21.881981],[71.982129,21.890723],[71.9823,21.892805],[71.984563,21.897694],[71.98578,21.900781],[71.987249,21.903964],[71.988118,21.906158],[71.989509,21.90967],[71.991089,21.913593],[71.991982,21.916532],[71.993592,21.91514],[71.997311,21.917693],[71.998841,21.918392],[71.999469,21.918509],[72.0,21.91883],[72.00121,21.919562],[72.002767,21.920882],[72.004068,21.922711],[72.006668,21.926488],[72.011188,21.9327],[72.01364,21.936129],[72.019079,21.943647],[72.021869,21.94778],[72.025815,21.946387],[72.033793,21.943348],[72.038504,21.941387],[72.041452,21.940219],[72.044125,21.939168],[72.044274,21.939669],[72.044312,21.941471],[72.044402,21.945137],[72.044473,21.948958],[72.043825,21.954958],[72.043005,21.958769],[72.041604,21.962805],[72.040435,21.966815],[72.037456,21.977217],[72.035744,21.982756],[72.034846,21.985655],[72.032624,21.993533],[72.031935,21.996206],[72.031585,21.997213],[72.031696,21.997985],[72.031604,21.998586],[72.031216,22.000005],[72.031099,22.001454],[72.031001,22.001978],[72.030904,22.002502],[72.030468,22.003536],[72.029867,22.004384],[72.029266,22.004885],[72.028946,22.005174],[72.027798,22.005372],[72.026089,22.005484],[72.025329,22.005664],[72.025295,22.005623],[72.025048,22.005293],[72.024767,22.005086],[72.024588,22.005045],[72.024467,22.004982],[72.024365,22.004963],[72.024196,22.004923],[72.023818,22.004764],[72.023605,22.004633],[72.023368,22.004344],[72.023238,22.004114],[72.023049,22.003865],[72.022909,22.003766],[72.022657,22.003626],[72.022396,22.003513],[72.022265,22.003463],[72.022159,22.003413],[72.021936,22.003296],[72.021805,22.003223],[72.021495,22.003115],[72.02137,22.003065],[72.021137,22.002984],[72.020876,22.002925],[72.020546,22.002902],[72.020266,22.002902],[72.019965,22.002915],[72.019757,22.002933],[72.01951,22.002996],[72.019249,22.003032],[72.018958,22.003095],[72.018696,22.003172],[72.018488,22.003366],[72.01813,22.003713],[72.017999,22.003934],[72.017878,22.004106],[72.017747,22.004305],[72.017436,22.004765],[72.017247,22.005004],[72.017199,22.005085],[72.017029,22.005185],[72.016748,22.005342],[72.016588,22.005442],[72.01622,22.005735],[72.015799,22.006033],[72.015576,22.006182],[72.0153,22.006335],[72.01515,22.006425],[72.014936,22.006475],[72.014578,22.006556],[72.014229,22.006673],[72.014007,22.006682],[72.01375,22.006704],[72.013159,22.006663],[72.012757,22.006595],[72.012617,22.006563],[72.012167,22.006644],[72.011997,22.006662],[72.011319,22.006594],[72.010598,22.006634],[72.010307,22.006652],[72.009741,22.006593],[72.008951,22.006543],[72.008399,22.006403],[72.007959,22.006163],[72.007509,22.006014],[72.007121,22.006004],[72.006869,22.006054],[72.006351,22.006162],[72.006061,22.006112],[72.00532,22.005556],[72.005199,22.005484],[72.004439,22.005704],[72.003151,22.005645],[72.002091,22.005662],[72.001049,22.005756],[72.00026,22.005615],[72.0,22.005419],[71.999384,22.004562],[71.998809,22.00402],[71.998372,22.00337],[71.997811,22.003512],[71.997166,22.003708],[71.99649,22.00372],[71.995829,22.003127],[71.995315,22.002821],[71.994856,22.002487],[71.993848,22.001479],[71.992842,22.000603],[71.992606,22.000081],[71.992499,22.000001],[71.991959,21.999654],[71.991291,21.999514],[71.99054,21.999474],[71.989693,21.999664],[71.989445,22.000001],[71.987412,22.000938],[71.985537,22.001631],[71.9842,22.002471],[71.982083,22.001036],[71.981357,22.00097],[71.980241,22.000201],[71.979833,22.000001],[71.978192,21.998715],[71.978308,22.000001],[71.978335,22.000595],[71.978387,22.00165],[71.97844,22.002807],[71.976644,22.003256],[71.974263,22.004036],[71.97054,22.005419],[71.968162,22.00633],[71.966202,22.006998],[71.964383,22.007715],[71.963292,22.008155],[71.961309,22.00906],[71.959419,22.00977],[71.9588,22.009808],[71.957451,22.010043],[71.956892,22.010316],[71.956248,22.010538],[71.95499,22.011087],[71.953731,22.011584],[71.951939,22.012221],[71.95065,22.012613],[71.950087,22.012702],[71.947529,22.013637],[71.945655,22.014408],[71.943892,22.015124],[71.942719,22.015671],[71.941435,22.016326],[71.940406,22.017029],[71.939635,22.017964],[71.939065,22.019019],[71.937762,22.018779],[71.936493,22.018802],[71.935054,22.018775],[71.933734,22.019062],[71.933196,22.018966],[71.93258,22.019161],[71.931117,22.019372],[71.931292,22.022395],[71.931395,22.024753],[71.931608,22.025503],[71.932059,22.025891],[71.932369,22.026284],[71.932572,22.026582],[71.932694,22.02692],[71.932737,22.027273],[71.932704,22.027462],[71.932694,22.02776],[71.932317,22.028623],[71.932157,22.029011],[71.932094,22.029382],[71.932123,22.029856],[71.932211,22.030208],[71.932221,22.030578],[71.932199,22.030836],[71.932134,22.031599],[71.932071,22.03257],[71.932052,22.033035],[71.932074,22.033333],[71.932096,22.033631],[71.932125,22.033816],[71.932363,22.034358],[71.932416,22.03466],[71.93247,22.035383],[71.932639,22.036241],[71.932761,22.036602],[71.932964,22.036873],[71.933265,22.037161],[71.934137,22.037626],[71.934328,22.037748],[71.934519,22.03787],[71.934694,22.038019],[71.934926,22.038394],[71.935154,22.038904],[71.935212,22.039109],[71.935271,22.039315],[71.935305,22.039626],[71.935189,22.040014],[71.934869,22.040538],[71.934501,22.040859],[71.933153,22.041488],[71.932041,22.042298],[71.931602,22.042885],[71.931471,22.043387],[71.931543,22.044123],[71.932785,22.044153],[71.934758,22.044065],[71.935403,22.043896],[71.935532,22.043963],[71.937239,22.044279],[71.937825,22.043953],[71.938384,22.043706],[71.938915,22.04346],[71.939566,22.043527],[71.942093,22.04435],[71.943349,22.045011],[71.944517,22.045569],[71.945168,22.045689],[71.945043,22.045086],[71.946318,22.045352],[71.946908,22.045263],[71.94732,22.044703],[71.947877,22.044351],[71.94847,22.044419],[71.949097,22.044697],[71.949775,22.044764],[71.951771,22.044696],[71.952297,22.044213],[71.953183,22.043434],[71.953626,22.043005],[71.954893,22.04293],[71.956158,22.042723],[71.957563,22.042435],[71.958889,22.042437],[71.962948,22.042073],[71.963576,22.042429],[71.964715,22.042961],[71.966473,22.043737],[71.968309,22.044546],[71.969589,22.045048],[71.971194,22.045608],[71.971039,22.046148],[71.970717,22.047076],[71.97048,22.047829],[71.970346,22.048551],[71.970361,22.049014],[71.970393,22.050015],[71.970816,22.050927],[71.970718,22.052847],[71.970577,22.054191],[71.970662,22.055584],[71.97053,22.057349],[71.970368,22.060395],[71.97035,22.064909],[71.970469,22.067897],[71.97035,22.073021],[71.970152,22.079746],[71.969809,22.083538],[71.970134,22.084268],[71.969951,22.084955],[71.969876,22.085403],[71.970031,22.086084],[71.969883,22.087085],[71.970929,22.088563],[71.971739,22.089495],[71.972925,22.090946],[71.975442,22.093951],[71.977609,22.096673],[71.980951,22.096007],[71.982773,22.095474],[71.985458,22.09463],[71.986695,22.094449],[71.988038,22.093925],[71.98871,22.093729],[71.989912,22.093208],[71.992489,22.092346],[71.993136,22.092281],[71.993809,22.092085],[71.99575,22.091839],[71.997532,22.092096],[72.0,22.090863],[72.001461,22.090598],[72.00213,22.090228],[72.003428,22.090066],[72.00605,22.089978],[72.007518,22.089776],[72.00903,22.089628],[72.010178,22.089335],[72.010619,22.089186],[72.01105,22.089589],[72.011399,22.089598],[72.011588,22.089828],[72.011781,22.090339],[72.011989,22.090569],[72.012129,22.091048],[72.012129,22.091337],[72.012241,22.091536],[72.013268,22.091798],[72.013389,22.091816],[72.01351,22.091947],[72.013669,22.092056],[72.014759,22.092666],[72.01458,22.092937],[72.014589,22.093447],[72.01454,22.093795],[72.0147,22.094179],[72.014946,22.094865],[72.015837,22.096117],[72.016157,22.096388],[72.016588,22.096578],[72.01779,22.096375],[72.01887,22.096516],[72.019471,22.096918],[72.020047,22.097596],[72.021,22.099398],[72.021067,22.099845],[72.021338,22.100735],[72.021338,22.101006],[72.021556,22.101286],[72.02235,22.102176],[72.022059,22.102826],[72.021598,22.103408],[72.021268,22.103945],[72.020817,22.104514],[72.021398,22.105156],[72.02164,22.105625],[72.022129,22.106294],[72.022797,22.106917],[72.023707,22.108395],[72.02666,22.112984],[72.027139,22.113815],[72.027996,22.114845],[72.029826,22.117714],[72.031225,22.119895],[72.032106,22.121205],[72.032785,22.120646],[72.033677,22.119946],[72.03371,22.119919],[72.035515,22.118435],[72.038235,22.116346],[72.043626,22.112086],[72.046326,22.110005],[72.046624,22.109763],[72.049046,22.107785],[72.051746,22.105677],[72.052914,22.104716],[72.056274,22.102126]]]}},{"type":"Feature","properties":{"OBJECTID":1979,"state_lgd":"24","state_name":"GUJARAT","district_lgd":"481","district_name":"BHAVNAGAR","district_name_source":"district_table","subdistrict_lgd":"3857","subdistrict_name":"GARIYADHAR","subdistrict_type":"Taluk","name_corrupted":false,"remarks":""},"geometry":{"type":"Polygon","coordinates":[[[71.639102,21.703081],[71.639107,21.703081],[71.641083,21.703105],[71.644708,21.703055],[71.644799,21.702251],[71.644011,21.700323],[71.644456,21.700187],[71.645166,21.700016],[71.646321,21.699641],[71.647031,21.699523],[71.647727,21.699383],[71.64895,21.699726],[71.648901,21.699008],[71.649544,21.698958],[71.650901,21.698936],[71.652105,21.69857],[71.652718,21.698244],[71.653351,21.698321],[71.654941,21.698501],[71.655047,21.697774],[71.654974,21.696749],[71.657589,21.697945],[71.660493,21.699223],[71.662851,21.700234],[71.664543,21.701024],[71.66593,21.701552],[71.666558,21.701669],[71.667858,21.70198],[71.66851,21.70216],[71.670197,21.702512],[71.671635,21.702836],[71.671675,21.702787],[71.672859,21.703175],[71.67368,21.700398],[71.674728,21.700226],[71.674752,21.698542],[71.674775,21.696857],[71.674866,21.693145],[71.675415,21.68942],[71.675598,21.687753],[71.675597,21.685148],[71.675413,21.683021],[71.675321,21.681996],[71.676508,21.679137],[71.675822,21.677214],[71.676691,21.675249],[71.677647,21.674355],[71.677511,21.673957],[71.6771,21.672973],[71.676414,21.671352],[71.676549,21.670241],[71.676916,21.669433],[71.675224,21.668065],[71.674403,21.667596],[71.675315,21.666579],[71.67632,21.666832],[71.676097,21.6641],[71.676869,21.661797],[71.677511,21.659918],[71.678286,21.658992],[71.677708,21.656116],[71.676475,21.652874],[71.676294,21.652269],[71.675469,21.649506],[71.675057,21.647248],[71.674463,21.645157],[71.673824,21.643107],[71.673457,21.64215],[71.671543,21.638692],[71.669673,21.636344],[71.66803,21.634895],[71.665567,21.633654],[71.664287,21.632886],[71.667251,21.629598],[71.668574,21.627426],[71.669395,21.626513],[71.670582,21.625104],[71.673411,21.619851],[71.675321,21.615547],[71.676007,21.614694],[71.67861,21.615759],[71.682488,21.616954],[71.68472,21.618488],[71.686822,21.620578],[71.690014,21.620704],[71.690242,21.622198],[71.696351,21.622327],[71.695808,21.617206],[71.69672,21.615797],[71.696584,21.614645],[71.694985,21.614389],[71.694906,21.610347],[71.707176,21.610301],[71.709227,21.607784],[71.709453,21.60535],[71.710641,21.605435],[71.710929,21.601661],[71.711454,21.594773],[71.71168,21.591806],[71.711952,21.585642],[71.712452,21.582869],[71.713223,21.58044],[71.713681,21.578818],[71.713863,21.576086],[71.714505,21.576086],[71.715959,21.570747],[71.715948,21.570512],[71.715681,21.565008],[71.717597,21.563982],[71.718507,21.561249],[71.718096,21.560482],[71.716319,21.559842],[71.714128,21.559676],[71.714444,21.556474],[71.7123,21.555364],[71.712075,21.549932],[71.710207,21.549888],[71.711937,21.546053],[71.70947,21.543959],[71.708472,21.546181],[71.707831,21.547757],[71.704823,21.54686],[71.704138,21.547204],[71.701951,21.546437],[71.700401,21.546307],[71.698804,21.546737],[71.697984,21.547121],[71.697069,21.546075],[71.695931,21.544774],[71.692828,21.545204],[71.691373,21.542639],[71.688603,21.543196],[71.685639,21.543197],[71.688877,21.540252],[71.690285,21.538246],[71.690926,21.536322],[71.690785,21.532655],[71.69357,21.533124],[71.69594,21.534577],[71.696302,21.533655],[71.696667,21.530241],[71.696758,21.529085],[71.698622,21.520726],[71.702767,21.511155],[71.70331,21.509442],[71.704092,21.506977],[71.705137,21.504371],[71.70532,21.503305],[71.705045,21.502448],[71.703088,21.500632],[71.70181,21.500001],[71.700222,21.499216],[71.698219,21.498066],[71.698221,21.498058],[71.69897,21.493897],[71.699817,21.489562],[71.700967,21.483731],[71.700391,21.48085],[71.699811,21.477802],[71.69921,21.473824],[71.698935,21.473824],[71.698135,21.47429],[71.697131,21.474313],[71.697285,21.472863],[71.69768,21.471481],[71.698132,21.469652],[71.699206,21.465976],[71.70198,21.466535],[71.70336,21.466791],[71.70357,21.466816],[71.703708,21.466701],[71.703881,21.466317],[71.703943,21.465716],[71.703765,21.464944],[71.703441,21.463901],[71.70331,21.46338],[71.70318,21.462858],[71.703164,21.462735],[71.703117,21.462366],[71.703237,21.461598],[71.703675,21.460636],[71.704321,21.459538],[71.704789,21.458897],[71.704731,21.458676],[71.704523,21.458459],[71.7042,21.458405],[71.703114,21.458347],[71.702266,21.458347],[71.702092,21.458104],[71.701816,21.457485],[71.701787,21.456889],[71.701801,21.456333],[71.701825,21.455606],[71.701738,21.45445],[71.701684,21.453037],[71.701698,21.452495],[71.701708,21.452364],[71.701842,21.451926],[71.702088,21.451298],[71.701976,21.449939],[71.701918,21.44979],[71.701803,21.449627],[71.701585,21.449077],[71.701488,21.448228],[71.70171,21.44732],[71.701796,21.447117],[71.701883,21.447008],[71.7021,21.446954],[71.702245,21.44694],[71.702404,21.446981],[71.702752,21.447319],[71.703331,21.44778],[71.703635,21.447929],[71.703948,21.447942],[71.704006,21.447942],[71.704194,21.447861],[71.704324,21.447725],[71.704454,21.447549],[71.704483,21.447251],[71.704541,21.446953],[71.704237,21.446054],[71.704091,21.445174],[71.703816,21.444474],[71.703256,21.443905],[71.703097,21.443472],[71.703097,21.443214],[71.703111,21.442984],[71.703198,21.442821],[71.704003,21.441385],[71.704451,21.440477],[71.70458,21.439863],[71.704406,21.437831],[71.704101,21.436616],[71.704,21.436481],[71.702543,21.43617],[71.700937,21.435954],[71.699856,21.435711],[71.697353,21.435098],[71.697251,21.43396],[71.697163,21.432867],[71.697105,21.432149],[71.696878,21.430058],[71.696747,21.430018],[71.696617,21.430018],[71.696429,21.430126],[71.69585,21.430573],[71.694332,21.43201],[71.693556,21.432688],[71.693078,21.432824],[71.692673,21.432946],[71.692297,21.433013],[71.692008,21.433014],[71.691771,21.433014],[71.69154,21.433014],[71.690816,21.432892],[71.689403,21.432053],[71.688679,21.431565],[71.687955,21.431105],[71.687724,21.431092],[71.687492,21.431078],[71.687261,21.431078],[71.687058,21.431078],[71.686817,21.431119],[71.686701,21.431146],[71.686542,21.4312],[71.686499,21.431255],[71.686354,21.431444],[71.686137,21.431905],[71.685733,21.432772],[71.685328,21.433179],[71.684937,21.433531],[71.684648,21.43364],[71.683823,21.433852],[71.682989,21.433974],[71.682338,21.434124],[71.681976,21.434259],[71.681667,21.43453],[71.681566,21.434693],[71.681513,21.434869],[71.68147,21.435059],[71.681412,21.435303],[71.681354,21.435519],[71.681413,21.437547],[71.681196,21.438211],[71.681008,21.438441],[71.680878,21.438672],[71.680733,21.438821],[71.680574,21.438888],[71.680429,21.438943],[71.680169,21.438983],[71.68001,21.438997],[71.679778,21.439011],[71.679677,21.438997],[71.679344,21.438916],[71.67865,21.438428],[71.677699,21.437697],[71.677352,21.43763],[71.676918,21.43763],[71.676498,21.437589],[71.675562,21.437942],[71.67468,21.438199],[71.67358,21.438511],[71.672804,21.43862],[71.672109,21.438688],[71.671458,21.438661],[71.670966,21.438593],[71.670257,21.438363],[71.669727,21.438118],[71.669176,21.437862],[71.668496,21.437605],[71.667633,21.437456],[71.667059,21.43747],[71.666089,21.437646],[71.665395,21.43785],[71.664946,21.437972],[71.664396,21.438202],[71.663982,21.438541],[71.663331,21.439137],[71.662868,21.439476],[71.662521,21.439612],[71.662087,21.439747],[71.661667,21.439788],[71.660413,21.439924],[71.65927,21.439965],[71.657688,21.43968],[71.656979,21.439681],[71.655213,21.439776],[71.653554,21.439884],[71.650303,21.439939],[71.648615,21.439885],[71.648065,21.43979],[71.64762,21.439663],[71.647253,21.439816],[71.646947,21.43995],[71.646641,21.440065],[71.646233,21.440218],[71.645866,21.440333],[71.645438,21.440486],[71.645091,21.440601],[71.644581,21.440773],[71.644133,21.440965],[71.643765,21.440965],[71.643419,21.440946],[71.642929,21.440947],[71.642562,21.440947],[71.642072,21.440928],[71.641674,21.44089],[71.641327,21.440891],[71.641001,21.440834],[71.640654,21.440834],[71.640266,21.440834],[71.639858,21.440777],[71.63943,21.44072],[71.639001,21.440683],[71.638573,21.440664],[71.638205,21.440664],[71.637695,21.440722],[71.637375,21.440779],[71.637089,21.44078],[71.636865,21.440837],[71.636682,21.440914],[71.636437,21.44099],[71.63609,21.441124],[71.635825,21.441239],[71.635458,21.441373],[71.635172,21.441488],[71.634723,21.441565],[71.63452,21.441641],[71.634304,21.44165],[71.633801,21.44119],[71.633325,21.441059],[71.632961,21.440693],[71.632541,21.440353],[71.632065,21.439934],[71.631533,21.43962],[71.630974,21.439542],[71.63061,21.439542],[71.630219,21.439542],[71.629575,21.439674],[71.629156,21.439753],[71.628764,21.439779],[71.628289,21.439832],[71.627758,21.439832],[71.627187,21.439807],[71.626683,21.439729],[71.626376,21.439676],[71.62604,21.439677],[71.625536,21.439677],[71.624781,21.439861],[71.62425,21.439966],[71.623635,21.439967],[71.622963,21.439941],[71.622124,21.440046],[71.62171,21.440046],[71.621179,21.440125],[71.620508,21.440231],[71.620088,21.440257],[71.619585,21.440362],[71.619025,21.440467],[71.61855,21.440625],[71.617823,21.440678],[71.617179,21.440757],[71.616536,21.440757],[71.614698,21.44112],[71.614682,21.441115],[71.613988,21.440844],[71.613023,21.440393],[71.612444,21.44032],[71.611788,21.440356],[71.611248,21.440483],[71.610746,21.440718],[71.609917,21.441043],[71.609029,21.441277],[71.608354,21.44144],[71.608026,21.44153],[71.607544,21.441638],[71.607061,21.441765],[71.606661,21.441765],[71.606314,21.441711],[71.605658,21.44144],[71.605117,21.441313],[71.60477,21.441295],[71.604423,21.441313],[71.603998,21.441457],[71.602378,21.442378],[71.601623,21.442875],[71.600868,21.443372],[71.600655,21.443462],[71.600231,21.443552],[71.599271,21.443588],[71.598384,21.443751],[71.597785,21.443877],[71.59711,21.444166],[71.596415,21.444545],[71.595875,21.444816],[71.595374,21.444979],[71.594534,21.445105],[71.593936,21.445087],[71.593434,21.445087],[71.59301,21.444942],[71.591815,21.444328],[71.591814,21.444328],[71.590656,21.443966],[71.590058,21.443858],[71.589537,21.444002],[71.588997,21.444237],[71.588688,21.44449],[71.588302,21.444706],[71.587897,21.444869],[71.587434,21.444977],[71.586821,21.445031],[71.585895,21.444959],[71.583696,21.444597],[71.581414,21.444235],[71.57962,21.444],[71.577382,21.444017],[71.576439,21.44411],[71.575916,21.444161],[71.574758,21.444233],[71.574005,21.444378],[71.573484,21.444504],[71.573041,21.444666],[71.572809,21.444865],[71.571907,21.445551],[71.57154,21.445804],[71.571019,21.445984],[71.570575,21.446111],[71.56936,21.44611],[71.566837,21.446014],[71.565892,21.445924],[71.565429,21.445888],[71.564175,21.445363],[71.562458,21.44464],[71.560837,21.443971],[71.560109,21.443863],[71.559743,21.443808],[71.558276,21.443464],[71.557813,21.443392],[71.556714,21.443012],[71.556193,21.442926],[71.55517,21.442926],[71.553125,21.443101],[71.551774,21.443082],[71.551503,21.443177],[71.551503,21.443177],[71.550728,21.443448],[71.549821,21.443754],[71.549415,21.443754],[71.548972,21.443754],[71.548566,21.4437],[71.54766,21.443248],[71.546618,21.442719],[71.545716,21.4427],[71.543497,21.442952],[71.542745,21.442898],[71.542243,21.442861],[71.541587,21.442843],[71.540218,21.442716],[71.538578,21.442589],[71.537729,21.442678],[71.537381,21.442732],[71.536142,21.443093],[71.534892,21.443327],[71.533985,21.443345],[71.533522,21.443363],[71.533156,21.44329],[71.533126,21.443316],[71.532456,21.443899],[71.531283,21.444775],[71.52998,21.446075],[71.529651,21.44793],[71.529032,21.449597],[71.527549,21.45287],[71.52738,21.454315],[71.527345,21.455922],[71.527073,21.457692],[71.526711,21.458645],[71.526281,21.459561],[71.525829,21.460326],[71.525267,21.461295],[71.524765,21.462049],[71.524649,21.462299],[71.52036,21.461978],[71.515305,21.461501],[71.509801,21.461335],[71.505483,21.46111],[71.502936,21.461082],[71.5,21.461198],[71.499521,21.461217],[71.497458,21.461279],[71.494409,21.461349],[71.492539,21.461329],[71.491931,21.461319],[71.491929,21.461319],[71.491759,21.461439],[71.491549,21.461849],[71.491379,21.462479],[71.490219,21.464849],[71.489129,21.466239],[71.48566,21.470208],[71.48557,21.470378],[71.48523,21.470988],[71.48488,21.471638],[71.48442,21.472508],[71.48424,21.473018],[71.48413,21.473278],[71.48385,21.473768],[71.48274,21.474998],[71.48137,21.476528],[71.48,21.478148],[71.47962,21.478668],[71.478611,21.479848],[71.478221,21.480358],[71.478041,21.480788],[71.477931,21.481237],[71.477931,21.481497],[71.478091,21.481917],[71.478571,21.482717],[71.479641,21.484227],[71.48077,21.485697],[71.48187,21.487187],[71.482342,21.487791],[71.48301,21.488647],[71.48423,21.490207],[71.48547,21.491707],[71.48666,21.493276],[71.48725,21.494206],[71.48718,21.494736],[71.48692,21.495726],[71.48666,21.496706],[71.48659,21.497636],[71.48667,21.498676],[71.48679,21.499326],[71.486972,21.500004],[71.487144,21.500644],[71.48723,21.501676],[71.48705,21.503406],[71.48701,21.505416],[71.48695,21.508255],[71.48695,21.509535],[71.48771,21.511985],[71.48863,21.515765],[71.489442,21.518698],[71.489599,21.519265],[71.490249,21.521004],[71.491259,21.523844],[71.492189,21.526344],[71.492339,21.527604],[71.492859,21.529124],[71.493689,21.530704],[71.494799,21.532203],[71.495359,21.534243],[71.496559,21.536443],[71.498439,21.539443],[71.499525,21.541721],[71.5,21.542413],[71.500388,21.542978],[71.501173,21.544379],[71.501704,21.545187],[71.502196,21.545477],[71.503566,21.546218],[71.504536,21.546711],[71.506003,21.547394],[71.506282,21.547611],[71.506827,21.548108],[71.508009,21.549202],[71.508675,21.550006],[71.508959,21.550264],[71.509205,21.550318],[71.509476,21.550291],[71.510939,21.55012],[71.512396,21.549841],[71.512971,21.549715],[71.514105,21.549585],[71.516128,21.549162],[71.517234,21.54914],[71.519285,21.549047],[71.519893,21.54902],[71.520936,21.549034],[71.522881,21.549848],[71.524849,21.550716],[71.527412,21.551865],[71.527957,21.551906],[71.529516,21.552092],[71.530824,21.552183],[71.531244,21.55221],[71.531853,21.552197],[71.532137,21.552793],[71.53318,21.552974],[71.53567,21.553648],[71.536254,21.553834],[71.536708,21.553794],[71.537413,21.554188],[71.539198,21.555186],[71.542397,21.557048],[71.544231,21.558015],[71.545794,21.558969],[71.546006,21.559632],[71.546049,21.560567],[71.545967,21.561254],[71.545512,21.562983],[71.546502,21.563101],[71.546699,21.563765],[71.546941,21.563824],[71.547307,21.564149],[71.54763,21.565273],[71.547721,21.566714],[71.547909,21.567387],[71.547943,21.56811],[71.548314,21.569528],[71.548714,21.569844],[71.549857,21.571633],[71.55075,21.573037],[71.551073,21.574103],[71.551372,21.574826],[71.552525,21.575391],[71.553795,21.576159],[71.554075,21.576502],[71.554928,21.578955],[71.555275,21.579366],[71.555801,21.580226],[71.556327,21.581087],[71.556988,21.581927],[71.558223,21.583418],[71.557474,21.5861],[71.557276,21.586754],[71.556266,21.588456],[71.554985,21.590669],[71.554947,21.590731],[71.553627,21.592867],[71.553019,21.593842],[71.55239,21.595007],[71.552013,21.596113],[71.552042,21.596791],[71.552201,21.597292],[71.552471,21.597888],[71.553093,21.598823],[71.552977,21.599523],[71.552725,21.601496],[71.552512,21.602517],[71.553767,21.602684],[71.553685,21.60357],[71.553481,21.605683],[71.553374,21.607029],[71.552906,21.606929],[71.552775,21.60804],[71.552711,21.609652],[71.552803,21.610546],[71.553508,21.610591],[71.553077,21.612962],[71.552772,21.615089],[71.552612,21.615405],[71.551718,21.616881],[71.551099,21.617685],[71.551915,21.617915],[71.55319,21.61816],[71.553615,21.619564],[71.553962,21.62054],[71.554213,21.620955],[71.555057,21.622116],[71.555854,21.622857],[71.556094,21.624799],[71.556258,21.625634],[71.557131,21.627838],[71.560565,21.628761],[71.563737,21.629616],[71.567073,21.630542],[71.570233,21.63142],[71.570766,21.631532],[71.575405,21.632514],[71.576646,21.632826],[71.580843,21.633983],[71.583417,21.635022],[71.583948,21.635465],[71.585107,21.634418],[71.586093,21.633054],[71.587243,21.631216],[71.588118,21.629528],[71.588794,21.628241],[71.590576,21.628666],[71.593672,21.629217],[71.598443,21.630221],[71.602709,21.631422],[71.603273,21.631581],[71.606185,21.632109],[71.608619,21.63252],[71.610696,21.632796],[71.612555,21.633058],[71.614642,21.63164],[71.615224,21.631254],[71.615806,21.630868],[71.616748,21.630177],[71.619587,21.631518],[71.621485,21.632178],[71.622794,21.63253],[71.622727,21.633745],[71.622761,21.634919],[71.622818,21.635772],[71.622867,21.636188],[71.6222,21.636156],[71.621973,21.638021],[71.621823,21.639087],[71.621548,21.64162],[71.621519,21.644998],[71.621432,21.647883],[71.619674,21.647784],[71.619621,21.645991],[71.617322,21.646009],[71.617664,21.648001],[71.615496,21.648032],[71.614612,21.648041],[71.614612,21.648999],[71.6141,21.648967],[71.61395,21.650778],[71.611549,21.650805],[71.611511,21.651107],[71.61039,21.651017],[71.609105,21.650922],[71.609028,21.653306],[71.608675,21.653243],[71.608506,21.653672],[71.605902,21.65429],[71.605578,21.655338],[71.605578,21.655356],[71.604004,21.655658],[71.602511,21.658011],[71.602211,21.659203],[71.599047,21.659347],[71.597511,21.659383],[71.593897,21.659247],[71.592835,21.659179],[71.589671,21.659011],[71.59068,21.659969],[71.592216,21.661071],[71.592003,21.661978],[71.591786,21.662859],[71.591577,21.664864],[71.59151,21.665618],[71.590654,21.667591],[71.589658,21.670169],[71.589098,21.67151],[71.588604,21.673375],[71.588329,21.674378],[71.588193,21.676455],[71.588371,21.679002],[71.588665,21.680786],[71.588549,21.682068],[71.588293,21.683883],[71.588234,21.685112],[71.588224,21.687645],[71.588627,21.689924],[71.58874,21.690567],[71.590175,21.691624],[71.591885,21.692866],[71.59291,21.693647],[71.593982,21.694668],[71.595504,21.695806],[71.595939,21.695824],[71.598823,21.694465],[71.599867,21.693824],[71.600964,21.693206],[71.602196,21.692556],[71.603356,21.69182],[71.604351,21.691287],[71.605608,21.691071],[71.607531,21.690953],[71.608444,21.691102],[71.610193,21.691897],[71.611985,21.692783],[71.612908,21.692236],[71.613952,21.69104],[71.615812,21.691595],[71.616204,21.692173],[71.615696,21.694151],[71.616416,21.694657],[71.617063,21.694977],[71.617948,21.695926],[71.618643,21.696973],[71.619407,21.69808],[71.620537,21.700238],[71.62104,21.701458],[71.621953,21.702185],[71.622697,21.70246],[71.623644,21.70274],[71.624891,21.703083],[71.62551,21.70307],[71.628206,21.703318],[71.630332,21.703155],[71.631579,21.7032],[71.633657,21.70306],[71.635415,21.703123],[71.63846,21.703074],[71.639102,21.703081]]]}},{"type":"Feature","properties":{"OBJECTID":1981,"state_lgd":"24","state_name":"GUJARAT","district_lgd":"481","district_name":"BHAVNAGAR","district_name_source":"district_table","subdistrict_lgd":"3855","subdistrict_name":"GHOGHA","subdistrict_type":"Taluk","name_corrupted":false,"remarks":""},"geometry":{"type":"MultiPolygon","coordinates":[[[[72.100753,21.477192],[72.101192,21.477043],[72.101414,21.476714],[72.101255,21.475345],[72.100885,21.47215],[72.100817,21.471566],[72.100672,21.470053],[72.100812,21.469285],[72.101556,21.466517],[72.102844,21.461866],[72.103095,21.461116],[72.103515,21.458877],[72.103636,21.457314],[72.104075,21.456655],[72.104466,21.455987],[72.104394,21.453805],[72.103902,21.451588],[72.103656,21.450798],[72.103135,21.450468],[72.100864,21.449858],[72.094275,21.447979],[72.090855,21.446727],[72.090257,21.446479],[72.088123,21.445795],[72.083476,21.444305],[72.080128,21.443248],[72.078706,21.442687],[72.075091,21.44101],[72.074177,21.440586],[72.072827,21.440139],[72.06824,21.438299],[72.065979,21.436808],[72.066138,21.437508],[72.06648,21.438768],[72.066479,21.439446],[72.066098,21.440728],[72.064017,21.445017],[72.063249,21.447058],[72.061907,21.449975],[72.061559,21.451357],[72.061559,21.451537],[72.061588,21.451587],[72.061781,21.451695],[72.062128,21.451777],[72.062929,21.451565],[72.06344,21.451678],[72.063667,21.451804],[72.063889,21.452139],[72.064029,21.452505],[72.064188,21.452626],[72.064781,21.452816],[72.06508,21.452816],[72.065408,21.453128],[72.065509,21.453517],[72.065548,21.453864],[72.065461,21.454366],[72.065248,21.454794],[72.065219,21.454984],[72.065238,21.455178],[72.065407,21.455386],[72.06574,21.455576],[72.065629,21.455716],[72.064997,21.455797],[72.06476,21.456438],[72.064789,21.456926],[72.06514,21.458746],[72.064947,21.459306],[72.064339,21.460335],[72.06391,21.460664],[72.063239,21.460926],[72.062699,21.460958],[72.060421,21.461368],[72.059809,21.461634],[72.061347,21.462596],[72.062558,21.463414],[72.063879,21.463857],[72.068597,21.465805],[72.070237,21.466555],[72.070878,21.467174],[72.076999,21.471335],[72.077278,21.471714],[72.079068,21.472365],[72.080105,21.472433],[72.082527,21.472926],[72.084987,21.473333],[72.088278,21.473153],[72.088828,21.473334],[72.089247,21.473655],[72.089648,21.474124],[72.090685,21.475624],[72.091567,21.476653],[72.091886,21.476884],[72.092245,21.476934],[72.092604,21.476983],[72.094066,21.477015],[72.094636,21.477164],[72.097767,21.477142],[72.100753,21.477192]]],[[[72.222382,21.720513],[72.222643,21.719935],[72.223459,21.719266],[72.225382,21.717915],[72.226608,21.716704],[72.227651,21.715646],[72.22821,21.712986],[72.228619,21.711157],[72.229348,21.709856],[72.230478,21.708117],[72.231521,21.707006],[72.231311,21.704838],[72.230318,21.701845],[72.227971,21.696757],[72.226719,21.695467],[72.226061,21.694767],[72.225621,21.694711],[72.225182,21.694655],[72.22048,21.693985],[72.215561,21.693215],[72.215522,21.693206],[72.213473,21.692787],[72.212091,21.691957],[72.210592,21.691096],[72.208693,21.690175],[72.206151,21.688727],[72.202332,21.686566],[72.199244,21.685068],[72.198205,21.684536],[72.199431,21.682666],[72.199895,21.68207],[72.200904,21.68127],[72.201523,21.680958],[72.202112,21.680637],[72.202165,21.680158],[72.202111,21.679219],[72.202555,21.678108],[72.202502,21.677697],[72.202501,21.67664],[72.202872,21.674337],[72.202963,21.673827],[72.203243,21.673208],[72.203533,21.672657],[72.203552,21.67258],[72.203701,21.672056],[72.203363,21.672007],[72.202972,21.671867],[72.202701,21.671511],[72.202174,21.671077],[72.201764,21.670888],[72.201333,21.67054],[72.200923,21.670351],[72.200473,21.670351],[72.200092,21.670478],[72.199735,21.670717],[72.199445,21.670699],[72.198976,21.670578],[72.198594,21.670298],[72.198522,21.67018],[72.198343,21.669688],[72.198323,21.669571],[72.198313,21.669489],[72.198255,21.66939],[72.198202,21.669327],[72.198096,21.669277],[72.197941,21.66925],[72.197304,21.669079],[72.197274,21.66884],[72.197042,21.668519],[72.196675,21.668158],[72.196395,21.667878],[72.196226,21.66758],[72.196274,21.667291],[72.196423,21.667079],[72.196626,21.66684],[72.196742,21.66665],[72.196674,21.666451],[72.196273,21.666388],[72.195795,21.666479],[72.195032,21.666538],[72.194066,21.666511],[72.192954,21.666249],[72.191945,21.665947],[72.191645,21.66588],[72.190877,21.665379],[72.190244,21.66481],[72.190157,21.664688],[72.189664,21.663939],[72.189093,21.66356],[72.188016,21.663429],[72.186813,21.663041],[72.186248,21.662441],[72.185764,21.661421],[72.185237,21.660599],[72.184744,21.660161],[72.184087,21.65999],[72.183473,21.659019],[72.183145,21.65869],[72.181086,21.656532],[72.179796,21.65501],[72.177394,21.652902],[72.176737,21.652961],[72.175307,21.653029],[72.174027,21.65308],[72.173525,21.652578],[72.172829,21.651829],[72.172288,21.651319],[72.170225,21.64959],[72.169036,21.648823],[72.167809,21.648119],[72.166568,21.64802],[72.165606,21.64793],[72.164764,21.647906],[72.164626,21.647903],[72.16422,21.647361],[72.164688,21.646751],[72.164707,21.644331],[72.165117,21.64233],[72.166377,21.641102],[72.16574,21.64098],[72.164677,21.640953],[72.162107,21.64071],[72.160359,21.640593],[72.158668,21.640571],[72.157258,21.640611],[72.156538,21.640571],[72.155167,21.640662],[72.154791,21.643633],[72.154448,21.645701],[72.154371,21.64679],[72.154497,21.64734],[72.154777,21.64865],[72.154057,21.648551],[72.153207,21.648582],[72.15128,21.6487],[72.15001,21.648773],[72.148928,21.6502],[72.14759,21.650272],[72.145571,21.649861],[72.145571,21.650561],[72.147378,21.65136],[72.147122,21.65193],[72.14531,21.651451],[72.144542,21.65132],[72.14459,21.650512],[72.14345,21.6502],[72.142629,21.650133],[72.14288,21.648923],[72.14317,21.647789],[72.1433,21.646701],[72.1433,21.645161],[72.143189,21.644],[72.142831,21.641539],[72.142541,21.641142],[72.141971,21.640542],[72.141831,21.639629],[72.141879,21.635001],[72.141753,21.632594],[72.141719,21.630711],[72.141308,21.630612],[72.140801,21.630232],[72.140671,21.63025],[72.13899,21.630811],[72.1394,21.630133],[72.139709,21.629654],[72.139951,21.628494],[72.14069,21.628372],[72.141158,21.628561],[72.142568,21.628132],[72.142892,21.627143],[72.143119,21.626561],[72.143201,21.625545],[72.142848,21.624985],[72.142698,21.624691],[72.142471,21.623215],[72.142572,21.621824],[72.141862,21.621291],[72.14176,21.617764],[72.141741,21.613172],[72.138249,21.613403],[72.137443,21.613335],[72.134903,21.613245],[72.13372,21.613132],[72.13229,21.613114],[72.131363,21.613073],[72.131271,21.612355],[72.13117,21.611755],[72.130991,21.611705],[72.130721,21.611705],[72.130262,21.611673],[72.129924,21.611746],[72.128852,21.611782],[72.128234,21.611945],[72.12776,21.611972],[72.127021,21.611656],[72.126514,21.611832],[72.126201,21.611863],[72.125814,21.611732],[72.124911,21.611583],[72.124554,21.611516],[72.123752,21.611353],[72.123221,21.611123],[72.122685,21.611014],[72.121835,21.610653],[72.121145,21.610472],[72.120203,21.610405],[72.119575,21.610292],[72.118576,21.610134],[72.117663,21.610102],[72.116943,21.610043],[72.116581,21.609985],[72.115924,21.609953],[72.115074,21.609962],[72.114365,21.609885],[72.114094,21.609772],[72.113133,21.609745],[72.112815,21.609704],[72.112525,21.609456],[72.111694,21.609086],[72.111076,21.608995],[72.110883,21.608652],[72.110555,21.608313],[72.109632,21.607555],[72.108184,21.606304],[72.106644,21.605915],[72.105403,21.605423],[72.104055,21.605387],[72.102457,21.606872],[72.101684,21.607504],[72.100554,21.607554],[72.099825,21.607694],[72.099265,21.607843],[72.098743,21.608276],[72.098125,21.609093],[72.097666,21.609242],[72.097666,21.608854],[72.097927,21.607553],[72.096527,21.606104],[72.095904,21.604943],[72.095398,21.604125],[72.094678,21.603114],[72.094365,21.602333],[72.095084,21.600946],[72.095447,21.599253],[72.097354,21.598626],[72.098846,21.597953],[72.099986,21.596987],[72.099783,21.596165],[72.099165,21.595447],[72.098596,21.594625],[72.099055,21.594187],[72.099523,21.593324],[72.099267,21.592444],[72.099055,21.591347],[72.098336,21.589658],[72.097617,21.589025],[72.096637,21.588596],[72.095347,21.588208],[72.094368,21.586568],[72.094788,21.586324],[72.095194,21.585697],[72.094938,21.585408],[72.094725,21.584735],[72.095194,21.583236],[72.095508,21.582075],[72.095247,21.581547],[72.094726,21.581068],[72.094214,21.580535],[72.094268,21.579618],[72.094838,21.578508],[72.095557,21.576968],[72.095765,21.575997],[72.095456,21.575365],[72.095558,21.573396],[72.095867,21.572615],[72.096847,21.571468],[72.098388,21.570276],[72.098831,21.569903],[72.099054,21.569716],[72.099744,21.568948],[72.100546,21.568628],[72.101246,21.568366],[72.101294,21.568357],[72.101926,21.568267],[72.102385,21.568186],[72.102646,21.568077],[72.102742,21.567919],[72.102743,21.567477],[72.102945,21.566669],[72.102955,21.566257],[72.103486,21.565996],[72.104432,21.566176],[72.104616,21.566036],[72.104693,21.565869],[72.104756,21.565806],[72.104766,21.565738],[72.104944,21.565716],[72.104963,21.565409],[72.105026,21.565386],[72.105176,21.565219],[72.105374,21.565088],[72.105857,21.564908],[72.106166,21.564858],[72.106672,21.564578],[72.106933,21.564217],[72.107315,21.564127],[72.107783,21.564109],[72.108135,21.564307],[72.108454,21.565147],[72.108763,21.565287],[72.109332,21.565066],[72.109535,21.564759],[72.110115,21.564217],[72.110255,21.563707],[72.110322,21.563255],[72.111375,21.562926],[72.111553,21.562899],[72.111843,21.562899],[72.112176,21.562497],[72.112466,21.562379],[72.113446,21.562926],[72.113446,21.563066],[72.113923,21.562976],[72.114213,21.562967],[72.115232,21.563468],[72.115985,21.562917],[72.116163,21.563089],[72.116212,21.563558],[72.116323,21.563576],[72.116535,21.56364],[72.116762,21.563057],[72.116921,21.563089],[72.117221,21.562958],[72.117414,21.563165],[72.117742,21.563165],[72.117945,21.563098],[72.118085,21.563089],[72.118505,21.562958],[72.118722,21.562836],[72.118741,21.562727],[72.118934,21.562718],[72.119103,21.562858],[72.119712,21.562958],[72.119832,21.562646],[72.119953,21.562538],[72.120325,21.562258],[72.120373,21.562158],[72.12045,21.562168],[72.120494,21.562208],[72.120581,21.562217],[72.121223,21.562118],[72.12128,21.562186],[72.121411,21.562168],[72.121454,21.562086],[72.121951,21.562118],[72.122304,21.562159],[72.122705,21.562326],[72.123125,21.562597],[72.123462,21.562877],[72.123911,21.563238],[72.124312,21.564276],[72.12451,21.565577],[72.125234,21.566647],[72.126494,21.569668],[72.12675,21.570088],[72.127103,21.570607],[72.127363,21.571348],[72.127851,21.571858],[72.12801,21.572567],[72.128382,21.572879],[72.12857,21.572906],[72.128652,21.573078],[72.128952,21.573258],[72.129212,21.573358],[72.129362,21.573439],[72.129671,21.573579],[72.130733,21.573664],[72.13153,21.573579],[72.131872,21.573565],[72.131921,21.573506],[72.132051,21.573497],[72.13207,21.573524],[72.132162,21.573547],[72.13222,21.573687],[72.132442,21.573755],[72.13305,21.574075],[72.133079,21.574048],[72.133553,21.574346],[72.133582,21.574396],[72.133871,21.574577],[72.133881,21.574626],[72.13419,21.574965],[72.134209,21.575037],[72.13462,21.575087],[72.134721,21.575177],[72.135001,21.575236],[72.135093,21.575227],[72.135889,21.575588],[72.136251,21.575416],[72.136401,21.575308],[72.136522,21.575145],[72.137352,21.575308],[72.137632,21.575308],[72.137801,21.575136],[72.138071,21.575096],[72.138463,21.575136],[72.138941,21.575687],[72.13924,21.575967],[72.139781,21.576017],[72.140022,21.575976],[72.14009,21.576148],[72.140321,21.576315],[72.14049,21.576387],[72.141321,21.576545],[72.141432,21.576468],[72.141601,21.576436],[72.14189,21.576576],[72.1419,21.576617],[72.142349,21.576626],[72.142422,21.576667],[72.142692,21.576667],[72.14318,21.576608],[72.143571,21.576486],[72.143619,21.576585],[72.144169,21.576617],[72.14428,21.576698],[72.144599,21.576698],[72.144821,21.576788],[72.145232,21.577077],[72.145449,21.577276],[72.145878,21.577578],[72.145878,21.577614],[72.145932,21.577664],[72.146101,21.577596],[72.14627,21.577596],[72.14654,21.577655],[72.146728,21.577727],[72.146912,21.577736],[72.146921,21.577845],[72.146859,21.577917],[72.146989,21.578287],[72.147129,21.578346],[72.1478,21.578946],[72.14782,21.579046],[72.147781,21.579186],[72.147829,21.579308],[72.14738,21.579335],[72.147009,21.579425],[72.146941,21.579384],[72.146811,21.579384],[72.146729,21.579475],[72.1467,21.579574],[72.146511,21.579737],[72.146502,21.579836],[72.14655,21.579967],[72.146738,21.580148],[72.1471,21.580288],[72.147409,21.580315],[72.147651,21.580405],[72.148037,21.580446],[72.148361,21.580436],[72.148771,21.580635],[72.14881,21.580748],[72.148781,21.580847],[72.148419,21.581154],[72.148279,21.581195],[72.148279,21.581335],[72.148438,21.581475],[72.148588,21.581434],[72.14866,21.581367],[72.149519,21.581186],[72.149577,21.581077],[72.149761,21.580955],[72.149799,21.580797],[72.150007,21.580797],[72.15006,21.580856],[72.150601,21.580856],[72.150678,21.580906],[72.150891,21.580906],[72.150948,21.580666],[72.151209,21.580305],[72.151407,21.580287],[72.151721,21.580467],[72.152039,21.580517],[72.152141,21.580576],[72.152406,21.580327],[72.152599,21.580214],[72.153178,21.580042],[72.153599,21.579916],[72.154357,21.579916],[72.15455,21.579966],[72.154796,21.580467],[72.154796,21.580526],[72.154849,21.580566],[72.154989,21.580806],[72.154888,21.581194],[72.155029,21.583456],[72.156439,21.583384],[72.158128,21.583388],[72.16048,21.583338],[72.160866,21.584336],[72.162546,21.584204],[72.163889,21.584236],[72.164618,21.584457],[72.165569,21.584475],[72.166568,21.584474],[72.166959,21.584564],[72.167157,21.584786],[72.167307,21.584908],[72.167616,21.585007],[72.167857,21.585215],[72.168239,21.585074],[72.168727,21.585056],[72.169089,21.584907],[72.169378,21.584835],[72.169967,21.584984],[72.170209,21.584785],[72.170938,21.584338],[72.172077,21.583696],[72.172675,21.583737],[72.174196,21.583768],[72.176128,21.584237],[72.177538,21.584525],[72.178745,21.584764],[72.179514,21.587645],[72.179635,21.588047],[72.179756,21.589194],[72.179785,21.590336],[72.179974,21.591045],[72.180027,21.591546],[72.180066,21.592106],[72.180216,21.593443],[72.180245,21.594504],[72.180545,21.595376],[72.180627,21.596044],[72.180734,21.596595],[72.181068,21.597963],[72.181097,21.598473],[72.181097,21.598902],[72.181097,21.599896],[72.181098,21.600785],[72.181064,21.601743],[72.181045,21.602465],[72.180915,21.603472],[72.180916,21.604123],[72.180945,21.604705],[72.180964,21.605446],[72.180863,21.606123],[72.181028,21.606683],[72.180685,21.606633],[72.179714,21.606616],[72.178425,21.606562],[72.177068,21.606562],[72.175566,21.606612],[72.175677,21.607245],[72.175661,21.607748],[72.175644,21.608252],[72.175466,21.609146],[72.175645,21.609882],[72.175905,21.610374],[72.176427,21.610803],[72.177466,21.611575],[72.177678,21.611814],[72.178007,21.612125],[72.178726,21.612581],[72.179147,21.612983],[72.179258,21.613014],[72.179287,21.613055],[72.180205,21.613601],[72.180287,21.613592],[72.180654,21.613795],[72.180924,21.613863],[72.181455,21.614093],[72.182736,21.614982],[72.182866,21.615023],[72.183165,21.615235],[72.184006,21.615474],[72.184653,21.615293],[72.185054,21.615763],[72.185416,21.616033],[72.186165,21.616001],[72.186764,21.616033],[72.187986,21.616534],[72.188985,21.616994],[72.189246,21.616935],[72.189763,21.617391],[72.190333,21.617711],[72.191425,21.618424],[72.191922,21.618713],[72.192502,21.619223],[72.192845,21.619625],[72.192966,21.619774],[72.193836,21.620555],[72.194266,21.621042],[72.194324,21.621602],[72.194735,21.622234],[72.195146,21.622853],[72.195735,21.623412],[72.196015,21.623904],[72.196726,21.624423],[72.197233,21.624934],[72.197523,21.625313],[72.197953,21.625511],[72.197982,21.625782],[72.197765,21.626342],[72.197953,21.626672],[72.198103,21.626703],[72.198234,21.626821],[72.198045,21.626821],[72.199113,21.627141],[72.199634,21.627421],[72.200035,21.627524],[72.200064,21.627502],[72.200374,21.627872],[72.201311,21.628842],[72.202732,21.630002],[72.202891,21.630372],[72.203002,21.63063],[72.203273,21.631402],[72.203631,21.631921],[72.204525,21.632544],[72.204994,21.633031],[72.205733,21.633392],[72.206742,21.634024],[72.207201,21.634032],[72.207771,21.634222],[72.208544,21.634574],[72.209293,21.635029],[72.210472,21.63609],[72.21068,21.636311],[72.21098,21.636523],[72.211642,21.63674],[72.21253,21.63655],[72.213529,21.635831],[72.2162,21.634339],[72.218469,21.63376],[72.2197,21.633421],[72.22155,21.63323],[72.223969,21.632501],[72.224267,21.632346],[72.225712,21.631593],[72.229212,21.629184],[72.233108,21.626874],[72.234698,21.628363],[72.2368,21.62987],[72.238298,21.63158],[72.239299,21.632582],[72.240067,21.632961],[72.243846,21.635631],[72.24436,21.635936],[72.244537,21.636042],[72.245156,21.636393],[72.245668,21.636723],[72.246528,21.637363],[72.249438,21.639601],[72.25,21.639568],[72.251098,21.639503],[72.25132,21.639494],[72.252687,21.639441],[72.254885,21.639501],[72.256947,21.63957],[72.256875,21.639091],[72.256518,21.638491],[72.256065,21.638102],[72.257176,21.637832],[72.257118,21.63715],[72.256845,21.635343],[72.256498,21.633081],[72.256005,21.628799],[72.255827,21.627232],[72.255625,21.62627],[72.255177,21.624631],[72.254266,21.622422],[72.253485,21.621013],[72.253215,21.620331],[72.253168,21.619554],[72.253029,21.618253],[72.252789,21.616284],[72.252717,21.615291],[72.252448,21.614175],[72.252067,21.613032],[72.251874,21.612405],[72.252647,21.612283],[72.253318,21.612333],[72.254405,21.612122],[72.255468,21.611951],[72.257076,21.611884],[72.258428,21.611641],[72.259665,21.611295],[72.259636,21.611082],[72.259607,21.610852],[72.259467,21.610622],[72.259376,21.610355],[72.259125,21.609935],[72.258927,21.609754],[72.258628,21.609623],[72.258338,21.609393],[72.257996,21.609121],[72.257368,21.609302],[72.257035,21.608434],[72.256148,21.606993],[72.255757,21.606293],[72.255318,21.605584],[72.254918,21.605145],[72.254667,21.604825],[72.254686,21.604743],[72.254667,21.604743],[72.253726,21.603614],[72.252897,21.602132],[72.252097,21.600433],[72.251659,21.599106],[72.251186,21.597976],[72.251028,21.597245],[72.250786,21.596815],[72.250309,21.596413],[72.25,21.596463],[72.249439,21.596553],[72.248556,21.596553],[72.248285,21.596562],[72.248059,21.596906],[72.247958,21.597344],[72.247886,21.597922],[72.247799,21.598383],[72.247669,21.598636],[72.246515,21.598876],[72.245893,21.599005],[72.245598,21.599066],[72.24485,21.599202],[72.24428,21.599315],[72.243628,21.599533],[72.243413,21.599566],[72.24273,21.599673],[72.241658,21.599814],[72.240968,21.599873],[72.240857,21.599882],[72.239978,21.599964],[72.238438,21.600155],[72.236859,21.600264],[72.236077,21.600373],[72.235329,21.600554],[72.23487,21.600582],[72.234561,21.600614],[72.234309,21.600244],[72.234087,21.599905],[72.233778,21.599503],[72.233729,21.599002],[72.233777,21.598424],[72.23368,21.597973],[72.233621,21.596342],[72.233528,21.595575],[72.233431,21.594866],[72.233257,21.593995],[72.232957,21.593354],[72.232449,21.592013],[72.23213,21.591295],[72.23198,21.590884],[72.231757,21.590396],[72.231607,21.589954],[72.231419,21.589417],[72.231341,21.588667],[72.23122,21.588134],[72.231248,21.587737],[72.2312,21.587353],[72.231079,21.587055],[72.230828,21.586834],[72.23049,21.586645],[72.230098,21.586446],[72.23004,21.586094],[72.230087,21.584545],[72.23012,21.583475],[72.23012,21.582856],[72.230187,21.582296],[72.23024,21.581763],[72.230341,21.581176],[72.230471,21.580666],[72.230417,21.580205],[72.228461,21.578775],[72.226848,21.577625],[72.226152,21.577106],[72.22565,21.576858],[72.22521,21.576524],[72.224848,21.575946],[72.224702,21.575278],[72.224432,21.574564],[72.22389,21.573738],[72.223122,21.572967],[72.222562,21.572425],[72.222238,21.572046],[72.222339,21.571368],[72.22271,21.570235],[72.222931,21.569476],[72.223148,21.568975],[72.22338,21.568478],[72.223891,21.568378],[72.224282,21.567646],[72.224812,21.566675],[72.225352,21.564747],[72.225471,21.563717],[72.225722,21.562999],[72.225722,21.562985],[72.225707,21.562809],[72.225881,21.562656],[72.225891,21.562547],[72.226069,21.562466],[72.226248,21.562235],[72.226281,21.562136],[72.22646,21.562005],[72.226542,21.561887],[72.226479,21.561765],[72.226498,21.561598],[72.22658,21.561476],[72.226701,21.561029],[72.22643,21.560939],[72.225701,21.560849],[72.225561,21.560578],[72.225112,21.560145],[72.22502,21.560136],[72.224962,21.560168],[72.22489,21.560159],[72.22487,21.560118],[72.224861,21.559716],[72.224798,21.559346],[72.224802,21.559075],[72.224719,21.557246],[72.224709,21.556989],[72.224771,21.556438],[72.224868,21.556149],[72.224949,21.555738],[72.22462,21.55479],[72.22433,21.554176],[72.224132,21.55372],[72.22419,21.55349],[72.224272,21.552979],[72.224518,21.552577],[72.22498,21.551588],[72.225072,21.550829],[72.225091,21.550658],[72.22539,21.550418],[72.226838,21.549907],[72.22815,21.549269],[72.228859,21.548948],[72.229839,21.548848],[72.230998,21.549367],[72.231258,21.548938],[72.231437,21.54845],[72.23132,21.547989],[72.230721,21.54724],[72.230108,21.546608],[72.229668,21.545958],[72.229291,21.544929],[72.229111,21.54366],[72.228719,21.54203],[72.228521,21.541177],[72.228009,21.540428],[72.227337,21.539737],[72.226661,21.538857],[72.226119,21.537737],[72.225482,21.536807],[72.225288,21.535719],[72.224959,21.534929],[72.22477,21.533719],[72.224668,21.53311],[72.22462,21.532649],[72.224656,21.532489],[72.224692,21.532328],[72.224619,21.531809],[72.22458,21.531439],[72.224609,21.53105],[72.224729,21.530432],[72.22498,21.529849],[72.2251,21.52933],[72.22522,21.52867],[72.225239,21.52853],[72.22495,21.528341],[72.22453,21.52816],[72.224119,21.527921],[72.223709,21.5278],[72.224041,21.52663],[72.22421,21.525989],[72.224311,21.52537],[72.224479,21.524259],[72.224449,21.52364],[72.224512,21.5229],[72.22468,21.52229],[72.22482,21.521698],[72.224969,21.521242],[72.225161,21.52061],[72.225267,21.51986],[72.22533,21.519431],[72.225599,21.518681],[72.225739,21.518288],[72.225087,21.518112],[72.224518,21.518131],[72.223939,21.517752],[72.223491,21.51899],[72.22324,21.519861],[72.223178,21.519911],[72.223139,21.520051],[72.222989,21.520078],[72.222198,21.519961],[72.220962,21.51989],[72.219828,21.519981],[72.218829,21.520099],[72.218299,21.520162],[72.217642,21.520031],[72.216093,21.51963],[72.215272,21.519392],[72.214572,21.51936],[72.213976,21.51934],[72.213641,21.519329],[72.213101,21.519461],[72.212159,21.519493],[72.211411,21.519389],[72.210779,21.519362],[72.209882,21.519381],[72.21018,21.518712],[72.210384,21.518314],[72.21087,21.517362],[72.210913,21.516852],[72.210942,21.516441],[72.21112,21.51579],[72.21137,21.515081],[72.211799,21.513491],[72.212083,21.512272],[72.212173,21.51],[72.212139,21.509603],[72.212231,21.509273],[72.212443,21.509323],[72.212621,21.509242],[72.212549,21.508641],[72.212481,21.50856],[72.212152,21.50786],[72.212881,21.507873],[72.21318,21.507701],[72.213349,21.507701],[72.213383,21.507503],[72.213412,21.507299],[72.213469,21.506161],[72.213463,21.504911],[72.211943,21.504564],[72.211152,21.504383],[72.210519,21.504311],[72.210123,21.504131],[72.209549,21.504073],[72.209119,21.502854],[72.208791,21.50214],[72.208501,21.50163],[72.207362,21.501581],[72.206001,21.50192],[72.204462,21.502192],[72.203444,21.502093],[72.202281,21.501511],[72.201412,21.501232],[72.200534,21.501052],[72.199511,21.501174],[72.198662,21.501391],[72.197542,21.501762],[72.196852,21.502051],[72.197573,21.504553],[72.196434,21.505163],[72.195672,21.505651],[72.195223,21.50589],[72.194562,21.505791],[72.194461,21.506753],[72.194375,21.508221],[72.194274,21.508821],[72.194202,21.509052],[72.193333,21.509102],[72.192175,21.509391],[72.191635,21.509581],[72.191123,21.50987],[72.190515,21.510209],[72.189956,21.510471],[72.189735,21.512192],[72.189691,21.512851],[72.189412,21.513592],[72.189383,21.514211],[72.188794,21.513863],[72.188075,21.51362],[72.187675,21.513439],[72.186795,21.509321],[72.186703,21.508901],[72.186553,21.508061],[72.186576,21.507203],[72.186543,21.507131],[72.186504,21.507072],[72.186504,21.506833],[72.186615,21.506679],[72.186653,21.506422],[72.186894,21.505912],[72.187333,21.504733],[72.187352,21.504521],[72.187362,21.504372],[72.187574,21.503604],[72.188196,21.5027],[72.188432,21.502262],[72.188736,21.501562],[72.189233,21.501431],[72.189373,21.501341],[72.189373,21.501101],[72.189146,21.500641],[72.188551,21.499938],[72.188635,21.499239],[72.188744,21.49854],[72.189106,21.497633],[72.189535,21.497493],[72.190601,21.497583],[72.190732,21.497524],[72.190475,21.495542],[72.189925,21.495221],[72.189215,21.495064],[72.188564,21.494892],[72.187845,21.494734],[72.187145,21.494852],[72.186914,21.495493],[72.186803,21.496442],[72.185722,21.496054],[72.185056,21.495851],[72.185046,21.494573],[72.184375,21.493521],[72.184814,21.493132],[72.185996,21.492473],[72.187945,21.492133],[72.188442,21.491993],[72.187974,21.491451],[72.186926,21.489903],[72.186535,21.489303],[72.187842,21.488783],[72.189434,21.488204],[72.189453,21.487594],[72.189443,21.485043],[72.189384,21.483264],[72.189523,21.482541],[72.189494,21.481105],[72.190295,21.481114],[72.191646,21.481104],[72.192982,21.481063],[72.193595,21.481045],[72.193585,21.480304],[72.194313,21.480263],[72.194361,21.479685],[72.194274,21.479143],[72.195702,21.479292],[72.197743,21.479363],[72.199003,21.479633],[72.199142,21.479024],[72.19849,21.478112],[72.198292,21.477073],[72.197924,21.474784],[72.197283,21.474825],[72.195861,21.468653],[72.195643,21.467293],[72.196005,21.466665],[72.196834,21.465626],[72.197311,21.463946],[72.1981,21.460184],[72.198374,21.457615],[72.198122,21.455127],[72.197884,21.453226],[72.197714,21.450886],[72.197616,21.449457],[72.197573,21.448845],[72.197761,21.447025],[72.196694,21.446204],[72.193283,21.443388],[72.189616,21.440878],[72.187382,21.439348],[72.185785,21.438455],[72.184984,21.437606],[72.184564,21.437028],[72.184202,21.435985],[72.184215,21.435929],[72.184365,21.435285],[72.184365,21.434865],[72.184225,21.434387],[72.183926,21.433646],[72.183733,21.43301],[72.183723,21.432675],[72.183385,21.432278],[72.183105,21.432025],[72.182835,21.431777],[72.182743,21.431619],[72.181914,21.431777],[72.180477,21.431886],[72.179844,21.431209],[72.179033,21.429317],[72.178362,21.427497],[72.177773,21.425538],[72.177146,21.424296],[72.175665,21.423958],[72.174985,21.423637],[72.174565,21.423299],[72.173856,21.423069],[72.173345,21.423069],[72.173147,21.423128],[72.172887,21.423326],[72.172096,21.424189],[72.171846,21.42456],[72.170997,21.42456],[72.169608,21.424488],[72.169005,21.424258],[72.168407,21.424357],[72.167056,21.424389],[72.166386,21.424358],[72.166015,21.424909],[72.165894,21.424868],[72.165697,21.425347],[72.165214,21.42556],[72.164805,21.4256],[72.164168,21.425438],[72.163097,21.42505],[72.162287,21.424797],[72.161009,21.424576],[72.158949,21.424328],[72.158486,21.424116],[72.157039,21.42371],[72.15648,21.423678],[72.154488,21.425797],[72.154165,21.426126],[72.1531,21.42684],[72.15241,21.427079],[72.151566,21.428109],[72.150997,21.429469],[72.14943,21.431496],[72.148996,21.431998],[72.14727,21.434008],[72.146127,21.435769],[72.145881,21.436419],[72.143807,21.436076],[72.140387,21.435178],[72.138521,21.434618],[72.137498,21.434036],[72.137281,21.43414],[72.137281,21.434627],[72.137189,21.434948],[72.137141,21.435278],[72.137021,21.435738],[72.136722,21.437039],[72.136418,21.437929],[72.135188,21.440087],[72.13445,21.441767],[72.133713,21.444269],[72.133452,21.445317],[72.132709,21.447127],[72.132049,21.449516],[72.131803,21.452117],[72.131658,21.453906],[72.129029,21.453644],[72.12832,21.453536],[72.12231,21.453215],[72.125059,21.457586],[72.12587,21.458386],[72.127119,21.459225],[72.12752,21.459406],[72.126989,21.459524],[72.126762,21.459587],[72.126082,21.459695],[72.125889,21.459736],[72.12574,21.459776],[72.125513,21.459907],[72.12476,21.460576],[72.124461,21.460747],[72.124051,21.460824],[72.123781,21.460783],[72.123453,21.461104],[72.123381,21.461276],[72.123434,21.461696],[72.123612,21.462256],[72.123501,21.462617],[72.12326,21.462784],[72.122932,21.462784],[72.122614,21.462897],[72.122551,21.462956],[72.122532,21.463055],[72.122551,21.463326],[72.122531,21.463407],[72.122474,21.463443],[72.12203,21.463507],[72.121581,21.463656],[72.121523,21.463945],[72.121543,21.464356],[72.121451,21.464504],[72.121383,21.464545],[72.120732,21.464685],[72.12025,21.465087],[72.1201,21.465295],[72.119994,21.465543],[72.11956,21.466026],[72.119155,21.466306],[72.119,21.466455],[72.118682,21.466686],[72.118421,21.466826],[72.117664,21.466975],[72.117244,21.467146],[72.11707,21.467124],[72.116834,21.466997],[72.116492,21.466974],[72.116323,21.466997],[72.116033,21.467146],[72.115613,21.467426],[72.115493,21.467557],[72.115194,21.468203],[72.115063,21.468365],[72.114914,21.468803],[72.114402,21.472375],[72.114262,21.472913],[72.114822,21.473125],[72.115444,21.473035],[72.120703,21.474363],[72.12327,21.474855],[72.124442,21.475184],[72.125749,21.475356],[72.12835,21.475564],[72.12902,21.475424],[72.129681,21.475555],[72.13108,21.475686],[72.131211,21.475654],[72.131409,21.475794],[72.131423,21.475984],[72.1315,21.476214],[72.131582,21.476444],[72.131621,21.477085],[72.131679,21.477252],[72.132822,21.477645],[72.135268,21.478264],[72.139712,21.479492],[72.141599,21.480065],[72.143509,21.480503],[72.144378,21.480724],[72.145401,21.480846],[72.145237,21.481975],[72.145201,21.482411],[72.145191,21.482544],[72.145121,21.483402],[72.14502,21.483555],[72.145049,21.483804],[72.145039,21.484034],[72.14515,21.484431],[72.14516,21.485131],[72.14515,21.485203],[72.145599,21.485465],[72.145908,21.485813],[72.146067,21.486043],[72.14641,21.486703],[72.146579,21.487204],[72.146699,21.487723],[72.146757,21.487814],[72.14683,21.488224],[72.14684,21.488292],[72.146637,21.488852],[72.146671,21.489511],[72.14655,21.490062],[72.146748,21.491304],[72.146719,21.491891],[72.14658,21.492433],[72.14616,21.492962],[72.145721,21.493282],[72.145089,21.494493],[72.144621,21.494863],[72.142387,21.496421],[72.141572,21.497293],[72.140848,21.497532],[72.140332,21.497943],[72.139922,21.498052],[72.140221,21.499343],[72.140269,21.499944],[72.139961,21.500163],[72.139328,21.500001],[72.138648,21.499732],[72.138392,21.499551],[72.136119,21.498603],[72.135511,21.498323],[72.134469,21.497501],[72.133871,21.497384],[72.13114,21.497352],[72.130493,21.497172],[72.129451,21.495641],[72.129069,21.495113],[72.128273,21.494241],[72.127699,21.493934],[72.127009,21.493835],[72.125619,21.493663],[72.125031,21.493491],[72.1245,21.493261],[72.123313,21.492394],[72.123052,21.492114],[72.123352,21.491685],[72.123381,21.491491],[72.123332,21.491211],[72.123202,21.490854],[72.123183,21.490624],[72.123081,21.490303],[72.122792,21.489671],[72.122493,21.489323],[72.122174,21.489224],[72.121692,21.489143],[72.121383,21.488971],[72.121161,21.488655],[72.120973,21.488163],[72.120973,21.487792],[72.121021,21.487535],[72.121311,21.487291],[72.121904,21.486975],[72.121542,21.486943],[72.121291,21.486935],[72.120823,21.486975],[72.12009,21.487214],[72.118744,21.487594],[72.118112,21.487693],[72.116273,21.487801],[72.115854,21.487774],[72.115772,21.487734],[72.115574,21.487544],[72.115545,21.487372],[72.115405,21.487183],[72.115275,21.487165],[72.115043,21.487255],[72.114561,21.487585],[72.114353,21.487643],[72.114025,21.487833],[72.113784,21.487923],[72.113345,21.487833],[72.113002,21.487842],[72.112462,21.488031],[72.112442,21.488045],[72.111333,21.488302],[72.110874,21.488542],[72.110541,21.488623],[72.110175,21.488673],[72.109272,21.489002],[72.108635,21.489151],[72.108293,21.489133],[72.107424,21.489955],[72.106816,21.490284],[72.105402,21.491503],[72.104794,21.491783],[72.102864,21.493571],[72.102266,21.493883],[72.101137,21.494154],[72.100524,21.494443],[72.099452,21.495174],[72.099143,21.495621],[72.098555,21.496822],[72.098366,21.497531],[72.098197,21.49875],[72.098057,21.499333],[72.09779,21.500001],[72.097768,21.500055],[72.097536,21.500634],[72.097227,21.501451],[72.096894,21.501632],[72.096503,21.501812],[72.095847,21.502291],[72.095837,21.502702],[72.095957,21.503411],[72.095745,21.504824],[72.095344,21.507312],[72.095416,21.509073],[72.095473,21.51083],[72.095005,21.511963],[72.094677,21.512781],[72.093442,21.514289],[72.093127,21.514673],[72.092589,21.515453],[72.091998,21.516312],[72.091447,21.518199],[72.091307,21.520403],[72.091774,21.522733],[72.092116,21.525691],[72.092927,21.52859],[72.093385,21.5306],[72.092805,21.531349],[72.092854,21.531561],[72.092916,21.53181],[72.092964,21.531891],[72.093027,21.531981],[72.093177,21.532149],[72.093196,21.532189],[72.093317,21.53246],[72.093476,21.532921],[72.093543,21.53344],[72.093205,21.533548],[72.092998,21.533702],[72.093254,21.534059],[72.093997,21.534822],[72.093388,21.536768],[72.092645,21.53796],[72.091216,21.537802],[72.090434,21.53777],[72.089218,21.538032],[72.087268,21.53758],[72.084705,21.53771],[72.080018,21.537691],[72.079376,21.537601],[72.077866,21.537058],[72.076558,21.536651],[72.075578,21.53643],[72.074715,21.536209],[72.074097,21.53605],[72.073628,21.53675],[72.07178,21.53656],[72.071708,21.535711],[72.07124,21.535521],[72.069049,21.534482],[72.068209,21.534761],[72.066558,21.534819],[72.06428,21.534042],[72.061621,21.533662],[72.059502,21.53372],[72.057861,21.534062],[72.057919,21.534148],[72.057962,21.53422],[72.057938,21.534329],[72.057832,21.534622],[72.057682,21.534821],[72.05761,21.53506],[72.057561,21.53515],[72.057552,21.535182],[72.057552,21.535218],[72.057638,21.535462],[72.057648,21.535539],[72.05759,21.535602],[72.05758,21.535661],[72.05731,21.53585],[72.057339,21.53599],[72.057411,21.536098],[72.05744,21.536171],[72.057479,21.536229],[72.057498,21.536252],[72.057541,21.536302],[72.057561,21.536379],[72.057662,21.53697],[72.057662,21.537218],[72.057662,21.53748],[72.05769,21.537711],[72.05771,21.537941],[72.057748,21.538198],[72.05783,21.53846],[72.05782,21.538709],[72.05782,21.538939],[72.057738,21.539192],[72.057588,21.539341],[72.057511,21.539621],[72.057463,21.540059],[72.057578,21.540569],[72.057559,21.540781],[72.057501,21.540799],[72.057511,21.54084],[72.057148,21.541111],[72.057071,21.54117],[72.05696,21.54126],[72.056931,21.541328],[72.05682,21.541431],[72.056801,21.541499],[72.056829,21.541639],[72.056689,21.541689],[72.056603,21.541729],[72.05654,21.541747],[72.05653,21.541779],[72.056221,21.541819],[72.055512,21.541819],[72.055222,21.541842],[72.054961,21.541909],[72.054899,21.542099],[72.054768,21.542121],[72.05472,21.542212],[72.05473,21.542248],[72.054812,21.542478],[72.054869,21.5426],[72.05486,21.54274],[72.054773,21.542907],[72.054589,21.542979],[72.054362,21.542939],[72.054189,21.5432],[72.05413,21.543471],[72.053962,21.543539],[72.053629,21.543241],[72.053339,21.54306],[72.05304,21.543001],[72.053281,21.54362],[72.053291,21.543638],[72.05332,21.54367],[72.0533,21.543801],[72.053223,21.543859],[72.053199,21.54385],[72.053093,21.543918],[72.052981,21.54399],[72.052899,21.544031],[72.052832,21.544139],[72.052769,21.544139],[72.05274,21.54413],[72.05261,21.544148],[72.05246,21.544198],[72.05246,21.544247],[72.052383,21.544261],[72.05233,21.544311],[72.05217,21.544351],[72.052132,21.544419],[72.052093,21.544649],[72.05232,21.544789],[72.052691,21.545241],[72.052628,21.54525],[72.052619,21.545309],[72.052532,21.545349],[72.052551,21.545489],[72.052691,21.545787],[72.05273,21.545869],[72.052783,21.546018],[72.052812,21.546117],[72.052942,21.546411],[72.053139,21.54679],[72.05312,21.546889],[72.052912,21.546921],[72.052729,21.54702],[72.052772,21.547431],[72.05297,21.547657],[72.05296,21.547788],[72.05296,21.547887],[72.052893,21.54791],[72.05282,21.547959],[72.0527,21.547959],[72.05269,21.547991],[72.052661,21.548009],[72.052579,21.548068],[72.052579,21.54809],[72.052521,21.548149],[72.052521,21.548248],[72.052521,21.548438],[72.05255,21.548659],[72.052453,21.548808],[72.052438,21.548849],[72.052419,21.54889],[72.05239,21.548939],[72.052381,21.548998],[72.05226,21.54912],[72.05212,21.54926],[72.051941,21.549237],[72.05129,21.548871],[72.047593,21.547271],[72.046522,21.54704],[72.045363,21.54699],[72.043172,21.546668],[72.042183,21.546528],[72.040875,21.546401],[72.039784,21.546098],[72.037733,21.545609],[72.036555,21.545608],[72.034745,21.545969],[72.033832,21.546248],[72.033431,21.546311],[72.032862,21.546559],[72.032051,21.54613],[72.031212,21.54552],[72.030941,21.545298],[72.030406,21.545487],[72.029566,21.54527],[72.028755,21.54555],[72.028011,21.545491],[72.027003,21.545151],[72.026524,21.546271],[72.025195,21.549391],[72.025054,21.55033],[72.024243,21.55074],[72.023403,21.551557],[72.021865,21.5552],[72.021483,21.555737],[72.021396,21.55665],[72.021183,21.55725],[72.020144,21.558469],[72.019207,21.559209],[72.018536,21.559579],[72.018367,21.56012],[72.018357,21.56036],[72.018414,21.56054],[72.018554,21.56078],[72.018704,21.560938],[72.019437,21.561878],[72.019456,21.562659],[72.019446,21.56298],[72.019426,21.5633],[72.019484,21.563828],[72.019836,21.564127],[72.020005,21.564217],[72.020135,21.564307],[72.020294,21.564619],[72.020333,21.56475],[72.020323,21.56508],[72.020453,21.565297],[72.020636,21.565337],[72.020704,21.565396],[72.020786,21.565527],[72.020805,21.565717],[72.020815,21.565888],[72.020525,21.566128],[72.020476,21.566349],[72.020534,21.566448],[72.020626,21.566507],[72.020693,21.566548],[72.020824,21.566719],[72.020973,21.567108],[72.020587,21.567406],[72.021113,21.56798],[72.021363,21.568409],[72.021826,21.56924],[72.022314,21.569448],[72.023583,21.570009],[72.024674,21.570465],[72.026054,21.570927],[72.028646,21.571709],[72.029462,21.571796],[72.030171,21.572017],[72.030485,21.572167],[72.03076,21.572038],[72.031036,21.571909],[72.031605,21.571598],[72.032755,21.571287],[72.033725,21.571157],[72.035241,21.570747],[72.036453,21.570905],[72.037172,21.571095],[72.037491,21.571227],[72.037752,21.57064],[72.038134,21.569795],[72.038332,21.569497],[72.039013,21.568518],[72.040152,21.568198],[72.041132,21.569499],[72.041392,21.569729],[72.041711,21.569829],[72.04201,21.569879],[72.042363,21.569278],[72.042542,21.569025],[72.042851,21.568786],[72.043203,21.56871],[72.04371,21.568746],[72.043981,21.568538],[72.04428,21.568146],[72.044531,21.568006],[72.044913,21.567866],[72.045733,21.567627],[72.046042,21.567528],[72.0464,21.567636],[72.046742,21.567867],[72.047042,21.567808],[72.04766,21.567578],[72.04793,21.567605],[72.04836,21.567746],[72.048793,21.567822],[72.049562,21.567958],[72.04989,21.567959],[72.050339,21.567828],[72.050513,21.567778],[72.050469,21.567467],[72.050489,21.566487],[72.05063,21.565529],[72.05078,21.564726],[72.050833,21.564238],[72.050959,21.563497],[72.05107,21.563019],[72.051452,21.562378],[72.05179,21.56194],[72.05236,21.56087],[72.052699,21.559877],[72.052839,21.559497],[72.05295,21.559077],[72.053249,21.559068],[72.05364,21.559109],[72.054191,21.559119],[72.054389,21.559069],[72.054538,21.559046],[72.054591,21.559028],[72.054949,21.559047],[72.05519,21.558758],[72.055284,21.558564],[72.055379,21.558369],[72.05562,21.55808],[72.055659,21.558058],[72.056311,21.557598],[72.056629,21.55744],[72.05674,21.557358],[72.057001,21.55716],[72.057479,21.557309],[72.058792,21.557608],[72.061669,21.557767],[72.06288,21.557849],[72.06317,21.557867],[72.063368,21.557858],[72.063778,21.557727],[72.063981,21.557686],[72.064169,21.557628],[72.064647,21.5577],[72.06485,21.557727],[72.065251,21.557908],[72.065279,21.557958],[72.065308,21.557989],[72.065328,21.55803],[72.065371,21.558066],[72.065381,21.558107],[72.06539,21.558107],[72.065501,21.55826],[72.065521,21.558269],[72.065699,21.558278],[72.066047,21.558107],[72.06623,21.558008],[72.066259,21.558008],[72.066409,21.558089],[72.066481,21.558107],[72.066539,21.558198],[72.066559,21.558229],[72.066631,21.558328],[72.066641,21.558468],[72.06666,21.55859],[72.066669,21.558626],[72.066669,21.55864],[72.066689,21.558667],[72.066698,21.558767],[72.066809,21.558929],[72.066858,21.558956],[72.066901,21.558979],[72.06694,21.558997],[72.06694,21.559006],[72.067017,21.55906],[72.067108,21.559078],[72.06748,21.559286],[72.067567,21.559286],[72.067977,21.559336],[72.068281,21.559598],[72.068349,21.559639],[72.068861,21.559756],[72.068991,21.559806],[72.06903,21.559838],[72.069097,21.559919],[72.069271,21.560118],[72.069507,21.56052],[72.069657,21.560908],[72.0697,21.561048],[72.069768,21.561197],[72.069859,21.561369],[72.070178,21.561558],[72.070356,21.561558],[72.070569,21.561568],[72.070801,21.561328],[72.071438,21.561148],[72.071708,21.561107],[72.071979,21.561166],[72.072176,21.561297],[72.07234,21.56141],[72.072456,21.561518],[72.072529,21.561577],[72.072587,21.561636],[72.072698,21.561726],[72.072818,21.561848],[72.072958,21.561979],[72.073031,21.562038],[72.073127,21.562088],[72.073311,21.56207],[72.07347,21.561979],[72.073509,21.561948],[72.073557,21.561907],[72.07362,21.561858],[72.073837,21.56165],[72.073929,21.561636],[72.074127,21.561718],[72.074218,21.561907],[72.074319,21.562088],[72.074397,21.562237],[72.07444,21.562296],[72.074488,21.562318],[72.074657,21.562418],[72.074749,21.562477],[72.07485,21.562508],[72.075048,21.562517],[72.075217,21.562486],[72.075396,21.562436],[72.075637,21.56259],[72.078128,21.563968],[72.079426,21.564858],[72.079639,21.564537],[72.079668,21.564519],[72.079759,21.564406],[72.079928,21.564248],[72.080107,21.564099],[72.080257,21.563968],[72.080426,21.563837],[72.08059,21.563738],[72.080619,21.563697],[72.080696,21.563648],[72.080778,21.563679],[72.080918,21.56363],[72.08101,21.564429],[72.08086,21.564768],[72.080705,21.56503],[72.080628,21.565346],[72.080618,21.565418],[72.080599,21.565608],[72.080546,21.565608],[72.080498,21.565626],[72.080367,21.565879],[72.080097,21.5661],[72.080068,21.566118],[72.080068,21.566199],[72.080039,21.566217],[72.079768,21.566398],[72.079609,21.566587],[72.079329,21.566628],[72.079218,21.566668],[72.079208,21.566727],[72.079126,21.56675],[72.079088,21.566808],[72.079078,21.566826],[72.07902,21.566876],[72.078986,21.566908],[72.078967,21.566948],[72.078957,21.566957],[72.078909,21.567179],[72.07888,21.567179],[72.078619,21.567386],[72.078556,21.567449],[72.078489,21.567499],[72.078489,21.567567],[72.07845,21.567996],[72.078416,21.568059],[72.078377,21.568158],[72.078358,21.568185],[72.0783,21.568325],[72.077866,21.568587],[72.077687,21.568849],[72.077469,21.569477],[72.077358,21.570086],[72.076919,21.570777],[72.076677,21.571048],[72.076088,21.570967],[72.075128,21.570668],[72.074326,21.570555],[72.073216,21.570266],[72.07255,21.569999],[72.07184,21.569538],[72.070957,21.569177],[72.070247,21.569059],[72.06906,21.568905],[72.068577,21.569519],[72.068137,21.570065],[72.067529,21.570607],[72.066848,21.571257],[72.066008,21.571469],[72.065467,21.571627],[72.064772,21.571898],[72.063381,21.571857],[72.062619,21.571427],[72.06189,21.571129],[72.06148,21.570957],[72.06077,21.570587],[72.059501,21.569986],[72.058762,21.569759],[72.05758,21.569199],[72.056552,21.56877],[72.056141,21.568277],[72.05563,21.568376],[72.055132,21.568697],[72.054172,21.568037],[72.053211,21.568199],[72.053042,21.568226],[72.052632,21.568339],[72.051849,21.568948],[72.050821,21.568948],[72.0503,21.56907],[72.050232,21.569056],[72.049599,21.569349],[72.049503,21.569525],[72.04945,21.569828],[72.049391,21.570158],[72.049222,21.570315],[72.048952,21.57037],[72.048662,21.570378],[72.048653,21.570649],[72.048576,21.571598],[72.048473,21.572876],[72.048501,21.573648],[72.048491,21.574388],[72.048482,21.574429],[72.048511,21.574497],[72.048602,21.574537],[72.048602,21.574605],[72.048583,21.574668],[72.048621,21.574876],[72.048452,21.575039],[72.048452,21.575156],[72.048481,21.575228],[72.04852,21.575305],[72.048583,21.575346],[72.048703,21.575698],[72.048843,21.576028],[72.04863,21.576168],[72.048582,21.576217],[72.048519,21.576267],[72.048481,21.576326],[72.048452,21.576565],[72.048461,21.576827],[72.048413,21.576877],[72.048171,21.577125],[72.04807,21.577215],[72.048041,21.577278],[72.048002,21.577278],[72.047973,21.577377],[72.047872,21.577617],[72.047814,21.577847],[72.04778,21.578077],[72.047823,21.578348],[72.0479,21.578516],[72.04791,21.578777],[72.047861,21.578949],[72.047813,21.579048],[72.047543,21.579247],[72.047504,21.579468],[72.04748,21.579567],[72.047504,21.579725],[72.047552,21.580087],[72.047421,21.580245],[72.047243,21.580434],[72.047204,21.580489],[72.047204,21.580556],[72.047151,21.580565],[72.04717,21.580787],[72.04717,21.580958],[72.047054,21.581188],[72.046923,21.581504],[72.04686,21.581784],[72.046773,21.582218],[72.046773,21.582475],[72.047034,21.582706],[72.047014,21.583627],[72.047033,21.584395],[72.046922,21.584715],[72.0464,21.585207],[72.04612,21.585324],[72.046023,21.585586],[72.045912,21.585848],[72.045501,21.586467],[72.045192,21.586656],[72.045192,21.587117],[72.045163,21.587464],[72.04495,21.588205],[72.044882,21.588927],[72.044602,21.589117],[72.044563,21.589135],[72.044481,21.589207],[72.044433,21.589275],[72.044244,21.589406],[72.044273,21.589528],[72.044094,21.589785],[72.043964,21.589966],[72.043911,21.590015],[72.043882,21.590047],[72.043834,21.590105],[72.043592,21.590828],[72.043591,21.591957],[72.04599,21.592798],[72.04641,21.592947],[72.046381,21.593096],[72.046304,21.593304],[72.046222,21.593484],[72.046222,21.593525],[72.046173,21.593566],[72.04613,21.593597],[72.046072,21.593624],[72.045942,21.593696],[72.04598,21.593827],[72.045932,21.593904],[72.045913,21.593936],[72.045884,21.593967],[72.04585,21.594017],[72.04583,21.594026],[72.045652,21.594175],[72.045444,21.594324],[72.045463,21.594464],[72.045111,21.594527],[72.045043,21.594527],[72.044961,21.594586],[72.044831,21.594694],[72.0447,21.594965],[72.044362,21.595615],[72.044391,21.595764],[72.04384,21.596026],[72.043763,21.596287],[72.043743,21.596567],[72.04368,21.596725],[72.043651,21.597014],[72.043452,21.598857],[72.043224,21.601155],[72.041664,21.601516],[72.040312,21.602396],[72.039495,21.603967],[72.038484,21.606504],[72.037763,21.607994],[72.036903,21.608915],[72.036284,21.611005],[72.036254,21.612315],[72.036181,21.613236],[72.036702,21.613814],[72.036702,21.615015],[72.036185,21.615755],[72.034932,21.618473],[72.033883,21.620554],[72.033796,21.621412],[72.033881,21.623133],[72.033363,21.625083],[72.033392,21.625815],[72.033754,21.626764],[72.034043,21.627373],[72.033883,21.627874],[72.032704,21.628971],[72.032143,21.629761],[72.031554,21.630754],[72.031452,21.631084],[72.031563,21.631463],[72.031886,21.631734],[72.032495,21.632123],[72.033633,21.633654],[72.035072,21.634021],[72.036222,21.634554],[72.036801,21.634862],[72.037192,21.635124],[72.037713,21.63558],[72.038655,21.636665],[72.039205,21.63722],[72.039572,21.637482],[72.040354,21.637912],[72.040252,21.638124],[72.039822,21.63834],[72.038654,21.638371],[72.037465,21.639342],[72.036325,21.639811],[72.035146,21.640524],[72.034092,21.64125],[72.033474,21.641832],[72.031212,21.643642],[72.029086,21.645013],[72.028033,21.645722],[72.028365,21.646982],[72.028712,21.648233],[72.028484,21.6497],[72.027087,21.651903],[72.026555,21.653072],[72.027863,21.653502],[72.029046,21.654821],[72.030643,21.6569],[72.032024,21.658589],[72.033153,21.659859],[72.034583,21.660541],[72.035442,21.661409],[72.035954,21.66205],[72.035899,21.662806],[72.035822,21.66387],[72.035363,21.665229],[72.035294,21.667442],[72.034443,21.66755],[72.033172,21.668552],[72.031466,21.67065],[72.030416,21.672849],[72.030414,21.675459],[72.031293,21.676561],[72.031365,21.677501],[72.030073,21.679798],[72.028303,21.682308],[72.027815,21.683139],[72.027195,21.684669],[72.025817,21.686669],[72.026377,21.68731],[72.027815,21.689497],[72.029414,21.690699],[72.030104,21.691038],[72.031114,21.691458],[72.031505,21.691459],[72.032612,21.690999],[72.033265,21.690349],[72.034145,21.689618],[72.034942,21.689288],[72.035633,21.689189],[72.037271,21.68891],[72.037793,21.688667],[72.039035,21.688428],[72.040166,21.688478],[72.041301,21.688289],[72.041301,21.687896],[72.042133,21.687179],[72.043525,21.686019],[72.045173,21.685248],[72.045691,21.682209],[72.047194,21.682787],[72.048952,21.682739],[72.049773,21.683218],[72.051682,21.6839],[72.053851,21.683797],[72.055861,21.683997],[72.057309,21.686079],[72.058043,21.686649],[72.059309,21.687417],[72.060821,21.688117],[72.061623,21.688569],[72.062101,21.689156],[72.062903,21.689956],[72.063342,21.690244],[72.064018,21.690688],[72.064641,21.691496],[72.065182,21.692327],[72.06624,21.693556],[72.06722,21.694717],[72.068119,21.695309],[72.068877,21.694758],[72.070061,21.694478],[72.072018,21.694326],[72.073927,21.694186],[72.076927,21.693758],[72.078116,21.693469],[72.078479,21.693759],[72.079508,21.693908],[72.080749,21.694147],[72.081919,21.694635],[72.0823,21.695376],[72.082517,21.695868],[72.082826,21.696288],[72.082947,21.696817],[72.082947,21.697237],[72.083739,21.697589],[72.084536,21.697887],[72.085116,21.698018],[72.085648,21.698136],[72.087126,21.698376],[72.087696,21.698529],[72.089629,21.699058],[72.090958,21.699487],[72.091586,21.699668],[72.092596,21.699885],[72.092808,21.699497],[72.093137,21.699366],[72.094678,21.699226],[72.095968,21.700816],[72.096587,21.700626],[72.097978,21.700337],[72.099476,21.699895],[72.100965,21.698599],[72.102724,21.698455],[72.103758,21.698405],[72.105666,21.698166],[72.110416,21.697539],[72.112016,21.697295],[72.112997,21.697056],[72.114185,21.697097],[72.118196,21.696668],[72.119899,21.696623],[72.121602,21.696578],[72.124071,21.696379],[72.124482,21.695946],[72.126603,21.695846],[72.129183,21.695846],[72.13259,21.695946],[72.134363,21.695911],[72.135122,21.695896],[72.138451,21.695606],[72.139131,21.689339],[72.139803,21.685478],[72.1403,21.683418],[72.140251,21.681969],[72.14113,21.678487],[72.141802,21.678641],[72.142729,21.675308],[72.143637,21.671807],[72.144168,21.669758],[72.14567,21.669609],[72.147381,21.66978],[72.148468,21.669879],[72.148569,21.66997],[72.148661,21.670019],[72.148811,21.670101],[72.148898,21.67015],[72.14941,21.670358],[72.149477,21.670398],[72.149521,21.67043],[72.14956,21.670448],[72.149632,21.670489],[72.150028,21.670791],[72.151222,21.671419],[72.151371,21.671608],[72.15198,21.671911],[72.15271,21.67227],[72.153439,21.672629],[72.15484,21.67354],[72.157687,21.675689],[72.16075,21.67791],[72.161668,21.678488],[72.16477,21.679838],[72.167249,21.681327],[72.169057,21.68288],[72.170608,21.684808],[72.172068,21.686596],[72.172696,21.687259],[72.173237,21.687869],[72.174175,21.688848],[72.174745,21.68944],[72.174939,21.689656],[72.175016,21.689679],[72.175026,21.689729],[72.175118,21.689729],[72.175147,21.689778],[72.175799,21.689886],[72.175905,21.68995],[72.175968,21.690026],[72.176195,21.690239],[72.176326,21.690297],[72.176466,21.690419],[72.176616,21.690469],[72.176698,21.690478],[72.176809,21.690536],[72.177017,21.690798],[72.177055,21.690866],[72.177075,21.690988],[72.177085,21.691146],[72.177118,21.691317],[72.177317,21.691755],[72.178568,21.692816],[72.178835,21.694428],[72.178836,21.696546],[72.178425,21.697946],[72.178165,21.699789],[72.178538,21.701279],[72.178646,21.702402],[72.178708,21.703035],[72.178838,21.703834],[72.178989,21.704868],[72.178888,21.706056],[72.178588,21.706887],[72.178338,21.709448],[72.177817,21.711186],[72.177668,21.712726],[72.177817,21.712916],[72.180916,21.714947],[72.182724,21.715958],[72.183758,21.716725],[72.184377,21.717646],[72.185407,21.719185],[72.186074,21.720206],[72.187215,21.721357],[72.188457,21.721117],[72.189747,21.720484],[72.190564,21.720877],[72.191603,21.721405],[72.195166,21.722704],[72.198883,21.724106],[72.202035,21.725356],[72.205655,21.726993],[72.207154,21.727525],[72.208754,21.728825],[72.209683,21.729696],[72.211071,21.731235],[72.211381,21.732003],[72.212063,21.732874],[72.213402,21.733794],[72.21464,21.734755],[72.215834,21.735572],[72.217023,21.735915],[72.21872,21.736442],[72.219444,21.734604],[72.219752,21.732635],[72.219853,21.731474],[72.2199,21.729736],[72.220522,21.728724],[72.221502,21.726745],[72.222482,21.725534],[72.223409,21.724035],[72.22352,21.723263],[72.223099,21.722256],[72.222692,21.721245],[72.222382,21.720513]]],[[[72.359823,21.591986],[72.35925,21.59189],[72.358741,21.591813],[72.357979,21.591916],[72.357428,21.591959],[72.356899,21.59212],[72.356387,21.592241],[72.355922,21.592402],[72.355096,21.592486],[72.354782,21.593023],[72.354383,21.593639],[72.354386,21.594154],[72.354325,21.59467],[72.354328,21.595125],[72.354141,21.595741],[72.353975,21.596376],[72.353724,21.597001],[72.353558,21.597557],[72.35337,21.597954],[72.353118,21.598411],[72.352972,21.598808],[72.352763,21.599245],[72.352341,21.599604],[72.352025,21.599943],[72.351603,21.600282],[72.351308,21.600521],[72.351161,21.600819],[72.350973,21.601256],[72.3507,21.601614],[72.350427,21.602051],[72.350176,21.602548],[72.35003,21.602965],[72.349905,21.603322],[72.349801,21.60366],[72.349719,21.604116],[72.349721,21.604453],[72.349638,21.604909],[72.349429,21.605386],[72.349093,21.605922],[72.349265,21.606308],[72.349565,21.606841],[72.349716,21.607336],[72.349973,21.607711],[72.350145,21.608107],[72.350312,21.608432],[72.350741,21.608357],[72.35119,21.60772],[72.351542,21.607178],[72.351814,21.606662],[72.352045,21.606165],[72.352423,21.605727],[72.352885,21.604991],[72.353158,21.604514],[72.35341,21.604117],[72.353767,21.60352],[72.353913,21.603143],[72.354207,21.602666],[72.354564,21.602129],[72.355219,21.601868],[72.355641,21.601589],[72.356233,21.601249],[72.356676,21.600949],[72.357076,21.60059],[72.357434,21.600212],[72.357877,21.599754],[72.358276,21.599237],[72.358761,21.598878],[72.359098,21.598519],[72.359499,21.59822],[72.359792,21.597505],[72.360085,21.596988],[72.360295,21.596571],[72.360779,21.596073],[72.361158,21.595695],[72.361175,21.594991],[72.361194,21.594535],[72.361191,21.594139],[72.361188,21.593564],[72.36108,21.593188],[72.361099,21.592851],[72.360841,21.592159],[72.360352,21.592003],[72.359823,21.591986]]],[[[72.29023,21.607502],[72.289752,21.607732],[72.28923,21.608025],[72.286873,21.609162],[72.287114,21.609573],[72.285873,21.609793],[72.285293,21.610023],[72.284733,21.610073],[72.284693,21.611472],[72.284441,21.612822],[72.284151,21.613292],[72.283924,21.613933],[72.283503,21.615071],[72.283382,21.615631],[72.283043,21.617383],[72.282592,21.619974],[72.281751,21.62155],[72.281374,21.622742],[72.281122,21.623284],[72.280933,21.623952],[72.280353,21.62508],[72.279995,21.62555],[72.279734,21.625983],[72.279545,21.626692],[72.278723,21.629649],[72.278533,21.630823],[72.278315,21.63263],[72.278035,21.63887],[72.279315,21.639052],[72.281305,21.639549],[72.281904,21.639681],[72.282604,21.639952],[72.283203,21.640043],[72.284434,21.640563],[72.286163,21.641349],[72.288002,21.642231],[72.289954,21.642679],[72.291243,21.642991],[72.291822,21.643353],[72.293793,21.643819],[72.29515,21.644],[72.296541,21.644181],[72.298439,21.644539],[72.300463,21.644991],[72.301492,21.645271],[72.301494,21.645269],[72.3017,21.644994],[72.301822,21.644734],[72.302199,21.644628],[72.302718,21.643533],[72.302653,21.642222],[72.302881,21.641347],[72.303052,21.640527],[72.303398,21.639597],[72.303743,21.638721],[72.304029,21.637627],[72.304377,21.637025],[72.304722,21.636094],[72.304893,21.635329],[72.305471,21.634124],[72.305817,21.633358],[72.306102,21.632045],[72.306038,21.631008],[72.306264,21.62975],[72.306375,21.628712],[72.306311,21.627592],[72.306127,21.626009],[72.305479,21.625084],[72.305004,21.623666],[72.304588,21.622411],[72.304173,21.621321],[72.303815,21.619957],[72.302991,21.618869],[72.302341,21.617615],[72.301224,21.616255],[72.300752,21.615329],[72.300106,21.614731],[72.299225,21.613916],[72.294935,21.609239],[72.294112,21.608259],[72.29364,21.607333],[72.293543,21.606651],[72.293316,21.606251],[72.292133,21.606793],[72.29023,21.607502]]],[[[72.276612,21.694336],[72.277912,21.694287],[72.278516,21.694436],[72.279236,21.694545],[72.279806,21.694915],[72.280472,21.694776],[72.281154,21.694808],[72.282483,21.694858],[72.282782,21.694547],[72.283292,21.694596],[72.283222,21.694326],[72.282632,21.694596],[72.282144,21.694537],[72.281144,21.694496],[72.280434,21.694636],[72.280212,21.694658],[72.279835,21.694337],[72.279372,21.693226],[72.279398,21.693191],[72.279662,21.692697],[72.279744,21.692518],[72.280102,21.692427],[72.280344,21.692346],[72.280914,21.692347],[72.281136,21.692356],[72.281382,21.692428],[72.281576,21.692446],[72.281793,21.692437],[72.282102,21.692478],[72.282465,21.692546],[72.282875,21.692605],[72.283223,21.692605],[72.283421,21.692456],[72.283262,21.691716],[72.282484,21.691756],[72.282345,21.691467],[72.282403,21.691246],[72.282176,21.691236],[72.282065,21.690979],[72.282152,21.690699],[72.282326,21.690518],[72.282495,21.690347],[72.282713,21.690148],[72.282795,21.689918],[72.283032,21.689548],[72.283113,21.689315],[72.283414,21.688446],[72.283535,21.688248],[72.283685,21.688018],[72.283966,21.687688],[72.284043,21.687467],[72.284154,21.687228],[72.284483,21.686577],[72.284884,21.686415],[72.285643,21.685458],[72.285745,21.685246],[72.287601,21.683585],[72.288542,21.682646],[72.288781,21.682407],[72.289081,21.681978],[72.28938,21.681626],[72.290212,21.680678],[72.290434,21.680146],[72.290551,21.679915],[72.290831,21.679428],[72.291053,21.679247],[72.291232,21.678697],[72.291721,21.677866],[72.291784,21.677658],[72.291731,21.676958],[72.291804,21.676696],[72.291524,21.675748],[72.291833,21.675328],[72.291761,21.674827],[72.291694,21.674619],[72.291941,21.673689],[72.292241,21.672786],[72.292352,21.672578],[72.292734,21.672208],[72.292893,21.672028],[72.293072,21.671788],[72.29329,21.670727],[72.293291,21.669878],[72.29345,21.669657],[72.293682,21.669508],[72.293943,21.669328],[72.294083,21.669188],[72.29431,21.669016],[72.29461,21.668669],[72.294911,21.668179],[72.295282,21.667576],[72.295611,21.667157],[72.295819,21.666611],[72.295872,21.66647],[72.295201,21.66638],[72.294032,21.666217],[72.292742,21.666099],[72.291723,21.66603],[72.29108,21.666017],[72.290491,21.665939],[72.290022,21.665939],[72.289723,21.66584],[72.289535,21.6657],[72.289255,21.665419],[72.288912,21.665148],[72.288603,21.665017],[72.288182,21.664891],[72.28767,21.6648],[72.287091,21.664619],[72.286651,21.664371],[72.286221,21.664149],[72.285961,21.663977],[72.285772,21.663769],[72.285483,21.663467],[72.285072,21.663019],[72.284913,21.662798],[72.284865,21.662527],[72.284904,21.662179],[72.284735,21.662139],[72.283204,21.661479],[72.281953,21.661031],[72.280755,21.660529],[72.279022,21.659697],[72.277182,21.65882],[72.276385,21.659018],[72.275934,21.660838],[72.275355,21.66077],[72.274654,21.660968],[72.274224,21.661379],[72.273523,21.662457],[72.272894,21.662678],[72.272426,21.662678],[72.272204,21.6621],[72.270633,21.663111],[72.270015,21.66311],[72.269315,21.663128],[72.268184,21.663439],[72.268556,21.66394],[72.268265,21.664229],[72.268207,21.664518],[72.267173,21.66449],[72.266357,21.664508],[72.265313,21.664679],[72.26472,21.66602],[72.264713,21.66602],[72.265075,21.667336],[72.264345,21.667518],[72.262427,21.667838],[72.261118,21.668148],[72.260504,21.668347],[72.259117,21.66835],[72.258538,21.66849],[72.257855,21.66846],[72.257873,21.668138],[72.257577,21.667938],[72.257173,21.667792],[72.257108,21.66778],[72.257138,21.667351],[72.255186,21.667228],[72.255279,21.665959],[72.253719,21.665801],[72.253206,21.666377],[72.252289,21.667418],[72.252118,21.6676],[72.253267,21.66854],[72.254117,21.669277],[72.254715,21.670289],[72.254719,21.671007],[72.254448,21.671499],[72.254216,21.672068],[72.253246,21.676266],[72.252927,21.676817],[72.252679,21.678718],[72.252528,21.679978],[72.252648,21.681369],[72.253704,21.686562],[72.253769,21.686879],[72.255179,21.693586],[72.257677,21.693678],[72.265726,21.693895],[72.268964,21.694006],[72.269534,21.694408],[72.270794,21.694865],[72.271374,21.694965],[72.271993,21.694987],[72.272664,21.694776],[72.273974,21.694478],[72.275293,21.694317],[72.275965,21.694367],[72.276612,21.694336]]]]}},{"type":"Feature","properties":{"OBJECTID":2000,"state_lgd":"24","state_name":"GUJARAT","district_lgd":"481","district_name":"BHAVNAGAR","district_name_source":"district_table","subdistrict_lgd":"5986","subdistrict_name":"JESAR","subdistrict_type":"Taluk","name_corrupted":false,"remarks":""},"geometry":{"type":"Polygon","coordinates":[[[71.604423,21.441313],[71.60477,21.441295],[71.605117,21.441313],[71.605658,21.44144],[71.606314,21.441711],[71.606661,21.441765],[71.607061,21.441765],[71.607544,21.441638],[71.608026,21.44153],[71.608354,21.44144],[71.609029,21.441277],[71.609917,21.441043],[71.610746,21.440718],[71.611248,21.440483],[71.611788,21.440356],[71.612444,21.44032],[71.613023,21.440393],[71.613988,21.440844],[71.614682,21.441115],[71.614698,21.44112],[71.616536,21.440757],[71.617179,21.440757],[71.617823,21.440678],[71.61855,21.440625],[71.619025,21.440467],[71.619585,21.440362],[71.620088,21.440257],[71.620508,21.440231],[71.621179,21.440125],[71.62171,21.440046],[71.622124,21.440046],[71.622963,21.439941],[71.623635,21.439967],[71.62425,21.439966],[71.624781,21.439861],[71.625536,21.439677],[71.62604,21.439677],[71.626376,21.439676],[71.626683,21.439729],[71.627187,21.439807],[71.627758,21.439832],[71.628289,21.439832],[71.628764,21.439779],[71.629156,21.439753],[71.629575,21.439674],[71.630219,21.439542],[71.63061,21.439542],[71.630974,21.439542],[71.631533,21.43962],[71.632065,21.439934],[71.632541,21.440353],[71.632961,21.440693],[71.633325,21.441059],[71.633801,21.44119],[71.634304,21.44165],[71.63452,21.441641],[71.634723,21.441565],[71.635172,21.441488],[71.635458,21.441373],[71.635825,21.441239],[71.63609,21.441124],[71.636437,21.44099],[71.636682,21.440914],[71.636865,21.440837],[71.637089,21.44078],[71.637375,21.440779],[71.637695,21.440722],[71.638205,21.440664],[71.638573,21.440664],[71.639001,21.440683],[71.63943,21.44072],[71.639858,21.440777],[71.640266,21.440834],[71.640654,21.440834],[71.641001,21.440834],[71.641327,21.440891],[71.641674,21.44089],[71.642072,21.440928],[71.642562,21.440947],[71.642929,21.440947],[71.643419,21.440946],[71.643765,21.440965],[71.644133,21.440965],[71.644581,21.440773],[71.645091,21.440601],[71.645438,21.440486],[71.645866,21.440333],[71.646233,21.440218],[71.646641,21.440065],[71.646947,21.43995],[71.647253,21.439816],[71.64762,21.439663],[71.648065,21.43979],[71.648615,21.439885],[71.650303,21.439939],[71.653554,21.439884],[71.655213,21.439776],[71.656979,21.439681],[71.657688,21.43968],[71.65927,21.439965],[71.660413,21.439924],[71.661667,21.439788],[71.662087,21.439747],[71.662521,21.439612],[71.662868,21.439476],[71.663331,21.439137],[71.663982,21.438541],[71.664396,21.438202],[71.664946,21.437972],[71.665395,21.43785],[71.666089,21.437646],[71.667059,21.43747],[71.667633,21.437456],[71.668496,21.437605],[71.669176,21.437862],[71.669727,21.438118],[71.670257,21.438363],[71.670966,21.438593],[71.671458,21.438661],[71.672109,21.438688],[71.672804,21.43862],[71.67358,21.438511],[71.67468,21.438199],[71.675562,21.437942],[71.676498,21.437589],[71.676918,21.43763],[71.677352,21.43763],[71.677699,21.437697],[71.67865,21.438428],[71.679344,21.438916],[71.679677,21.438997],[71.679778,21.439011],[71.68001,21.438997],[71.680169,21.438983],[71.680429,21.438943],[71.680574,21.438888],[71.680733,21.438821],[71.680878,21.438672],[71.681008,21.438441],[71.681196,21.438211],[71.681413,21.437547],[71.681354,21.435519],[71.681412,21.435303],[71.68147,21.435059],[71.681513,21.434869],[71.681566,21.434693],[71.681667,21.43453],[71.681976,21.434259],[71.682338,21.434124],[71.682989,21.433974],[71.683823,21.433852],[71.684648,21.43364],[71.684937,21.433531],[71.685328,21.433179],[71.685733,21.432772],[71.686137,21.431905],[71.686354,21.431444],[71.686499,21.431255],[71.686542,21.4312],[71.686701,21.431146],[71.686817,21.431119],[71.687058,21.431078],[71.687261,21.431078],[71.687492,21.431078],[71.687724,21.431092],[71.687955,21.431105],[71.688679,21.431565],[71.689403,21.432053],[71.690816,21.432892],[71.69154,21.433014],[71.691771,21.433014],[71.692008,21.433014],[71.692297,21.433013],[71.692673,21.432946],[71.693078,21.432824],[71.693556,21.432688],[71.694332,21.43201],[71.69585,21.430573],[71.696429,21.430126],[71.696617,21.430018],[71.696747,21.430018],[71.696878,21.430058],[71.697541,21.429118],[71.697654,21.428981],[71.698074,21.428897],[71.698553,21.4287],[71.699332,21.428615],[71.700141,21.428417],[71.700649,21.428024],[71.701248,21.42763],[71.701457,21.427294],[71.701786,21.426872],[71.702055,21.426423],[71.702235,21.426086],[71.702594,21.425721],[71.702863,21.425328],[71.703282,21.425131],[71.703642,21.42499],[71.70424,21.424737],[71.70475,21.42454],[71.705109,21.424399],[71.705408,21.424231],[71.705288,21.423782],[71.705017,21.423221],[71.704897,21.422716],[71.704806,21.422296],[71.704536,21.421553],[71.704266,21.421497],[71.704116,21.421273],[71.703696,21.421273],[71.703516,21.421021],[71.703366,21.420628],[71.703305,21.420235],[71.703874,21.420067],[71.703664,21.419674],[71.703484,21.41931],[71.704143,21.41914],[71.704981,21.418831],[71.704831,21.418578],[71.70519,21.418466],[71.70501,21.417905],[71.704889,21.417428],[71.704799,21.417063],[71.704618,21.416334],[71.704498,21.415829],[71.704407,21.415409],[71.704197,21.414932],[71.703957,21.41468],[71.703986,21.414315],[71.703926,21.413838],[71.703865,21.413137],[71.703834,21.412408],[71.703833,21.411931],[71.703743,21.411552],[71.703532,21.410879],[71.703442,21.41043],[71.703291,21.409925],[71.70332,21.409476],[71.703469,21.408915],[71.703499,21.408494],[71.703528,21.407933],[71.703527,21.407316],[71.703497,21.406839],[71.703496,21.40639],[71.703615,21.405885],[71.703734,21.405436],[71.703733,21.404875],[71.703687,21.404576],[71.704292,21.404333],[71.70481,21.40415],[71.705242,21.403987],[71.705717,21.403784],[71.706408,21.403561],[71.706948,21.403287],[71.707423,21.402963],[71.708028,21.402557],[71.708438,21.402293],[71.709,21.401969],[71.70982,21.401361],[71.7101,21.400996],[71.710281,21.40047],[71.710497,21.400146],[71.710561,21.399721],[71.710539,21.399397],[71.710646,21.398769],[71.710689,21.398344],[71.710667,21.398041],[71.710558,21.397636],[71.71045,21.397353],[71.710384,21.397029],[71.710319,21.396705],[71.710384,21.396574],[71.71101,21.396209],[71.711528,21.395945],[71.711981,21.395681],[71.71237,21.395296],[71.712802,21.395012],[71.713147,21.394648],[71.713557,21.394121],[71.71388,21.393857],[71.71429,21.393452],[71.714614,21.393229],[71.714895,21.392966],[71.715132,21.392743],[71.71537,21.39254],[71.715522,21.392502],[71.716153,21.391896],[71.717007,21.391179],[71.717679,21.390614],[71.717743,21.390353],[71.718161,21.390405],[71.718642,21.390529],[71.719122,21.390653],[71.719469,21.390653],[71.719602,21.390253],[71.720404,21.390627],[71.720885,21.390876],[71.720944,21.391005],[71.721277,21.391264],[71.721803,21.391548],[71.722273,21.391729],[71.722689,21.392013],[71.7228,21.392453],[71.722966,21.39279],[71.723299,21.3931],[71.723686,21.393437],[71.723825,21.393644],[71.724019,21.394006],[71.724213,21.394265],[71.724462,21.394213],[71.724574,21.394679],[71.724629,21.394938],[71.72463,21.395534],[71.724631,21.396207],[71.724467,21.397088],[71.724329,21.39784],[71.724358,21.398254],[71.724359,21.398772],[71.724359,21.399187],[71.72436,21.399601],[71.724444,21.400197],[71.724472,21.400508],[71.724472,21.400844],[71.7245,21.401078],[71.724252,21.401363],[71.723975,21.401545],[71.72381,21.401804],[71.7237,21.402141],[71.723949,21.402399],[71.723949,21.402607],[71.723812,21.403099],[71.723757,21.403643],[71.724007,21.404006],[71.724477,21.404264],[71.724837,21.404393],[71.724921,21.40473],[71.724811,21.405222],[71.72495,21.40574],[71.725006,21.406129],[71.725283,21.40662],[71.725948,21.406878],[71.726418,21.407007],[71.726806,21.407162],[71.727165,21.407162],[71.727608,21.407291],[71.728051,21.407368],[71.728218,21.407886],[71.728246,21.408559],[71.728191,21.408792],[71.727943,21.408896],[71.727417,21.408742],[71.727112,21.408794],[71.727113,21.409053],[71.727169,21.409519],[71.727529,21.409674],[71.728165,21.409596],[71.728193,21.41001],[71.728194,21.41045],[71.728388,21.410813],[71.727725,21.411332],[71.727034,21.41154],[71.727588,21.411928],[71.727837,21.412031],[71.72828,21.412341],[71.728502,21.412704],[71.728973,21.413014],[71.729319,21.413169],[71.730149,21.413168],[71.730702,21.413556],[71.731754,21.41358],[71.732999,21.413552],[71.734113,21.413499],[71.734971,21.413498],[71.735441,21.413445],[71.736299,21.413418],[71.737516,21.413391],[71.738346,21.413338],[71.738899,21.413259],[71.739784,21.412999],[71.740669,21.41292],[71.741637,21.412893],[71.742301,21.412892],[71.743048,21.41302],[71.743629,21.413123],[71.744338,21.413148],[71.745085,21.413172],[71.745693,21.413172],[71.746109,21.413326],[71.74716,21.413351],[71.747713,21.41335],[71.748184,21.413479],[71.748903,21.413555],[71.749512,21.413865],[71.749928,21.414046],[71.750564,21.414356],[71.750512,21.41469],[71.750279,21.415704],[71.750045,21.41663],[71.749764,21.417511],[71.749389,21.418393],[71.74892,21.419363],[71.748639,21.420289],[71.748265,21.421479],[71.747937,21.422184],[71.747562,21.42311],[71.747,21.424477],[71.747001,21.42527],[71.746815,21.426658],[71.746394,21.427937],[71.746207,21.428906],[71.745927,21.430052],[71.745787,21.430978],[71.745466,21.43245],[71.74593,21.432211],[71.746402,21.432695],[71.747437,21.433002],[71.74852,21.433265],[71.749321,21.43366],[71.749887,21.434232],[71.750639,21.434055],[71.751627,21.433965],[71.75271,21.433919],[71.753557,21.433962],[71.754687,21.434181],[71.755487,21.434312],[71.756569,21.434398],[71.757841,21.434749],[71.758419,21.434616],[71.759218,21.434218],[71.760489,21.434128],[71.761571,21.434126],[71.762183,21.434213],[71.762795,21.434256],[71.763925,21.434387],[71.76496,21.434385],[71.765948,21.434428],[71.766937,21.434426],[71.767878,21.434689],[71.768678,21.434644],[71.76976,21.434554],[71.771078,21.43464],[71.772443,21.434638],[71.772914,21.434857],[71.77362,21.435032],[71.773716,21.435825],[71.775081,21.435955],[71.776069,21.435953],[71.777649,21.435901],[71.77885,21.435899],[71.779178,21.435899],[71.780061,21.435952],[71.780236,21.435126],[71.78047,21.434299],[71.780821,21.433693],[71.781407,21.43259],[71.782053,21.431818],[71.782286,21.430827],[71.782696,21.429724],[71.783342,21.429117],[71.78381,21.42785],[71.784808,21.426967],[71.785633,21.427792],[71.786752,21.428341],[71.787754,21.429165],[71.788343,21.429549],[71.788579,21.429598],[71.788872,21.429659],[71.788812,21.428778],[71.787928,21.428228],[71.787692,21.427513],[71.787278,21.426742],[71.78763,21.426246],[71.787217,21.425476],[71.787215,21.42465],[71.786743,21.423824],[71.785978,21.42333],[71.786801,21.423163],[71.786623,21.422668],[71.786681,21.421952],[71.786964,21.421331],[71.787032,21.42118],[71.787149,21.420629],[71.787737,21.420628],[71.787501,21.420243],[71.787704,21.419989],[71.787689,21.419818],[71.787401,21.41934],[71.787645,21.419021],[71.78758,21.418572],[71.787654,21.418203],[71.787685,21.417854],[71.787823,21.417719],[71.787944,21.41773],[71.788139,21.417614],[71.788546,21.417381],[71.788918,21.41748],[71.789238,21.417728],[71.789539,21.417528],[71.789787,21.417362],[71.789945,21.416997],[71.789856,21.416632],[71.790122,21.416532],[71.790476,21.416398],[71.79083,21.416116],[71.790989,21.4158],[71.791236,21.415551],[71.791644,21.415484],[71.791897,21.415276],[71.792021,21.415093],[71.79241,21.415059],[71.79264,21.41466],[71.792905,21.414344],[71.793064,21.414145],[71.793259,21.413763],[71.793347,21.413497],[71.793204,21.413166],[71.793186,21.412884],[71.793009,21.412768],[71.793167,21.412419],[71.793344,21.412136],[71.79368,21.411771],[71.793732,21.411347],[71.793785,21.411032],[71.79382,21.410717],[71.79389,21.410434],[71.793535,21.410302],[71.793535,21.41002],[71.793587,21.409754],[71.793746,21.409406],[71.79387,21.409074],[71.793869,21.408659],[71.793851,21.408426],[71.793815,21.408211],[71.793938,21.407878],[71.794079,21.407662],[71.794205,21.407428],[71.793612,21.407314],[71.793119,21.407222],[71.792575,21.406992],[71.791786,21.406808],[71.791094,21.406625],[71.790379,21.406418],[71.789366,21.406166],[71.788414,21.405959],[71.787797,21.405822],[71.787451,21.405684],[71.786933,21.4055],[71.786439,21.405362],[71.78597,21.405155],[71.785501,21.405017],[71.784859,21.404787],[71.784659,21.404682],[71.784464,21.40458],[71.783896,21.404234],[71.783081,21.403843],[71.782414,21.403474],[71.781451,21.403014],[71.78113,21.40283],[71.780512,21.402484],[71.779559,21.402024],[71.77909,21.401678],[71.778719,21.401471],[71.778201,21.40124],[71.777732,21.40101],[71.777337,21.400803],[71.777755,21.400202],[71.777631,21.39974],[71.777432,21.399162],[71.777209,21.398655],[71.776912,21.398262],[71.77669,21.397939],[71.775977,21.397877],[71.775713,21.398009],[71.775258,21.398031],[71.774734,21.397968],[71.774278,21.397884],[71.773915,21.398055],[71.773755,21.398012],[71.77335,21.398077],[71.772827,21.398121],[71.772462,21.398185],[71.771984,21.398186],[71.771415,21.398165],[71.771051,21.398166],[71.770436,21.398146],[71.76989,21.398125],[71.769321,21.398105],[71.768661,21.398085],[71.768023,21.398064],[71.767477,21.398108],[71.766976,21.398109],[71.766339,21.398131],[71.765891,21.398112],[71.765477,21.398113],[71.764919,21.398152],[71.764918,21.397669],[71.764939,21.39732],[71.764897,21.396933],[71.764888,21.396534],[71.764774,21.396279],[71.764568,21.395789],[71.764476,21.395341],[71.764272,21.39464],[71.763745,21.393829],[71.763319,21.393422],[71.763174,21.393016],[71.763153,21.392629],[71.763193,21.392145],[71.76344,21.391641],[71.763718,21.391068],[71.76333,21.390664],[71.763216,21.390408],[71.763102,21.389997],[71.763118,21.389729],[71.763117,21.389519],[71.763117,21.389263],[71.763085,21.389113],[71.763213,21.389022],[71.763421,21.388842],[71.763646,21.388751],[71.764079,21.38869],[71.764126,21.38839],[71.764158,21.388194],[71.764286,21.387924],[71.764783,21.387953],[71.765265,21.387967],[71.765666,21.388057],[71.766019,21.388101],[71.766452,21.388131],[71.766918,21.388175],[71.767284,21.388242],[71.767505,21.388522],[71.767766,21.388876],[71.76799,21.389301],[71.768351,21.389224],[71.768441,21.388629],[71.768787,21.389019],[71.769198,21.389419],[71.769749,21.389872],[71.76988,21.39002],[71.770064,21.390216],[71.770257,21.39033],[71.770554,21.390534],[71.770799,21.390738],[71.771,21.390876],[71.771188,21.391081],[71.771503,21.391366],[71.771826,21.391587],[71.77208,21.391783],[71.772342,21.39197],[71.77257,21.392199],[71.772876,21.392419],[71.773112,21.392607],[71.773322,21.392762],[71.773558,21.392901],[71.773733,21.393056],[71.773956,21.393276],[71.774157,21.393464],[71.774333,21.39366],[71.774499,21.393783],[71.77463,21.393913],[71.774787,21.39406],[71.774989,21.394207],[71.775129,21.394354],[71.77526,21.39446],[71.775441,21.394627],[71.775824,21.394912],[71.776326,21.395285],[71.776616,21.394842],[71.776799,21.394773],[71.776945,21.394224],[71.777237,21.393674],[71.777713,21.393226],[71.778299,21.392985],[71.778775,21.392675],[71.779288,21.392434],[71.779618,21.392021],[71.780278,21.392055],[71.781083,21.391641],[71.781633,21.391297],[71.782365,21.390712],[71.782884,21.389893],[71.783317,21.389431],[71.783652,21.389042],[71.784223,21.388487],[71.784676,21.387839],[71.784893,21.387617],[71.785247,21.387043],[71.785681,21.386765],[71.785976,21.386598],[71.786094,21.386321],[71.786259,21.385896],[71.786455,21.38547],[71.786692,21.385155],[71.786987,21.384822],[71.787262,21.384341],[71.787479,21.384045],[71.787814,21.383749],[71.788089,21.383471],[71.788588,21.383276],[71.788963,21.383109],[71.789397,21.382905],[71.790087,21.382627],[71.790659,21.382312],[71.790954,21.382163],[71.791565,21.381829],[71.791999,21.381681],[71.79265,21.381476],[71.793103,21.381291],[71.793597,21.381142],[71.794405,21.380919],[71.794819,21.380807],[71.795293,21.380677],[71.795628,21.380602],[71.795904,21.380362],[71.796337,21.380139],[71.796968,21.379898],[71.797294,21.379685],[71.797649,21.379555],[71.798182,21.379738],[71.798695,21.379848],[71.799307,21.379995],[71.799918,21.379588],[71.80043,21.379291],[71.800687,21.379161],[71.80124,21.379363],[71.801654,21.379473],[71.802089,21.379676],[71.802227,21.379565],[71.80265,21.379943],[71.803124,21.380312],[71.803677,21.380274],[71.804209,21.380291],[71.804979,21.380272],[71.805689,21.380307],[71.8057,21.380314],[71.806351,21.380731],[71.80634,21.380963],[71.807348,21.380354],[71.807932,21.379821],[71.808308,21.379103],[71.808439,21.378512],[71.808728,21.377844],[71.808979,21.376543],[71.808671,21.375455],[71.807447,21.373865],[71.805842,21.374275],[71.804709,21.373516],[71.80333,21.373244],[71.801542,21.373095],[71.800361,21.372832],[71.799112,21.372362],[71.797662,21.371223],[71.796789,21.370695],[71.796442,21.370654],[71.79622,21.370744],[71.795869,21.370012],[71.79518,21.369014],[71.79451,21.367993],[71.794222,21.366015],[71.793953,21.365536],[71.793519,21.364985],[71.792849,21.364425],[71.792319,21.364004],[71.791509,21.363747],[71.79014,21.363714],[71.789364,21.363484],[71.789022,21.363334],[71.788863,21.362955],[71.788813,21.362943],[71.78639,21.362376],[71.78505,21.362145],[71.783464,21.362026],[71.783031,21.361864],[71.782722,21.361805],[71.781593,21.362843],[71.780701,21.363113],[71.779642,21.361695],[71.774831,21.360414],[71.769616,21.358835],[71.766185,21.357808],[71.764127,21.357165],[71.762435,21.357037],[71.760223,21.355564],[71.759134,21.355093],[71.758334,21.354745],[71.756946,21.354406],[71.755086,21.354237],[71.754474,21.353406],[71.753746,21.353487],[71.752898,21.353116],[71.752985,21.352928],[71.752904,21.352878],[71.752607,21.352474],[71.752174,21.351918],[71.751714,21.351413],[71.751092,21.350757],[71.750659,21.3501],[71.749929,21.349317],[71.749415,21.34861],[71.748926,21.34679],[71.748844,21.345943],[71.748841,21.343921],[71.748704,21.342758],[71.747725,21.34206],[71.748736,21.341663],[71.748227,21.339649],[71.747846,21.338781],[71.747466,21.338228],[71.74679,21.337558],[71.745862,21.337282],[71.746408,21.335978],[71.746068,21.334378],[71.745222,21.333036],[71.744547,21.332563],[71.743997,21.331497],[71.743985,21.331417],[71.743874,21.330628],[71.743869,21.330589],[71.744293,21.330261],[71.744585,21.330035],[71.745259,21.330073],[71.74585,21.330309],[71.746483,21.330506],[71.747454,21.331097],[71.74796,21.331413],[71.748382,21.331728],[71.749016,21.332083],[71.749817,21.332476],[71.750619,21.332831],[71.751716,21.333027],[71.752643,21.333025],[71.753782,21.333024],[71.754372,21.333023],[71.755511,21.333416],[71.75627,21.333296],[71.757998,21.332662],[71.759261,21.331791],[71.760231,21.331433],[71.760787,21.331512],[71.761673,21.331708],[71.762095,21.331786],[71.763065,21.331785],[71.764372,21.331783],[71.765089,21.331663],[71.765637,21.331662],[71.7661,21.331582],[71.766522,21.331582],[71.766986,21.331423],[71.767407,21.331383],[71.767914,21.331619],[71.768631,21.331815],[71.769939,21.332208],[71.770192,21.332484],[71.771036,21.332997],[71.771711,21.332996],[71.772428,21.333034],[71.773229,21.332914],[71.773524,21.333032],[71.774493,21.332596],[71.775335,21.331804],[71.776809,21.330972],[71.778073,21.330378],[71.777944,21.328916],[71.777646,21.327494],[71.77756,21.326388],[71.778104,21.324116],[71.778565,21.322772],[71.778858,21.321705],[71.778899,21.321309],[71.778941,21.320914],[71.779207,21.320764],[71.779281,21.320484],[71.779227,21.319964],[71.779147,21.319468],[71.779093,21.319022],[71.778959,21.318316],[71.778879,21.317697],[71.77864,21.317499],[71.778005,21.317004],[71.777118,21.316486],[71.77635,21.316115],[71.775662,21.315844],[71.775212,21.315572],[71.774709,21.315226],[71.774153,21.314805],[71.773332,21.314484],[71.772512,21.314114],[71.772009,21.313743],[71.771505,21.313248],[71.770631,21.31263],[71.76989,21.312235],[71.769255,21.311914],[71.768741,21.311382],[71.768238,21.31106],[71.767867,21.31064],[71.767311,21.310368],[71.766543,21.309948],[71.766701,21.309402],[71.766938,21.308708],[71.767201,21.307952],[71.767332,21.307382],[71.767384,21.307084],[71.767462,21.30644],[71.767488,21.306068],[71.76754,21.305548],[71.767551,21.305332],[71.767566,21.305027],[71.767749,21.304358],[71.768012,21.303539],[71.768223,21.303192],[71.769173,21.3021],[71.769648,21.30143],[71.770308,21.300735],[71.770493,21.300388],[71.770703,21.30009],[71.771205,21.299495],[71.771785,21.29885],[71.772181,21.298081],[71.77255,21.297386],[71.773091,21.297063],[71.773778,21.296641],[71.774173,21.295971],[71.774807,21.29535],[71.775229,21.294953],[71.77581,21.294333],[71.776258,21.293787],[71.776495,21.293291],[71.776732,21.292869],[71.777049,21.292596],[71.777392,21.291951],[71.777787,21.29143],[71.778262,21.290859],[71.778615,21.290336],[71.778253,21.290181],[71.77792,21.289963],[71.777654,21.28973],[71.777272,21.289559],[71.77684,21.289389],[71.776441,21.289203],[71.776103,21.288954],[71.775521,21.288473],[71.775255,21.288224],[71.774822,21.287976],[71.774523,21.287649],[71.774173,21.287292],[71.773774,21.286763],[71.773457,21.286437],[71.773291,21.286235],[71.773058,21.286017],[71.772576,21.285567],[71.772036,21.285062],[71.77187,21.28489],[71.771321,21.284175],[71.770838,21.283538],[71.770472,21.283165],[71.770156,21.282792],[71.769839,21.282341],[71.769523,21.281937],[71.769032,21.281237],[71.768715,21.28077],[71.768432,21.280444],[71.768182,21.279993],[71.767833,21.279511],[71.767151,21.279131],[71.766669,21.278742],[71.766153,21.278401],[71.765721,21.278074],[71.765903,21.277607],[71.766035,21.277218],[71.766599,21.277061],[71.766001,21.276642],[71.765634,21.276113],[71.765145,21.275483],[71.764845,21.274986],[71.764413,21.27466],[71.764014,21.274349],[71.763564,21.273883],[71.763198,21.273338],[71.762682,21.272724],[71.762548,21.271775],[71.76248,21.270966],[71.762197,21.270515],[71.76183,21.26997],[71.760982,21.269512],[71.76097,21.269472],[71.760582,21.269547],[71.760274,21.269758],[71.759712,21.269943],[71.759151,21.270181],[71.758842,21.270286],[71.758782,21.270905],[71.758501,21.270853],[71.758135,21.270801],[71.757602,21.270696],[71.756731,21.270935],[71.755496,21.271437],[71.754121,21.271913],[71.753503,21.272177],[71.752886,21.272415],[71.752296,21.272653],[71.75182,21.273417],[71.750951,21.27405],[71.749491,21.274631],[71.748397,21.275212],[71.747695,21.275345],[71.747161,21.275372],[71.746515,21.275399],[71.745403,21.275664],[71.744533,21.276087],[71.744786,21.276481],[71.744674,21.276639],[71.744394,21.276929],[71.744114,21.277404],[71.743722,21.278036],[71.743611,21.278747],[71.743583,21.279274],[71.743471,21.279642],[71.743303,21.279906],[71.742882,21.280091],[71.742886,21.282026],[71.742352,21.281948],[71.742155,21.282158],[71.741988,21.282764],[71.741787,21.283142],[71.741736,21.283238],[71.741484,21.283555],[71.741681,21.284186],[71.741879,21.284607],[71.742104,21.284897],[71.742385,21.285291],[71.74233,21.285897],[71.741966,21.28674],[71.742163,21.286924],[71.74281,21.287212],[71.743708,21.287027],[71.743625,21.28729],[71.74326,21.287475],[71.742895,21.287528],[71.742249,21.287582],[71.741575,21.287793],[71.74121,21.287952],[71.740817,21.288058],[71.740508,21.288111],[71.740087,21.288375],[71.739638,21.28877],[71.739189,21.28906],[71.738656,21.289614],[71.738123,21.290168],[71.73776,21.290997],[71.737707,21.29115],[71.737575,21.291536],[71.737137,21.291361],[71.736702,21.291253],[71.736267,21.291063],[71.735773,21.290955],[71.735048,21.290739],[71.734555,21.290603],[71.733685,21.290523],[71.733076,21.290388],[71.732466,21.290063],[71.730463,21.288571],[71.729998,21.288136],[71.729562,21.287593],[71.72933,21.287322],[71.728662,21.286997],[71.726595,21.28526],[71.726218,21.284934],[71.72555,21.284609],[71.724854,21.28423],[71.724389,21.283959],[71.723722,21.283851],[71.723547,21.283348],[71.722706,21.283186],[71.721748,21.282562],[71.7214,21.282155],[71.720732,21.281884],[71.720094,21.281613],[71.719543,21.281397],[71.719049,21.281153],[71.718701,21.280936],[71.718208,21.280637],[71.717337,21.280285],[71.717365,21.279606],[71.716756,21.27928],[71.716436,21.279009],[71.716059,21.278846],[71.715537,21.278602],[71.715281,21.278552],[71.715135,21.278348],[71.714762,21.278022],[71.714512,21.277673],[71.714636,21.27723],[71.71476,21.276833],[71.714336,21.27646],[71.714336,21.276087],[71.71436,21.275644],[71.713862,21.275178],[71.714235,21.274945],[71.714284,21.274548],[71.714085,21.274245],[71.714184,21.273942],[71.713412,21.27371],[71.713014,21.27364],[71.71259,21.273431],[71.711719,21.273059],[71.711134,21.272873],[71.710587,21.27271],[71.70984,21.272502],[71.709392,21.272245],[71.708794,21.272013],[71.708222,21.271664],[71.707649,21.271431],[71.707076,21.271246],[71.706429,21.27092],[71.705842,21.270617],[71.705319,21.270385],[71.704672,21.270129],[71.704174,21.269873],[71.70375,21.269407],[71.703426,21.269151],[71.703078,21.269058],[71.702555,21.268756],[71.702107,21.268546],[71.701784,21.268757],[71.701112,21.269084],[71.700615,21.269411],[71.700093,21.269762],[71.699447,21.270112],[71.69875,21.269786],[71.698003,21.269298],[71.697455,21.268832],[71.697156,21.268809],[71.696534,21.2686],[71.696135,21.26804],[71.695902,21.268321],[71.695604,21.268787],[71.695156,21.269254],[71.694833,21.269604],[71.694411,21.269861],[71.693988,21.270095],[71.693541,21.270446],[71.693168,21.270684],[71.692994,21.270796],[71.692347,21.271077],[71.692023,21.271358],[71.691734,21.271043],[71.692428,21.269974],[71.692495,21.269871],[71.692373,21.269728],[71.691793,21.269329],[71.691488,21.269044],[71.69164,21.268672],[71.691852,21.268101],[71.691974,21.267672],[71.691779,21.267551],[71.691425,21.26733],[71.69115,21.267102],[71.690967,21.266845],[71.690693,21.266646],[71.690479,21.266246],[71.690295,21.265903],[71.690237,21.265722],[71.690204,21.265618],[71.689904,21.265312],[71.689868,21.265275],[71.689441,21.265247],[71.689137,21.265248],[71.688984,21.264905],[71.689349,21.264591],[71.689532,21.264447],[71.689379,21.264162],[71.688983,21.263991],[71.688708,21.263906],[71.688439,21.263581],[71.688438,21.263358],[71.688325,21.263053],[71.688197,21.262689],[71.68814,21.262397],[71.688338,21.262278],[71.688677,21.262158],[71.688889,21.262039],[71.689115,21.261919],[71.689355,21.2618],[71.689624,21.261653],[71.689822,21.261534],[71.689977,21.261375],[71.690146,21.261176],[71.690189,21.261017],[71.690231,21.260725],[71.690287,21.26034],[71.690343,21.259969],[71.690328,21.259764],[71.690201,21.259512],[71.690087,21.259221],[71.690045,21.258969],[71.6902,21.25869],[71.690298,21.258385],[71.690411,21.258226],[71.690496,21.258014],[71.690595,21.257789],[71.690764,21.257563],[71.690834,21.257338],[71.69082,21.257112],[71.690579,21.256834],[71.690338,21.256503],[71.690083,21.256185],[71.690097,21.25592],[71.690097,21.255589],[71.690082,21.255178],[71.690096,21.254847],[71.69011,21.254568],[71.690081,21.254436],[71.690039,21.254277],[71.689968,21.254038],[71.689939,21.253826],[71.689911,21.253601],[71.689755,21.253283],[71.68974,21.253111],[71.689655,21.25274],[71.689499,21.252594],[71.689372,21.252356],[71.689131,21.25225],[71.688792,21.25225],[71.688368,21.252277],[71.688254,21.252145],[71.688042,21.25188],[71.687815,21.251695],[71.687411,21.25139],[71.686944,21.251271],[71.686689,21.251152],[71.686421,21.251047],[71.686138,21.250915],[71.685869,21.250689],[71.685868,21.250491],[71.685713,21.250146],[71.685613,21.249925],[71.685599,21.249894],[71.685203,21.249802],[71.684454,21.249617],[71.683868,21.249446],[71.683783,21.249181],[71.68333,21.248982],[71.682934,21.248757],[71.682623,21.248639],[71.68234,21.248453],[71.682043,21.248308],[71.681661,21.248189],[71.68135,21.247964],[71.68101,21.247858],[71.6806,21.247713],[71.679872,21.247528],[71.679532,21.247409],[71.679419,21.247237],[71.679079,21.247145],[71.678584,21.247079],[71.678118,21.24696],[71.677609,21.246894],[71.677029,21.246762],[71.676859,21.246908],[71.676463,21.24675],[71.676046,21.246677],[71.675537,21.246651],[71.675071,21.246691],[71.674675,21.246745],[71.674321,21.246825],[71.674011,21.247103],[71.673643,21.246985],[71.673233,21.246866],[71.672794,21.246707],[71.672384,21.246588],[71.671847,21.24635],[71.671451,21.246324],[71.671083,21.246311],[71.670437,21.246034],[71.670012,21.245875],[71.669574,21.245663],[71.669149,21.245452],[71.66881,21.245346],[71.668315,21.245134],[71.667636,21.244843],[71.667268,21.244764],[71.666858,21.244672],[71.666589,21.24454],[71.666264,21.244381],[71.665698,21.24413],[71.665288,21.243891],[71.665033,21.243719],[71.664609,21.243481],[71.664269,21.243296],[71.663791,21.243051],[71.663254,21.242999],[71.662886,21.242946],[71.662391,21.242774],[71.662179,21.242668],[71.661924,21.242589],[71.661415,21.242523],[71.660906,21.242484],[71.660299,21.242683],[71.659973,21.24279],[71.659832,21.242631],[71.659528,21.242227],[71.659259,21.241922],[71.658905,21.241631],[71.658438,21.241234],[71.658042,21.24089],[71.657603,21.240506],[71.657306,21.240267],[71.656881,21.23995],[71.656372,21.239794],[71.656068,21.239434],[71.655598,21.238939],[71.655216,21.238472],[71.654776,21.238197],[71.65413,21.237648],[71.653601,21.23718],[71.652867,21.236576],[71.652455,21.236108],[71.652015,21.235696],[71.651457,21.235229],[71.651016,21.234844],[71.650576,21.234349],[71.650165,21.234102],[71.649665,21.233525],[71.649782,21.232892],[71.650662,21.233001],[71.650985,21.232836],[71.650896,21.232451],[71.650779,21.232148],[71.650602,21.231873],[71.650456,21.231653],[71.650338,21.231021],[71.650073,21.230911],[71.649967,21.230833],[71.649662,21.230609],[71.649134,21.230252],[71.648634,21.229812],[71.648605,21.229427],[71.64793,21.2294],[71.647783,21.22907],[71.647636,21.22874],[71.647811,21.228189],[71.647664,21.227832],[71.647488,21.227584],[71.647341,21.227199],[71.647194,21.226787],[71.647398,21.226126],[71.646976,21.225989],[71.646418,21.225825],[71.645567,21.225633],[71.645097,21.225413],[71.644481,21.225139],[71.644011,21.224891],[71.643542,21.224809],[71.642808,21.22459],[71.642045,21.224343],[71.641194,21.224068],[71.640489,21.223656],[71.639881,21.223409],[71.639177,21.22308],[71.638531,21.222695],[71.637651,21.222421],[71.636682,21.222174],[71.636301,21.222394],[71.636213,21.222752],[71.636126,21.223302],[71.63598,21.223908],[71.635775,21.224403],[71.635687,21.224871],[71.635499,21.225282],[71.635116,21.225043],[71.633327,21.225044],[71.632113,21.225285],[71.630708,21.225166],[71.629366,21.224867],[71.628975,21.223941],[71.628582,21.223156],[71.628477,21.222764],[71.628058,21.22247],[71.627351,21.22198],[71.626618,21.221097],[71.626146,21.220828],[71.626016,21.220926],[71.625413,21.220485],[71.625047,21.220264],[71.624881,21.219838],[71.625104,21.219317],[71.625232,21.21906],[71.625231,21.21865],[71.625213,21.218394],[71.625212,21.217882],[71.625157,21.217352],[71.625157,21.216925],[71.625211,21.216515],[71.625412,21.216669],[71.625466,21.216088],[71.625775,21.2159],[71.626231,21.215609],[71.626085,21.215353],[71.625647,21.21508],[71.625847,21.214755],[71.626084,21.214464],[71.626175,21.214148],[71.626266,21.213943],[71.62652,21.21367],[71.626775,21.213174],[71.62641,21.212952],[71.625955,21.212679],[71.62559,21.212406],[71.62529,21.212227],[71.62487,21.211886],[71.62467,21.211681],[71.62436,21.211579],[71.624268,21.21122],[71.623995,21.211067],[71.623631,21.210862],[71.623248,21.210555],[71.622883,21.210333],[71.622628,21.210128],[71.622282,21.209872],[71.62199,21.209642],[71.621771,21.209437],[71.621334,21.20913],[71.621079,21.208874],[71.620823,21.208617],[71.620513,21.208396],[71.62044,21.208259],[71.620076,21.208157],[71.619821,21.207849],[71.619292,21.207423],[71.618982,21.20715],[71.618672,21.206945],[71.618155,21.206604],[71.617863,21.206348],[71.617663,21.206109],[71.617353,21.205801],[71.617225,21.205613],[71.616678,21.205204],[71.616131,21.204931],[71.61573,21.204658],[71.615475,21.204487],[71.615202,21.204214],[71.614892,21.203992],[71.614455,21.203736],[71.614527,21.203565],[71.614691,21.203224],[71.614855,21.203001],[71.614709,21.202848],[71.614472,21.202763],[71.614363,21.202558],[71.614217,21.202302],[71.614125,21.201994],[71.614143,21.201823],[71.614089,21.20155],[71.614125,21.201174],[71.614101,21.200986],[71.613536,21.201038],[71.61319,21.200799],[71.612898,21.200594],[71.612661,21.200458],[71.612242,21.200031],[71.611932,21.199792],[71.611623,21.200014],[71.611222,21.199758],[71.610912,21.199519],[71.610511,21.199195],[71.610219,21.198905],[71.609855,21.198597],[71.609363,21.19841],[71.609026,21.198103],[71.608515,21.19771],[71.608151,21.197454],[71.607804,21.197078],[71.607349,21.196771],[71.607021,21.196532],[71.606693,21.196242],[71.606656,21.195866],[71.606874,21.195627],[71.607075,21.195354],[71.607311,21.195063],[71.607475,21.194798],[71.607893,21.194303],[71.608166,21.193901],[71.608476,21.193542],[71.608749,21.193695],[71.608986,21.193422],[71.609077,21.193149],[71.609204,21.192807],[71.60924,21.192585],[71.608985,21.192346],[71.608803,21.19226],[71.608548,21.192346],[71.608256,21.192312],[71.608001,21.192312],[71.607501,21.191684],[71.606825,21.191883],[71.606403,21.192121],[71.60598,21.192478],[71.605389,21.192518],[71.605009,21.193112],[71.604798,21.193786],[71.604037,21.193232],[71.603699,21.192836],[71.60315,21.1924],[71.602346,21.191846],[71.601205,21.191134],[71.600699,21.191649],[71.600403,21.191966],[71.600036,21.192481],[71.59936,21.192363],[71.598853,21.192165],[71.598684,21.19268],[71.59805,21.192483],[71.59767,21.192205],[71.596698,21.192404],[71.596022,21.192484],[71.595346,21.192286],[71.594585,21.191613],[71.594162,21.191217],[71.59357,21.190544],[71.592936,21.189633],[71.592472,21.190306],[71.591881,21.19106],[71.590994,21.191734],[71.59053,21.192249],[71.589938,21.19221],[71.589769,21.192448],[71.589474,21.192923],[71.588713,21.192963],[71.587952,21.192528],[71.587361,21.192211],[71.586558,21.191934],[71.586135,21.192093],[71.58529,21.191776],[71.584657,21.191658],[71.583996,21.191515],[71.584132,21.191735],[71.584414,21.191841],[71.584301,21.192238],[71.584132,21.192529],[71.583737,21.1929],[71.583455,21.193509],[71.583145,21.194144],[71.582835,21.194727],[71.582638,21.195229],[71.582412,21.195679],[71.582243,21.195918],[71.582074,21.196341],[71.581905,21.196844],[71.581623,21.196818],[71.58151,21.197162],[71.581341,21.197586],[71.581341,21.197877],[71.581595,21.197982],[71.582103,21.198115],[71.582301,21.198353],[71.582753,21.198458],[71.582612,21.199001],[71.582386,21.199451],[71.582217,21.19998],[71.581992,21.200378],[71.581794,21.200748],[71.581625,21.201278],[71.5814,21.20186],[71.581062,21.202389],[71.580723,21.203131],[71.580836,21.203263],[71.580554,21.203951],[71.580385,21.204348],[71.580132,21.205063],[71.579793,21.205619],[71.579116,21.20546],[71.578664,21.205249],[71.578212,21.205117],[71.578184,21.205461],[71.578185,21.205858],[71.578382,21.205858],[71.578269,21.206202],[71.578072,21.206625],[71.578016,21.207075],[71.578524,21.207366],[71.57906,21.207472],[71.578948,21.207737],[71.578863,21.20816],[71.578694,21.208584],[71.578186,21.208372],[71.577988,21.20861],[71.577678,21.208505],[71.577226,21.208664],[71.576719,21.208849],[71.576569,21.209167],[71.576626,21.209326],[71.576146,21.209405],[71.575779,21.209538],[71.575638,21.209697],[71.575384,21.20975],[71.575384,21.209988],[71.574622,21.210306],[71.574114,21.210359],[71.574058,21.210677],[71.573719,21.210941],[71.57324,21.210968],[71.572873,21.210809],[71.572449,21.210598],[71.572223,21.21081],[71.57193,21.210704],[71.571647,21.210334],[71.571563,21.210201],[71.571139,21.210069],[71.570998,21.210334],[71.570857,21.210202],[71.570462,21.210308],[71.569954,21.210361],[71.569389,21.210387],[71.568994,21.210388],[71.569277,21.21097],[71.569559,21.211287],[71.569164,21.211764],[71.568826,21.212187],[71.56908,21.212558],[71.569475,21.212796],[71.569673,21.213034],[71.570379,21.21351],[71.571085,21.214185],[71.571875,21.214767],[71.572497,21.215296],[71.573259,21.215904],[71.573937,21.216592],[71.57453,21.217094],[71.575377,21.217968],[71.576111,21.218629],[71.576845,21.219502],[71.577156,21.219799],[71.576667,21.219937],[71.576227,21.219685],[71.575714,21.219433],[71.575176,21.219135],[71.574565,21.219135],[71.573783,21.219113],[71.573367,21.219021],[71.572854,21.218815],[71.571803,21.218816],[71.571272,21.218931],[71.570563,21.219],[71.570392,21.219114],[71.569855,21.218977],[71.569561,21.219252],[71.569268,21.21955],[71.568804,21.219917],[71.568584,21.220261],[71.568144,21.220811],[71.567729,21.221247],[71.567363,21.221728],[71.566923,21.221774],[71.566214,21.222027],[71.565823,21.222073],[71.565554,21.222073],[71.565334,21.222188],[71.565114,21.222486],[71.565227,21.222738],[71.564591,21.223059],[71.564298,21.223219],[71.564103,21.223494],[71.564078,21.223792],[71.563907,21.224022],[71.563859,21.224274],[71.563639,21.224228],[71.563394,21.225076],[71.56315,21.225855],[71.563004,21.226406],[71.562711,21.226245],[71.562173,21.225993],[71.561855,21.22581],[71.56161,21.225696],[71.561097,21.225398],[71.56095,21.225879],[71.560731,21.226406],[71.56056,21.226979],[71.560413,21.227323],[71.560829,21.227369],[71.560829,21.227529],[71.560682,21.227896],[71.560463,21.228653],[71.560243,21.229203],[71.560072,21.229203],[71.559998,21.228996],[71.559778,21.228997],[71.559412,21.228951],[71.558849,21.228974],[71.558556,21.228997],[71.558214,21.22902],[71.557725,21.228768],[71.5577,21.228287],[71.557138,21.228287],[71.556967,21.228058],[71.556551,21.227943],[71.555965,21.22776],[71.555451,21.227623],[71.555235,21.227599],[71.55538,21.228052],[71.555408,21.228233],[71.555738,21.228181],[71.555628,21.228801],[71.555849,21.229111],[71.555711,21.229835],[71.556263,21.230325],[71.556346,21.230945],[71.55698,21.231436],[71.557779,21.231927],[71.558193,21.232237],[71.557862,21.233038],[71.557449,21.233813],[71.557146,21.234485],[71.556871,21.235234],[71.556237,21.235234],[71.556182,21.235906],[71.555907,21.236888],[71.555825,21.237715],[71.555577,21.238258],[71.55588,21.238723],[71.555715,21.23942],[71.556019,21.240325],[71.556101,21.24097],[71.556129,21.241875],[71.556185,21.242547],[71.556102,21.243244],[71.55613,21.243942],[71.55591,21.244795],[71.555745,21.245415],[71.555635,21.246035],[71.555525,21.246293],[71.55569,21.246707],[71.556241,21.246758],[71.5566,21.247171],[71.557096,21.247843],[71.5574,21.248541],[71.557675,21.248696],[71.558172,21.249445],[71.557703,21.25022],[71.558062,21.250582],[71.558531,21.251021],[71.558862,21.251331],[71.55922,21.251589],[71.55922,21.252002],[71.559634,21.252415],[71.560102,21.25288],[71.560516,21.253345],[71.560985,21.253707],[71.561288,21.254069],[71.561398,21.254404],[71.561316,21.254792],[71.561206,21.255231],[71.561151,21.255619],[71.561151,21.25611],[71.561151,21.256446],[71.561038,21.256574],[71.560342,21.256299],[71.559257,21.255609],[71.558642,21.255208],[71.558187,21.255559],[71.55808,21.255936],[71.557866,21.256438],[71.55816,21.25724],[71.557973,21.258044],[71.557733,21.258545],[71.557331,21.258997],[71.556876,21.259123],[71.5561,21.259224],[71.555404,21.259073],[71.555002,21.258847],[71.554413,21.258446],[71.554119,21.25807],[71.553851,21.25812],[71.55361,21.257618],[71.553128,21.257443],[71.552699,21.256941],[71.552271,21.25649],[71.55195,21.256088],[71.552271,21.255687],[71.552619,21.255009],[71.552779,21.254482],[71.552297,21.254357],[71.551949,21.254206],[71.551601,21.254231],[71.550905,21.253855],[71.550262,21.253504],[71.549788,21.253303],[71.549467,21.253228],[71.549146,21.253078],[71.54861,21.252802],[71.548182,21.252677],[71.548129,21.252827],[71.547941,21.252777],[71.547674,21.253505],[71.547353,21.254082],[71.546951,21.254007],[71.546255,21.253681],[71.545318,21.253305],[71.54489,21.254309],[71.544703,21.254936],[71.544382,21.255061],[71.543846,21.255212],[71.543954,21.255689],[71.543686,21.25584],[71.54299,21.25584],[71.542803,21.256166],[71.542589,21.256668],[71.542482,21.256994],[71.542134,21.257697],[71.541866,21.257973],[71.540983,21.257672],[71.540742,21.257948],[71.540341,21.257748],[71.540233,21.258049],[71.540127,21.258475],[71.539939,21.258977],[71.539645,21.259605],[71.539377,21.260332],[71.538877,21.260583],[71.538475,21.260734],[71.537967,21.26081],[71.537672,21.260659],[71.537217,21.260283],[71.536842,21.260007],[71.53628,21.259756],[71.536307,21.259505],[71.536039,21.259304],[71.535718,21.259129],[71.535396,21.258803],[71.535048,21.258502],[71.534379,21.258301],[71.534111,21.258401],[71.533817,21.258703],[71.533362,21.259004],[71.533041,21.259481],[71.532559,21.260008],[71.532184,21.260133],[71.531863,21.260259],[71.531435,21.260761],[71.530883,21.261723],[71.532497,21.262824],[71.532969,21.263922],[71.532001,21.26827],[71.533501,21.268545],[71.533617,21.268644],[71.533499,21.268874],[71.533417,21.2691],[71.533335,21.269326],[71.533219,21.269384],[71.533103,21.269443],[71.532992,21.26947],[71.532776,21.269511],[71.532711,21.269538],[71.532645,21.269565],[71.532549,21.269592],[71.532318,21.269605],[71.532159,21.269605],[71.532034,21.269592],[71.531903,21.269591],[71.531817,21.269612],[71.53173,21.269632],[71.531619,21.2697],[71.531554,21.269779],[71.531489,21.269858],[71.531388,21.269898],[71.531287,21.269939],[71.531118,21.270061],[71.531024,21.270146],[71.530879,21.27028],[71.530829,21.270327],[71.530718,21.270449],[71.530631,21.270476],[71.530544,21.270462],[71.530278,21.270888],[71.52977,21.273],[71.529028,21.274669],[71.528694,21.276332],[71.52889,21.277222],[71.530604,21.279363],[71.530604,21.279364],[71.530824,21.281613],[71.531073,21.285562],[71.531861,21.289206],[71.532098,21.28984],[71.532097,21.289933],[71.532468,21.291355],[71.53267,21.291588],[71.532293,21.291935],[71.532246,21.292283],[71.532517,21.292588],[71.532613,21.292699],[71.533263,21.293446],[71.533983,21.294261],[71.534126,21.29426],[71.534858,21.294573],[71.535495,21.295075],[71.535494,21.295245],[71.535216,21.296432],[71.535274,21.297597],[71.535496,21.297969],[71.536091,21.298436],[71.536704,21.298526],[71.536903,21.298956],[71.535438,21.299865],[71.535277,21.300238],[71.535554,21.300516],[71.535556,21.300945],[71.535771,21.301653],[71.535596,21.302464],[71.535156,21.303259],[71.53514,21.304434],[71.535577,21.30568],[71.536209,21.306554],[71.536222,21.306573],[71.536644,21.306449],[71.536907,21.306026],[71.53755,21.305196],[71.53791,21.304728],[71.53791,21.304345],[71.538246,21.303853],[71.539347,21.303942],[71.539728,21.30383],[71.540422,21.304054],[71.541737,21.3041],[71.543573,21.3043],[71.54508,21.304431],[71.545702,21.304319],[71.546395,21.304478],[71.547234,21.304972],[71.548331,21.305352],[71.550768,21.306378],[71.552969,21.306963],[71.554927,21.308105],[71.556338,21.308728],[71.556917,21.308899],[71.558713,21.310042],[71.559691,21.31089],[71.560695,21.311651],[71.561292,21.312076],[71.563565,21.312683],[71.564833,21.313017],[71.566884,21.313464],[71.567214,21.313543],[71.567843,21.313468],[71.568182,21.313399],[71.568628,21.313276],[71.569006,21.313053],[71.569235,21.312937],[71.569401,21.312725],[71.569715,21.312499],[71.569952,21.312563],[71.570238,21.312482],[71.570401,21.312777],[71.571127,21.312348],[71.571412,21.312345],[71.571608,21.312356],[71.572094,21.3126],[71.57268,21.312974],[71.572931,21.312974],[71.573973,21.313452],[71.574852,21.313769],[71.575705,21.313895],[71.575978,21.313864],[71.576377,21.31361],[71.577211,21.314118],[71.577241,21.314645],[71.577753,21.314867],[71.578127,21.314865],[71.578331,21.315134],[71.57957,21.315918],[71.580244,21.316297],[71.581093,21.316792],[71.582027,21.317333],[71.582573,21.317571],[71.583084,21.317571],[71.583423,21.317572],[71.58366,21.317489],[71.584069,21.317714],[71.584323,21.317429],[71.583933,21.316757],[71.584491,21.316567],[71.586006,21.316726],[71.586241,21.317504],[71.586667,21.318076],[71.587311,21.318159],[71.587723,21.318412],[71.588335,21.318538],[71.588573,21.319114],[71.588723,21.319302],[71.588982,21.320036],[71.589199,21.320324],[71.589417,21.320452],[71.589648,21.322165],[71.589722,21.322842],[71.590256,21.323273],[71.590763,21.32426],[71.590749,21.324407],[71.590301,21.324949],[71.5901,21.325182],[71.589925,21.325757],[71.589796,21.326322],[71.589912,21.326812],[71.590046,21.32711],[71.589418,21.32754],[71.588827,21.327931],[71.588082,21.328816],[71.587041,21.33026],[71.587265,21.331443],[71.586854,21.333264],[71.586759,21.333747],[71.586037,21.335121],[71.585576,21.336183],[71.585854,21.336595],[71.585344,21.337502],[71.584702,21.338545],[71.583314,21.339172],[71.582366,21.340299],[71.582123,21.340714],[71.581997,21.340923],[71.582762,21.341575],[71.583316,21.341919],[71.58387,21.342568],[71.584056,21.343044],[71.583873,21.343434],[71.583708,21.343794],[71.583964,21.344246],[71.583733,21.344703],[71.583572,21.345307],[71.583296,21.345545],[71.583272,21.345848],[71.583616,21.346153],[71.583667,21.346585],[71.584267,21.346908],[71.58503,21.347361],[71.585558,21.347797],[71.586206,21.348119],[71.586924,21.348509],[71.587503,21.348919],[71.588194,21.34959],[71.588287,21.349982],[71.588012,21.350349],[71.588103,21.350695],[71.588609,21.351018],[71.588938,21.351341],[71.588799,21.351822],[71.588726,21.352426],[71.588453,21.352618],[71.588245,21.353487],[71.588799,21.353983],[71.588962,21.354352],[71.588658,21.354418],[71.588659,21.354718],[71.588476,21.354873],[71.587992,21.354828],[71.587458,21.355328],[71.587392,21.355675],[71.587319,21.356127],[71.587231,21.356278],[71.587484,21.35632],[71.587506,21.35658],[71.587368,21.356669],[71.587691,21.357318],[71.587716,21.357619],[71.587555,21.357748],[71.5876,21.35812],[71.587577,21.3584],[71.587483,21.358639],[71.587437,21.358747],[71.587367,21.359222],[71.587233,21.360021],[71.586998,21.360543],[71.587206,21.360974],[71.587069,21.361127],[71.587071,21.361408],[71.586376,21.361646],[71.585889,21.361646],[71.585095,21.361602],[71.585097,21.361192],[71.584772,21.361192],[71.584726,21.3613],[71.584518,21.361086],[71.584194,21.361303],[71.584286,21.362405],[71.583222,21.362428],[71.583641,21.363032],[71.583432,21.36314],[71.581932,21.363208],[71.581907,21.363447],[71.58214,21.363423],[71.582302,21.363575],[71.582231,21.363769],[71.5823,21.364225],[71.582303,21.364644],[71.582231,21.364926],[71.582326,21.365208],[71.582323,21.365489],[71.582323,21.365793],[71.582577,21.366051],[71.582811,21.366401],[71.582812,21.366765],[71.582788,21.366985],[71.5826,21.367159],[71.582857,21.367524],[71.583183,21.367436],[71.583294,21.367613],[71.583293,21.367935],[71.583134,21.367959],[71.582787,21.368086],[71.582904,21.368259],[71.58304,21.368672],[71.583112,21.368847],[71.582949,21.36893],[71.582936,21.369224],[71.582925,21.369472],[71.582624,21.369474],[71.582995,21.36984],[71.583091,21.370339],[71.583115,21.370727],[71.583319,21.371011],[71.583551,21.371227],[71.583482,21.371679],[71.583507,21.372068],[71.583158,21.372371],[71.583392,21.372872],[71.583505,21.373261],[71.58369,21.373368],[71.583667,21.373648],[71.583763,21.373995],[71.584016,21.374341],[71.584038,21.374688],[71.584203,21.374881],[71.584272,21.37512],[71.583971,21.375435],[71.583859,21.37565],[71.582249,21.375901],[71.582565,21.376873],[71.582722,21.377808],[71.582702,21.378581],[71.582449,21.379387],[71.58239,21.380084],[71.581998,21.380136],[71.581793,21.381807],[71.581734,21.382652],[71.581542,21.38342],[71.581323,21.384689],[71.581226,21.385587],[71.58105,21.386577],[71.580876,21.387913],[71.580915,21.389851],[71.581015,21.390511],[71.580955,21.390987],[71.58086,21.391793],[71.580823,21.392141],[71.581252,21.393041],[71.581411,21.393792],[71.581468,21.393975],[71.581411,21.394636],[71.581388,21.395224],[71.581352,21.395573],[71.581134,21.396196],[71.580922,21.396821],[71.580784,21.397131],[71.581529,21.398039],[71.582408,21.399139],[71.582039,21.399911],[71.581552,21.40099],[71.581627,21.401663],[71.581824,21.403273],[71.581766,21.404888],[71.581825,21.405799],[71.581534,21.406041],[71.581523,21.40645],[71.582879,21.406098],[71.584143,21.405883],[71.584894,21.40569],[71.585791,21.405588],[71.587255,21.405628],[71.587776,21.40557],[71.588589,21.405472],[71.589318,21.405393],[71.589537,21.405581],[71.58957,21.405606],[71.589673,21.40592],[71.589845,21.406469],[71.590093,21.407133],[71.590406,21.407621],[71.59043,21.408092],[71.590512,21.408502],[71.590743,21.408971],[71.590889,21.409537],[71.590825,21.409847],[71.590825,21.410082],[71.590992,21.410709],[71.591079,21.41158],[71.591284,21.411675],[71.590786,21.411854],[71.590244,21.412087],[71.590223,21.412422],[71.58995,21.413767],[71.589805,21.41504],[71.589681,21.416213],[71.589597,21.418365],[71.589498,21.420083],[71.589517,21.421785],[71.589625,21.422722],[71.58998,21.42495],[71.590439,21.427386],[71.590734,21.428633],[71.591003,21.429967],[71.591255,21.430875],[71.591171,21.431732],[71.591319,21.432044],[71.591841,21.432571],[71.591862,21.432868],[71.591866,21.43396],[71.592008,21.435125],[71.5922,21.436201],[71.59222,21.43651],[71.592325,21.436788],[71.592367,21.437606],[71.592577,21.437941],[71.592576,21.438333],[71.592578,21.439854],[71.592517,21.440108],[71.592575,21.441204],[71.592688,21.442141],[71.592551,21.443291],[71.592547,21.443507],[71.592549,21.443627],[71.591815,21.444328],[71.59301,21.444942],[71.593434,21.445087],[71.593936,21.445087],[71.594534,21.445105],[71.595374,21.444979],[71.595875,21.444816],[71.596415,21.444545],[71.59711,21.444166],[71.597785,21.443877],[71.598384,21.443751],[71.599271,21.443588],[71.600231,21.443552],[71.600655,21.443462],[71.600868,21.443372],[71.601623,21.442875],[71.602378,21.442378],[71.603998,21.441457],[71.604423,21.441313]]]}},{"type":"Feature","properties":{"OBJECTID":2048,"state_lgd":"24","state_name":"GUJARAT","district_lgd":"481","district_name":"BHAVNAGAR","district_name_source":"district_table","subdistrict_lgd":"3860","subdistrict_name":"MAHUVA","subdistrict_type":"Taluk","name_corrupted":false,"remarks":""},"geometry":{"type":"MultiPolygon","coordinates":[[[[71.685087,20.992993],[71.685087,20.993222],[71.685585,20.993697],[71.686023,20.993888],[71.68643,20.993902],[71.686553,20.993779],[71.686512,20.993551],[71.686247,20.993327],[71.685987,20.993204],[71.685237,20.992925],[71.685087,20.992993]]],[[[71.708389,20.99695],[71.70829,20.996975],[71.708165,20.997008],[71.708074,20.997041],[71.707966,20.997066],[71.707883,20.997108],[71.707809,20.997149],[71.707717,20.997199],[71.707609,20.997232],[71.707518,20.997257],[71.707435,20.99729],[71.707377,20.997357],[71.707319,20.997431],[71.70731,20.997489],[71.707344,20.997564],[71.707418,20.997614],[71.707518,20.997664],[71.707626,20.997697],[71.707717,20.997714],[71.707817,20.997722],[71.7079,20.99773],[71.707966,20.997747],[71.708049,20.99778],[71.708124,20.99783],[71.708207,20.997879],[71.708282,20.997913],[71.708373,20.997946],[71.708464,20.997971],[71.708589,20.998004],[71.708697,20.998054],[71.708829,20.99812],[71.70897,20.998195],[71.709095,20.998261],[71.709327,20.998394],[71.709419,20.998436],[71.70951,20.998461],[71.709618,20.998469],[71.709726,20.998452],[71.709942,20.998402],[71.710141,20.998369],[71.710249,20.998344],[71.710357,20.998303],[71.710461,20.998262],[71.710585,20.998202],[71.710634,20.998152],[71.710633,20.998083],[71.710589,20.997996],[71.710539,20.997904],[71.710489,20.997838],[71.710465,20.997796],[71.710381,20.997672],[71.71029,20.997572],[71.710191,20.997489],[71.710083,20.99744],[71.709991,20.99739],[71.709867,20.99734],[71.709759,20.997315],[71.709626,20.99729],[71.709502,20.997265],[71.709377,20.997249],[71.709244,20.997224],[71.70912,20.997191],[71.709004,20.997157],[71.708888,20.997116],[71.708771,20.997058],[71.708672,20.997],[71.70858,20.996958],[71.708473,20.996942],[71.708389,20.99695]]],[[[71.701492,20.998709],[71.7016,20.998726],[71.701708,20.998734],[71.701808,20.998743],[71.701907,20.998751],[71.701998,20.998759],[71.702198,20.998776],[71.702297,20.998759],[71.702372,20.998743],[71.70243,20.998701],[71.702488,20.998651],[71.702555,20.998602],[71.702613,20.998552],[71.702687,20.998502],[71.702779,20.99846],[71.702853,20.998411],[71.70292,20.998361],[71.703003,20.998303],[71.703152,20.99817],[71.70321,20.998112],[71.703285,20.998054],[71.70336,20.997987],[71.703418,20.997921],[71.703476,20.997871],[71.703526,20.997813],[71.703584,20.997772],[71.703658,20.997738],[71.703733,20.997722],[71.703816,20.997705],[71.703838,20.997694],[71.703853,20.997676],[71.703865,20.997657],[71.703874,20.99763],[71.703867,20.997535],[71.703852,20.997459],[71.703808,20.99729],[71.703766,20.997207],[71.70365,20.997058],[71.703575,20.996983],[71.703501,20.996917],[71.703426,20.996859],[71.703351,20.996817],[71.703277,20.996784],[71.703202,20.996767],[71.703121,20.996773],[71.703053,20.996792],[71.702767,20.996997],[71.702528,20.997194],[71.702257,20.997411],[71.701928,20.997549],[71.701552,20.997629],[71.70118,20.99764],[71.700618,20.997618],[71.700172,20.997597],[71.699924,20.997587],[71.699493,20.997576],[71.699047,20.997576],[71.698715,20.997559],[71.698536,20.997521],[71.698375,20.997455],[71.698234,20.997373],[71.698104,20.997324],[71.698004,20.997304],[71.697848,20.997287],[71.697688,20.997289],[71.697486,20.997289],[71.6973,20.997293],[71.697072,20.997311],[71.696925,20.997325],[71.696807,20.997331],[71.696734,20.997331],[71.696683,20.997325],[71.696637,20.997316],[71.696606,20.99731],[71.696593,20.997308],[71.696579,20.997307],[71.696562,20.997307],[71.696529,20.997315],[71.696487,20.997332],[71.696462,20.997365],[71.696446,20.997406],[71.696462,20.997456],[71.696496,20.997514],[71.696537,20.997564],[71.696587,20.997597],[71.696653,20.997639],[71.696736,20.99768],[71.696811,20.997722],[71.696894,20.997772],[71.696969,20.997838],[71.697052,20.997888],[71.697143,20.997954],[71.697218,20.998004],[71.697301,20.998054],[71.697683,20.998245],[71.697774,20.998286],[71.697873,20.998336],[71.697965,20.998378],[71.698056,20.998411],[71.698147,20.998436],[71.698239,20.998444],[71.698421,20.998411],[71.698479,20.998386],[71.698537,20.998369],[71.698637,20.998377],[71.698737,20.998411],[71.69882,20.998461],[71.698919,20.998502],[71.698977,20.998543],[71.699077,20.998568],[71.699168,20.998585],[71.699251,20.998602],[71.69945,20.998602],[71.699542,20.998585],[71.699625,20.998568],[71.699716,20.998552],[71.699799,20.998577],[71.699865,20.998627],[71.699923,20.998676],[71.699998,20.998726],[71.70009,20.998768],[71.700189,20.998793],[71.70028,20.998809],[71.700388,20.998817],[71.700496,20.998809],[71.700596,20.998784],[71.700687,20.998776],[71.700986,20.998726],[71.701102,20.998718],[71.701193,20.99871],[71.701293,20.998701],[71.701393,20.998701],[71.701492,20.998709]]],[[[71.916335,21.107616],[71.916484,21.107196],[71.916493,21.106762],[71.916373,21.106564],[71.915896,21.106424],[71.915482,21.106505],[71.915367,21.106654],[71.915333,21.106912],[71.915213,21.107156],[71.915247,21.107372],[71.915507,21.107634],[71.915656,21.107715],[71.915796,21.107693],[71.915954,21.107616],[71.916185,21.107693],[71.916335,21.107616]]],[[[71.8626,21.406495],[71.861399,21.406586],[71.861191,21.406468],[71.860777,21.406504],[71.860044,21.40622],[71.859629,21.406202],[71.858665,21.40636],[71.857199,21.406237],[71.856731,21.406459],[71.854691,21.406458],[71.85363,21.405984],[71.853071,21.405907],[71.853245,21.405343],[71.853168,21.404277],[71.852738,21.40434],[71.852806,21.403853],[71.853033,21.403654],[71.853341,21.403577],[71.853515,21.403428],[71.853635,21.402801],[71.85394,21.399332],[71.854022,21.398569],[71.854263,21.398118],[71.85474,21.397756],[71.85569,21.397856],[71.855946,21.396957],[71.856067,21.396781],[71.856573,21.396732],[71.856935,21.396718],[71.857426,21.397079],[71.858882,21.397906],[71.859365,21.398096],[71.861602,21.398231],[71.862644,21.398295],[71.864553,21.398809],[71.865416,21.398683],[71.865961,21.398033],[71.866361,21.397631],[71.866791,21.397495],[71.868502,21.397333],[71.868637,21.397274],[71.86871,21.396389],[71.868883,21.396105],[71.869342,21.395798],[71.869501,21.395531],[71.869558,21.394885],[71.869684,21.394253],[71.869872,21.394005],[71.869814,21.393702],[71.869424,21.393273],[71.86924,21.392849],[71.868912,21.392307],[71.868922,21.392022],[71.86872,21.391629],[71.86871,21.391304],[71.868806,21.39102],[71.869356,21.390464],[71.869308,21.390085],[71.869149,21.389832],[71.868792,21.389548],[71.868835,21.388974],[71.868546,21.388057],[71.868151,21.387105],[71.868189,21.386499],[71.868377,21.38589],[71.868749,21.38537],[71.869419,21.385181],[71.870219,21.385208],[71.870528,21.384946],[71.870938,21.383555],[71.870803,21.3829],[71.871208,21.382864],[71.872847,21.383203],[71.873889,21.383289],[71.874419,21.383266],[71.874983,21.383122],[71.877022,21.383338],[71.879342,21.383813],[71.880451,21.383894],[71.881646,21.383031],[71.882972,21.381911],[71.88479,21.382227],[71.88547,21.381825],[71.885778,21.382114],[71.887297,21.380877],[71.887938,21.380177],[71.888695,21.379237],[71.889003,21.378601],[71.889432,21.377413],[71.889346,21.376546],[71.888719,21.37567],[71.885806,21.372717],[71.884534,21.371574],[71.882677,21.369384],[71.881756,21.368431],[71.880127,21.367167],[71.880995,21.366214],[71.879982,21.365365],[71.879486,21.363789],[71.878377,21.361807],[71.877772,21.361021],[71.877167,21.360235],[71.876501,21.359436],[71.876101,21.358632],[71.874592,21.357183],[71.873194,21.356148],[71.873315,21.355846],[71.870437,21.353272],[71.869131,21.3518],[71.867304,21.351249],[71.864392,21.350025],[71.865144,21.348647],[71.865014,21.348566],[71.863698,21.348661],[71.86323,21.349225],[71.862604,21.349036],[71.860845,21.347703],[71.861963,21.346918],[71.862392,21.346579],[71.864055,21.344723],[71.86447,21.344258],[71.863843,21.343707],[71.861284,21.341512],[71.861501,21.340063],[71.861539,21.338441],[71.861352,21.337416],[71.861111,21.336816],[71.860884,21.336531],[71.860296,21.336242],[71.859506,21.33603],[71.858908,21.335939],[71.858214,21.335953],[71.858272,21.333699],[71.855722,21.333713],[71.855375,21.333622],[71.854667,21.33411],[71.854479,21.333162],[71.854402,21.332827],[71.853269,21.331879],[71.852922,21.3314],[71.852802,21.330502],[71.852937,21.329025],[71.853708,21.327435],[71.854056,21.326189],[71.854094,21.325905],[71.853092,21.324965],[71.852962,21.324739],[71.854774,21.324152],[71.856446,21.323751],[71.858794,21.323015],[71.862138,21.32213],[71.862914,21.323516],[71.86437,21.323584],[71.865247,21.323837],[71.868823,21.325454],[71.86929,21.324889],[71.870741,21.325865],[71.871541,21.3261],[71.872847,21.326515],[71.873864,21.325851],[71.874423,21.326064],[71.875845,21.326195],[71.876573,21.326226],[71.876096,21.327251],[71.875551,21.327694],[71.875402,21.328069],[71.878636,21.328114],[71.879084,21.327206],[71.880332,21.327229],[71.880303,21.326226],[71.880057,21.324614],[71.880332,21.322911],[71.879807,21.321859],[71.879657,21.320112],[71.879734,21.319037],[71.880332,21.317777],[71.881426,21.317289],[71.882346,21.317172],[71.884809,21.316025],[71.884896,21.316088],[71.885016,21.315857],[71.886341,21.31546],[71.887787,21.314968],[71.8897,21.313473],[71.895454,21.311526],[71.896635,21.31116],[71.897271,21.311033],[71.898027,21.310401],[71.8994,21.307903],[71.899598,21.307276],[71.899347,21.306219],[71.899,21.305469],[71.898499,21.304724],[71.898026,21.304142],[71.898821,21.302507],[71.898797,21.30043],[71.899568,21.29931],[71.899645,21.298795],[71.899143,21.297246],[71.898743,21.296826],[71.89842,21.296406],[71.897822,21.294821],[71.897451,21.294473],[71.89588,21.293304],[71.895307,21.292509],[71.895297,21.292405],[71.895287,21.292301],[71.895181,21.291109],[71.895258,21.289316],[71.896005,21.288264],[71.896877,21.286679],[71.897195,21.285649],[71.896525,21.285017],[71.896423,21.28294],[71.899237,21.283034],[71.901179,21.282718],[71.901902,21.282686],[71.902422,21.282149],[71.902696,21.280676],[71.902869,21.279069],[71.903934,21.27752],[71.904208,21.277122],[71.905152,21.27537],[71.905552,21.273527],[71.905474,21.270682],[71.905102,21.267146],[71.90528,21.266121],[71.905728,21.264812],[71.906051,21.263859],[71.905973,21.262879],[71.905776,21.261267],[71.905327,21.260025],[71.905081,21.258625],[71.905924,21.256502],[71.90667,21.255215],[71.906771,21.254772],[71.906891,21.253318],[71.906939,21.250001],[71.906982,21.249758],[71.90677,21.248859],[71.906563,21.247956],[71.906249,21.247337],[71.905801,21.246728],[71.905213,21.24606],[71.90478,21.245418],[71.904553,21.244827],[71.90436,21.243806],[71.904331,21.243296],[71.904403,21.242817],[71.904692,21.242117],[71.904933,21.24172],[71.905222,21.241359],[71.905434,21.241467],[71.905949,21.241607],[71.90699,21.241769],[71.908011,21.242108],[71.909134,21.242428],[71.911022,21.243069],[71.911831,21.24329],[71.913079,21.24366],[71.914062,21.24403],[71.915001,21.244346],[71.91649,21.24496],[71.917978,21.245528],[71.918035,21.245552],[71.91833,21.245677],[71.918499,21.245736],[71.918898,21.245718],[71.920228,21.245297],[71.92044,21.245207],[71.921051,21.245026],[71.92122,21.244918],[71.921499,21.244827],[71.922299,21.244597],[71.922771,21.24443],[71.923527,21.244289],[71.923932,21.244176],[71.924298,21.244158],[71.92491,21.243946],[71.92647,21.243566],[71.927727,21.243259],[71.928459,21.243028],[71.92975,21.242757],[71.930588,21.24249],[71.931831,21.24197],[71.933078,21.241577],[71.933348,21.241509],[71.934947,21.241016],[71.936498,21.240727],[71.938786,21.240229],[71.939147,21.240147],[71.939193,21.240107],[71.939238,21.240066],[71.9392,21.239899],[71.938727,21.239276],[71.938188,21.238689],[71.937349,21.237737],[71.936838,21.237059],[71.93545,21.234928],[71.934457,21.233678],[71.934187,21.2331],[71.934047,21.231849],[71.933887,21.22909],[71.933688,21.225988],[71.933708,21.225649],[71.933447,21.225057],[71.933447,21.224538],[71.933259,21.223219],[71.933287,21.22298],[71.933369,21.22289],[71.933576,21.222768],[71.934438,21.222618],[71.935339,21.22237],[71.936288,21.222049],[71.936528,21.221891],[71.936697,21.221741],[71.936918,21.221389],[71.937337,21.220531],[71.937669,21.22003],[71.938097,21.21918],[71.938578,21.218358],[71.93919,21.217342],[71.940147,21.21568],[71.940696,21.214709],[71.940807,21.214442],[71.941212,21.213762],[71.941379,21.21348],[71.942149,21.21217],[71.942967,21.21086],[71.943309,21.210142],[71.943718,21.209631],[71.943886,21.209401],[71.943877,21.209342],[71.943636,21.20913],[71.942648,21.208259],[71.941709,21.207361],[71.941237,21.206941],[71.940717,21.207321],[71.940317,21.207023],[71.939117,21.20631],[71.937778,21.20547],[71.93695,21.205001],[71.936858,21.204811],[71.936757,21.204509],[71.936728,21.203881],[71.936737,21.202111],[71.936217,21.202423],[71.935889,21.202251],[71.935167,21.201732],[71.934338,21.201272],[71.93325,21.20059],[71.93245,21.200071],[71.931597,21.199493],[71.93113,21.199042],[71.930446,21.198261],[71.93008,21.197751],[71.929728,21.197213],[71.929429,21.196581],[71.92927,21.196012],[71.929097,21.195412],[71.928937,21.19482],[71.928696,21.193872],[71.928638,21.19319],[71.92858,21.191731],[71.928628,21.191483],[71.928748,21.191411],[71.928989,21.19142],[71.929187,21.191492],[71.929567,21.191492],[71.929827,21.19132],[71.930121,21.190832],[71.930289,21.190652],[71.930819,21.190362],[71.93116,21.189911],[71.93167,21.189382],[71.93208,21.18884],[71.932286,21.188623],[71.932618,21.187801],[71.932768,21.187462],[71.933148,21.187033],[71.93373,21.186383],[71.934919,21.184842],[71.935886,21.183582],[71.93708,21.182015],[71.937859,21.181093],[71.938798,21.181761],[71.940176,21.182551],[71.941028,21.183025],[71.941288,21.183165],[71.941447,21.183223],[71.941659,21.182853],[71.941976,21.182707],[71.942376,21.182523],[71.942627,21.182324],[71.942819,21.181954],[71.943108,21.181312],[71.943329,21.181023],[71.943748,21.180662],[71.944768,21.180083],[71.945548,21.179704],[71.947098,21.179125],[71.947984,21.178515],[71.948426,21.178031],[71.948816,21.177101],[71.949004,21.176803],[71.949297,21.176482],[71.949807,21.176242],[71.949985,21.176044],[71.950226,21.175583],[71.950375,21.175172],[71.950515,21.174933],[71.950736,21.174792],[71.950876,21.174833],[71.951227,21.174982],[71.951453,21.175162],[71.951675,21.175185],[71.951834,21.175112],[71.952166,21.174742],[71.952585,21.174453],[71.953047,21.174263],[71.953634,21.174213],[71.954274,21.174393],[71.954684,21.174533],[71.955074,21.174623],[71.955526,21.174591],[71.956576,21.174433],[71.956985,21.174442],[71.957736,21.174094],[71.958025,21.173944],[71.958314,21.173615],[71.958506,21.173443],[71.958655,21.173425],[71.958877,21.173583],[71.959176,21.173885],[71.959334,21.173953],[71.959734,21.173993],[71.960023,21.173993],[71.960846,21.173663],[71.962016,21.173125],[71.962136,21.172904],[71.962405,21.172402],[71.962704,21.172235],[71.962964,21.172185],[71.963166,21.172203],[71.963224,21.172325],[71.963205,21.172804],[71.963253,21.172835],[71.963706,21.172704],[71.964254,21.172663],[71.964774,21.172722],[71.965015,21.172672],[71.965174,21.172572],[71.965525,21.172274],[71.966016,21.172134],[71.966984,21.171813],[71.968115,21.171302],[71.969044,21.170845],[71.969434,21.170673],[71.970055,21.170583],[71.971263,21.170523],[71.972534,21.170414],[71.972543,21.169321],[71.972735,21.168684],[71.972773,21.168323],[71.972485,21.168283],[71.972263,21.168224],[71.972335,21.168025],[71.972522,21.167113],[71.972743,21.166155],[71.972724,21.165704],[71.972584,21.165424],[71.972405,21.165176],[71.971914,21.164815],[71.971144,21.164273],[71.970753,21.163962],[71.970344,21.163483],[71.969765,21.162454],[71.969413,21.161795],[71.968845,21.160883],[71.968729,21.160772],[71.968614,21.160662],[71.967593,21.160215],[71.966986,21.159782],[71.965565,21.159255],[71.965479,21.159173],[71.965392,21.159092],[71.965305,21.158564],[71.965256,21.157426],[71.965232,21.156654],[71.965713,21.156324],[71.966165,21.156102],[71.966651,21.156183],[71.967484,21.156463],[71.967672,21.156566],[71.968591,21.155744],[71.968971,21.155703],[71.969323,21.155843],[71.969631,21.155915],[71.970021,21.155784],[71.970286,21.155364],[71.970122,21.154835],[71.969962,21.154343],[71.969822,21.153756],[71.969822,21.153413],[71.969933,21.153214],[71.970183,21.153155],[71.971512,21.153033],[71.972503,21.152865],[71.973774,21.152706],[71.975021,21.152557],[71.976263,21.152325],[71.977504,21.152076],[71.979411,21.151786],[71.980701,21.151514],[71.982053,21.151166],[71.983242,21.150935],[71.984541,21.150654],[71.98535,21.150504],[71.987343,21.150404],[71.988421,21.150376],[71.988903,21.150475],[71.989702,21.150885],[71.990405,21.151201],[71.990752,21.151494],[71.991309,21.150134],[71.991732,21.148526],[71.992352,21.147474],[71.99277,21.147013],[71.993251,21.146647],[71.99469,21.146144],[71.995792,21.145814],[71.996182,21.145543],[71.99649,21.144946],[71.996619,21.144404],[71.996681,21.143835],[71.996608,21.142594],[71.996598,21.141907],[71.996631,21.141004],[71.99678,21.140656],[71.99766,21.139585],[71.996148,21.139625],[71.995491,21.139509],[71.994615,21.139512],[71.993738,21.139397],[71.992956,21.139253],[71.991497,21.138905],[71.989336,21.138471],[71.987771,21.138093],[71.986612,21.137891],[71.985609,21.137395],[71.984826,21.137045],[71.983792,21.136696],[71.982508,21.136201],[71.981787,21.135821],[71.980566,21.135472],[71.980096,21.135151],[71.978779,21.134421],[71.977538,21.133588],[71.976254,21.133239],[71.976003,21.132975],[71.975719,21.132507],[71.975154,21.131862],[71.974211,21.130485],[71.974084,21.129957],[71.973676,21.129313],[71.973299,21.128932],[71.972891,21.128581],[71.972326,21.128054],[71.972011,21.127351],[71.971757,21.126083],[71.971849,21.125643],[71.972035,21.12485],[71.972972,21.124583],[71.973441,21.124376],[71.973878,21.124052],[71.974253,21.123787],[71.97447,21.123317],[71.974406,21.122759],[71.974405,21.122583],[71.973903,21.122232],[71.973434,21.122116],[71.972777,21.122118],[71.972308,21.122383],[71.971998,21.123],[71.971466,21.123061],[71.970778,21.123239],[71.969996,21.123329],[71.969058,21.12342],[71.968496,21.123597],[71.967714,21.123776],[71.967151,21.123806],[71.964192,21.124108],[71.962347,21.124348],[71.960908,21.124293],[71.960188,21.124119],[71.95953,21.123886],[71.958404,21.123801],[71.957434,21.123804],[71.956339,21.123777],[71.955431,21.12375],[71.954461,21.123577],[71.953616,21.123462],[71.953335,21.123481],[71.953036,21.123295],[71.952482,21.122923],[71.951929,21.122531],[71.951774,21.122614],[71.951397,21.122139],[71.951042,21.121621],[71.950821,21.121539],[71.950775,21.120772],[71.950223,21.120794],[71.949493,21.120755],[71.948543,21.120509],[71.947932,21.120262],[71.946719,21.120845],[71.94566,21.121325],[71.944733,21.121638],[71.944247,21.121556],[71.943141,21.121248],[71.942002,21.120868],[71.941051,21.120248],[71.940298,21.119608],[71.939678,21.119133],[71.939476,21.118263],[71.939275,21.117455],[71.939562,21.117247],[71.940113,21.116789],[71.940531,21.116394],[71.940331,21.116022],[71.940064,21.115483],[71.939775,21.1148],[71.939312,21.114967],[71.938782,21.115114],[71.938695,21.115591],[71.938653,21.116171],[71.938566,21.11669],[71.938058,21.11667],[71.93713,21.116652],[71.936378,21.116571],[71.935384,21.11647],[71.934021,21.116349],[71.932872,21.116248],[71.931921,21.116168],[71.930993,21.116108],[71.930088,21.116027],[71.929556,21.115676],[71.928892,21.11516],[71.928062,21.11453],[71.927486,21.114075],[71.926911,21.113662],[71.926158,21.113166],[71.925472,21.112671],[71.924874,21.112257],[71.924101,21.112322],[71.923218,21.112448],[71.922556,21.112553],[71.921849,21.112659],[71.921341,21.112743],[71.920877,21.112806],[71.920924,21.11325],[71.920146,21.113085],[71.917495,21.112524],[71.915298,21.112103],[71.914011,21.111893],[71.91189,21.111472],[71.910299,21.111263],[71.908028,21.111197],[71.906134,21.110917],[71.904544,21.110637],[71.902878,21.110499],[71.900984,21.110148],[71.899167,21.109939],[71.898334,21.109941],[71.896743,21.109306],[71.895454,21.10867],[71.894696,21.108245],[71.894465,21.106896],[71.892645,21.105621],[71.890826,21.104773],[71.889384,21.103427],[71.888701,21.102647],[71.888094,21.102151],[71.887562,21.101513],[71.88741,21.101087],[71.888165,21.100517],[71.888017,21.100124],[71.88805,21.099844],[71.8878,21.099244],[71.887579,21.098995],[71.887208,21.098706],[71.88704,21.098503],[71.88703,21.098146],[71.886708,21.097695],[71.88626,21.097166],[71.885966,21.096895],[71.885586,21.096277],[71.884888,21.095107],[71.88445,21.094425],[71.883907,21.093617],[71.883387,21.093165],[71.882968,21.092515],[71.882699,21.092325],[71.882299,21.092063],[71.881967,21.091616],[71.881568,21.091345],[71.880981,21.090925],[71.880769,21.090803],[71.88074,21.090424],[71.880678,21.090013],[71.880317,21.089616],[71.880018,21.089286],[71.879378,21.089015],[71.878969,21.088753],[71.878541,21.088577],[71.877641,21.088537],[71.877069,21.088704],[71.876818,21.088686],[71.87665,21.088627],[71.876501,21.088487],[71.876188,21.088026],[71.875437,21.087674],[71.875072,21.087597],[71.87486,21.087344],[71.87461,21.087277],[71.87448,21.087326],[71.87448,21.087475],[71.874258,21.087516],[71.874201,21.087385],[71.873849,21.087286],[71.873638,21.087417],[71.873628,21.087724],[71.873801,21.087986],[71.873878,21.088117],[71.873739,21.088216],[71.873479,21.088275],[71.87331,21.088564],[71.87319,21.088794],[71.873089,21.088997],[71.872998,21.089088],[71.872411,21.089115],[71.872059,21.089286],[71.871771,21.089246],[71.871482,21.089137],[71.87064,21.089137],[71.87025,21.089015],[71.869648,21.088794],[71.869413,21.088636],[71.869211,21.088333],[71.86911,21.087846],[71.868821,21.087204],[71.868402,21.086586],[71.868229,21.086495],[71.867579,21.086486],[71.867041,21.086554],[71.86655,21.086938],[71.866352,21.088035],[71.866492,21.088216],[71.866381,21.088496],[71.866001,21.087918],[71.865558,21.087584],[71.865029,21.087335],[71.864129,21.087204],[71.863542,21.086906],[71.862792,21.086766],[71.86233,21.086816],[71.861772,21.086545],[71.861261,21.086314],[71.860694,21.085976],[71.860241,21.085736],[71.859972,21.085316],[71.85965,21.084824],[71.85952,21.084377],[71.859294,21.084165],[71.858591,21.083586],[71.858293,21.083126],[71.85772,21.082507],[71.857244,21.081997],[71.85672,21.081378],[71.856402,21.081405],[71.855882,21.081685],[71.855512,21.082037],[71.855262,21.082046],[71.854574,21.081947],[71.854174,21.081716],[71.853804,21.081098],[71.853313,21.080777],[71.852813,21.080628],[71.852514,21.080447],[71.852312,21.080108],[71.851841,21.079896],[71.851783,21.079548],[71.851754,21.079277],[71.851562,21.079187],[71.851263,21.079286],[71.851105,21.079517],[71.850994,21.079955],[71.851485,21.080998],[71.851831,21.081535],[71.852432,21.081838],[71.852413,21.081874],[71.852211,21.081797],[71.851653,21.081508],[71.851422,21.081296],[71.851273,21.081025],[71.851104,21.080646],[71.850864,21.080194],[71.850681,21.079928],[71.850542,21.079765],[71.850503,21.079584],[71.850494,21.079444],[71.850542,21.079286],[71.850579,21.079197],[71.850652,21.079024],[71.850663,21.078965],[71.850681,21.078866],[71.850672,21.078767],[71.850571,21.078659],[71.8506,21.078643],[71.850614,21.078636],[71.850655,21.078563],[71.850792,21.078315],[71.850864,21.078099],[71.850831,21.077855],[71.850643,21.077706],[71.850321,21.077615],[71.8502,21.077484],[71.850215,21.077204],[71.850403,21.076726],[71.850263,21.076586],[71.849792,21.076346],[71.849522,21.076437],[71.849392,21.076617],[71.84931,21.077028],[71.848872,21.076929],[71.848781,21.076685],[71.848512,21.076165],[71.848305,21.076075],[71.847785,21.076229],[71.847694,21.076314],[71.847694,21.076509],[71.847833,21.076865],[71.847785,21.077335],[71.847674,21.077606],[71.84764,21.077886],[71.847025,21.077976],[71.846722,21.077827],[71.846385,21.077877],[71.845841,21.077886],[71.845331,21.077705],[71.844811,21.077488],[71.844763,21.077249],[71.844585,21.077036],[71.844205,21.076774],[71.843844,21.076657],[71.843315,21.076779],[71.843065,21.076955],[71.842863,21.077208],[71.842285,21.076968],[71.841779,21.076029],[71.841444,21.075767],[71.841473,21.075568],[71.841444,21.075356],[71.841285,21.075288],[71.840693,21.075238],[71.840404,21.075157],[71.839866,21.075387],[71.839654,21.075446],[71.839562,21.075396],[71.839404,21.075197],[71.838836,21.075066],[71.838634,21.074958],[71.838576,21.074588],[71.838365,21.074457],[71.837864,21.074466],[71.837763,21.074506],[71.837624,21.074479],[71.837566,21.074276],[71.837383,21.073937],[71.837022,21.073698],[71.836763,21.073675],[71.836334,21.073336],[71.835916,21.073309],[71.835723,21.073237],[71.835473,21.073047],[71.835055,21.072988],[71.834906,21.072839],[71.834684,21.072749],[71.834405,21.072767],[71.834275,21.072726],[71.833987,21.072568],[71.833655,21.072568],[71.833424,21.072437],[71.833063,21.072355],[71.832813,21.072468],[71.832534,21.072378],[71.832134,21.072306],[71.831773,21.072147],[71.831336,21.072057],[71.831004,21.071876],[71.830855,21.071687],[71.830705,21.071488],[71.830455,21.071456],[71.830037,21.071036],[71.829565,21.070639],[71.828926,21.069776],[71.828493,21.069455],[71.828267,21.069356],[71.827295,21.069306],[71.826506,21.069147],[71.825746,21.069048],[71.824904,21.069097],[71.824726,21.069237],[71.824644,21.069499],[71.824538,21.070538],[71.824345,21.070709],[71.823474,21.070867],[71.822767,21.070948],[71.822204,21.070939],[71.821415,21.070799],[71.820515,21.070559],[71.819375,21.070207],[71.818966,21.070048],[71.816724,21.069275],[71.815267,21.068597],[71.813078,21.067468],[71.812552,21.067095],[71.811765,21.066537],[71.810827,21.06576],[71.810139,21.065299],[71.809067,21.064617],[71.808158,21.064106],[71.807537,21.06374],[71.806979,21.063428],[71.806397,21.062868],[71.805729,21.062059],[71.80532,21.061639],[71.804907,21.061296],[71.804339,21.060898],[71.803959,21.06069],[71.802449,21.059949],[71.801559,21.059488],[71.801179,21.05933],[71.800511,21.058846],[71.799241,21.05769],[71.798606,21.05689],[71.797938,21.055819],[71.797631,21.055219],[71.797549,21.054469],[71.797641,21.053417],[71.797877,21.052527],[71.798629,21.050739],[71.798826,21.050057],[71.798899,21.049859],[71.799289,21.048969],[71.799428,21.048888],[71.799539,21.048617],[71.799477,21.0485],[71.79963,21.048409],[71.799789,21.048549],[71.800068,21.048351],[71.800141,21.048098],[71.80029,21.047999],[71.80041,21.048039],[71.80066,21.047981],[71.8008,21.047759],[71.801108,21.04776],[71.801367,21.047719],[71.80157,21.047498],[71.801637,21.04729],[71.8017,21.047259],[71.801738,21.047489],[71.801829,21.04767],[71.802036,21.04776],[71.802238,21.048049],[71.802329,21.048248],[71.802459,21.048578],[71.80269,21.048641],[71.80281,21.048609],[71.802887,21.04846],[71.802897,21.048329],[71.802859,21.048158],[71.802738,21.04804],[71.802618,21.047869],[71.802599,21.047697],[71.802397,21.04753],[71.802267,21.04739],[71.802248,21.047259],[71.802306,21.047137],[71.802306,21.04687],[71.802229,21.04669],[71.802258,21.04659],[71.80245,21.04646],[71.802557,21.045999],[71.802436,21.045868],[71.802258,21.045778],[71.802177,21.04566],[71.80223,21.045448],[71.802186,21.045267],[71.802047,21.04519],[71.80198,21.04515],[71.801999,21.044987],[71.802028,21.044811],[71.801937,21.044639],[71.801937,21.044558],[71.802148,21.044671],[71.802408,21.044599],[71.802557,21.044441],[71.802716,21.044418],[71.802966,21.044531],[71.803327,21.044527],[71.803678,21.044749],[71.803976,21.044708],[71.804048,21.044428],[71.803808,21.044139],[71.803837,21.043882],[71.80363,21.04362],[71.803428,21.043479],[71.803236,21.043529],[71.803159,21.04347],[71.80314,21.04329],[71.803159,21.043118],[71.80327,21.042992],[71.803318,21.042811],[71.803448,21.04277],[71.803689,21.0425],[71.803669,21.042287],[71.803636,21.04217],[71.803838,21.042111],[71.803987,21.041989],[71.804146,21.041782],[71.80431,21.0417],[71.804579,21.041669],[71.804738,21.041651],[71.804896,21.04161],[71.804997,21.041529],[71.805026,21.041389],[71.804998,21.041231],[71.804988,21.04101],[71.80507,21.040459],[71.805316,21.04008],[71.805677,21.039502],[71.805706,21.039289],[71.805667,21.03905],[71.805576,21.038951],[71.80547,21.038901],[71.805619,21.03891],[71.805788,21.038928],[71.80599,21.0391],[71.805927,21.03938],[71.805907,21.039709],[71.80636,21.039832],[71.806538,21.039728],[71.806576,21.03943],[71.806557,21.038748],[71.806557,21.038599],[71.806476,21.038432],[71.806288,21.038301],[71.806057,21.038292],[71.805956,21.038219],[71.805855,21.038061],[71.805586,21.03798],[71.805038,21.037998],[71.804696,21.038002],[71.80421,21.03806],[71.803796,21.0383],[71.80357,21.038688],[71.803517,21.038841],[71.803416,21.038878],[71.803267,21.03885],[71.803156,21.038769],[71.802747,21.038778],[71.80255,21.038651],[71.802377,21.038602],[71.802339,21.038349],[71.802527,21.038001],[71.802618,21.037739],[71.80258,21.037608],[71.802368,21.037558],[71.802156,21.03768],[71.802017,21.038019],[71.801906,21.038069],[71.801747,21.037888],[71.801598,21.037852],[71.801367,21.03787],[71.801276,21.037739],[71.80117,21.037549],[71.800997,21.037499],[71.800718,21.03754],[71.800429,21.037711],[71.80029,21.037869],[71.800319,21.03809],[71.8004,21.03828],[71.800338,21.03842],[71.800261,21.038529],[71.800246,21.038741],[71.80015,21.038849],[71.80015,21.038971],[71.800337,21.039138],[71.799977,21.039138],[71.799909,21.038989],[71.799789,21.038939],[71.799698,21.038962],[71.799337,21.039111],[71.799096,21.039038],[71.799068,21.038871],[71.798918,21.03879],[71.798769,21.03879],[71.798659,21.03869],[71.798298,21.03865],[71.798288,21.038442],[71.79824,21.038261],[71.798048,21.03799],[71.797678,21.037841],[71.797409,21.037651],[71.797168,21.037619],[71.79712,21.037538],[71.796908,21.037412],[71.796721,21.037429],[71.796389,21.037488],[71.796259,21.03766],[71.796177,21.037899],[71.796018,21.037899],[71.795869,21.03807],[71.795768,21.038179],[71.795561,21.038292],[71.795489,21.038228],[71.795359,21.03807],[71.795167,21.038011],[71.794691,21.03798],[71.794541,21.038079],[71.794339,21.038002],[71.794359,21.037799],[71.794301,21.03765],[71.794118,21.03755],[71.79396,21.03755],[71.793839,21.037582],[71.79381,21.03769],[71.793767,21.037898],[71.793887,21.038178],[71.793507,21.038331],[71.793459,21.03788],[71.79345,21.037591],[71.793358,21.037378],[71.793161,21.037229],[71.792839,21.037048],[71.792618,21.03685],[71.792402,21.03661],[71.792128,21.03638],[71.79195,21.03624],[71.791728,21.036172],[71.791579,21.036221],[71.791507,21.03637],[71.791497,21.036601],[71.79169,21.036971],[71.791819,21.03726],[71.791891,21.03745],[71.791891,21.037761],[71.79178,21.03819],[71.791799,21.038498],[71.791847,21.03866],[71.792179,21.039189],[71.792338,21.039478],[71.79252,21.039681],[71.792688,21.039871],[71.792727,21.039988],[71.792717,21.040038],[71.792587,21.040119],[71.792188,21.040309],[71.791851,21.04067],[71.791649,21.040859],[71.79137,21.041022],[71.790918,21.041107],[71.790311,21.041319],[71.790287,21.041048],[71.790201,21.04099],[71.790109,21.040981],[71.789941,21.041071],[71.789888,21.041062],[71.78985,21.040899],[71.789811,21.040831],[71.789831,21.040619],[71.789749,21.04052],[71.789552,21.040511],[71.789422,21.040592],[71.789181,21.040659],[71.788941,21.040659],[71.788748,21.040709],[71.788609,21.04084],[71.788171,21.040681],[71.787642,21.040758],[71.786699,21.040848],[71.786348,21.040821],[71.78604,21.04036],[71.785588,21.039989],[71.78542,21.039809],[71.784829,21.039171],[71.784381,21.03909],[71.78415,21.03918],[71.783741,21.039708],[71.783583,21.039798],[71.783332,21.039758],[71.783082,21.039631],[71.782582,21.039369],[71.782313,21.039238],[71.781553,21.039242],[71.78073,21.039228],[71.780543,21.039192],[71.780423,21.039029],[71.780442,21.038731],[71.780442,21.038311],[71.78026,21.038022],[71.779923,21.03771],[71.779182,21.03747],[71.77849,21.037348],[71.777932,21.03751],[71.777566,21.037754],[71.777608,21.03751],[71.777569,21.037363],[71.777996,21.037146],[71.778122,21.037086],[71.778341,21.036982],[71.778971,21.036802],[71.779582,21.036351],[71.779677,21.03629],[71.78015,21.03599],[71.780502,21.035769],[71.780699,21.03571],[71.780911,21.035588],[71.781007,21.035505],[71.781103,21.035421],[71.78119,21.03525],[71.781421,21.03501],[71.781551,21.034861],[71.781671,21.034721],[71.781883,21.034392],[71.782042,21.034089],[71.782064,21.034016],[71.782119,21.033981],[71.782282,21.033959],[71.782441,21.03385],[71.782533,21.033692],[71.782841,21.03362],[71.782908,21.03344],[71.782831,21.033169],[71.782923,21.033078],[71.783029,21.033069],[71.78337,21.032952],[71.78363,21.03293],[71.783952,21.032912],[71.784419,21.03293],[71.78476,21.03307],[71.78501,21.033102],[71.785381,21.03308],[71.78577,21.03322],[71.786198,21.033292],[71.786299,21.033211],[71.786401,21.032922],[71.786319,21.032489],[71.786088,21.031978],[71.785939,21.03182],[71.785781,21.031779],[71.785641,21.031612],[71.785512,21.031251],[71.785199,21.030862],[71.78494,21.030568],[71.784622,21.030302],[71.784392,21.030031],[71.78406,21.029818],[71.7838,21.029769],[71.78342,21.029529],[71.783252,21.02947],[71.78306,21.029479],[71.78279,21.029691],[71.78279,21.02989],[71.783102,21.030369],[71.78303,21.030622],[71.782948,21.030789],[71.782159,21.030621],[71.781222,21.030372],[71.780981,21.030399],[71.780909,21.030602],[71.780841,21.030652],[71.780462,21.03034],[71.779971,21.030101],[71.779331,21.030019],[71.77836,21.030073],[71.777181,21.030113],[71.776152,21.030252],[71.775697,21.03029],[71.775709,21.030202],[71.776003,21.030211],[71.776123,21.030153],[71.776099,21.030031],[71.775589,21.02985],[71.775354,21.02985],[71.77533,21.029823],[71.77545,21.029732],[71.775599,21.02961],[71.775859,21.029502],[71.775912,21.029331],[71.775782,21.029222],[71.77558,21.029132],[71.775272,21.029132],[71.775181,21.028991],[71.774883,21.028901],[71.774772,21.028919],[71.774652,21.028883],[71.774469,21.02877],[71.774354,21.02877],[71.774142,21.028842],[71.774022,21.028982],[71.773959,21.028973],[71.773873,21.0289],[71.7737,21.028882],[71.773531,21.028923],[71.773281,21.028999],[71.773223,21.028999],[71.773122,21.028909],[71.77294,21.02885],[71.772781,21.02885],[71.772723,21.028832],[71.772569,21.02866],[71.772401,21.028579],[71.772252,21.028561],[71.772204,21.02852],[71.772069,21.028362],[71.772012,21.02833],[71.771762,21.02828],[71.771752,21.028082],[71.771642,21.027869],[71.771502,21.027811],[71.77142,21.027662],[71.771204,21.027512],[71.771031,21.027449],[71.770954,21.02735],[71.770911,21.027183],[71.770882,21.026889],[71.770733,21.026722],[71.770551,21.02664],[71.77044,21.026509],[71.770253,21.02636],[71.770041,21.026161],[71.769772,21.02599],[71.769503,21.025931],[71.769262,21.025791],[71.768882,21.025709],[71.768603,21.025673],[71.768315,21.025772],[71.768011,21.025871],[71.767684,21.025939],[71.767501,21.02611],[71.7674,21.026381],[71.76714,21.026562],[71.767083,21.026692],[71.76701,21.026729],[71.766861,21.026769],[71.766751,21.026719],[71.766621,21.026652],[71.76651,21.026661],[71.766404,21.02666],[71.766202,21.026782],[71.766154,21.026742],[71.765991,21.026579],[71.765765,21.026493],[71.765553,21.026493],[71.765322,21.026592],[71.765274,21.026551],[71.76525,21.026389],[71.765111,21.026262],[71.764923,21.02623],[71.764774,21.02623],[71.764712,21.026131],[71.764572,21.025982],[71.764394,21.02591],[71.764303,21.025842],[71.764164,21.02572],[71.764053,21.02567],[71.764015,21.02558],[71.763991,21.025489],[71.763904,21.025399],[71.763803,21.025399],[71.763765,21.02534],[71.76375,21.025182],[71.763645,21.02511],[71.763524,21.02511],[71.763452,21.025069],[71.763443,21.024951],[71.763371,21.024739],[71.763424,21.024599],[71.763491,21.024392],[71.763564,21.02427],[71.763674,21.024211],[71.763843,21.024139],[71.763953,21.02399],[71.764021,21.023683],[71.764122,21.023593],[71.764233,21.023421],[71.764271,21.0232],[71.764305,21.023191],[71.764411,21.023281],[71.764502,21.023281],[71.764704,21.02325],[71.764892,21.023141],[71.764964,21.023033],[71.764911,21.0226],[71.764873,21.02227],[71.764753,21.022261],[71.764715,21.02213],[71.764643,21.022003],[71.764513,21.021922],[71.764474,21.021823],[71.76445,21.021651],[71.764373,21.021543],[71.764292,21.021511],[71.764022,21.021479],[71.763854,21.021443],[71.763763,21.02137],[71.763672,21.02123],[71.763561,21.021163],[71.763421,21.021163],[71.76332,21.021262],[71.763263,21.021379],[71.763181,21.021343],[71.763022,21.02123],[71.762844,21.021262],[71.762671,21.021221],[71.762455,21.021221],[71.762325,21.021252],[71.762243,21.021171],[71.762142,21.02108],[71.762065,21.02108],[71.761935,21.021121],[71.761882,21.021302],[71.761704,21.02132],[71.761805,21.021229],[71.761815,21.021062],[71.761772,21.020881],[71.761584,21.020741],[71.761474,21.020723],[71.761272,21.020709],[71.761132,21.020619],[71.760974,21.02056],[71.760762,21.020533],[71.760584,21.020551],[71.760522,21.020641],[71.760353,21.020673],[71.760271,21.02074],[71.760242,21.020939],[71.760333,21.021382],[71.760463,21.021499],[71.760554,21.021563],[71.760324,21.02168],[71.759934,21.021842],[71.759482,21.021882],[71.758991,21.021842],[71.758722,21.02176],[71.758804,21.021652],[71.758804,21.02153],[71.758645,21.021372],[71.758294,21.021322],[71.758025,21.021213],[71.757553,21.021272],[71.757044,21.021343],[71.756774,21.021452],[71.756553,21.02165],[71.756163,21.021682],[71.755682,21.021762],[71.755283,21.021789],[71.754855,21.02173],[71.754422,21.021762],[71.754152,21.021811],[71.753782,21.021793],[71.753484,21.021942],[71.753354,21.022041],[71.753036,21.022099],[71.753012,21.02223],[71.752613,21.021891],[71.751585,21.02064],[71.751653,21.020409],[71.751744,21.02022],[71.751624,21.019931],[71.751643,21.019723],[71.751663,21.019551],[71.751663,21.01942],[71.751543,21.019303],[71.751374,21.019321],[71.751254,21.019393],[71.751124,21.019673],[71.751033,21.019903],[71.750965,21.01993],[71.750845,21.019903],[71.750614,21.019803],[71.750523,21.019722],[71.750234,21.019541],[71.750124,21.019492],[71.750105,21.019422],[71.749407,21.019372],[71.748979,21.01933],[71.748491,21.019474],[71.748002,21.019732],[71.747361,21.019934],[71.74672,21.019906],[71.74617,21.019678],[71.745711,21.019363],[71.745222,21.01922],[71.744642,21.019164],[71.744337,21.019193],[71.743849,21.019423],[71.743269,21.019653],[71.742673,21.019425],[71.742,21.019024],[71.741634,21.018738],[71.741389,21.018308],[71.740991,21.017707],[71.740685,21.017277],[71.740196,21.017077],[71.739554,21.016963],[71.738974,21.01705],[71.738516,21.017337],[71.737937,21.017768],[71.737693,21.018084],[71.73748,21.018658],[71.737176,21.019117],[71.73681,21.019662],[71.736567,21.020207],[71.736414,21.020609],[71.735988,21.020982],[71.735621,21.021069],[71.734788,21.021041],[71.734433,21.021216],[71.733911,21.020818],[71.733256,21.020505],[71.732707,21.020242],[71.732435,21.01987],[71.732002,21.019279],[71.731561,21.018701],[71.730739,21.018785],[71.730449,21.019295],[71.730096,21.019915],[71.729275,21.020274],[71.728658,21.020877],[71.72841,21.021215],[71.727675,21.021156],[71.726789,21.021116],[71.72547,21.021159],[71.724303,21.02114],[71.72359,21.021141],[71.722704,21.021101],[71.721883,21.021102],[71.721127,21.021124],[71.719659,21.021105],[71.717822,21.020803],[71.717238,21.020682],[71.716679,21.020752],[71.716517,21.020232],[71.715939,21.019994],[71.715454,21.019691],[71.71483,21.01941],[71.71416,21.019086],[71.713561,21.01874],[71.712845,21.018437],[71.71199,21.018004],[71.711297,21.017637],[71.710673,21.017312],[71.709818,21.016554],[71.709147,21.0161],[71.708477,21.015667],[71.707692,21.015278],[71.706975,21.014888],[71.706467,21.014499],[71.705762,21.014034],[71.705392,21.013817],[71.704653,21.013341],[71.703982,21.012952],[71.703335,21.012519],[71.702781,21.012238],[71.702249,21.01187],[71.701695,21.011545],[71.700886,21.010917],[71.7001,21.010463],[71.699211,21.010085],[71.69861,21.00989],[71.69824,21.009717],[71.697732,21.009544],[71.697247,21.009502],[71.696762,21.009415],[71.696208,21.009373],[71.6957,21.009477],[71.695243,21.009258],[71.695033,21.009006],[71.694674,21.008782],[71.694196,21.008558],[71.693598,21.008418],[71.69309,21.008251],[71.692223,21.007915],[71.691326,21.007663],[71.690728,21.007468],[71.687751,21.006363],[71.686764,21.005774],[71.685718,21.005271],[71.684552,21.004739],[71.683475,21.004123],[71.682847,21.003843],[71.682219,21.003366],[71.681801,21.003086],[71.681382,21.002525],[71.681202,21.002105],[71.681052,21.001712],[71.681231,21.001403],[71.68293,20.998455],[71.68299,20.99809],[71.683198,20.997108],[71.681912,20.996548],[71.679551,20.995934],[71.679139,20.995849],[71.679139,20.995853],[71.678593,20.995852],[71.678407,20.996552],[71.678199,20.997601],[71.678037,20.998388],[71.677596,20.999919],[71.677006,21.001747],[71.677011,21.001862],[71.676583,21.002192],[71.676079,21.003109],[71.675464,21.004238],[71.674689,21.00493],[71.673718,21.005513],[71.67329,21.005919],[71.672944,21.006213],[71.672752,21.007414],[71.672647,21.008534],[71.672109,21.010395],[71.672032,21.011307],[71.671802,21.012694],[71.671494,21.014003],[71.671148,21.015498],[71.670567,21.017065],[71.670106,21.018131],[71.669853,21.018696],[71.669601,21.01926],[71.6696,21.019261],[71.669019,21.019807],[71.66825,21.021054],[71.668058,21.021361],[71.667471,21.022201],[71.665692,21.025268],[71.664106,21.028113],[71.664188,21.02833],[71.665737,21.030032],[71.665896,21.031477],[71.665612,21.031545],[71.66492,21.031717],[71.66339,21.031315],[71.661509,21.030851],[71.658748,21.030138],[71.657286,21.029912],[71.654212,21.029479],[71.65173,21.029389],[71.649205,21.029313],[71.648089,21.029164],[71.647184,21.02883],[71.646448,21.028586],[71.645958,21.028496],[71.645222,21.028401],[71.64515,21.029336],[71.643731,21.029138],[71.642042,21.028442],[71.641845,21.029273],[71.64045,21.028772],[71.640316,21.029007],[71.639864,21.030258],[71.639522,21.031279],[71.638921,21.032656],[71.638907,21.033085],[71.63907,21.033785],[71.638094,21.035989],[71.637695,21.037204],[71.637416,21.03747],[71.637022,21.038261],[71.636353,21.04032],[71.636517,21.040613],[71.637445,21.041458],[71.638845,21.042953],[71.638898,21.043422],[71.639004,21.044845],[71.639317,21.045301],[71.639341,21.046493],[71.63877,21.051811],[71.638654,21.052892],[71.638471,21.054279],[71.637788,21.054351],[71.636821,21.057327],[71.637572,21.058786],[71.636364,21.05922],[71.635041,21.060954],[71.629039,21.061735],[71.627507,21.061934],[71.625323,21.061939],[71.621205,21.060733],[71.619295,21.059721],[71.616962,21.058818],[71.613055,21.056497],[71.613228,21.055797],[71.612478,21.055363],[71.612233,21.053394],[71.611121,21.053981],[71.610741,21.054229],[71.61026,21.054577],[71.610191,21.0547],[71.610121,21.054825],[71.609779,21.056343],[71.608797,21.057892],[71.607723,21.067624],[71.60807,21.067619],[71.608185,21.069457],[71.608705,21.069511],[71.608989,21.069999],[71.617765,21.07112],[71.617567,21.072687],[71.619756,21.072958],[71.620045,21.070311],[71.621017,21.069223],[71.62654,21.07],[71.627407,21.072542],[71.628961,21.072705],[71.628456,21.077569],[71.627878,21.077605],[71.627474,21.07858],[71.627541,21.079619],[71.629442,21.079325],[71.628316,21.082017],[71.628735,21.081976],[71.628316,21.08399],[71.628172,21.085476],[71.630703,21.085589],[71.630631,21.08572],[71.630477,21.085864],[71.630289,21.086041],[71.630203,21.086203],[71.630169,21.086379],[71.630217,21.086677],[71.630371,21.086853],[71.63053,21.086975],[71.630684,21.087097],[71.630809,21.087255],[71.630944,21.087418],[71.630963,21.08758],[71.630843,21.08782],[71.630766,21.087942],[71.630689,21.088064],[71.630669,21.088222],[71.630679,21.088402],[71.630689,21.088578],[71.630689,21.088691],[71.630669,21.088818],[71.630593,21.088944],[71.630549,21.089012],[71.630275,21.089157],[71.629986,21.089288],[71.629779,21.089364],[71.629606,21.089477],[71.629553,21.089545],[71.629418,21.089608],[71.629211,21.089694],[71.629024,21.089757],[71.628817,21.089843],[71.628697,21.090006],[71.628682,21.090051],[71.628687,21.090453],[71.628653,21.090602],[71.628278,21.091252],[71.627335,21.092178],[71.625545,21.094589],[71.627311,21.095479],[71.627566,21.095764],[71.626652,21.098717],[71.624236,21.106376],[71.623091,21.109994],[71.62323,21.112044],[71.622999,21.112044],[71.622884,21.11245],[71.622768,21.112857],[71.615833,21.112202],[71.615246,21.114704],[71.614644,21.117309],[71.612815,21.117138],[71.61255,21.120687],[71.609672,21.121396],[71.609037,21.120962],[71.606856,21.122913],[71.606129,21.125758],[71.606061,21.131344],[71.605671,21.131489],[71.603491,21.131731],[71.602215,21.131872],[71.600473,21.13264],[71.597334,21.133398],[71.595803,21.134396],[71.593892,21.135118],[71.593647,21.137015],[71.593646,21.137019],[71.592038,21.137507],[71.592091,21.138586],[71.593367,21.139264],[71.592326,21.14149],[71.59114,21.143733],[71.590256,21.145405],[71.5859,21.143701],[71.585273,21.146406],[71.581471,21.145114],[71.581706,21.148681],[71.577628,21.147601],[71.57665,21.150464],[71.575558,21.150035],[71.574469,21.152143],[71.572914,21.153981],[71.570501,21.156793],[71.567858,21.157447],[71.561269,21.159118],[71.56014,21.159405],[71.557578,21.159232],[71.55469,21.159172],[71.554762,21.159511],[71.554978,21.160003],[71.555084,21.160857],[71.555276,21.161588],[71.555416,21.161918],[71.555526,21.162243],[71.55568,21.162849],[71.555992,21.164366],[71.555771,21.164551],[71.555482,21.164745],[71.555169,21.165039],[71.554913,21.165391],[71.55473,21.165788],[71.554552,21.16633],[71.554489,21.166511],[71.554427,21.166691],[71.55419,21.167084],[71.55393,21.167355],[71.553269,21.167794],[71.552879,21.168011],[71.552018,21.168447],[71.551648,21.168641],[71.551277,21.168835],[71.551181,21.168889],[71.550969,21.169011],[71.550309,21.169518],[71.550089,21.169687],[71.549979,21.169783],[71.549807,21.169933],[71.549647,21.170071],[71.549512,21.170168],[71.549109,21.170461],[71.549001,21.170623],[71.548893,21.170785],[71.548854,21.171092],[71.548863,21.171417],[71.549027,21.171715],[71.549109,21.172004],[71.549055,21.172537],[71.548866,21.173171],[71.54854,21.173855],[71.548351,21.174098],[71.54799,21.174262],[71.547586,21.174279],[71.547357,21.174325],[71.547129,21.17437],[71.546811,21.174957],[71.546537,21.1754],[71.545871,21.175877],[71.545053,21.176112],[71.544658,21.176229],[71.544169,21.176367],[71.543647,21.176502],[71.542746,21.17686],[71.542457,21.176967],[71.542065,21.177075],[71.541566,21.176946],[71.541143,21.176805],[71.54083,21.17667],[71.540421,21.17648],[71.54044,21.17597],[71.539574,21.175174],[71.537437,21.173439],[71.53519,21.171307],[71.534564,21.172083],[71.532776,21.17411],[71.5324,21.174457],[71.529464,21.173787],[71.526181,21.172765],[71.526123,21.173469],[71.524404,21.17336],[71.523321,21.173264],[71.521443,21.173141],[71.520817,21.173096],[71.520296,21.174364],[71.51995,21.17426],[71.51736,21.173152],[71.517036,21.173018],[71.517033,21.173017],[71.517037,21.173228],[71.51684,21.173529],[71.516472,21.173886],[71.516367,21.17451],[71.516545,21.176536],[71.517151,21.176527],[71.517106,21.177285],[71.516545,21.178213],[71.516647,21.179131],[71.518639,21.180995],[71.520566,21.182427],[71.522447,21.183492],[71.524341,21.184708],[71.524985,21.185294],[71.525542,21.185827],[71.525154,21.186725],[71.523192,21.186646],[71.52259,21.18681],[71.522262,21.187843],[71.522013,21.1902],[71.522013,21.1902],[71.523058,21.19059],[71.523815,21.191066],[71.525004,21.191481],[71.525678,21.19212],[71.526098,21.193061],[71.525771,21.194148],[71.525787,21.195056],[71.525392,21.19728],[71.524847,21.199128],[71.52364,21.202744],[71.523473,21.204737],[71.523006,21.206097],[71.520039,21.212967],[71.519568,21.214083],[71.51878,21.215231],[71.517637,21.217574],[71.51782,21.21814],[71.517743,21.218701],[71.518212,21.219181],[71.519209,21.22014],[71.52023,21.220828],[71.520643,21.221363],[71.521111,21.221762],[71.526143,21.226329],[71.527286,21.227421],[71.527586,21.228065],[71.527348,21.22934],[71.527042,21.231698],[71.526703,21.233786],[71.526724,21.235057],[71.525983,21.238863],[71.525747,21.240246],[71.525254,21.241768],[71.524787,21.243154],[71.524221,21.243758],[71.523614,21.24539],[71.523814,21.246983],[71.523757,21.248688],[71.523392,21.249289],[71.523062,21.249845],[71.523076,21.250001],[71.523062,21.250139],[71.523124,21.250279],[71.523226,21.250668],[71.523221,21.250878],[71.52323,21.250949],[71.523256,21.251002],[71.523412,21.251216],[71.523682,21.251496],[71.523981,21.251803],[71.524452,21.25216],[71.524838,21.252364],[71.525377,21.252725],[71.525829,21.253123],[71.526985,21.25414],[71.527481,21.254537],[71.527948,21.255007],[71.528251,21.255527],[71.528049,21.259789],[71.530883,21.261723],[71.531435,21.260761],[71.531863,21.260259],[71.532184,21.260133],[71.532559,21.260008],[71.533041,21.259481],[71.533362,21.259004],[71.533817,21.258703],[71.534111,21.258401],[71.534379,21.258301],[71.535048,21.258502],[71.535396,21.258803],[71.535718,21.259129],[71.536039,21.259304],[71.536307,21.259505],[71.53628,21.259756],[71.536842,21.260007],[71.537217,21.260283],[71.537672,21.260659],[71.537967,21.26081],[71.538475,21.260734],[71.538877,21.260583],[71.539377,21.260332],[71.539645,21.259605],[71.539939,21.258977],[71.540127,21.258475],[71.540233,21.258049],[71.540341,21.257748],[71.540742,21.257948],[71.540983,21.257672],[71.541866,21.257973],[71.542134,21.257697],[71.542482,21.256994],[71.542589,21.256668],[71.542803,21.256166],[71.54299,21.25584],[71.543686,21.25584],[71.543954,21.255689],[71.543846,21.255212],[71.544382,21.255061],[71.544703,21.254936],[71.54489,21.254309],[71.545318,21.253305],[71.546255,21.253681],[71.546951,21.254007],[71.547353,21.254082],[71.547674,21.253505],[71.547941,21.252777],[71.548129,21.252827],[71.548182,21.252677],[71.54861,21.252802],[71.549146,21.253078],[71.549467,21.253228],[71.549788,21.253303],[71.550262,21.253504],[71.550905,21.253855],[71.551601,21.254231],[71.551949,21.254206],[71.552297,21.254357],[71.552779,21.254482],[71.552619,21.255009],[71.552271,21.255687],[71.55195,21.256088],[71.552271,21.25649],[71.552699,21.256941],[71.553128,21.257443],[71.55361,21.257618],[71.553851,21.25812],[71.554119,21.25807],[71.554413,21.258446],[71.555002,21.258847],[71.555404,21.259073],[71.5561,21.259224],[71.556876,21.259123],[71.557331,21.258997],[71.557733,21.258545],[71.557973,21.258044],[71.55816,21.25724],[71.557866,21.256438],[71.55808,21.255936],[71.558187,21.255559],[71.558642,21.255208],[71.559257,21.255609],[71.560342,21.256299],[71.561038,21.256574],[71.561151,21.256446],[71.561151,21.25611],[71.561151,21.255619],[71.561206,21.255231],[71.561316,21.254792],[71.561398,21.254404],[71.561288,21.254069],[71.560985,21.253707],[71.560516,21.253345],[71.560102,21.25288],[71.559634,21.252415],[71.55922,21.252002],[71.55922,21.251589],[71.558862,21.251331],[71.558531,21.251021],[71.558062,21.250582],[71.557703,21.25022],[71.558172,21.249445],[71.557675,21.248696],[71.5574,21.248541],[71.557096,21.247843],[71.5566,21.247171],[71.556241,21.246758],[71.55569,21.246707],[71.555525,21.246293],[71.555635,21.246035],[71.555745,21.245415],[71.55591,21.244795],[71.55613,21.243942],[71.556102,21.243244],[71.556185,21.242547],[71.556129,21.241875],[71.556101,21.24097],[71.556019,21.240325],[71.555715,21.23942],[71.55588,21.238723],[71.555577,21.238258],[71.555825,21.237715],[71.555907,21.236888],[71.556182,21.235906],[71.556237,21.235234],[71.556871,21.235234],[71.557146,21.234485],[71.557449,21.233813],[71.557862,21.233038],[71.558193,21.232237],[71.557779,21.231927],[71.55698,21.231436],[71.556346,21.230945],[71.556263,21.230325],[71.555711,21.229835],[71.555849,21.229111],[71.555628,21.228801],[71.555738,21.228181],[71.555408,21.228233],[71.55538,21.228052],[71.555235,21.227599],[71.555451,21.227623],[71.555965,21.22776],[71.556551,21.227943],[71.556967,21.228058],[71.557138,21.228287],[71.5577,21.228287],[71.557725,21.228768],[71.558214,21.22902],[71.558556,21.228997],[71.558849,21.228974],[71.559412,21.228951],[71.559778,21.228997],[71.559998,21.228996],[71.560072,21.229203],[71.560243,21.229203],[71.560463,21.228653],[71.560682,21.227896],[71.560829,21.227529],[71.560829,21.227369],[71.560413,21.227323],[71.56056,21.226979],[71.560731,21.226406],[71.56095,21.225879],[71.561097,21.225398],[71.56161,21.225696],[71.561855,21.22581],[71.562173,21.225993],[71.562711,21.226245],[71.563004,21.226406],[71.56315,21.225855],[71.563394,21.225076],[71.563639,21.224228],[71.563859,21.224274],[71.563907,21.224022],[71.564078,21.223792],[71.564103,21.223494],[71.564298,21.223219],[71.564591,21.223059],[71.565227,21.222738],[71.565114,21.222486],[71.565334,21.222188],[71.565554,21.222073],[71.565823,21.222073],[71.566214,21.222027],[71.566923,21.221774],[71.567363,21.221728],[71.567729,21.221247],[71.568144,21.220811],[71.568584,21.220261],[71.568804,21.219917],[71.569268,21.21955],[71.569561,21.219252],[71.569855,21.218977],[71.570392,21.219114],[71.570563,21.219],[71.571272,21.218931],[71.571803,21.218816],[71.572854,21.218815],[71.573367,21.219021],[71.573783,21.219113],[71.574565,21.219135],[71.575176,21.219135],[71.575714,21.219433],[71.576227,21.219685],[71.576667,21.219937],[71.577156,21.219799],[71.576845,21.219502],[71.576111,21.218629],[71.575377,21.217968],[71.57453,21.217094],[71.573937,21.216592],[71.573259,21.215904],[71.572497,21.215296],[71.571875,21.214767],[71.571085,21.214185],[71.570379,21.21351],[71.569673,21.213034],[71.569475,21.212796],[71.56908,21.212558],[71.568826,21.212187],[71.569164,21.211764],[71.569559,21.211287],[71.569277,21.21097],[71.568994,21.210388],[71.569389,21.210387],[71.569954,21.210361],[71.570462,21.210308],[71.570857,21.210202],[71.570998,21.210334],[71.571139,21.210069],[71.571563,21.210201],[71.571647,21.210334],[71.57193,21.210704],[71.572223,21.21081],[71.572449,21.210598],[71.572873,21.210809],[71.57324,21.210968],[71.573719,21.210941],[71.574058,21.210677],[71.574114,21.210359],[71.574622,21.210306],[71.575384,21.209988],[71.575384,21.20975],[71.575638,21.209697],[71.575779,21.209538],[71.576146,21.209405],[71.576626,21.209326],[71.576569,21.209167],[71.576719,21.208849],[71.577226,21.208664],[71.577678,21.208505],[71.577988,21.20861],[71.578186,21.208372],[71.578694,21.208584],[71.578863,21.20816],[71.578948,21.207737],[71.57906,21.207472],[71.578524,21.207366],[71.578016,21.207075],[71.578072,21.206625],[71.578269,21.206202],[71.578382,21.205858],[71.578185,21.205858],[71.578184,21.205461],[71.578212,21.205117],[71.578664,21.205249],[71.579116,21.20546],[71.579793,21.205619],[71.580132,21.205063],[71.580385,21.204348],[71.580554,21.203951],[71.580836,21.203263],[71.580723,21.203131],[71.581062,21.202389],[71.5814,21.20186],[71.581625,21.201278],[71.581794,21.200748],[71.581992,21.200378],[71.582217,21.19998],[71.582386,21.199451],[71.582612,21.199001],[71.582753,21.198458],[71.582301,21.198353],[71.582103,21.198115],[71.581595,21.197982],[71.581341,21.197877],[71.581341,21.197586],[71.58151,21.197162],[71.581623,21.196818],[71.581905,21.196844],[71.582074,21.196341],[71.582243,21.195918],[71.582412,21.195679],[71.582638,21.195229],[71.582835,21.194727],[71.583145,21.194144],[71.583455,21.193509],[71.583737,21.1929],[71.584132,21.192529],[71.584301,21.192238],[71.584414,21.191841],[71.584132,21.191735],[71.583996,21.191515],[71.584657,21.191658],[71.58529,21.191776],[71.586135,21.192093],[71.586558,21.191934],[71.587361,21.192211],[71.587952,21.192528],[71.588713,21.192963],[71.589474,21.192923],[71.589769,21.192448],[71.589938,21.19221],[71.59053,21.192249],[71.590994,21.191734],[71.591881,21.19106],[71.592472,21.190306],[71.592936,21.189633],[71.59357,21.190544],[71.594162,21.191217],[71.594585,21.191613],[71.595346,21.192286],[71.596022,21.192484],[71.596698,21.192404],[71.59767,21.192205],[71.59805,21.192483],[71.598684,21.19268],[71.598853,21.192165],[71.59936,21.192363],[71.600036,21.192481],[71.600403,21.191966],[71.600699,21.191649],[71.601205,21.191134],[71.602346,21.191846],[71.60315,21.1924],[71.603699,21.192836],[71.604037,21.193232],[71.604798,21.193786],[71.605009,21.193112],[71.605389,21.192518],[71.60598,21.192478],[71.606403,21.192121],[71.606825,21.191883],[71.607501,21.191684],[71.608001,21.192312],[71.608256,21.192312],[71.608548,21.192346],[71.608803,21.19226],[71.608985,21.192346],[71.60924,21.192585],[71.609204,21.192807],[71.609077,21.193149],[71.608986,21.193422],[71.608749,21.193695],[71.608476,21.193542],[71.608166,21.193901],[71.607893,21.194303],[71.607475,21.194798],[71.607311,21.195063],[71.607075,21.195354],[71.606874,21.195627],[71.606656,21.195866],[71.606693,21.196242],[71.607021,21.196532],[71.607349,21.196771],[71.607804,21.197078],[71.608151,21.197454],[71.608515,21.19771],[71.609026,21.198103],[71.609363,21.19841],[71.609855,21.198597],[71.610219,21.198905],[71.610511,21.199195],[71.610912,21.199519],[71.611222,21.199758],[71.611623,21.200014],[71.611932,21.199792],[71.612242,21.200031],[71.612661,21.200458],[71.612898,21.200594],[71.61319,21.200799],[71.613536,21.201038],[71.614101,21.200986],[71.614125,21.201174],[71.614089,21.20155],[71.614143,21.201823],[71.614125,21.201994],[71.614217,21.202302],[71.614363,21.202558],[71.614472,21.202763],[71.614709,21.202848],[71.614855,21.203001],[71.614691,21.203224],[71.614527,21.203565],[71.614455,21.203736],[71.614892,21.203992],[71.615202,21.204214],[71.615475,21.204487],[71.61573,21.204658],[71.616131,21.204931],[71.616678,21.205204],[71.617225,21.205613],[71.617353,21.205801],[71.617663,21.206109],[71.617863,21.206348],[71.618155,21.206604],[71.618672,21.206945],[71.618982,21.20715],[71.619292,21.207423],[71.619821,21.207849],[71.620076,21.208157],[71.62044,21.208259],[71.620513,21.208396],[71.620823,21.208617],[71.621079,21.208874],[71.621334,21.20913],[71.621771,21.209437],[71.62199,21.209642],[71.622282,21.209872],[71.622628,21.210128],[71.622883,21.210333],[71.623248,21.210555],[71.623631,21.210862],[71.623995,21.211067],[71.624268,21.21122],[71.62436,21.211579],[71.62467,21.211681],[71.62487,21.211886],[71.62529,21.212227],[71.62559,21.212406],[71.625955,21.212679],[71.62641,21.212952],[71.626775,21.213174],[71.62652,21.21367],[71.626266,21.213943],[71.626175,21.214148],[71.626084,21.214464],[71.625847,21.214755],[71.625647,21.21508],[71.626085,21.215353],[71.626231,21.215609],[71.625775,21.2159],[71.625466,21.216088],[71.625412,21.216669],[71.625211,21.216515],[71.625157,21.216925],[71.625157,21.217352],[71.625212,21.217882],[71.625213,21.218394],[71.625231,21.21865],[71.625232,21.21906],[71.625104,21.219317],[71.624881,21.219838],[71.625047,21.220264],[71.625413,21.220485],[71.626016,21.220926],[71.626146,21.220828],[71.626618,21.221097],[71.627351,21.22198],[71.628058,21.22247],[71.628477,21.222764],[71.628582,21.223156],[71.628975,21.223941],[71.629366,21.224867],[71.630708,21.225166],[71.632113,21.225285],[71.633327,21.225044],[71.635116,21.225043],[71.635499,21.225282],[71.635687,21.224871],[71.635775,21.224403],[71.63598,21.223908],[71.636126,21.223302],[71.636213,21.222752],[71.636301,21.222394],[71.636682,21.222174],[71.637651,21.222421],[71.638531,21.222695],[71.639177,21.22308],[71.639881,21.223409],[71.640489,21.223656],[71.641194,21.224068],[71.642045,21.224343],[71.642808,21.22459],[71.643542,21.224809],[71.644011,21.224891],[71.644481,21.225139],[71.645097,21.225413],[71.645567,21.225633],[71.646418,21.225825],[71.646976,21.225989],[71.647398,21.226126],[71.647194,21.226787],[71.647341,21.227199],[71.647488,21.227584],[71.647664,21.227832],[71.647811,21.228189],[71.647636,21.22874],[71.647783,21.22907],[71.64793,21.2294],[71.648605,21.229427],[71.648634,21.229812],[71.649134,21.230252],[71.649662,21.230609],[71.649967,21.230833],[71.650073,21.230911],[71.650338,21.231021],[71.650456,21.231653],[71.650602,21.231873],[71.650779,21.232148],[71.650896,21.232451],[71.650985,21.232836],[71.650662,21.233001],[71.649782,21.232892],[71.649665,21.233525],[71.650165,21.234102],[71.650576,21.234349],[71.651016,21.234844],[71.651457,21.235229],[71.652015,21.235696],[71.652455,21.236108],[71.652867,21.236576],[71.653601,21.23718],[71.65413,21.237648],[71.654776,21.238197],[71.655216,21.238472],[71.655598,21.238939],[71.656068,21.239434],[71.656372,21.239794],[71.656881,21.23995],[71.657306,21.240267],[71.657603,21.240506],[71.658042,21.24089],[71.658438,21.241234],[71.658905,21.241631],[71.659259,21.241922],[71.659528,21.242227],[71.659832,21.242631],[71.659973,21.24279],[71.660299,21.242683],[71.660906,21.242484],[71.661415,21.242523],[71.661924,21.242589],[71.662179,21.242668],[71.662391,21.242774],[71.662886,21.242946],[71.663254,21.242999],[71.663791,21.243051],[71.664269,21.243296],[71.664609,21.243481],[71.665033,21.243719],[71.665288,21.243891],[71.665698,21.24413],[71.666264,21.244381],[71.666589,21.24454],[71.666858,21.244672],[71.667268,21.244764],[71.667636,21.244843],[71.668315,21.245134],[71.66881,21.245346],[71.669149,21.245452],[71.669574,21.245663],[71.670012,21.245875],[71.670437,21.246034],[71.671083,21.246311],[71.671451,21.246324],[71.671847,21.24635],[71.672384,21.246588],[71.672794,21.246707],[71.673233,21.246866],[71.673643,21.246985],[71.674011,21.247103],[71.674321,21.246825],[71.674675,21.246745],[71.675071,21.246691],[71.675537,21.246651],[71.676046,21.246677],[71.676463,21.24675],[71.676859,21.246908],[71.677029,21.246762],[71.677609,21.246894],[71.678118,21.24696],[71.678584,21.247079],[71.679079,21.247145],[71.679419,21.247237],[71.679532,21.247409],[71.679872,21.247528],[71.6806,21.247713],[71.68101,21.247858],[71.68135,21.247964],[71.681661,21.248189],[71.682043,21.248308],[71.68234,21.248453],[71.682623,21.248639],[71.682934,21.248757],[71.68333,21.248982],[71.683783,21.249181],[71.683868,21.249446],[71.684454,21.249617],[71.685203,21.249802],[71.685599,21.249894],[71.685613,21.249925],[71.685713,21.250146],[71.685868,21.250491],[71.685869,21.250689],[71.686138,21.250915],[71.686421,21.251047],[71.686689,21.251152],[71.686944,21.251271],[71.687411,21.25139],[71.687815,21.251695],[71.688042,21.25188],[71.688254,21.252145],[71.688368,21.252277],[71.688792,21.25225],[71.689131,21.25225],[71.689372,21.252356],[71.689499,21.252594],[71.689655,21.25274],[71.68974,21.253111],[71.689755,21.253283],[71.689911,21.253601],[71.689939,21.253826],[71.689968,21.254038],[71.690039,21.254277],[71.690081,21.254436],[71.69011,21.254568],[71.690096,21.254847],[71.690082,21.255178],[71.690097,21.255589],[71.690097,21.25592],[71.690083,21.256185],[71.690338,21.256503],[71.690579,21.256834],[71.69082,21.257112],[71.690834,21.257338],[71.690764,21.257563],[71.690595,21.257789],[71.690496,21.258014],[71.690411,21.258226],[71.690298,21.258385],[71.6902,21.25869],[71.690045,21.258969],[71.690087,21.259221],[71.690201,21.259512],[71.690328,21.259764],[71.690343,21.259969],[71.690287,21.26034],[71.690231,21.260725],[71.690189,21.261017],[71.690146,21.261176],[71.689977,21.261375],[71.689822,21.261534],[71.689624,21.261653],[71.689355,21.2618],[71.689115,21.261919],[71.688889,21.262039],[71.688677,21.262158],[71.688338,21.262278],[71.68814,21.262397],[71.688197,21.262689],[71.688325,21.263053],[71.688438,21.263358],[71.688439,21.263581],[71.688708,21.263906],[71.688983,21.263991],[71.689379,21.264162],[71.689532,21.264447],[71.689349,21.264591],[71.688984,21.264905],[71.689137,21.265248],[71.689441,21.265247],[71.689868,21.265275],[71.689904,21.265312],[71.690204,21.265618],[71.690237,21.265722],[71.690295,21.265903],[71.690479,21.266246],[71.690693,21.266646],[71.690967,21.266845],[71.69115,21.267102],[71.691425,21.26733],[71.691779,21.267551],[71.691974,21.267672],[71.691852,21.268101],[71.69164,21.268672],[71.691488,21.269044],[71.691793,21.269329],[71.692373,21.269728],[71.692495,21.269871],[71.692428,21.269974],[71.691734,21.271043],[71.692023,21.271358],[71.692347,21.271077],[71.692994,21.270796],[71.693168,21.270684],[71.693541,21.270446],[71.693988,21.270095],[71.694411,21.269861],[71.694833,21.269604],[71.695156,21.269254],[71.695604,21.268787],[71.695902,21.268321],[71.696135,21.26804],[71.696534,21.2686],[71.697156,21.268809],[71.697455,21.268832],[71.698003,21.269298],[71.69875,21.269786],[71.699447,21.270112],[71.700093,21.269762],[71.700615,21.269411],[71.701112,21.269084],[71.701784,21.268757],[71.702107,21.268546],[71.702555,21.268756],[71.703078,21.269058],[71.703426,21.269151],[71.70375,21.269407],[71.704174,21.269873],[71.704672,21.270129],[71.705319,21.270385],[71.705842,21.270617],[71.706429,21.27092],[71.707076,21.271246],[71.707649,21.271431],[71.708222,21.271664],[71.708794,21.272013],[71.709392,21.272245],[71.70984,21.272502],[71.710587,21.27271],[71.711134,21.272873],[71.711719,21.273059],[71.71259,21.273431],[71.713014,21.27364],[71.713412,21.27371],[71.714184,21.273942],[71.714085,21.274245],[71.714284,21.274548],[71.714235,21.274945],[71.713862,21.275178],[71.71436,21.275644],[71.714336,21.276087],[71.714336,21.27646],[71.71476,21.276833],[71.714636,21.27723],[71.714512,21.277673],[71.714762,21.278022],[71.715135,21.278348],[71.715281,21.278552],[71.715537,21.278602],[71.716059,21.278846],[71.716436,21.279009],[71.716756,21.27928],[71.717365,21.279606],[71.717337,21.280285],[71.718208,21.280637],[71.718701,21.280936],[71.719049,21.281153],[71.719543,21.281397],[71.720094,21.281613],[71.720732,21.281884],[71.7214,21.282155],[71.721748,21.282562],[71.722706,21.283186],[71.723547,21.283348],[71.723722,21.283851],[71.724389,21.283959],[71.724854,21.28423],[71.72555,21.284609],[71.726218,21.284934],[71.726595,21.28526],[71.728662,21.286997],[71.72933,21.287322],[71.729562,21.287593],[71.729998,21.288136],[71.730463,21.288571],[71.732466,21.290063],[71.733076,21.290388],[71.733685,21.290523],[71.734555,21.290603],[71.735048,21.290739],[71.735773,21.290955],[71.736267,21.291063],[71.736702,21.291253],[71.737137,21.291361],[71.737575,21.291536],[71.737707,21.29115],[71.73776,21.290997],[71.738123,21.290168],[71.738656,21.289614],[71.739189,21.28906],[71.739638,21.28877],[71.740087,21.288375],[71.740508,21.288111],[71.740817,21.288058],[71.74121,21.287952],[71.741575,21.287793],[71.742249,21.287582],[71.742895,21.287528],[71.74326,21.287475],[71.743625,21.28729],[71.743708,21.287027],[71.74281,21.287212],[71.742163,21.286924],[71.741966,21.28674],[71.74233,21.285897],[71.742385,21.285291],[71.742104,21.284897],[71.741879,21.284607],[71.741681,21.284186],[71.741484,21.283555],[71.741736,21.283238],[71.741787,21.283142],[71.741988,21.282764],[71.742155,21.282158],[71.742352,21.281948],[71.742886,21.282026],[71.742882,21.280091],[71.743303,21.279906],[71.743471,21.279642],[71.743583,21.279274],[71.743611,21.278747],[71.743722,21.278036],[71.744114,21.277404],[71.744394,21.276929],[71.744674,21.276639],[71.744786,21.276481],[71.744533,21.276087],[71.745403,21.275664],[71.746515,21.275399],[71.747161,21.275372],[71.747695,21.275345],[71.748397,21.275212],[71.749491,21.274631],[71.750951,21.27405],[71.75182,21.273417],[71.752296,21.272653],[71.752886,21.272415],[71.753503,21.272177],[71.754121,21.271913],[71.755496,21.271437],[71.756731,21.270935],[71.757602,21.270696],[71.758135,21.270801],[71.758501,21.270853],[71.758782,21.270905],[71.758842,21.270286],[71.759151,21.270181],[71.759712,21.269943],[71.760274,21.269758],[71.760582,21.269547],[71.76097,21.269472],[71.760982,21.269512],[71.76183,21.26997],[71.762197,21.270515],[71.76248,21.270966],[71.762548,21.271775],[71.762682,21.272724],[71.763198,21.273338],[71.763564,21.273883],[71.764014,21.274349],[71.764413,21.27466],[71.764845,21.274986],[71.765145,21.275483],[71.765634,21.276113],[71.766001,21.276642],[71.766599,21.277061],[71.766035,21.277218],[71.765903,21.277607],[71.765721,21.278074],[71.766153,21.278401],[71.766669,21.278742],[71.767151,21.279131],[71.767833,21.279511],[71.768182,21.279993],[71.768432,21.280444],[71.768715,21.28077],[71.769032,21.281237],[71.769523,21.281937],[71.769839,21.282341],[71.770156,21.282792],[71.770472,21.283165],[71.770838,21.283538],[71.771321,21.284175],[71.77187,21.28489],[71.772036,21.285062],[71.772576,21.285567],[71.773058,21.286017],[71.773291,21.286235],[71.773457,21.286437],[71.773774,21.286763],[71.774173,21.287292],[71.774523,21.287649],[71.774822,21.287976],[71.775255,21.288224],[71.775521,21.288473],[71.776103,21.288954],[71.776441,21.289203],[71.77684,21.289389],[71.777272,21.289559],[71.777654,21.28973],[71.77792,21.289963],[71.778253,21.290181],[71.778615,21.290336],[71.778262,21.290859],[71.777787,21.29143],[71.777392,21.291951],[71.777049,21.292596],[71.776732,21.292869],[71.776495,21.293291],[71.776258,21.293787],[71.77581,21.294333],[71.775229,21.294953],[71.774807,21.29535],[71.774173,21.295971],[71.773778,21.296641],[71.773091,21.297063],[71.77255,21.297386],[71.772181,21.298081],[71.771785,21.29885],[71.771205,21.299495],[71.770703,21.30009],[71.770493,21.300388],[71.770308,21.300735],[71.769648,21.30143],[71.769173,21.3021],[71.768223,21.303192],[71.768012,21.303539],[71.767749,21.304358],[71.767566,21.305027],[71.767551,21.305332],[71.76754,21.305548],[71.767488,21.306068],[71.767462,21.30644],[71.767384,21.307084],[71.767332,21.307382],[71.767201,21.307952],[71.766938,21.308708],[71.766701,21.309402],[71.766543,21.309948],[71.767311,21.310368],[71.767867,21.31064],[71.768238,21.31106],[71.768741,21.311382],[71.769255,21.311914],[71.76989,21.312235],[71.770631,21.31263],[71.771505,21.313248],[71.772009,21.313743],[71.772512,21.314114],[71.773332,21.314484],[71.774153,21.314805],[71.774709,21.315226],[71.775212,21.315572],[71.775662,21.315844],[71.77635,21.316115],[71.777118,21.316486],[71.778005,21.317004],[71.77864,21.317499],[71.778879,21.317697],[71.778959,21.318316],[71.779093,21.319022],[71.779147,21.319468],[71.779227,21.319964],[71.779281,21.320484],[71.779207,21.320764],[71.778941,21.320914],[71.778899,21.321309],[71.778858,21.321705],[71.778565,21.322772],[71.778104,21.324116],[71.77756,21.326388],[71.777646,21.327494],[71.777944,21.328916],[71.778073,21.330378],[71.776809,21.330972],[71.775335,21.331804],[71.774493,21.332596],[71.773524,21.333032],[71.773229,21.332914],[71.772428,21.333034],[71.771711,21.332996],[71.771036,21.332997],[71.770192,21.332484],[71.769939,21.332208],[71.768631,21.331815],[71.767914,21.331619],[71.767407,21.331383],[71.766986,21.331423],[71.766522,21.331582],[71.7661,21.331582],[71.765637,21.331662],[71.765089,21.331663],[71.764372,21.331783],[71.763065,21.331785],[71.762095,21.331786],[71.761673,21.331708],[71.760787,21.331512],[71.760231,21.331433],[71.759261,21.331791],[71.757998,21.332662],[71.75627,21.333296],[71.755511,21.333416],[71.754372,21.333023],[71.753782,21.333024],[71.752643,21.333025],[71.751716,21.333027],[71.750619,21.332831],[71.749817,21.332476],[71.749016,21.332083],[71.748382,21.331728],[71.74796,21.331413],[71.747454,21.331097],[71.746483,21.330506],[71.74585,21.330309],[71.745259,21.330073],[71.744585,21.330035],[71.744293,21.330261],[71.743869,21.330589],[71.743874,21.330628],[71.743985,21.331417],[71.743997,21.331497],[71.744547,21.332563],[71.745222,21.333036],[71.746068,21.334378],[71.746408,21.335978],[71.745862,21.337282],[71.74679,21.337558],[71.747466,21.338228],[71.747846,21.338781],[71.748227,21.339649],[71.748736,21.341663],[71.747725,21.34206],[71.748704,21.342758],[71.748841,21.343921],[71.748844,21.345943],[71.748926,21.34679],[71.749415,21.34861],[71.749929,21.349317],[71.750659,21.3501],[71.751092,21.350757],[71.751714,21.351413],[71.752174,21.351918],[71.752607,21.352474],[71.752904,21.352878],[71.752985,21.352928],[71.752898,21.353116],[71.753746,21.353487],[71.754474,21.353406],[71.755086,21.354237],[71.756946,21.354406],[71.758334,21.354745],[71.759134,21.355093],[71.760223,21.355564],[71.762435,21.357037],[71.764127,21.357165],[71.766185,21.357808],[71.769616,21.358835],[71.774831,21.360414],[71.779642,21.361695],[71.780701,21.363113],[71.781593,21.362843],[71.782722,21.361805],[71.783031,21.361864],[71.783464,21.362026],[71.78505,21.362145],[71.78639,21.362376],[71.788813,21.362943],[71.788863,21.362955],[71.789022,21.363334],[71.789364,21.363484],[71.79014,21.363714],[71.791509,21.363747],[71.792319,21.364004],[71.792849,21.364425],[71.793519,21.364985],[71.793953,21.365536],[71.794222,21.366015],[71.79451,21.367993],[71.79518,21.369014],[71.795869,21.370012],[71.79622,21.370744],[71.796442,21.370654],[71.796789,21.370695],[71.797662,21.371223],[71.799112,21.372362],[71.800361,21.372832],[71.801542,21.373095],[71.80333,21.373244],[71.804709,21.373516],[71.805842,21.374275],[71.807447,21.373865],[71.808671,21.375455],[71.808979,21.376543],[71.808728,21.377844],[71.808439,21.378512],[71.808308,21.379103],[71.807932,21.379821],[71.807348,21.380354],[71.80634,21.380963],[71.806372,21.385095],[71.808199,21.386735],[71.810107,21.388673],[71.810951,21.389662],[71.81161,21.389855],[71.812141,21.390011],[71.813028,21.390544],[71.813877,21.390305],[71.814909,21.389953],[71.815401,21.389962],[71.815787,21.390152],[71.816996,21.391064],[71.818317,21.391842],[71.820086,21.393111],[71.821547,21.393672],[71.822738,21.394142],[71.824295,21.39486],[71.826296,21.395714],[71.827747,21.396261],[71.829599,21.397142],[71.830558,21.39735],[71.831817,21.397852],[71.832347,21.398172],[71.834999,21.400192],[71.837597,21.402531],[71.837997,21.402613],[71.840027,21.402423],[71.841975,21.403431],[71.843244,21.403241],[71.844994,21.405193],[71.845534,21.4055],[71.848803,21.406711],[71.850737,21.4076],[71.85259,21.408295],[71.853003,21.40845],[71.853095,21.408761],[71.854893,21.409421],[71.860043,21.41153],[71.863675,21.413143],[71.865782,21.414809],[71.86543,21.412705],[71.864866,21.41177],[71.864745,21.411246],[71.865493,21.408586],[71.865681,21.407335],[71.865695,21.406586],[71.864239,21.406459],[71.863627,21.406319],[71.8626,21.406495]],[[71.644232,21.110006],[71.644329,21.109455],[71.643751,21.109446],[71.643155,21.111167],[71.640272,21.110584],[71.641162,21.108218],[71.640339,21.107581],[71.639602,21.107089],[71.638828,21.10685],[71.638948,21.106136],[71.641224,21.106262],[71.64159,21.104524],[71.634477,21.103842],[71.634987,21.101544],[71.634987,21.099661],[71.636074,21.099787],[71.636406,21.099408],[71.640545,21.09999],[71.640872,21.10153],[71.642042,21.100748],[71.642172,21.100617],[71.642614,21.099434],[71.642681,21.099303],[71.643682,21.09826],[71.64232,21.097257],[71.640458,21.096707],[71.639813,21.095921],[71.639933,21.097714],[71.638177,21.097086],[71.636218,21.097276],[71.636257,21.096251],[71.637056,21.096337],[71.637561,21.095682],[71.63771,21.095004],[71.634385,21.094589],[71.634529,21.093885],[71.635342,21.092218],[71.637012,21.092448],[71.637358,21.091527],[71.637637,21.089436],[71.638879,21.088479],[71.640038,21.088673],[71.640356,21.089373],[71.640861,21.089788],[71.642825,21.09019],[71.644663,21.090623],[71.643278,21.094209],[71.645968,21.095207],[71.646579,21.095392],[71.647946,21.09573],[71.649692,21.095563],[71.65051,21.0955],[71.650097,21.097067],[71.649673,21.097049],[71.649457,21.097008],[71.649313,21.097758],[71.648119,21.09727],[71.647951,21.098219],[71.647292,21.099384],[71.647677,21.099519],[71.648456,21.099713],[71.648216,21.100314],[71.648586,21.100391],[71.64887,21.10208],[71.649463,21.102233],[71.649313,21.103019],[71.650704,21.103728],[71.651161,21.10226],[71.651888,21.100417],[71.652388,21.098963],[71.652667,21.098069],[71.65373,21.098154],[71.653574,21.10014],[71.653154,21.105466],[71.654795,21.106265],[71.653102,21.110375],[71.653131,21.110872],[71.65317,21.111314],[71.653131,21.111901],[71.652944,21.112773],[71.650942,21.113121],[71.650913,21.114056],[71.650798,21.116178],[71.650745,21.117104],[71.648449,21.116441],[71.648603,21.114282],[71.644791,21.111392],[71.645036,21.110647],[71.644232,21.110006]]]]}},{"type":"Feature","properties":{"OBJECTID":2081,"state_lgd":"24","state_name":"GUJARAT","district_lgd":"481","district_name":"BHAVNAGAR","district_name_source":"district_table","subdistrict_lgd":"3858","subdistrict_name":"PALITANA","subdistrict_type":"Taluk","name_corrupted":false,"remarks":""},"geometry":{"type":"Polygon","coordinates":[[[71.854312,21.681536],[71.852772,21.678195],[71.841714,21.675082],[71.840583,21.674797],[71.834375,21.674488],[71.833097,21.666816],[71.832803,21.664928],[71.832562,21.663732],[71.830655,21.660168],[71.837612,21.657609],[71.847702,21.660867],[71.855253,21.657179],[71.8561,21.656812],[71.857591,21.656168],[71.860832,21.655012],[71.864354,21.653648],[71.869629,21.651729],[71.868035,21.648139],[71.86832,21.638078],[71.86406,21.638918],[71.863698,21.63713],[71.862921,21.635319],[71.862013,21.63321],[71.86109,21.631932],[71.860878,21.630681],[71.859922,21.628803],[71.859613,21.628414],[71.859251,21.626861],[71.858391,21.625619],[71.857609,21.624273],[71.85758,21.623551],[71.85801,21.622535],[71.858203,21.620652],[71.858281,21.619983],[71.858034,21.619292],[71.857441,21.618231],[71.857552,21.617572],[71.857842,21.616912],[71.8583,21.616651],[71.858122,21.616262],[71.857644,21.615752],[71.857518,21.615151],[71.857842,21.614745],[71.858378,21.61456],[71.859059,21.614041],[71.859151,21.61353],[71.859489,21.612993],[71.859189,21.612478],[71.85875,21.612031],[71.858339,21.611792],[71.857992,21.611223],[71.857886,21.610225],[71.857939,21.609863],[71.857751,21.609326],[71.857688,21.608865],[71.857789,21.608513],[71.857596,21.608089],[71.857181,21.607944],[71.85693,21.607646],[71.85692,21.607384],[71.856891,21.607145],[71.859238,21.605416],[71.85907,21.601397],[71.86147,21.601194],[71.862329,21.602345],[71.86963,21.599645],[71.868587,21.592],[71.867989,21.587376],[71.874478,21.587362],[71.874739,21.587385],[71.875019,21.587254],[71.875086,21.586405],[71.874671,21.584716],[71.882995,21.583835],[71.882647,21.582602],[71.887069,21.581202],[71.888726,21.581288],[71.888768,21.575657],[71.890554,21.569592],[71.890433,21.568955],[71.889318,21.566977],[71.889776,21.561983],[71.890007,21.558628],[71.890596,21.555516],[71.891574,21.554509],[71.891751,21.554326],[71.893554,21.552468],[71.896004,21.548115],[71.897994,21.544578],[71.900126,21.538491],[71.900683,21.537127],[71.902085,21.53369],[71.902457,21.532669],[71.903127,21.530019],[71.906528,21.525182],[71.910287,21.52104],[71.910833,21.522548],[71.911455,21.523139],[71.912314,21.523207],[71.915075,21.522967],[71.916976,21.52247],[71.92074,21.520491],[71.922356,21.5197],[71.924611,21.52072],[71.927482,21.521771],[71.930151,21.521698],[71.931287,21.521808],[71.931337,21.521812],[71.931337,21.521812],[71.931305,21.521743],[71.930971,21.52102],[71.93087,21.520659],[71.930725,21.520402],[71.930141,21.519851],[71.929716,21.519662],[71.929581,21.519463],[71.929542,21.519287],[71.929272,21.519188],[71.929204,21.51898],[71.928543,21.51852],[71.927973,21.516799],[71.928011,21.51661],[71.927972,21.516099],[71.927634,21.515372],[71.92748,21.514952],[71.927074,21.514397],[71.926693,21.513851],[71.92662,21.513462],[71.926253,21.512948],[71.925645,21.512519],[71.925003,21.511472],[71.92727,21.509412],[71.927622,21.508368],[71.928215,21.506941],[71.928514,21.507068],[71.929233,21.507081],[71.929591,21.507212],[71.931963,21.502451],[71.933014,21.500613],[71.933025,21.500001],[71.933094,21.496043],[71.933364,21.494223],[71.934747,21.491206],[71.934955,21.490894],[71.933246,21.489454],[71.933163,21.487874],[71.933374,21.484374],[71.933504,21.482445],[71.933696,21.481795],[71.934053,21.481163],[71.933585,21.480445],[71.932736,21.480057],[71.932103,21.479077],[71.931616,21.478576],[71.931157,21.477976],[71.930346,21.477506],[71.929936,21.477046],[71.929545,21.475795],[71.928348,21.474057],[71.927947,21.473705],[71.927204,21.473434],[71.926427,21.472364],[71.928236,21.471347],[71.929335,21.470656],[71.930324,21.469735],[71.930884,21.469414],[71.931704,21.469016],[71.932364,21.468754],[71.932856,21.468374],[71.933334,21.467918],[71.934115,21.467417],[71.935755,21.466355],[71.937067,21.465356],[71.938272,21.464245],[71.938846,21.463816],[71.939844,21.463495],[71.940616,21.462447],[71.941435,21.461015],[71.941913,21.460238],[71.942852,21.458197],[71.943249,21.457605],[71.945672,21.453987],[71.946652,21.454876],[71.947593,21.454975],[71.947882,21.454889],[71.947834,21.454546],[71.947935,21.454437],[71.948152,21.454496],[71.948403,21.455435],[71.948601,21.455796],[71.949374,21.457878],[71.950861,21.460257],[71.951624,21.462288],[71.953714,21.462856],[71.954105,21.463267],[71.956343,21.463505],[71.95851,21.464498],[71.960121,21.464876],[71.961051,21.463097],[71.963232,21.463877],[71.966103,21.464566],[71.966101,21.461717],[71.966091,21.461188],[71.966342,21.460407],[71.966751,21.459928],[71.967402,21.459747],[71.967639,21.459476],[71.967561,21.459164],[71.967851,21.458884],[71.967971,21.458527],[71.968559,21.457877],[71.96894,21.457664],[71.969548,21.458125],[71.969789,21.457637],[71.969702,21.457145],[71.969779,21.456896],[71.968269,21.456454],[71.966291,21.456288],[71.964212,21.456226],[71.964491,21.455197],[71.96421,21.453919],[71.96377,21.452619],[71.962221,21.451558],[71.962322,21.450948],[71.961642,21.450678],[71.960469,21.449825],[71.960512,21.448859],[71.96002,21.44862],[71.959412,21.447915],[71.959402,21.447197],[71.959792,21.446827],[71.959531,21.446439],[71.959372,21.445138],[71.958764,21.445098],[71.95818,21.444669],[71.957514,21.443938],[71.958873,21.442546],[71.960232,21.44064],[71.962049,21.438499],[71.964161,21.436587],[71.96567,21.435588],[71.967092,21.434969],[71.966499,21.434107],[71.964533,21.430328],[71.964323,21.425501],[71.964413,21.422439],[71.963119,21.421419],[71.963042,21.420751],[71.962501,21.419848],[71.962443,21.418949],[71.963021,21.4181],[71.96271,21.41785],[71.96251,21.417689],[71.96154,21.417419],[71.961101,21.417031],[71.96042,21.414981],[71.95983,21.412552],[71.95981,21.411911],[71.959901,21.410669],[71.95898,21.410452],[71.958439,21.409748],[71.95827,21.40941],[71.9584,21.409089],[71.95823,21.406912],[71.958201,21.406601],[71.956861,21.40633],[71.957173,21.403702],[71.957533,21.401561],[71.95735,21.401313],[71.957412,21.401232],[71.95638,21.400812],[71.956004,21.400221],[71.955743,21.399363],[71.955101,21.398641],[71.954363,21.398343],[71.953253,21.396962],[71.951102,21.39526],[71.949283,21.392723],[71.948993,21.3921],[71.948612,21.391572],[71.947531,21.390611],[71.944643,21.39063],[71.944643,21.390892],[71.940853,21.391413],[71.939865,21.391282],[71.939195,21.391111],[71.938124,21.391093],[71.937994,21.391513],[71.936644,21.391193],[71.935945,21.391252],[71.935685,21.391573],[71.934995,21.39151],[71.934696,21.391442],[71.932506,21.390011],[71.931306,21.38947],[71.930635,21.389082],[71.929637,21.388893],[71.929517,21.389304],[71.928244,21.389092],[71.925813,21.38865],[71.925114,21.388483],[71.924873,21.389463],[71.924275,21.389143],[71.923885,21.389472],[71.923755,21.390452],[71.923196,21.391852],[71.922276,21.39384],[71.921226,21.396401],[71.920826,21.397082],[71.920276,21.398523],[71.919104,21.397982],[71.918516,21.398031],[71.918256,21.398352],[71.917355,21.399671],[71.916318,21.39982],[71.915247,21.399103],[71.914567,21.398949],[71.914205,21.39857],[71.913786,21.398462],[71.913188,21.398462],[71.912716,21.399112],[71.912899,21.40039],[71.911578,21.400052],[71.911448,21.400341],[71.911525,21.400982],[71.910869,21.400729],[71.911246,21.401962],[71.909746,21.403263],[71.90939,21.405101],[71.907369,21.40595],[71.906338,21.406149],[71.903049,21.406809],[71.900189,21.407501],[71.899688,21.407871],[71.897798,21.410161],[71.896848,21.411032],[71.895001,21.412153],[71.89436,21.41344],[71.892692,21.41484],[71.886919,21.41489],[71.882859,21.414692],[71.880081,21.41471],[71.87602,21.415609],[71.874511,21.41625],[71.872611,21.416191],[71.870802,21.417072],[71.87059,21.41681],[71.869741,21.415658],[71.869163,21.414999],[71.868531,21.414299],[71.867132,21.41429],[71.866732,21.41419],[71.865782,21.414809],[71.863675,21.413143],[71.860043,21.41153],[71.854893,21.409421],[71.853095,21.408761],[71.853003,21.40845],[71.85259,21.408295],[71.850737,21.4076],[71.848803,21.406711],[71.845534,21.4055],[71.844994,21.405193],[71.843244,21.403241],[71.841975,21.403431],[71.840027,21.402423],[71.837997,21.402613],[71.837597,21.402531],[71.834999,21.400192],[71.832347,21.398172],[71.831817,21.397852],[71.830558,21.39735],[71.829599,21.397142],[71.827747,21.396261],[71.826296,21.395714],[71.824295,21.39486],[71.822738,21.394142],[71.821547,21.393672],[71.820086,21.393111],[71.818317,21.391842],[71.816996,21.391064],[71.815787,21.390152],[71.815401,21.389962],[71.814909,21.389953],[71.813877,21.390305],[71.813028,21.390544],[71.812141,21.390011],[71.81161,21.389855],[71.810951,21.389662],[71.810107,21.388673],[71.808199,21.386735],[71.806372,21.385095],[71.80634,21.380963],[71.806351,21.380731],[71.8057,21.380314],[71.805689,21.380307],[71.804979,21.380272],[71.804209,21.380291],[71.803677,21.380274],[71.803124,21.380312],[71.80265,21.379943],[71.802227,21.379565],[71.802089,21.379676],[71.801654,21.379473],[71.80124,21.379363],[71.800687,21.379161],[71.80043,21.379291],[71.799918,21.379588],[71.799307,21.379995],[71.798695,21.379848],[71.798182,21.379738],[71.797649,21.379555],[71.797294,21.379685],[71.796968,21.379898],[71.796337,21.380139],[71.795904,21.380362],[71.795628,21.380602],[71.795293,21.380677],[71.794819,21.380807],[71.794405,21.380919],[71.793597,21.381142],[71.793103,21.381291],[71.79265,21.381476],[71.791999,21.381681],[71.791565,21.381829],[71.790954,21.382163],[71.790659,21.382312],[71.790087,21.382627],[71.789397,21.382905],[71.788963,21.383109],[71.788588,21.383276],[71.788089,21.383471],[71.787814,21.383749],[71.787479,21.384045],[71.787262,21.384341],[71.786987,21.384822],[71.786692,21.385155],[71.786455,21.38547],[71.786259,21.385896],[71.786094,21.386321],[71.785976,21.386598],[71.785681,21.386765],[71.785247,21.387043],[71.784893,21.387617],[71.784676,21.387839],[71.784223,21.388487],[71.783652,21.389042],[71.783317,21.389431],[71.782884,21.389893],[71.782365,21.390712],[71.781633,21.391297],[71.781083,21.391641],[71.780278,21.392055],[71.779618,21.392021],[71.779288,21.392434],[71.778775,21.392675],[71.778299,21.392985],[71.777713,21.393226],[71.777237,21.393674],[71.776945,21.394224],[71.776799,21.394773],[71.776616,21.394842],[71.776326,21.395285],[71.775824,21.394912],[71.775441,21.394627],[71.77526,21.39446],[71.775129,21.394354],[71.774989,21.394207],[71.774787,21.39406],[71.77463,21.393913],[71.774499,21.393783],[71.774333,21.39366],[71.774157,21.393464],[71.773956,21.393276],[71.773733,21.393056],[71.773558,21.392901],[71.773322,21.392762],[71.773112,21.392607],[71.772876,21.392419],[71.77257,21.392199],[71.772342,21.39197],[71.77208,21.391783],[71.771826,21.391587],[71.771503,21.391366],[71.771188,21.391081],[71.771,21.390876],[71.770799,21.390738],[71.770554,21.390534],[71.770257,21.39033],[71.770064,21.390216],[71.76988,21.39002],[71.769749,21.389872],[71.769198,21.389419],[71.768787,21.389019],[71.768441,21.388629],[71.768351,21.389224],[71.76799,21.389301],[71.767766,21.388876],[71.767505,21.388522],[71.767284,21.388242],[71.766918,21.388175],[71.766452,21.388131],[71.766019,21.388101],[71.765666,21.388057],[71.765265,21.387967],[71.764783,21.387953],[71.764286,21.387924],[71.764158,21.388194],[71.764126,21.38839],[71.764079,21.38869],[71.763646,21.388751],[71.763421,21.388842],[71.763213,21.389022],[71.763085,21.389113],[71.763117,21.389263],[71.763117,21.389519],[71.763118,21.389729],[71.763102,21.389997],[71.763216,21.390408],[71.76333,21.390664],[71.763718,21.391068],[71.76344,21.391641],[71.763193,21.392145],[71.763153,21.392629],[71.763174,21.393016],[71.763319,21.393422],[71.763745,21.393829],[71.764272,21.39464],[71.764476,21.395341],[71.764568,21.395789],[71.764774,21.396279],[71.764888,21.396534],[71.764897,21.396933],[71.764939,21.39732],[71.764918,21.397669],[71.764919,21.398152],[71.765477,21.398113],[71.765891,21.398112],[71.766339,21.398131],[71.766976,21.398109],[71.767477,21.398108],[71.768023,21.398064],[71.768661,21.398085],[71.769321,21.398105],[71.76989,21.398125],[71.770436,21.398146],[71.771051,21.398166],[71.771415,21.398165],[71.771984,21.398186],[71.772462,21.398185],[71.772827,21.398121],[71.77335,21.398077],[71.773755,21.398012],[71.773915,21.398055],[71.774278,21.397884],[71.774734,21.397968],[71.775258,21.398031],[71.775713,21.398009],[71.775977,21.397877],[71.77669,21.397939],[71.776912,21.398262],[71.777209,21.398655],[71.777432,21.399162],[71.777631,21.39974],[71.777755,21.400202],[71.777337,21.400803],[71.777732,21.40101],[71.778201,21.40124],[71.778719,21.401471],[71.77909,21.401678],[71.779559,21.402024],[71.780512,21.402484],[71.78113,21.40283],[71.781451,21.403014],[71.782414,21.403474],[71.783081,21.403843],[71.783896,21.404234],[71.784464,21.40458],[71.784659,21.404682],[71.784859,21.404787],[71.785501,21.405017],[71.78597,21.405155],[71.786439,21.405362],[71.786933,21.4055],[71.787451,21.405684],[71.787797,21.405822],[71.788414,21.405959],[71.789366,21.406166],[71.790379,21.406418],[71.791094,21.406625],[71.791786,21.406808],[71.792575,21.406992],[71.793119,21.407222],[71.793612,21.407314],[71.794205,21.407428],[71.794079,21.407662],[71.793938,21.407878],[71.793815,21.408211],[71.793851,21.408426],[71.793869,21.408659],[71.79387,21.409074],[71.793746,21.409406],[71.793587,21.409754],[71.793535,21.41002],[71.793535,21.410302],[71.79389,21.410434],[71.79382,21.410717],[71.793785,21.411032],[71.793732,21.411347],[71.79368,21.411771],[71.793344,21.412136],[71.793167,21.412419],[71.793009,21.412768],[71.793186,21.412884],[71.793204,21.413166],[71.793347,21.413497],[71.793259,21.413763],[71.793064,21.414145],[71.792905,21.414344],[71.79264,21.41466],[71.79241,21.415059],[71.792021,21.415093],[71.791897,21.415276],[71.791644,21.415484],[71.791236,21.415551],[71.790989,21.4158],[71.79083,21.416116],[71.790476,21.416398],[71.790122,21.416532],[71.789856,21.416632],[71.789945,21.416997],[71.789787,21.417362],[71.789539,21.417528],[71.789238,21.417728],[71.788918,21.41748],[71.788546,21.417381],[71.788139,21.417614],[71.787944,21.41773],[71.787823,21.417719],[71.787685,21.417854],[71.787654,21.418203],[71.78758,21.418572],[71.787645,21.419021],[71.787401,21.41934],[71.787689,21.419818],[71.787704,21.419989],[71.787501,21.420243],[71.787737,21.420628],[71.787149,21.420629],[71.787032,21.42118],[71.786964,21.421331],[71.786681,21.421952],[71.786623,21.422668],[71.786801,21.423163],[71.785978,21.42333],[71.786743,21.423824],[71.787215,21.42465],[71.787217,21.425476],[71.78763,21.426246],[71.787278,21.426742],[71.787692,21.427513],[71.787928,21.428228],[71.788812,21.428778],[71.788872,21.429659],[71.788579,21.429598],[71.788343,21.429549],[71.787754,21.429165],[71.786752,21.428341],[71.785633,21.427792],[71.784808,21.426967],[71.78381,21.42785],[71.783342,21.429117],[71.782696,21.429724],[71.782286,21.430827],[71.782053,21.431818],[71.781407,21.43259],[71.780821,21.433693],[71.78047,21.434299],[71.780236,21.435126],[71.780061,21.435952],[71.779178,21.435899],[71.77885,21.435899],[71.777649,21.435901],[71.776069,21.435953],[71.775081,21.435955],[71.773716,21.435825],[71.77362,21.435032],[71.772914,21.434857],[71.772443,21.434638],[71.771078,21.43464],[71.76976,21.434554],[71.768678,21.434644],[71.767878,21.434689],[71.766937,21.434426],[71.765948,21.434428],[71.76496,21.434385],[71.763925,21.434387],[71.762795,21.434256],[71.762183,21.434213],[71.761571,21.434126],[71.760489,21.434128],[71.759218,21.434218],[71.758419,21.434616],[71.757841,21.434749],[71.756569,21.434398],[71.755487,21.434312],[71.754687,21.434181],[71.753557,21.433962],[71.75271,21.433919],[71.751627,21.433965],[71.750639,21.434055],[71.749887,21.434232],[71.749321,21.43366],[71.74852,21.433265],[71.747437,21.433002],[71.746402,21.432695],[71.74593,21.432211],[71.745466,21.43245],[71.745787,21.430978],[71.745927,21.430052],[71.746207,21.428906],[71.746394,21.427937],[71.746815,21.426658],[71.747001,21.42527],[71.747,21.424477],[71.747562,21.42311],[71.747937,21.422184],[71.748265,21.421479],[71.748639,21.420289],[71.74892,21.419363],[71.749389,21.418393],[71.749764,21.417511],[71.750045,21.41663],[71.750279,21.415704],[71.750512,21.41469],[71.750564,21.414356],[71.749928,21.414046],[71.749512,21.413865],[71.748903,21.413555],[71.748184,21.413479],[71.747713,21.41335],[71.74716,21.413351],[71.746109,21.413326],[71.745693,21.413172],[71.745085,21.413172],[71.744338,21.413148],[71.743629,21.413123],[71.743048,21.41302],[71.742301,21.412892],[71.741637,21.412893],[71.740669,21.41292],[71.739784,21.412999],[71.738899,21.413259],[71.738346,21.413338],[71.737516,21.413391],[71.736299,21.413418],[71.735441,21.413445],[71.734971,21.413498],[71.734113,21.413499],[71.732999,21.413552],[71.731754,21.41358],[71.730702,21.413556],[71.730149,21.413168],[71.729319,21.413169],[71.728973,21.413014],[71.728502,21.412704],[71.72828,21.412341],[71.727837,21.412031],[71.727588,21.411928],[71.727034,21.41154],[71.727725,21.411332],[71.728388,21.410813],[71.728194,21.41045],[71.728193,21.41001],[71.728165,21.409596],[71.727529,21.409674],[71.727169,21.409519],[71.727113,21.409053],[71.727112,21.408794],[71.727417,21.408742],[71.727943,21.408896],[71.728191,21.408792],[71.728246,21.408559],[71.728218,21.407886],[71.728051,21.407368],[71.727608,21.407291],[71.727165,21.407162],[71.726806,21.407162],[71.726418,21.407007],[71.725948,21.406878],[71.725283,21.40662],[71.725006,21.406129],[71.72495,21.40574],[71.724811,21.405222],[71.724921,21.40473],[71.724837,21.404393],[71.724477,21.404264],[71.724007,21.404006],[71.723757,21.403643],[71.723812,21.403099],[71.723949,21.402607],[71.723949,21.402399],[71.7237,21.402141],[71.72381,21.401804],[71.723975,21.401545],[71.724252,21.401363],[71.7245,21.401078],[71.724472,21.400844],[71.724472,21.400508],[71.724444,21.400197],[71.72436,21.399601],[71.724359,21.399187],[71.724359,21.398772],[71.724358,21.398254],[71.724329,21.39784],[71.724467,21.397088],[71.724631,21.396207],[71.72463,21.395534],[71.724629,21.394938],[71.724574,21.394679],[71.724462,21.394213],[71.724213,21.394265],[71.724019,21.394006],[71.723825,21.393644],[71.723686,21.393437],[71.723299,21.3931],[71.722966,21.39279],[71.7228,21.392453],[71.722689,21.392013],[71.722273,21.391729],[71.721803,21.391548],[71.721277,21.391264],[71.720944,21.391005],[71.720885,21.390876],[71.720404,21.390627],[71.719602,21.390253],[71.719469,21.390653],[71.719122,21.390653],[71.718642,21.390529],[71.718161,21.390405],[71.717743,21.390353],[71.717679,21.390614],[71.717007,21.391179],[71.716153,21.391896],[71.715522,21.392502],[71.71537,21.39254],[71.715132,21.392743],[71.714895,21.392966],[71.714614,21.393229],[71.71429,21.393452],[71.71388,21.393857],[71.713557,21.394121],[71.713147,21.394648],[71.712802,21.395012],[71.71237,21.395296],[71.711981,21.395681],[71.711528,21.395945],[71.71101,21.396209],[71.710384,21.396574],[71.710319,21.396705],[71.710384,21.397029],[71.71045,21.397353],[71.710558,21.397636],[71.710667,21.398041],[71.710689,21.398344],[71.710646,21.398769],[71.710539,21.399397],[71.710561,21.399721],[71.710497,21.400146],[71.710281,21.40047],[71.7101,21.400996],[71.70982,21.401361],[71.709,21.401969],[71.708438,21.402293],[71.708028,21.402557],[71.707423,21.402963],[71.706948,21.403287],[71.706408,21.403561],[71.705717,21.403784],[71.705242,21.403987],[71.70481,21.40415],[71.704292,21.404333],[71.703687,21.404576],[71.703733,21.404875],[71.703734,21.405436],[71.703615,21.405885],[71.703496,21.40639],[71.703497,21.406839],[71.703527,21.407316],[71.703528,21.407933],[71.703499,21.408494],[71.703469,21.408915],[71.70332,21.409476],[71.703291,21.409925],[71.703442,21.41043],[71.703532,21.410879],[71.703743,21.411552],[71.703833,21.411931],[71.703834,21.412408],[71.703865,21.413137],[71.703926,21.413838],[71.703986,21.414315],[71.703957,21.41468],[71.704197,21.414932],[71.704407,21.415409],[71.704498,21.415829],[71.704618,21.416334],[71.704799,21.417063],[71.704889,21.417428],[71.70501,21.417905],[71.70519,21.418466],[71.704831,21.418578],[71.704981,21.418831],[71.704143,21.41914],[71.703484,21.41931],[71.703664,21.419674],[71.703874,21.420067],[71.703305,21.420235],[71.703366,21.420628],[71.703516,21.421021],[71.703696,21.421273],[71.704116,21.421273],[71.704266,21.421497],[71.704536,21.421553],[71.704806,21.422296],[71.704897,21.422716],[71.705017,21.423221],[71.705288,21.423782],[71.705408,21.424231],[71.705109,21.424399],[71.70475,21.42454],[71.70424,21.424737],[71.703642,21.42499],[71.703282,21.425131],[71.702863,21.425328],[71.702594,21.425721],[71.702235,21.426086],[71.702055,21.426423],[71.701786,21.426872],[71.701457,21.427294],[71.701248,21.42763],[71.700649,21.428024],[71.700141,21.428417],[71.699332,21.428615],[71.698553,21.4287],[71.698074,21.428897],[71.697654,21.428981],[71.697541,21.429118],[71.696878,21.430058],[71.697105,21.432149],[71.697163,21.432867],[71.697251,21.43396],[71.697353,21.435098],[71.699856,21.435711],[71.700937,21.435954],[71.702543,21.43617],[71.704,21.436481],[71.704101,21.436616],[71.704406,21.437831],[71.70458,21.439863],[71.704451,21.440477],[71.704003,21.441385],[71.703198,21.442821],[71.703111,21.442984],[71.703097,21.443214],[71.703097,21.443472],[71.703256,21.443905],[71.703816,21.444474],[71.704091,21.445174],[71.704237,21.446054],[71.704541,21.446953],[71.704483,21.447251],[71.704454,21.447549],[71.704324,21.447725],[71.704194,21.447861],[71.704006,21.447942],[71.703948,21.447942],[71.703635,21.447929],[71.703331,21.44778],[71.702752,21.447319],[71.702404,21.446981],[71.702245,21.44694],[71.7021,21.446954],[71.701883,21.447008],[71.701796,21.447117],[71.70171,21.44732],[71.701488,21.448228],[71.701585,21.449077],[71.701803,21.449627],[71.701918,21.44979],[71.701976,21.449939],[71.702088,21.451298],[71.701842,21.451926],[71.701708,21.452364],[71.701698,21.452495],[71.701684,21.453037],[71.701738,21.45445],[71.701825,21.455606],[71.701801,21.456333],[71.701787,21.456889],[71.701816,21.457485],[71.702092,21.458104],[71.702266,21.458347],[71.703114,21.458347],[71.7042,21.458405],[71.704523,21.458459],[71.704731,21.458676],[71.704789,21.458897],[71.704321,21.459538],[71.703675,21.460636],[71.703237,21.461598],[71.703117,21.462366],[71.703164,21.462735],[71.70318,21.462858],[71.70331,21.46338],[71.703441,21.463901],[71.703765,21.464944],[71.703943,21.465716],[71.703881,21.466317],[71.703708,21.466701],[71.70357,21.466816],[71.70336,21.466791],[71.70198,21.466535],[71.699206,21.465976],[71.698132,21.469652],[71.69768,21.471481],[71.697285,21.472863],[71.697131,21.474313],[71.698135,21.47429],[71.698935,21.473824],[71.69921,21.473824],[71.699811,21.477802],[71.700391,21.48085],[71.700967,21.483731],[71.699817,21.489562],[71.69897,21.493897],[71.698221,21.498058],[71.698219,21.498066],[71.700222,21.499216],[71.70181,21.500001],[71.703088,21.500632],[71.705045,21.502448],[71.70532,21.503305],[71.705137,21.504371],[71.704092,21.506977],[71.70331,21.509442],[71.702767,21.511155],[71.698622,21.520726],[71.696758,21.529085],[71.696667,21.530241],[71.696302,21.533655],[71.69594,21.534577],[71.69357,21.533124],[71.690785,21.532655],[71.690926,21.536322],[71.690285,21.538246],[71.688877,21.540252],[71.685639,21.543197],[71.688603,21.543196],[71.691373,21.542639],[71.692828,21.545204],[71.695931,21.544774],[71.697069,21.546075],[71.697984,21.547121],[71.698804,21.546737],[71.700401,21.546307],[71.701951,21.546437],[71.704138,21.547204],[71.704823,21.54686],[71.707831,21.547757],[71.708472,21.546181],[71.70947,21.543959],[71.711937,21.546053],[71.710207,21.549888],[71.712075,21.549932],[71.7123,21.555364],[71.714444,21.556474],[71.714128,21.559676],[71.716319,21.559842],[71.718096,21.560482],[71.718507,21.561249],[71.717597,21.563982],[71.715681,21.565008],[71.715948,21.570512],[71.715959,21.570747],[71.714505,21.576086],[71.713863,21.576086],[71.713681,21.578818],[71.713223,21.58044],[71.712452,21.582869],[71.711952,21.585642],[71.71168,21.591806],[71.711454,21.594773],[71.710929,21.601661],[71.710641,21.605435],[71.709453,21.60535],[71.709227,21.607784],[71.707176,21.610301],[71.694906,21.610347],[71.694985,21.614389],[71.696584,21.614645],[71.69672,21.615797],[71.695808,21.617206],[71.696351,21.622327],[71.690242,21.622198],[71.690014,21.620704],[71.686822,21.620578],[71.68472,21.618488],[71.682488,21.616954],[71.67861,21.615759],[71.676007,21.614694],[71.675321,21.615547],[71.673411,21.619851],[71.670582,21.625104],[71.669395,21.626513],[71.668574,21.627426],[71.667251,21.629598],[71.664287,21.632886],[71.665567,21.633654],[71.66803,21.634895],[71.669673,21.636344],[71.671543,21.638692],[71.673457,21.64215],[71.673824,21.643107],[71.674463,21.645157],[71.675057,21.647248],[71.675469,21.649506],[71.676294,21.652269],[71.676475,21.652874],[71.677708,21.656116],[71.678286,21.658992],[71.679013,21.658125],[71.681248,21.655654],[71.685263,21.6574],[71.686857,21.657829],[71.68932,21.655818],[71.691513,21.656544],[71.692518,21.655446],[71.69302,21.654548],[71.692971,21.653396],[71.694231,21.653271],[71.695985,21.653097],[71.695802,21.65442],[71.697628,21.655444],[71.697582,21.658388],[71.697582,21.659368],[71.69982,21.661332],[71.701144,21.662018],[71.703517,21.66543],[71.707459,21.66513],[71.711155,21.664785],[71.713623,21.665041],[71.716497,21.664317],[71.718911,21.662609],[71.720877,21.661325],[71.725487,21.66316],[71.728337,21.66431],[71.729203,21.664739],[71.731306,21.667894],[71.732854,21.670665],[71.734228,21.673211],[71.73564,21.675003],[71.737377,21.677734],[71.739069,21.679191],[71.740577,21.68064],[71.7414,21.682134],[71.743997,21.685162],[71.747874,21.682301],[71.749496,21.681311],[71.75,21.680598],[71.750996,21.679189],[71.75,21.678474],[71.749493,21.678109],[71.74683,21.67653],[71.744273,21.674437],[71.743359,21.672902],[71.741898,21.671111],[71.73952,21.669107],[71.738186,21.667975],[71.737639,21.666819],[71.737318,21.664521],[71.737456,21.661405],[71.739599,21.659611],[71.74279,21.657215],[71.743591,21.655661],[71.744547,21.649777],[71.749466,21.648847],[71.75,21.648919],[71.750813,21.649029],[71.761821,21.649493],[71.765539,21.651392],[71.765678,21.651453],[71.770778,21.653703],[71.77397,21.655091],[71.780301,21.658021],[71.78338,21.65944],[71.786459,21.66086],[71.792249,21.662899],[71.80246,21.66663],[71.804035,21.674962],[71.80431,21.676718],[71.809628,21.680049],[71.812415,21.68168],[71.812888,21.682199],[71.813526,21.682488],[71.814018,21.682751],[71.814366,21.683428],[71.814757,21.684349],[71.815023,21.68449],[71.815849,21.684467],[71.816158,21.684774],[71.816187,21.685068],[71.815945,21.685339],[71.814606,21.686016],[71.814287,21.686178],[71.81422,21.686557],[71.814495,21.687375],[71.814919,21.68849],[71.815156,21.688829],[71.815494,21.689014],[71.816489,21.689308],[71.816934,21.688866],[71.817326,21.688518],[71.817717,21.687977],[71.818147,21.687557],[71.81836,21.687177],[71.818834,21.686189],[71.819032,21.685218],[71.819366,21.68464],[71.819699,21.684396],[71.820057,21.684351],[71.820328,21.684067],[71.820666,21.683864],[71.820995,21.683236],[71.821256,21.682496],[71.821275,21.682067],[71.821817,21.681886],[71.822078,21.681557],[71.822575,21.681358],[71.823585,21.680884],[71.823967,21.680866],[71.824474,21.680519],[71.824924,21.679819],[71.825185,21.679539],[71.825982,21.679137],[71.826156,21.67869],[71.828885,21.680574],[71.832634,21.683136],[71.833286,21.683696],[71.834884,21.685335],[71.836392,21.686654],[71.838401,21.688339],[71.839512,21.688967],[71.841203,21.689879],[71.846663,21.689826],[71.851118,21.688574],[71.852669,21.688138],[71.853031,21.687226],[71.852945,21.685935],[71.853409,21.684765],[71.85452,21.682787],[71.854312,21.681536]]]}},{"type":"Feature","properties":{"OBJECTID":2111,"state_lgd":"24","state_name":"GUJARAT","district_lgd":"481","district_name":"BHAVNAGAR","district_name_source":"district_table","subdistrict_lgd":"3856","subdistrict_name":"SIHOR","subdistrict_type":"Taluk","name_corrupted":false,"remarks":""},"geometry":{"type":"Polygon","coordinates":[[[71.961691,21.818888],[71.963326,21.818408],[71.964752,21.818638],[71.968331,21.818839],[71.970154,21.819109],[71.97515,21.819327],[71.977931,21.819709],[71.981761,21.819838],[71.984692,21.819678],[71.986471,21.819248],[71.990757,21.820287],[71.99065,21.819882],[71.990123,21.817888],[71.989422,21.81573],[71.988604,21.813464],[71.988601,21.812373],[71.9886,21.81206],[71.988906,21.811323],[71.988903,21.810401],[71.988635,21.809171],[71.988629,21.807326],[71.989614,21.806462],[71.99119,21.805104],[71.99112,21.803874],[71.991048,21.802152],[71.991044,21.800799],[71.990971,21.798739],[71.990968,21.797878],[71.991028,21.79634],[71.99076,21.794803],[71.991153,21.794126],[71.991216,21.793387],[71.991411,21.792526],[71.991343,21.792095],[71.991602,21.791712],[71.991528,21.79137],[71.991508,21.790993],[71.991507,21.790616],[71.991505,21.790188],[71.991448,21.789606],[71.99141,21.789101],[71.991372,21.788553],[71.991351,21.787903],[71.99135,21.787492],[71.991311,21.786961],[71.991273,21.786499],[71.991253,21.786053],[71.99127,21.785694],[71.991268,21.785206],[71.991267,21.784761],[71.991247,21.784281],[71.991227,21.78387],[71.991189,21.783408],[71.991169,21.782997],[71.991095,21.782706],[71.99113,21.782209],[71.99111,21.781798],[71.991109,21.781405],[71.991034,21.780874],[71.991032,21.78048],[71.991013,21.780172],[71.990993,21.779812],[71.990992,21.779504],[71.990954,21.778956],[71.990952,21.778408],[71.990988,21.7781],[71.990986,21.777757],[71.99104,21.777363],[71.991021,21.777106],[71.991074,21.776558],[71.991073,21.776182],[71.991089,21.775642],[71.990995,21.774957],[71.990902,21.774632],[71.990883,21.774273],[71.990734,21.77364],[71.990696,21.773263],[71.990584,21.772647],[71.990491,21.772168],[71.990397,21.771654],[71.990396,21.771252],[71.990285,21.770927],[71.990173,21.770533],[71.990099,21.770225],[71.990024,21.769797],[71.989895,21.769524],[71.989783,21.769027],[71.989672,21.768565],[71.98967,21.768154],[71.989559,21.767658],[71.989392,21.767102],[71.989245,21.766983],[71.988822,21.76671],[71.988418,21.766488],[71.988087,21.76625],[71.987426,21.765824],[71.986765,21.765414],[71.986709,21.765124],[71.986699,21.765101],[71.986671,21.76485],[71.986651,21.764319],[71.986632,21.764079],[71.987072,21.764026],[71.987511,21.763991],[71.988024,21.763921],[71.988409,21.763834],[71.988757,21.763816],[71.989234,21.763678],[71.989981,21.763641],[71.99066,21.763673],[71.991265,21.763723],[71.991705,21.763756],[71.991704,21.763567],[71.991685,21.763174],[71.991683,21.76278],[71.991682,21.762386],[71.992268,21.76223],[71.992762,21.76204],[71.992687,21.761492],[71.992631,21.761013],[71.992629,21.760585],[71.992628,21.760154],[71.992495,21.759515],[71.992853,21.75924],[71.993014,21.758844],[71.993829,21.75875],[71.99423,21.75885],[71.994025,21.758493],[71.993798,21.758072],[71.993775,21.757798],[71.993683,21.757355],[71.993478,21.756913],[71.993342,21.756534],[71.993205,21.756313],[71.993001,21.755934],[71.992865,21.755639],[71.992548,21.755408],[71.992186,21.755177],[71.991914,21.754925],[71.99123,21.754824],[71.991249,21.754282],[71.991538,21.752562],[71.99232,21.75061],[71.992588,21.750002],[71.993246,21.748511],[71.994887,21.745728],[71.995388,21.744319],[71.995325,21.743439],[71.994487,21.742157],[71.994439,21.741615],[71.995599,21.74147],[71.997024,21.741609],[71.997425,21.741188],[71.997372,21.740439],[71.995983,21.73927],[71.995707,21.738566],[71.995809,21.738279],[71.995934,21.737925],[71.996538,21.737378],[71.997716,21.736528],[72.0,21.738047],[71.999999,21.737827],[72.000268,21.737837],[72.000137,21.738324],[72.000528,21.738343],[72.001669,21.738326],[72.002867,21.738484],[72.003467,21.738336],[72.003849,21.737984],[72.004168,21.737515],[72.00427,21.737135],[72.004488,21.736675],[72.005228,21.735515],[72.005417,21.735194],[72.005737,21.734617],[72.006056,21.733917],[72.006216,21.733605],[72.006376,21.733127],[72.006507,21.732544],[72.006628,21.732233],[72.00673,21.731845],[72.006865,21.731316],[72.006929,21.730766],[72.006968,21.730526],[72.00707,21.729465],[72.007065,21.729054],[72.007099,21.728725],[72.007588,21.728748],[72.009279,21.728816],[72.010057,21.728867],[72.010797,21.728903],[72.012276,21.728904],[72.012348,21.728904],[72.012428,21.728424],[72.012427,21.728073],[72.012364,21.727839],[72.012362,21.727448],[72.012298,21.727097],[72.012381,21.726823],[72.012547,21.72653],[72.012797,21.726158],[72.012774,21.725787],[72.012773,21.725299],[72.01275,21.724908],[72.012958,21.724615],[72.012999,21.724224],[72.013081,21.723735],[72.013163,21.723247],[72.013182,21.722837],[72.013201,21.722387],[72.013283,21.721977],[72.013282,21.721625],[72.013343,21.721166],[72.013466,21.720404],[72.013548,21.719974],[72.013629,21.719212],[72.013753,21.718763],[72.013876,21.71804],[72.014133,21.7176],[72.014425,21.717286],[72.014737,21.716895],[72.015007,21.716445],[72.015319,21.715936],[72.015672,21.715427],[72.015963,21.714899],[72.016275,21.71441],[72.016315,21.713941],[72.016331,21.713822],[72.016804,21.714051],[72.017522,21.714225],[72.018126,21.714223],[72.01858,21.714257],[72.018864,21.714287],[72.019676,21.714215],[72.021778,21.714027],[72.024156,21.713644],[72.024977,21.713496],[72.026166,21.713325],[72.027326,21.712996],[72.028467,21.712757],[72.029037,21.712658],[72.028647,21.711326],[72.028333,21.710635],[72.028217,21.710319],[72.027874,21.709849],[72.027826,21.709777],[72.027797,21.709709],[72.027735,21.709438],[72.027783,21.709068],[72.027836,21.708878],[72.027885,21.708616],[72.027662,21.708607],[72.027494,21.708476],[72.027484,21.708295],[72.027537,21.708196],[72.027735,21.708056],[72.027827,21.708038],[72.027837,21.707966],[72.028006,21.707858],[72.028016,21.707636],[72.028093,21.707307],[72.028234,21.707077],[72.028505,21.706887],[72.028563,21.706648],[72.028713,21.706368],[72.029104,21.706576],[72.029505,21.706675],[72.029766,21.706328],[72.029805,21.705958],[72.030405,21.704707],[72.030453,21.704368],[72.030696,21.703456],[72.030633,21.702829],[72.030344,21.701876],[72.030373,21.701167],[72.030374,21.700616],[72.030374,21.699938],[72.030225,21.699067],[72.029916,21.698317],[72.029425,21.69647],[72.029483,21.695309],[72.029484,21.69372],[72.029403,21.692216],[72.030186,21.691788],[72.031114,21.691458],[72.030104,21.691038],[72.029414,21.690699],[72.027815,21.689497],[72.026377,21.68731],[72.025817,21.686669],[72.027195,21.684669],[72.027815,21.683139],[72.028303,21.682308],[72.030073,21.679798],[72.031365,21.677501],[72.031293,21.676561],[72.030414,21.675459],[72.030416,21.672849],[72.031466,21.67065],[72.033172,21.668552],[72.034443,21.66755],[72.035294,21.667442],[72.035363,21.665229],[72.035822,21.66387],[72.035899,21.662806],[72.035954,21.66205],[72.035442,21.661409],[72.034583,21.660541],[72.033153,21.659859],[72.032024,21.658589],[72.030643,21.6569],[72.029046,21.654821],[72.027863,21.653502],[72.026555,21.653072],[72.027087,21.651903],[72.028484,21.6497],[72.028712,21.648233],[72.028365,21.646982],[72.028033,21.645722],[72.029086,21.645013],[72.031212,21.643642],[72.033474,21.641832],[72.034092,21.64125],[72.035146,21.640524],[72.036325,21.639811],[72.037465,21.639342],[72.038654,21.638371],[72.039822,21.63834],[72.040252,21.638124],[72.040354,21.637912],[72.039572,21.637482],[72.039205,21.63722],[72.038655,21.636665],[72.037713,21.63558],[72.037192,21.635124],[72.036801,21.634862],[72.036222,21.634554],[72.035072,21.634021],[72.033633,21.633654],[72.032495,21.632123],[72.031886,21.631734],[72.031563,21.631463],[72.031452,21.631084],[72.031554,21.630754],[72.032143,21.629761],[72.032704,21.628971],[72.033883,21.627874],[72.034043,21.627373],[72.033754,21.626764],[72.033392,21.625815],[72.033363,21.625083],[72.033881,21.623133],[72.033796,21.621412],[72.033883,21.620554],[72.034932,21.618473],[72.036185,21.615755],[72.036702,21.615015],[72.036702,21.613814],[72.036181,21.613236],[72.036254,21.612315],[72.036284,21.611005],[72.036903,21.608915],[72.037763,21.607994],[72.038484,21.606504],[72.039495,21.603967],[72.040312,21.602396],[72.041664,21.601516],[72.043224,21.601155],[72.043452,21.598857],[72.043651,21.597014],[72.04368,21.596725],[72.043743,21.596567],[72.043763,21.596287],[72.04384,21.596026],[72.044391,21.595764],[72.044362,21.595615],[72.0447,21.594965],[72.044831,21.594694],[72.044961,21.594586],[72.045043,21.594527],[72.045111,21.594527],[72.045463,21.594464],[72.045444,21.594324],[72.045652,21.594175],[72.04583,21.594026],[72.04585,21.594017],[72.045884,21.593967],[72.045913,21.593936],[72.045932,21.593904],[72.04598,21.593827],[72.045942,21.593696],[72.046072,21.593624],[72.04613,21.593597],[72.046173,21.593566],[72.046222,21.593525],[72.046222,21.593484],[72.046304,21.593304],[72.046381,21.593096],[72.04641,21.592947],[72.04599,21.592798],[72.043591,21.591957],[72.043592,21.590828],[72.043834,21.590105],[72.043882,21.590047],[72.043911,21.590015],[72.043964,21.589966],[72.044094,21.589785],[72.044273,21.589528],[72.044244,21.589406],[72.044433,21.589275],[72.044481,21.589207],[72.044563,21.589135],[72.044602,21.589117],[72.044882,21.588927],[72.04495,21.588205],[72.045163,21.587464],[72.045192,21.587117],[72.045192,21.586656],[72.045501,21.586467],[72.045912,21.585848],[72.046023,21.585586],[72.04612,21.585324],[72.0464,21.585207],[72.046922,21.584715],[72.047033,21.584395],[72.047014,21.583627],[72.047034,21.582706],[72.046773,21.582475],[72.046773,21.582218],[72.04686,21.581784],[72.046923,21.581504],[72.047054,21.581188],[72.04717,21.580958],[72.04717,21.580787],[72.047151,21.580565],[72.047204,21.580556],[72.047204,21.580489],[72.047243,21.580434],[72.047421,21.580245],[72.047552,21.580087],[72.047504,21.579725],[72.04748,21.579567],[72.047504,21.579468],[72.047543,21.579247],[72.047813,21.579048],[72.047861,21.578949],[72.04791,21.578777],[72.0479,21.578516],[72.047823,21.578348],[72.04778,21.578077],[72.047814,21.577847],[72.047872,21.577617],[72.047973,21.577377],[72.048002,21.577278],[72.048041,21.577278],[72.04807,21.577215],[72.048171,21.577125],[72.048413,21.576877],[72.048461,21.576827],[72.048452,21.576565],[72.048481,21.576326],[72.048519,21.576267],[72.048582,21.576217],[72.04863,21.576168],[72.048843,21.576028],[72.048703,21.575698],[72.048583,21.575346],[72.04852,21.575305],[72.048481,21.575228],[72.048452,21.575156],[72.048452,21.575039],[72.048621,21.574876],[72.048583,21.574668],[72.048602,21.574605],[72.048602,21.574537],[72.048511,21.574497],[72.048482,21.574429],[72.048491,21.574388],[72.048501,21.573648],[72.048473,21.572876],[72.048576,21.571598],[72.048653,21.570649],[72.048662,21.570378],[72.048952,21.57037],[72.049222,21.570315],[72.049391,21.570158],[72.04945,21.569828],[72.049503,21.569525],[72.049599,21.569349],[72.050232,21.569056],[72.0503,21.56907],[72.050821,21.568948],[72.051849,21.568948],[72.052632,21.568339],[72.053042,21.568226],[72.053211,21.568199],[72.054172,21.568037],[72.055132,21.568697],[72.05563,21.568376],[72.056141,21.568277],[72.056552,21.56877],[72.05758,21.569199],[72.058762,21.569759],[72.059501,21.569986],[72.06077,21.570587],[72.06148,21.570957],[72.06189,21.571129],[72.062619,21.571427],[72.063381,21.571857],[72.064772,21.571898],[72.065467,21.571627],[72.066008,21.571469],[72.066848,21.571257],[72.067529,21.570607],[72.068137,21.570065],[72.068577,21.569519],[72.06906,21.568905],[72.070247,21.569059],[72.070957,21.569177],[72.07184,21.569538],[72.07255,21.569999],[72.073216,21.570266],[72.074326,21.570555],[72.075128,21.570668],[72.076088,21.570967],[72.076677,21.571048],[72.076919,21.570777],[72.077358,21.570086],[72.077469,21.569477],[72.077687,21.568849],[72.077866,21.568587],[72.0783,21.568325],[72.078358,21.568185],[72.078377,21.568158],[72.078416,21.568059],[72.07845,21.567996],[72.078489,21.567567],[72.078489,21.567499],[72.078556,21.567449],[72.078619,21.567386],[72.07888,21.567179],[72.078909,21.567179],[72.078957,21.566957],[72.078967,21.566948],[72.078986,21.566908],[72.07902,21.566876],[72.079078,21.566826],[72.079088,21.566808],[72.079126,21.56675],[72.079208,21.566727],[72.079218,21.566668],[72.079329,21.566628],[72.079609,21.566587],[72.079768,21.566398],[72.080039,21.566217],[72.080068,21.566199],[72.080068,21.566118],[72.080097,21.5661],[72.080367,21.565879],[72.080498,21.565626],[72.080546,21.565608],[72.080599,21.565608],[72.080618,21.565418],[72.080628,21.565346],[72.080705,21.56503],[72.08086,21.564768],[72.08101,21.564429],[72.080918,21.56363],[72.080778,21.563679],[72.080696,21.563648],[72.080619,21.563697],[72.08059,21.563738],[72.080426,21.563837],[72.080257,21.563968],[72.080107,21.564099],[72.079928,21.564248],[72.079759,21.564406],[72.079668,21.564519],[72.079639,21.564537],[72.079426,21.564858],[72.078128,21.563968],[72.075637,21.56259],[72.075396,21.562436],[72.075217,21.562486],[72.075048,21.562517],[72.07485,21.562508],[72.074749,21.562477],[72.074657,21.562418],[72.074488,21.562318],[72.07444,21.562296],[72.074397,21.562237],[72.074319,21.562088],[72.074218,21.561907],[72.074127,21.561718],[72.073929,21.561636],[72.073837,21.56165],[72.07362,21.561858],[72.073557,21.561907],[72.073509,21.561948],[72.07347,21.561979],[72.073311,21.56207],[72.073127,21.562088],[72.073031,21.562038],[72.072958,21.561979],[72.072818,21.561848],[72.072698,21.561726],[72.072587,21.561636],[72.072529,21.561577],[72.072456,21.561518],[72.07234,21.56141],[72.072176,21.561297],[72.071979,21.561166],[72.071708,21.561107],[72.071438,21.561148],[72.070801,21.561328],[72.070569,21.561568],[72.070356,21.561558],[72.070178,21.561558],[72.069859,21.561369],[72.069768,21.561197],[72.0697,21.561048],[72.069657,21.560908],[72.069507,21.56052],[72.069271,21.560118],[72.069097,21.559919],[72.06903,21.559838],[72.068991,21.559806],[72.068861,21.559756],[72.068349,21.559639],[72.068281,21.559598],[72.067977,21.559336],[72.067567,21.559286],[72.06748,21.559286],[72.067108,21.559078],[72.067017,21.55906],[72.06694,21.559006],[72.06694,21.558997],[72.066901,21.558979],[72.066858,21.558956],[72.066809,21.558929],[72.066698,21.558767],[72.066689,21.558667],[72.066669,21.55864],[72.066669,21.558626],[72.06666,21.55859],[72.066641,21.558468],[72.066631,21.558328],[72.066559,21.558229],[72.066539,21.558198],[72.066481,21.558107],[72.066409,21.558089],[72.066259,21.558008],[72.06623,21.558008],[72.066047,21.558107],[72.065699,21.558278],[72.065521,21.558269],[72.065501,21.55826],[72.06539,21.558107],[72.065381,21.558107],[72.065371,21.558066],[72.065328,21.55803],[72.065308,21.557989],[72.065279,21.557958],[72.065251,21.557908],[72.06485,21.557727],[72.064647,21.5577],[72.064169,21.557628],[72.063981,21.557686],[72.063778,21.557727],[72.063368,21.557858],[72.06317,21.557867],[72.06288,21.557849],[72.061669,21.557767],[72.058792,21.557608],[72.057479,21.557309],[72.057001,21.55716],[72.05674,21.557358],[72.056629,21.55744],[72.056311,21.557598],[72.055659,21.558058],[72.05562,21.55808],[72.055379,21.558369],[72.055284,21.558564],[72.05519,21.558758],[72.054949,21.559047],[72.054591,21.559028],[72.054538,21.559046],[72.054389,21.559069],[72.054191,21.559119],[72.05364,21.559109],[72.053249,21.559068],[72.05295,21.559077],[72.052839,21.559497],[72.052699,21.559877],[72.05236,21.56087],[72.05179,21.56194],[72.051452,21.562378],[72.05107,21.563019],[72.050959,21.563497],[72.050833,21.564238],[72.05078,21.564726],[72.05063,21.565529],[72.050489,21.566487],[72.050469,21.567467],[72.050513,21.567778],[72.050339,21.567828],[72.04989,21.567959],[72.049562,21.567958],[72.048793,21.567822],[72.04836,21.567746],[72.04793,21.567605],[72.04766,21.567578],[72.047042,21.567808],[72.046742,21.567867],[72.0464,21.567636],[72.046042,21.567528],[72.045733,21.567627],[72.044913,21.567866],[72.044531,21.568006],[72.04428,21.568146],[72.043981,21.568538],[72.04371,21.568746],[72.043203,21.56871],[72.042851,21.568786],[72.042542,21.569025],[72.042363,21.569278],[72.04201,21.569879],[72.041711,21.569829],[72.041392,21.569729],[72.041132,21.569499],[72.040152,21.568198],[72.039013,21.568518],[72.038332,21.569497],[72.038134,21.569795],[72.037752,21.57064],[72.037491,21.571227],[72.037172,21.571095],[72.036453,21.570905],[72.035241,21.570747],[72.033725,21.571157],[72.032755,21.571287],[72.031605,21.571598],[72.031036,21.571909],[72.03076,21.572038],[72.030485,21.572167],[72.030171,21.572017],[72.029462,21.571796],[72.028646,21.571709],[72.026054,21.570927],[72.024674,21.570465],[72.023583,21.570009],[72.022314,21.569448],[72.021826,21.56924],[72.021363,21.568409],[72.021113,21.56798],[72.020587,21.567406],[72.020973,21.567108],[72.020824,21.566719],[72.020693,21.566548],[72.020626,21.566507],[72.020534,21.566448],[72.020476,21.566349],[72.020525,21.566128],[72.020815,21.565888],[72.020805,21.565717],[72.020786,21.565527],[72.020704,21.565396],[72.020636,21.565337],[72.020453,21.565297],[72.020323,21.56508],[72.020333,21.56475],[72.020294,21.564619],[72.020135,21.564307],[72.020005,21.564217],[72.019836,21.564127],[72.019484,21.563828],[72.019426,21.5633],[72.019446,21.56298],[72.019456,21.562659],[72.019437,21.561878],[72.018704,21.560938],[72.018554,21.56078],[72.018414,21.56054],[72.018357,21.56036],[72.018367,21.56012],[72.018536,21.559579],[72.019207,21.559209],[72.020144,21.558469],[72.021183,21.55725],[72.021396,21.55665],[72.021483,21.555737],[72.021865,21.5552],[72.023403,21.551557],[72.024243,21.55074],[72.025054,21.55033],[72.025195,21.549391],[72.026524,21.546271],[72.027003,21.545151],[72.028011,21.545491],[72.028755,21.54555],[72.029566,21.54527],[72.030406,21.545487],[72.030941,21.545298],[72.031212,21.54552],[72.032051,21.54613],[72.032862,21.546559],[72.033431,21.546311],[72.033832,21.546248],[72.034745,21.545969],[72.036555,21.545608],[72.037733,21.545609],[72.039784,21.546098],[72.040875,21.546401],[72.042183,21.546528],[72.043172,21.546668],[72.045363,21.54699],[72.046522,21.54704],[72.047593,21.547271],[72.05129,21.548871],[72.051941,21.549237],[72.05212,21.54926],[72.05226,21.54912],[72.052381,21.548998],[72.05239,21.548939],[72.052419,21.54889],[72.052438,21.548849],[72.052453,21.548808],[72.05255,21.548659],[72.052521,21.548438],[72.052521,21.548248],[72.052521,21.548149],[72.052579,21.54809],[72.052579,21.548068],[72.052661,21.548009],[72.05269,21.547991],[72.0527,21.547959],[72.05282,21.547959],[72.052893,21.54791],[72.05296,21.547887],[72.05296,21.547788],[72.05297,21.547657],[72.052772,21.547431],[72.052729,21.54702],[72.052912,21.546921],[72.05312,21.546889],[72.053139,21.54679],[72.052942,21.546411],[72.052812,21.546117],[72.052783,21.546018],[72.05273,21.545869],[72.052691,21.545787],[72.052551,21.545489],[72.052532,21.545349],[72.052619,21.545309],[72.052628,21.54525],[72.052691,21.545241],[72.05232,21.544789],[72.052093,21.544649],[72.052132,21.544419],[72.05217,21.544351],[72.05233,21.544311],[72.052383,21.544261],[72.05246,21.544247],[72.05246,21.544198],[72.05261,21.544148],[72.05274,21.54413],[72.052769,21.544139],[72.052832,21.544139],[72.052899,21.544031],[72.052981,21.54399],[72.053093,21.543918],[72.053199,21.54385],[72.053223,21.543859],[72.0533,21.543801],[72.05332,21.54367],[72.053291,21.543638],[72.053281,21.54362],[72.05304,21.543001],[72.053339,21.54306],[72.053629,21.543241],[72.053962,21.543539],[72.05413,21.543471],[72.054189,21.5432],[72.054362,21.542939],[72.054589,21.542979],[72.054773,21.542907],[72.05486,21.54274],[72.054869,21.5426],[72.054812,21.542478],[72.05473,21.542248],[72.05472,21.542212],[72.054768,21.542121],[72.054899,21.542099],[72.054961,21.541909],[72.055222,21.541842],[72.055512,21.541819],[72.056221,21.541819],[72.05653,21.541779],[72.05654,21.541747],[72.056603,21.541729],[72.056689,21.541689],[72.056829,21.541639],[72.056801,21.541499],[72.05682,21.541431],[72.056931,21.541328],[72.05696,21.54126],[72.057071,21.54117],[72.057148,21.541111],[72.057511,21.54084],[72.057501,21.540799],[72.057559,21.540781],[72.057578,21.540569],[72.057463,21.540059],[72.057511,21.539621],[72.057588,21.539341],[72.057738,21.539192],[72.05782,21.538939],[72.05782,21.538709],[72.05783,21.53846],[72.057748,21.538198],[72.05771,21.537941],[72.05769,21.537711],[72.057662,21.53748],[72.057662,21.537218],[72.057662,21.53697],[72.057561,21.536379],[72.057541,21.536302],[72.057498,21.536252],[72.057479,21.536229],[72.05744,21.536171],[72.057411,21.536098],[72.057339,21.53599],[72.05731,21.53585],[72.05758,21.535661],[72.05759,21.535602],[72.057648,21.535539],[72.057638,21.535462],[72.057552,21.535218],[72.057552,21.535182],[72.057561,21.53515],[72.05761,21.53506],[72.057682,21.534821],[72.057832,21.534622],[72.057938,21.534329],[72.057962,21.53422],[72.057919,21.534148],[72.057861,21.534062],[72.057769,21.533809],[72.057678,21.53366],[72.057499,21.533461],[72.057379,21.533199],[72.057461,21.532901],[72.057562,21.532639],[72.057731,21.5324],[72.057929,21.532071],[72.058012,21.531922],[72.05806,21.531768],[72.05807,21.531511],[72.058089,21.53114],[72.058089,21.531019],[72.058099,21.530788],[72.058128,21.530531],[72.05809,21.530301],[72.058041,21.53017],[72.05794,21.52998],[72.057829,21.52974],[72.057622,21.529501],[72.05685,21.52872],[72.056198,21.528751],[72.05504,21.528579],[72.052921,21.52823],[72.052231,21.528009],[72.051952,21.527652],[72.051469,21.52757],[72.050301,21.527389],[72.048829,21.527059],[72.048009,21.527022],[72.047652,21.526941],[72.047,21.526733],[72.046112,21.526642],[72.045321,21.526402],[72.044182,21.526239],[72.042942,21.526081],[72.041301,21.5258],[72.039834,21.52546],[72.038652,21.525243],[72.03731,21.52536],[72.035525,21.52521],[72.033614,21.52473],[72.031283,21.524142],[72.028364,21.523531],[72.026655,21.523159],[72.024764,21.522973],[72.024408,21.522898],[72.023857,21.522783],[72.023225,21.52243],[72.021333,21.522122],[72.020035,21.522031],[72.019813,21.521873],[72.018906,21.521673],[72.018187,21.521542],[72.017226,21.5217],[72.015653,21.521581],[72.014177,21.521101],[72.014177,21.520591],[72.013917,21.519923],[72.013015,21.519051],[72.012986,21.519051],[72.012634,21.51873],[72.012514,21.518603],[72.012436,21.518522],[72.012166,21.518373],[72.011954,21.518224],[72.011737,21.518142],[72.011115,21.517062],[72.011265,21.51662],[72.010827,21.51573],[72.010654,21.515003],[72.010707,21.514542],[72.010476,21.514113],[72.010206,21.513603],[72.009917,21.513183],[72.009878,21.513133],[72.009536,21.512672],[72.009087,21.512441],[72.008744,21.512482],[72.007924,21.512174],[72.007336,21.511871],[72.006554,21.511473],[72.005937,21.510872],[72.004987,21.510302],[72.004654,21.510072],[72.004915,21.509851],[72.006726,21.508222],[72.008624,21.506552],[72.008257,21.505992],[72.008007,21.505581],[72.007694,21.504475],[72.007578,21.504344],[72.007598,21.504082],[72.007555,21.503711],[72.007646,21.503445],[72.007555,21.503233],[72.007454,21.503111],[72.007468,21.502953],[72.007478,21.502844],[72.007285,21.502632],[72.007218,21.502343],[72.006837,21.501972],[72.006866,21.501864],[72.007016,21.501322],[72.006987,21.500893],[72.006944,21.500631],[72.006958,21.500318],[72.006971,21.500005],[72.006916,21.499814],[72.006776,21.499565],[72.006444,21.498711],[72.006227,21.498395],[72.006015,21.498174],[72.005919,21.497952],[72.005895,21.497605],[72.005977,21.497343],[72.006006,21.497013],[72.005934,21.496552],[72.005795,21.495834],[72.005877,21.495622],[72.006036,21.495442],[72.006104,21.495315],[72.006148,21.495184],[72.006138,21.494864],[72.006114,21.494552],[72.006158,21.494371],[72.006264,21.494173],[72.006298,21.493924],[72.005618,21.493522],[72.005285,21.493242],[72.003375,21.492622],[72.001919,21.492034],[72.001585,21.492386],[72.000195,21.493523],[72.0,21.493606],[71.999466,21.493834],[71.998238,21.494512],[71.997259,21.494752],[71.997209,21.49478],[71.996256,21.495304],[71.995219,21.495955],[71.994746,21.496425],[71.994366,21.497306],[71.994009,21.497744],[71.992668,21.498373],[71.992271,21.498739],[71.99181,21.499163],[71.990806,21.498893],[71.990676,21.499015],[71.990879,21.499345],[71.990966,21.499643],[71.99058,21.499611],[71.989909,21.499373],[71.988771,21.499712],[71.987896,21.498624],[71.98723,21.498254],[71.986858,21.498042],[71.986337,21.497564],[71.986081,21.497013],[71.985149,21.496332],[71.983789,21.496622],[71.983518,21.496636],[71.982298,21.496655],[71.980941,21.496321],[71.980698,21.496167],[71.980472,21.495955],[71.980374,21.495756],[71.98031,21.495173],[71.980281,21.494957],[71.980167,21.494863],[71.980072,21.494801],[71.979859,21.494813],[71.979525,21.494811],[71.979047,21.494811],[71.978653,21.494754],[71.978413,21.494759],[71.978184,21.494835],[71.977904,21.49492],[71.977685,21.494916],[71.977162,21.494821],[71.976733,21.494725],[71.976485,21.494745],[71.976239,21.494822],[71.976002,21.494946],[71.975758,21.495118],[71.975371,21.495405],[71.975117,21.495514],[71.974827,21.495567],[71.974589,21.495483],[71.974261,21.495345],[71.974047,21.495317],[71.973919,21.495343],[71.973854,21.49548],[71.973807,21.495673],[71.973715,21.495795],[71.973578,21.495797],[71.973261,21.495755],[71.972917,21.495649],[71.972614,21.495462],[71.972223,21.495133],[71.971656,21.494552],[71.971457,21.494435],[71.971157,21.494417],[71.970653,21.49441],[71.970345,21.494423],[71.970176,21.494506],[71.970093,21.494619],[71.97004,21.494865],[71.969621,21.495262],[71.969239,21.495123],[71.96895,21.495005],[71.968081,21.495182],[71.967459,21.494835],[71.966942,21.494614],[71.966402,21.494402],[71.966339,21.494226],[71.966232,21.493693],[71.965663,21.493626],[71.96493,21.493563],[71.964071,21.493364],[71.96229,21.493456],[71.961793,21.493316],[71.961504,21.493655],[71.961629,21.493953],[71.962363,21.495032],[71.96288,21.495944],[71.962972,21.496242],[71.962442,21.496563],[71.962273,21.496815],[71.96179,21.5],[71.961691,21.500654],[71.961822,21.500885],[71.963602,21.500771],[71.963878,21.502554],[71.96372,21.504],[71.962819,21.50559],[71.962278,21.50531],[71.96139,21.504899],[71.96097,21.504904],[71.960246,21.505135],[71.959802,21.505063],[71.959871,21.50761],[71.960378,21.508165],[71.961445,21.508711],[71.960924,21.509375],[71.961137,21.509582],[71.961292,21.509993],[71.9612,21.510504],[71.960766,21.511529],[71.959589,21.512342],[71.957872,21.513468],[71.956579,21.514024],[71.954736,21.515199],[71.95274,21.518379],[71.951249,21.5181],[71.947131,21.516182],[71.945829,21.51705],[71.945264,21.517619],[71.943079,21.520018],[71.941854,21.521129],[71.939648,21.520733],[71.939364,21.520412],[71.938881,21.519961],[71.938461,21.519419],[71.938055,21.519013],[71.93393,21.522139],[71.932439,21.521919],[71.931337,21.521812],[71.931287,21.521808],[71.930151,21.521698],[71.927482,21.521771],[71.924611,21.52072],[71.922356,21.5197],[71.92074,21.520491],[71.916976,21.52247],[71.915075,21.522967],[71.912314,21.523207],[71.911455,21.523139],[71.910833,21.522548],[71.910287,21.52104],[71.906528,21.525182],[71.903127,21.530019],[71.902457,21.532669],[71.902085,21.53369],[71.900683,21.537127],[71.900126,21.538491],[71.897994,21.544578],[71.896004,21.548115],[71.893554,21.552468],[71.891751,21.554326],[71.891574,21.554509],[71.890596,21.555516],[71.890007,21.558628],[71.889776,21.561983],[71.889318,21.566977],[71.890433,21.568955],[71.890554,21.569592],[71.888768,21.575657],[71.888726,21.581288],[71.887069,21.581202],[71.882647,21.582602],[71.882995,21.583835],[71.874671,21.584716],[71.875086,21.586405],[71.875019,21.587254],[71.874739,21.587385],[71.874478,21.587362],[71.867989,21.587376],[71.868587,21.592],[71.86963,21.599645],[71.862329,21.602345],[71.86147,21.601194],[71.85907,21.601397],[71.859238,21.605416],[71.856891,21.607145],[71.85692,21.607384],[71.85693,21.607646],[71.857181,21.607944],[71.857596,21.608089],[71.857789,21.608513],[71.857688,21.608865],[71.857751,21.609326],[71.857939,21.609863],[71.857886,21.610225],[71.857992,21.611223],[71.858339,21.611792],[71.85875,21.612031],[71.859189,21.612478],[71.859489,21.612993],[71.859151,21.61353],[71.859059,21.614041],[71.858378,21.61456],[71.857842,21.614745],[71.857518,21.615151],[71.857644,21.615752],[71.858122,21.616262],[71.8583,21.616651],[71.857842,21.616912],[71.857552,21.617572],[71.857441,21.618231],[71.858034,21.619292],[71.858281,21.619983],[71.858203,21.620652],[71.85801,21.622535],[71.85758,21.623551],[71.857609,21.624273],[71.858391,21.625619],[71.859251,21.626861],[71.859613,21.628414],[71.859922,21.628803],[71.860878,21.630681],[71.86109,21.631932],[71.862013,21.63321],[71.862921,21.635319],[71.863698,21.63713],[71.86406,21.638918],[71.86832,21.638078],[71.868035,21.648139],[71.869629,21.651729],[71.864354,21.653648],[71.860832,21.655012],[71.857591,21.656168],[71.8561,21.656812],[71.855253,21.657179],[71.847702,21.660867],[71.837612,21.657609],[71.830655,21.660168],[71.832562,21.663732],[71.832803,21.664928],[71.833097,21.666816],[71.834375,21.674488],[71.840583,21.674797],[71.841714,21.675082],[71.852772,21.678195],[71.854312,21.681536],[71.85452,21.682787],[71.853409,21.684765],[71.852945,21.685935],[71.853031,21.687226],[71.852669,21.688138],[71.851118,21.688574],[71.846663,21.689826],[71.841203,21.689879],[71.839512,21.688967],[71.838401,21.688339],[71.836392,21.686654],[71.834884,21.685335],[71.833286,21.683696],[71.832634,21.683136],[71.828885,21.680574],[71.826156,21.67869],[71.825982,21.679137],[71.825185,21.679539],[71.824924,21.679819],[71.824474,21.680519],[71.823967,21.680866],[71.823585,21.680884],[71.822575,21.681358],[71.822078,21.681557],[71.821817,21.681886],[71.821275,21.682067],[71.821256,21.682496],[71.820995,21.683236],[71.820666,21.683864],[71.820328,21.684067],[71.820057,21.684351],[71.819699,21.684396],[71.819366,21.68464],[71.819032,21.685218],[71.818834,21.686189],[71.81836,21.687177],[71.818147,21.687557],[71.817717,21.687977],[71.817326,21.688518],[71.816934,21.688866],[71.816489,21.689308],[71.815494,21.689014],[71.815156,21.688829],[71.814919,21.68849],[71.814495,21.687375],[71.81422,21.686557],[71.814287,21.686178],[71.814606,21.686016],[71.815945,21.685339],[71.816187,21.685068],[71.816158,21.684774],[71.815849,21.684467],[71.815023,21.68449],[71.814757,21.684349],[71.814366,21.683428],[71.814018,21.682751],[71.813526,21.682488],[71.812888,21.682199],[71.812415,21.68168],[71.809628,21.680049],[71.80431,21.676718],[71.804035,21.674962],[71.80246,21.66663],[71.792249,21.662899],[71.786459,21.66086],[71.78338,21.65944],[71.780301,21.658021],[71.77397,21.655091],[71.770778,21.653703],[71.765678,21.651453],[71.765539,21.651392],[71.761821,21.649493],[71.750813,21.649029],[71.75,21.648919],[71.749466,21.648847],[71.744547,21.649777],[71.743591,21.655661],[71.74279,21.657215],[71.739599,21.659611],[71.737456,21.661405],[71.737318,21.664521],[71.737639,21.666819],[71.738186,21.667975],[71.73952,21.669107],[71.741898,21.671111],[71.743359,21.672902],[71.744273,21.674437],[71.74683,21.67653],[71.749493,21.678109],[71.75,21.678474],[71.750996,21.679189],[71.75,21.680598],[71.749496,21.681311],[71.747874,21.682301],[71.743997,21.685162],[71.7414,21.682134],[71.740577,21.68064],[71.739069,21.679191],[71.737377,21.677734],[71.73564,21.675003],[71.734228,21.673211],[71.732854,21.670665],[71.731306,21.667894],[71.729203,21.664739],[71.728337,21.66431],[71.725487,21.66316],[71.720877,21.661325],[71.718911,21.662609],[71.716497,21.664317],[71.713623,21.665041],[71.711155,21.664785],[71.707459,21.66513],[71.703517,21.66543],[71.701144,21.662018],[71.69982,21.661332],[71.697582,21.659368],[71.697582,21.658388],[71.697628,21.655444],[71.695802,21.65442],[71.695985,21.653097],[71.694231,21.653271],[71.692971,21.653396],[71.69302,21.654548],[71.692518,21.655446],[71.691513,21.656544],[71.68932,21.655818],[71.686857,21.657829],[71.685263,21.6574],[71.681248,21.655654],[71.679013,21.658125],[71.678286,21.658992],[71.677511,21.659918],[71.676869,21.661797],[71.676097,21.6641],[71.67632,21.666832],[71.675315,21.666579],[71.674403,21.667596],[71.675224,21.668065],[71.676916,21.669433],[71.676549,21.670241],[71.676414,21.671352],[71.6771,21.672973],[71.677511,21.673957],[71.677647,21.674355],[71.676691,21.675249],[71.675822,21.677214],[71.676508,21.679137],[71.675321,21.681996],[71.675413,21.683021],[71.675597,21.685148],[71.675598,21.687753],[71.675415,21.68942],[71.674866,21.693145],[71.674775,21.696857],[71.674752,21.698542],[71.674728,21.700226],[71.67368,21.700398],[71.672859,21.703175],[71.671675,21.702787],[71.671635,21.702836],[71.670898,21.703727],[71.670806,21.704883],[71.671082,21.705605],[71.67172,21.705948],[71.672817,21.70644],[71.673499,21.707465],[71.673866,21.709258],[71.672818,21.710111],[71.674005,21.71758],[71.671767,21.717152],[71.671087,21.721442],[71.670214,21.726775],[71.670172,21.730058],[71.669634,21.733045],[71.669487,21.73386],[71.671589,21.734541],[71.671768,21.735309],[71.672179,21.736248],[71.671861,21.737102],[71.672412,21.738041],[71.672229,21.739066],[71.673007,21.739919],[71.672592,21.741071],[71.672916,21.741865],[71.676154,21.742289],[71.681539,21.742843],[71.681221,21.745534],[71.683319,21.745447],[71.683141,21.748563],[71.682941,21.75],[71.686777,21.750815],[71.688207,21.751745],[71.689037,21.752255],[71.689338,21.752436],[71.689338,21.752436],[71.689338,21.752436],[71.690167,21.752935],[71.690766,21.753255],[71.691386,21.753485],[71.691716,21.753565],[71.692666,21.753725],[71.693616,21.753995],[71.694586,21.754215],[71.695566,21.754475],[71.696256,21.754645],[71.697216,21.754775],[71.699565,21.755035],[71.701565,21.755215],[71.703205,21.755395],[71.704215,21.755515],[71.704865,21.755615],[71.704855,21.756185],[71.704825,21.757025],[71.705485,21.757075],[71.706754,21.757335],[71.707974,21.757515],[71.709544,21.757795],[71.709114,21.758235],[71.708524,21.759085],[71.708084,21.759765],[71.708284,21.759895],[71.708604,21.760025],[71.708994,21.760085],[71.709384,21.760045],[71.709594,21.760075],[71.709824,21.760195],[71.710264,21.760635],[71.710514,21.760844],[71.710654,21.760904],[71.711134,21.760994],[71.711764,21.761024],[71.712054,21.761034],[71.712504,21.761164],[71.712944,21.761374],[71.713234,21.761574],[71.713464,21.761954],[71.713974,21.761864],[71.716753,21.760844],[71.719003,21.760054],[71.720293,21.759714],[71.720943,21.759585],[71.721533,21.759555],[71.722243,21.759585],[71.723212,21.759245],[71.724162,21.758905],[71.726012,21.758225],[71.727212,21.757715],[71.727912,21.757545],[71.728862,21.758765],[71.729262,21.759324],[71.729792,21.760094],[71.730202,21.760554],[71.730792,21.760764],[71.731541,21.760854],[71.732351,21.761104],[71.732561,21.761294],[71.732591,21.761554],[71.732341,21.762374],[71.732321,21.762944],[71.732581,21.763434],[71.733061,21.763734],[71.734431,21.764284],[71.735321,21.764714],[71.736021,21.765354],[71.736371,21.765904],[71.736741,21.766654],[71.737131,21.767484],[71.738861,21.767464],[71.73955,21.767534],[71.7418,21.767874],[71.74276,21.768004],[71.74372,21.768144],[71.74508,21.768354],[71.74608,21.768544],[71.74674,21.768714],[71.747215,21.768844],[71.747215,21.768844],[71.74769,21.768974],[71.748379,21.769074],[71.749499,21.76896],[71.75,21.76886],[71.750228,21.768814],[71.752639,21.770852],[71.756977,21.768395],[71.759316,21.769435],[71.760429,21.768614],[71.760767,21.768853],[71.761478,21.768781],[71.761729,21.768831],[71.761898,21.769026],[71.762159,21.769604],[71.762598,21.769893],[71.763497,21.770282],[71.76444,21.770653],[71.765276,21.770653],[71.765846,21.770645],[71.768437,21.771143],[71.769931,21.771449],[71.771425,21.771755],[71.773575,21.772524],[71.775035,21.773143],[71.776026,21.772913],[71.776466,21.772945],[71.777365,21.773185],[71.780067,21.774112],[71.784093,21.775623],[71.784414,21.773505],[71.784575,21.770791],[71.784484,21.769324],[71.784837,21.768832],[71.785587,21.767703],[71.786207,21.766223],[71.786434,21.765423],[71.786667,21.764335],[71.786857,21.762272],[71.787075,21.761323],[71.787685,21.759725],[71.788164,21.758714],[71.788324,21.757915],[71.788213,21.757305],[71.788035,21.756573],[71.787765,21.755864],[71.787533,21.755345],[71.787485,21.755024],[71.787393,21.754523],[71.787094,21.753376],[71.786964,21.752983],[71.786693,21.752554],[71.786495,21.752233],[71.786114,21.751985],[71.785693,21.751655],[71.785466,21.751406],[71.785254,21.751036],[71.784974,21.750613],[71.784566,21.750001],[71.784095,21.749316],[71.784023,21.748955],[71.785459,21.748414],[71.785952,21.747967],[71.785972,21.746454],[71.786431,21.746391],[71.78667,21.743474],[71.787243,21.739036],[71.787818,21.739262],[71.788161,21.739515],[71.788813,21.740229],[71.789673,21.740825],[71.790495,21.741087],[71.791359,21.741616],[71.792389,21.741594],[71.793462,21.741897],[71.794912,21.741957],[71.795023,21.742607],[71.794824,21.744097],[71.795969,21.744423],[71.796752,21.745222],[71.796969,21.745624],[71.797341,21.745674],[71.797872,21.746727],[71.798259,21.747092],[71.798718,21.747165],[71.800308,21.747017],[71.802357,21.747135],[71.80388,21.747235],[71.80548,21.747245],[71.806708,21.747223],[71.807172,21.747403],[71.807471,21.747932],[71.807258,21.748365],[71.80721,21.748523],[71.808452,21.748718],[71.808461,21.749364],[71.809259,21.749265],[71.809331,21.749644],[71.810578,21.749374],[71.810578,21.749581],[71.812067,21.749433],[71.812095,21.750001],[71.812139,21.750878],[71.813579,21.750842],[71.81486,21.751845],[71.815242,21.751827],[71.815286,21.751213],[71.817311,21.750992],[71.817418,21.750107],[71.820149,21.750072],[71.820384,21.750001],[71.82173,21.749581],[71.82158,21.747404],[71.821905,21.746505],[71.821687,21.745354],[71.821854,21.74511],[71.822021,21.744866],[71.821799,21.743936],[71.822017,21.743006],[71.821925,21.742256],[71.821848,21.741918],[71.822027,21.741186],[71.821878,21.740694],[71.822139,21.740256],[71.82167,21.739691],[71.821207,21.736977],[71.826234,21.736694],[71.829105,21.736591],[71.830995,21.736226],[71.833498,21.736353],[71.834508,21.736376],[71.837094,21.736124],[71.838356,21.736065],[71.838375,21.735686],[71.843189,21.735113],[71.852082,21.734722],[71.851932,21.737363],[71.851854,21.738903],[71.852216,21.742683],[71.852424,21.744783],[71.852863,21.747393],[71.853313,21.748639],[71.853356,21.749669],[71.851099,21.750001],[71.851379,21.750612],[71.851707,21.751293],[71.852635,21.754183],[71.854095,21.757005],[71.854766,21.759923],[71.854887,21.761873],[71.854645,21.763124],[71.854417,21.764655],[71.854587,21.765314],[71.855261,21.766484],[71.855935,21.767654],[71.857598,21.769352],[71.855606,21.769211],[71.852967,21.769234],[71.850279,21.769513],[71.850197,21.766944],[71.848026,21.766754],[71.846856,21.766912],[71.845507,21.767923],[71.845217,21.768492],[71.844318,21.770524],[71.843607,21.772592],[71.843558,21.774041],[71.843147,21.776421],[71.84245,21.778503],[71.841618,21.780932],[71.84066,21.781311],[71.83993,21.781911],[71.840597,21.783393],[71.842299,21.78333],[71.842468,21.784671],[71.84373,21.784671],[71.84505,21.784373],[71.846549,21.784292],[71.848937,21.784564],[71.849087,21.786203],[71.849497,21.78642],[71.854908,21.787351],[71.860448,21.789013],[71.861497,21.788602],[71.863045,21.787722],[71.865414,21.788742],[71.867053,21.788544],[71.868605,21.788742],[71.869954,21.789262],[71.871975,21.79077],[71.872642,21.791723],[71.872826,21.792382],[71.873283,21.793209],[71.873283,21.793209],[71.873442,21.793164],[71.873984,21.792974],[71.87413,21.792863],[71.874573,21.792501],[71.874832,21.792306],[71.874978,21.792315],[71.87521,21.792433],[71.875418,21.792655],[71.875886,21.793267],[71.876147,21.793566],[71.876553,21.793627],[71.876479,21.793807],[71.876124,21.793808],[71.875571,21.793848],[71.875165,21.793912],[71.874457,21.793854],[71.874181,21.793897],[71.873754,21.794385],[71.873754,21.794385],[71.873904,21.795249],[71.874465,21.795141],[71.876302,21.795299],[71.876592,21.795403],[71.877932,21.796401],[71.878671,21.796771],[71.879092,21.796889],[71.879972,21.796861],[71.880693,21.797119],[71.881234,21.797331],[71.883183,21.797692],[71.883734,21.797792],[71.883734,21.797819],[71.883744,21.797819],[71.884972,21.798749],[71.885441,21.79906],[71.886524,21.799029],[71.886703,21.800501],[71.888425,21.80083],[71.889014,21.7999],[71.890581,21.8006],[71.890944,21.801322],[71.891413,21.801742],[71.892114,21.802352],[71.893091,21.802658],[71.89283,21.803562],[71.892754,21.805038],[71.89341,21.805128],[71.894721,21.804772],[71.8962,21.804631],[71.896931,21.805169],[71.898793,21.806171],[71.899831,21.806699],[71.90048,21.807029],[71.902482,21.80804],[71.90359,21.80841],[71.906051,21.809281],[71.906975,21.80961],[71.907899,21.80994],[71.90948,21.810201],[71.9111,21.81044],[71.914127,21.81067],[71.917367,21.80996],[71.918257,21.810348],[71.920157,21.810677],[71.921637,21.811038],[71.922189,21.811331],[71.922556,21.811661],[71.923069,21.812767],[71.923669,21.813499],[71.924308,21.814049],[71.924787,21.814609],[71.925657,21.815589],[71.926397,21.816049],[71.929589,21.816048],[71.932239,21.815871],[71.934299,21.815739],[71.936708,21.816199],[71.938415,21.816578],[71.941297,21.816879],[71.943357,21.816481],[71.946185,21.815369],[71.947564,21.81498],[71.949314,21.814618],[71.950286,21.815308],[71.951636,21.815669],[71.951703,21.815709],[71.952364,21.815969],[71.953024,21.816228],[71.954035,21.816769],[71.954944,21.817528],[71.955636,21.81825],[71.956116,21.819139],[71.956696,21.819839],[71.957596,21.820299],[71.958365,21.820438],[71.959124,21.820158],[71.961691,21.818888]]]}},{"type":"Feature","properties":{"OBJECTID":2120,"state_lgd":"24","state_name":"GUJARAT","district_lgd":"481","district_name":"BHAVNAGAR","district_name_source":"district_table","subdistrict_lgd":"3859","subdistrict_name":"TALAJA","subdistrict_type":"Taluk","name_corrupted":false,"remarks":""},"geometry":{"type":"MultiPolygon","coordinates":[[[[72.011422,21.133211],[72.010993,21.133612],[72.011152,21.133761],[72.011672,21.133951],[72.012182,21.134033],[72.012755,21.133812],[72.013053,21.133559],[72.013082,21.133329],[72.012702,21.133022],[72.012043,21.132972],[72.011422,21.133211]]],[[[72.033102,21.155257],[72.03315,21.155591],[72.033713,21.156079],[72.034551,21.156599],[72.035118,21.156888],[72.035239,21.156807],[72.035273,21.156211],[72.035033,21.155561],[72.034662,21.155028],[72.034099,21.154549],[72.033661,21.154521],[72.033459,21.154779],[72.033102,21.155257]]],[[[72.045696,21.160464],[72.045552,21.160704],[72.045504,21.160944],[72.045552,21.16128],[72.045936,21.16176],[72.046224,21.162],[72.046704,21.162],[72.046992,21.161808],[72.047184,21.16152],[72.047184,21.16104],[72.046992,21.160752],[72.046704,21.160512],[72.046272,21.16032],[72.045936,21.16032],[72.045696,21.160464]]],[[[72.066759,21.176677],[72.066807,21.176989],[72.067159,21.177179],[72.067679,21.177355],[72.068069,21.177247],[72.067987,21.176885],[72.067428,21.176596],[72.067077,21.176537],[72.066759,21.176677]]],[[[72.083508,21.186265],[72.083492,21.1864],[72.083515,21.186451],[72.083604,21.186523],[72.083748,21.186528],[72.083849,21.186494],[72.083915,21.186419],[72.083924,21.186263],[72.083837,21.186167],[72.083627,21.186166],[72.083508,21.186265]]],[[[72.091216,21.537802],[72.092645,21.53796],[72.093388,21.536768],[72.093997,21.534822],[72.093254,21.534059],[72.092998,21.533702],[72.093205,21.533548],[72.093543,21.53344],[72.093476,21.532921],[72.093317,21.53246],[72.093196,21.532189],[72.093177,21.532149],[72.093027,21.531981],[72.092964,21.531891],[72.092916,21.53181],[72.092854,21.531561],[72.092805,21.531349],[72.093385,21.5306],[72.092927,21.52859],[72.092116,21.525691],[72.091774,21.522733],[72.091307,21.520403],[72.091447,21.518199],[72.091998,21.516312],[72.092589,21.515453],[72.093127,21.514673],[72.093442,21.514289],[72.094677,21.512781],[72.095005,21.511963],[72.095473,21.51083],[72.095416,21.509073],[72.095344,21.507312],[72.095745,21.504824],[72.095957,21.503411],[72.095837,21.502702],[72.095847,21.502291],[72.096503,21.501812],[72.096894,21.501632],[72.097227,21.501451],[72.097536,21.500634],[72.097768,21.500055],[72.09779,21.500001],[72.098057,21.499333],[72.098197,21.49875],[72.098366,21.497531],[72.098555,21.496822],[72.099143,21.495621],[72.099452,21.495174],[72.100524,21.494443],[72.101137,21.494154],[72.102266,21.493883],[72.102864,21.493571],[72.104794,21.491783],[72.105402,21.491503],[72.106816,21.490284],[72.107424,21.489955],[72.108293,21.489133],[72.108635,21.489151],[72.109272,21.489002],[72.110175,21.488673],[72.110541,21.488623],[72.110874,21.488542],[72.111333,21.488302],[72.112442,21.488045],[72.112462,21.488031],[72.113002,21.487842],[72.113345,21.487833],[72.113784,21.487923],[72.114025,21.487833],[72.114353,21.487643],[72.114561,21.487585],[72.115043,21.487255],[72.115275,21.487165],[72.115405,21.487183],[72.115545,21.487372],[72.115574,21.487544],[72.115772,21.487734],[72.115854,21.487774],[72.116273,21.487801],[72.118112,21.487693],[72.118744,21.487594],[72.12009,21.487214],[72.120823,21.486975],[72.121291,21.486935],[72.121542,21.486943],[72.121904,21.486975],[72.121311,21.487291],[72.121021,21.487535],[72.120973,21.487792],[72.120973,21.488163],[72.121161,21.488655],[72.121383,21.488971],[72.121692,21.489143],[72.122174,21.489224],[72.122493,21.489323],[72.122792,21.489671],[72.123081,21.490303],[72.123183,21.490624],[72.123202,21.490854],[72.123332,21.491211],[72.123381,21.491491],[72.123352,21.491685],[72.123052,21.492114],[72.123313,21.492394],[72.1245,21.493261],[72.125031,21.493491],[72.125619,21.493663],[72.127009,21.493835],[72.127699,21.493934],[72.128273,21.494241],[72.129069,21.495113],[72.129451,21.495641],[72.130493,21.497172],[72.13114,21.497352],[72.133871,21.497384],[72.134469,21.497501],[72.135511,21.498323],[72.136119,21.498603],[72.138392,21.499551],[72.138648,21.499732],[72.139328,21.500001],[72.139961,21.500163],[72.140269,21.499944],[72.140221,21.499343],[72.139922,21.498052],[72.140332,21.497943],[72.140848,21.497532],[72.141572,21.497293],[72.142387,21.496421],[72.144621,21.494863],[72.145089,21.494493],[72.145721,21.493282],[72.14616,21.492962],[72.14658,21.492433],[72.146719,21.491891],[72.146748,21.491304],[72.14655,21.490062],[72.146671,21.489511],[72.146637,21.488852],[72.14684,21.488292],[72.14683,21.488224],[72.146757,21.487814],[72.146699,21.487723],[72.146579,21.487204],[72.14641,21.486703],[72.146067,21.486043],[72.145908,21.485813],[72.145599,21.485465],[72.14515,21.485203],[72.14516,21.485131],[72.14515,21.484431],[72.145039,21.484034],[72.145049,21.483804],[72.14502,21.483555],[72.145121,21.483402],[72.145191,21.482544],[72.145201,21.482411],[72.145237,21.481975],[72.145401,21.480846],[72.144378,21.480724],[72.143509,21.480503],[72.141599,21.480065],[72.139712,21.479492],[72.135268,21.478264],[72.132822,21.477645],[72.131679,21.477252],[72.131621,21.477085],[72.131582,21.476444],[72.1315,21.476214],[72.131423,21.475984],[72.131409,21.475794],[72.131211,21.475654],[72.13108,21.475686],[72.129681,21.475555],[72.12902,21.475424],[72.12835,21.475564],[72.125749,21.475356],[72.124442,21.475184],[72.12327,21.474855],[72.120703,21.474363],[72.115444,21.473035],[72.114822,21.473125],[72.114262,21.472913],[72.114402,21.472375],[72.114914,21.468803],[72.115063,21.468365],[72.115194,21.468203],[72.115493,21.467557],[72.115613,21.467426],[72.116033,21.467146],[72.116323,21.466997],[72.116492,21.466974],[72.116834,21.466997],[72.11707,21.467124],[72.117244,21.467146],[72.117664,21.466975],[72.118421,21.466826],[72.118682,21.466686],[72.119,21.466455],[72.119155,21.466306],[72.11956,21.466026],[72.119994,21.465543],[72.1201,21.465295],[72.12025,21.465087],[72.120732,21.464685],[72.121383,21.464545],[72.121451,21.464504],[72.121543,21.464356],[72.121523,21.463945],[72.121581,21.463656],[72.12203,21.463507],[72.122474,21.463443],[72.122531,21.463407],[72.122551,21.463326],[72.122532,21.463055],[72.122551,21.462956],[72.122614,21.462897],[72.122932,21.462784],[72.12326,21.462784],[72.123501,21.462617],[72.123612,21.462256],[72.123434,21.461696],[72.123381,21.461276],[72.123453,21.461104],[72.123781,21.460783],[72.124051,21.460824],[72.124461,21.460747],[72.12476,21.460576],[72.125513,21.459907],[72.12574,21.459776],[72.125889,21.459736],[72.126082,21.459695],[72.126762,21.459587],[72.126989,21.459524],[72.12752,21.459406],[72.127119,21.459225],[72.12587,21.458386],[72.125059,21.457586],[72.12231,21.453215],[72.12832,21.453536],[72.129029,21.453644],[72.131658,21.453906],[72.131803,21.452117],[72.132049,21.449516],[72.132709,21.447127],[72.133452,21.445317],[72.133713,21.444269],[72.13445,21.441767],[72.135188,21.440087],[72.136418,21.437929],[72.136722,21.437039],[72.137021,21.435738],[72.137141,21.435278],[72.137189,21.434948],[72.137281,21.434627],[72.137281,21.43414],[72.137498,21.434036],[72.138521,21.434618],[72.140387,21.435178],[72.143807,21.436076],[72.145881,21.436419],[72.146127,21.435769],[72.14727,21.434008],[72.148996,21.431998],[72.14943,21.431496],[72.150997,21.429469],[72.151566,21.428109],[72.15241,21.427079],[72.1531,21.42684],[72.154165,21.426126],[72.154488,21.425797],[72.15648,21.423678],[72.157039,21.42371],[72.158486,21.424116],[72.158949,21.424328],[72.161009,21.424576],[72.162287,21.424797],[72.163097,21.42505],[72.164168,21.425438],[72.164805,21.4256],[72.165214,21.42556],[72.165697,21.425347],[72.165894,21.424868],[72.166015,21.424909],[72.166386,21.424358],[72.167056,21.424389],[72.168407,21.424357],[72.169005,21.424258],[72.169608,21.424488],[72.170997,21.42456],[72.171846,21.42456],[72.172096,21.424189],[72.172887,21.423326],[72.173147,21.423128],[72.173345,21.423069],[72.173856,21.423069],[72.174565,21.423299],[72.174985,21.423637],[72.175665,21.423958],[72.177146,21.424296],[72.177773,21.425538],[72.178362,21.427497],[72.179033,21.429317],[72.179844,21.431209],[72.180477,21.431886],[72.181914,21.431777],[72.182743,21.431619],[72.182835,21.431777],[72.183105,21.432025],[72.183385,21.432278],[72.183723,21.432675],[72.183733,21.43301],[72.183926,21.433646],[72.184225,21.434387],[72.184365,21.434865],[72.184365,21.435285],[72.184215,21.435929],[72.184202,21.435985],[72.184564,21.437028],[72.184984,21.437606],[72.185785,21.438455],[72.187382,21.439348],[72.189616,21.440878],[72.193283,21.443388],[72.196694,21.446204],[72.197761,21.447025],[72.197573,21.448845],[72.197616,21.449457],[72.197714,21.450886],[72.197884,21.453226],[72.198122,21.455127],[72.198374,21.457615],[72.1981,21.460184],[72.197311,21.463946],[72.196834,21.465626],[72.196005,21.466665],[72.195643,21.467293],[72.195861,21.468653],[72.197283,21.474825],[72.197924,21.474784],[72.198292,21.477073],[72.19849,21.478112],[72.199142,21.479024],[72.199003,21.479633],[72.197743,21.479363],[72.195702,21.479292],[72.194274,21.479143],[72.194361,21.479685],[72.194313,21.480263],[72.193585,21.480304],[72.193595,21.481045],[72.192982,21.481063],[72.191646,21.481104],[72.190295,21.481114],[72.189494,21.481105],[72.189523,21.482541],[72.189384,21.483264],[72.189443,21.485043],[72.189453,21.487594],[72.189434,21.488204],[72.187842,21.488783],[72.186535,21.489303],[72.186926,21.489903],[72.187974,21.491451],[72.188442,21.491993],[72.187945,21.492133],[72.185996,21.492473],[72.184814,21.493132],[72.184375,21.493521],[72.185046,21.494573],[72.185056,21.495851],[72.185722,21.496054],[72.186803,21.496442],[72.186914,21.495493],[72.187145,21.494852],[72.187845,21.494734],[72.188564,21.494892],[72.189215,21.495064],[72.189925,21.495221],[72.190475,21.495542],[72.190732,21.497524],[72.190601,21.497583],[72.189535,21.497493],[72.189106,21.497633],[72.188744,21.49854],[72.188635,21.499239],[72.188551,21.499938],[72.189146,21.500641],[72.189373,21.501101],[72.189373,21.501341],[72.189233,21.501431],[72.188736,21.501562],[72.188432,21.502262],[72.188196,21.5027],[72.187574,21.503604],[72.187362,21.504372],[72.187352,21.504521],[72.187333,21.504733],[72.186894,21.505912],[72.186653,21.506422],[72.186615,21.506679],[72.186504,21.506833],[72.186504,21.507072],[72.186543,21.507131],[72.186576,21.507203],[72.186553,21.508061],[72.186703,21.508901],[72.186795,21.509321],[72.187675,21.513439],[72.188075,21.51362],[72.188794,21.513863],[72.189383,21.514211],[72.189412,21.513592],[72.189691,21.512851],[72.189735,21.512192],[72.189956,21.510471],[72.190515,21.510209],[72.191123,21.50987],[72.191635,21.509581],[72.192175,21.509391],[72.193333,21.509102],[72.194202,21.509052],[72.194274,21.508821],[72.194375,21.508221],[72.194461,21.506753],[72.194562,21.505791],[72.195223,21.50589],[72.195672,21.505651],[72.196434,21.505163],[72.197573,21.504553],[72.196852,21.502051],[72.197542,21.501762],[72.198662,21.501391],[72.199511,21.501174],[72.200534,21.501052],[72.201412,21.501232],[72.202281,21.501511],[72.203444,21.502093],[72.204462,21.502192],[72.206001,21.50192],[72.207362,21.501581],[72.208501,21.50163],[72.208791,21.50214],[72.209119,21.502854],[72.209549,21.504073],[72.210123,21.504131],[72.210519,21.504311],[72.211152,21.504383],[72.211943,21.504564],[72.213463,21.504911],[72.213469,21.506161],[72.213412,21.507299],[72.213383,21.507503],[72.213349,21.507701],[72.21318,21.507701],[72.212881,21.507873],[72.212152,21.50786],[72.212481,21.50856],[72.212549,21.508641],[72.212621,21.509242],[72.212443,21.509323],[72.212231,21.509273],[72.212139,21.509603],[72.212173,21.51],[72.212083,21.512272],[72.211799,21.513491],[72.21137,21.515081],[72.21112,21.51579],[72.210942,21.516441],[72.210913,21.516852],[72.21087,21.517362],[72.210384,21.518314],[72.21018,21.518712],[72.209882,21.519381],[72.210779,21.519362],[72.211411,21.519389],[72.212159,21.519493],[72.213101,21.519461],[72.213641,21.519329],[72.213976,21.51934],[72.214572,21.51936],[72.215272,21.519392],[72.216093,21.51963],[72.217642,21.520031],[72.218299,21.520162],[72.218829,21.520099],[72.219828,21.519981],[72.220962,21.51989],[72.222198,21.519961],[72.222989,21.520078],[72.223139,21.520051],[72.223178,21.519911],[72.22324,21.519861],[72.223491,21.51899],[72.223939,21.517752],[72.224518,21.518131],[72.225087,21.518112],[72.225739,21.518288],[72.22612,21.517791],[72.226457,21.51724],[72.226698,21.516531],[72.226799,21.515881],[72.227441,21.515501],[72.228,21.51509],[72.22769,21.513722],[72.22754,21.513243],[72.22741,21.512561],[72.227409,21.512082],[72.227332,21.511491],[72.227409,21.511143],[72.22805,21.51061],[72.228098,21.510592],[72.228127,21.51052],[72.228339,21.510551],[72.228827,21.510402],[72.229377,21.510072],[72.22985,21.50994],[72.230028,21.509949],[72.230511,21.510143],[72.230747,21.510193],[72.231018,21.510251],[72.231119,21.510301],[72.231341,21.510283],[72.23177,21.5103],[72.231939,21.510359],[72.232137,21.510472],[72.233329,21.510241],[72.23467,21.509919],[72.235717,21.509481],[72.236069,21.50953],[72.23661,21.509272],[72.23743,21.509141],[72.23772,21.509041],[72.23797,21.508869],[72.238327,21.508372],[72.23866,21.507839],[72.239016,21.5076],[72.239248,21.507342],[72.239339,21.507171],[72.239436,21.507121],[72.239499,21.507053],[72.239518,21.507003],[72.239716,21.506791],[72.240627,21.506352],[72.240989,21.506329],[72.241269,21.50632],[72.241809,21.506062],[72.242538,21.505701],[72.242547,21.505601],[72.242706,21.505502],[72.244158,21.50458],[72.245258,21.504272],[72.245817,21.503951],[72.245986,21.503951],[72.246179,21.50349],[72.246526,21.502862],[72.246757,21.50232],[72.246878,21.50208],[72.246998,21.501882],[72.247138,21.501692],[72.247278,21.501552],[72.247466,21.501412],[72.247567,21.501353],[72.247837,21.50128],[72.248035,21.501113],[72.248237,21.50063],[72.24838,21.500384],[72.24862,21.500002],[72.248622,21.5],[72.249047,21.49941],[72.249548,21.49894],[72.249876,21.498723],[72.250006,21.498623],[72.250286,21.498591],[72.250416,21.498524],[72.250547,21.498483],[72.250648,21.498483],[72.250797,21.498564],[72.250967,21.498663],[72.251116,21.498672],[72.251584,21.498604],[72.251835,21.498513],[72.252028,21.498482],[72.252404,21.498341],[72.253071,21.498101],[72.25309,21.497463],[72.252731,21.495826],[72.2522,21.494599],[72.251579,21.493045],[72.250959,21.491655],[72.250603,21.490509],[72.249982,21.488873],[72.249272,21.487074],[72.249005,21.486174],[72.248474,21.485111],[72.247945,21.484376],[72.247152,21.483232],[72.246184,21.482417],[72.245572,21.482248],[72.245494,21.481762],[72.245492,21.481307],[72.245415,21.480817],[72.245463,21.480467],[72.245586,21.480139],[72.245234,21.479558],[72.245057,21.479045],[72.24493,21.478649],[72.244703,21.47823],[72.244527,21.477834],[72.244251,21.477508],[72.2441,21.477159],[72.243924,21.476856],[72.243723,21.476566],[72.243372,21.476264],[72.243071,21.475892],[72.24282,21.475589],[72.243042,21.475145],[72.243388,21.474583],[72.243736,21.474279],[72.243584,21.473859],[72.243333,21.473464],[72.243081,21.472951],[72.24273,21.472556],[72.242504,21.472184],[72.242042,21.471521],[72.241716,21.471149],[72.24134,21.47073],[72.241088,21.470265],[72.240762,21.469846],[72.240086,21.469242],[72.23971,21.468964],[72.239234,21.468429],[72.238833,21.467988],[72.238407,21.46757],[72.238005,21.467035],[72.237528,21.466348],[72.237101,21.46579],[72.236675,21.465255],[72.236473,21.464766],[72.236396,21.464323],[72.236244,21.463904],[72.236067,21.463414],[72.235813,21.462832],[72.23561,21.462203],[72.235383,21.461737],[72.23508,21.461015],[72.235103,21.460537],[72.235349,21.459882],[72.235471,21.459275],[72.235542,21.458621],[72.235615,21.458154],[72.235661,21.457524],[72.235683,21.456917],[72.235531,21.456474],[72.235355,21.456008],[72.235003,21.455566],[72.234577,21.455102],[72.234176,21.45466],[72.233526,21.454173],[72.233162,21.453824],[72.232836,21.453429],[72.232385,21.452988],[72.232085,21.452732],[72.231585,21.452431],[72.231384,21.452082],[72.231008,21.451675],[72.230531,21.450954],[72.230179,21.450442],[72.229928,21.450023],[72.229501,21.449511],[72.229225,21.449139],[72.228924,21.448697],[72.228623,21.448325],[72.228347,21.447953],[72.228021,21.447534],[72.22772,21.447162],[72.227469,21.446743],[72.227067,21.446162],[72.226666,21.445743],[72.226537,21.445335],[72.226161,21.44501],[72.225985,21.444638],[72.225734,21.444242],[72.225457,21.443823],[72.225306,21.443404],[72.225254,21.443054],[72.225253,21.442727],[72.2255,21.442283],[72.225748,21.442002],[72.226096,21.44193],[72.226319,21.441626],[72.226093,21.441207],[72.225842,21.440904],[72.225591,21.440556],[72.22544,21.440206],[72.225163,21.439717],[72.224612,21.439276],[72.224112,21.438858],[72.223761,21.438463],[72.22336,21.438022],[72.223069,21.437579],[72.222593,21.437115],[72.222267,21.436673],[72.22194,21.436161],[72.221639,21.435719],[72.221139,21.435511],[72.22064,21.435373],[72.220116,21.435212],[72.219766,21.43498],[72.2199,21.434636],[72.219476,21.434506],[72.218983,21.433592],[72.218245,21.432737],[72.217753,21.432052],[72.217627,21.431366],[72.217439,21.430508],[72.217006,21.429365],[72.21633,21.428624],[72.216081,21.427652],[72.215467,21.42714],[72.215095,21.426168],[72.214235,21.425199],[72.213252,21.424116],[72.212084,21.422747],[72.211163,21.42195],[72.210608,21.421036],[72.209565,21.420182],[72.208707,21.419613],[72.207602,21.418702],[72.206622,21.418191],[72.206369,21.418165],[72.205729,21.417194],[72.204486,21.416145],[72.203864,21.415463],[72.202735,21.414625],[72.202218,21.41383],[72.201032,21.413006],[72.200523,21.412454],[72.199972,21.411904],[72.199251,21.411116],[72.198362,21.41037],[72.197303,21.409544],[72.19654,21.408876],[72.196067,21.408488],[72.195464,21.408075],[72.195113,21.407602],[72.194668,21.406982],[72.194127,21.406421],[72.193904,21.406215],[72.19327,21.405773],[72.192572,21.40545],[72.191811,21.405068],[72.190606,21.404539],[72.189939,21.404157],[72.189542,21.403714],[72.189191,21.403123],[72.188651,21.402651],[72.188332,21.402208],[72.187793,21.401825],[72.186967,21.401265],[72.186364,21.400912],[72.185539,21.400323],[72.184872,21.399881],[72.184333,21.399468],[72.183761,21.398937],[72.183315,21.398406],[72.182362,21.397639],[72.181901,21.397182],[72.181045,21.396741],[72.180568,21.396298],[72.180092,21.395826],[72.179741,21.395294],[72.17898,21.394852],[72.178376,21.394233],[72.17774,21.393672],[72.176978,21.393053],[72.176374,21.392552],[72.175865,21.391872],[72.17542,21.391341],[72.174911,21.390809],[72.174561,21.390366],[72.174242,21.389745],[72.173657,21.389214],[72.173084,21.388505],[72.172544,21.387974],[72.172132,21.387739],[72.171687,21.387414],[72.1714,21.386823],[72.171082,21.386528],[72.170938,21.386317],[72.170777,21.386067],[72.170535,21.385844],[72.170321,21.385594],[72.170025,21.385121],[72.169622,21.384572],[72.169513,21.384073],[72.16951,21.383423],[72.169668,21.382897],[72.169905,21.382297],[72.169904,21.381972],[72.169902,21.381522],[72.169633,21.380973],[72.169418,21.380724],[72.169257,21.380474],[72.169202,21.380175],[72.168857,21.379854],[72.168887,21.379068],[72.16827,21.37802],[72.167961,21.377162],[72.167651,21.376209],[72.166626,21.375067],[72.165399,21.374118],[72.16417,21.372881],[72.163452,21.371834],[72.162836,21.370882],[72.16171,21.369645],[72.160686,21.368695],[72.15905,21.367555],[72.158128,21.366413],[72.157206,21.365462],[72.156693,21.364605],[72.15638,21.363079],[72.155968,21.36203],[72.15586,21.360599],[72.154837,21.359744],[72.153508,21.358794],[72.152995,21.357937],[72.152381,21.357367],[72.151357,21.356416],[72.151049,21.35594],[72.150077,21.356074],[72.149633,21.355612],[72.149322,21.355243],[72.148529,21.354349],[72.148245,21.353954],[72.148018,21.353638],[72.147791,21.353296],[72.147423,21.352928],[72.147027,21.352559],[72.146575,21.352244],[72.146038,21.35185],[72.145585,21.351483],[72.145273,21.351009],[72.144763,21.350456],[72.14417,21.350036],[72.143745,21.349642],[72.143208,21.349142],[72.142742,21.34884],[72.142514,21.348471],[72.142203,21.348182],[72.141751,21.347788],[72.141496,21.347604],[72.141185,21.347209],[72.140562,21.34671],[72.140025,21.346343],[72.13963,21.346054],[72.13912,21.345475],[72.138328,21.344923],[72.137697,21.344173],[72.136847,21.343226],[72.136225,21.342727],[72.13563,21.342069],[72.135092,21.341358],[72.134187,21.340675],[72.133565,21.340071],[72.133055,21.339518],[72.132462,21.339098],[72.13271,21.338583],[72.132778,21.337643],[72.131772,21.336842],[72.130979,21.335771],[72.130189,21.335237],[72.129325,21.334167],[72.128603,21.332894],[72.127883,21.332025],[72.12709,21.330686],[72.126154,21.329582],[72.125146,21.328378],[72.124496,21.327105],[72.123775,21.325833],[72.123268,21.324627],[72.122835,21.32389],[72.122186,21.322819],[72.121826,21.322216],[72.121104,21.321011],[72.121102,21.320474],[72.120767,21.320397],[72.120699,21.319847],[72.119978,21.318811],[72.119322,21.317775],[72.118404,21.316496],[72.117486,21.315278],[72.11709,21.314241],[72.116565,21.313388],[72.115973,21.311924],[72.115185,21.310583],[72.114332,21.309303],[72.113675,21.307962],[72.113149,21.306925],[72.112427,21.305645],[72.11164,21.304488],[72.110527,21.303331],[72.10896,21.302787],[72.108473,21.302534],[72.107842,21.302475],[72.108128,21.301538],[72.109276,21.299833],[72.109931,21.298516],[72.110996,21.296656],[72.110989,21.295187],[72.11148,21.29418],[72.111475,21.292943],[72.110893,21.291786],[72.110063,21.290706],[72.109067,21.289241],[72.108651,21.288237],[72.107985,21.286925],[72.107402,21.285536],[72.106407,21.284147],[72.105577,21.283068],[72.104417,21.281835],[72.10367,21.280755],[72.101686,21.279603],[72.100778,21.279529],[72.099375,21.279302],[72.098394,21.279366],[72.097849,21.278157],[72.09776,21.276316],[72.097755,21.275089],[72.097996,21.27409],[72.098238,21.273169],[72.098562,21.272324],[72.098558,21.271327],[72.098471,21.2701],[72.098137,21.268567],[72.098132,21.267263],[72.098127,21.266035],[72.097877,21.26477],[72.097544,21.263544],[72.096803,21.262396],[72.095737,21.26171],[72.094996,21.260792],[72.094338,21.259797],[72.093599,21.259186],[72.092941,21.258421],[72.092365,21.257579],[72.092035,21.256966],[72.091131,21.255972],[72.090474,21.255361],[72.089813,21.253829],[72.089155,21.253064],[72.088497,21.252069],[72.087344,21.250386],[72.086193,21.248932],[72.085699,21.248244],[72.08496,21.247402],[72.084383,21.246407],[72.083186,21.246783],[72.082998,21.245977],[72.082666,21.245135],[72.082997,21.24458],[72.083364,21.24406],[72.084061,21.243054],[72.084317,21.242344],[72.08424,21.241617],[72.084236,21.240683],[72.084271,21.240094],[72.084268,21.239471],[72.084265,21.238745],[72.084447,21.237983],[72.084555,21.237186],[72.084736,21.236494],[72.085324,21.235799],[72.085691,21.235106],[72.086094,21.234516],[72.0863,21.234224],[72.086683,21.234432],[72.086929,21.234647],[72.08724,21.23443],[72.087375,21.234251],[72.087591,21.233894],[72.087787,21.233645],[72.088057,21.233211],[72.088191,21.232867],[72.088352,21.232344],[72.088513,21.231911],[72.088688,21.231477],[72.08885,21.231069],[72.089052,21.230674],[72.089281,21.230202],[72.089442,21.229781],[72.089617,21.229373],[72.089994,21.22871],[72.09017,21.228366],[72.090331,21.228085],[72.090466,21.227843],[72.09079,21.227421],[72.091088,21.227128],[72.091318,21.226847],[72.091629,21.226616],[72.091995,21.226437],[72.092469,21.226104],[72.092873,21.225867],[72.093211,21.225713],[72.093659,21.225534],[72.09412,21.225354],[72.094811,21.225071],[72.095204,21.224828],[72.095637,21.224534],[72.09592,21.224061],[72.096163,21.223602],[72.096338,21.223322],[72.096473,21.223067],[72.096661,21.222608],[72.096769,21.222302],[72.09689,21.222072],[72.097024,21.221715],[72.097268,21.221574],[72.097403,21.221383],[72.097579,21.221127],[72.097966,21.220903],[72.098386,21.220775],[72.098658,21.220672],[72.09897,21.220671],[72.099431,21.220669],[72.099812,21.220668],[72.100002,21.220616],[72.100109,21.220425],[72.100244,21.220106],[72.10031,21.219686],[72.100444,21.219278],[72.10047,21.218896],[72.100564,21.21859],[72.100644,21.218284],[72.100792,21.217965],[72.100927,21.217761],[72.101061,21.217493],[72.101223,21.217251],[72.101589,21.217071],[72.101774,21.21702],[72.101991,21.216955],[72.102289,21.216852],[72.102506,21.216762],[72.102682,21.216698],[72.102817,21.216545],[72.102925,21.216392],[72.103087,21.216136],[72.103208,21.215818],[72.103329,21.215588],[72.103437,21.215384],[72.103545,21.215091],[72.103625,21.214836],[72.103665,21.214568],[72.10384,21.214326],[72.104138,21.214147],[72.104409,21.213929],[72.104531,21.213827],[72.104679,21.213597],[72.104936,21.213443],[72.105071,21.21329],[72.105193,21.213124],[72.105382,21.212831],[72.10568,21.212639],[72.106045,21.212421],[72.106479,21.212292],[72.106805,21.212291],[72.107158,21.212302],[72.107416,21.212352],[72.10767,21.212326],[72.107832,21.212096],[72.108061,21.211714],[72.108304,21.211356],[72.108493,21.211101],[72.108655,21.210884],[72.108845,21.210667],[72.109169,21.210424],[72.109331,21.210207],[72.10948,21.210015],[72.109533,21.209722],[72.109478,21.209417],[72.109448,21.20892],[72.109366,21.208673],[72.109214,21.208164],[72.109349,21.207794],[72.109524,21.207564],[72.1097,21.207296],[72.109889,21.207137],[72.110119,21.207008],[72.110268,21.206855],[72.110457,21.206587],[72.110592,21.206306],[72.110753,21.206],[72.110847,21.205784],[72.110846,21.205529],[72.110872,21.205223],[72.110938,21.20479],[72.11087,21.204549],[72.110841,21.20423],[72.110786,21.204014],[72.110581,21.203748],[72.110485,21.203481],[72.110321,21.203176],[72.11021,21.202756],[72.11021,21.202527],[72.110303,21.202144],[72.110397,21.201889],[72.110491,21.20166],[72.110667,21.20143],[72.110774,21.201226],[72.110896,21.201016],[72.111058,21.200875],[72.111302,21.20076],[72.111736,21.200631],[72.111871,21.200541],[72.11202,21.200337],[72.112358,21.200081],[72.112425,21.199801],[72.11245,21.199317],[72.112408,21.1991],[72.112326,21.198859],[72.112053,21.198631],[72.111795,21.19853],[72.111496,21.198416],[72.111143,21.198367],[72.110803,21.198355],[72.110572,21.198343],[72.110314,21.198319],[72.110029,21.19832],[72.109744,21.198308],[72.109337,21.198233],[72.109065,21.198234],[72.108528,21.198236],[72.108025,21.198098],[72.107794,21.19801],[72.107563,21.197985],[72.10725,21.197859],[72.106788,21.197809],[72.10657,21.197683],[72.106176,21.197532],[72.105904,21.197367],[72.105645,21.197177],[72.105271,21.196987],[72.105012,21.196759],[72.104822,21.196632],[72.104617,21.196506],[72.104142,21.19638],[72.103789,21.196331],[72.103409,21.196421],[72.103164,21.196155],[72.10282,21.196105],[72.102575,21.196004],[72.102276,21.195839],[72.102099,21.195789],[72.101827,21.195612],[72.101677,21.195472],[72.101134,21.195487],[72.100863,21.195501],[72.100605,21.195502],[72.10017,21.195567],[72.099885,21.195581],[72.099505,21.195531],[72.09924,21.195507],[72.09886,21.19533],[72.098465,21.195178],[72.098098,21.195001],[72.097799,21.194875],[72.097419,21.194838],[72.097174,21.194725],[72.096793,21.194675],[72.096468,21.194651],[72.09606,21.194563],[72.095625,21.194424],[72.095534,21.19429],[72.095338,21.194002],[72.094826,21.193975],[72.094405,21.193864],[72.094073,21.193724],[72.093381,21.193473],[72.093019,21.193333],[72.092808,21.193051],[72.092597,21.192968],[72.092085,21.192969],[72.091754,21.192773],[72.091483,21.192633],[72.091001,21.192635],[72.09043,21.192608],[72.090039,21.192525],[72.089316,21.192415],[72.088654,21.192276],[72.088292,21.19208],[72.087669,21.191885],[72.087187,21.191576],[72.086794,21.191183],[72.08631,21.190592],[72.085888,21.190311],[72.086067,21.189775],[72.086276,21.189407],[72.086545,21.18904],[72.086814,21.188672],[72.086843,21.188333],[72.086901,21.187755],[72.086328,21.187531],[72.085727,21.187562],[72.085246,21.187563],[72.084524,21.187481],[72.084133,21.187483],[72.083741,21.187428],[72.08338,21.187288],[72.082538,21.187291],[72.082207,21.187264],[72.081755,21.187068],[72.081243,21.186759],[72.08058,21.186479],[72.080068,21.186255],[72.079375,21.185919],[72.079343,21.185553],[72.079281,21.185045],[72.079069,21.184566],[72.079007,21.184087],[72.078584,21.18375],[72.077802,21.183584],[72.07717,21.183501],[72.076598,21.183418],[72.075996,21.183364],[72.075544,21.183112],[72.075539,21.182697],[72.075252,21.181951],[72.07485,21.181098],[72.074052,21.180674],[72.073368,21.180516],[72.072571,21.180359],[72.071888,21.180521],[72.071375,21.180256],[72.070408,21.180259],[72.069668,21.180208],[72.069324,21.179729],[72.068987,21.179367],[72.068953,21.17933],[72.068923,21.179321],[72.067871,21.179013],[72.066732,21.17891],[72.065308,21.178702],[72.064396,21.178224],[72.063654,21.177693],[72.063138,21.176521],[72.062167,21.175777],[72.062904,21.175027],[72.062903,21.1746],[72.062786,21.173746],[72.061876,21.174016],[72.061137,21.174125],[72.060283,21.174021],[72.059145,21.174025],[72.058461,21.173867],[72.057721,21.17371],[72.056922,21.173178],[72.056294,21.172753],[72.055211,21.172277],[72.054242,21.171693],[72.053329,21.171055],[72.05236,21.170525],[72.051356,21.169996],[72.051188,21.169707],[72.050808,21.169633],[72.050427,21.169428],[72.050186,21.169241],[72.049926,21.16898],[72.049465,21.168634],[72.049184,21.168448],[72.048904,21.168242],[72.048522,21.167868],[72.048322,21.167644],[72.048001,21.167345],[72.04772,21.166971],[72.047438,21.166541],[72.047157,21.166186],[72.046776,21.165962],[72.046516,21.165681],[72.046515,21.1654],[72.046313,21.165063],[72.046192,21.164726],[72.046171,21.164445],[72.046046,21.164117],[72.045945,21.163668],[72.045863,21.163312],[72.045403,21.163107],[72.044983,21.163033],[72.044403,21.162998],[72.044003,21.162999],[72.043364,21.163132],[72.042905,21.163228],[72.042285,21.16323],[72.041925,21.163062],[72.041644,21.162894],[72.041304,21.162708],[72.041005,21.162831],[72.040665,21.162925],[72.040205,21.162777],[72.039925,21.162684],[72.039545,21.162741],[72.039145,21.162743],[72.038925,21.162668],[72.038685,21.162594],[72.038465,21.162464],[72.038245,21.162352],[72.037744,21.162129],[72.037203,21.16183],[72.036942,21.161531],[72.036941,21.161175],[72.036939,21.160706],[72.036938,21.160369],[72.036877,21.159975],[72.036716,21.159769],[72.036476,21.159564],[72.036236,21.15949],[72.035875,21.159378],[72.035596,21.159454],[72.035396,21.159474],[72.035196,21.159456],[72.034896,21.159344],[72.034716,21.159307],[72.034196,21.15929],[72.033836,21.159254],[72.033775,21.158935],[72.033389,21.159064],[72.03305,21.159259],[72.032587,21.159072],[72.031843,21.158886],[72.031259,21.158605],[72.030857,21.158475],[72.030213,21.158194],[72.029488,21.157932],[72.029144,21.157799],[72.028556,21.157631],[72.027967,21.157407],[72.027243,21.157169],[72.026941,21.157029],[72.026579,21.156917],[72.026232,21.15672],[72.025839,21.156523],[72.025462,21.15634],[72.025085,21.156158],[72.024647,21.155975],[72.024113,21.155921],[72.023525,21.155795],[72.022681,21.155656],[72.022198,21.155587],[72.02152,21.155434],[72.021173,21.155364],[72.020856,21.155351],[72.020238,21.155212],[72.019981,21.155022],[72.019438,21.154769],[72.01897,21.154544],[72.018547,21.154319],[72.018245,21.15415],[72.017792,21.153911],[72.01752,21.153573],[72.017338,21.153333],[72.01705,21.152924],[72.016763,21.152515],[72.016611,21.152275],[72.016252,21.152078],[72.015723,21.151797],[72.01521,21.151502],[72.014651,21.151179],[72.014229,21.15094],[72.013821,21.150658],[72.013323,21.150391],[72.012839,21.15011],[72.012341,21.149871],[72.011828,21.14959],[72.011408,21.149181],[72.010697,21.148604],[72.010425,21.148308],[72.010122,21.1478],[72.009804,21.147433],[72.009471,21.146812],[72.009198,21.146403],[72.00891,21.145909],[72.008637,21.145486],[72.008349,21.144935],[72.008303,21.14461],[72.008301,21.144031],[72.008283,21.143154],[72.008267,21.142801],[72.008582,21.142404],[72.008852,21.142022],[72.008688,21.141146],[72.008456,21.140499],[72.008361,21.139723],[72.008728,21.139204],[72.008956,21.138729],[72.009,21.138125],[72.008998,21.137737],[72.009732,21.137174],[72.010283,21.136784],[72.010925,21.136221],[72.010554,21.135359],[72.01023,21.13467],[72.009447,21.134543],[72.008943,21.134976],[72.008623,21.135495],[72.008671,21.136012],[72.008672,21.1364],[72.008627,21.136746],[72.008215,21.137308],[72.008033,21.137783],[72.007114,21.137872],[72.006148,21.137918],[72.005229,21.138179],[72.005188,21.139603],[72.005283,21.140379],[72.005193,21.14107],[72.004046,21.14185],[72.002989,21.141853],[72.002855,21.141854],[72.002253,21.141855],[72.00147,21.141642],[72.000642,21.141429],[71.999722,21.141431],[71.998986,21.141304],[71.998297,21.141436],[71.996598,21.141907],[71.996608,21.142594],[71.996681,21.143835],[71.996619,21.144404],[71.99649,21.144946],[71.996182,21.145543],[71.995792,21.145814],[71.99469,21.146144],[71.993251,21.146647],[71.99277,21.147013],[71.992352,21.147474],[71.991732,21.148526],[71.991309,21.150134],[71.990752,21.151494],[71.990405,21.151201],[71.989702,21.150885],[71.988903,21.150475],[71.988421,21.150376],[71.987343,21.150404],[71.98535,21.150504],[71.984541,21.150654],[71.983242,21.150935],[71.982053,21.151166],[71.980701,21.151514],[71.979411,21.151786],[71.977504,21.152076],[71.976263,21.152325],[71.975021,21.152557],[71.973774,21.152706],[71.972503,21.152865],[71.971512,21.153033],[71.970183,21.153155],[71.969933,21.153214],[71.969822,21.153413],[71.969822,21.153756],[71.969962,21.154343],[71.970122,21.154835],[71.970286,21.155364],[71.970021,21.155784],[71.969631,21.155915],[71.969323,21.155843],[71.968971,21.155703],[71.968591,21.155744],[71.967672,21.156566],[71.967484,21.156463],[71.966651,21.156183],[71.966165,21.156102],[71.965713,21.156324],[71.965232,21.156654],[71.965256,21.157426],[71.965305,21.158564],[71.965392,21.159092],[71.965479,21.159173],[71.965565,21.159255],[71.966986,21.159782],[71.967593,21.160215],[71.968614,21.160662],[71.968729,21.160772],[71.968845,21.160883],[71.969413,21.161795],[71.969765,21.162454],[71.970344,21.163483],[71.970753,21.163962],[71.971144,21.164273],[71.971914,21.164815],[71.972405,21.165176],[71.972584,21.165424],[71.972724,21.165704],[71.972743,21.166155],[71.972522,21.167113],[71.972335,21.168025],[71.972263,21.168224],[71.972485,21.168283],[71.972773,21.168323],[71.972735,21.168684],[71.972543,21.169321],[71.972534,21.170414],[71.971263,21.170523],[71.970055,21.170583],[71.969434,21.170673],[71.969044,21.170845],[71.968115,21.171302],[71.966984,21.171813],[71.966016,21.172134],[71.965525,21.172274],[71.965174,21.172572],[71.965015,21.172672],[71.964774,21.172722],[71.964254,21.172663],[71.963706,21.172704],[71.963253,21.172835],[71.963205,21.172804],[71.963224,21.172325],[71.963166,21.172203],[71.962964,21.172185],[71.962704,21.172235],[71.962405,21.172402],[71.962136,21.172904],[71.962016,21.173125],[71.960846,21.173663],[71.960023,21.173993],[71.959734,21.173993],[71.959334,21.173953],[71.959176,21.173885],[71.958877,21.173583],[71.958655,21.173425],[71.958506,21.173443],[71.958314,21.173615],[71.958025,21.173944],[71.957736,21.174094],[71.956985,21.174442],[71.956576,21.174433],[71.955526,21.174591],[71.955074,21.174623],[71.954684,21.174533],[71.954274,21.174393],[71.953634,21.174213],[71.953047,21.174263],[71.952585,21.174453],[71.952166,21.174742],[71.951834,21.175112],[71.951675,21.175185],[71.951453,21.175162],[71.951227,21.174982],[71.950876,21.174833],[71.950736,21.174792],[71.950515,21.174933],[71.950375,21.175172],[71.950226,21.175583],[71.949985,21.176044],[71.949807,21.176242],[71.949297,21.176482],[71.949004,21.176803],[71.948816,21.177101],[71.948426,21.178031],[71.947984,21.178515],[71.947098,21.179125],[71.945548,21.179704],[71.944768,21.180083],[71.943748,21.180662],[71.943329,21.181023],[71.943108,21.181312],[71.942819,21.181954],[71.942627,21.182324],[71.942376,21.182523],[71.941976,21.182707],[71.941659,21.182853],[71.941447,21.183223],[71.941288,21.183165],[71.941028,21.183025],[71.940176,21.182551],[71.938798,21.181761],[71.937859,21.181093],[71.93708,21.182015],[71.935886,21.183582],[71.934919,21.184842],[71.93373,21.186383],[71.933148,21.187033],[71.932768,21.187462],[71.932618,21.187801],[71.932286,21.188623],[71.93208,21.18884],[71.93167,21.189382],[71.93116,21.189911],[71.930819,21.190362],[71.930289,21.190652],[71.930121,21.190832],[71.929827,21.19132],[71.929567,21.191492],[71.929187,21.191492],[71.928989,21.19142],[71.928748,21.191411],[71.928628,21.191483],[71.92858,21.191731],[71.928638,21.19319],[71.928696,21.193872],[71.928937,21.19482],[71.929097,21.195412],[71.92927,21.196012],[71.929429,21.196581],[71.929728,21.197213],[71.93008,21.197751],[71.930446,21.198261],[71.93113,21.199042],[71.931597,21.199493],[71.93245,21.200071],[71.93325,21.20059],[71.934338,21.201272],[71.935167,21.201732],[71.935889,21.202251],[71.936217,21.202423],[71.936737,21.202111],[71.936728,21.203881],[71.936757,21.204509],[71.936858,21.204811],[71.93695,21.205001],[71.937778,21.20547],[71.939117,21.20631],[71.940317,21.207023],[71.940717,21.207321],[71.941237,21.206941],[71.941709,21.207361],[71.942648,21.208259],[71.943636,21.20913],[71.943877,21.209342],[71.943886,21.209401],[71.943718,21.209631],[71.943309,21.210142],[71.942967,21.21086],[71.942149,21.21217],[71.941379,21.21348],[71.941212,21.213762],[71.940807,21.214442],[71.940696,21.214709],[71.940147,21.21568],[71.93919,21.217342],[71.938578,21.218358],[71.938097,21.21918],[71.937669,21.22003],[71.937337,21.220531],[71.936918,21.221389],[71.936697,21.221741],[71.936528,21.221891],[71.936288,21.222049],[71.935339,21.22237],[71.934438,21.222618],[71.933576,21.222768],[71.933369,21.22289],[71.933287,21.22298],[71.933259,21.223219],[71.933447,21.224538],[71.933447,21.225057],[71.933708,21.225649],[71.933688,21.225988],[71.933887,21.22909],[71.934047,21.231849],[71.934187,21.2331],[71.934457,21.233678],[71.93545,21.234928],[71.936838,21.237059],[71.937349,21.237737],[71.938188,21.238689],[71.938727,21.239276],[71.9392,21.239899],[71.939238,21.240066],[71.939193,21.240107],[71.939147,21.240147],[71.938786,21.240229],[71.936498,21.240727],[71.934947,21.241016],[71.933348,21.241509],[71.933078,21.241577],[71.931831,21.24197],[71.930588,21.24249],[71.92975,21.242757],[71.928459,21.243028],[71.927727,21.243259],[71.92647,21.243566],[71.92491,21.243946],[71.924298,21.244158],[71.923932,21.244176],[71.923527,21.244289],[71.922771,21.24443],[71.922299,21.244597],[71.921499,21.244827],[71.92122,21.244918],[71.921051,21.245026],[71.92044,21.245207],[71.920228,21.245297],[71.918898,21.245718],[71.918499,21.245736],[71.91833,21.245677],[71.918035,21.245552],[71.917978,21.245528],[71.91649,21.24496],[71.915001,21.244346],[71.914062,21.24403],[71.913079,21.24366],[71.911831,21.24329],[71.911022,21.243069],[71.909134,21.242428],[71.908011,21.242108],[71.90699,21.241769],[71.905949,21.241607],[71.905434,21.241467],[71.905222,21.241359],[71.904933,21.24172],[71.904692,21.242117],[71.904403,21.242817],[71.904331,21.243296],[71.90436,21.243806],[71.904553,21.244827],[71.90478,21.245418],[71.905213,21.24606],[71.905801,21.246728],[71.906249,21.247337],[71.906563,21.247956],[71.90677,21.248859],[71.906982,21.249758],[71.906939,21.250001],[71.906891,21.253318],[71.906771,21.254772],[71.90667,21.255215],[71.905924,21.256502],[71.905081,21.258625],[71.905327,21.260025],[71.905776,21.261267],[71.905973,21.262879],[71.906051,21.263859],[71.905728,21.264812],[71.90528,21.266121],[71.905102,21.267146],[71.905474,21.270682],[71.905552,21.273527],[71.905152,21.27537],[71.904208,21.277122],[71.903934,21.27752],[71.902869,21.279069],[71.902696,21.280676],[71.902422,21.282149],[71.901902,21.282686],[71.901179,21.282718],[71.899237,21.283034],[71.896423,21.28294],[71.896525,21.285017],[71.897195,21.285649],[71.896877,21.286679],[71.896005,21.288264],[71.895258,21.289316],[71.895181,21.291109],[71.895287,21.292301],[71.895297,21.292405],[71.895307,21.292509],[71.89588,21.293304],[71.897451,21.294473],[71.897822,21.294821],[71.89842,21.296406],[71.898743,21.296826],[71.899143,21.297246],[71.899645,21.298795],[71.899568,21.29931],[71.898797,21.30043],[71.898821,21.302507],[71.898026,21.304142],[71.898499,21.304724],[71.899,21.305469],[71.899347,21.306219],[71.899598,21.307276],[71.8994,21.307903],[71.898027,21.310401],[71.897271,21.311033],[71.896635,21.31116],[71.895454,21.311526],[71.8897,21.313473],[71.887787,21.314968],[71.886341,21.31546],[71.885016,21.315857],[71.884896,21.316088],[71.884809,21.316025],[71.882346,21.317172],[71.881426,21.317289],[71.880332,21.317777],[71.879734,21.319037],[71.879657,21.320112],[71.879807,21.321859],[71.880332,21.322911],[71.880057,21.324614],[71.880303,21.326226],[71.880332,21.327229],[71.879084,21.327206],[71.878636,21.328114],[71.875402,21.328069],[71.875551,21.327694],[71.876096,21.327251],[71.876573,21.326226],[71.875845,21.326195],[71.874423,21.326064],[71.873864,21.325851],[71.872847,21.326515],[71.871541,21.3261],[71.870741,21.325865],[71.86929,21.324889],[71.868823,21.325454],[71.865247,21.323837],[71.86437,21.323584],[71.862914,21.323516],[71.862138,21.32213],[71.858794,21.323015],[71.856446,21.323751],[71.854774,21.324152],[71.852962,21.324739],[71.853092,21.324965],[71.854094,21.325905],[71.854056,21.326189],[71.853708,21.327435],[71.852937,21.329025],[71.852802,21.330502],[71.852922,21.3314],[71.853269,21.331879],[71.854402,21.332827],[71.854479,21.333162],[71.854667,21.33411],[71.855375,21.333622],[71.855722,21.333713],[71.858272,21.333699],[71.858214,21.335953],[71.858908,21.335939],[71.859506,21.33603],[71.860296,21.336242],[71.860884,21.336531],[71.861111,21.336816],[71.861352,21.337416],[71.861539,21.338441],[71.861501,21.340063],[71.861284,21.341512],[71.863843,21.343707],[71.86447,21.344258],[71.864055,21.344723],[71.862392,21.346579],[71.861963,21.346918],[71.860845,21.347703],[71.862604,21.349036],[71.86323,21.349225],[71.863698,21.348661],[71.865014,21.348566],[71.865144,21.348647],[71.864392,21.350025],[71.867304,21.351249],[71.869131,21.3518],[71.870437,21.353272],[71.873315,21.355846],[71.873194,21.356148],[71.874592,21.357183],[71.876101,21.358632],[71.876501,21.359436],[71.877167,21.360235],[71.877772,21.361021],[71.878377,21.361807],[71.879486,21.363789],[71.879982,21.365365],[71.880995,21.366214],[71.880127,21.367167],[71.881756,21.368431],[71.882677,21.369384],[71.884534,21.371574],[71.885806,21.372717],[71.888719,21.37567],[71.889346,21.376546],[71.889432,21.377413],[71.889003,21.378601],[71.888695,21.379237],[71.887938,21.380177],[71.887297,21.380877],[71.885778,21.382114],[71.88547,21.381825],[71.88479,21.382227],[71.882972,21.381911],[71.881646,21.383031],[71.880451,21.383894],[71.879342,21.383813],[71.877022,21.383338],[71.874983,21.383122],[71.874419,21.383266],[71.873889,21.383289],[71.872847,21.383203],[71.871208,21.382864],[71.870803,21.3829],[71.870938,21.383555],[71.870528,21.384946],[71.870219,21.385208],[71.869419,21.385181],[71.868749,21.38537],[71.868377,21.38589],[71.868189,21.386499],[71.868151,21.387105],[71.868546,21.388057],[71.868835,21.388974],[71.868792,21.389548],[71.869149,21.389832],[71.869308,21.390085],[71.869356,21.390464],[71.868806,21.39102],[71.86871,21.391304],[71.86872,21.391629],[71.868922,21.392022],[71.868912,21.392307],[71.86924,21.392849],[71.869424,21.393273],[71.869814,21.393702],[71.869872,21.394005],[71.869684,21.394253],[71.869558,21.394885],[71.869501,21.395531],[71.869342,21.395798],[71.868883,21.396105],[71.86871,21.396389],[71.868637,21.397274],[71.868502,21.397333],[71.866791,21.397495],[71.866361,21.397631],[71.865961,21.398033],[71.865416,21.398683],[71.864553,21.398809],[71.862644,21.398295],[71.861602,21.398231],[71.859365,21.398096],[71.858882,21.397906],[71.857426,21.397079],[71.856935,21.396718],[71.856573,21.396732],[71.856067,21.396781],[71.855946,21.396957],[71.85569,21.397856],[71.85474,21.397756],[71.854263,21.398118],[71.854022,21.398569],[71.85394,21.399332],[71.853635,21.402801],[71.853515,21.403428],[71.853341,21.403577],[71.853033,21.403654],[71.852806,21.403853],[71.852738,21.40434],[71.853168,21.404277],[71.853245,21.405343],[71.853071,21.405907],[71.85363,21.405984],[71.854691,21.406458],[71.856731,21.406459],[71.857199,21.406237],[71.858665,21.40636],[71.859629,21.406202],[71.860044,21.40622],[71.860777,21.406504],[71.861191,21.406468],[71.861399,21.406586],[71.8626,21.406495],[71.863627,21.406319],[71.864239,21.406459],[71.865695,21.406586],[71.865681,21.407335],[71.865493,21.408586],[71.864745,21.411246],[71.864866,21.41177],[71.86543,21.412705],[71.865782,21.414809],[71.866732,21.41419],[71.867132,21.41429],[71.868531,21.414299],[71.869163,21.414999],[71.869741,21.415658],[71.87059,21.41681],[71.870802,21.417072],[71.872611,21.416191],[71.874511,21.41625],[71.87602,21.415609],[71.880081,21.41471],[71.882859,21.414692],[71.886919,21.41489],[71.892692,21.41484],[71.89436,21.41344],[71.895001,21.412153],[71.896848,21.411032],[71.897798,21.410161],[71.899688,21.407871],[71.900189,21.407501],[71.903049,21.406809],[71.906338,21.406149],[71.907369,21.40595],[71.90939,21.405101],[71.909746,21.403263],[71.911246,21.401962],[71.910869,21.400729],[71.911525,21.400982],[71.911448,21.400341],[71.911578,21.400052],[71.912899,21.40039],[71.912716,21.399112],[71.913188,21.398462],[71.913786,21.398462],[71.914205,21.39857],[71.914567,21.398949],[71.915247,21.399103],[71.916318,21.39982],[71.917355,21.399671],[71.918256,21.398352],[71.918516,21.398031],[71.919104,21.397982],[71.920276,21.398523],[71.920826,21.397082],[71.921226,21.396401],[71.922276,21.39384],[71.923196,21.391852],[71.923755,21.390452],[71.923885,21.389472],[71.924275,21.389143],[71.924873,21.389463],[71.925114,21.388483],[71.925813,21.38865],[71.928244,21.389092],[71.929517,21.389304],[71.929637,21.388893],[71.930635,21.389082],[71.931306,21.38947],[71.932506,21.390011],[71.934696,21.391442],[71.934995,21.39151],[71.935685,21.391573],[71.935945,21.391252],[71.936644,21.391193],[71.937994,21.391513],[71.938124,21.391093],[71.939195,21.391111],[71.939865,21.391282],[71.940853,21.391413],[71.944643,21.390892],[71.944643,21.39063],[71.947531,21.390611],[71.948612,21.391572],[71.948993,21.3921],[71.949283,21.392723],[71.951102,21.39526],[71.953253,21.396962],[71.954363,21.398343],[71.955101,21.398641],[71.955743,21.399363],[71.956004,21.400221],[71.95638,21.400812],[71.957412,21.401232],[71.95735,21.401313],[71.957533,21.401561],[71.957173,21.403702],[71.956861,21.40633],[71.958201,21.406601],[71.95823,21.406912],[71.9584,21.409089],[71.95827,21.40941],[71.958439,21.409748],[71.95898,21.410452],[71.959901,21.410669],[71.95981,21.411911],[71.95983,21.412552],[71.96042,21.414981],[71.961101,21.417031],[71.96154,21.417419],[71.96251,21.417689],[71.96271,21.41785],[71.963021,21.4181],[71.962443,21.418949],[71.962501,21.419848],[71.963042,21.420751],[71.963119,21.421419],[71.964413,21.422439],[71.964323,21.425501],[71.964533,21.430328],[71.966499,21.434107],[71.967092,21.434969],[71.96567,21.435588],[71.964161,21.436587],[71.962049,21.438499],[71.960232,21.44064],[71.958873,21.442546],[71.957514,21.443938],[71.95818,21.444669],[71.958764,21.445098],[71.959372,21.445138],[71.959531,21.446439],[71.959792,21.446827],[71.959402,21.447197],[71.959412,21.447915],[71.96002,21.44862],[71.960512,21.448859],[71.960469,21.449825],[71.961642,21.450678],[71.962322,21.450948],[71.962221,21.451558],[71.96377,21.452619],[71.96421,21.453919],[71.964491,21.455197],[71.964212,21.456226],[71.966291,21.456288],[71.968269,21.456454],[71.969779,21.456896],[71.969702,21.457145],[71.969789,21.457637],[71.969548,21.458125],[71.96894,21.457664],[71.968559,21.457877],[71.967971,21.458527],[71.967851,21.458884],[71.967561,21.459164],[71.967639,21.459476],[71.967402,21.459747],[71.966751,21.459928],[71.966342,21.460407],[71.966091,21.461188],[71.966101,21.461717],[71.966103,21.464566],[71.963232,21.463877],[71.961051,21.463097],[71.960121,21.464876],[71.95851,21.464498],[71.956343,21.463505],[71.954105,21.463267],[71.953714,21.462856],[71.951624,21.462288],[71.950861,21.460257],[71.949374,21.457878],[71.948601,21.455796],[71.948403,21.455435],[71.948152,21.454496],[71.947935,21.454437],[71.947834,21.454546],[71.947882,21.454889],[71.947593,21.454975],[71.946652,21.454876],[71.945672,21.453987],[71.943249,21.457605],[71.942852,21.458197],[71.941913,21.460238],[71.941435,21.461015],[71.940616,21.462447],[71.939844,21.463495],[71.938846,21.463816],[71.938272,21.464245],[71.937067,21.465356],[71.935755,21.466355],[71.934115,21.467417],[71.933334,21.467918],[71.932856,21.468374],[71.932364,21.468754],[71.931704,21.469016],[71.930884,21.469414],[71.930324,21.469735],[71.929335,21.470656],[71.928236,21.471347],[71.926427,21.472364],[71.927204,21.473434],[71.927947,21.473705],[71.928348,21.474057],[71.929545,21.475795],[71.929936,21.477046],[71.930346,21.477506],[71.931157,21.477976],[71.931616,21.478576],[71.932103,21.479077],[71.932736,21.480057],[71.933585,21.480445],[71.934053,21.481163],[71.933696,21.481795],[71.933504,21.482445],[71.933374,21.484374],[71.933163,21.487874],[71.933246,21.489454],[71.934955,21.490894],[71.934747,21.491206],[71.933364,21.494223],[71.933094,21.496043],[71.933025,21.500001],[71.933014,21.500613],[71.931963,21.502451],[71.929591,21.507212],[71.929233,21.507081],[71.928514,21.507068],[71.928215,21.506941],[71.927622,21.508368],[71.92727,21.509412],[71.925003,21.511472],[71.925645,21.512519],[71.926253,21.512948],[71.92662,21.513462],[71.926693,21.513851],[71.927074,21.514397],[71.92748,21.514952],[71.927634,21.515372],[71.927972,21.516099],[71.928011,21.51661],[71.927973,21.516799],[71.928543,21.51852],[71.929204,21.51898],[71.929272,21.519188],[71.929542,21.519287],[71.929581,21.519463],[71.929716,21.519662],[71.930141,21.519851],[71.930725,21.520402],[71.93087,21.520659],[71.930971,21.52102],[71.931305,21.521743],[71.931337,21.521812],[71.931337,21.521812],[71.932439,21.521919],[71.93393,21.522139],[71.938055,21.519013],[71.938461,21.519419],[71.938881,21.519961],[71.939364,21.520412],[71.939648,21.520733],[71.941854,21.521129],[71.943079,21.520018],[71.945264,21.517619],[71.945829,21.51705],[71.947131,21.516182],[71.951249,21.5181],[71.95274,21.518379],[71.954736,21.515199],[71.956579,21.514024],[71.957872,21.513468],[71.959589,21.512342],[71.960766,21.511529],[71.9612,21.510504],[71.961292,21.509993],[71.961137,21.509582],[71.960924,21.509375],[71.961445,21.508711],[71.960378,21.508165],[71.959871,21.50761],[71.959802,21.505063],[71.960246,21.505135],[71.96097,21.504904],[71.96139,21.504899],[71.962278,21.50531],[71.962819,21.50559],[71.96372,21.504],[71.963878,21.502554],[71.963602,21.500771],[71.961822,21.500885],[71.961691,21.500654],[71.96179,21.5],[71.962273,21.496815],[71.962442,21.496563],[71.962972,21.496242],[71.96288,21.495944],[71.962363,21.495032],[71.961629,21.493953],[71.961504,21.493655],[71.961793,21.493316],[71.96229,21.493456],[71.964071,21.493364],[71.96493,21.493563],[71.965663,21.493626],[71.966232,21.493693],[71.966339,21.494226],[71.966402,21.494402],[71.966942,21.494614],[71.967459,21.494835],[71.968081,21.495182],[71.96895,21.495005],[71.969239,21.495123],[71.969621,21.495262],[71.97004,21.494865],[71.970093,21.494619],[71.970176,21.494506],[71.970345,21.494423],[71.970653,21.49441],[71.971157,21.494417],[71.971457,21.494435],[71.971656,21.494552],[71.972223,21.495133],[71.972614,21.495462],[71.972917,21.495649],[71.973261,21.495755],[71.973578,21.495797],[71.973715,21.495795],[71.973807,21.495673],[71.973854,21.49548],[71.973919,21.495343],[71.974047,21.495317],[71.974261,21.495345],[71.974589,21.495483],[71.974827,21.495567],[71.975117,21.495514],[71.975371,21.495405],[71.975758,21.495118],[71.976002,21.494946],[71.976239,21.494822],[71.976485,21.494745],[71.976733,21.494725],[71.977162,21.494821],[71.977685,21.494916],[71.977904,21.49492],[71.978184,21.494835],[71.978413,21.494759],[71.978653,21.494754],[71.979047,21.494811],[71.979525,21.494811],[71.979859,21.494813],[71.980072,21.494801],[71.980167,21.494863],[71.980281,21.494957],[71.98031,21.495173],[71.980374,21.495756],[71.980472,21.495955],[71.980698,21.496167],[71.980941,21.496321],[71.982298,21.496655],[71.983518,21.496636],[71.983789,21.496622],[71.985149,21.496332],[71.986081,21.497013],[71.986337,21.497564],[71.986858,21.498042],[71.98723,21.498254],[71.987896,21.498624],[71.988771,21.499712],[71.989909,21.499373],[71.99058,21.499611],[71.990966,21.499643],[71.990879,21.499345],[71.990676,21.499015],[71.990806,21.498893],[71.99181,21.499163],[71.992271,21.498739],[71.992668,21.498373],[71.994009,21.497744],[71.994366,21.497306],[71.994746,21.496425],[71.995219,21.495955],[71.996256,21.495304],[71.997209,21.49478],[71.997259,21.494752],[71.998238,21.494512],[71.999466,21.493834],[72.0,21.493606],[72.000195,21.493523],[72.001585,21.492386],[72.001919,21.492034],[72.003375,21.492622],[72.005285,21.493242],[72.005618,21.493522],[72.006298,21.493924],[72.006264,21.494173],[72.006158,21.494371],[72.006114,21.494552],[72.006138,21.494864],[72.006148,21.495184],[72.006104,21.495315],[72.006036,21.495442],[72.005877,21.495622],[72.005795,21.495834],[72.005934,21.496552],[72.006006,21.497013],[72.005977,21.497343],[72.005895,21.497605],[72.005919,21.497952],[72.006015,21.498174],[72.006227,21.498395],[72.006444,21.498711],[72.006776,21.499565],[72.006916,21.499814],[72.006971,21.500005],[72.006958,21.500318],[72.006944,21.500631],[72.006987,21.500893],[72.007016,21.501322],[72.006866,21.501864],[72.006837,21.501972],[72.007218,21.502343],[72.007285,21.502632],[72.007478,21.502844],[72.007468,21.502953],[72.007454,21.503111],[72.007555,21.503233],[72.007646,21.503445],[72.007555,21.503711],[72.007598,21.504082],[72.007578,21.504344],[72.007694,21.504475],[72.008007,21.505581],[72.008257,21.505992],[72.008624,21.506552],[72.006726,21.508222],[72.004915,21.509851],[72.004654,21.510072],[72.004987,21.510302],[72.005937,21.510872],[72.006554,21.511473],[72.007336,21.511871],[72.007924,21.512174],[72.008744,21.512482],[72.009087,21.512441],[72.009536,21.512672],[72.009878,21.513133],[72.009917,21.513183],[72.010206,21.513603],[72.010476,21.514113],[72.010707,21.514542],[72.010654,21.515003],[72.010827,21.51573],[72.011265,21.51662],[72.011115,21.517062],[72.011737,21.518142],[72.011954,21.518224],[72.012166,21.518373],[72.012436,21.518522],[72.012514,21.518603],[72.012634,21.51873],[72.012986,21.519051],[72.013015,21.519051],[72.013917,21.519923],[72.014177,21.520591],[72.014177,21.521101],[72.015653,21.521581],[72.017226,21.5217],[72.018187,21.521542],[72.018906,21.521673],[72.019813,21.521873],[72.020035,21.522031],[72.021333,21.522122],[72.023225,21.52243],[72.023857,21.522783],[72.024408,21.522898],[72.024764,21.522973],[72.026655,21.523159],[72.028364,21.523531],[72.031283,21.524142],[72.033614,21.52473],[72.035525,21.52521],[72.03731,21.52536],[72.038652,21.525243],[72.039834,21.52546],[72.041301,21.5258],[72.042942,21.526081],[72.044182,21.526239],[72.045321,21.526402],[72.046112,21.526642],[72.047,21.526733],[72.047652,21.526941],[72.048009,21.527022],[72.048829,21.527059],[72.050301,21.527389],[72.051469,21.52757],[72.051952,21.527652],[72.052231,21.528009],[72.052921,21.52823],[72.05504,21.528579],[72.056198,21.528751],[72.05685,21.52872],[72.057622,21.529501],[72.057829,21.52974],[72.05794,21.52998],[72.058041,21.53017],[72.05809,21.530301],[72.058128,21.530531],[72.058099,21.530788],[72.058089,21.531019],[72.058089,21.53114],[72.05807,21.531511],[72.05806,21.531768],[72.058012,21.531922],[72.057929,21.532071],[72.057731,21.5324],[72.057562,21.532639],[72.057461,21.532901],[72.057379,21.533199],[72.057499,21.533461],[72.057678,21.53366],[72.057769,21.533809],[72.057861,21.534062],[72.059502,21.53372],[72.061621,21.533662],[72.06428,21.534042],[72.066558,21.534819],[72.068209,21.534761],[72.069049,21.534482],[72.07124,21.535521],[72.071708,21.535711],[72.07178,21.53656],[72.073628,21.53675],[72.074097,21.53605],[72.074715,21.536209],[72.075578,21.53643],[72.076558,21.536651],[72.077866,21.537058],[72.079376,21.537601],[72.080018,21.537691],[72.084705,21.53771],[72.087268,21.53758],[72.089218,21.538032],[72.090434,21.53777],[72.091216,21.537802]],[[72.091886,21.476884],[72.091567,21.476653],[72.090685,21.475624],[72.089648,21.474124],[72.089247,21.473655],[72.088828,21.473334],[72.088278,21.473153],[72.084987,21.473333],[72.082527,21.472926],[72.080105,21.472433],[72.079068,21.472365],[72.077278,21.471714],[72.076999,21.471335],[72.070878,21.467174],[72.070237,21.466555],[72.068597,21.465805],[72.063879,21.463857],[72.062558,21.463414],[72.061347,21.462596],[72.059809,21.461634],[72.060421,21.461368],[72.062699,21.460958],[72.063239,21.460926],[72.06391,21.460664],[72.064339,21.460335],[72.064947,21.459306],[72.06514,21.458746],[72.064789,21.456926],[72.06476,21.456438],[72.064997,21.455797],[72.065629,21.455716],[72.06574,21.455576],[72.065407,21.455386],[72.065238,21.455178],[72.065219,21.454984],[72.065248,21.454794],[72.065461,21.454366],[72.065548,21.453864],[72.065509,21.453517],[72.065408,21.453128],[72.06508,21.452816],[72.064781,21.452816],[72.064188,21.452626],[72.064029,21.452505],[72.063889,21.452139],[72.063667,21.451804],[72.06344,21.451678],[72.062929,21.451565],[72.062128,21.451777],[72.061781,21.451695],[72.061588,21.451587],[72.061559,21.451537],[72.061559,21.451357],[72.061907,21.449975],[72.063249,21.447058],[72.064017,21.445017],[72.066098,21.440728],[72.066479,21.439446],[72.06648,21.438768],[72.066138,21.437508],[72.065979,21.436808],[72.06824,21.438299],[72.072827,21.440139],[72.074177,21.440586],[72.075091,21.44101],[72.078706,21.442687],[72.080128,21.443248],[72.083476,21.444305],[72.088123,21.445795],[72.090257,21.446479],[72.090855,21.446727],[72.094275,21.447979],[72.100864,21.449858],[72.103135,21.450468],[72.103656,21.450798],[72.103902,21.451588],[72.104394,21.453805],[72.104466,21.455987],[72.104075,21.456655],[72.103636,21.457314],[72.103515,21.458877],[72.103095,21.461116],[72.102844,21.461866],[72.101556,21.466517],[72.100812,21.469285],[72.100672,21.470053],[72.100817,21.471566],[72.100885,21.47215],[72.101255,21.475345],[72.101414,21.476714],[72.101192,21.477043],[72.100753,21.477192],[72.097767,21.477142],[72.094636,21.477164],[72.094066,21.477015],[72.092604,21.476983],[72.092245,21.476934],[72.091886,21.476884]]]]}},{"type":"Feature","properties":{"OBJECTID":2132,"state_lgd":"24","state_name":"GUJARAT","district_lgd":"481","district_name":"BHAVNAGAR","district_name_source":"district_table","subdistrict_lgd":"3853","subdistrict_name":"UMRALA","subdistrict_type":"Taluk","name_corrupted":false,"remarks":""},"geometry":{"type":"Polygon","coordinates":[[[71.721354,21.968118],[71.721934,21.968188],[71.721924,21.966718],[71.723304,21.966558],[71.726223,21.966228],[71.727513,21.965808],[71.728783,21.965298],[71.729993,21.964829],[71.731613,21.964229],[71.732503,21.963859],[71.733083,21.963599],[71.732213,21.962299],[71.731223,21.960689],[71.731483,21.960089],[71.731853,21.959219],[71.732073,21.958339],[71.732363,21.956259],[71.732523,21.954979],[71.732713,21.954039],[71.733023,21.952989],[71.733452,21.95116],[71.733712,21.94994],[71.734092,21.94837],[71.734452,21.94684],[71.734932,21.94546],[71.735812,21.9434],[71.736382,21.94258],[71.736882,21.94146],[71.737142,21.9409],[71.737552,21.93935],[71.738182,21.93934],[71.739072,21.938021],[71.739742,21.936931],[71.740232,21.936141],[71.740712,21.935341],[71.741101,21.934471],[71.742431,21.934771],[71.745091,21.935201],[71.746611,21.935411],[71.747281,21.935411],[71.749496,21.935203],[71.749998,21.935214],[71.75085,21.935232],[71.75465,21.934792],[71.756179,21.934441],[71.760677,21.932859],[71.762081,21.932513],[71.765019,21.93139],[71.765577,21.92935],[71.766187,21.92944],[71.767286,21.929053],[71.767838,21.928561],[71.76842,21.92764],[71.769089,21.925893],[71.768988,21.924458],[71.76883,21.922204],[71.768559,21.921743],[71.768319,21.920054],[71.767619,21.917904],[71.766508,21.914973],[71.765919,21.913392],[71.76562,21.911852],[71.765068,21.911504],[71.764988,21.909413],[71.764896,21.908672],[71.76404,21.908252],[71.763039,21.907971],[71.763068,21.907005],[71.762029,21.906345],[71.761831,21.905424],[71.762141,21.904932],[71.765039,21.905322],[71.76578,21.904645],[71.76808,21.902434],[71.768918,21.901283],[71.769239,21.899635],[71.770008,21.900024],[71.769857,21.894303],[71.769718,21.892952],[71.77175,21.893143],[71.773477,21.893144],[71.775446,21.893182],[71.777977,21.892944],[71.780247,21.892024],[71.782115,21.891154],[71.782066,21.891894],[71.782085,21.892124],[71.782206,21.892224],[71.789106,21.892453],[71.790209,21.889838],[71.790763,21.888525],[71.792526,21.885113],[71.793274,21.880245],[71.791783,21.880145],[71.791755,21.878393],[71.789598,21.878686],[71.785887,21.879076],[71.785216,21.876534],[71.784515,21.875766],[71.783586,21.875047],[71.781517,21.873375],[71.780695,21.872558],[71.780057,21.871577],[71.778708,21.869504],[71.777858,21.868578],[71.775165,21.865126],[71.775166,21.864747],[71.775377,21.863706],[71.775588,21.862666],[71.775787,21.861008],[71.775528,21.859008],[71.776737,21.858417],[71.777164,21.856286],[71.777606,21.853775],[71.777926,21.853536],[71.778656,21.853618],[71.779826,21.854007],[71.781118,21.853917],[71.781786,21.853177],[71.782057,21.853015],[71.782454,21.852889],[71.782865,21.852939],[71.783547,21.853458],[71.784655,21.851987],[71.785396,21.850307],[71.785977,21.849337],[71.786133,21.847779],[71.786144,21.845336],[71.790647,21.845889],[71.793186,21.845778],[71.791995,21.848956],[71.791346,21.850338],[71.792642,21.849968],[71.793595,21.849819],[71.793793,21.850966],[71.797183,21.851379],[71.797453,21.853208],[71.797356,21.854698],[71.800984,21.854668],[71.803271,21.855857],[71.806153,21.857565],[71.805702,21.860888],[71.805663,21.861227],[71.805861,21.861746],[71.80589,21.861749],[71.808502,21.862004],[71.809001,21.861327],[71.80932,21.860397],[71.809654,21.859806],[71.81261,21.859396],[71.813713,21.859058],[71.812751,21.857698],[71.815142,21.855256],[71.817373,21.853175],[71.817692,21.853157],[71.819089,21.854278],[71.821261,21.854847],[71.822151,21.853967],[71.824261,21.852527],[71.824373,21.850558],[71.825021,21.850477],[71.824993,21.849186],[71.826482,21.850067],[71.827971,21.850966],[71.831831,21.851734],[71.832059,21.851215],[71.833031,21.851139],[71.833549,21.850069],[71.835329,21.850403],[71.837109,21.850738],[71.838037,21.851059],[71.839861,21.852256],[71.841316,21.853087],[71.842927,21.853656],[71.84565,21.854916],[71.849128,21.857428],[71.850289,21.857676],[71.851827,21.858087],[71.852857,21.858115],[71.85338,21.858056],[71.853849,21.857767],[71.854028,21.857437],[71.854377,21.854078],[71.857937,21.848876],[71.858527,21.849237],[71.859664,21.847486],[71.861275,21.847675],[71.862068,21.848168],[71.862827,21.848845],[71.863166,21.850078],[71.864588,21.850678],[71.865937,21.851717],[71.866895,21.852394],[71.867485,21.852534],[71.867945,21.852205],[71.868541,21.851776],[71.869677,21.850959],[71.870847,21.850516],[71.872153,21.850516],[71.873183,21.850218],[71.873686,21.849857],[71.874006,21.849315],[71.873653,21.847346],[71.874446,21.844677],[71.875553,21.844835],[71.878185,21.844537],[71.879113,21.844289],[71.880376,21.844316],[71.881464,21.843137],[71.882475,21.841299],[71.884226,21.841268],[71.885304,21.840888],[71.886005,21.840387],[71.886533,21.839786],[71.886823,21.839687],[71.890102,21.839059],[71.890774,21.838869],[71.891243,21.838458],[71.891654,21.837799],[71.892293,21.835848],[71.892902,21.83588],[71.892994,21.835297],[71.893753,21.835058],[71.894193,21.834697],[71.894773,21.83369],[71.895262,21.831639],[71.89532,21.831039],[71.895063,21.829788],[71.895034,21.828497],[71.894831,21.82823],[71.892993,21.827458],[71.891904,21.826257],[71.89024,21.823277],[71.889544,21.822568],[71.888964,21.8212],[71.888813,21.819588],[71.889771,21.819809],[71.890303,21.819777],[71.890743,21.819529],[71.891004,21.818847],[71.891473,21.818138],[71.891884,21.817948],[71.892353,21.817899],[71.892034,21.816689],[71.891502,21.815907],[71.891482,21.81588],[71.890612,21.814991],[71.889591,21.813849],[71.888972,21.813131],[71.888343,21.811311],[71.889393,21.81155],[71.889485,21.810191],[71.891124,21.810511],[71.89196,21.808222],[71.890974,21.807919],[71.891902,21.80493],[71.89253,21.805002],[71.892753,21.805061],[71.892754,21.805038],[71.89283,21.803562],[71.893091,21.802658],[71.892114,21.802352],[71.891413,21.801742],[71.890944,21.801322],[71.890581,21.8006],[71.889014,21.7999],[71.888425,21.80083],[71.886703,21.800501],[71.886524,21.799029],[71.885441,21.79906],[71.884972,21.798749],[71.883744,21.797819],[71.883734,21.797819],[71.883734,21.797792],[71.883183,21.797692],[71.881234,21.797331],[71.880693,21.797119],[71.879972,21.796861],[71.879092,21.796889],[71.878671,21.796771],[71.877932,21.796401],[71.876592,21.795403],[71.876302,21.795299],[71.874465,21.795141],[71.873904,21.795249],[71.873754,21.794385],[71.873754,21.794385],[71.874181,21.793897],[71.874457,21.793854],[71.875165,21.793912],[71.875571,21.793848],[71.876124,21.793808],[71.876479,21.793807],[71.876553,21.793627],[71.876147,21.793566],[71.875886,21.793267],[71.875418,21.792655],[71.87521,21.792433],[71.874978,21.792315],[71.874832,21.792306],[71.874573,21.792501],[71.87413,21.792863],[71.873984,21.792974],[71.873442,21.793164],[71.873283,21.793209],[71.873283,21.793209],[71.872826,21.792382],[71.872642,21.791723],[71.871975,21.79077],[71.869954,21.789262],[71.868605,21.788742],[71.867053,21.788544],[71.865414,21.788742],[71.863045,21.787722],[71.861497,21.788602],[71.860448,21.789013],[71.854908,21.787351],[71.849497,21.78642],[71.849087,21.786203],[71.848937,21.784564],[71.846549,21.784292],[71.84505,21.784373],[71.84373,21.784671],[71.842468,21.784671],[71.842299,21.78333],[71.840597,21.783393],[71.83993,21.781911],[71.84066,21.781311],[71.841618,21.780932],[71.84245,21.778503],[71.843147,21.776421],[71.843558,21.774041],[71.843607,21.772592],[71.844318,21.770524],[71.845217,21.768492],[71.845507,21.767923],[71.846856,21.766912],[71.848026,21.766754],[71.850197,21.766944],[71.850279,21.769513],[71.852967,21.769234],[71.855606,21.769211],[71.857598,21.769352],[71.855935,21.767654],[71.855261,21.766484],[71.854587,21.765314],[71.854417,21.764655],[71.854645,21.763124],[71.854887,21.761873],[71.854766,21.759923],[71.854095,21.757005],[71.852635,21.754183],[71.851707,21.751293],[71.851379,21.750612],[71.851099,21.750001],[71.853356,21.749669],[71.853313,21.748639],[71.852863,21.747393],[71.852424,21.744783],[71.852216,21.742683],[71.851854,21.738903],[71.851932,21.737363],[71.852082,21.734722],[71.843189,21.735113],[71.838375,21.735686],[71.838356,21.736065],[71.837094,21.736124],[71.834508,21.736376],[71.833498,21.736353],[71.830995,21.736226],[71.829105,21.736591],[71.826234,21.736694],[71.821207,21.736977],[71.82167,21.739691],[71.822139,21.740256],[71.821878,21.740694],[71.822027,21.741186],[71.821848,21.741918],[71.821925,21.742256],[71.822017,21.743006],[71.821799,21.743936],[71.822021,21.744866],[71.821854,21.74511],[71.821687,21.745354],[71.821905,21.746505],[71.82158,21.747404],[71.82173,21.749581],[71.820384,21.750001],[71.820149,21.750072],[71.817418,21.750107],[71.817311,21.750992],[71.815286,21.751213],[71.815242,21.751827],[71.81486,21.751845],[71.813579,21.750842],[71.812139,21.750878],[71.812095,21.750001],[71.812067,21.749433],[71.810578,21.749581],[71.810578,21.749374],[71.809331,21.749644],[71.809259,21.749265],[71.808461,21.749364],[71.808452,21.748718],[71.80721,21.748523],[71.807258,21.748365],[71.807471,21.747932],[71.807172,21.747403],[71.806708,21.747223],[71.80548,21.747245],[71.80388,21.747235],[71.802357,21.747135],[71.800308,21.747017],[71.798718,21.747165],[71.798259,21.747092],[71.797872,21.746727],[71.797341,21.745674],[71.796969,21.745624],[71.796752,21.745222],[71.795969,21.744423],[71.794824,21.744097],[71.795023,21.742607],[71.794912,21.741957],[71.793462,21.741897],[71.792389,21.741594],[71.791359,21.741616],[71.790495,21.741087],[71.789673,21.740825],[71.788813,21.740229],[71.788161,21.739515],[71.787818,21.739262],[71.787243,21.739036],[71.78667,21.743474],[71.786431,21.746391],[71.785972,21.746454],[71.785952,21.747967],[71.785459,21.748414],[71.784023,21.748955],[71.784095,21.749316],[71.784566,21.750001],[71.784974,21.750613],[71.785254,21.751036],[71.785466,21.751406],[71.785693,21.751655],[71.786114,21.751985],[71.786495,21.752233],[71.786693,21.752554],[71.786964,21.752983],[71.787094,21.753376],[71.787393,21.754523],[71.787485,21.755024],[71.787533,21.755345],[71.787765,21.755864],[71.788035,21.756573],[71.788213,21.757305],[71.788324,21.757915],[71.788164,21.758714],[71.787685,21.759725],[71.787075,21.761323],[71.786857,21.762272],[71.786667,21.764335],[71.786434,21.765423],[71.786207,21.766223],[71.785587,21.767703],[71.784837,21.768832],[71.784484,21.769324],[71.784575,21.770791],[71.784414,21.773505],[71.784093,21.775623],[71.780067,21.774112],[71.777365,21.773185],[71.776466,21.772945],[71.776026,21.772913],[71.775035,21.773143],[71.773575,21.772524],[71.771425,21.771755],[71.769931,21.771449],[71.768437,21.771143],[71.765846,21.770645],[71.765276,21.770653],[71.76444,21.770653],[71.763497,21.770282],[71.762598,21.769893],[71.762159,21.769604],[71.761898,21.769026],[71.761729,21.768831],[71.761478,21.768781],[71.760767,21.768853],[71.760429,21.768614],[71.759316,21.769435],[71.756977,21.768395],[71.752639,21.770852],[71.750228,21.768814],[71.75,21.76886],[71.749499,21.76896],[71.748379,21.769074],[71.74769,21.768974],[71.747215,21.768844],[71.747215,21.768844],[71.74674,21.768714],[71.74608,21.768544],[71.74508,21.768354],[71.74372,21.768144],[71.74276,21.768004],[71.7418,21.767874],[71.73955,21.767534],[71.738861,21.767464],[71.737131,21.767484],[71.736741,21.766654],[71.736371,21.765904],[71.736021,21.765354],[71.735321,21.764714],[71.734431,21.764284],[71.733061,21.763734],[71.732581,21.763434],[71.732321,21.762944],[71.732341,21.762374],[71.732591,21.761554],[71.732561,21.761294],[71.732351,21.761104],[71.731541,21.760854],[71.730792,21.760764],[71.730202,21.760554],[71.729792,21.760094],[71.729262,21.759324],[71.728862,21.758765],[71.727912,21.757545],[71.727212,21.757715],[71.726012,21.758225],[71.724162,21.758905],[71.723212,21.759245],[71.722243,21.759585],[71.721533,21.759555],[71.720943,21.759585],[71.720293,21.759714],[71.719003,21.760054],[71.716753,21.760844],[71.713974,21.761864],[71.713464,21.761954],[71.713234,21.761574],[71.712944,21.761374],[71.712504,21.761164],[71.712054,21.761034],[71.711764,21.761024],[71.711134,21.760994],[71.710654,21.760904],[71.710514,21.760844],[71.710264,21.760635],[71.709824,21.760195],[71.709594,21.760075],[71.709384,21.760045],[71.708994,21.760085],[71.708604,21.760025],[71.708284,21.759895],[71.708084,21.759765],[71.708524,21.759085],[71.709114,21.758235],[71.709544,21.757795],[71.707974,21.757515],[71.706754,21.757335],[71.705485,21.757075],[71.704825,21.757025],[71.704855,21.756185],[71.704865,21.755615],[71.704215,21.755515],[71.703205,21.755395],[71.701565,21.755215],[71.699565,21.755035],[71.697216,21.754775],[71.696256,21.754645],[71.695566,21.754475],[71.694586,21.754215],[71.693616,21.753995],[71.692666,21.753725],[71.691716,21.753565],[71.691386,21.753485],[71.690766,21.753255],[71.690167,21.752935],[71.689338,21.752436],[71.689338,21.752436],[71.689338,21.752436],[71.689037,21.752255],[71.688207,21.751745],[71.686777,21.750815],[71.682941,21.75],[71.683141,21.748563],[71.683319,21.745447],[71.681221,21.745534],[71.681539,21.742843],[71.676154,21.742289],[71.672916,21.741865],[71.672592,21.741071],[71.673007,21.739919],[71.672229,21.739066],[71.672412,21.738041],[71.671861,21.737102],[71.672179,21.736248],[71.671768,21.735309],[71.671589,21.734541],[71.669487,21.73386],[71.669634,21.733045],[71.670172,21.730058],[71.670214,21.726775],[71.671087,21.721442],[71.671767,21.717152],[71.674005,21.71758],[71.672818,21.710111],[71.673866,21.709258],[71.673499,21.707465],[71.672817,21.70644],[71.67172,21.705948],[71.671082,21.705605],[71.670806,21.704883],[71.670898,21.703727],[71.671635,21.702836],[71.670197,21.702512],[71.66851,21.70216],[71.667858,21.70198],[71.666558,21.701669],[71.66593,21.701552],[71.664543,21.701024],[71.662851,21.700234],[71.660493,21.699223],[71.657589,21.697945],[71.654974,21.696749],[71.655047,21.697774],[71.654941,21.698501],[71.653351,21.698321],[71.652718,21.698244],[71.652105,21.69857],[71.650901,21.698936],[71.649544,21.698958],[71.648901,21.699008],[71.64895,21.699726],[71.647727,21.699383],[71.647031,21.699523],[71.646321,21.699641],[71.645166,21.700016],[71.644456,21.700187],[71.644011,21.700323],[71.644799,21.702251],[71.644708,21.703055],[71.641083,21.703105],[71.639107,21.703081],[71.639102,21.703081],[71.639102,21.703128],[71.638871,21.705264],[71.639238,21.707526],[71.639146,21.708036],[71.637277,21.711541],[71.635953,21.714909],[71.635315,21.717813],[71.634856,21.718793],[71.634494,21.719813],[71.633397,21.721119],[71.63358,21.721633],[71.634354,21.723467],[71.633716,21.724961],[71.632803,21.725345],[71.630792,21.726447],[71.630976,21.729008],[71.627641,21.729256],[71.626274,21.728619],[71.626182,21.729089],[71.623122,21.728958],[71.623079,21.729387],[71.620063,21.729175],[71.62002,21.730109],[71.61856,21.730155],[71.618285,21.730665],[71.617096,21.731049],[71.615041,21.733528],[71.61484,21.733828],[71.613355,21.736038],[71.612668,21.737682],[71.612441,21.740924],[71.611938,21.744848],[71.613262,21.745869],[71.614582,21.74647],[71.616496,21.746808],[71.618598,21.747323],[71.618371,21.748429],[71.618446,21.750001],[71.618476,21.750615],[71.618535,21.751626],[71.620035,21.752196],[71.621875,21.752696],[71.622985,21.752966],[71.624225,21.753376],[71.625624,21.753476],[71.627244,21.753366],[71.628914,21.753126],[71.630864,21.752826],[71.632464,21.752596],[71.632224,21.753815],[71.631664,21.755995],[71.631334,21.757115],[71.630874,21.758735],[71.630384,21.760185],[71.630244,21.760765],[71.630454,21.761055],[71.631684,21.763015],[71.633064,21.765145],[71.633683,21.766205],[71.634503,21.767534],[71.634913,21.768114],[71.635433,21.768954],[71.635263,21.769884],[71.635153,21.770884],[71.634993,21.772494],[71.634953,21.773684],[71.634993,21.775314],[71.633334,21.775274],[71.633124,21.774514],[71.631384,21.774874],[71.630904,21.775974],[71.629674,21.776124],[71.629674,21.776844],[71.627044,21.777064],[71.626094,21.777144],[71.622975,21.777154],[71.621855,21.777424],[71.620455,21.777424],[71.619525,21.777514],[71.618116,21.777604],[71.616096,21.777644],[71.615046,21.777624],[71.614226,21.777464],[71.613756,21.777224],[71.613196,21.777054],[71.612596,21.776944],[71.612246,21.777044],[71.611126,21.778584],[71.610936,21.778784],[71.610716,21.779004],[71.610316,21.779144],[71.609837,21.779424],[71.609556,21.779504],[71.608887,21.779474],[71.607837,21.779604],[71.606417,21.779694],[71.604027,21.779914],[71.603057,21.780024],[71.601837,21.780214],[71.600508,21.780684],[71.599658,21.780954],[71.599088,21.781204],[71.598818,21.781454],[71.598868,21.782353],[71.599148,21.783793],[71.599358,21.786543],[71.599488,21.787753],[71.599568,21.789253],[71.599478,21.790423],[71.599438,21.791653],[71.599488,21.792803],[71.599358,21.793743],[71.599138,21.795642],[71.598948,21.796732],[71.600118,21.797012],[71.599848,21.798392],[71.599758,21.799222],[71.599548,21.800312],[71.599578,21.800882],[71.599748,21.801662],[71.600168,21.803232],[71.600478,21.804172],[71.600998,21.805632],[71.601268,21.806442],[71.601618,21.807532],[71.601678,21.808131],[71.601628,21.808951],[71.601558,21.809651],[71.601618,21.809951],[71.601748,21.810721],[71.601808,21.811611],[71.601698,21.812391],[71.604637,21.812441],[71.605317,21.814401],[71.605587,21.815191],[71.605797,21.816131],[71.605887,21.816451],[71.605972,21.816531],[71.606057,21.816611],[71.607137,21.816851],[71.608347,21.817061],[71.608927,21.817131],[71.609627,21.817281],[71.610507,21.817491],[71.612106,21.817661],[71.613106,21.817911],[71.614796,21.818231],[71.616426,21.818471],[71.617456,21.818921],[71.617936,21.81999],[71.618426,21.82087],[71.618886,21.82168],[71.618676,21.82253],[71.618296,21.82453],[71.617866,21.82666],[71.617746,21.8276],[71.617456,21.82875],[71.617226,21.83],[71.617206,21.83097],[71.617066,21.8322],[71.617096,21.833789],[71.617866,21.833839],[71.622035,21.833679],[71.623185,21.833519],[71.624505,21.833249],[71.625375,21.833089],[71.625975,21.833059],[71.626935,21.832989],[71.627555,21.832979],[71.627865,21.833059],[71.628065,21.833299],[71.628235,21.833319],[71.629584,21.833369],[71.631234,21.833329],[71.632564,21.833299],[71.634204,21.833319],[71.635204,21.833249],[71.638183,21.833289],[71.639783,21.833379],[71.640813,21.833359],[71.641113,21.833489],[71.642013,21.834849],[71.642423,21.835399],[71.643033,21.836179],[71.643863,21.837159],[71.644213,21.837149],[71.646742,21.837029],[71.647082,21.838529],[71.647252,21.839759],[71.648452,21.839759],[71.648362,21.840689],[71.650242,21.840559],[71.650542,21.841079],[71.651872,21.840929],[71.652542,21.840949],[71.653222,21.840929],[71.653382,21.841249],[71.653702,21.843638],[71.654651,21.843928],[71.656251,21.844298],[71.658801,21.844968],[71.660351,21.845388],[71.661331,21.845568],[71.66258,21.845958],[71.66356,21.846168],[71.66383,21.846278],[71.66413,21.846458],[71.66446,21.846458],[71.66451,21.846858],[71.66452,21.846868],[71.66452,21.847288],[71.66452,21.848418],[71.66446,21.849078],[71.66445,21.849738],[71.66502,21.849848],[71.66624,21.850008],[71.66624,21.851548],[71.66624,21.853778],[71.66624,21.854977],[71.66618,21.855607],[71.66573,21.856447],[71.66471,21.858017],[71.66391,21.859037],[71.66374,21.859557],[71.66373,21.860177],[71.66365,21.862307],[71.66363,21.863847],[71.66355,21.864797],[71.66355,21.865737],[71.66486,21.865717],[71.66724,21.865777],[71.66793,21.865757],[71.66858,21.865847],[71.66963,21.865807],[71.66997,21.865857],[71.67063,21.865917],[71.67116,21.865977],[71.671639,21.865947],[71.671769,21.866137],[71.671999,21.866357],[71.672449,21.866766],[71.673699,21.867876],[71.674379,21.868516],[71.674979,21.868856],[71.675599,21.868966],[71.675989,21.869056],[71.678219,21.869636],[71.679559,21.869956],[71.680518,21.870186],[71.681208,21.870236],[71.681828,21.870296],[71.682858,21.870306],[71.683848,21.870396],[71.683768,21.871646],[71.683628,21.873506],[71.683528,21.874136],[71.683548,21.874486],[71.683598,21.875136],[71.683528,21.876876],[71.683368,21.878456],[71.683188,21.879445],[71.682927,21.881811],[71.682888,21.882165],[71.682848,21.882485],[71.682648,21.883395],[71.682508,21.884015],[71.682168,21.885155],[71.681928,21.886625],[71.681728,21.888135],[71.681638,21.889695],[71.681618,21.890335],[71.681588,21.891555],[71.681558,21.892224],[71.681545,21.892451],[71.681538,21.892554],[71.681628,21.892854],[71.681798,21.893044],[71.682058,21.893294],[71.683288,21.894714],[71.685288,21.896724],[71.685028,21.897164],[71.684868,21.897574],[71.684868,21.897884],[71.684918,21.898134],[71.684998,21.898404],[71.685108,21.898644],[71.685118,21.898914],[71.685118,21.898984],[71.685568,21.898974],[71.686748,21.898854],[71.687518,21.899394],[71.688328,21.899914],[71.688918,21.900514],[71.689538,21.901174],[71.690107,21.901884],[71.690267,21.902234],[71.690577,21.903084],[71.690607,21.903954],[71.690647,21.904603],[71.690567,21.904893],[71.690517,21.905503],[71.690267,21.906723],[71.690227,21.907373],[71.69022,21.907776],[71.690207,21.908403],[71.690467,21.909443],[71.690058,21.909683],[71.688768,21.910013],[71.687898,21.910223],[71.687798,21.910483],[71.687608,21.911133],[71.686788,21.913883],[71.686578,21.914453],[71.686228,21.915623],[71.685388,21.915403],[71.684948,21.915923],[71.684148,21.916883],[71.682718,21.918552],[71.681299,21.920282],[71.679959,21.922122],[71.679209,21.923452],[71.678439,21.924852],[71.677649,21.926592],[71.676829,21.928302],[71.676159,21.929702],[71.675369,21.931041],[71.675749,21.931881],[71.676089,21.933261],[71.675959,21.933671],[71.675819,21.933941],[71.675749,21.934091],[71.675689,21.934391],[71.675669,21.934821],[71.675639,21.935181],[71.675609,21.935351],[71.675489,21.935501],[71.67531,21.935711],[71.67519,21.935861],[71.675099,21.936251],[71.67499,21.936731],[71.674989,21.936961],[71.67517,21.937741],[71.675359,21.938191],[71.675569,21.938531],[71.675679,21.938731],[71.675729,21.938971],[71.675739,21.939241],[71.675899,21.939631],[71.676009,21.939881],[71.676019,21.940021],[71.676059,21.940251],[71.676139,21.940521],[71.676189,21.940821],[71.676249,21.941041],[71.676269,21.941281],[71.676249,21.941601],[71.676159,21.942051],[71.676129,21.942351],[71.676039,21.942851],[71.676019,21.943411],[71.675969,21.94383],[71.677189,21.9438],[71.679909,21.94406],[71.680449,21.94368],[71.681219,21.94319],[71.681459,21.94343],[71.683049,21.94402],[71.684228,21.94446],[71.684898,21.94473],[71.685518,21.94489],[71.687738,21.94537],[71.688718,21.94555],[71.689328,21.94571],[71.689818,21.9449],[71.690188,21.94439],[71.690428,21.94417],[71.691038,21.94347],[71.691378,21.94438],[71.691638,21.94494],[71.691908,21.94551],[71.691988,21.94592],[71.692317,21.94609],[71.693347,21.94673],[71.693567,21.94729],[71.693667,21.94783],[71.693827,21.94877],[71.693977,21.94967],[71.694147,21.95089],[71.694197,21.95121],[71.694797,21.95098],[71.696437,21.9512],[71.697627,21.95124],[71.699157,21.95191],[71.700207,21.9526],[71.700237,21.95294],[71.700546,21.95408],[71.700896,21.955249],[71.701026,21.955579],[71.701186,21.955839],[71.701886,21.956819],[71.702996,21.958229],[71.703626,21.959249],[71.704686,21.960949],[71.705766,21.962829],[71.707186,21.964969],[71.707566,21.965809],[71.707356,21.966698],[71.707416,21.967048],[71.707576,21.967988],[71.707976,21.968928],[71.708466,21.969838],[71.708706,21.969958],[71.709386,21.970228],[71.710105,21.970498],[71.710125,21.970858],[71.710235,21.971458],[71.710475,21.971648],[71.711025,21.972118],[71.711785,21.972628],[71.712095,21.972748],[71.713385,21.972888],[71.717185,21.973218],[71.717265,21.972938],[71.717685,21.971758],[71.718264,21.970058],[71.719924,21.969918],[71.721244,21.969798],[71.721264,21.969438],[71.721354,21.968118]],[[71.711077,21.901578],[71.710015,21.901664],[71.709155,21.901624],[71.708115,21.901504],[71.706465,21.901414],[71.705176,21.901194],[71.704866,21.901214],[71.703696,21.901484],[71.703386,21.901444],[71.703186,21.901394],[71.702196,21.900274],[71.702126,21.899904],[71.702036,21.899324],[71.701946,21.898684],[71.702006,21.898614],[71.702076,21.898404],[71.702116,21.897974],[71.702176,21.897644],[71.702296,21.897304],[71.702416,21.896794],[71.702661,21.895796],[71.702876,21.894727],[71.702991,21.893477],[71.701315,21.893284],[71.701316,21.892384],[71.701296,21.890784],[71.701276,21.889235],[71.701256,21.887725],[71.701256,21.886195],[71.701336,21.884665],[71.699786,21.884615],[71.698706,21.884555],[71.697046,21.884595],[71.697076,21.883385],[71.697626,21.883555],[71.697446,21.882245],[71.696837,21.882665],[71.696447,21.882175],[71.696227,21.881925],[71.695917,21.881905],[71.694997,21.881935],[71.692907,21.882125],[71.693037,21.881495],[71.693087,21.881155],[71.692877,21.880545],[71.692907,21.880345],[71.692807,21.879525],[71.692937,21.878545],[71.693227,21.877966],[71.694167,21.877176],[71.694767,21.876786],[71.695197,21.876096],[71.695397,21.875576],[71.695217,21.875136],[71.694637,21.874616],[71.694167,21.874076],[71.694087,21.873736],[71.694297,21.873246],[71.694687,21.872876],[71.694867,21.872386],[71.694607,21.871606],[71.694607,21.871386],[71.694947,21.871136],[71.695187,21.870916],[71.695477,21.870326],[71.695867,21.869586],[71.695996,21.868376],[71.696077,21.867956],[71.696466,21.867606],[71.696946,21.867366],[71.697176,21.867046],[71.696996,21.866506],[71.696756,21.865826],[71.696946,21.864766],[71.697716,21.863197],[71.698726,21.863297],[71.698946,21.863327],[71.700216,21.863537],[71.701176,21.863627],[71.701856,21.863727],[71.704146,21.864006],[71.707045,21.864437],[71.708705,21.864676],[71.710015,21.864826],[71.711325,21.865146],[71.712914,21.865486],[71.714174,21.865706],[71.716124,21.866026],[71.717444,21.866236],[71.719754,21.866506],[71.720803,21.866646],[71.723453,21.867046],[71.724723,21.867226],[71.727778,21.867639],[71.727613,21.868755],[71.727743,21.870226],[71.727753,21.871675],[71.727692,21.873208],[71.727782,21.874978],[71.727797,21.877241],[71.727807,21.8782],[71.727864,21.880084],[71.727328,21.88158],[71.727153,21.882315],[71.726693,21.884205],[71.726633,21.884478],[71.726353,21.885765],[71.726043,21.887235],[71.725873,21.888155],[71.725563,21.889514],[71.725303,21.890574],[71.724913,21.891504],[71.724253,21.892574],[71.723233,21.893914],[71.722423,21.895284],[71.721614,21.896984],[71.720984,21.898094],[71.720584,21.899064],[71.717674,21.899784],[71.715609,21.900325],[71.712448,21.901197],[71.711077,21.901578]]]}},{"type":"Feature","properties":{"OBJECTID":2145,"state_lgd":"24","state_name":"GUJARAT","district_lgd":"481","district_name":"BHAVNAGAR","district_name_source":"district_table","subdistrict_lgd":"3851","subdistrict_name":"VALLABHIPUR","subdistrict_type":"Taluk","name_corrupted":false,"remarks":""},"geometry":{"type":"Polygon","coordinates":[[[71.93257,22.125258],[71.932832,22.126026],[71.932943,22.126188],[71.9332,22.126116],[71.933922,22.125827],[71.934678,22.125425],[71.935099,22.124779],[71.935565,22.124553],[71.936243,22.124372],[71.937595,22.124055],[71.93917,22.123834],[71.942407,22.123367],[71.944806,22.123009],[71.946754,22.122706],[71.948702,22.12233],[71.95204,22.121502],[71.952915,22.121309],[71.954681,22.120919],[71.956498,22.120435],[71.957458,22.120077],[71.958388,22.119598],[71.959468,22.118893],[71.960447,22.118143],[71.961541,22.117226],[71.962331,22.116792],[71.963232,22.116385],[71.96423,22.116145],[71.966628,22.115557],[71.968756,22.115095],[71.970621,22.114647],[71.972423,22.11424],[71.973712,22.113864],[71.976111,22.113366],[71.981489,22.112197],[71.985045,22.111445],[71.987056,22.111024],[71.989255,22.110404],[71.992535,22.109593],[71.995927,22.108855],[71.999468,22.108188],[72.0,22.108194],[72.001141,22.107946],[72.00368,22.107487],[72.00589,22.106996],[72.010281,22.106178],[72.013959,22.105598],[72.01661,22.105175],[72.020817,22.104514],[72.021268,22.103945],[72.021598,22.103408],[72.022059,22.102826],[72.02235,22.102176],[72.021556,22.101286],[72.021338,22.101006],[72.021338,22.100735],[72.021067,22.099845],[72.021,22.099398],[72.020047,22.097596],[72.019471,22.096918],[72.01887,22.096516],[72.01779,22.096375],[72.016588,22.096578],[72.016157,22.096388],[72.015837,22.096117],[72.014946,22.094865],[72.0147,22.094179],[72.01454,22.093795],[72.014589,22.093447],[72.01458,22.092937],[72.014759,22.092666],[72.013669,22.092056],[72.01351,22.091947],[72.013389,22.091816],[72.013268,22.091798],[72.012241,22.091536],[72.012129,22.091337],[72.012129,22.091048],[72.011989,22.090569],[72.011781,22.090339],[72.011588,22.089828],[72.011399,22.089598],[72.01105,22.089589],[72.010619,22.089186],[72.010178,22.089335],[72.00903,22.089628],[72.007518,22.089776],[72.00605,22.089978],[72.003428,22.090066],[72.00213,22.090228],[72.001461,22.090598],[72.0,22.090863],[71.997532,22.092096],[71.99575,22.091839],[71.993809,22.092085],[71.993136,22.092281],[71.992489,22.092346],[71.989912,22.093208],[71.98871,22.093729],[71.988038,22.093925],[71.986695,22.094449],[71.985458,22.09463],[71.982773,22.095474],[71.980951,22.096007],[71.977609,22.096673],[71.975442,22.093951],[71.972925,22.090946],[71.971739,22.089495],[71.970929,22.088563],[71.969883,22.087085],[71.970031,22.086084],[71.969876,22.085403],[71.969951,22.084955],[71.970134,22.084268],[71.969809,22.083538],[71.970152,22.079746],[71.97035,22.073021],[71.970469,22.067897],[71.97035,22.064909],[71.970368,22.060395],[71.97053,22.057349],[71.970662,22.055584],[71.970577,22.054191],[71.970718,22.052847],[71.970816,22.050927],[71.970393,22.050015],[71.970361,22.049014],[71.970346,22.048551],[71.97048,22.047829],[71.970717,22.047076],[71.971039,22.046148],[71.971194,22.045608],[71.969589,22.045048],[71.968309,22.044546],[71.966473,22.043737],[71.964715,22.042961],[71.963576,22.042429],[71.962948,22.042073],[71.958889,22.042437],[71.957563,22.042435],[71.956158,22.042723],[71.954893,22.04293],[71.953626,22.043005],[71.953183,22.043434],[71.952297,22.044213],[71.951771,22.044696],[71.949775,22.044764],[71.949097,22.044697],[71.94847,22.044419],[71.947877,22.044351],[71.94732,22.044703],[71.946908,22.045263],[71.946318,22.045352],[71.945043,22.045086],[71.945168,22.045689],[71.944517,22.045569],[71.943349,22.045011],[71.942093,22.04435],[71.939566,22.043527],[71.938915,22.04346],[71.938384,22.043706],[71.937825,22.043953],[71.937239,22.044279],[71.935532,22.043963],[71.935403,22.043896],[71.934758,22.044065],[71.932785,22.044153],[71.931543,22.044123],[71.931471,22.043387],[71.931602,22.042885],[71.932041,22.042298],[71.933153,22.041488],[71.934501,22.040859],[71.934869,22.040538],[71.935189,22.040014],[71.935305,22.039626],[71.935271,22.039315],[71.935212,22.039109],[71.935154,22.038904],[71.934926,22.038394],[71.934694,22.038019],[71.934519,22.03787],[71.934328,22.037748],[71.934137,22.037626],[71.933265,22.037161],[71.932964,22.036873],[71.932761,22.036602],[71.932639,22.036241],[71.93247,22.035383],[71.932416,22.03466],[71.932363,22.034358],[71.932125,22.033816],[71.932096,22.033631],[71.932074,22.033333],[71.932052,22.033035],[71.932071,22.03257],[71.932134,22.031599],[71.932199,22.030836],[71.932221,22.030578],[71.932211,22.030208],[71.932123,22.029856],[71.932094,22.029382],[71.932157,22.029011],[71.932317,22.028623],[71.932694,22.02776],[71.932704,22.027462],[71.932737,22.027273],[71.932694,22.02692],[71.932572,22.026582],[71.932369,22.026284],[71.932059,22.025891],[71.931608,22.025503],[71.931395,22.024753],[71.931292,22.022395],[71.931117,22.019372],[71.93258,22.019161],[71.933196,22.018966],[71.933734,22.019062],[71.935054,22.018775],[71.936493,22.018802],[71.937762,22.018779],[71.939065,22.019019],[71.939635,22.017964],[71.940406,22.017029],[71.941435,22.016326],[71.942719,22.015671],[71.943892,22.015124],[71.945655,22.014408],[71.947529,22.013637],[71.950087,22.012702],[71.95065,22.012613],[71.951939,22.012221],[71.953731,22.011584],[71.95499,22.011087],[71.956248,22.010538],[71.956892,22.010316],[71.957451,22.010043],[71.9588,22.009808],[71.959419,22.00977],[71.961309,22.00906],[71.963292,22.008155],[71.964383,22.007715],[71.966202,22.006998],[71.968162,22.00633],[71.97054,22.005419],[71.974263,22.004036],[71.976644,22.003256],[71.97844,22.002807],[71.978387,22.00165],[71.978335,22.000595],[71.978308,22.000001],[71.978192,21.998715],[71.979833,22.000001],[71.980241,22.000201],[71.981357,22.00097],[71.982083,22.001036],[71.9842,22.002471],[71.985537,22.001631],[71.987412,22.000938],[71.989445,22.000001],[71.989693,21.999664],[71.99054,21.999474],[71.991291,21.999514],[71.991959,21.999654],[71.992499,22.000001],[71.992606,22.000081],[71.992842,22.000603],[71.993848,22.001479],[71.994856,22.002487],[71.995315,22.002821],[71.995829,22.003127],[71.99649,22.00372],[71.997166,22.003708],[71.997811,22.003512],[71.998372,22.00337],[71.998809,22.00402],[71.999384,22.004562],[72.0,22.005419],[72.00026,22.005615],[72.001049,22.005756],[72.002091,22.005662],[72.003151,22.005645],[72.004439,22.005704],[72.005199,22.005484],[72.00532,22.005556],[72.006061,22.006112],[72.006351,22.006162],[72.006869,22.006054],[72.007121,22.006004],[72.007509,22.006014],[72.007959,22.006163],[72.008399,22.006403],[72.008951,22.006543],[72.009741,22.006593],[72.010307,22.006652],[72.010598,22.006634],[72.011319,22.006594],[72.011997,22.006662],[72.012167,22.006644],[72.012617,22.006563],[72.012757,22.006595],[72.013159,22.006663],[72.01375,22.006704],[72.014007,22.006682],[72.014229,22.006673],[72.014578,22.006556],[72.014936,22.006475],[72.01515,22.006425],[72.0153,22.006335],[72.015576,22.006182],[72.015799,22.006033],[72.01622,22.005735],[72.016588,22.005442],[72.016748,22.005342],[72.017029,22.005185],[72.017199,22.005085],[72.017247,22.005004],[72.017436,22.004765],[72.017747,22.004305],[72.017878,22.004106],[72.017999,22.003934],[72.01813,22.003713],[72.018488,22.003366],[72.018696,22.003172],[72.018958,22.003095],[72.019249,22.003032],[72.01951,22.002996],[72.019757,22.002933],[72.019965,22.002915],[72.020266,22.002902],[72.020546,22.002902],[72.020876,22.002925],[72.021137,22.002984],[72.02137,22.003065],[72.021495,22.003115],[72.021805,22.003223],[72.021936,22.003296],[72.022159,22.003413],[72.022265,22.003463],[72.022396,22.003513],[72.022657,22.003626],[72.022909,22.003766],[72.023049,22.003865],[72.023238,22.004114],[72.023368,22.004344],[72.023605,22.004633],[72.023818,22.004764],[72.024196,22.004923],[72.024365,22.004963],[72.024467,22.004982],[72.024588,22.005045],[72.024767,22.005086],[72.025048,22.005293],[72.025295,22.005623],[72.025329,22.005664],[72.026089,22.005484],[72.027798,22.005372],[72.028946,22.005174],[72.029266,22.004885],[72.029867,22.004384],[72.030468,22.003536],[72.030904,22.002502],[72.031001,22.001978],[72.031099,22.001454],[72.031216,22.000005],[72.031604,21.998586],[72.031696,21.997985],[72.031585,21.997213],[72.031935,21.996206],[72.032624,21.993533],[72.034846,21.985655],[72.035744,21.982756],[72.037456,21.977217],[72.040435,21.966815],[72.041604,21.962805],[72.043005,21.958769],[72.043825,21.954958],[72.044473,21.948958],[72.044402,21.945137],[72.044312,21.941471],[72.044274,21.939669],[72.044125,21.939168],[72.041452,21.940219],[72.038504,21.941387],[72.033793,21.943348],[72.025815,21.946387],[72.021869,21.94778],[72.019079,21.943647],[72.01364,21.936129],[72.011188,21.9327],[72.006668,21.926488],[72.004068,21.922711],[72.002767,21.920882],[72.00121,21.919562],[72.0,21.91883],[71.999469,21.918509],[71.998841,21.918392],[71.997311,21.917693],[71.993592,21.91514],[71.991982,21.916532],[71.991089,21.913593],[71.989509,21.90967],[71.988118,21.906158],[71.987249,21.903964],[71.98578,21.900781],[71.984563,21.897694],[71.9823,21.892805],[71.982129,21.890723],[71.981503,21.881981],[71.98138,21.879313],[71.981041,21.878035],[71.981265,21.8767],[71.981469,21.875484],[71.98211,21.872245],[71.982863,21.869784],[71.983123,21.868393],[71.984339,21.864193],[71.984102,21.863926],[71.983289,21.863814],[71.982041,21.863273],[71.979592,21.861414],[71.976151,21.859384],[71.972834,21.857204],[71.972574,21.857034],[71.969051,21.854837],[71.967445,21.853935],[71.966366,21.853046],[71.966225,21.852107],[71.965915,21.851746],[71.964715,21.850938],[71.963433,21.850374],[71.962794,21.850248],[71.962455,21.850284],[71.962214,21.850465],[71.961175,21.851784],[71.960623,21.851766],[71.960615,21.851749],[71.958725,21.847554],[71.958874,21.847347],[71.958744,21.847166],[71.957515,21.847569],[71.957003,21.847835],[71.956485,21.847948],[71.955997,21.848215],[71.955417,21.848486],[71.954556,21.849006],[71.951644,21.849685],[71.951267,21.849726],[71.952465,21.847436],[71.953823,21.844997],[71.955917,21.843555],[71.956724,21.842349],[71.957026,21.841824],[71.957806,21.840465],[71.957826,21.840438],[71.958135,21.839987],[71.958144,21.839978],[71.958212,21.839838],[71.957974,21.838537],[71.957925,21.836627],[71.957256,21.834586],[71.957032,21.832288],[71.956364,21.83046],[71.956005,21.82836],[71.955506,21.82659],[71.954973,21.825308],[71.954972,21.824387],[71.954105,21.820418],[71.953716,21.818038],[71.951776,21.816337],[71.951636,21.815669],[71.950286,21.815308],[71.949314,21.814618],[71.947564,21.81498],[71.946185,21.815369],[71.943357,21.816481],[71.941297,21.816879],[71.938415,21.816578],[71.936708,21.816199],[71.934299,21.815739],[71.932239,21.815871],[71.929589,21.816048],[71.926397,21.816049],[71.925657,21.815589],[71.924787,21.814609],[71.924308,21.814049],[71.923669,21.813499],[71.923069,21.812767],[71.922556,21.811661],[71.922189,21.811331],[71.921637,21.811038],[71.920157,21.810677],[71.918257,21.810348],[71.917367,21.80996],[71.914127,21.81067],[71.9111,21.81044],[71.90948,21.810201],[71.907899,21.80994],[71.906975,21.80961],[71.906051,21.809281],[71.90359,21.80841],[71.902482,21.80804],[71.90048,21.807029],[71.899831,21.806699],[71.898793,21.806171],[71.896931,21.805169],[71.8962,21.804631],[71.894721,21.804772],[71.89341,21.805128],[71.892754,21.805038],[71.892753,21.805061],[71.89253,21.805002],[71.891902,21.80493],[71.890974,21.807919],[71.89196,21.808222],[71.891124,21.810511],[71.889485,21.810191],[71.889393,21.81155],[71.888343,21.811311],[71.888972,21.813131],[71.889591,21.813849],[71.890612,21.814991],[71.891482,21.81588],[71.891502,21.815907],[71.892034,21.816689],[71.892353,21.817899],[71.891884,21.817948],[71.891473,21.818138],[71.891004,21.818847],[71.890743,21.819529],[71.890303,21.819777],[71.889771,21.819809],[71.888813,21.819588],[71.888964,21.8212],[71.889544,21.822568],[71.89024,21.823277],[71.891904,21.826257],[71.892993,21.827458],[71.894831,21.82823],[71.895034,21.828497],[71.895063,21.829788],[71.89532,21.831039],[71.895262,21.831639],[71.894773,21.83369],[71.894193,21.834697],[71.893753,21.835058],[71.892994,21.835297],[71.892902,21.83588],[71.892293,21.835848],[71.891654,21.837799],[71.891243,21.838458],[71.890774,21.838869],[71.890102,21.839059],[71.886823,21.839687],[71.886533,21.839786],[71.886005,21.840387],[71.885304,21.840888],[71.884226,21.841268],[71.882475,21.841299],[71.881464,21.843137],[71.880376,21.844316],[71.879113,21.844289],[71.878185,21.844537],[71.875553,21.844835],[71.874446,21.844677],[71.873653,21.847346],[71.874006,21.849315],[71.873686,21.849857],[71.873183,21.850218],[71.872153,21.850516],[71.870847,21.850516],[71.869677,21.850959],[71.868541,21.851776],[71.867945,21.852205],[71.867485,21.852534],[71.866895,21.852394],[71.865937,21.851717],[71.864588,21.850678],[71.863166,21.850078],[71.862827,21.848845],[71.862068,21.848168],[71.861275,21.847675],[71.859664,21.847486],[71.858527,21.849237],[71.857937,21.848876],[71.854377,21.854078],[71.854028,21.857437],[71.853849,21.857767],[71.85338,21.858056],[71.852857,21.858115],[71.851827,21.858087],[71.850289,21.857676],[71.849128,21.857428],[71.84565,21.854916],[71.842927,21.853656],[71.841316,21.853087],[71.839861,21.852256],[71.838037,21.851059],[71.837109,21.850738],[71.835329,21.850403],[71.833549,21.850069],[71.833031,21.851139],[71.832059,21.851215],[71.831831,21.851734],[71.827971,21.850966],[71.826482,21.850067],[71.824993,21.849186],[71.825021,21.850477],[71.824373,21.850558],[71.824261,21.852527],[71.822151,21.853967],[71.821261,21.854847],[71.819089,21.854278],[71.817692,21.853157],[71.817373,21.853175],[71.815142,21.855256],[71.812751,21.857698],[71.813713,21.859058],[71.81261,21.859396],[71.809654,21.859806],[71.80932,21.860397],[71.809001,21.861327],[71.808502,21.862004],[71.80589,21.861749],[71.805861,21.861746],[71.805663,21.861227],[71.805702,21.860888],[71.806153,21.857565],[71.803271,21.855857],[71.800984,21.854668],[71.797356,21.854698],[71.797453,21.853208],[71.797183,21.851379],[71.793793,21.850966],[71.793595,21.849819],[71.792642,21.849968],[71.791346,21.850338],[71.791995,21.848956],[71.793186,21.845778],[71.790647,21.845889],[71.786144,21.845336],[71.786133,21.847779],[71.785977,21.849337],[71.785396,21.850307],[71.784655,21.851987],[71.783547,21.853458],[71.782865,21.852939],[71.782454,21.852889],[71.782057,21.853015],[71.781786,21.853177],[71.781118,21.853917],[71.779826,21.854007],[71.778656,21.853618],[71.777926,21.853536],[71.777606,21.853775],[71.777164,21.856286],[71.776737,21.858417],[71.775528,21.859008],[71.775787,21.861008],[71.775588,21.862666],[71.775377,21.863706],[71.775166,21.864747],[71.775165,21.865126],[71.777858,21.868578],[71.778708,21.869504],[71.780057,21.871577],[71.780695,21.872558],[71.781517,21.873375],[71.783586,21.875047],[71.784515,21.875766],[71.785216,21.876534],[71.785887,21.879076],[71.789598,21.878686],[71.791755,21.878393],[71.791783,21.880145],[71.793274,21.880245],[71.792526,21.885113],[71.790763,21.888525],[71.790209,21.889838],[71.789106,21.892453],[71.782206,21.892224],[71.782085,21.892124],[71.782066,21.891894],[71.782115,21.891154],[71.780247,21.892024],[71.777977,21.892944],[71.775446,21.893182],[71.773477,21.893144],[71.77175,21.893143],[71.769718,21.892952],[71.769857,21.894303],[71.770008,21.900024],[71.769239,21.899635],[71.768918,21.901283],[71.76808,21.902434],[71.76578,21.904645],[71.765039,21.905322],[71.762141,21.904932],[71.761831,21.905424],[71.762029,21.906345],[71.763068,21.907005],[71.763039,21.907971],[71.76404,21.908252],[71.764896,21.908672],[71.764988,21.909413],[71.765068,21.911504],[71.76562,21.911852],[71.765919,21.913392],[71.766508,21.914973],[71.767619,21.917904],[71.768319,21.920054],[71.768559,21.921743],[71.76883,21.922204],[71.768988,21.924458],[71.769089,21.925893],[71.76842,21.92764],[71.767838,21.928561],[71.767286,21.929053],[71.766187,21.92944],[71.765577,21.92935],[71.765019,21.93139],[71.762081,21.932513],[71.760677,21.932859],[71.756179,21.934441],[71.75465,21.934792],[71.75085,21.935232],[71.749998,21.935214],[71.749496,21.935203],[71.747281,21.935411],[71.746611,21.935411],[71.745091,21.935201],[71.742431,21.934771],[71.741101,21.934471],[71.740712,21.935341],[71.740232,21.936141],[71.739742,21.936931],[71.739072,21.938021],[71.738182,21.93934],[71.737552,21.93935],[71.737142,21.9409],[71.736882,21.94146],[71.736382,21.94258],[71.735812,21.9434],[71.734932,21.94546],[71.734452,21.94684],[71.734092,21.94837],[71.733712,21.94994],[71.733452,21.95116],[71.733023,21.952989],[71.732713,21.954039],[71.732523,21.954979],[71.732363,21.956259],[71.732073,21.958339],[71.731853,21.959219],[71.731483,21.960089],[71.731223,21.960689],[71.732213,21.962299],[71.733083,21.963599],[71.732503,21.963859],[71.731613,21.964229],[71.729993,21.964829],[71.728783,21.965298],[71.727513,21.965808],[71.726223,21.966228],[71.723304,21.966558],[71.721924,21.966718],[71.721934,21.968188],[71.721354,21.968118],[71.721264,21.969438],[71.721244,21.969798],[71.719924,21.969918],[71.718264,21.970058],[71.717685,21.971758],[71.717265,21.972938],[71.717185,21.973218],[71.713385,21.972888],[71.712995,21.974138],[71.711835,21.977968],[71.711115,21.980357],[71.711265,21.980597],[71.711975,21.981287],[71.712895,21.982207],[71.714705,21.984487],[71.715145,21.984927],[71.716155,21.986037],[71.71619,21.986077],[71.716225,21.986117],[71.717165,21.986287],[71.718285,21.986757],[71.719594,21.987257],[71.720404,21.987807],[71.721064,21.988297],[71.721624,21.988827],[71.722074,21.989627],[71.722414,21.990567],[71.722524,21.991607],[71.722444,21.992316],[71.722804,21.993296],[71.723464,21.994046],[71.723874,21.994436],[71.724314,21.994746],[71.724834,21.994966],[71.725464,21.995086],[71.726014,21.995096],[71.726534,21.995126],[71.727113,21.995306],[71.727484,21.995506],[71.727733,21.995656],[71.728033,21.995726],[71.728613,21.995876],[71.729493,21.996006],[71.730013,21.995996],[71.730443,21.995876],[71.730853,21.995756],[71.731263,21.995726],[71.731833,21.995726],[71.732143,21.995756],[71.732383,21.995866],[71.732523,21.996056],[71.732613,21.996416],[71.732713,21.996846],[71.732823,21.997096],[71.733103,21.997346],[71.733563,21.997566],[71.734133,21.997786],[71.734503,21.997916],[71.735423,21.998216],[71.735622,21.998246],[71.735532,21.999306],[71.735506,22.000001],[71.735483,22.000606],[71.735048,22.002001],[71.73458,22.003663],[71.734606,22.006331],[71.734476,22.007691],[71.73455,22.009519],[71.734948,22.01049],[71.735718,22.010092],[71.738676,22.009909],[71.740628,22.009998],[71.740677,22.011208],[71.747282,22.012121],[71.74949,22.012426],[71.75,22.011926],[71.751108,22.012097],[71.756029,22.013054],[71.756046,22.012251],[71.756321,22.011682],[71.758709,22.011702],[71.759122,22.010013],[71.759212,22.008051],[71.759315,22.006831],[71.76044,22.006396],[71.761718,22.006642],[71.763151,22.006618],[71.764522,22.006743],[71.766374,22.007009],[71.767563,22.007583],[71.768879,22.008125],[71.77043,22.009317],[71.77223,22.010208],[71.774061,22.011009],[71.776204,22.011507],[71.776864,22.011733],[71.77737,22.011576],[71.778666,22.011079],[71.779697,22.010111],[71.78038,22.009178],[71.781007,22.008692],[71.78201,22.007873],[71.782676,22.007773],[71.784581,22.007473],[71.78557,22.007605],[71.786845,22.007702],[71.788166,22.00768],[71.788252,22.007626],[71.788939,22.007718],[71.789546,22.007842],[71.790894,22.008398],[71.792052,22.008957],[71.792471,22.009232],[71.793255,22.009412],[71.793333,22.010544],[71.793344,22.011138],[71.793513,22.01164],[71.793731,22.012973],[71.793662,22.014341],[71.793571,22.016185],[71.793568,22.017671],[71.79354,22.019478],[71.793457,22.020133],[71.793842,22.021879],[71.7957,22.021348],[71.796037,22.021423],[71.796564,22.021627],[71.79717,22.021814],[71.797629,22.021907],[71.79809,22.021775],[71.798478,22.0216],[71.798938,22.021588],[71.79936,22.021642],[71.799808,22.021764],[71.799971,22.021795],[71.800742,22.021838],[71.801073,22.021849],[71.801589,22.021722],[71.802113,22.02159],[71.802453,22.021438],[71.802747,22.021371],[71.803525,22.021476],[71.803792,22.0216],[71.804281,22.02194],[71.805018,22.022287],[71.805484,22.021715],[71.806015,22.021171],[71.807153,22.020736],[71.808481,22.020297],[71.810454,22.020263],[71.812507,22.019871],[71.814499,22.019213],[71.816299,22.01844],[71.816868,22.018222],[71.817665,22.018268],[71.818272,22.018406],[71.819104,22.018599],[71.820155,22.018641],[71.821045,22.018566],[71.822312,22.018217],[71.823141,22.018292],[71.824386,22.018449],[71.829675,22.018016],[71.829696,22.014273],[71.83231,22.014406],[71.834569,22.014337],[71.83632,22.014366],[71.838322,22.014183],[71.841813,22.014092],[71.844412,22.013513],[71.845771,22.013014],[71.847074,22.012872],[71.847775,22.012919],[71.848974,22.012364],[71.849607,22.012204],[71.850465,22.0121],[71.852493,22.012124],[71.8549,22.011488],[71.856895,22.010949],[71.862137,22.009491],[71.867551,22.009574],[71.867885,22.013504],[71.868325,22.016408],[71.870648,22.016337],[71.870918,22.017105],[71.870945,22.018441],[71.871323,22.018257],[71.871398,22.01879],[71.872451,22.01889],[71.872426,22.019247],[71.872792,22.020043],[71.872657,22.021233],[71.873414,22.02245],[71.873432,22.023341],[71.874001,22.023153],[71.874705,22.023348],[71.875412,22.023633],[71.876145,22.023679],[71.877575,22.023535],[71.878188,22.02397],[71.877156,22.02488],[71.876221,22.025847],[71.875348,22.026783],[71.874253,22.027723],[71.873767,22.028881],[71.873343,22.029988],[71.873019,22.031271],[71.872663,22.032584],[71.872338,22.033837],[71.872191,22.035548],[71.871648,22.035439],[71.870913,22.035303],[71.870403,22.035282],[71.869013,22.035841],[71.868543,22.036206],[71.867981,22.036751],[71.867707,22.037379],[71.867636,22.038598],[71.867874,22.039337],[71.868137,22.039778],[71.868405,22.040427],[71.867759,22.041531],[71.867392,22.04228],[71.867004,22.043594],[71.867048,22.045459],[71.865863,22.045094],[71.864612,22.04464],[71.864039,22.04465],[71.863902,22.045752],[71.863511,22.046917],[71.862137,22.046674],[71.861586,22.049375],[71.86051,22.049691],[71.859235,22.049624],[71.859326,22.050039],[71.859291,22.050045],[71.859078,22.050208],[71.858913,22.05047],[71.858787,22.050781],[71.858647,22.051292],[71.858356,22.052037],[71.858118,22.052457],[71.857357,22.052671],[71.857309,22.052686],[71.85709,22.052757],[71.857026,22.05178],[71.856994,22.051119],[71.857023,22.050458],[71.856221,22.050603],[71.85622,22.049856],[71.856186,22.048879],[71.855846,22.048478],[71.855537,22.048076],[71.854859,22.04802],[71.854396,22.047992],[71.853564,22.047994],[71.852978,22.048053],[71.852604,22.048201],[71.852238,22.047853],[71.85199,22.047365],[71.851649,22.04682],[71.851402,22.046475],[71.850969,22.046016],[71.850629,22.045557],[71.850308,22.045412],[71.849875,22.045581],[71.849274,22.045621],[71.849129,22.04595],[71.849027,22.046337],[71.84882,22.046821],[71.84853,22.046822],[71.847908,22.046746],[71.847223,22.046747],[71.847039,22.04756],[71.84677,22.04814],[71.845962,22.048142],[71.845692,22.048065],[71.845111,22.048066],[71.844385,22.048068],[71.843638,22.048011],[71.842962,22.048061],[71.842963,22.048487],[71.842923,22.048931],[71.842924,22.049376],[71.842967,22.049782],[71.842282,22.049667],[71.841805,22.049649],[71.841265,22.049496],[71.840975,22.049748],[71.840852,22.050115],[71.840811,22.05056],[71.840709,22.051063],[71.840647,22.051392],[71.840586,22.051759],[71.840525,22.052281],[71.840609,22.052668],[71.840548,22.053113],[71.840466,22.053731],[71.840573,22.053967],[71.840293,22.053786],[71.839649,22.053343],[71.839271,22.053122],[71.838961,22.053023],[71.838564,22.052941],[71.838099,22.052851],[71.837585,22.052833],[71.837251,22.052882],[71.836558,22.052905],[71.836268,22.05285],[71.83573,22.052801],[71.835459,22.05281],[71.835088,22.052952],[71.833441,22.052981],[71.832012,22.053213],[71.831217,22.053257],[71.830909,22.053767],[71.830727,22.054245],[71.830484,22.054843],[71.830243,22.0555],[71.830032,22.056127],[71.829724,22.056637],[71.829227,22.057269],[71.829397,22.057831],[71.829293,22.057905],[71.829776,22.058134],[71.830171,22.05881],[71.830701,22.05984],[71.831203,22.061078],[71.831611,22.062347],[71.834021,22.063433],[71.835022,22.064158],[71.836308,22.064759],[71.836857,22.065135],[71.837406,22.065511],[71.83847,22.066176],[71.839721,22.066658],[71.839599,22.065325],[71.839795,22.063986],[71.839865,22.062708],[71.84,22.061459],[71.840167,22.060269],[71.84157,22.060393],[71.84292,22.061023],[71.843461,22.061013],[71.844166,22.061239],[71.845448,22.061632],[71.846657,22.061581],[71.847414,22.061693],[71.848015,22.061505],[71.848774,22.061254],[71.849503,22.061093],[71.8501,22.060696],[71.850739,22.060804],[71.852198,22.060481],[71.853496,22.060132],[71.854037,22.060093],[71.854765,22.059902],[71.855402,22.059891],[71.856001,22.059613],[71.85739,22.0595],[71.858816,22.059148],[71.860176,22.058708],[71.861348,22.058361],[71.862075,22.058111],[71.86271,22.058011],[71.863341,22.057732],[71.863512,22.058323],[71.863239,22.058982],[71.862977,22.060234],[71.862505,22.062083],[71.86239,22.062709],[71.86382,22.062565],[71.864399,22.062852],[71.864393,22.064129],[71.864437,22.064723],[71.865254,22.066217],[71.865612,22.066626],[71.866186,22.066646],[71.867155,22.067342],[71.867643,22.067838],[71.867336,22.068408],[71.868104,22.068602],[71.868297,22.070262],[71.86988,22.069806],[71.869934,22.070934],[71.870443,22.070895],[71.870184,22.072237],[71.870763,22.072523],[71.870651,22.073298],[71.87125,22.07302],[71.871136,22.073675],[71.871213,22.074327],[71.871602,22.076251],[71.872235,22.076032],[71.873115,22.077697],[71.873427,22.078939],[71.873484,22.079181],[71.873741,22.08027],[71.873572,22.081372],[71.875009,22.081584],[71.876259,22.081948],[71.878199,22.081855],[71.879499,22.081535],[71.88156,22.081113],[71.882957,22.08091],[71.883743,22.081965],[71.884355,22.082928],[71.884655,22.083576],[71.885265,22.083833],[71.885719,22.084241],[71.886233,22.084469],[71.88694,22.084783],[71.888188,22.085058],[71.890198,22.08526],[71.891856,22.08535],[71.892122,22.085909],[71.892282,22.08618],[71.892452,22.086468],[71.892571,22.087594],[71.892425,22.088259],[71.892703,22.089383],[71.892413,22.090784],[71.892448,22.092506],[71.892753,22.094995],[71.892613,22.097492],[71.892862,22.101874],[71.893216,22.105099],[71.8943,22.105075],[71.895318,22.105088],[71.896364,22.104925],[71.897401,22.104686],[71.898414,22.10455],[71.899315,22.104523],[71.900313,22.104491],[71.901103,22.104699],[71.90215,22.104807],[71.902649,22.10473],[71.903197,22.104459],[71.904059,22.103994],[71.904544,22.1038],[71.904365,22.105389],[71.904336,22.105809],[71.905266,22.105642],[71.906298,22.105583],[71.907224,22.105641],[71.908333,22.105659],[71.909865,22.105537],[71.910024,22.105551],[71.910107,22.106138],[71.910233,22.106946],[71.910398,22.107099],[71.910897,22.106991],[71.912118,22.107262],[71.913286,22.107591],[71.914318,22.10783],[71.91522,22.108069],[71.91583,22.108624],[71.916199,22.109116],[71.91665,22.110073],[71.917038,22.11141],[71.917373,22.112295],[71.917984,22.114327],[71.918435,22.116097],[71.918663,22.117176],[71.918823,22.118147],[71.919047,22.120201],[71.91895,22.120829],[71.918936,22.121131],[71.919014,22.122134],[71.919208,22.123723],[71.919354,22.124676],[71.919722,22.125592],[71.920207,22.126387],[71.920561,22.127136],[71.92077,22.128279],[71.920819,22.128687],[71.920916,22.12948],[71.921028,22.13032],[71.921895,22.130075],[71.922782,22.129655],[71.92423,22.128756],[71.925292,22.128169],[71.927031,22.127405],[71.927986,22.12694],[71.928611,22.126583],[71.929371,22.125874],[71.930176,22.12535],[71.930912,22.125078],[71.931785,22.125019],[71.932264,22.124825],[71.93257,22.125258]],[[71.852401,22.048938],[71.8524,22.048614],[71.852969,22.048628],[71.853334,22.049319],[71.853509,22.049731],[71.853621,22.050173],[71.853811,22.050541],[71.853923,22.050997],[71.853164,22.050896],[71.852216,22.050751],[71.852357,22.050279],[71.852387,22.049822],[71.852465,22.049395],[71.852401,22.048938]]]}}]}