{"type":"FeatureCollection","name":"LAKHIMPUR, ASSAM - Sub-district boundaries","crs_note":"RFC 7946 WGS84 lon/lat (EPSG:4326); source CRS was LCC_WGS84","features":[{"type":"Feature","properties":{"OBJECTID":5804,"state_lgd":"18","state_name":"ASSAM","district_lgd":"307","district_name":"LAKHIMPUR","district_name_source":"district_table","subdistrict_lgd":"02049","subdistrict_name":"BIHPURIA CIRCLE","subdistrict_type":"","name_corrupted":false,"remarks":""},"geometry":{"type":"Polygon","coordinates":[[[93.879818,27.215126],[93.879824,27.215058],[93.879837,27.214892],[93.879862,27.214647],[93.879994,27.213377],[93.880686,27.210665],[93.881096,27.209209],[93.881264,27.208561],[93.881542,27.207872],[93.881611,27.207257],[93.881545,27.20666],[93.881472,27.205993],[93.881515,27.20536],[93.881687,27.204436],[93.881874,27.203959],[93.882192,27.203421],[93.882546,27.202909],[93.882907,27.202356],[93.88329,27.201817],[93.883726,27.201105],[93.884088,27.200357],[93.884487,27.199934],[93.885192,27.199494],[93.886216,27.199148],[93.88722,27.199039],[93.888206,27.198972],[93.889108,27.198872],[93.889652,27.198681],[93.890389,27.19832],[93.890931,27.197853],[93.891585,27.197162],[93.89229,27.196507],[93.892461,27.196382],[93.892952,27.196022],[93.893177,27.195857],[93.894219,27.195103],[93.894476,27.194948],[93.894892,27.194891],[93.895927,27.194801],[93.897016,27.194784],[93.898222,27.194749],[93.899516,27.194471],[93.899904,27.194298],[93.900896,27.193464],[93.902014,27.192834],[93.903034,27.192662],[93.903982,27.192745],[93.904358,27.192555],[93.904855,27.192195],[93.905016,27.192058],[93.90546,27.191681],[93.905778,27.191357],[93.906071,27.1908],[93.906502,27.190363],[93.907148,27.189908],[93.907598,27.189605],[93.908235,27.189374],[93.910043,27.188796],[93.911867,27.188348],[93.912591,27.188192],[93.913252,27.18797],[93.913523,27.187831],[93.914073,27.18755],[93.915089,27.187133],[93.916199,27.186534],[93.917833,27.185571],[93.919296,27.184671],[93.920132,27.184076],[93.920764,27.183591],[93.921089,27.18329],[93.921313,27.183083],[93.921533,27.182706],[93.921569,27.182238],[93.921604,27.18152],[93.921824,27.180724],[93.922328,27.179607],[93.922866,27.178895],[93.923253,27.178371],[93.923874,27.178101],[93.924584,27.178018],[93.925375,27.177845],[93.925903,27.177564],[93.925921,27.177509],[93.926013,27.177217],[93.92616,27.175656],[93.926319,27.172971],[93.926304,27.172012],[93.926242,27.171353],[93.92575,27.170589],[93.924863,27.170342],[93.923674,27.170325],[93.922625,27.170387],[93.921072,27.170698],[93.919008,27.171238],[93.916478,27.171892],[93.914687,27.172367],[93.913505,27.172625],[93.913501,27.172624],[93.912692,27.172605],[93.912152,27.172366],[93.911881,27.172084],[93.911577,27.170881],[93.911495,27.169938],[93.911582,27.168765],[93.911991,27.167718],[93.91272,27.166075],[93.913257,27.165047],[93.913266,27.165033],[93.914042,27.163782],[93.915263,27.161758],[93.915919,27.160985],[93.916817,27.160017],[93.917524,27.15929],[93.918444,27.158218],[93.919409,27.15755],[93.921443,27.156506],[93.922121,27.156266],[93.922872,27.156001],[93.923836,27.155844],[93.924292,27.15563],[93.924558,27.155351],[93.924715,27.15502],[93.924784,27.154616],[93.92475,27.154306],[93.92469,27.15377],[93.924621,27.152939],[93.924664,27.151985],[93.924784,27.151423],[93.92516,27.150797],[93.925682,27.150362],[93.926819,27.150006],[93.929349,27.149925],[93.931055,27.149978],[93.933184,27.150126],[93.935478,27.150025],[93.937247,27.14991],[93.938322,27.149558],[93.940293,27.148495],[93.943148,27.147066],[93.944789,27.146351],[93.946029,27.145587],[93.946688,27.144946],[93.94732,27.144223],[93.947992,27.143489],[93.948532,27.142593],[93.948601,27.14242],[93.9488,27.141926],[93.949685,27.140846],[93.950739,27.139704],[93.950877,27.139555],[93.951777,27.138617],[93.951864,27.138445],[93.95258,27.137029],[93.953309,27.135504],[93.953934,27.134345],[93.95437,27.133653],[93.954886,27.133065],[93.955512,27.132642],[93.956317,27.132489],[93.956785,27.132692],[93.95694,27.132954],[93.957,27.133398],[93.957052,27.134099],[93.957136,27.134541],[93.957337,27.134707],[93.957701,27.134695],[93.958308,27.134508],[93.958661,27.134303],[93.95885,27.134051],[93.959107,27.133691],[93.959206,27.133272],[93.958997,27.13214],[93.958983,27.132063],[93.958995,27.130938],[93.959032,27.130445],[93.959055,27.130136],[93.959284,27.129738],[93.959492,27.129351],[93.959907,27.128977],[93.960207,27.128684],[93.960299,27.128595],[93.96085,27.128321],[93.961909,27.127992],[93.962461,27.127718],[93.963084,27.127393],[93.963564,27.127187],[93.963752,27.127038],[93.963885,27.126791],[93.963805,27.126481],[93.963609,27.126264],[93.963411,27.126118],[93.963244,27.125847],[93.963221,27.125542],[93.963385,27.125272],[93.963742,27.124995],[93.964118,27.12488],[93.964564,27.124823],[93.965153,27.124678],[93.965709,27.124343],[93.96594,27.124057],[93.966072,27.12381],[93.966088,27.123543],[93.966235,27.123223],[93.96651,27.122923],[93.966849,27.122689],[93.967176,27.122547],[93.967857,27.122517],[93.968777,27.122476],[93.969328,27.122294],[93.96955,27.1221],[93.969573,27.12208],[93.969848,27.12178],[93.969956,27.121413],[93.970195,27.120901],[93.970414,27.120606],[93.970583,27.120489],[93.971054,27.12062],[93.971747,27.1211],[93.972812,27.121547],[93.973903,27.121603],[93.974409,27.12164],[93.975313,27.121559],[93.97579,27.121617],[93.976079,27.121614],[93.97697,27.121514],[93.977608,27.1211],[93.97791,27.120634],[93.978104,27.120014],[93.978389,27.1196],[93.978922,27.119369],[93.979794,27.119199],[93.980345,27.119263],[93.9814,27.119516],[93.982144,27.119746],[93.983314,27.120102],[93.984132,27.12007],[93.984921,27.119775],[93.985554,27.119514],[93.986138,27.119227],[93.986543,27.119036],[93.986942,27.11889],[93.987459,27.118739],[93.987495,27.118728],[93.987773,27.118458],[93.988049,27.118079],[93.988262,27.117744],[93.988496,27.117386],[93.988672,27.117013],[93.988822,27.116621],[93.988988,27.116167],[93.989234,27.115706],[93.989551,27.115279],[93.989888,27.115024],[93.990504,27.114816],[93.991485,27.114608],[93.991496,27.114605],[93.991909,27.114313],[93.992457,27.114009],[93.992938,27.11356],[93.993653,27.112597],[93.99432,27.111732],[93.99454,27.111445],[93.995105,27.110986],[93.995611,27.11091],[93.995915,27.11119],[93.995945,27.111453],[93.995885,27.111938],[93.995924,27.112395],[93.99608,27.112667],[93.996391,27.112792],[93.997092,27.11274],[93.997902,27.112422],[93.99882,27.11186],[93.999511,27.111196],[94.000117,27.110554],[94.000462,27.109961],[94.000767,27.109117],[94.001433,27.108332],[94.002876,27.107764],[94.004043,27.107588],[94.005349,27.107421],[94.006569,27.107414],[94.007158,27.107535],[94.00778,27.107581],[94.008546,27.107901],[94.00924,27.108299],[94.00982,27.108659],[94.0106,27.108617],[94.011144,27.108589],[94.011814,27.108378],[94.012424,27.108119],[94.013255,27.107585],[94.014102,27.107101],[94.014635,27.106859],[94.015136,27.106753],[94.015739,27.106525],[94.016136,27.106306],[94.016545,27.105983],[94.016788,27.105706],[94.017085,27.105395],[94.017646,27.105006],[94.018588,27.104657],[94.019047,27.104478],[94.019405,27.104211],[94.019792,27.103901],[94.019803,27.103685],[94.019726,27.103508],[94.019507,27.103385],[94.018866,27.103166],[94.018386,27.102954],[94.018038,27.102699],[94.017807,27.10227],[94.017787,27.101985],[94.018006,27.1017],[94.018406,27.101297],[94.01895,27.100748],[94.019595,27.1],[94.020082,27.099354],[94.020664,27.09874],[94.020768,27.098343],[94.020763,27.097893],[94.020575,27.097635],[94.020209,27.097524],[94.019721,27.097445],[94.019517,27.097361],[94.019409,27.097105],[94.01936,27.09667],[94.01953,27.095838],[94.019594,27.094877],[94.019573,27.094072],[94.01951,27.093824],[94.01941,27.093433],[94.019084,27.092859],[94.018893,27.092376],[94.018741,27.092239],[94.018055,27.092127],[94.017526,27.092092],[94.01711,27.092037],[94.016843,27.091898],[94.016758,27.09165],[94.016705,27.091277],[94.016808,27.090971],[94.017236,27.09082],[94.017918,27.09079],[94.01878,27.090846],[94.019252,27.090784],[94.019487,27.09064],[94.019733,27.090393],[94.019829,27.090231],[94.019734,27.089995],[94.019404,27.089901],[94.018538,27.089805],[94.017895,27.089771],[94.017632,27.089661],[94.017575,27.089465],[94.017557,27.089402],[94.017671,27.088984],[94.017901,27.088656],[94.018038,27.088389],[94.018694,27.087625],[94.019202,27.086889],[94.019951,27.085627],[94.020849,27.084259],[94.021498,27.083026],[94.021643,27.082388],[94.021644,27.081785],[94.021778,27.081456],[94.022038,27.081186],[94.022175,27.081043],[94.022903,27.080621],[94.023697,27.080376],[94.02438,27.080049],[94.024828,27.07957],[94.025138,27.079072],[94.025205,27.078887],[94.025286,27.078661],[94.02539,27.078263],[94.025526,27.078047],[94.025793,27.077992],[94.026019,27.078176],[94.026065,27.078489],[94.026087,27.078988],[94.026248,27.079208],[94.026696,27.079229],[94.027249,27.078976],[94.027647,27.078552],[94.027779,27.078227],[94.028002,27.077665],[94.028004,27.077343],[94.028006,27.076888],[94.027991,27.076338],[94.028134,27.075988],[94.028464,27.075672],[94.029054,27.075538],[94.029296,27.075353],[94.029354,27.074959],[94.029186,27.074576],[94.02869,27.074222],[94.028402,27.073992],[94.028187,27.073797],[94.028189,27.073511],[94.028464,27.073118],[94.029013,27.072619],[94.029428,27.072552],[94.02961,27.072648],[94.029658,27.073083],[94.029771,27.073686],[94.030031,27.074378],[94.030551,27.074944],[94.030877,27.075152],[94.031438,27.075164],[94.031766,27.07494],[94.031849,27.074555],[94.031782,27.073958],[94.031741,27.073481],[94.031885,27.073142],[94.032197,27.072868],[94.032605,27.072842],[94.033022,27.072897],[94.033333,27.073135],[94.033585,27.073449],[94.033955,27.073794],[94.034266,27.073828],[94.034493,27.073716],[94.034698,27.073503],[94.034945,27.073266],[94.035394,27.073196],[94.036388,27.073042],[94.03661,27.072852],[94.036833,27.072597],[94.036801,27.072416],[94.036248,27.072051],[94.03509,27.071286],[94.034142,27.070607],[94.034049,27.070541],[94.033703,27.070102],[94.033664,27.069748],[94.033738,27.069598],[94.034001,27.069085],[94.034178,27.068629],[94.034151,27.06808],[94.034203,27.067131],[94.034375,27.06683],[94.03484,27.066298],[94.03548,27.065893],[94.036213,27.065409],[94.0366,27.065098],[94.036613,27.064801],[94.036298,27.06443],[94.035704,27.064116],[94.03513,27.063779],[94.034812,27.06349],[94.034595,27.063198],[94.034208,27.062385],[94.034053,27.06215],[94.033562,27.061401],[94.032985,27.060625],[94.03271,27.060005],[94.032665,27.059703],[94.032922,27.059649],[94.033256,27.059783],[94.033736,27.059893],[94.034391,27.060141],[94.034971,27.060324],[94.035864,27.060357],[94.036339,27.060427],[94.036826,27.0607],[94.03724,27.061031],[94.037717,27.061427],[94.038377,27.061716],[94.038817,27.061779],[94.039106,27.061702],[94.039258,27.06133],[94.039226,27.061047],[94.03889,27.060689],[94.038305,27.060455],[94.037934,27.060304],[94.037778,27.060135],[94.037634,27.059559],[94.037434,27.059096],[94.03717,27.05867],[94.036879,27.058308],[94.036398,27.057881],[94.035816,27.057576],[94.035235,27.057178],[94.034881,27.056862],[94.034532,27.056597],[94.033837,27.056302],[94.033043,27.055835],[94.032404,27.05532],[94.032087,27.05493],[94.032026,27.054588],[94.032042,27.054117],[94.032216,27.053733],[94.03253,27.053378],[94.032826,27.053066],[94.033285,27.052789],[94.033839,27.05274],[94.034431,27.052728],[94.034871,27.052688],[94.035252,27.052522],[94.03544,27.05227],[94.035441,27.052076],[94.035274,27.051804],[94.035052,27.051651],[94.034738,27.051597],[94.034326,27.051481],[94.0339,27.051345],[94.033583,27.051083],[94.033524,27.050751],[94.033597,27.050285],[94.033863,27.050108],[94.034147,27.050103],[94.034734,27.050255],[94.035445,27.050283],[94.03607,27.050064],[94.036513,27.04984],[94.036916,27.049365],[94.037095,27.049022],[94.036915,27.048639],[94.036912,27.048638],[94.03655,27.048437],[94.035403,27.048043],[94.034857,27.047754],[94.034364,27.04742],[94.034067,27.04711],[94.033963,27.046792],[94.034006,27.046359],[94.034315,27.045964],[94.034728,27.045477],[94.035035,27.044835],[94.035871,27.043375],[94.036323,27.042722],[94.036744,27.042408],[94.037181,27.042441],[94.037403,27.042697],[94.03746,27.042998],[94.037497,27.043332],[94.037815,27.04363],[94.038298,27.043659],[94.038843,27.043334],[94.039057,27.042998],[94.039096,27.042772],[94.039064,27.042387],[94.038906,27.04189],[94.038958,27.041334],[94.038915,27.040745],[94.03902,27.040562],[94.039406,27.040548],[94.039851,27.040753],[94.04027,27.041032],[94.04053,27.041316],[94.040915,27.0417],[94.041348,27.041999],[94.041759,27.042207],[94.042296,27.04222],[94.042837,27.042162],[94.043012,27.04189],[94.042948,27.041518],[94.042773,27.041278],[94.042378,27.041109],[94.041594,27.040934],[94.041197,27.040755],[94.041003,27.040548],[94.040969,27.040142],[94.040947,27.039954],[94.041135,27.039692],[94.041489,27.039496],[94.042125,27.039368],[94.042702,27.039326],[94.043113,27.039433],[94.043608,27.039572],[94.04421,27.039549],[94.044693,27.039485],[94.045235,27.039232],[94.045836,27.03879],[94.046281,27.038383],[94.046508,27.037964],[94.046673,27.037397],[94.046751,27.036767],[94.046762,27.036361],[94.046491,27.035977],[94.046138,27.035774],[94.045543,27.035653],[94.044841,27.035604],[94.044137,27.035626],[94.04388,27.035577],[94.043411,27.035456],[94.043099,27.03532],[94.042908,27.035143],[94.042823,27.034895],[94.042774,27.034757],[94.042539,27.034696],[94.042322,27.034797],[94.042044,27.034965],[94.041782,27.03507],[94.041624,27.035084],[94.04144,27.03507],[94.041314,27.034767],[94.041354,27.0341],[94.04144,27.033642],[94.041639,27.033287],[94.042379,27.032761],[94.043078,27.03228],[94.043443,27.031971],[94.043498,27.031854],[94.043549,27.031696],[94.043584,27.031499],[94.04384,27.031241],[94.044248,27.031113],[94.044561,27.031054],[94.044932,27.03101],[94.045314,27.030854],[94.045572,27.030616],[94.045729,27.030387],[94.045737,27.030055],[94.04585,27.029534],[94.046114,27.029244],[94.046647,27.028706],[94.047415,27.028024],[94.048211,27.027221],[94.048531,27.02712],[94.04896,27.027082],[94.049388,27.027034],[94.049574,27.026864],[94.049726,27.026584],[94.049657,27.026274],[94.049273,27.025899],[94.04895,27.025458],[94.048564,27.025064],[94.048286,27.024823],[94.048079,27.024709],[94.047854,27.024739],[94.047419,27.024891],[94.047021,27.024804],[94.046861,27.024695],[94.046624,27.02441],[94.046427,27.024182],[94.046241,27.024148],[94.045979,27.024355],[94.04586,27.024519],[94.045603,27.024767],[94.04546,27.024811],[94.045177,27.024836],[94.044963,27.024753],[94.044731,27.02462],[94.044588,27.024357],[94.04437,27.02404],[94.044254,27.023815],[94.044231,27.02351],[94.044272,27.023307],[94.044309,27.023255],[94.044499,27.02299],[94.044889,27.022598],[94.045378,27.02238],[94.045601,27.022237],[94.04574,27.022051],[94.045722,27.021685],[94.045846,27.02147],[94.046022,27.021413],[94.046235,27.021476],[94.046307,27.021715],[94.046349,27.022089],[94.0467,27.022374],[94.047223,27.022562],[94.04762,27.022547],[94.047888,27.02239],[94.048119,27.022114],[94.048286,27.021772],[94.048576,27.021613],[94.048789,27.021574],[94.049126,27.021636],[94.049436,27.021751],[94.049962,27.021867],[94.050208,27.021723],[94.050358,27.021433],[94.050325,27.02114],[94.050163,27.020909],[94.049816,27.020665],[94.049438,27.020443],[94.049236,27.020165],[94.04915,27.019805],[94.04901,27.01947],[94.048753,27.019314],[94.048503,27.019214],[94.048154,27.019153],[94.047588,27.019193],[94.047064,27.019199],[94.046573,27.01909],[94.046231,27.018988],[94.046087,27.018827],[94.046076,27.018726],[94.046119,27.018497],[94.046228,27.018355],[94.046408,27.018124],[94.046738,27.018013],[94.046998,27.018],[94.047433,27.018114],[94.04795,27.018252],[94.048447,27.018207],[94.048802,27.018012],[94.048992,27.017882],[94.049109,27.017698],[94.049087,27.017506],[94.048988,27.017331],[94.048607,27.017089],[94.048396,27.016832],[94.048374,27.01663],[94.048476,27.016324],[94.048719,27.015945],[94.048755,27.015191],[94.048669,27.014422],[94.048337,27.013491],[94.047757,27.012991],[94.047361,27.012925],[94.047167,27.013228],[94.047183,27.013778],[94.047194,27.014288],[94.046935,27.014618],[94.046625,27.014707],[94.046099,27.014693],[94.045751,27.014438],[94.045532,27.01411],[94.045074,27.01409],[94.044701,27.014225],[94.044347,27.014523],[94.043789,27.014634],[94.042689,27.014794],[94.041964,27.015043],[94.041425,27.01552],[94.040788,27.015741],[94.040555,27.0157],[94.040065,27.015601],[94.039252,27.015469],[94.038458,27.015091],[94.037945,27.014789],[94.037877,27.014387],[94.037873,27.014142],[94.038094,27.013877],[94.038476,27.013618],[94.03897,27.013553],[94.039379,27.013333],[94.039492,27.012914],[94.039352,27.012281],[94.039456,27.011986],[94.039731,27.011593],[94.040115,27.010946],[94.040185,27.010143],[94.040124,27.009392],[94.040582,27.008799],[94.040847,27.00851],[94.041068,27.007428],[94.040987,27.006495],[94.040625,27.00571],[94.040497,27.004932],[94.040485,27.004864],[94.040384,27.004158],[94.04098,27.003573],[94.0427,27.004073],[94.044471,27.004609],[94.045889,27.00485],[94.047041,27.005462],[94.048427,27.005215],[94.049441,27.004899],[94.049983,27.004442],[94.050753,27.003576],[94.051143,27.00299],[94.051812,27.00203],[94.054062,26.999991],[94.056833,26.998864],[94.059896,26.998323],[94.062071,26.99819],[94.063547,26.998343],[94.06474,26.999217],[94.065442,27.000401],[94.065354,27.001042],[94.064916,27.001409],[94.064207,27.001799],[94.063408,27.002198],[94.062451,27.002611],[94.061507,27.003349],[94.060769,27.004294],[94.060259,27.005239],[94.060247,27.005968],[94.060554,27.007085],[94.061286,27.008108],[94.063973,27.007629],[94.066144,27.00662],[94.067809,27.005756],[94.068694,27.004567],[94.069339,27.003203],[94.069194,27.001909],[94.068657,27.000798],[94.068136,27.000096],[94.067082,26.998292],[94.065839,26.99653],[94.064763,26.995271],[94.063635,26.99404],[94.062465,26.993121],[94.061893,26.992186],[94.061612,26.990658],[94.061667,26.989914],[94.062151,26.989081],[94.062949,26.988097],[94.063704,26.987709],[94.064676,26.987302],[94.065389,26.986794],[94.065795,26.98624],[94.066307,26.985405],[94.066277,26.98489],[94.065822,26.984511],[94.064861,26.984277],[94.064207,26.984336],[94.063199,26.984598],[94.062183,26.985108],[94.06078,26.985592],[94.059431,26.986355],[94.058944,26.986483],[94.058444,26.986688],[94.057659,26.986919],[94.056883,26.986989],[94.056135,26.987068],[94.055551,26.986886],[94.055241,26.986704],[94.054954,26.986348],[94.054614,26.985567],[94.05439,26.984562],[94.053466,26.98243],[94.052129,26.979839],[94.051986,26.9796],[94.051977,26.979584],[94.051813,26.979525],[94.051572,26.979439],[94.050234,26.978958],[94.046434,26.978468],[94.044261,26.977898],[94.042874,26.977166],[94.040823,26.97573],[94.040699,26.975521],[94.039919,26.974209],[94.039919,26.974209],[94.038955,26.972584],[94.038413,26.971419],[94.038504,26.96882],[94.036726,26.966192],[94.035246,26.964233],[94.033953,26.962522],[94.03326,26.961817],[94.031873,26.960571],[94.02998,26.960022],[94.028877,26.959702],[94.027851,26.959458],[94.026524,26.959078],[94.026313,26.958645],[94.026133,26.957995],[94.025681,26.957778],[94.025048,26.957398],[94.024354,26.956536],[94.023903,26.955507],[94.024205,26.95437],[94.024932,26.951852],[94.024933,26.950029],[94.024634,26.94724],[94.024786,26.946184],[94.026237,26.942124],[94.02669,26.941366],[94.02648,26.940635],[94.026873,26.939173],[94.026903,26.93851],[94.026754,26.936804],[94.026001,26.935396],[94.024796,26.933387],[94.024556,26.932818],[94.022815,26.932004],[94.021156,26.93157],[94.019166,26.931162],[94.017537,26.931053],[94.014009,26.930887],[94.012411,26.930236],[94.010662,26.930045],[94.009113,26.930558],[94.008358,26.931424],[94.007723,26.932561],[94.007389,26.933932],[94.007147,26.93534],[94.006482,26.936368],[94.005214,26.937531],[94.003317,26.938748],[94.001867,26.940534],[94.000961,26.941616],[94.000428,26.941927],[93.999998,26.942088],[93.999996,26.942089],[93.994823,26.940211],[93.990835,26.935958],[93.989608,26.934256],[93.98899,26.933455],[93.987969,26.93234],[93.986726,26.931085],[93.985638,26.929782],[93.984681,26.928927],[93.982647,26.92736],[93.981261,26.92606],[93.980558,26.92555],[93.978899,26.9248],[93.977423,26.923935],[93.977418,26.923932],[93.976348,26.923608],[93.974775,26.923028],[93.973649,26.922683],[93.972535,26.922551],[93.971197,26.922628],[93.970204,26.922781],[93.969042,26.92317],[93.967915,26.923824],[93.966981,26.924677],[93.965579,26.925714],[93.964438,26.926274],[93.96317,26.926661],[93.962275,26.926909],[93.962273,26.926909],[93.961362,26.927162],[93.960785,26.92725],[93.959565,26.927251],[93.958035,26.927198],[93.955988,26.927642],[93.954033,26.927817],[93.951143,26.927945],[93.948828,26.928224],[93.943605,26.929017],[93.94071,26.929741],[93.937598,26.930449],[93.933952,26.93104],[93.931314,26.931025],[93.929035,26.930865],[93.927581,26.930678],[93.926124,26.930365],[93.924313,26.929451],[93.922444,26.928294],[93.920404,26.926849],[93.919196,26.925706],[93.917822,26.924111],[93.917175,26.922841],[93.916882,26.921615],[93.91679,26.920826],[93.916873,26.919708],[93.917517,26.917394],[93.918229,26.915753],[93.918719,26.914284],[93.918879,26.9132],[93.91896,26.911706],[93.918849,26.910923],[93.918292,26.909808],[93.917658,26.90879],[93.916541,26.907478],[93.914626,26.905387],[93.913472,26.904193],[93.912009,26.902804],[93.910722,26.901867],[93.908472,26.900636],[93.906984,26.904401],[93.904884,26.908578],[93.90412,26.910004],[93.903337,26.91162],[93.902747,26.913078],[93.901971,26.915006],[93.901256,26.916167],[93.900946,26.917057],[93.900864,26.917616],[93.900905,26.917979],[93.900955,26.918435],[93.901177,26.919372],[93.901551,26.920141],[93.902158,26.920985],[93.902794,26.921738],[93.903342,26.922409],[93.904071,26.923171],[93.904619,26.923961],[93.905075,26.924393],[93.905762,26.924887],[93.906517,26.925452],[93.907229,26.925943],[93.90894,26.927044],[93.909101,26.927147],[93.91025,26.928131],[93.911165,26.928912],[93.912204,26.929375],[93.913576,26.929912],[93.914178,26.930118],[93.916058,26.930797],[93.91688,26.931094],[93.918176,26.931617],[93.919485,26.931959],[93.92199,26.932823],[93.923728,26.933649],[93.926037,26.934806],[93.927351,26.935492],[93.928706,26.936671],[93.92943,26.937622],[93.929676,26.938179],[93.92987,26.938718],[93.929895,26.938968],[93.930115,26.940484],[93.930213,26.941127],[93.930259,26.941427],[93.93048,26.942595],[93.930675,26.944113],[93.930782,26.945437],[93.930865,26.947018],[93.930704,26.948178],[93.930466,26.948884],[93.930282,26.949176],[93.930018,26.949597],[93.929087,26.950444],[93.92804,26.951222],[93.926856,26.952071],[93.92593,26.952744],[93.925628,26.953098],[93.925279,26.953508],[93.924801,26.954306],[93.924363,26.954995],[93.923531,26.955656],[93.922637,26.956148],[93.92182,26.956858],[93.92145,26.957328],[93.921218,26.957727],[93.920992,26.958183],[93.920649,26.958781],[93.920325,26.959542],[93.920064,26.960327],[93.919895,26.960826],[93.919515,26.961202],[93.919059,26.961479],[93.918683,26.961654],[93.918109,26.961799],[93.917377,26.961994],[93.916761,26.962261],[93.91674,26.962275],[93.916158,26.962645],[93.91561,26.96293],[93.915328,26.963002],[93.914908,26.963016],[93.914195,26.962997],[93.913496,26.962988],[93.912823,26.962977],[93.912206,26.962996],[93.911751,26.963166],[93.911079,26.963378],[93.910074,26.964057],[93.909518,26.964626],[93.909245,26.965016],[93.909106,26.965334],[93.908993,26.965594],[93.908718,26.966563],[93.90861,26.967596],[93.908637,26.967959],[93.908484,26.968846],[93.908261,26.969445],[93.907762,26.970085],[93.907371,26.970457],[93.906686,26.970931],[93.905577,26.971723],[93.905255,26.972507],[93.905326,26.973032],[93.905603,26.973385],[93.906164,26.974025],[93.906358,26.974587],[93.906337,26.97499],[93.906064,26.975498],[93.905581,26.975895],[93.905017,26.97604],[93.904212,26.976029],[93.903107,26.976044],[93.902531,26.976071],[93.902159,26.976281],[93.901819,26.976784],[93.901437,26.977503],[93.901275,26.978044],[93.901271,26.978104],[93.901226,26.97891],[93.900991,26.979769],[93.900874,26.980382],[93.900918,26.980779],[93.901137,26.981453],[93.901542,26.982137],[93.902202,26.982858],[93.903038,26.983752],[93.903854,26.984949],[93.904601,26.985993],[93.905342,26.986978],[93.905685,26.987691],[93.905751,26.988288],[93.90559,26.988604],[93.904898,26.989138],[93.903951,26.989505],[93.9034,26.989885],[93.902964,26.990348],[93.902527,26.991048],[93.902251,26.991888],[93.90221,26.992454],[93.901986,26.993288],[93.901591,26.993952],[93.90081,26.994573],[93.899919,26.994912],[93.899216,26.994986],[93.898364,26.994908],[93.89722,26.99469],[93.896259,26.994575],[93.894821,26.99456],[93.894005,26.99468],[93.894005,26.99468],[93.893149,26.994946],[93.892786,26.995095],[93.892192,26.995443],[93.891531,26.996139],[93.890955,26.996887],[93.890496,26.997608],[93.89006,26.99832],[93.889481,26.999162],[93.888909,26.999827],[93.888454,27.000115],[93.888036,27.000152],[93.887566,27.000193],[93.886836,27.000258],[93.886293,27.000574],[93.885901,27.001081],[93.885762,27.001495],[93.885736,27.002],[93.885628,27.002492],[93.88551,27.003029],[93.885651,27.004421],[93.885829,27.005799],[93.886302,27.006985],[93.886729,27.00834],[93.886618,27.009247],[93.886313,27.009711],[93.885742,27.009985],[93.885259,27.010028],[93.884504,27.009988],[93.884203,27.009984],[93.883699,27.009977],[93.883328,27.010061],[93.882998,27.010192],[93.88264,27.010531],[93.882597,27.010584],[93.882175,27.011092],[93.881731,27.011472],[93.881432,27.011628],[93.881047,27.011957],[93.88098,27.012187],[93.880902,27.01256],[93.880943,27.012918],[93.880656,27.013545],[93.880237,27.014043],[93.87956,27.014599],[93.878934,27.015256],[93.878809,27.015669],[93.87877,27.016048],[93.878987,27.016465],[93.879361,27.016869],[93.879836,27.016992],[93.880337,27.016995],[93.880925,27.017191],[93.881419,27.01749],[93.881556,27.017612],[93.881974,27.017984],[93.882578,27.018438],[93.883302,27.019153],[93.883804,27.019876],[93.883928,27.020296],[93.883986,27.020941],[93.883983,27.021626],[93.883937,27.022291],[93.883829,27.022985],[93.883514,27.023457],[93.883232,27.023647],[93.8828,27.024028],[93.882298,27.024498],[93.881555,27.025047],[93.88113,27.025485],[93.880901,27.026273],[93.880904,27.026898],[93.880696,27.027401],[93.880349,27.027727],[93.879956,27.027986],[93.879276,27.02827],[93.878599,27.028578],[93.878238,27.028893],[93.877862,27.029393],[93.877698,27.030175],[93.877726,27.030668],[93.877861,27.031176],[93.878143,27.031706],[93.878441,27.032258],[93.878537,27.032386],[93.878952,27.032945],[93.879331,27.033649],[93.879522,27.034306],[93.879604,27.034806],[93.879569,27.035447],[93.879526,27.036253],[93.879424,27.037242],[93.879378,27.037761],[93.879527,27.038397],[93.880093,27.039469],[93.880262,27.040162],[93.88029,27.040412],[93.880314,27.04063],[93.880085,27.0413],[93.879423,27.042228],[93.878529,27.043322],[93.877868,27.04462],[93.877669,27.045441],[93.877551,27.046643],[93.877665,27.047193],[93.878116,27.048298],[93.878853,27.049484],[93.879394,27.050218],[93.879553,27.050433],[93.879597,27.050493],[93.880088,27.051122],[93.880426,27.051562],[93.881004,27.052316],[93.882074,27.053166],[93.88315,27.054086],[93.88363,27.055083],[93.883767,27.056086],[93.883747,27.057103],[93.883853,27.058062],[93.884259,27.058876],[93.884803,27.060725],[93.885414,27.062678],[93.88565,27.064097],[93.885756,27.065062],[93.885771,27.065196],[93.885611,27.066131],[93.885297,27.066867],[93.884607,27.068117],[93.883999,27.069168],[93.883598,27.070314],[93.883245,27.071171],[93.882889,27.071533],[93.882259,27.072038],[93.881689,27.072608],[93.881192,27.07336],[93.880889,27.073953],[93.88042,27.075199],[93.880079,27.076174],[93.879125,27.077321],[93.87815,27.07828],[93.877611,27.079131],[93.877257,27.080225],[93.877218,27.080995],[93.876985,27.081511],[93.876064,27.082726],[93.875697,27.083264],[93.875292,27.083857],[93.875048,27.084752],[93.874943,27.085706],[93.875087,27.087015],[93.875275,27.088958],[93.875108,27.090971],[93.874652,27.092521],[93.874169,27.094122],[93.872658,27.095247],[93.870837,27.096187],[93.869024,27.096489],[93.867823,27.096595],[93.866667,27.096154],[93.866289,27.095833],[93.86572,27.095223],[93.865514,27.09486],[93.865197,27.094301],[93.864791,27.093014],[93.864296,27.091859],[93.864294,27.091854],[93.864063,27.09119],[93.863254,27.090553],[93.862291,27.090189],[93.86109,27.090201],[93.858964,27.090767],[93.857265,27.091861],[93.85577,27.092654],[93.854684,27.092844],[93.853662,27.092911],[93.851864,27.092621],[93.849617,27.091548],[93.84757,27.090194],[93.846726,27.089507],[93.846498,27.089321],[93.844731,27.088839],[93.844133,27.088679],[93.843243,27.088734],[93.842778,27.088888],[93.842258,27.089258],[93.841944,27.089995],[93.841877,27.090886],[93.84186,27.091626],[93.841542,27.092628],[93.841206,27.093707],[93.840431,27.09505],[93.83955,27.095907],[93.838418,27.096679],[93.838397,27.096693],[93.837219,27.09701],[93.836083,27.096918],[93.835013,27.096304],[93.833627,27.095931],[93.833243,27.09594],[93.832675,27.095955],[93.832657,27.095955],[93.832654,27.095955],[93.832645,27.095965],[93.832628,27.095984],[93.832565,27.096053],[93.832549,27.096071],[93.832445,27.096186],[93.832416,27.096213],[93.83202,27.096575],[93.832001,27.096592],[93.831943,27.096645],[93.830672,27.097808],[93.830376,27.098079],[93.830233,27.09821],[93.830164,27.098273],[93.830301,27.099711],[93.830306,27.099763],[93.830362,27.100139],[93.830419,27.100526],[93.83045,27.100733],[93.830597,27.101727],[93.830611,27.101734],[93.830626,27.101741],[93.830643,27.101749],[93.830988,27.101909],[93.83133,27.102067],[93.83143,27.102113],[93.831934,27.102347],[93.832553,27.102633],[93.832948,27.102816],[93.833059,27.102868],[93.83334,27.102997],[93.834142,27.103369],[93.836132,27.104209],[93.837273,27.10469],[93.837282,27.104694],[93.837383,27.104737],[93.837386,27.104738],[93.837384,27.105048],[93.837384,27.105055],[93.837384,27.105088],[93.837381,27.10557],[93.837376,27.106461],[93.837367,27.107987],[93.836747,27.108126],[93.836743,27.108127],[93.83662,27.108155],[93.834716,27.108583],[93.833041,27.109036],[93.832778,27.109107],[93.832746,27.109115],[93.832226,27.10951],[93.832214,27.109519],[93.831698,27.109561],[93.831274,27.109596],[93.829868,27.109711],[93.829779,27.109821],[93.829568,27.110082],[93.829326,27.110383],[93.828837,27.110988],[93.828725,27.111127],[93.828718,27.111141],[93.827424,27.113692],[93.826351,27.116056],[93.825891,27.116934],[93.823989,27.11882],[93.821873,27.12096],[93.821858,27.120975],[93.820191,27.122635],[93.81994,27.122752],[93.819362,27.122736],[93.818536,27.122629],[93.817083,27.122441],[93.812817,27.121571],[93.811643,27.121331],[93.809286,27.123283],[93.809385,27.123461],[93.809829,27.124268],[93.809934,27.124458],[93.811015,27.126419],[93.811157,27.126676],[93.811647,27.127648],[93.812801,27.129933],[93.808941,27.130185],[93.807049,27.130311],[93.806139,27.130645],[93.802516,27.132579],[93.802452,27.13256],[93.801253,27.131734],[93.799114,27.130262],[93.797147,27.128908],[93.796304,27.130595],[93.796124,27.130952],[93.794389,27.134376],[93.794467,27.134582],[93.794919,27.135776],[93.795133,27.136343],[93.79526,27.1367],[93.796025,27.138852],[93.800335,27.139279],[93.803056,27.139699],[93.805325,27.139922],[93.806686,27.140056],[93.806376,27.141272],[93.80583,27.143842],[93.805526,27.145308],[93.805496,27.145451],[93.805346,27.146173],[93.805128,27.147222],[93.805198,27.14817],[93.805489,27.149999],[93.806083,27.15183],[93.806837,27.152307],[93.809176,27.153402],[93.811816,27.154701],[93.813023,27.155383],[93.813847,27.156606],[93.813941,27.156707],[93.814031,27.156803],[93.815426,27.158306],[93.815593,27.158469],[93.816329,27.15919],[93.817835,27.16028],[93.819487,27.162454],[93.822011,27.165406],[93.822174,27.165596],[93.822568,27.166057],[93.825048,27.168911],[93.827015,27.168989],[93.827365,27.169014],[93.832008,27.169351],[93.83261,27.169895],[93.833455,27.170612],[93.834549,27.171539],[93.835019,27.171937],[93.837472,27.173967],[93.837526,27.174011],[93.839463,27.175613],[93.843379,27.178813],[93.846014,27.181194],[93.848424,27.183372],[93.851389,27.185927],[93.851662,27.186162],[93.854825,27.189019],[93.857159,27.191128],[93.859116,27.1931],[93.859941,27.194322],[93.861068,27.195884],[93.863096,27.198533],[93.863891,27.199675],[93.864373,27.200366],[93.86475,27.200503],[93.86679,27.201325],[93.867715,27.201727],[93.868677,27.202146],[93.869357,27.202487],[93.869658,27.202827],[93.870034,27.203235],[93.870634,27.204185],[93.871235,27.205068],[93.87191,27.206154],[93.872586,27.207104],[93.873265,27.208064],[93.873574,27.2085],[93.873788,27.208802],[93.874464,27.209752],[93.875891,27.211722],[93.876417,27.212469],[93.876684,27.212811],[93.877319,27.213623],[93.877694,27.214166],[93.879349,27.216069],[93.879375,27.216097],[93.879487,27.216222],[93.879703,27.216462],[93.87971,27.216469],[93.879715,27.216424],[93.879818,27.215126]]]}},{"type":"Feature","properties":{"OBJECTID":5822,"state_lgd":"18","state_name":"ASSAM","district_lgd":"307","district_name":"LAKHIMPUR","district_name_source":"district_table","subdistrict_lgd":"02051","subdistrict_name":"KADAM CIRCLE","subdistrict_type":"","name_corrupted":false,"remarks":""},"geometry":{"type":"Polygon","coordinates":[[[94.278808,27.487089],[94.278953,27.485197],[94.278849,27.482797],[94.278708,27.481101],[94.27878,27.479435],[94.278816,27.477674],[94.278927,27.475949],[94.278892,27.474623],[94.27875,27.473306],[94.278501,27.471869],[94.277929,27.470141],[94.277605,27.468826],[94.277609,27.467801],[94.277611,27.466713],[94.278146,27.465725],[94.279046,27.464732],[94.280191,27.46358],[94.282913,27.460942],[94.284641,27.458958],[94.286075,27.457424],[94.28747,27.455601],[94.288691,27.454001],[94.292739,27.449225],[94.294246,27.447468],[94.295677,27.446088],[94.297118,27.444779],[94.298373,27.443467],[94.299302,27.442858],[94.300919,27.441837],[94.303206,27.44061],[94.30489,27.439304],[94.305855,27.438342],[94.306435,27.437285],[94.307042,27.436002],[94.307364,27.434627],[94.30726,27.433058],[94.306901,27.431779],[94.306683,27.430499],[94.306721,27.429398],[94.306434,27.428218],[94.306252,27.427651],[94.305516,27.425681],[94.305464,27.423531],[94.305328,27.420725],[94.306018,27.411352],[94.305355,27.397735],[94.305354,27.397723],[94.305354,27.397717],[94.305353,27.397692],[94.305352,27.397666],[94.305315,27.397123],[94.305302,27.39709],[94.305292,27.397066],[94.305291,27.397062],[94.305283,27.397044],[94.304815,27.395873],[94.303566,27.393758],[94.30106,27.390911],[94.299804,27.389465],[94.29823,27.387535],[94.296728,27.386249],[94.294867,27.384903],[94.292499,27.383909],[94.290284,27.383433],[94.287917,27.383365],[94.286318,27.38366],[94.283346,27.385064],[94.280368,27.387302],[94.277322,27.389732],[94.27608,27.390799],[94.274288,27.392332],[94.272349,27.394381],[94.271314,27.395848],[94.269988,27.397927],[94.268767,27.399085],[94.267261,27.399622],[94.265395,27.400009],[94.263709,27.400327],[94.26056,27.400391],[94.257405,27.400068],[94.254417,27.399616],[94.251229,27.399004],[94.249997,27.398416],[94.249996,27.398416],[94.249078,27.397978],[94.24833,27.39721],[94.247578,27.396312],[94.24715,27.395224],[94.247042,27.391988],[94.247945,27.389783],[94.248807,27.38764],[94.249996,27.385613],[94.251154,27.384258],[94.252212,27.383018],[94.255837,27.378991],[94.257447,27.37736],[94.2593,27.375358],[94.260449,27.374178],[94.261562,27.373311],[94.263606,27.372516],[94.264895,27.371656],[94.266579,27.369957],[94.269263,27.367188],[94.271776,27.365017],[94.274031,27.363354],[94.276608,27.361886],[94.280642,27.360111],[94.282905,27.358669],[94.285303,27.357965],[94.288059,27.357615],[94.290388,27.357106],[94.292211,27.356498],[94.294298,27.355124],[94.294974,27.354545],[94.297222,27.35229],[94.298904,27.3505],[94.300482,27.34794],[94.301448,27.346243],[94.301979,27.344537],[94.301912,27.343192],[94.301158,27.341371],[94.300188,27.339255],[94.299762,27.337814],[94.299657,27.336114],[94.299552,27.334932],[94.299454,27.333922],[94.299456,27.332803],[94.299474,27.332162],[94.299795,27.331057],[94.300048,27.330726],[94.301102,27.32878],[94.301766,27.3276],[94.302054,27.326731],[94.302553,27.325367],[94.303117,27.323864],[94.303693,27.322184],[94.304587,27.320871],[94.305075,27.320217],[94.305627,27.319878],[94.306877,27.319166],[94.308615,27.31869],[94.309961,27.318415],[94.311856,27.318465],[94.313846,27.318817],[94.315367,27.319204],[94.31779,27.319488],[94.319471,27.319716],[94.32096,27.319634],[94.322897,27.319331],[94.322964,27.319308],[94.324759,27.318677],[94.325613,27.318232],[94.325914,27.318026],[94.327278,27.318455],[94.328871,27.319433],[94.329207,27.319675],[94.329207,27.319674],[94.329201,27.319409],[94.329122,27.31882],[94.328496,27.317973],[94.328272,27.317681],[94.327284,27.316399],[94.326226,27.315068],[94.325412,27.31436],[94.323786,27.313059],[94.322636,27.312802],[94.320885,27.312919],[94.319559,27.312997],[94.317964,27.312767],[94.315924,27.312015],[94.31404,27.31159],[94.312227,27.311159],[94.310137,27.31039],[94.307261,27.309341],[94.304005,27.308361],[94.302911,27.308005],[94.30138,27.307122],[94.298522,27.305199],[94.297255,27.304335],[94.295638,27.302692],[94.294732,27.301433],[94.294071,27.300236],[94.293555,27.29843],[94.29335,27.296836],[94.293557,27.295305],[94.294012,27.293645],[94.294653,27.292372],[94.295882,27.290599],[94.296512,27.289743],[94.297215,27.288757],[94.298437,27.287559],[94.299455,27.28687],[94.301559,27.285251],[94.302762,27.284098],[94.303548,27.283098],[94.304402,27.281593],[94.305223,27.279814],[94.305826,27.277991],[94.306573,27.276331],[94.307473,27.273439],[94.307771,27.27247],[94.308012,27.271686],[94.308343,27.270028],[94.308365,27.267917],[94.308743,27.266008],[94.309671,27.264538],[94.310198,27.263724],[94.311388,27.26287],[94.313164,27.261941],[94.31551,27.261408],[94.3186,27.261339],[94.320247,27.261786],[94.322026,27.262241],[94.324211,27.262596],[94.32627,27.262685],[94.327696,27.262542],[94.327698,27.262542],[94.327705,27.262541],[94.327705,27.262541],[94.329652,27.260992],[94.330803,27.260014],[94.331581,27.258907],[94.331664,27.257962],[94.33139,27.256815],[94.330694,27.255728],[94.32968,27.254777],[94.327231,27.253305],[94.324369,27.251819],[94.32205,27.250496],[94.320049,27.249038],[94.318023,27.247156],[94.316401,27.245207],[94.31601,27.244284],[94.315913,27.242801],[94.315918,27.2418],[94.315494,27.240176],[94.314781,27.238729],[94.31385,27.237663],[94.312423,27.236643],[94.310676,27.235737],[94.308388,27.232991],[94.306788,27.230239],[94.306525,27.228346],[94.306647,27.226821],[94.305516,27.226306],[94.304638,27.226119],[94.303606,27.22572],[94.303606,27.22572],[94.300782,27.226866],[94.297529,27.228117],[94.295507,27.229292],[94.294037,27.230299],[94.292923,27.231391],[94.292749,27.231543],[94.292749,27.231543],[94.291724,27.232435],[94.290007,27.233156],[94.288686,27.233692],[94.287606,27.233832],[94.285048,27.234027],[94.281817,27.234317],[94.281039,27.233544],[94.280035,27.232677],[94.278531,27.230544],[94.277951,27.228999],[94.277773,27.227439],[94.277619,27.225876],[94.277551,27.224434],[94.27765,27.222946],[94.277308,27.220414],[94.277036,27.218436],[94.276906,27.215832],[94.276842,27.214219],[94.276979,27.21312],[94.277121,27.212179],[94.268513,27.214956],[94.264467,27.220363],[94.264467,27.225406],[94.263329,27.227727],[94.261441,27.231579],[94.258752,27.235567],[94.258457,27.236005],[94.258177,27.237924],[94.257591,27.241543],[94.258929,27.244365],[94.25845,27.246717],[94.257156,27.247392],[94.254208,27.24777],[94.250259,27.247014],[94.246693,27.246335],[94.24413,27.247904],[94.242628,27.247862],[94.242394,27.247855],[94.239553,27.248208],[94.238237,27.248828],[94.236877,27.248645],[94.236093,27.248326],[94.234821,27.24755],[94.234262,27.246737],[94.232952,27.244996],[94.231577,27.243032],[94.229708,27.241112],[94.228473,27.239831],[94.226392,27.238515],[94.224325,27.237588],[94.222292,27.237521],[94.221015,27.236914],[94.219549,27.236629],[94.218783,27.235361],[94.218331,27.234399],[94.217969,27.233401],[94.217591,27.233061],[94.217518,27.232996],[94.216936,27.233077],[94.216412,27.233681],[94.215156,27.234965],[94.214509,27.235302],[94.214216,27.235189],[94.213858,27.235055],[94.213773,27.23431],[94.213985,27.233428],[94.21411,27.232608],[94.213699,27.232005],[94.213406,27.231614],[94.212586,27.231521],[94.212314,27.23128],[94.212101,27.231091],[94.211402,27.230351],[94.210886,27.230203],[94.210082,27.230526],[94.209744,27.231392],[94.209496,27.23278],[94.208942,27.233387],[94.208091,27.233575],[94.207079,27.233165],[94.206132,27.232777],[94.204939,27.233247],[94.204175,27.233651],[94.204169,27.233659],[94.203529,27.234512],[94.202188,27.235051],[94.201401,27.234983],[94.200816,27.235314],[94.200261,27.235364],[94.19961,27.235117],[94.198842,27.234935],[94.198235,27.235352],[94.197619,27.236244],[94.196886,27.236644],[94.196198,27.236623],[94.19571,27.236165],[94.195564,27.235426],[94.195197,27.23493],[94.194959,27.234757],[94.194722,27.234583],[94.194392,27.234975],[94.194338,27.235872],[94.193934,27.236437],[94.193781,27.23673],[94.193618,27.237218],[94.193742,27.237764],[94.194165,27.238478],[94.194496,27.239478],[94.194361,27.240215],[94.193715,27.24083],[94.192223,27.241411],[94.190941,27.242159],[94.190223,27.242698],[94.190149,27.24315],[94.190246,27.243726],[94.190255,27.244087],[94.189892,27.244454],[94.189445,27.244356],[94.188609,27.244125],[94.188229,27.244075],[94.18789,27.244106],[94.187524,27.244375],[94.187286,27.244551],[94.187222,27.245364],[94.187423,27.246042],[94.187828,27.246312],[94.188734,27.246063],[94.189054,27.245589],[94.189692,27.245169],[94.190303,27.245337],[94.190914,27.245783],[94.190937,27.24709],[94.190954,27.248342],[94.190533,27.249299],[94.189809,27.250061],[94.188523,27.249982],[94.18737,27.250253],[94.186396,27.251288],[94.185455,27.252004],[94.184289,27.252165],[94.183213,27.252569],[94.182571,27.253363],[94.18183,27.253557],[94.181044,27.254603],[94.180323,27.255113],[94.178432,27.254922],[94.176492,27.254846],[94.17292,27.254221],[94.172587,27.254174],[94.170165,27.253829],[94.167586,27.253337],[94.163709,27.252935],[94.162556,27.252927],[94.161843,27.252691],[94.16097,27.252402],[94.160279,27.252353],[94.16024,27.252338],[94.159499,27.252061],[94.159162,27.25184],[94.158465,27.251736],[94.157941,27.252062],[94.157889,27.25215],[94.15792,27.252983],[94.158603,27.253785],[94.158885,27.25518],[94.158784,27.256498],[94.158276,27.25724],[94.158292,27.257935],[94.158505,27.258445],[94.158762,27.259063],[94.158402,27.259736],[94.157887,27.260423],[94.157728,27.261495],[94.157592,27.262416],[94.156983,27.263373],[94.155912,27.264377],[94.155114,27.265313],[94.154307,27.265887],[94.15324,27.266094],[94.152237,27.265767],[94.151083,27.265202],[94.150108,27.264844],[94.148442,27.264994],[94.147542,27.265019],[94.146339,27.264849],[94.144734,27.264715],[94.143272,27.264902],[94.14183,27.264308],[94.14042,27.26424],[94.13898,27.264174],[94.137705,27.26337],[94.137208,27.26283],[94.136397,27.262262],[94.13512,27.261403],[94.135082,27.261378],[94.134091,27.260603],[94.133541,27.260045],[94.132286,27.259963],[94.131027,27.259575],[94.130163,27.259095],[94.129521,27.258652],[94.129089,27.258134],[94.128784,27.258189],[94.128374,27.258699],[94.128096,27.258822],[94.127899,27.258909],[94.127252,27.258967],[94.126811,27.259202],[94.126512,27.259869],[94.126562,27.260589],[94.127031,27.261438],[94.12709,27.26224],[94.127442,27.263156],[94.127933,27.263919],[94.128959,27.264359],[94.129276,27.264495],[94.129979,27.264933],[94.130097,27.265424],[94.129711,27.266147],[94.129492,27.266695],[94.12964,27.267183],[94.130141,27.267751],[94.130162,27.268223],[94.130064,27.268454],[94.129731,27.268818],[94.129577,27.269111],[94.129784,27.270123],[94.129159,27.270931],[94.128097,27.271645],[94.126744,27.272179],[94.12597,27.272777],[94.125866,27.273232],[94.125993,27.273806],[94.126617,27.274919],[94.127117,27.275766],[94.126914,27.276452],[94.126936,27.277202],[94.127001,27.277781],[94.127504,27.278655],[94.127418,27.279276],[94.127113,27.279888],[94.127169,27.280384],[94.127531,27.281104],[94.127758,27.281515],[94.127847,27.281675],[94.128,27.281953],[94.128331,27.282954],[94.127898,27.283798],[94.127897,27.283799],[94.127061,27.28465],[94.126102,27.285265],[94.125871,27.285983],[94.12598,27.287226],[94.125638,27.288064],[94.125077,27.288616],[94.124905,27.2893],[94.124711,27.289791],[94.124468,27.290084],[94.123922,27.289938],[94.123299,27.28966],[94.122855,27.289589],[94.122303,27.289945],[94.121161,27.290571],[94.121161,27.290571],[94.120254,27.290574],[94.119061,27.290765],[94.118521,27.290674],[94.117762,27.290297],[94.117083,27.290636],[94.115692,27.290733],[94.113387,27.290663],[94.112634,27.290897],[94.11182,27.291973],[94.111734,27.292872],[94.111725,27.293346],[94.111294,27.293663],[94.110599,27.293586],[94.110004,27.293835],[94.1091,27.294125],[94.108801,27.294221],[94.107767,27.294947],[94.107814,27.295639],[94.107909,27.295834],[94.108178,27.296386],[94.108293,27.297963],[94.108035,27.299546],[94.107486,27.300765],[94.106799,27.302136],[94.105665,27.303896],[94.104831,27.305078],[94.103945,27.306334],[94.102452,27.308028],[94.101937,27.308333],[94.101917,27.308345],[94.1014,27.308651],[94.099605,27.309313],[94.098217,27.309995],[94.096816,27.311123],[94.095511,27.31227],[94.094293,27.313076],[94.093519,27.313824],[94.093369,27.314],[94.092135,27.315456],[94.091485,27.316601],[94.090754,27.317864],[94.090397,27.319399],[94.089447,27.320933],[94.088481,27.322328],[94.08717,27.323699],[94.08655,27.324283],[94.084923,27.326646],[94.084284,27.327622],[94.083704,27.328287],[94.083025,27.328904],[94.081623,27.330251],[94.081166,27.331338],[94.080639,27.332595],[94.081482,27.333995],[94.081476,27.335333],[94.081094,27.336648],[94.080714,27.337155],[94.08023,27.337561],[94.079977,27.337528],[94.07963,27.337331],[94.079511,27.337263],[94.078995,27.336557],[94.078791,27.335573],[94.078461,27.334851],[94.07793,27.334285],[94.077167,27.334159],[94.076445,27.33439],[94.075853,27.334666],[94.075449,27.335232],[94.075366,27.336158],[94.075514,27.337203],[94.075162,27.338515],[94.07445,27.340463],[94.073719,27.342004],[94.073692,27.342035],[94.072701,27.342652],[94.071238,27.34295],[94.069784,27.342496],[94.068247,27.341853],[94.067145,27.341757],[94.066374,27.342104],[94.065173,27.343075],[94.064781,27.343637],[94.06418,27.344501],[94.063514,27.345421],[94.062745,27.345796],[94.061242,27.345457],[94.059529,27.344635],[94.059165,27.344445],[94.058489,27.344812],[94.057832,27.345622],[94.057684,27.346248],[94.057687,27.347111],[94.057483,27.348076],[94.056906,27.349325],[94.056465,27.350116],[94.056397,27.351078],[94.055989,27.351337],[94.055036,27.352842],[94.054869,27.354417],[94.054792,27.355955],[94.054943,27.357584],[94.054931,27.357662],[94.054761,27.358742],[94.054329,27.359338],[94.053859,27.359594],[94.053536,27.359771],[94.0533,27.359896],[94.053093,27.360066],[94.053562,27.360343],[94.05357,27.360348],[94.053849,27.360513],[94.053895,27.36054],[94.055633,27.361081],[94.056881,27.361386],[94.057807,27.361454],[94.05908,27.361539],[94.059666,27.361742],[94.060081,27.362248],[94.060254,27.362461],[94.060534,27.362806],[94.060628,27.362914],[94.061044,27.363397],[94.061309,27.363937],[94.060987,27.364865],[94.060703,27.365507],[94.061024,27.365845],[94.062573,27.367112],[94.062877,27.367431],[94.064235,27.368856],[94.065881,27.370389],[94.066231,27.370751],[94.06734,27.371899],[94.068391,27.372918],[94.069057,27.373669],[94.069265,27.374395],[94.069391,27.374588],[94.069869,27.375323],[94.07036,27.376404],[94.070851,27.37762],[94.071035,27.378217],[94.071153,27.378599],[94.071341,27.379663],[94.071738,27.380457],[94.071983,27.380913],[94.072191,27.381301],[94.072941,27.382449],[94.073296,27.383001],[94.073361,27.383101],[94.073583,27.383446],[94.074036,27.384493],[94.074395,27.385337],[94.074512,27.385837],[94.074659,27.386468],[94.074923,27.38762],[94.075149,27.388987],[94.075603,27.389882],[94.075847,27.390164],[94.076056,27.390406],[94.07685,27.39137],[94.077895,27.392523],[94.078135,27.392789],[94.078683,27.3937],[94.079893,27.39522],[94.080459,27.396082],[94.082259,27.398326],[94.083321,27.399651],[94.083754,27.400192],[94.085172,27.401746],[94.085294,27.401904],[94.085732,27.402474],[94.086873,27.403958],[94.088064,27.405484],[94.088706,27.406413],[94.089447,27.407254],[94.090247,27.407769],[94.0906,27.407997],[94.092207,27.408876],[94.093683,27.40953],[94.094646,27.409957],[94.097845,27.411392],[94.099793,27.412001],[94.101986,27.412558],[94.10348,27.413183],[94.104785,27.41418],[94.105276,27.414734],[94.10558,27.415076],[94.105862,27.415395],[94.107082,27.417016],[94.107895,27.418097],[94.109048,27.41987],[94.110485,27.421389],[94.110922,27.422026],[94.111894,27.423442],[94.112237,27.423938],[94.112291,27.424017],[94.113867,27.425908],[94.1139,27.425948],[94.11509,27.427376],[94.115761,27.428071],[94.115809,27.428119],[94.117706,27.429892],[94.119707,27.431047],[94.120222,27.431344],[94.12217,27.432476],[94.124533,27.433294],[94.1265,27.434222],[94.127541,27.434796],[94.128373,27.435927],[94.128888,27.436816],[94.12894,27.436907],[94.12964,27.43824],[94.129751,27.438505],[94.12998,27.439051],[94.130699,27.4403],[94.131305,27.441127],[94.131358,27.441163],[94.132875,27.442174],[94.134385,27.44302],[94.135413,27.443595],[94.137797,27.445003],[94.137929,27.445081],[94.139934,27.445874],[94.140862,27.446555],[94.140862,27.446555],[94.141277,27.446541],[94.141677,27.446835],[94.141709,27.446859],[94.141902,27.447],[94.142181,27.447267],[94.142399,27.447475],[94.142713,27.447775],[94.142716,27.447777],[94.144181,27.449219],[94.144504,27.449536],[94.145469,27.450414],[94.147682,27.452],[94.148743,27.452733],[94.148747,27.452738],[94.150067,27.454286],[94.151013,27.454877],[94.152451,27.455788],[94.155384,27.456969],[94.155358,27.457152],[94.15528,27.4577],[94.155082,27.459096],[94.156179,27.459856],[94.158213,27.460976],[94.159424,27.461618],[94.159595,27.462796],[94.158858,27.465717],[94.158747,27.466172],[94.158631,27.466645],[94.158488,27.466844],[94.158476,27.46686],[94.158319,27.467076],[94.158215,27.467219],[94.158216,27.467225],[94.158249,27.467384],[94.158556,27.468891],[94.158394,27.469016],[94.158393,27.469017],[94.157781,27.469489],[94.157768,27.469589],[94.157767,27.469595],[94.157705,27.470079],[94.157763,27.4717],[94.157441,27.472646],[94.157082,27.473878],[94.156704,27.474769],[94.156666,27.474858],[94.156715,27.474867],[94.15924,27.475363],[94.162419,27.476139],[94.163561,27.476497],[94.163729,27.476546],[94.164545,27.476783],[94.165964,27.478353],[94.166098,27.478503],[94.167195,27.479737],[94.167971,27.48053],[94.169129,27.481226],[94.171336,27.481123],[94.171684,27.481107],[94.173273,27.481207],[94.173654,27.481222],[94.173677,27.481223],[94.174143,27.481241],[94.175279,27.481747],[94.175848,27.48199],[94.176225,27.482152],[94.177255,27.483195],[94.177705,27.483652],[94.1785,27.484293],[94.179951,27.485037],[94.18063,27.485385],[94.181084,27.485655],[94.181841,27.485874],[94.182515,27.486095],[94.183275,27.486345],[94.184202,27.486648],[94.185016,27.487323],[94.185154,27.48755],[94.187176,27.490885],[94.187517,27.491637],[94.189277,27.492396],[94.189387,27.492392],[94.190086,27.492367],[94.190223,27.492362],[94.190347,27.492335],[94.191615,27.493094],[94.192296,27.493499],[94.19383,27.493887],[94.194775,27.493447],[94.195098,27.493278],[94.195533,27.49321],[94.196365,27.49294],[94.197217,27.49326],[94.197501,27.493328],[94.19894,27.494525],[94.200014,27.494748],[94.200644,27.494879],[94.201113,27.494778],[94.201987,27.494591],[94.202462,27.494467],[94.203053,27.494312],[94.203538,27.494185],[94.204901,27.493729],[94.206929,27.492846],[94.20731,27.49268],[94.207594,27.492613],[94.208389,27.492612],[94.209051,27.492528],[94.210092,27.493033],[94.210944,27.493995],[94.211103,27.49424],[94.211275,27.494508],[94.212043,27.4957],[94.21272,27.497286],[94.212756,27.49737],[94.212786,27.497437],[94.21293,27.497769],[94.213316,27.498038],[94.213511,27.49816],[94.21565,27.499507],[94.216051,27.500023],[94.216481,27.500578],[94.216532,27.50063],[94.216577,27.500675],[94.216622,27.500721],[94.216667,27.500767],[94.21673,27.500823],[94.216794,27.500868],[94.216859,27.500913],[94.216923,27.500958],[94.216987,27.501003],[94.217051,27.501048],[94.217115,27.501092],[94.217179,27.501137],[94.217244,27.501182],[94.217308,27.501227],[94.217372,27.501272],[94.217436,27.501317],[94.218071,27.501747],[94.221141,27.503816],[94.224212,27.505885],[94.225271,27.506599],[94.227283,27.507954],[94.230354,27.510023],[94.23268,27.511571],[94.232982,27.511706],[94.233285,27.51184],[94.233587,27.511975],[94.233889,27.512109],[94.234268,27.512238],[94.234787,27.512356],[94.235307,27.512473],[94.235826,27.512591],[94.236346,27.512708],[94.2369,27.512801],[94.2375,27.51286],[94.238101,27.512919],[94.238701,27.512978],[94.239301,27.513037],[94.239894,27.5131],[94.240479,27.513167],[94.241065,27.513234],[94.241651,27.513301],[94.242236,27.513368],[94.242839,27.51351],[94.243453,27.513703],[94.244067,27.513897],[94.244228,27.513947],[94.244286,27.513968],[94.244644,27.514097],[94.244851,27.514143],[94.244971,27.51417],[94.245581,27.514306],[94.245649,27.514321],[94.246716,27.51456],[94.253463,27.516588],[94.256685,27.517532],[94.259722,27.518421],[94.259829,27.518453],[94.259948,27.518487],[94.267241,27.520554],[94.267603,27.520656],[94.268153,27.520812],[94.268154,27.520813],[94.268166,27.520765],[94.268171,27.520742],[94.268432,27.519621],[94.268676,27.518576],[94.269323,27.515799],[94.272521,27.508249],[94.276884,27.500057],[94.276911,27.500025],[94.276923,27.500001],[94.277184,27.499385],[94.277613,27.498009],[94.277871,27.49756],[94.278372,27.496693],[94.278873,27.495321],[94.279022,27.493334],[94.278805,27.491223],[94.278629,27.490006],[94.278668,27.488598],[94.278808,27.487089]]]}},{"type":"Feature","properties":{"OBJECTID":5838,"state_lgd":"18","state_name":"ASSAM","district_lgd":"307","district_name":"LAKHIMPUR","district_name_source":"district_table","subdistrict_lgd":"02050","subdistrict_name":"NAOBAICHA CIRCLE","subdistrict_type":"","name_corrupted":false,"remarks":""},"geometry":{"type":"Polygon","coordinates":[[[94.020668,27.299249],[94.023037,27.298702],[94.02607,27.298431],[94.029017,27.298209],[94.030332,27.298031],[94.031674,27.29785],[94.034141,27.297425],[94.036272,27.29744],[94.037331,27.297453],[94.040214,27.297488],[94.042209,27.297853],[94.043875,27.298031],[94.04526,27.297744],[94.046636,27.296968],[94.048333,27.295386],[94.049632,27.293104],[94.049917,27.291567],[94.04865,27.289637],[94.047086,27.288526],[94.046885,27.288383],[94.046689,27.288231],[94.043396,27.285684],[94.0424,27.2818],[94.042383,27.281154],[94.042372,27.280698],[94.042326,27.278928],[94.042587,27.276674],[94.042345,27.276212],[94.042239,27.276011],[94.042148,27.275202],[94.042524,27.274474],[94.042528,27.273697],[94.042632,27.27361],[94.043574,27.272827],[94.043963,27.271812],[94.04408,27.27062],[94.044112,27.270287],[94.044033,27.269611],[94.043991,27.269255],[94.04304,27.267297],[94.041705,27.265577],[94.040022,27.264011],[94.039556,27.263113],[94.039366,27.261823],[94.040371,27.26018],[94.041543,27.259626],[94.042696,27.259727],[94.044307,27.260237],[94.045706,27.260889],[94.046493,27.260982],[94.047579,27.260885],[94.049072,27.260751],[94.050547,27.260047],[94.051072,27.25902],[94.051697,27.257248],[94.051609,27.254863],[94.051464,27.253572],[94.051428,27.253245],[94.051269,27.251829],[94.051047,27.249847],[94.050871,27.248269],[94.050567,27.247601],[94.050537,27.247363],[94.050219,27.244895],[94.050152,27.242665],[94.049966,27.241415],[94.049853,27.240404],[94.050106,27.238583],[94.050234,27.236954],[94.051115,27.235804],[94.052156,27.234893],[94.053811,27.234173],[94.054938,27.234032],[94.056738,27.233789],[94.058566,27.23338],[94.059503,27.233174],[94.060679,27.23266],[94.062162,27.231721],[94.062795,27.230847],[94.062849,27.230107],[94.062768,27.229379],[94.062655,27.228367],[94.062413,27.227765],[94.062338,27.227578],[94.061664,27.227271],[94.060456,27.227093],[94.059139,27.22717],[94.056696,27.227388],[94.055697,27.227437],[94.054765,27.227275],[94.054113,27.226761],[94.053403,27.225722],[94.052869,27.224217],[94.052557,27.222242],[94.052595,27.220599],[94.05262,27.21954],[94.053402,27.217549],[94.054239,27.215682],[94.054318,27.215555],[94.05598,27.21287],[94.056974,27.211237],[94.057154,27.210942],[94.0581,27.208976],[94.058837,27.207398],[94.059053,27.206416],[94.05914,27.206022],[94.059537,27.203862],[94.059885,27.202074],[94.060224,27.201022],[94.061057,27.200294],[94.062973,27.199515],[94.063963,27.199185],[94.065483,27.198678],[94.067057,27.198046],[94.067079,27.197999],[94.067351,27.197407],[94.067358,27.197166],[94.067378,27.196424],[94.067242,27.19521],[94.067066,27.194296],[94.066828,27.192989],[94.066667,27.191553],[94.066084,27.189807],[94.064993,27.188229],[94.06408,27.186825],[94.063998,27.186285],[94.064186,27.185512],[94.064843,27.18425],[94.064957,27.184033],[94.065483,27.183025],[94.065682,27.181945],[94.065818,27.180912],[94.065634,27.179896],[94.064881,27.178676],[94.0638,27.177588],[94.062809,27.176679],[94.06261,27.176329],[94.062552,27.175803],[94.062879,27.175058],[94.06362,27.174313],[94.063926,27.174004],[94.065407,27.172952],[94.066951,27.172058],[94.067455,27.171461],[94.067749,27.171026],[94.067954,27.170415],[94.067825,27.169671],[94.067079,27.169125],[94.065071,27.168937],[94.061852,27.169143],[94.060683,27.169105],[94.059924,27.168653],[94.059924,27.168652],[94.059708,27.168138],[94.059668,27.16757],[94.059912,27.166894],[94.060721,27.165963],[94.062251,27.165152],[94.063619,27.164519],[94.06491,27.164015],[94.06597,27.163287],[94.067188,27.161931],[94.067465,27.161265],[94.06762,27.160891],[94.067595,27.159851],[94.067321,27.158027],[94.066747,27.156218],[94.065876,27.155205],[94.06339,27.153578],[94.062387,27.152297],[94.061699,27.151593],[94.060896,27.150502],[94.060474,27.149488],[94.060423,27.149212],[94.060436,27.148938],[94.060464,27.14835],[94.060534,27.148225],[94.061169,27.147102],[94.062427,27.145752],[94.063103,27.145097],[94.063333,27.144874],[94.063878,27.144232],[94.064081,27.143601],[94.064268,27.143001],[94.064044,27.142224],[94.062977,27.141053],[94.061276,27.138983],[94.060847,27.136253],[94.060899,27.136031],[94.061434,27.133764],[94.063779,27.132613],[94.064822,27.132449],[94.065626,27.132704],[94.066395,27.132635],[94.066677,27.132303],[94.066327,27.131415],[94.065782,27.130626],[94.064805,27.129821],[94.063829,27.128678],[94.063593,27.127764],[94.063476,27.126712],[94.063297,27.125114],[94.062601,27.123573],[94.061656,27.121924],[94.061629,27.121846],[94.061197,27.120582],[94.060906,27.12019],[94.060831,27.119523],[94.060763,27.117751],[94.060801,27.116869],[94.060727,27.116201],[94.060245,27.115366],[94.059154,27.114366],[94.058713,27.113895],[94.058659,27.11341],[94.05891,27.11259],[94.059176,27.111708],[94.059187,27.111506],[94.059206,27.111154],[94.05909,27.110534],[94.059011,27.110234],[94.058503,27.110178],[94.057818,27.110178],[94.056978,27.10991],[94.055215,27.10741],[94.054871,27.104574],[94.055359,27.103527],[94.055694,27.10281],[94.056008,27.101337],[94.056818,27.100453],[94.05706,27.099757],[94.057087,27.098978],[94.056973,27.098375],[94.05647,27.097542],[94.055636,27.097228],[94.054149,27.097198],[94.052863,27.097129],[94.05167,27.096853],[94.051159,27.096735],[94.050456,27.096164],[94.050266,27.095691],[94.050335,27.094629],[94.051422,27.093611],[94.052317,27.092836],[94.052651,27.092356],[94.052574,27.091668],[94.052064,27.090978],[94.051608,27.089008],[94.052042,27.08681],[94.052396,27.085788],[94.053419,27.085553],[94.053901,27.085367],[94.054237,27.085112],[94.054531,27.084677],[94.054522,27.084392],[94.055145,27.083597],[94.055397,27.083252],[94.056056,27.082353],[94.057847,27.081479],[94.058435,27.081426],[94.058886,27.08147],[94.059347,27.081306],[94.059638,27.081055],[94.060438,27.080631],[94.061699,27.080297],[94.062761,27.080203],[94.063818,27.080885],[94.064559,27.080982],[94.064988,27.080944],[94.065434,27.080723],[94.065443,27.080719],[94.065817,27.0804],[94.066016,27.079959],[94.066018,27.079952],[94.066174,27.079101],[94.06609,27.078352],[94.06591,27.077347],[94.065838,27.076912],[94.065368,27.076178],[94.064889,27.075567],[94.064475,27.074853],[94.064475,27.074853],[94.064348,27.073797],[94.064434,27.073135],[94.064915,27.07254],[94.065514,27.072384],[94.066115,27.072453],[94.066926,27.072769],[94.068185,27.07382],[94.06884,27.07417],[94.069409,27.074365],[94.070198,27.074273],[94.07074,27.074021],[94.071023,27.073936],[94.071657,27.073286],[94.072204,27.072461],[94.072497,27.071449],[94.073674,27.070715],[94.074496,27.070314],[94.074937,27.069968],[94.075011,27.069614],[94.074724,27.068679],[94.074358,27.068058],[94.074141,27.067342],[94.074177,27.066691],[94.074193,27.066219],[94.074642,27.06575],[94.075374,27.065357],[94.076648,27.06512],[94.077837,27.065136],[94.078982,27.065256],[94.078991,27.065257],[94.079876,27.065219],[94.080346,27.065136],[94.080807,27.064767],[94.081329,27.063924],[94.081525,27.063436],[94.081535,27.062963],[94.081041,27.062376],[94.08028,27.061893],[94.078413,27.060945],[94.07774,27.060434],[94.077527,27.059962],[94.077498,27.059291],[94.077473,27.058455],[94.077344,27.057506],[94.077185,27.056703],[94.077358,27.056167],[94.078111,27.055598],[94.078942,27.055278],[94.080029,27.055201],[94.081601,27.055591],[94.083304,27.055929],[94.084481,27.056252],[94.085647,27.056741],[94.086539,27.057376],[94.087064,27.057778],[94.087543,27.058185],[94.087832,27.058322],[94.088381,27.058539],[94.088848,27.05864],[94.089551,27.058597],[94.090229,27.058536],[94.090535,27.05842],[94.090863,27.058295],[94.091247,27.058056],[94.091838,27.057045],[94.091817,27.056045],[94.091837,27.055205],[94.091516,27.054376],[94.091172,27.053549],[94.090652,27.052982],[94.089971,27.052414],[94.088993,27.052237],[94.088232,27.052366],[94.087566,27.052733],[94.086839,27.052961],[94.086141,27.053044],[94.085666,27.053087],[94.085402,27.052968],[94.08535,27.052707],[94.08528,27.052205],[94.085618,27.051232],[94.085991,27.050279],[94.086447,27.049666],[94.087115,27.04932],[94.087753,27.049054],[94.08852,27.04903],[94.089462,27.049088],[94.090284,27.049301],[94.091242,27.049705],[94.091811,27.050308],[94.092422,27.05107],[94.093048,27.051975],[94.093626,27.052658],[94.094505,27.053376],[94.095468,27.054026],[94.096482,27.054323],[94.097535,27.054146],[94.09795,27.053578],[94.098352,27.052683],[94.098275,27.051791],[94.0982,27.050919],[94.097858,27.049908],[94.097712,27.049494],[94.097617,27.048849],[94.097542,27.048385],[94.098014,27.047914],[94.098594,27.0478],[94.099336,27.04753],[94.100444,27.048022],[94.101533,27.048374],[94.102134,27.048647],[94.102836,27.048604],[94.102956,27.04857],[94.103455,27.048426],[94.103783,27.047886],[94.103698,27.046729],[94.10374,27.044484],[94.103862,27.043329],[94.103737,27.04242],[94.103321,27.041967],[94.102569,27.041769],[94.101417,27.041873],[94.100906,27.041796],[94.100685,27.041652],[94.100549,27.04146],[94.100878,27.03951],[94.100972,27.038322],[94.100888,27.037573],[94.100819,27.037408],[94.10064,27.036983],[94.099779,27.036222],[94.099153,27.035727],[94.098276,27.035029],[94.097811,27.034539],[94.09763,27.033727],[94.097749,27.032755],[94.097889,27.031762],[94.098159,27.030716],[94.098299,27.029722],[94.098098,27.028943],[94.097529,27.028492],[94.096517,27.028011],[94.095265,27.027633],[94.093601,27.027231],[94.092029,27.02684],[94.090344,27.02646],[94.088126,27.026169],[94.086518,27.02566],[94.085402,27.024861],[94.084675,27.023863],[94.083627,27.022458],[94.081535,27.021427],[94.080026,27.021865],[94.078566,27.02267],[94.07736,27.023106],[94.0748,27.021977],[94.07338,27.020332],[94.073157,27.019083],[94.0728,27.016908],[94.072786,27.015561],[94.072978,27.014039],[94.073075,27.01307],[94.072957,27.012018],[94.072839,27.01117],[94.072182,27.010391],[94.070651,27.009343],[94.068691,27.008742],[94.066798,27.008466],[94.064185,27.008558],[94.062266,27.008525],[94.061338,27.00818],[94.061286,27.008108],[94.060554,27.007085],[94.060247,27.005968],[94.060259,27.005239],[94.060769,27.004294],[94.061507,27.003349],[94.062451,27.002611],[94.063408,27.002198],[94.064207,27.001799],[94.064916,27.001409],[94.065354,27.001042],[94.065442,27.000401],[94.06474,26.999217],[94.063547,26.998343],[94.062071,26.99819],[94.059896,26.998323],[94.056833,26.998864],[94.054062,26.999991],[94.051812,27.00203],[94.051143,27.00299],[94.050753,27.003576],[94.049983,27.004442],[94.049441,27.004899],[94.048427,27.005215],[94.047041,27.005462],[94.045889,27.00485],[94.044471,27.004609],[94.0427,27.004073],[94.04098,27.003573],[94.040384,27.004158],[94.040485,27.004864],[94.040497,27.004932],[94.040625,27.00571],[94.040987,27.006495],[94.041068,27.007428],[94.040847,27.00851],[94.040582,27.008799],[94.040124,27.009392],[94.040185,27.010143],[94.040115,27.010946],[94.039731,27.011593],[94.039456,27.011986],[94.039352,27.012281],[94.039492,27.012914],[94.039379,27.013333],[94.03897,27.013553],[94.038476,27.013618],[94.038094,27.013877],[94.037873,27.014142],[94.037877,27.014387],[94.037945,27.014789],[94.038458,27.015091],[94.039252,27.015469],[94.040065,27.015601],[94.040555,27.0157],[94.040788,27.015741],[94.041425,27.01552],[94.041964,27.015043],[94.042689,27.014794],[94.043789,27.014634],[94.044347,27.014523],[94.044701,27.014225],[94.045074,27.01409],[94.045532,27.01411],[94.045751,27.014438],[94.046099,27.014693],[94.046625,27.014707],[94.046935,27.014618],[94.047194,27.014288],[94.047183,27.013778],[94.047167,27.013228],[94.047361,27.012925],[94.047757,27.012991],[94.048337,27.013491],[94.048669,27.014422],[94.048755,27.015191],[94.048719,27.015945],[94.048476,27.016324],[94.048374,27.01663],[94.048396,27.016832],[94.048607,27.017089],[94.048988,27.017331],[94.049087,27.017506],[94.049109,27.017698],[94.048992,27.017882],[94.048802,27.018012],[94.048447,27.018207],[94.04795,27.018252],[94.047433,27.018114],[94.046998,27.018],[94.046738,27.018013],[94.046408,27.018124],[94.046228,27.018355],[94.046119,27.018497],[94.046076,27.018726],[94.046087,27.018827],[94.046231,27.018988],[94.046573,27.01909],[94.047064,27.019199],[94.047588,27.019193],[94.048154,27.019153],[94.048503,27.019214],[94.048753,27.019314],[94.04901,27.01947],[94.04915,27.019805],[94.049236,27.020165],[94.049438,27.020443],[94.049816,27.020665],[94.050163,27.020909],[94.050325,27.02114],[94.050358,27.021433],[94.050208,27.021723],[94.049962,27.021867],[94.049436,27.021751],[94.049126,27.021636],[94.048789,27.021574],[94.048576,27.021613],[94.048286,27.021772],[94.048119,27.022114],[94.047888,27.02239],[94.04762,27.022547],[94.047223,27.022562],[94.0467,27.022374],[94.046349,27.022089],[94.046307,27.021715],[94.046235,27.021476],[94.046022,27.021413],[94.045846,27.02147],[94.045722,27.021685],[94.04574,27.022051],[94.045601,27.022237],[94.045378,27.02238],[94.044889,27.022598],[94.044499,27.02299],[94.044309,27.023255],[94.044272,27.023307],[94.044231,27.02351],[94.044254,27.023815],[94.04437,27.02404],[94.044588,27.024357],[94.044731,27.02462],[94.044963,27.024753],[94.045177,27.024836],[94.04546,27.024811],[94.045603,27.024767],[94.04586,27.024519],[94.045979,27.024355],[94.046241,27.024148],[94.046427,27.024182],[94.046624,27.02441],[94.046861,27.024695],[94.047021,27.024804],[94.047419,27.024891],[94.047854,27.024739],[94.048079,27.024709],[94.048286,27.024823],[94.048564,27.025064],[94.04895,27.025458],[94.049273,27.025899],[94.049657,27.026274],[94.049726,27.026584],[94.049574,27.026864],[94.049388,27.027034],[94.04896,27.027082],[94.048531,27.02712],[94.048211,27.027221],[94.047415,27.028024],[94.046647,27.028706],[94.046114,27.029244],[94.04585,27.029534],[94.045737,27.030055],[94.045729,27.030387],[94.045572,27.030616],[94.045314,27.030854],[94.044932,27.03101],[94.044561,27.031054],[94.044248,27.031113],[94.04384,27.031241],[94.043584,27.031499],[94.043549,27.031696],[94.043498,27.031854],[94.043443,27.031971],[94.043078,27.03228],[94.042379,27.032761],[94.041639,27.033287],[94.04144,27.033642],[94.041354,27.0341],[94.041314,27.034767],[94.04144,27.03507],[94.041624,27.035084],[94.041782,27.03507],[94.042044,27.034965],[94.042322,27.034797],[94.042539,27.034696],[94.042774,27.034757],[94.042823,27.034895],[94.042908,27.035143],[94.043099,27.03532],[94.043411,27.035456],[94.04388,27.035577],[94.044137,27.035626],[94.044841,27.035604],[94.045543,27.035653],[94.046138,27.035774],[94.046491,27.035977],[94.046762,27.036361],[94.046751,27.036767],[94.046673,27.037397],[94.046508,27.037964],[94.046281,27.038383],[94.045836,27.03879],[94.045235,27.039232],[94.044693,27.039485],[94.04421,27.039549],[94.043608,27.039572],[94.043113,27.039433],[94.042702,27.039326],[94.042125,27.039368],[94.041489,27.039496],[94.041135,27.039692],[94.040947,27.039954],[94.040969,27.040142],[94.041003,27.040548],[94.041197,27.040755],[94.041594,27.040934],[94.042378,27.041109],[94.042773,27.041278],[94.042948,27.041518],[94.043012,27.04189],[94.042837,27.042162],[94.042296,27.04222],[94.041759,27.042207],[94.041348,27.041999],[94.040915,27.0417],[94.04053,27.041316],[94.04027,27.041032],[94.039851,27.040753],[94.039406,27.040548],[94.03902,27.040562],[94.038915,27.040745],[94.038958,27.041334],[94.038906,27.04189],[94.039064,27.042387],[94.039096,27.042772],[94.039057,27.042998],[94.038843,27.043334],[94.038298,27.043659],[94.037815,27.04363],[94.037497,27.043332],[94.03746,27.042998],[94.037403,27.042697],[94.037181,27.042441],[94.036744,27.042408],[94.036323,27.042722],[94.035871,27.043375],[94.035035,27.044835],[94.034728,27.045477],[94.034315,27.045964],[94.034006,27.046359],[94.033963,27.046792],[94.034067,27.04711],[94.034364,27.04742],[94.034857,27.047754],[94.035403,27.048043],[94.03655,27.048437],[94.036912,27.048638],[94.036915,27.048639],[94.037095,27.049022],[94.036916,27.049365],[94.036513,27.04984],[94.03607,27.050064],[94.035445,27.050283],[94.034734,27.050255],[94.034147,27.050103],[94.033863,27.050108],[94.033597,27.050285],[94.033524,27.050751],[94.033583,27.051083],[94.0339,27.051345],[94.034326,27.051481],[94.034738,27.051597],[94.035052,27.051651],[94.035274,27.051804],[94.035441,27.052076],[94.03544,27.05227],[94.035252,27.052522],[94.034871,27.052688],[94.034431,27.052728],[94.033839,27.05274],[94.033285,27.052789],[94.032826,27.053066],[94.03253,27.053378],[94.032216,27.053733],[94.032042,27.054117],[94.032026,27.054588],[94.032087,27.05493],[94.032404,27.05532],[94.033043,27.055835],[94.033837,27.056302],[94.034532,27.056597],[94.034881,27.056862],[94.035235,27.057178],[94.035816,27.057576],[94.036398,27.057881],[94.036879,27.058308],[94.03717,27.05867],[94.037434,27.059096],[94.037634,27.059559],[94.037778,27.060135],[94.037934,27.060304],[94.038305,27.060455],[94.03889,27.060689],[94.039226,27.061047],[94.039258,27.06133],[94.039106,27.061702],[94.038817,27.061779],[94.038377,27.061716],[94.037717,27.061427],[94.03724,27.061031],[94.036826,27.0607],[94.036339,27.060427],[94.035864,27.060357],[94.034971,27.060324],[94.034391,27.060141],[94.033736,27.059893],[94.033256,27.059783],[94.032922,27.059649],[94.032665,27.059703],[94.03271,27.060005],[94.032985,27.060625],[94.033562,27.061401],[94.034053,27.06215],[94.034208,27.062385],[94.034595,27.063198],[94.034812,27.06349],[94.03513,27.063779],[94.035704,27.064116],[94.036298,27.06443],[94.036613,27.064801],[94.0366,27.065098],[94.036213,27.065409],[94.03548,27.065893],[94.03484,27.066298],[94.034375,27.06683],[94.034203,27.067131],[94.034151,27.06808],[94.034178,27.068629],[94.034001,27.069085],[94.033738,27.069598],[94.033664,27.069748],[94.033703,27.070102],[94.034049,27.070541],[94.034142,27.070607],[94.03509,27.071286],[94.036248,27.072051],[94.036801,27.072416],[94.036833,27.072597],[94.03661,27.072852],[94.036388,27.073042],[94.035394,27.073196],[94.034945,27.073266],[94.034698,27.073503],[94.034493,27.073716],[94.034266,27.073828],[94.033955,27.073794],[94.033585,27.073449],[94.033333,27.073135],[94.033022,27.072897],[94.032605,27.072842],[94.032197,27.072868],[94.031885,27.073142],[94.031741,27.073481],[94.031782,27.073958],[94.031849,27.074555],[94.031766,27.07494],[94.031438,27.075164],[94.030877,27.075152],[94.030551,27.074944],[94.030031,27.074378],[94.029771,27.073686],[94.029658,27.073083],[94.02961,27.072648],[94.029428,27.072552],[94.029013,27.072619],[94.028464,27.073118],[94.028189,27.073511],[94.028187,27.073797],[94.028402,27.073992],[94.02869,27.074222],[94.029186,27.074576],[94.029354,27.074959],[94.029296,27.075353],[94.029054,27.075538],[94.028464,27.075672],[94.028134,27.075988],[94.027991,27.076338],[94.028006,27.076888],[94.028004,27.077343],[94.028002,27.077665],[94.027779,27.078227],[94.027647,27.078552],[94.027249,27.078976],[94.026696,27.079229],[94.026248,27.079208],[94.026087,27.078988],[94.026065,27.078489],[94.026019,27.078176],[94.025793,27.077992],[94.025526,27.078047],[94.02539,27.078263],[94.025286,27.078661],[94.025205,27.078887],[94.025138,27.079072],[94.024828,27.07957],[94.02438,27.080049],[94.023697,27.080376],[94.022903,27.080621],[94.022175,27.081043],[94.022038,27.081186],[94.021778,27.081456],[94.021644,27.081785],[94.021643,27.082388],[94.021498,27.083026],[94.020849,27.084259],[94.019951,27.085627],[94.019202,27.086889],[94.018694,27.087625],[94.018038,27.088389],[94.017901,27.088656],[94.017671,27.088984],[94.017557,27.089402],[94.017575,27.089465],[94.017632,27.089661],[94.017895,27.089771],[94.018538,27.089805],[94.019404,27.089901],[94.019734,27.089995],[94.019829,27.090231],[94.019733,27.090393],[94.019487,27.09064],[94.019252,27.090784],[94.01878,27.090846],[94.017918,27.09079],[94.017236,27.09082],[94.016808,27.090971],[94.016705,27.091277],[94.016758,27.09165],[94.016843,27.091898],[94.01711,27.092037],[94.017526,27.092092],[94.018055,27.092127],[94.018741,27.092239],[94.018893,27.092376],[94.019084,27.092859],[94.01941,27.093433],[94.01951,27.093824],[94.019573,27.094072],[94.019594,27.094877],[94.01953,27.095838],[94.01936,27.09667],[94.019409,27.097105],[94.019517,27.097361],[94.019721,27.097445],[94.020209,27.097524],[94.020575,27.097635],[94.020763,27.097893],[94.020768,27.098343],[94.020664,27.09874],[94.020082,27.099354],[94.019595,27.1],[94.01895,27.100748],[94.018406,27.101297],[94.018006,27.1017],[94.017787,27.101985],[94.017807,27.10227],[94.018038,27.102699],[94.018386,27.102954],[94.018866,27.103166],[94.019507,27.103385],[94.019726,27.103508],[94.019803,27.103685],[94.019792,27.103901],[94.019405,27.104211],[94.019047,27.104478],[94.018588,27.104657],[94.017646,27.105006],[94.017085,27.105395],[94.016788,27.105706],[94.016545,27.105983],[94.016136,27.106306],[94.015739,27.106525],[94.015136,27.106753],[94.014635,27.106859],[94.014102,27.107101],[94.013255,27.107585],[94.012424,27.108119],[94.011814,27.108378],[94.011144,27.108589],[94.0106,27.108617],[94.00982,27.108659],[94.00924,27.108299],[94.008546,27.107901],[94.00778,27.107581],[94.007158,27.107535],[94.006569,27.107414],[94.005349,27.107421],[94.004043,27.107588],[94.002876,27.107764],[94.001433,27.108332],[94.000767,27.109117],[94.000462,27.109961],[94.000117,27.110554],[93.999511,27.111196],[93.99882,27.11186],[93.997902,27.112422],[93.997092,27.11274],[93.996391,27.112792],[93.99608,27.112667],[93.995924,27.112395],[93.995885,27.111938],[93.995945,27.111453],[93.995915,27.11119],[93.995611,27.11091],[93.995105,27.110986],[93.99454,27.111445],[93.99432,27.111732],[93.993653,27.112597],[93.992938,27.11356],[93.992457,27.114009],[93.991909,27.114313],[93.991496,27.114605],[93.991485,27.114608],[93.990504,27.114816],[93.989888,27.115024],[93.989551,27.115279],[93.989234,27.115706],[93.988988,27.116167],[93.988822,27.116621],[93.988672,27.117013],[93.988496,27.117386],[93.988262,27.117744],[93.988049,27.118079],[93.987773,27.118458],[93.987495,27.118728],[93.987459,27.118739],[93.986942,27.11889],[93.986543,27.119036],[93.986138,27.119227],[93.985554,27.119514],[93.984921,27.119775],[93.984132,27.12007],[93.983314,27.120102],[93.982144,27.119746],[93.9814,27.119516],[93.980345,27.119263],[93.979794,27.119199],[93.978922,27.119369],[93.978389,27.1196],[93.978104,27.120014],[93.97791,27.120634],[93.977608,27.1211],[93.97697,27.121514],[93.976079,27.121614],[93.97579,27.121617],[93.975313,27.121559],[93.974409,27.12164],[93.973903,27.121603],[93.972812,27.121547],[93.971747,27.1211],[93.971054,27.12062],[93.970583,27.120489],[93.970414,27.120606],[93.970195,27.120901],[93.969956,27.121413],[93.969848,27.12178],[93.969573,27.12208],[93.96955,27.1221],[93.969328,27.122294],[93.968777,27.122476],[93.967857,27.122517],[93.967176,27.122547],[93.966849,27.122689],[93.96651,27.122923],[93.966235,27.123223],[93.966088,27.123543],[93.966072,27.12381],[93.96594,27.124057],[93.965709,27.124343],[93.965153,27.124678],[93.964564,27.124823],[93.964118,27.12488],[93.963742,27.124995],[93.963385,27.125272],[93.963221,27.125542],[93.963244,27.125847],[93.963411,27.126118],[93.963609,27.126264],[93.963805,27.126481],[93.963885,27.126791],[93.963752,27.127038],[93.963564,27.127187],[93.963084,27.127393],[93.962461,27.127718],[93.961909,27.127992],[93.96085,27.128321],[93.960299,27.128595],[93.960207,27.128684],[93.959907,27.128977],[93.959492,27.129351],[93.959284,27.129738],[93.959055,27.130136],[93.959032,27.130445],[93.958995,27.130938],[93.958983,27.132063],[93.958997,27.13214],[93.959206,27.133272],[93.959107,27.133691],[93.95885,27.134051],[93.958661,27.134303],[93.958308,27.134508],[93.957701,27.134695],[93.957337,27.134707],[93.957136,27.134541],[93.957052,27.134099],[93.957,27.133398],[93.95694,27.132954],[93.956785,27.132692],[93.956317,27.132489],[93.955512,27.132642],[93.954886,27.133065],[93.95437,27.133653],[93.953934,27.134345],[93.953309,27.135504],[93.95258,27.137029],[93.951864,27.138445],[93.951777,27.138617],[93.950877,27.139555],[93.950739,27.139704],[93.949685,27.140846],[93.9488,27.141926],[93.948601,27.14242],[93.948532,27.142593],[93.947992,27.143489],[93.94732,27.144223],[93.946688,27.144946],[93.946029,27.145587],[93.944789,27.146351],[93.943148,27.147066],[93.940293,27.148495],[93.938322,27.149558],[93.937247,27.14991],[93.935478,27.150025],[93.933184,27.150126],[93.931055,27.149978],[93.929349,27.149925],[93.926819,27.150006],[93.925682,27.150362],[93.92516,27.150797],[93.924784,27.151423],[93.924664,27.151985],[93.924621,27.152939],[93.92469,27.15377],[93.92475,27.154306],[93.924784,27.154616],[93.924715,27.15502],[93.924558,27.155351],[93.924292,27.15563],[93.923836,27.155844],[93.922872,27.156001],[93.922121,27.156266],[93.921443,27.156506],[93.919409,27.15755],[93.918444,27.158218],[93.917524,27.15929],[93.916817,27.160017],[93.915919,27.160985],[93.915263,27.161758],[93.914042,27.163782],[93.913266,27.165033],[93.913257,27.165047],[93.91272,27.166075],[93.911991,27.167718],[93.911582,27.168765],[93.911495,27.169938],[93.911577,27.170881],[93.911881,27.172084],[93.912152,27.172366],[93.912692,27.172605],[93.913501,27.172624],[93.913505,27.172625],[93.914687,27.172367],[93.916478,27.171892],[93.919008,27.171238],[93.921072,27.170698],[93.922625,27.170387],[93.923674,27.170325],[93.924863,27.170342],[93.92575,27.170589],[93.926242,27.171353],[93.926304,27.172012],[93.926319,27.172971],[93.92616,27.175656],[93.926013,27.177217],[93.925921,27.177509],[93.925903,27.177564],[93.925375,27.177845],[93.924584,27.178018],[93.923874,27.178101],[93.923253,27.178371],[93.922866,27.178895],[93.922328,27.179607],[93.921824,27.180724],[93.921604,27.18152],[93.921569,27.182238],[93.921533,27.182706],[93.921313,27.183083],[93.921089,27.18329],[93.920764,27.183591],[93.920132,27.184076],[93.919296,27.184671],[93.917833,27.185571],[93.916199,27.186534],[93.915089,27.187133],[93.914073,27.18755],[93.913523,27.187831],[93.913252,27.18797],[93.912591,27.188192],[93.911867,27.188348],[93.910043,27.188796],[93.908235,27.189374],[93.907598,27.189605],[93.907148,27.189908],[93.906502,27.190363],[93.906071,27.1908],[93.905778,27.191357],[93.90546,27.191681],[93.905016,27.192058],[93.904855,27.192195],[93.904358,27.192555],[93.903982,27.192745],[93.903034,27.192662],[93.902014,27.192834],[93.900896,27.193464],[93.899904,27.194298],[93.899516,27.194471],[93.898222,27.194749],[93.897016,27.194784],[93.895927,27.194801],[93.894892,27.194891],[93.894476,27.194948],[93.894219,27.195103],[93.893177,27.195857],[93.892952,27.196022],[93.892461,27.196382],[93.89229,27.196507],[93.891585,27.197162],[93.890931,27.197853],[93.890389,27.19832],[93.889652,27.198681],[93.889108,27.198872],[93.888206,27.198972],[93.88722,27.199039],[93.886216,27.199148],[93.885192,27.199494],[93.884487,27.199934],[93.884088,27.200357],[93.883726,27.201105],[93.88329,27.201817],[93.882907,27.202356],[93.882546,27.202909],[93.882192,27.203421],[93.881874,27.203959],[93.881687,27.204436],[93.881515,27.20536],[93.881472,27.205993],[93.881545,27.20666],[93.881611,27.207257],[93.881542,27.207872],[93.881264,27.208561],[93.881096,27.209209],[93.880686,27.210665],[93.879994,27.213377],[93.879862,27.214647],[93.879837,27.214892],[93.879824,27.215058],[93.879818,27.215126],[93.879715,27.216424],[93.87971,27.216469],[93.87998,27.216768],[93.879988,27.216777],[93.883008,27.220126],[93.88321,27.22035],[93.883639,27.220826],[93.88537,27.222661],[93.887176,27.224632],[93.888983,27.226467],[93.890579,27.22814],[93.890809,27.228382],[93.891317,27.228914],[93.892145,27.229798],[93.893018,27.23069],[93.893275,27.230953],[93.89478,27.232652],[93.896587,27.234555],[93.897791,27.235914],[93.8999,27.238021],[93.902084,27.240196],[93.90442,27.24244],[93.9049,27.242946],[93.905721,27.24381],[93.905942,27.244042],[93.906812,27.244959],[93.907583,27.24577],[93.910444,27.24876],[93.911704,27.250045],[93.912177,27.250527],[93.913078,27.251448],[93.913326,27.251701],[93.915117,27.25353],[93.917189,27.255646],[93.917388,27.25585],[93.9199,27.258415],[93.920094,27.258613],[93.920162,27.258683],[93.921443,27.259974],[93.923553,27.262014],[93.924607,27.263236],[93.925663,27.264188],[93.926491,27.265004],[93.927471,27.266023],[93.928978,27.267451],[93.929656,27.268198],[93.930184,27.268742],[93.931013,27.269557],[93.931766,27.270305],[93.933047,27.271731],[93.933876,27.272547],[93.934931,27.273634],[93.935684,27.274382],[93.938774,27.277508],[93.940131,27.278867],[93.941035,27.279818],[93.941713,27.280633],[93.942192,27.281081],[93.943573,27.282567],[93.944063,27.283006],[93.945114,27.284193],[93.946561,27.285559],[93.947918,27.286932],[93.949995,27.288987],[93.950777,27.289815],[93.952107,27.291166],[93.95345,27.292603],[93.956248,27.295311],[93.957627,27.296747],[93.959728,27.298891],[93.960737,27.300002],[93.962371,27.301666],[93.964443,27.303675],[93.9656,27.304851],[93.966413,27.305692],[93.967738,27.307025],[93.969056,27.308304],[93.970211,27.3091],[93.971273,27.310273],[93.972286,27.311353],[93.973394,27.312389],[93.974389,27.313397],[93.975651,27.314488],[93.978996,27.317641],[93.979861,27.318521],[93.981481,27.320204],[93.982413,27.321132],[93.983279,27.322047],[93.983353,27.322125],[93.983568,27.322352],[93.983944,27.322716],[93.983945,27.322717],[93.98429,27.323051],[93.984903,27.323079],[93.985688,27.323103],[93.985715,27.323104],[93.985781,27.323107],[93.985994,27.323114],[93.986091,27.323118],[93.986229,27.323123],[93.98623,27.323123],[93.986249,27.323123],[93.98625,27.323123],[93.986008,27.322826],[93.986659,27.322708],[93.987048,27.322606],[93.989104,27.320544],[93.990481,27.318542],[93.990876,27.316342],[93.991668,27.315303],[93.991969,27.314965],[93.99439,27.312242],[93.996007,27.310342],[93.997438,27.309234],[93.999887,27.308239],[94.003002,27.307472],[94.006574,27.305887],[94.011717,27.30404],[94.014495,27.303672],[94.015527,27.303089],[94.016903,27.301496],[94.019257,27.299652],[94.020668,27.299249]]]}},{"type":"Feature","properties":{"OBJECTID":5839,"state_lgd":"18","state_name":"ASSAM","district_lgd":"307","district_name":"LAKHIMPUR","district_name_source":"district_table","subdistrict_lgd":"02048","subdistrict_name":"NARAYANPUR CIRCLE","subdistrict_type":"","name_corrupted":false,"remarks":""},"geometry":{"type":"Polygon","coordinates":[[[93.908472,26.900636],[93.907303,26.899997],[93.904269,26.898668],[93.902183,26.897634],[93.899816,26.896354],[93.89974,26.896312],[93.898094,26.895484],[93.896323,26.894668],[93.89403,26.89378],[93.892623,26.89314],[93.891932,26.892684],[93.891672,26.892288],[93.89146,26.891196],[93.890774,26.888466],[93.890387,26.886655],[93.89036,26.885711],[93.890491,26.885102],[93.890964,26.883715],[93.891638,26.882003],[93.892598,26.880083],[93.893495,26.87812],[93.894016,26.876493],[93.895728,26.873428],[93.896612,26.872248],[93.896799,26.871827],[93.896455,26.871642],[93.895725,26.871508],[93.895088,26.871127],[93.894422,26.870521],[93.894252,26.870236],[93.893763,26.868722],[93.893261,26.867424],[93.892683,26.86654],[93.891806,26.86547],[93.891196,26.864876],[93.890407,26.864328],[93.88927,26.863789],[93.887895,26.863328],[93.886193,26.862921],[93.885322,26.862655],[93.884873,26.862468],[93.884555,26.862156],[93.884319,26.86171],[93.883554,26.860068],[93.883041,26.8592],[93.88253,26.858517],[93.882058,26.858114],[93.881185,26.85778],[93.879433,26.857375],[93.878485,26.857183],[93.877084,26.857031],[93.874098,26.856803],[93.86992,26.856787],[93.864001,26.856668],[93.861036,26.856914],[93.858868,26.857193],[93.856973,26.857347],[93.855202,26.857416],[93.854096,26.857346],[93.853354,26.857167],[93.852729,26.85698],[93.851524,26.856361],[93.850004,26.855339],[93.848633,26.854241],[93.846785,26.852893],[93.845176,26.851792],[93.844096,26.851265],[93.843239,26.850944],[93.842292,26.850788],[93.840957,26.850814],[93.83962,26.85108],[93.836442,26.851407],[93.835546,26.851286],[93.835125,26.851062],[93.83489,26.850793],[93.833676,26.848972],[93.832488,26.846978],[93.83218,26.845739],[93.831866,26.84384],[93.829283,26.835867],[93.828567,26.83397],[93.827549,26.832275],[93.82668,26.830657],[93.825718,26.828504],[93.824554,26.826464],[93.82384,26.82529],[93.819955,26.824311],[93.8181,26.823967],[93.816549,26.823849],[93.814677,26.823586],[93.810292,26.822883],[93.808751,26.822607],[93.807575,26.822226],[93.805812,26.821743],[93.80456,26.821532],[93.80333,26.821492],[93.800932,26.821631],[93.800129,26.821896],[93.79882,26.822549],[93.797076,26.823589],[93.793963,26.825921],[93.790439,26.828177],[93.788617,26.82949],[93.787229,26.830661],[93.784792,26.83288],[93.783288,26.834379],[93.782265,26.835458],[93.78084,26.836562],[93.780356,26.836877],[93.780329,26.837583],[93.780205,26.838282],[93.779716,26.839208],[93.779464,26.839513],[93.778845,26.840157],[93.778782,26.84071],[93.777367,26.841564],[93.776874,26.841862],[93.773894,26.843143],[93.771681,26.844094],[93.770325,26.844762],[93.770317,26.844766],[93.769933,26.844865],[93.76992,26.844868],[93.76991,26.844871],[93.769907,26.844872],[93.769906,26.844872],[93.769869,26.8451],[93.769865,26.845119],[93.76983,26.845333],[93.769828,26.845342],[93.76981,26.845454],[93.769814,26.845457],[93.769853,26.845482],[93.769871,26.845494],[93.770574,26.845951],[93.770581,26.845955],[93.771072,26.846218],[93.77114,26.846273],[93.771245,26.846359],[93.771699,26.846731],[93.772153,26.847103],[93.772646,26.847288],[93.773551,26.847443],[93.77428,26.847637],[93.774577,26.847773],[93.774753,26.847931],[93.774793,26.848062],[93.774732,26.848558],[93.774657,26.848671],[93.774183,26.849113],[93.773856,26.849577],[93.77379,26.849834],[93.773795,26.85015],[93.773905,26.850588],[93.774091,26.850891],[93.774353,26.851171],[93.774649,26.851324],[93.774926,26.851334],[93.776511,26.850983],[93.776964,26.850929],[93.777301,26.850952],[93.777688,26.851105],[93.777883,26.851256],[93.778015,26.851358],[93.778216,26.851589],[93.778311,26.851909],[93.778311,26.852261],[93.77816,26.852848],[93.777842,26.85347],[93.77764,26.854269],[93.777667,26.854445],[93.777695,26.85463],[93.778027,26.855022],[93.778399,26.855212],[93.778977,26.855339],[93.780718,26.85548],[93.781231,26.855697],[93.781598,26.856027],[93.782015,26.856546],[93.782478,26.856898],[93.783308,26.857287],[93.783987,26.857752],[93.784565,26.858024],[93.785169,26.858123],[93.785521,26.858128],[93.785908,26.85797],[93.787162,26.857109],[93.787358,26.857073],[93.787665,26.857109],[93.787871,26.857213],[93.788092,26.857394],[93.788293,26.857633],[93.788328,26.85804],[93.788434,26.858365],[93.788599,26.85868],[93.789112,26.859349],[93.789303,26.860224],[93.789443,26.860667],[93.789483,26.860973],[93.789372,26.861361],[93.789065,26.861582],[93.788763,26.861727],[93.787832,26.861888],[93.787495,26.861906],[93.786725,26.861698],[93.786403,26.861739],[93.786197,26.861887],[93.786036,26.862063],[93.786061,26.862357],[93.786292,26.862573],[93.786991,26.862858],[93.787333,26.863089],[93.787584,26.863355],[93.787675,26.863666],[93.787629,26.863897],[93.787463,26.864027],[93.787206,26.864063],[93.786789,26.863982],[93.786165,26.863787],[93.785733,26.863719],[93.785476,26.86376],[93.785204,26.863877],[93.785003,26.864062],[93.785007,26.864265],[93.785173,26.86445],[93.785435,26.86454],[93.786074,26.864654],[93.786401,26.864794],[93.786552,26.864992],[93.786652,26.865593],[93.78643,26.866003],[93.785281,26.867636],[93.784173,26.869129],[93.780849,26.87312],[93.780466,26.873526],[93.780446,26.873932],[93.780466,26.874068],[93.780696,26.874691],[93.780938,26.875187],[93.781013,26.875422],[93.781048,26.875805],[93.780947,26.876144],[93.780725,26.87641],[93.780423,26.876631],[93.779985,26.876892],[93.779864,26.877185],[93.779904,26.877709],[93.780044,26.878057],[93.780466,26.878761],[93.780592,26.879217],[93.780652,26.87997],[93.780782,26.880634],[93.781149,26.881424],[93.781214,26.881785],[93.781113,26.882168],[93.780891,26.882403],[93.780644,26.882534],[93.780297,26.882628],[93.779904,26.882777],[93.779683,26.882989],[93.779662,26.883444],[93.779924,26.883846],[93.780462,26.884406],[93.780713,26.884722],[93.780853,26.885196],[93.780853,26.885458],[93.780707,26.885737],[93.780415,26.885976],[93.780158,26.886035],[93.779761,26.885976],[93.779454,26.885827],[93.779172,26.885606],[93.779036,26.885407],[93.778916,26.885145],[93.778831,26.884626],[93.778605,26.88426],[93.778343,26.883967],[93.778233,26.883895],[93.778137,26.883872],[93.778046,26.883795],[93.77781,26.883786],[93.777292,26.883908],[93.77703,26.884061],[93.776873,26.884237],[93.776667,26.884647],[93.776546,26.885053],[93.776142,26.885856],[93.776046,26.886244],[93.776081,26.887467],[93.775914,26.888184],[93.775637,26.888572],[93.775103,26.888888],[93.774403,26.88905],[93.77387,26.889049],[93.773105,26.888832],[93.772466,26.888732],[93.772144,26.888723],[93.771459,26.888768],[93.771042,26.888849],[93.770483,26.88902],[93.769909,26.889267],[93.769265,26.889461],[93.768821,26.88951],[93.768293,26.88951],[93.767593,26.88964],[93.767558,26.889672],[93.767402,26.889676],[93.767281,26.889721],[93.766602,26.889775],[93.766078,26.889779],[93.765358,26.890008],[93.764789,26.890256],[93.764342,26.890346],[93.763647,26.890327],[93.762892,26.890345],[93.762359,26.890236],[93.76177,26.890006],[93.761267,26.889992],[93.760874,26.890095],[93.760461,26.890338],[93.760139,26.890631],[93.759655,26.89129],[93.759202,26.891664],[93.758627,26.892079],[93.758109,26.892245],[93.757661,26.892213],[93.756901,26.892005],[93.756383,26.891761],[93.755991,26.891761],[93.755507,26.891868],[93.755039,26.891832],[93.754486,26.891719],[93.753872,26.891434],[93.753419,26.891379],[93.752901,26.891451],[93.752397,26.89164],[93.75203,26.891816],[93.751697,26.892172],[93.75085,26.893529],[93.746038,26.895259],[93.745142,26.895562],[93.744196,26.896158],[93.743659,26.896872],[93.743196,26.897585],[93.742714,26.898041],[93.741894,26.89839],[93.741048,26.898593],[93.739513,26.898622],[93.742264,26.903479],[93.742569,26.904016],[93.742498,26.904251],[93.742307,26.904468],[93.741694,26.90501],[93.740628,26.906103],[93.74015,26.906739],[93.739572,26.907647],[93.739231,26.908428],[93.739141,26.908992],[93.739267,26.909384],[93.73968,26.909889],[93.74036,26.910191],[93.740899,26.910227],[93.741347,26.910204],[93.741462,26.910272],[93.741513,26.910479],[93.741735,26.910664],[93.741986,26.910871],[93.742309,26.911043],[93.742349,26.911155],[93.742309,26.911363],[93.742158,26.911535],[93.741836,26.911846],[93.741605,26.912099],[93.741621,26.912338],[93.741797,26.912501],[93.741978,26.912568],[93.742386,26.912536],[93.743654,26.91244],[93.744545,26.912435],[93.744943,26.912516],[93.745326,26.912606],[93.745789,26.912858],[93.746298,26.91312],[93.746826,26.913223],[93.747516,26.9132],[93.747964,26.913294],[93.748236,26.913407],[93.748593,26.913646],[93.748926,26.913799],[93.749027,26.91406],[93.749027,26.91443],[93.748882,26.914859],[93.748716,26.915275],[93.748691,26.915699],[93.748742,26.916376],[93.748934,26.917089],[93.74898,26.91745],[93.74894,26.917793],[93.748931,26.918213],[93.748931,26.918217],[93.749022,26.918736],[93.749032,26.919101],[93.748801,26.919516],[93.748464,26.919959],[93.747931,26.920591],[93.747725,26.921052],[93.747726,26.921395],[93.747983,26.9219],[93.748271,26.922491],[93.748387,26.9231],[93.748347,26.923628],[93.748147,26.92458],[93.747705,26.925312],[93.747142,26.926287],[93.746976,26.926702],[93.746967,26.927262],[93.747088,26.927844],[93.747245,26.92852],[93.747245,26.92899],[93.74714,26.929265],[93.746934,26.92991],[93.74688,26.930547],[93.746906,26.931454],[93.746841,26.932122],[93.746842,26.932844],[93.746746,26.933182],[93.746721,26.933214],[93.74654,26.933435],[93.746233,26.933801],[93.746108,26.93418],[93.746108,26.934469],[93.74626,26.934925],[93.74625,26.935398],[93.74614,26.935782],[93.745964,26.936491],[93.745769,26.937204],[93.745376,26.937723],[93.744813,26.937791],[93.744425,26.937769],[93.744002,26.937711],[93.743695,26.937828],[93.743529,26.938104],[93.743494,26.938713],[93.743339,26.939218],[93.742982,26.93962],[93.742499,26.939882],[93.742166,26.940045],[93.74191,26.940226],[93.74191,26.940596],[93.742218,26.940984],[93.742883,26.941606],[93.743307,26.942305],[93.743564,26.942995],[93.74364,26.943686],[93.743641,26.944466],[93.743385,26.945383],[93.743285,26.946118],[93.743256,26.946669],[93.743438,26.947269],[93.744028,26.948667],[93.744254,26.949475],[93.744311,26.949678],[93.744287,26.950553],[93.741817,26.959179],[93.741445,26.960476],[93.741159,26.960864],[93.740852,26.961279],[93.74055,26.961505],[93.740147,26.961659],[93.739805,26.961812],[93.739247,26.962151],[93.738925,26.962458],[93.738603,26.962874],[93.738352,26.963424],[93.738161,26.963907],[93.73806,26.964323],[93.738011,26.964873],[93.73789,26.96537],[93.737674,26.966042],[93.737504,26.966543],[93.737318,26.966868],[93.736905,26.96732],[93.736548,26.967586],[93.736165,26.967753],[93.735823,26.967803],[93.73538,26.967736],[93.734624,26.967741],[93.734025,26.967741],[93.733602,26.967827],[93.73333,26.967963],[93.732953,26.968257],[93.73251,26.968586],[93.732087,26.968821],[93.73178,26.968898],[93.731259,26.968946],[93.731237,26.968948],[93.730879,26.968989],[93.730633,26.969106],[93.730451,26.969247],[93.730205,26.969526],[93.729762,26.970037],[93.729345,26.970452],[93.729113,26.970588],[93.728725,26.970692],[93.728282,26.970724],[93.727885,26.97067],[93.727743,26.970611],[93.727547,26.970512],[93.727129,26.970287],[93.72659,26.969935],[93.726373,26.969827],[93.726126,26.969773],[93.725648,26.969719],[93.725295,26.969652],[93.724646,26.969575],[93.724208,26.969616],[93.7239,26.969711],[93.723614,26.969906],[93.723387,26.97019],[93.723231,26.970474],[93.723186,26.970727],[93.723061,26.971124],[93.722885,26.971526],[93.722623,26.971914],[93.722498,26.972194],[93.722457,26.972388],[93.722432,26.972704],[93.722382,26.973015],[93.722216,26.973227],[93.722005,26.973417],[93.721713,26.973661],[93.721311,26.974036],[93.721165,26.974221],[93.72111,26.974501],[93.72111,26.974505],[93.72114,26.974807],[93.721246,26.975114],[93.721498,26.975462],[93.721685,26.975723],[93.72171,26.975935],[93.721695,26.976143],[93.721585,26.976373],[93.721368,26.976558],[93.72085,26.976829],[93.720427,26.97701],[93.719697,26.977276],[93.719078,26.977493],[93.718675,26.977737],[93.718413,26.97795],[93.718318,26.978126],[93.718282,26.978315],[93.718308,26.978505],[93.718409,26.978811],[93.718676,26.979285],[93.719024,26.979835],[93.719105,26.980115],[93.71907,26.980323],[93.718939,26.980512],[93.718788,26.980666],[93.718531,26.980801],[93.718259,26.980833],[93.717967,26.980815],[93.71768,26.980734],[93.717312,26.980491],[93.716768,26.98004],[93.716173,26.97953],[93.715801,26.979264],[93.715584,26.979192],[93.715347,26.979215],[93.715186,26.979305],[93.71498,26.979495],[93.714894,26.979684],[93.714723,26.980113],[93.714507,26.980546],[93.714306,26.98079],[93.714125,26.980903],[93.713943,26.980921],[93.713687,26.980885],[93.713465,26.980831],[93.713248,26.980737],[93.712729,26.980543],[93.712231,26.980385],[93.711848,26.980332],[93.711496,26.980354],[93.711198,26.980436],[93.711037,26.980512],[93.710947,26.980643],[93.710902,26.980883],[93.710917,26.981153],[93.711028,26.981609],[93.711154,26.982051],[93.711165,26.982502],[93.711044,26.983148],[93.710944,26.983481],[93.710833,26.983653],[93.710586,26.98378],[93.710365,26.983789],[93.710108,26.983712],[93.709624,26.983509],[93.709277,26.983419],[93.708949,26.983397],[93.708597,26.983447],[93.708471,26.98351],[93.708416,26.9836],[93.708416,26.983704],[93.708431,26.983889],[93.708487,26.984061],[93.708648,26.984268],[93.708925,26.984674],[93.709046,26.984963],[93.709041,26.985166],[93.708825,26.985432],[93.708573,26.985581],[93.708145,26.985735],[93.707471,26.985934],[93.706841,26.986114],[93.706519,26.986214],[93.70604,26.986426],[93.705753,26.986467],[93.705255,26.986481],[93.704656,26.986526],[93.704394,26.986617],[93.704258,26.986743],[93.704198,26.986883],[93.704097,26.987339],[93.704032,26.987591],[93.703936,26.987722],[93.703609,26.987876],[93.703297,26.98798],[93.702979,26.98803],[93.702813,26.98807],[93.702647,26.988174],[93.702365,26.988368],[93.702068,26.988558],[93.701827,26.988666],[93.70158,26.98882],[93.701369,26.989055],[93.701207,26.989258],[93.701016,26.989393],[93.70086,26.989443],[93.700699,26.989434],[93.700497,26.98938],[93.700291,26.989299],[93.699999,26.989141],[93.699732,26.988979],[93.699455,26.988893],[93.699293,26.988884],[93.699193,26.988929],[93.699102,26.989051],[93.699062,26.989169],[93.699062,26.989354],[93.699077,26.989665],[93.699047,26.990022],[93.699012,26.99031],[93.698922,26.990703],[93.698887,26.990938],[93.698947,26.991091],[93.699103,26.991199],[93.69928,26.991217],[93.699426,26.991212],[93.699995,26.991063],[93.700252,26.991],[93.700488,26.991023],[93.70069,26.991135],[93.700831,26.991266],[93.700879,26.991463],[93.700886,26.991496],[93.700892,26.991502],[93.700868,26.991678],[93.700797,26.991854],[93.700666,26.992016],[93.70046,26.992206],[93.700244,26.992436],[93.700125,26.99261],[93.700117,26.992622],[93.700012,26.992775],[93.699831,26.993136],[93.699584,26.993375],[93.699287,26.993533],[93.69893,26.99361],[93.698736,26.993616],[93.698507,26.993624],[93.698491,26.993627],[93.698489,26.993628],[93.69825,26.993687],[93.698084,26.993804],[93.697943,26.993953],[93.697822,26.99412],[93.697786,26.994181],[93.697776,26.994195],[93.697777,26.994196],[93.697783,26.994203],[93.698461,26.99498],[93.698994,26.99559],[93.700199,26.996984],[93.701149,26.998431],[93.701263,26.998603],[93.701667,26.999271],[93.701752,26.99941],[93.701873,26.999609],[93.702149,27.000071],[93.702273,27.000152],[93.702934,27.000588],[93.703899,27.001247],[93.704264,27.001496],[93.707794,27.005496],[93.708791,27.006881],[93.70896,27.007109],[93.709724,27.008133],[93.710757,27.009132],[93.711491,27.009841],[93.713209,27.011605],[93.715784,27.014335],[93.716372,27.014916],[93.719184,27.017694],[93.719736,27.018239],[93.721496,27.01987],[93.722407,27.020534],[93.724611,27.021501],[93.726726,27.022743],[93.72795,27.02345],[93.728016,27.023494],[93.728217,27.023627],[93.728894,27.024076],[93.730346,27.024881],[93.732162,27.025845],[93.733607,27.026187],[93.735457,27.026721],[93.736474,27.027005],[93.737767,27.027165],[93.739359,27.02734],[93.739645,27.027387],[93.740832,27.027614],[93.741394,27.027822],[93.741754,27.027955],[93.74257,27.0284],[93.742878,27.028531],[93.743488,27.02879],[93.744357,27.02916],[93.745938,27.029585],[93.746655,27.029778],[93.747146,27.029992],[93.747916,27.030383],[93.748085,27.030496],[93.748871,27.030931],[93.748884,27.030937],[93.749739,27.031404],[93.75,27.031582],[93.75,27.031582],[93.750279,27.031773],[93.750913,27.032206],[93.752048,27.032987],[93.752534,27.033247],[93.753978,27.03399],[93.754651,27.034293],[93.756038,27.034845],[93.757,27.035262],[93.75723,27.035362],[93.758085,27.035777],[93.759441,27.036378],[93.760772,27.036932],[93.762577,27.037811],[93.76318,27.03805],[93.764397,27.038579],[93.765322,27.038945],[93.765964,27.039207],[93.766469,27.039446],[93.767029,27.039799],[93.767585,27.039834],[93.767684,27.03984],[93.767585,27.040151],[93.767477,27.040491],[93.767465,27.041848],[93.767461,27.042211],[93.767419,27.044425],[93.767416,27.044599],[93.7674,27.045397],[93.767468,27.046528],[93.767425,27.046815],[93.767392,27.046983],[93.767322,27.050274],[93.767414,27.052825],[93.767996,27.053086],[93.76916,27.053607],[93.768939,27.051862],[93.768937,27.051842],[93.770002,27.051231],[93.771584,27.053482],[93.771559,27.053666],[93.771482,27.054234],[93.771319,27.055743],[93.771298,27.055941],[93.77107,27.05805],[93.77123,27.058149],[93.772516,27.058938],[93.773119,27.059308],[93.773778,27.057831],[93.774295,27.056629],[93.77494,27.055207],[93.775355,27.054439],[93.775593,27.053997],[93.776239,27.052421],[93.776343,27.05221],[93.77702,27.050833],[93.777717,27.050056],[93.778402,27.048968],[93.778509,27.048797],[93.779261,27.048787],[93.779122,27.049624],[93.779033,27.050166],[93.779122,27.050091],[93.779961,27.049383],[93.779453,27.051443],[93.780379,27.050425],[93.779791,27.052555],[93.779304,27.055284],[93.779239,27.055794],[93.779121,27.056715],[93.779002,27.057646],[93.779087,27.05781],[93.780132,27.059773],[93.780612,27.058721],[93.780722,27.059836],[93.78182,27.060667],[93.782001,27.060771],[93.782441,27.059169],[93.782663,27.058285],[93.782713,27.058267],[93.782751,27.058254],[93.783489,27.05804],[93.784272,27.057813],[93.783761,27.055901],[93.783666,27.054679],[93.783857,27.05419],[93.784111,27.053614],[93.78473,27.052908],[93.784892,27.052724],[93.785138,27.052444],[93.785822,27.051595],[93.788904,27.05246],[93.789609,27.052726],[93.790093,27.053179],[93.790826,27.053851],[93.792322,27.054047],[93.793759,27.054505],[93.793833,27.054536],[93.794739,27.054916],[93.794585,27.055254],[93.793915,27.056816],[93.793281,27.058293],[93.792973,27.059239],[93.793645,27.060461],[93.793894,27.060125],[93.795026,27.0586],[93.795247,27.058303],[93.796009,27.057359],[93.796456,27.056963],[93.796534,27.056974],[93.79722,27.057162],[93.800088,27.057921],[93.800064,27.058061],[93.799774,27.059815],[93.799767,27.060845],[93.799766,27.061045],[93.799758,27.062251],[93.800465,27.062537],[93.801795,27.063074],[93.802573,27.059558],[93.803186,27.058207],[93.803261,27.058208],[93.804619,27.058756],[93.805519,27.059979],[93.805914,27.059343],[93.806359,27.058629],[93.806716,27.059361],[93.806956,27.059851],[93.807411,27.05965],[93.807538,27.059594],[93.80832,27.059248],[93.808676,27.05931],[93.808847,27.059311],[93.808862,27.059343],[93.809716,27.059493],[93.809906,27.059527],[93.810888,27.059802],[93.810962,27.060073],[93.811074,27.060769],[93.81118,27.061428],[93.810853,27.062712],[93.810725,27.063213],[93.810715,27.063253],[93.810507,27.063982],[93.810506,27.063989],[93.810416,27.064346],[93.810408,27.064378],[93.810244,27.065025],[93.810196,27.065069],[93.810027,27.065225],[93.809559,27.065653],[93.80942,27.06578],[93.808984,27.06618],[93.807495,27.067979],[93.809472,27.066618],[93.810381,27.066086],[93.810545,27.06599],[93.81096,27.065747],[93.811983,27.065202],[93.812276,27.064855],[93.814087,27.062739],[93.815509,27.061088],[93.815736,27.061147],[93.817845,27.06157],[93.817836,27.061593],[93.81821,27.061666],[93.81894,27.061826],[93.819531,27.061956],[93.819847,27.062026],[93.821985,27.062496],[93.825082,27.063053],[93.824699,27.063863],[93.824088,27.064943],[93.823627,27.066024],[93.823624,27.066498],[93.823716,27.067738],[93.823764,27.068393],[93.824895,27.06894],[93.826713,27.066461],[93.826732,27.066444],[93.828212,27.066327],[93.830734,27.066126],[93.831252,27.068091],[93.832604,27.069587],[93.832629,27.069617],[93.832755,27.069767],[93.833232,27.070332],[93.834109,27.071372],[93.834781,27.072169],[93.836509,27.074005],[93.836431,27.07441],[93.836049,27.075153],[93.835716,27.075887],[93.835283,27.076842],[93.835357,27.077113],[93.835676,27.076712],[93.836271,27.075966],[93.836956,27.075225],[93.837636,27.075228],[93.837022,27.07685],[93.835731,27.077724],[93.835613,27.078021],[93.835392,27.078574],[93.835129,27.079231],[93.835049,27.079431],[93.834733,27.080223],[93.83434,27.082726],[93.835471,27.083273],[93.836525,27.084158],[93.836844,27.084678],[93.837302,27.085425],[93.837648,27.08599],[93.838246,27.087279],[93.836289,27.085713],[93.834925,27.086181],[93.832196,27.087183],[93.83212,27.087318],[93.831734,27.088534],[93.831605,27.089065],[93.831405,27.089883],[93.831024,27.091445],[93.831002,27.091536],[93.830959,27.091712],[93.831337,27.091849],[93.833676,27.09274],[93.835246,27.095793],[93.834144,27.095818],[93.83276,27.095849],[93.83275,27.095849],[93.832702,27.095902],[93.832695,27.09591],[93.832656,27.095953],[93.832654,27.095955],[93.832657,27.095955],[93.832675,27.095955],[93.833243,27.09594],[93.833627,27.095931],[93.835013,27.096304],[93.836083,27.096918],[93.837219,27.09701],[93.838397,27.096693],[93.838418,27.096679],[93.83955,27.095907],[93.840431,27.09505],[93.841206,27.093707],[93.841542,27.092628],[93.84186,27.091626],[93.841877,27.090886],[93.841944,27.089995],[93.842258,27.089258],[93.842778,27.088888],[93.843243,27.088734],[93.844133,27.088679],[93.844731,27.088839],[93.846498,27.089321],[93.846726,27.089507],[93.84757,27.090194],[93.849617,27.091548],[93.851864,27.092621],[93.853662,27.092911],[93.854684,27.092844],[93.85577,27.092654],[93.857265,27.091861],[93.858964,27.090767],[93.86109,27.090201],[93.862291,27.090189],[93.863254,27.090553],[93.864063,27.09119],[93.864294,27.091854],[93.864296,27.091859],[93.864791,27.093014],[93.865197,27.094301],[93.865514,27.09486],[93.86572,27.095223],[93.866289,27.095833],[93.866667,27.096154],[93.867823,27.096595],[93.869024,27.096489],[93.870837,27.096187],[93.872658,27.095247],[93.874169,27.094122],[93.874652,27.092521],[93.875108,27.090971],[93.875275,27.088958],[93.875087,27.087015],[93.874943,27.085706],[93.875048,27.084752],[93.875292,27.083857],[93.875697,27.083264],[93.876064,27.082726],[93.876985,27.081511],[93.877218,27.080995],[93.877257,27.080225],[93.877611,27.079131],[93.87815,27.07828],[93.879125,27.077321],[93.880079,27.076174],[93.88042,27.075199],[93.880889,27.073953],[93.881192,27.07336],[93.881689,27.072608],[93.882259,27.072038],[93.882889,27.071533],[93.883245,27.071171],[93.883598,27.070314],[93.883999,27.069168],[93.884607,27.068117],[93.885297,27.066867],[93.885611,27.066131],[93.885771,27.065196],[93.885756,27.065062],[93.88565,27.064097],[93.885414,27.062678],[93.884803,27.060725],[93.884259,27.058876],[93.883853,27.058062],[93.883747,27.057103],[93.883767,27.056086],[93.88363,27.055083],[93.88315,27.054086],[93.882074,27.053166],[93.881004,27.052316],[93.880426,27.051562],[93.880088,27.051122],[93.879597,27.050493],[93.879553,27.050433],[93.879394,27.050218],[93.878853,27.049484],[93.878116,27.048298],[93.877665,27.047193],[93.877551,27.046643],[93.877669,27.045441],[93.877868,27.04462],[93.878529,27.043322],[93.879423,27.042228],[93.880085,27.0413],[93.880314,27.04063],[93.88029,27.040412],[93.880262,27.040162],[93.880093,27.039469],[93.879527,27.038397],[93.879378,27.037761],[93.879424,27.037242],[93.879526,27.036253],[93.879569,27.035447],[93.879604,27.034806],[93.879522,27.034306],[93.879331,27.033649],[93.878952,27.032945],[93.878537,27.032386],[93.878441,27.032258],[93.878143,27.031706],[93.877861,27.031176],[93.877726,27.030668],[93.877698,27.030175],[93.877862,27.029393],[93.878238,27.028893],[93.878599,27.028578],[93.879276,27.02827],[93.879956,27.027986],[93.880349,27.027727],[93.880696,27.027401],[93.880904,27.026898],[93.880901,27.026273],[93.88113,27.025485],[93.881555,27.025047],[93.882298,27.024498],[93.8828,27.024028],[93.883232,27.023647],[93.883514,27.023457],[93.883829,27.022985],[93.883937,27.022291],[93.883983,27.021626],[93.883986,27.020941],[93.883928,27.020296],[93.883804,27.019876],[93.883302,27.019153],[93.882578,27.018438],[93.881974,27.017984],[93.881556,27.017612],[93.881419,27.01749],[93.880925,27.017191],[93.880337,27.016995],[93.879836,27.016992],[93.879361,27.016869],[93.878987,27.016465],[93.87877,27.016048],[93.878809,27.015669],[93.878934,27.015256],[93.87956,27.014599],[93.880237,27.014043],[93.880656,27.013545],[93.880943,27.012918],[93.880902,27.01256],[93.88098,27.012187],[93.881047,27.011957],[93.881432,27.011628],[93.881731,27.011472],[93.882175,27.011092],[93.882597,27.010584],[93.88264,27.010531],[93.882998,27.010192],[93.883328,27.010061],[93.883699,27.009977],[93.884203,27.009984],[93.884504,27.009988],[93.885259,27.010028],[93.885742,27.009985],[93.886313,27.009711],[93.886618,27.009247],[93.886729,27.00834],[93.886302,27.006985],[93.885829,27.005799],[93.885651,27.004421],[93.88551,27.003029],[93.885628,27.002492],[93.885736,27.002],[93.885762,27.001495],[93.885901,27.001081],[93.886293,27.000574],[93.886836,27.000258],[93.887566,27.000193],[93.888036,27.000152],[93.888454,27.000115],[93.888909,26.999827],[93.889481,26.999162],[93.89006,26.99832],[93.890496,26.997608],[93.890955,26.996887],[93.891531,26.996139],[93.892192,26.995443],[93.892786,26.995095],[93.893149,26.994946],[93.894005,26.99468],[93.894005,26.99468],[93.894821,26.99456],[93.896259,26.994575],[93.89722,26.99469],[93.898364,26.994908],[93.899216,26.994986],[93.899919,26.994912],[93.90081,26.994573],[93.901591,26.993952],[93.901986,26.993288],[93.90221,26.992454],[93.902251,26.991888],[93.902527,26.991048],[93.902964,26.990348],[93.9034,26.989885],[93.903951,26.989505],[93.904898,26.989138],[93.90559,26.988604],[93.905751,26.988288],[93.905685,26.987691],[93.905342,26.986978],[93.904601,26.985993],[93.903854,26.984949],[93.903038,26.983752],[93.902202,26.982858],[93.901542,26.982137],[93.901137,26.981453],[93.900918,26.980779],[93.900874,26.980382],[93.900991,26.979769],[93.901226,26.97891],[93.901271,26.978104],[93.901275,26.978044],[93.901437,26.977503],[93.901819,26.976784],[93.902159,26.976281],[93.902531,26.976071],[93.903107,26.976044],[93.904212,26.976029],[93.905017,26.97604],[93.905581,26.975895],[93.906064,26.975498],[93.906337,26.97499],[93.906358,26.974587],[93.906164,26.974025],[93.905603,26.973385],[93.905326,26.973032],[93.905255,26.972507],[93.905577,26.971723],[93.906686,26.970931],[93.907371,26.970457],[93.907762,26.970085],[93.908261,26.969445],[93.908484,26.968846],[93.908637,26.967959],[93.90861,26.967596],[93.908718,26.966563],[93.908993,26.965594],[93.909106,26.965334],[93.909245,26.965016],[93.909518,26.964626],[93.910074,26.964057],[93.911079,26.963378],[93.911751,26.963166],[93.912206,26.962996],[93.912823,26.962977],[93.913496,26.962988],[93.914195,26.962997],[93.914908,26.963016],[93.915328,26.963002],[93.91561,26.96293],[93.916158,26.962645],[93.91674,26.962275],[93.916761,26.962261],[93.917377,26.961994],[93.918109,26.961799],[93.918683,26.961654],[93.919059,26.961479],[93.919515,26.961202],[93.919895,26.960826],[93.920064,26.960327],[93.920325,26.959542],[93.920649,26.958781],[93.920992,26.958183],[93.921218,26.957727],[93.92145,26.957328],[93.92182,26.956858],[93.922637,26.956148],[93.923531,26.955656],[93.924363,26.954995],[93.924801,26.954306],[93.925279,26.953508],[93.925628,26.953098],[93.92593,26.952744],[93.926856,26.952071],[93.92804,26.951222],[93.929087,26.950444],[93.930018,26.949597],[93.930282,26.949176],[93.930466,26.948884],[93.930704,26.948178],[93.930865,26.947018],[93.930782,26.945437],[93.930675,26.944113],[93.93048,26.942595],[93.930259,26.941427],[93.930213,26.941127],[93.930115,26.940484],[93.929895,26.938968],[93.92987,26.938718],[93.929676,26.938179],[93.92943,26.937622],[93.928706,26.936671],[93.927351,26.935492],[93.926037,26.934806],[93.923728,26.933649],[93.92199,26.932823],[93.919485,26.931959],[93.918176,26.931617],[93.91688,26.931094],[93.916058,26.930797],[93.914178,26.930118],[93.913576,26.929912],[93.912204,26.929375],[93.911165,26.928912],[93.91025,26.928131],[93.909101,26.927147],[93.90894,26.927044],[93.907229,26.925943],[93.906517,26.925452],[93.905762,26.924887],[93.905075,26.924393],[93.904619,26.923961],[93.904071,26.923171],[93.903342,26.922409],[93.902794,26.921738],[93.902158,26.920985],[93.901551,26.920141],[93.901177,26.919372],[93.900955,26.918435],[93.900905,26.917979],[93.900864,26.917616],[93.900946,26.917057],[93.901256,26.916167],[93.901971,26.915006],[93.902747,26.913078],[93.903337,26.91162],[93.90412,26.910004],[93.904884,26.908578],[93.906984,26.904401],[93.908472,26.900636]]]}},{"type":"Feature","properties":{"OBJECTID":5841,"state_lgd":"18","state_name":"ASSAM","district_lgd":"307","district_name":"LAKHIMPUR","district_name_source":"district_table","subdistrict_lgd":"02052","subdistrict_name":"NORTH LAKHIMPUR CIRCLE","subdistrict_type":"","name_corrupted":false,"remarks":""},"geometry":{"type":"Polygon","coordinates":[[[94.267608,27.092707],[94.267347,27.092574],[94.265497,27.09195],[94.26192,27.090219],[94.258417,27.088876],[94.25629,27.088527],[94.254435,27.08829],[94.253352,27.087581],[94.251957,27.085928],[94.250167,27.084393],[94.250008,27.084257],[94.249997,27.084241],[94.249927,27.084173],[94.246562,27.080897],[94.246308,27.080689],[94.245765,27.080244],[94.245541,27.080061],[94.245263,27.079833],[94.245225,27.079802],[94.243612,27.078479],[94.240749,27.076664],[94.238766,27.075438],[94.237385,27.074823],[94.236384,27.07407],[94.236004,27.073349],[94.235885,27.072697],[94.235771,27.072077],[94.235386,27.071048],[94.234387,27.069536],[94.231555,27.064922],[94.229903,27.061969],[94.227067,27.056836],[94.226799,27.055564],[94.226837,27.05409],[94.227258,27.052613],[94.227292,27.050759],[94.227105,27.049881],[94.226794,27.048423],[94.22679,27.046209],[94.226215,27.043839],[94.225064,27.042019],[94.223948,27.040339],[94.222988,27.039033],[94.222729,27.038237],[94.222647,27.037986],[94.222452,27.036784],[94.222839,27.036579],[94.223525,27.036577],[94.224026,27.036201],[94.224289,27.035375],[94.224338,27.035274],[94.224637,27.034656],[94.22433,27.033557],[94.223754,27.032421],[94.223102,27.031708],[94.220997,27.030851],[94.219039,27.030443],[94.218099,27.030131],[94.21626,27.029922],[94.214074,27.029614],[94.210777,27.029447],[94.207559,27.029653],[94.205912,27.029723],[94.202768,27.030035],[94.201162,27.030962],[94.199056,27.032614],[94.197715,27.033782],[94.196119,27.034877],[94.194738,27.035942],[94.19378,27.03625],[94.192632,27.036319],[94.191484,27.036388],[94.189068,27.036286],[94.187307,27.036151],[94.187187,27.035635],[94.187111,27.034362],[94.187033,27.033027],[94.187378,27.031101],[94.187457,27.030325],[94.187608,27.029056],[94.187915,27.028197],[94.188487,27.027101],[94.18895,27.026206],[94.188873,27.025621],[94.188949,27.025072],[94.189137,27.024524],[94.189175,27.023492],[94.189329,27.022977],[94.18971,27.021637],[94.189863,27.020557],[94.190439,27.018738],[94.191429,27.014822],[94.191855,27.01123],[94.191509,27.00917],[94.190969,27.008178],[94.189282,27.00574],[94.187711,27.002857],[94.18513,27.000688],[94.185128,27.000686],[94.185063,27.000632],[94.183662,27.000233],[94.18358,27.000231],[94.183498,27.000229],[94.182425,27.000206],[94.180101,27.000207],[94.176178,27.000939],[94.173854,27.001373],[94.171561,27.001726],[94.170776,27.001537],[94.169749,27.000562],[94.168904,27.0004],[94.164822,27.000266],[94.163042,27.00032],[94.159813,27.000592],[94.158132,27.000294],[94.157663,27.000052],[94.157663,27.000052],[94.157348,26.999888],[94.155053,26.997244],[94.153212,26.995512],[94.152336,26.994564],[94.150465,26.994402],[94.148651,26.99378],[94.146297,26.993266],[94.141619,26.991858],[94.138058,26.989882],[94.133893,26.988339],[94.134768,26.987012],[94.136397,26.983343],[94.137151,26.980771],[94.138318,26.977558],[94.13975,26.975759],[94.139846,26.975639],[94.139977,26.975302],[94.13834,26.973308],[94.137455,26.972344],[94.135642,26.970247],[94.134333,26.968793],[94.130934,26.969002],[94.129641,26.969138],[94.126835,26.969003],[94.125689,26.970058],[94.123818,26.970113],[94.122792,26.970437],[94.120016,26.970762],[94.118753,26.970275],[94.117999,26.970166],[94.117396,26.970518],[94.113896,26.970139],[94.110909,26.970978],[94.107502,26.97068],[94.102705,26.969921],[94.099839,26.968837],[94.096104,26.966643],[94.093208,26.964991],[94.092022,26.964566],[94.090554,26.962689],[94.086336,26.960467],[94.08347,26.959871],[94.080671,26.959956],[94.07997,26.959978],[94.079491,26.960073],[94.077534,26.960464],[94.07512,26.961303],[94.073309,26.963387],[94.071406,26.966116],[94.069864,26.971449],[94.069471,26.973209],[94.067749,26.976755],[94.066778,26.977458],[94.06667,26.977536],[94.066665,26.97754],[94.06628,26.977913],[94.066266,26.977926],[94.064857,26.979292],[94.064783,26.979363],[94.064431,26.979705],[94.063764,26.980203],[94.063729,26.980229],[94.062076,26.981464],[94.060959,26.982167],[94.060284,26.982918],[94.060204,26.983006],[94.060143,26.983006],[94.059907,26.983006],[94.059903,26.983006],[94.059239,26.982491],[94.057966,26.982005],[94.057419,26.981796],[94.05694,26.981613],[94.056224,26.981339],[94.056221,26.981338],[94.055359,26.981009],[94.055343,26.981003],[94.055242,26.980964],[94.054503,26.980651],[94.054482,26.980642],[94.053703,26.980312],[94.053687,26.980305],[94.05292,26.97998],[94.052905,26.979974],[94.052129,26.979644],[94.052102,26.979633],[94.052044,26.979608],[94.051977,26.979584],[94.051986,26.9796],[94.052129,26.979839],[94.053466,26.98243],[94.05439,26.984562],[94.054614,26.985567],[94.054954,26.986348],[94.055241,26.986704],[94.055551,26.986886],[94.056135,26.987068],[94.056883,26.986989],[94.057659,26.986919],[94.058444,26.986688],[94.058944,26.986483],[94.059431,26.986355],[94.06078,26.985592],[94.062183,26.985108],[94.063199,26.984598],[94.064207,26.984336],[94.064861,26.984277],[94.065822,26.984511],[94.066277,26.98489],[94.066307,26.985405],[94.065795,26.98624],[94.065389,26.986794],[94.064676,26.987302],[94.063704,26.987709],[94.062949,26.988097],[94.062151,26.989081],[94.061667,26.989914],[94.061612,26.990658],[94.061893,26.992186],[94.062465,26.993121],[94.063635,26.99404],[94.064763,26.995271],[94.065839,26.99653],[94.067082,26.998292],[94.068136,27.000096],[94.068657,27.000798],[94.069194,27.001909],[94.069339,27.003203],[94.068694,27.004567],[94.067809,27.005756],[94.066144,27.00662],[94.063973,27.007629],[94.061286,27.008108],[94.061338,27.00818],[94.062266,27.008525],[94.064185,27.008558],[94.066798,27.008466],[94.068691,27.008742],[94.070651,27.009343],[94.072182,27.010391],[94.072839,27.01117],[94.072957,27.012018],[94.073075,27.01307],[94.072978,27.014039],[94.072786,27.015561],[94.0728,27.016908],[94.073157,27.019083],[94.07338,27.020332],[94.0748,27.021977],[94.07736,27.023106],[94.078566,27.02267],[94.080026,27.021865],[94.081535,27.021427],[94.083627,27.022458],[94.084675,27.023863],[94.085402,27.024861],[94.086518,27.02566],[94.088126,27.026169],[94.090344,27.02646],[94.092029,27.02684],[94.093601,27.027231],[94.095265,27.027633],[94.096517,27.028011],[94.097529,27.028492],[94.098098,27.028943],[94.098299,27.029722],[94.098159,27.030716],[94.097889,27.031762],[94.097749,27.032755],[94.09763,27.033727],[94.097811,27.034539],[94.098276,27.035029],[94.099153,27.035727],[94.099779,27.036222],[94.10064,27.036983],[94.100819,27.037408],[94.100888,27.037573],[94.100972,27.038322],[94.100878,27.03951],[94.100549,27.04146],[94.100685,27.041652],[94.100906,27.041796],[94.101417,27.041873],[94.102569,27.041769],[94.103321,27.041967],[94.103737,27.04242],[94.103862,27.043329],[94.10374,27.044484],[94.103698,27.046729],[94.103783,27.047886],[94.103455,27.048426],[94.102956,27.04857],[94.102836,27.048604],[94.102134,27.048647],[94.101533,27.048374],[94.100444,27.048022],[94.099336,27.04753],[94.098594,27.0478],[94.098014,27.047914],[94.097542,27.048385],[94.097617,27.048849],[94.097712,27.049494],[94.097858,27.049908],[94.0982,27.050919],[94.098275,27.051791],[94.098352,27.052683],[94.09795,27.053578],[94.097535,27.054146],[94.096482,27.054323],[94.095468,27.054026],[94.094505,27.053376],[94.093626,27.052658],[94.093048,27.051975],[94.092422,27.05107],[94.091811,27.050308],[94.091242,27.049705],[94.090284,27.049301],[94.089462,27.049088],[94.08852,27.04903],[94.087753,27.049054],[94.087115,27.04932],[94.086447,27.049666],[94.085991,27.050279],[94.085618,27.051232],[94.08528,27.052205],[94.08535,27.052707],[94.085402,27.052968],[94.085666,27.053087],[94.086141,27.053044],[94.086839,27.052961],[94.087566,27.052733],[94.088232,27.052366],[94.088993,27.052237],[94.089971,27.052414],[94.090652,27.052982],[94.091172,27.053549],[94.091516,27.054376],[94.091837,27.055205],[94.091817,27.056045],[94.091838,27.057045],[94.091247,27.058056],[94.090863,27.058295],[94.090535,27.05842],[94.090229,27.058536],[94.089551,27.058597],[94.088848,27.05864],[94.088381,27.058539],[94.087832,27.058322],[94.087543,27.058185],[94.087064,27.057778],[94.086539,27.057376],[94.085647,27.056741],[94.084481,27.056252],[94.083304,27.055929],[94.081601,27.055591],[94.080029,27.055201],[94.078942,27.055278],[94.078111,27.055598],[94.077358,27.056167],[94.077185,27.056703],[94.077344,27.057506],[94.077473,27.058455],[94.077498,27.059291],[94.077527,27.059962],[94.07774,27.060434],[94.078413,27.060945],[94.08028,27.061893],[94.081041,27.062376],[94.081535,27.062963],[94.081525,27.063436],[94.081329,27.063924],[94.080807,27.064767],[94.080346,27.065136],[94.079876,27.065219],[94.078991,27.065257],[94.078982,27.065256],[94.077837,27.065136],[94.076648,27.06512],[94.075374,27.065357],[94.074642,27.06575],[94.074193,27.066219],[94.074177,27.066691],[94.074141,27.067342],[94.074358,27.068058],[94.074724,27.068679],[94.075011,27.069614],[94.074937,27.069968],[94.074496,27.070314],[94.073674,27.070715],[94.072497,27.071449],[94.072204,27.072461],[94.071657,27.073286],[94.071023,27.073936],[94.07074,27.074021],[94.070198,27.074273],[94.069409,27.074365],[94.06884,27.07417],[94.068185,27.07382],[94.066926,27.072769],[94.066115,27.072453],[94.065514,27.072384],[94.064915,27.07254],[94.064434,27.073135],[94.064348,27.073797],[94.064475,27.074853],[94.064475,27.074853],[94.064889,27.075567],[94.065368,27.076178],[94.065838,27.076912],[94.06591,27.077347],[94.06609,27.078352],[94.066174,27.079101],[94.066018,27.079952],[94.066016,27.079959],[94.065817,27.0804],[94.065443,27.080719],[94.065434,27.080723],[94.064988,27.080944],[94.064559,27.080982],[94.063818,27.080885],[94.062761,27.080203],[94.061699,27.080297],[94.060438,27.080631],[94.059638,27.081055],[94.059347,27.081306],[94.058886,27.08147],[94.058435,27.081426],[94.057847,27.081479],[94.056056,27.082353],[94.055397,27.083252],[94.055145,27.083597],[94.054522,27.084392],[94.054531,27.084677],[94.054237,27.085112],[94.053901,27.085367],[94.053419,27.085553],[94.052396,27.085788],[94.052042,27.08681],[94.051608,27.089008],[94.052064,27.090978],[94.052574,27.091668],[94.052651,27.092356],[94.052317,27.092836],[94.051422,27.093611],[94.050335,27.094629],[94.050266,27.095691],[94.050456,27.096164],[94.051159,27.096735],[94.05167,27.096853],[94.052863,27.097129],[94.054149,27.097198],[94.055636,27.097228],[94.05647,27.097542],[94.056973,27.098375],[94.057087,27.098978],[94.05706,27.099757],[94.056818,27.100453],[94.056008,27.101337],[94.055694,27.10281],[94.055359,27.103527],[94.054871,27.104574],[94.055215,27.10741],[94.056978,27.10991],[94.057818,27.110178],[94.058503,27.110178],[94.059011,27.110234],[94.05909,27.110534],[94.059206,27.111154],[94.059187,27.111506],[94.059176,27.111708],[94.05891,27.11259],[94.058659,27.11341],[94.058713,27.113895],[94.059154,27.114366],[94.060245,27.115366],[94.060727,27.116201],[94.060801,27.116869],[94.060763,27.117751],[94.060831,27.119523],[94.060906,27.12019],[94.061197,27.120582],[94.061629,27.121846],[94.061656,27.121924],[94.062601,27.123573],[94.063297,27.125114],[94.063476,27.126712],[94.063593,27.127764],[94.063829,27.128678],[94.064805,27.129821],[94.065782,27.130626],[94.066327,27.131415],[94.066677,27.132303],[94.066395,27.132635],[94.065626,27.132704],[94.064822,27.132449],[94.063779,27.132613],[94.061434,27.133764],[94.060899,27.136031],[94.060847,27.136253],[94.061276,27.138983],[94.062977,27.141053],[94.064044,27.142224],[94.064268,27.143001],[94.064081,27.143601],[94.063878,27.144232],[94.063333,27.144874],[94.063103,27.145097],[94.062427,27.145752],[94.061169,27.147102],[94.060534,27.148225],[94.060464,27.14835],[94.060436,27.148938],[94.060423,27.149212],[94.060474,27.149488],[94.060896,27.150502],[94.061699,27.151593],[94.062387,27.152297],[94.06339,27.153578],[94.065876,27.155205],[94.066747,27.156218],[94.067321,27.158027],[94.067595,27.159851],[94.06762,27.160891],[94.067465,27.161265],[94.067188,27.161931],[94.06597,27.163287],[94.06491,27.164015],[94.063619,27.164519],[94.062251,27.165152],[94.060721,27.165963],[94.059912,27.166894],[94.059668,27.16757],[94.059708,27.168138],[94.059924,27.168652],[94.059924,27.168653],[94.060683,27.169105],[94.061852,27.169143],[94.065071,27.168937],[94.067079,27.169125],[94.067825,27.169671],[94.067954,27.170415],[94.067749,27.171026],[94.067455,27.171461],[94.066951,27.172058],[94.065407,27.172952],[94.063926,27.174004],[94.06362,27.174313],[94.062879,27.175058],[94.062552,27.175803],[94.06261,27.176329],[94.062809,27.176679],[94.0638,27.177588],[94.064881,27.178676],[94.065634,27.179896],[94.065818,27.180912],[94.065682,27.181945],[94.065483,27.183025],[94.064957,27.184033],[94.064843,27.18425],[94.064186,27.185512],[94.063998,27.186285],[94.06408,27.186825],[94.064993,27.188229],[94.066084,27.189807],[94.066667,27.191553],[94.066828,27.192989],[94.067066,27.194296],[94.067242,27.19521],[94.067378,27.196424],[94.067358,27.197166],[94.067351,27.197407],[94.067079,27.197999],[94.067057,27.198046],[94.065483,27.198678],[94.063963,27.199185],[94.062973,27.199515],[94.061057,27.200294],[94.060224,27.201022],[94.059885,27.202074],[94.059537,27.203862],[94.05914,27.206022],[94.059053,27.206416],[94.058837,27.207398],[94.0581,27.208976],[94.057154,27.210942],[94.056974,27.211237],[94.05598,27.21287],[94.054318,27.215555],[94.054239,27.215682],[94.053402,27.217549],[94.05262,27.21954],[94.052595,27.220599],[94.052557,27.222242],[94.052869,27.224217],[94.053403,27.225722],[94.054113,27.226761],[94.054765,27.227275],[94.055697,27.227437],[94.056696,27.227388],[94.059139,27.22717],[94.060456,27.227093],[94.061664,27.227271],[94.062338,27.227578],[94.062413,27.227765],[94.062655,27.228367],[94.062768,27.229379],[94.062849,27.230107],[94.062795,27.230847],[94.062162,27.231721],[94.060679,27.23266],[94.059503,27.233174],[94.058566,27.23338],[94.056738,27.233789],[94.054938,27.234032],[94.053811,27.234173],[94.052156,27.234893],[94.051115,27.235804],[94.050234,27.236954],[94.050106,27.238583],[94.049853,27.240404],[94.049966,27.241415],[94.050152,27.242665],[94.050219,27.244895],[94.050537,27.247363],[94.050567,27.247601],[94.050871,27.248269],[94.051047,27.249847],[94.051269,27.251829],[94.051428,27.253245],[94.051464,27.253572],[94.051609,27.254863],[94.051697,27.257248],[94.051072,27.25902],[94.050547,27.260047],[94.049072,27.260751],[94.047579,27.260885],[94.046493,27.260982],[94.045706,27.260889],[94.044307,27.260237],[94.042696,27.259727],[94.041543,27.259626],[94.040371,27.26018],[94.039366,27.261823],[94.039556,27.263113],[94.040022,27.264011],[94.041705,27.265577],[94.04304,27.267297],[94.043991,27.269255],[94.044033,27.269611],[94.044112,27.270287],[94.04408,27.27062],[94.043963,27.271812],[94.043574,27.272827],[94.042632,27.27361],[94.042528,27.273697],[94.042524,27.274474],[94.042148,27.275202],[94.042239,27.276011],[94.042345,27.276212],[94.042587,27.276674],[94.042326,27.278928],[94.042372,27.280698],[94.042383,27.281154],[94.0424,27.2818],[94.043396,27.285684],[94.046689,27.288231],[94.046885,27.288383],[94.047086,27.288526],[94.04865,27.289637],[94.049917,27.291567],[94.049632,27.293104],[94.048333,27.295386],[94.046636,27.296968],[94.04526,27.297744],[94.043875,27.298031],[94.042209,27.297853],[94.040214,27.297488],[94.037331,27.297453],[94.036272,27.29744],[94.034141,27.297425],[94.031674,27.29785],[94.030332,27.298031],[94.029017,27.298209],[94.02607,27.298431],[94.023037,27.298702],[94.020668,27.299249],[94.019257,27.299652],[94.016903,27.301496],[94.015527,27.303089],[94.014495,27.303672],[94.011717,27.30404],[94.006574,27.305887],[94.003002,27.307472],[93.999887,27.308239],[93.997438,27.309234],[93.996007,27.310342],[93.99439,27.312242],[93.991969,27.314965],[93.991668,27.315303],[93.990876,27.316342],[93.990481,27.318542],[93.989104,27.320544],[93.987048,27.322606],[93.986659,27.322708],[93.986008,27.322826],[93.98625,27.323123],[93.986485,27.323132],[93.986508,27.323133],[93.987613,27.323173],[93.987956,27.32329],[93.989319,27.324233],[93.990709,27.325152],[93.991047,27.325376],[93.991741,27.325835],[93.992447,27.32634],[93.993269,27.327046],[93.99337,27.327133],[93.994782,27.328346],[93.996329,27.330084],[93.996595,27.330321],[93.999191,27.331962],[94.0,27.332474],[94.001221,27.333245],[94.001315,27.333307],[94.002991,27.334365],[94.00464,27.33523],[94.004848,27.335339],[94.005457,27.335659],[94.00661,27.336263],[94.007694,27.336795],[94.008989,27.33743],[94.010182,27.338051],[94.011426,27.338699],[94.012746,27.339495],[94.014032,27.340271],[94.015199,27.341055],[94.016525,27.341945],[94.019231,27.343483],[94.020095,27.343974],[94.021454,27.345039],[94.021737,27.345799],[94.021963,27.346407],[94.022587,27.346205],[94.023324,27.346003],[94.024231,27.346206],[94.025082,27.3457],[94.02565,27.345042],[94.026312,27.345014],[94.026746,27.345108],[94.026935,27.345149],[94.027237,27.345419],[94.027123,27.34596],[94.027274,27.346584],[94.027463,27.346888],[94.027689,27.347041],[94.028162,27.347092],[94.028635,27.346754],[94.028994,27.346383],[94.029353,27.346029],[94.029675,27.345759],[94.03011,27.345861],[94.030034,27.346299],[94.029844,27.346924],[94.030013,27.347599],[94.030174,27.347994],[94.03024,27.348157],[94.030587,27.348445],[94.030769,27.348596],[94.031184,27.348816],[94.031883,27.34885],[94.032216,27.348815],[94.032356,27.3488],[94.03243,27.348784],[94.032753,27.348716],[94.033414,27.348598],[94.033906,27.348699],[94.034926,27.349443],[94.036067,27.350374],[94.036644,27.350845],[94.037363,27.351096],[94.038516,27.351434],[94.038721,27.351442],[94.039423,27.351469],[94.040405,27.351706],[94.042124,27.352888],[94.044483,27.354314],[94.044977,27.354612],[94.046286,27.355601],[94.047527,27.356538],[94.049238,27.357576],[94.049889,27.357971],[94.051552,27.359104],[94.052723,27.359847],[94.053076,27.360056],[94.053076,27.360056],[94.053088,27.360063],[94.053093,27.360066],[94.053093,27.360066],[94.0533,27.359896],[94.053536,27.359771],[94.053859,27.359594],[94.054329,27.359338],[94.054761,27.358742],[94.054931,27.357662],[94.054943,27.357584],[94.054792,27.355955],[94.054869,27.354417],[94.055036,27.352842],[94.055989,27.351337],[94.056397,27.351078],[94.056465,27.350116],[94.056906,27.349325],[94.057483,27.348076],[94.057687,27.347111],[94.057684,27.346248],[94.057832,27.345622],[94.058489,27.344812],[94.059165,27.344445],[94.059529,27.344635],[94.061242,27.345457],[94.062745,27.345796],[94.063514,27.345421],[94.06418,27.344501],[94.064781,27.343637],[94.065173,27.343075],[94.066374,27.342104],[94.067145,27.341757],[94.068247,27.341853],[94.069784,27.342496],[94.071238,27.34295],[94.072701,27.342652],[94.073692,27.342035],[94.073719,27.342004],[94.07445,27.340463],[94.075162,27.338515],[94.075514,27.337203],[94.075366,27.336158],[94.075449,27.335232],[94.075853,27.334666],[94.076445,27.33439],[94.077167,27.334159],[94.07793,27.334285],[94.078461,27.334851],[94.078791,27.335573],[94.078995,27.336557],[94.079511,27.337263],[94.07963,27.337331],[94.079977,27.337528],[94.08023,27.337561],[94.080714,27.337155],[94.081094,27.336648],[94.081476,27.335333],[94.081482,27.333995],[94.080639,27.332595],[94.081166,27.331338],[94.081623,27.330251],[94.083025,27.328904],[94.083704,27.328287],[94.084284,27.327622],[94.084923,27.326646],[94.08655,27.324283],[94.08717,27.323699],[94.088481,27.322328],[94.089447,27.320933],[94.090397,27.319399],[94.090754,27.317864],[94.091485,27.316601],[94.092135,27.315456],[94.093369,27.314],[94.093519,27.313824],[94.094293,27.313076],[94.095511,27.31227],[94.096816,27.311123],[94.098217,27.309995],[94.099605,27.309313],[94.1014,27.308651],[94.101917,27.308345],[94.101937,27.308333],[94.102452,27.308028],[94.103945,27.306334],[94.104831,27.305078],[94.105665,27.303896],[94.106799,27.302136],[94.107486,27.300765],[94.108035,27.299546],[94.108293,27.297963],[94.108178,27.296386],[94.107909,27.295834],[94.107814,27.295639],[94.107767,27.294947],[94.108801,27.294221],[94.1091,27.294125],[94.110004,27.293835],[94.110599,27.293586],[94.111294,27.293663],[94.111725,27.293346],[94.111734,27.292872],[94.11182,27.291973],[94.112634,27.290897],[94.113387,27.290663],[94.115692,27.290733],[94.117083,27.290636],[94.117762,27.290297],[94.118521,27.290674],[94.119061,27.290765],[94.120254,27.290574],[94.121161,27.290571],[94.121161,27.290571],[94.122303,27.289945],[94.122855,27.289589],[94.123299,27.28966],[94.123922,27.289938],[94.124468,27.290084],[94.124711,27.289791],[94.124905,27.2893],[94.125077,27.288616],[94.125638,27.288064],[94.12598,27.287226],[94.125871,27.285983],[94.126102,27.285265],[94.127061,27.28465],[94.127897,27.283799],[94.127898,27.283798],[94.128331,27.282954],[94.128,27.281953],[94.127847,27.281675],[94.127758,27.281515],[94.127531,27.281104],[94.127169,27.280384],[94.127113,27.279888],[94.127418,27.279276],[94.127504,27.278655],[94.127001,27.277781],[94.126936,27.277202],[94.126914,27.276452],[94.127117,27.275766],[94.126617,27.274919],[94.125993,27.273806],[94.125866,27.273232],[94.12597,27.272777],[94.126744,27.272179],[94.128097,27.271645],[94.129159,27.270931],[94.129784,27.270123],[94.129577,27.269111],[94.129731,27.268818],[94.130064,27.268454],[94.130162,27.268223],[94.130141,27.267751],[94.12964,27.267183],[94.129492,27.266695],[94.129711,27.266147],[94.130097,27.265424],[94.129979,27.264933],[94.129276,27.264495],[94.128959,27.264359],[94.127933,27.263919],[94.127442,27.263156],[94.12709,27.26224],[94.127031,27.261438],[94.126562,27.260589],[94.126512,27.259869],[94.126811,27.259202],[94.127252,27.258967],[94.127899,27.258909],[94.128096,27.258822],[94.128374,27.258699],[94.128784,27.258189],[94.129089,27.258134],[94.129521,27.258652],[94.130163,27.259095],[94.131027,27.259575],[94.132286,27.259963],[94.133541,27.260045],[94.134091,27.260603],[94.135082,27.261378],[94.13512,27.261403],[94.136397,27.262262],[94.137208,27.26283],[94.137705,27.26337],[94.13898,27.264174],[94.14042,27.26424],[94.14183,27.264308],[94.143272,27.264902],[94.144734,27.264715],[94.146339,27.264849],[94.147542,27.265019],[94.148442,27.264994],[94.150108,27.264844],[94.151083,27.265202],[94.152237,27.265767],[94.15324,27.266094],[94.154307,27.265887],[94.155114,27.265313],[94.155912,27.264377],[94.156983,27.263373],[94.157592,27.262416],[94.157728,27.261495],[94.157887,27.260423],[94.158402,27.259736],[94.158762,27.259063],[94.158505,27.258445],[94.158292,27.257935],[94.158276,27.25724],[94.158784,27.256498],[94.158885,27.25518],[94.158603,27.253785],[94.15792,27.252983],[94.157889,27.25215],[94.157941,27.252062],[94.158465,27.251736],[94.159162,27.25184],[94.159499,27.252061],[94.16024,27.252338],[94.160279,27.252353],[94.16097,27.252402],[94.161843,27.252691],[94.162556,27.252927],[94.163709,27.252935],[94.167586,27.253337],[94.170165,27.253829],[94.172587,27.254174],[94.17292,27.254221],[94.176492,27.254846],[94.178432,27.254922],[94.180323,27.255113],[94.181044,27.254603],[94.18183,27.253557],[94.182571,27.253363],[94.183213,27.252569],[94.184289,27.252165],[94.185455,27.252004],[94.186396,27.251288],[94.18737,27.250253],[94.188523,27.249982],[94.189809,27.250061],[94.190533,27.249299],[94.190954,27.248342],[94.190937,27.24709],[94.190914,27.245783],[94.190303,27.245337],[94.189692,27.245169],[94.189054,27.245589],[94.188734,27.246063],[94.187828,27.246312],[94.187423,27.246042],[94.187222,27.245364],[94.187286,27.244551],[94.187524,27.244375],[94.18789,27.244106],[94.188229,27.244075],[94.188609,27.244125],[94.189445,27.244356],[94.189892,27.244454],[94.190255,27.244087],[94.190246,27.243726],[94.190149,27.24315],[94.190223,27.242698],[94.190941,27.242159],[94.192223,27.241411],[94.193715,27.24083],[94.194361,27.240215],[94.194496,27.239478],[94.194165,27.238478],[94.193742,27.237764],[94.193618,27.237218],[94.193781,27.23673],[94.193934,27.236437],[94.194338,27.235872],[94.194392,27.234975],[94.194722,27.234583],[94.194959,27.234757],[94.195197,27.23493],[94.195564,27.235426],[94.19571,27.236165],[94.196198,27.236623],[94.196886,27.236644],[94.197619,27.236244],[94.198235,27.235352],[94.198842,27.234935],[94.19961,27.235117],[94.200261,27.235364],[94.200816,27.235314],[94.201401,27.234983],[94.202188,27.235051],[94.203529,27.234512],[94.204169,27.233659],[94.204175,27.233651],[94.204939,27.233247],[94.206132,27.232777],[94.207079,27.233165],[94.208091,27.233575],[94.208942,27.233387],[94.209496,27.23278],[94.209744,27.231392],[94.210082,27.230526],[94.210886,27.230203],[94.211402,27.230351],[94.212101,27.231091],[94.212314,27.23128],[94.212586,27.231521],[94.213406,27.231614],[94.213699,27.232005],[94.21411,27.232608],[94.213985,27.233428],[94.213773,27.23431],[94.213858,27.235055],[94.214216,27.235189],[94.214509,27.235302],[94.215156,27.234965],[94.216412,27.233681],[94.216936,27.233077],[94.217518,27.232996],[94.217591,27.233061],[94.217969,27.233401],[94.218331,27.234399],[94.218783,27.235361],[94.219549,27.236629],[94.221015,27.236914],[94.222292,27.237521],[94.224325,27.237588],[94.226392,27.238515],[94.228473,27.239831],[94.229708,27.241112],[94.231577,27.243032],[94.232952,27.244996],[94.234262,27.246737],[94.234821,27.24755],[94.236093,27.248326],[94.236877,27.248645],[94.238237,27.248828],[94.239553,27.248208],[94.242394,27.247855],[94.242628,27.247862],[94.24413,27.247904],[94.246693,27.246335],[94.250259,27.247014],[94.254208,27.24777],[94.257156,27.247392],[94.25845,27.246717],[94.258929,27.244365],[94.257591,27.241543],[94.258177,27.237924],[94.258457,27.236005],[94.258752,27.235567],[94.261441,27.231579],[94.263329,27.227727],[94.264467,27.225406],[94.264467,27.220363],[94.268513,27.214956],[94.277121,27.212179],[94.277222,27.211509],[94.277598,27.209579],[94.277902,27.208273],[94.278407,27.206011],[94.278919,27.203605],[94.279253,27.199427],[94.279421,27.197345],[94.279424,27.196731],[94.27943,27.195747],[94.278923,27.192542],[94.278588,27.190229],[94.278058,27.187454],[94.277838,27.184896],[94.277411,27.182187],[94.276723,27.179145],[94.276262,27.177717],[94.275147,27.17521],[94.273405,27.172489],[94.273266,27.17227],[94.272327,27.170928],[94.271585,27.169632],[94.271205,27.168389],[94.270673,27.167052],[94.27006,27.165998],[94.268525,27.164463],[94.267533,27.163701],[94.265421,27.162295],[94.263515,27.160539],[94.262477,27.159994],[94.261304,27.159099],[94.260612,27.158246],[94.259764,27.157503],[94.259687,27.157435],[94.258823,27.156746],[94.258054,27.156262],[94.25777,27.155862],[94.257675,27.155231],[94.25787,27.154639],[94.258373,27.153826],[94.25932,27.153241],[94.259911,27.152782],[94.261741,27.152126],[94.262865,27.151747],[94.263642,27.15125],[94.264103,27.150697],[94.264417,27.149902],[94.264807,27.149142],[94.265098,27.148562],[94.265116,27.147878],[94.265013,27.146971],[94.26452,27.144513],[94.264484,27.144197],[94.264004,27.141854],[94.263707,27.140283],[94.26352,27.139682],[94.263368,27.139185],[94.262696,27.138713],[94.262059,27.138558],[94.261506,27.138651],[94.261014,27.138717],[94.260524,27.138804],[94.259965,27.138919],[94.259455,27.139242],[94.258654,27.139528],[94.257907,27.13966],[94.257652,27.139654],[94.257525,27.139652],[94.257478,27.139443],[94.257588,27.139156],[94.257861,27.138833],[94.258541,27.138324],[94.259046,27.137989],[94.259956,27.13699],[94.260017,27.136899],[94.260534,27.136],[94.260495,27.13545],[94.260402,27.134627],[94.260264,27.134043],[94.259605,27.133059],[94.258866,27.131997],[94.258032,27.130943],[94.257689,27.130229],[94.257686,27.129938],[94.258132,27.128681],[94.25849,27.127434],[94.258866,27.126548],[94.259249,27.125095],[94.259248,27.124882],[94.259191,27.124163],[94.258997,27.123712],[94.258786,27.123326],[94.258194,27.122933],[94.257176,27.122556],[94.256756,27.122424],[94.256261,27.122469],[94.255769,27.122684],[94.255082,27.12313],[94.25438,27.123662],[94.253747,27.123741],[94.253476,27.123659],[94.253308,27.12344],[94.25318,27.123154],[94.253109,27.122734],[94.253082,27.122494],[94.253044,27.122165],[94.25288,27.121349],[94.252436,27.120579],[94.251866,27.119544],[94.251206,27.118965],[94.250449,27.118586],[94.249767,27.118244],[94.249103,27.118261],[94.248328,27.118353],[94.247612,27.118546],[94.247798,27.117628],[94.247841,27.117417],[94.249492,27.117075],[94.250599,27.116975],[94.251664,27.116921],[94.252964,27.116929],[94.254081,27.117126],[94.255527,27.117698],[94.257095,27.118301],[94.258104,27.119019],[94.259656,27.119901],[94.261104,27.120707],[94.26224,27.121541],[94.263369,27.121631],[94.264643,27.12111],[94.265591,27.120449],[94.266807,27.119422],[94.267186,27.118983],[94.267385,27.118432],[94.267468,27.117487],[94.267431,27.116319],[94.266588,27.11372],[94.265879,27.112293],[94.264722,27.110907],[94.263063,27.109639],[94.261492,27.108802],[94.259319,27.108105],[94.257857,27.107598],[94.257488,27.107351],[94.257239,27.107186],[94.257135,27.106897],[94.257102,27.106601],[94.257332,27.106112],[94.257936,27.105567],[94.258821,27.104975],[94.261135,27.103977],[94.26221,27.103671],[94.264979,27.102908],[94.26614,27.102653],[94.267282,27.10223],[94.267952,27.101636],[94.268527,27.100625],[94.26871,27.099713],[94.268708,27.099074],[94.268658,27.098631],[94.268314,27.097491],[94.268125,27.096242],[94.267599,27.092776],[94.267608,27.092707]]]}},{"type":"Feature","properties":{"OBJECTID":5852,"state_lgd":"18","state_name":"ASSAM","district_lgd":"307","district_name":"LAKHIMPUR","district_name_source":"district_table","subdistrict_lgd":"02054","subdistrict_name":"SUBANSIRI CIRCLE","subdistrict_type":"","name_corrupted":false,"remarks":""},"geometry":{"type":"Polygon","coordinates":[[[94.391185,27.345636],[94.391179,27.345626],[94.391036,27.345095],[94.391026,27.345064],[94.391021,27.345047],[94.391017,27.345035],[94.391008,27.345009],[94.390716,27.344106],[94.390716,27.343334],[94.390783,27.342661],[94.391216,27.342119],[94.392075,27.341253],[94.39272,27.340678],[94.3934,27.340518],[94.394049,27.340678],[94.394514,27.341125],[94.394623,27.341702],[94.394548,27.342632],[94.394369,27.343686],[94.394798,27.344006],[94.395697,27.344358],[94.397092,27.344326],[94.398099,27.344488],[94.399351,27.343911],[94.399675,27.34356],[94.400642,27.342919],[94.401755,27.342628],[94.402647,27.341955],[94.403149,27.341345],[94.403635,27.341006],[94.404196,27.340613],[94.404949,27.340163],[94.406239,27.339459],[94.406306,27.339201],[94.406094,27.338788],[94.404694,27.337954],[94.403764,27.336799],[94.403367,27.335774],[94.403297,27.334592],[94.403514,27.333353],[94.403763,27.332683],[94.404552,27.331912],[94.405376,27.331146],[94.40602,27.330918],[94.406807,27.330856],[94.407168,27.331367],[94.407026,27.332167],[94.406416,27.33345],[94.406238,27.334188],[94.406666,27.334892],[94.408136,27.335626],[94.410289,27.336783],[94.411077,27.337614],[94.411538,27.338071],[94.411674,27.338208],[94.412603,27.338547],[94.413531,27.338207],[94.414037,27.337755],[94.414037,27.336736],[94.414037,27.335303],[94.414332,27.333908],[94.414964,27.333304],[94.415597,27.333191],[94.416315,27.333191],[94.417201,27.333206],[94.417376,27.333245],[94.417652,27.333554],[94.417782,27.334016],[94.417795,27.334443],[94.417692,27.335217],[94.41755,27.335795],[94.417718,27.336141],[94.418067,27.336326],[94.418481,27.33658],[94.418533,27.336695],[94.418455,27.336915],[94.418559,27.337123],[94.418909,27.337275],[94.419219,27.337378],[94.419374,27.337344],[94.419607,27.336882],[94.419839,27.336396],[94.420124,27.336246],[94.420654,27.336211],[94.421145,27.336338],[94.421623,27.336812],[94.422193,27.337401],[94.422684,27.337724],[94.423382,27.337955],[94.423938,27.338197],[94.424443,27.338359],[94.424701,27.338278],[94.424856,27.338093],[94.425334,27.337873],[94.425632,27.337908],[94.426007,27.338092],[94.426459,27.338127],[94.426718,27.337977],[94.42695,27.337734],[94.427015,27.337387],[94.426885,27.337029],[94.426316,27.336406],[94.425799,27.335632],[94.425669,27.335113],[94.425682,27.334731],[94.425876,27.334396],[94.426199,27.334061],[94.426677,27.333923],[94.427104,27.333761],[94.427233,27.333588],[94.427246,27.333368],[94.427103,27.333089],[94.426831,27.332096],[94.426675,27.331496],[94.426727,27.331022],[94.42683,27.330918],[94.427089,27.330964],[94.427464,27.331253],[94.427994,27.331518],[94.428576,27.331657],[94.428964,27.331564],[94.429106,27.331403],[94.429093,27.330929],[94.428963,27.330386],[94.428666,27.33004],[94.428265,27.329982],[94.427825,27.330005],[94.427192,27.330156],[94.426416,27.33026],[94.426171,27.330145],[94.426054,27.329995],[94.426093,27.329775],[94.426326,27.329544],[94.427271,27.329028],[94.428819,27.32873],[94.428819,27.32873],[94.428924,27.3287],[94.429672,27.328259],[94.43001,27.327845],[94.429981,27.32715],[94.429838,27.326619],[94.429592,27.326436],[94.428827,27.325864],[94.428408,27.3253],[94.428377,27.325041],[94.428313,27.324456],[94.428512,27.323903],[94.429012,27.323496],[94.430111,27.323134],[94.430761,27.322776],[94.431333,27.322102],[94.431645,27.321664],[94.43162,27.321162],[94.431129,27.320783],[94.430167,27.320207],[94.429749,27.319744],[94.429705,27.319226],[94.429843,27.318271],[94.430415,27.317664],[94.431029,27.31739],[94.431495,27.317541],[94.431931,27.317972],[94.432673,27.318934],[94.433182,27.31923],[94.433986,27.319205],[94.434734,27.31913],[94.435369,27.318883],[94.435385,27.318877],[94.435392,27.318874],[94.435412,27.318867],[94.435443,27.318855],[94.435669,27.31876],[94.435695,27.318759],[94.4357,27.318759],[94.435719,27.318758],[94.435732,27.318758],[94.437083,27.318714],[94.437712,27.318134],[94.438534,27.317223],[94.439072,27.316996],[94.440365,27.316933],[94.441507,27.316962],[94.44215,27.31664],[94.442259,27.315713],[94.442008,27.314267],[94.441076,27.312923],[94.440517,27.311918],[94.439941,27.311116],[94.439084,27.310123],[94.436571,27.308775],[94.435824,27.307502],[94.43495,27.305772],[94.433902,27.304159],[94.433902,27.304159],[94.433662,27.303058],[94.433619,27.302358],[94.434033,27.301716],[94.434493,27.301348],[94.43654,27.299709],[94.438254,27.297983],[94.438489,27.297425],[94.438329,27.297004],[94.438112,27.296755],[94.437796,27.296617],[94.435817,27.296363],[94.435393,27.295932],[94.43531,27.295538],[94.43495,27.294364],[94.434584,27.293794],[94.433978,27.293414],[94.433324,27.293273],[94.432032,27.293123],[94.430558,27.293517],[94.429872,27.293601],[94.42958,27.293564],[94.429339,27.29335],[94.429188,27.29287],[94.429221,27.29128],[94.429261,27.290025],[94.429273,27.289644],[94.429295,27.288791],[94.429515,27.28757],[94.42982,27.286741],[94.430259,27.28549],[94.430199,27.285173],[94.429859,27.284926],[94.429516,27.284871],[94.429181,27.28488],[94.427658,27.285407],[94.427114,27.285478],[94.426484,27.285428],[94.42535,27.284953],[94.424286,27.284816],[94.422621,27.284947],[94.421115,27.284999],[94.420049,27.285118],[94.419449,27.284916],[94.419202,27.284785],[94.418964,27.28466],[94.418742,27.284402],[94.418734,27.283909],[94.419989,27.282721],[94.422454,27.280993],[94.424122,27.279666],[94.425028,27.278575],[94.425685,27.277399],[94.426296,27.27604],[94.426282,27.275505],[94.42602,27.2751],[94.4255,27.274547],[94.424522,27.273757],[94.422851,27.27258],[94.42158,27.271715],[94.42158,27.271715],[94.419734,27.270897],[94.418302,27.270264],[94.41734,27.269622],[94.416159,27.268529],[94.415051,27.267236],[94.414571,27.266578],[94.413515,27.265926],[94.413412,27.265902],[94.412775,27.265757],[94.410383,27.265398],[94.409246,27.265116],[94.408398,27.264829],[94.407839,27.264558],[94.407569,27.264281],[94.407322,27.264026],[94.407142,27.263506],[94.407246,27.262945],[94.407589,27.262592],[94.40956,27.261789],[94.410846,27.261285],[94.411076,27.260985],[94.411134,27.260658],[94.410571,27.259101],[94.410571,27.259099],[94.410515,27.25819],[94.410537,27.257544],[94.410471,27.257185],[94.410283,27.257009],[94.409003,27.256311],[94.40755,27.255565],[94.407378,27.255398],[94.407253,27.255276],[94.407224,27.255021],[94.407359,27.25473],[94.407645,27.25451],[94.407923,27.254421],[94.408692,27.254436],[94.410334,27.254736],[94.411368,27.254963],[94.41195,27.255017],[94.412919,27.254885],[94.41438,27.254236],[94.414998,27.253772],[94.415551,27.253018],[94.415829,27.251469],[94.416224,27.250103],[94.416401,27.249765],[94.416766,27.249602],[94.417203,27.249648],[94.417693,27.249946],[94.41922,27.251544],[94.42091,27.253513],[94.421453,27.253849],[94.422081,27.253684],[94.422408,27.253397],[94.423223,27.251713],[94.423834,27.250348],[94.423855,27.249703],[94.423896,27.249012],[94.423397,27.248007],[94.423393,27.248003],[94.422296,27.24661],[94.421009,27.245226],[94.419705,27.244277],[94.419104,27.244054],[94.417405,27.243888],[94.416527,27.243968],[94.415989,27.244297],[94.412727,27.246398],[94.411352,27.247168],[94.410455,27.247507],[94.409394,27.247669],[94.408361,27.247442],[94.407057,27.246532],[94.405626,27.244517],[94.404709,27.243171],[94.404679,27.242702],[94.404796,27.242262],[94.405047,27.241949],[94.405279,27.24166],[94.406925,27.240736],[94.40761,27.239816],[94.408069,27.238401],[94.408215,27.237787],[94.408093,27.23694],[94.407849,27.236276],[94.407418,27.23565],[94.406732,27.235113],[94.406321,27.234852],[94.406318,27.23485],[94.403643,27.234538],[94.402479,27.234388],[94.401207,27.233754],[94.400547,27.233643],[94.39973,27.233632],[94.398738,27.233766],[94.39619,27.234772],[94.395072,27.234961],[94.392544,27.235085],[94.391846,27.235278],[94.391068,27.235606],[94.390438,27.236179],[94.3901,27.236789],[94.390239,27.238836],[94.390437,27.239934],[94.390385,27.240324],[94.390194,27.240535],[94.389885,27.240563],[94.389472,27.240515],[94.387841,27.239892],[94.386411,27.238929],[94.385568,27.238062],[94.385331,27.237247],[94.385329,27.237214],[94.385298,27.236542],[94.385699,27.235433],[94.387682,27.233063],[94.389708,27.231295],[94.39243,27.228906],[94.39499,27.227384],[94.395551,27.22684],[94.395551,27.22684],[94.395919,27.225658],[94.395938,27.224776],[94.395938,27.224776],[94.395533,27.223547],[94.394258,27.221626],[94.393185,27.220419],[94.392229,27.21982],[94.390572,27.218964],[94.389922,27.218744],[94.389184,27.218576],[94.388809,27.218653],[94.388069,27.218893],[94.387596,27.21958],[94.385987,27.223331],[94.384942,27.225242],[94.384163,27.226193],[94.383548,27.226893],[94.382856,27.227343],[94.382016,27.227548],[94.380928,27.227476],[94.379744,27.226984],[94.378615,27.226336],[94.378157,27.225835],[94.377874,27.225524],[94.377447,27.224727],[94.377037,27.2228],[94.377064,27.221569],[94.377092,27.22035],[94.376905,27.218092],[94.376491,27.216958],[94.376029,27.216485],[94.375349,27.21599],[94.374519,27.215658],[94.373284,27.215342],[94.370711,27.214869],[94.36789,27.21423],[94.366459,27.213674],[94.365962,27.213312],[94.365581,27.212704],[94.3651,27.211851],[94.364992,27.211324],[94.365308,27.209472],[94.365667,27.208624],[94.366245,27.207942],[94.367476,27.207071],[94.368396,27.20673],[94.371785,27.206377],[94.373299,27.205981],[94.374151,27.205284],[94.374337,27.204816],[94.374293,27.204434],[94.374034,27.20405],[94.373437,27.203654],[94.371749,27.202736],[94.369848,27.202266],[94.367761,27.201965],[94.366471,27.202212],[94.365123,27.202592],[94.363191,27.203735],[94.362361,27.204025],[94.361578,27.204097],[94.361496,27.204087],[94.360946,27.204026],[94.360376,27.203649],[94.359983,27.203148],[94.359758,27.202439],[94.359922,27.201573],[94.36035,27.200912],[94.361047,27.20029],[94.362879,27.199329],[94.363772,27.199161],[94.366616,27.199287],[94.367671,27.198869],[94.368403,27.198137],[94.36871,27.19768],[94.368951,27.197057],[94.369139,27.196404],[94.369075,27.195423],[94.3682,27.192911],[94.367302,27.190822],[94.366322,27.189568],[94.365521,27.189062],[94.36356,27.188061],[94.362643,27.187802],[94.360917,27.187531],[94.359961,27.187554],[94.359411,27.187776],[94.357554,27.189362],[94.35647,27.190791],[94.356065,27.191858],[94.355742,27.194913],[94.355509,27.196213],[94.355029,27.196836],[94.35447,27.197402],[94.353583,27.197827],[94.352553,27.19805],[94.351841,27.198115],[94.350872,27.197817],[94.349562,27.197057],[94.348979,27.196359],[94.348596,27.195107],[94.348537,27.194168],[94.349182,27.190999],[94.349963,27.188387],[94.350159,27.186953],[94.35004,27.185912],[94.349911,27.185409],[94.34963,27.185049],[94.349292,27.184822],[94.348577,27.184651],[94.347376,27.184632],[94.347346,27.184637],[94.347697,27.183829],[94.348344,27.183012],[94.350175,27.181055],[94.350175,27.181055],[94.350175,27.181055],[94.345389,27.177763],[94.340949,27.175131],[94.340511,27.174871],[94.336312,27.172282],[94.333667,27.175121],[94.332934,27.175907],[94.330065,27.178735],[94.327378,27.181607],[94.323724,27.184888],[94.320401,27.183088],[94.317364,27.181477],[94.315697,27.179835],[94.315265,27.17878],[94.315209,27.178292],[94.315382,27.177911],[94.315955,27.177473],[94.317921,27.176628],[94.319217,27.176047],[94.31952,27.175547],[94.319459,27.175016],[94.319459,27.175016],[94.319114,27.174726],[94.318583,27.174688],[94.31622,27.175204],[94.31565,27.175256],[94.315182,27.175149],[94.313524,27.174484],[94.312631,27.174354],[94.311127,27.175049],[94.309672,27.17574],[94.308011,27.17632],[94.307509,27.176752],[94.306858,27.178613],[94.306408,27.179084],[94.305829,27.179265],[94.305331,27.17931],[94.304884,27.178965],[94.304721,27.178379],[94.304643,27.17727],[94.305154,27.175229],[94.305274,27.175077],[94.305741,27.174489],[94.306585,27.173897],[94.309413,27.172631],[94.310567,27.171818],[94.312556,27.169286],[94.313407,27.167921],[94.313591,27.167218],[94.313518,27.166367],[94.313015,27.165318],[94.311636,27.16332],[94.31118,27.162046],[94.311127,27.161365],[94.311268,27.160923],[94.311339,27.160702],[94.311649,27.16048],[94.314008,27.160351],[94.315306,27.160169],[94.316126,27.159793],[94.316126,27.159793],[94.317359,27.158415],[94.317915,27.157399],[94.318482,27.155438],[94.318945,27.15395],[94.319611,27.15243],[94.319999,27.151837],[94.320494,27.151556],[94.324128,27.150455],[94.325055,27.149748],[94.325246,27.149323],[94.325292,27.14889],[94.325172,27.148257],[94.323755,27.145919],[94.323404,27.144732],[94.323257,27.143651],[94.323364,27.142698],[94.323896,27.141898],[94.324476,27.141646],[94.324833,27.141491],[94.325732,27.141387],[94.32638,27.141607],[94.327941,27.142473],[94.328329,27.143146],[94.329944,27.145959],[94.330873,27.146573],[94.333395,27.147459],[94.33466,27.147622],[94.336046,27.147581],[94.33692,27.147265],[94.337727,27.146582],[94.338341,27.146063],[94.339165,27.145817],[94.339856,27.14599],[94.341648,27.146985],[94.342123,27.147156],[94.344954,27.147391],[94.345641,27.147736],[94.346007,27.148218],[94.34607,27.14877],[94.345837,27.149456],[94.345379,27.149781],[94.343508,27.151106],[94.342494,27.152284],[94.342082,27.153502],[94.342241,27.154474],[94.342604,27.155557],[94.343036,27.155933],[94.343265,27.156133],[94.344105,27.156356],[94.344729,27.156364],[94.347458,27.156115],[94.348493,27.156363],[94.349574,27.157311],[94.351039,27.15943],[94.352292,27.160539],[94.354647,27.161632],[94.358148,27.162685],[94.360321,27.163746],[94.361424,27.16446],[94.361512,27.164516],[94.363211,27.165327],[94.364967,27.166518],[94.367931,27.168706],[94.36998,27.1709],[94.372106,27.172711],[94.372185,27.172779],[94.373288,27.173675],[94.377754,27.176529],[94.380255,27.177565],[94.381167,27.177782],[94.381881,27.177738],[94.382654,27.177122],[94.383124,27.175607],[94.383129,27.173811],[94.38205,27.170456],[94.381825,27.169674],[94.381532,27.168658],[94.381232,27.167083],[94.381237,27.166289],[94.381371,27.164947],[94.381664,27.164362],[94.382213,27.163925],[94.383221,27.163726],[94.383778,27.163849],[94.384525,27.164014],[94.385491,27.164913],[94.386054,27.165848],[94.386378,27.167213],[94.386451,27.169967],[94.386638,27.170765],[94.387126,27.171257],[94.387511,27.171479],[94.388098,27.171576],[94.389125,27.171546],[94.389934,27.171493],[94.392666,27.170642],[94.394353,27.17038],[94.39359,27.169163],[94.393314,27.168008],[94.392991,27.167072],[94.392952,27.166733],[94.393106,27.165774],[94.393909,27.164634],[94.394221,27.164004],[94.394732,27.16282],[94.39503,27.162519],[94.39575,27.161895],[94.395974,27.161553],[94.396542,27.160235],[94.397025,27.159443],[94.397487,27.158272],[94.398118,27.15664],[94.398138,27.156477],[94.398279,27.155322],[94.398102,27.154823],[94.397646,27.153985],[94.396207,27.152723],[94.393741,27.150832],[94.393045,27.150718],[94.392984,27.150708],[94.392222,27.150542],[94.391318,27.149767],[94.390902,27.149483],[94.390405,27.149335],[94.388939,27.149298],[94.387579,27.149358],[94.386367,27.149662],[94.38572,27.149657],[94.38329,27.149281],[94.382121,27.148916],[94.381551,27.148539],[94.381072,27.148132],[94.380767,27.14756],[94.380551,27.146721],[94.38078,27.144533],[94.381363,27.14271],[94.3831,27.140298],[94.383588,27.139739],[94.385238,27.13845],[94.385427,27.138011],[94.38506,27.13753],[94.384217,27.136679],[94.383689,27.13581],[94.38309,27.135373],[94.382333,27.135249],[94.381703,27.134985],[94.381276,27.135024],[94.380461,27.135228],[94.379653,27.135709],[94.378794,27.136796],[94.378023,27.137597],[94.377842,27.138107],[94.377228,27.140073],[94.376761,27.140542],[94.375446,27.141199],[94.37462,27.141317],[94.374353,27.141336],[94.373645,27.141385],[94.372691,27.141215],[94.371655,27.140752],[94.370835,27.140076],[94.370219,27.139258],[94.36992,27.13832],[94.369812,27.136957],[94.370009,27.135952],[94.370984,27.13421],[94.371297,27.133613],[94.371669,27.133086],[94.371788,27.132667],[94.371756,27.132176],[94.371539,27.131746],[94.371173,27.131479],[94.369956,27.130689],[94.36973,27.130421],[94.3694,27.130031],[94.369313,27.129675],[94.369398,27.126856],[94.369451,27.122077],[94.369451,27.122056],[94.369379,27.115786],[94.369592,27.113988],[94.369638,27.113111],[94.369751,27.110963],[94.369876,27.108604],[94.37001,27.106424],[94.369976,27.105833],[94.369889,27.10432],[94.369889,27.104319],[94.370285,27.09919],[94.369618,27.099112],[94.366724,27.09825],[94.364077,27.097469],[94.361743,27.09667],[94.35947,27.094964],[94.356939,27.092568],[94.353824,27.089282],[94.351672,27.087156],[94.349081,27.085464],[94.346974,27.084615],[94.344287,27.083996],[94.340642,27.082745],[94.338828,27.08214],[94.337824,27.082415],[94.33487,27.083407],[94.327825,27.088359],[94.326519,27.089144],[94.323736,27.088565],[94.321478,27.087314],[94.319614,27.085508],[94.318249,27.083369],[94.3176,27.080747],[94.317283,27.078445],[94.316886,27.076396],[94.316247,27.073986],[94.315411,27.07261],[94.313627,27.071589],[94.311909,27.071263],[94.309721,27.071704],[94.307674,27.072547],[94.305802,27.074252],[94.302139,27.079674],[94.300119,27.084804],[94.29911,27.086238],[94.297909,27.087302],[94.295413,27.088244],[94.292307,27.088915],[94.28696,27.091339],[94.283778,27.092587],[94.282038,27.093957],[94.280136,27.094831],[94.277166,27.095497],[94.274867,27.095568],[94.272553,27.095223],[94.268041,27.092927],[94.267608,27.092707],[94.267599,27.092776],[94.268125,27.096242],[94.268314,27.097491],[94.268658,27.098631],[94.268708,27.099074],[94.26871,27.099713],[94.268527,27.100625],[94.267952,27.101636],[94.267282,27.10223],[94.26614,27.102653],[94.264979,27.102908],[94.26221,27.103671],[94.261135,27.103977],[94.258821,27.104975],[94.257936,27.105567],[94.257332,27.106112],[94.257102,27.106601],[94.257135,27.106897],[94.257239,27.107186],[94.257488,27.107351],[94.257857,27.107598],[94.259319,27.108105],[94.261492,27.108802],[94.263063,27.109639],[94.264722,27.110907],[94.265879,27.112293],[94.266588,27.11372],[94.267431,27.116319],[94.267468,27.117487],[94.267385,27.118432],[94.267186,27.118983],[94.266807,27.119422],[94.265591,27.120449],[94.264643,27.12111],[94.263369,27.121631],[94.26224,27.121541],[94.261104,27.120707],[94.259656,27.119901],[94.258104,27.119019],[94.257095,27.118301],[94.255527,27.117698],[94.254081,27.117126],[94.252964,27.116929],[94.251664,27.116921],[94.250599,27.116975],[94.249492,27.117075],[94.247841,27.117417],[94.247798,27.117628],[94.247612,27.118546],[94.248328,27.118353],[94.249103,27.118261],[94.249767,27.118244],[94.250449,27.118586],[94.251206,27.118965],[94.251866,27.119544],[94.252436,27.120579],[94.25288,27.121349],[94.253044,27.122165],[94.253082,27.122494],[94.253109,27.122734],[94.25318,27.123154],[94.253308,27.12344],[94.253476,27.123659],[94.253747,27.123741],[94.25438,27.123662],[94.255082,27.12313],[94.255769,27.122684],[94.256261,27.122469],[94.256756,27.122424],[94.257176,27.122556],[94.258194,27.122933],[94.258786,27.123326],[94.258997,27.123712],[94.259191,27.124163],[94.259248,27.124882],[94.259249,27.125095],[94.258866,27.126548],[94.25849,27.127434],[94.258132,27.128681],[94.257686,27.129938],[94.257689,27.130229],[94.258032,27.130943],[94.258866,27.131997],[94.259605,27.133059],[94.260264,27.134043],[94.260402,27.134627],[94.260495,27.13545],[94.260534,27.136],[94.260017,27.136899],[94.259956,27.13699],[94.259046,27.137989],[94.258541,27.138324],[94.257861,27.138833],[94.257588,27.139156],[94.257478,27.139443],[94.257525,27.139652],[94.257652,27.139654],[94.257907,27.13966],[94.258654,27.139528],[94.259455,27.139242],[94.259965,27.138919],[94.260524,27.138804],[94.261014,27.138717],[94.261506,27.138651],[94.262059,27.138558],[94.262696,27.138713],[94.263368,27.139185],[94.26352,27.139682],[94.263707,27.140283],[94.264004,27.141854],[94.264484,27.144197],[94.26452,27.144513],[94.265013,27.146971],[94.265116,27.147878],[94.265098,27.148562],[94.264807,27.149142],[94.264417,27.149902],[94.264103,27.150697],[94.263642,27.15125],[94.262865,27.151747],[94.261741,27.152126],[94.259911,27.152782],[94.25932,27.153241],[94.258373,27.153826],[94.25787,27.154639],[94.257675,27.155231],[94.25777,27.155862],[94.258054,27.156262],[94.258823,27.156746],[94.259687,27.157435],[94.259764,27.157503],[94.260612,27.158246],[94.261304,27.159099],[94.262477,27.159994],[94.263515,27.160539],[94.265421,27.162295],[94.267533,27.163701],[94.268525,27.164463],[94.27006,27.165998],[94.270673,27.167052],[94.271205,27.168389],[94.271585,27.169632],[94.272327,27.170928],[94.273266,27.17227],[94.273405,27.172489],[94.275147,27.17521],[94.276262,27.177717],[94.276723,27.179145],[94.277411,27.182187],[94.277838,27.184896],[94.278058,27.187454],[94.278588,27.190229],[94.278923,27.192542],[94.27943,27.195747],[94.279424,27.196731],[94.279421,27.197345],[94.279253,27.199427],[94.278919,27.203605],[94.278407,27.206011],[94.277902,27.208273],[94.277598,27.209579],[94.277222,27.211509],[94.277121,27.212179],[94.276979,27.21312],[94.276842,27.214219],[94.276906,27.215832],[94.277036,27.218436],[94.277308,27.220414],[94.27765,27.222946],[94.277551,27.224434],[94.277619,27.225876],[94.277773,27.227439],[94.277951,27.228999],[94.278531,27.230544],[94.280035,27.232677],[94.281039,27.233544],[94.281817,27.234317],[94.285048,27.234027],[94.287606,27.233832],[94.288686,27.233692],[94.290007,27.233156],[94.291724,27.232435],[94.292749,27.231543],[94.292749,27.231543],[94.292923,27.231391],[94.294037,27.230299],[94.295507,27.229292],[94.297529,27.228117],[94.300782,27.226866],[94.303606,27.22572],[94.303606,27.22572],[94.304638,27.226119],[94.305516,27.226306],[94.306647,27.226821],[94.306525,27.228346],[94.306788,27.230239],[94.308388,27.232991],[94.310676,27.235737],[94.312423,27.236643],[94.31385,27.237663],[94.314781,27.238729],[94.315494,27.240176],[94.315918,27.2418],[94.315913,27.242801],[94.31601,27.244284],[94.316401,27.245207],[94.318023,27.247156],[94.320049,27.249038],[94.32205,27.250496],[94.324369,27.251819],[94.327231,27.253305],[94.32968,27.254777],[94.330694,27.255728],[94.33139,27.256815],[94.331664,27.257962],[94.331581,27.258907],[94.330803,27.260014],[94.329652,27.260992],[94.327705,27.262541],[94.327705,27.262541],[94.327698,27.262542],[94.327696,27.262542],[94.32627,27.262685],[94.324211,27.262596],[94.322026,27.262241],[94.320247,27.261786],[94.3186,27.261339],[94.31551,27.261408],[94.313164,27.261941],[94.311388,27.26287],[94.310198,27.263724],[94.309671,27.264538],[94.308743,27.266008],[94.308365,27.267917],[94.308343,27.270028],[94.308012,27.271686],[94.307771,27.27247],[94.307473,27.273439],[94.306573,27.276331],[94.305826,27.277991],[94.305223,27.279814],[94.304402,27.281593],[94.303548,27.283098],[94.302762,27.284098],[94.301559,27.285251],[94.299455,27.28687],[94.298437,27.287559],[94.297215,27.288757],[94.296512,27.289743],[94.295882,27.290599],[94.294653,27.292372],[94.294012,27.293645],[94.293557,27.295305],[94.29335,27.296836],[94.293555,27.29843],[94.294071,27.300236],[94.294732,27.301433],[94.295638,27.302692],[94.297255,27.304335],[94.298522,27.305199],[94.30138,27.307122],[94.302911,27.308005],[94.304005,27.308361],[94.307261,27.309341],[94.310137,27.31039],[94.312227,27.311159],[94.31404,27.31159],[94.315924,27.312015],[94.317964,27.312767],[94.319559,27.312997],[94.320885,27.312919],[94.322636,27.312802],[94.323786,27.313059],[94.325412,27.31436],[94.326226,27.315068],[94.327284,27.316399],[94.328272,27.317681],[94.328496,27.317973],[94.329122,27.31882],[94.329201,27.319409],[94.329207,27.319674],[94.329207,27.319675],[94.330247,27.320426],[94.331396,27.321435],[94.333447,27.323483],[94.334774,27.325023],[94.335991,27.326591],[94.336996,27.328192],[94.337424,27.330206],[94.33778,27.332513],[94.337956,27.334497],[94.338315,27.335844],[94.338637,27.336486],[94.339389,27.336898],[94.341181,27.337125],[94.344368,27.337347],[94.346952,27.337864],[94.349529,27.33866],[94.351069,27.339404],[94.352856,27.340492],[94.354218,27.341102],[94.355869,27.341384],[94.35769,27.3411],[94.359772,27.340619],[94.360956,27.340359],[94.36214,27.340009],[94.363211,27.339593],[94.363787,27.339596],[94.364429,27.340009],[94.36486,27.340493],[94.365575,27.340711],[94.366546,27.340363],[94.367117,27.340394],[94.368123,27.34075],[94.369411,27.341103],[94.371685,27.341099],[94.371724,27.341099],[94.371734,27.341099],[94.371745,27.341099],[94.371777,27.341099],[94.371777,27.341099],[94.371789,27.341099],[94.372734,27.341219],[94.372755,27.341219],[94.372803,27.341219],[94.372803,27.341219],[94.372826,27.341219],[94.372833,27.341219],[94.372872,27.341219],[94.373331,27.341219],[94.374102,27.340995],[94.374527,27.340995],[94.37497,27.341047],[94.375278,27.341323],[94.375818,27.341805],[94.376127,27.342029],[94.376493,27.342132],[94.377052,27.34227],[94.377399,27.342356],[94.377804,27.342666],[94.378151,27.343251],[94.378402,27.343923],[94.378691,27.344474],[94.379115,27.344853],[94.379578,27.3453],[94.379886,27.345524],[94.380233,27.34561],[94.380908,27.345696],[94.381525,27.345748],[94.38193,27.345851],[94.38245,27.346075],[94.38301,27.346247],[94.383472,27.346316],[94.38407,27.346282],[94.385073,27.346247],[94.385728,27.346333],[94.386249,27.346523],[94.386654,27.346816],[94.38702,27.347212],[94.387213,27.34759],[94.387213,27.348124],[94.387174,27.348605],[94.387386,27.349156],[94.387791,27.349604],[94.388273,27.349948],[94.388813,27.35031],[94.389565,27.350637],[94.390008,27.350689],[94.390432,27.350465],[94.390683,27.35031],[94.390914,27.349931],[94.391126,27.349742],[94.391454,27.349535],[94.391666,27.3495],[94.392129,27.348881],[94.39236,27.348519],[94.392726,27.348123],[94.392674,27.347934],[94.392493,27.347693],[94.392173,27.347521],[94.391909,27.347423],[94.39173,27.3473],[94.391644,27.347175],[94.391586,27.347025],[94.391564,27.346716],[94.391596,27.34629],[94.391443,27.346049],[94.391214,27.345682],[94.391199,27.345658],[94.391196,27.345653],[94.391185,27.345636]]]}},{"type":"Feature","properties":{"OBJECTID":5915,"state_lgd":"18","state_name":"ASSAM","district_lgd":"307","district_name":"LAKHIMPUR","district_name_source":"district_table","subdistrict_lgd":"02053","subdistrict_name":"DHAKUAKHANA CIRCLE","subdistrict_type":"","name_corrupted":false,"remarks":""},"geometry":{"type":"Polygon","coordinates":[[[94.587925,27.269643],[94.587338,27.268819],[94.586581,27.267438],[94.586498,27.266384],[94.586473,27.263171],[94.585997,27.259808],[94.58611,27.258126],[94.586393,27.255939],[94.587067,27.254307],[94.587544,27.252726],[94.587297,27.250673],[94.587467,27.250051],[94.587825,27.248745],[94.587824,27.248731],[94.587698,27.247588],[94.587297,27.245966],[94.587026,27.244834],[94.586789,27.243498],[94.58668,27.242635],[94.58659,27.241878],[94.586481,27.241422],[94.585463,27.239288],[94.58432,27.237035],[94.584241,27.236901],[94.584203,27.236836],[94.583429,27.23552],[94.581574,27.232209],[94.581484,27.232002],[94.581174,27.231297],[94.580469,27.229692],[94.579854,27.228184],[94.579781,27.227533],[94.579673,27.22592],[94.579456,27.224324],[94.579238,27.223395],[94.578293,27.220626],[94.577242,27.216371],[94.577133,27.215573],[94.577133,27.215003],[94.577591,27.212135],[94.577628,27.211906],[94.57883,27.208218],[94.579214,27.20693],[94.579432,27.205871],[94.579776,27.204104],[94.579849,27.202898],[94.579721,27.201453],[94.579449,27.20015],[94.57872,27.19742],[94.578121,27.195693],[94.577268,27.193675],[94.576743,27.192434],[94.576682,27.192289],[94.576123,27.190966],[94.575216,27.188988],[94.573801,27.186845],[94.573226,27.185876],[94.572517,27.184963],[94.569957,27.182132],[94.568484,27.180258],[94.568309,27.180012],[94.568158,27.179799],[94.567943,27.179497],[94.567793,27.179571],[94.567726,27.179604],[94.567617,27.179658],[94.567291,27.179819],[94.5668,27.180063],[94.566345,27.180339],[94.565071,27.181332],[94.564001,27.182172],[94.562854,27.183002],[94.562108,27.183474],[94.561144,27.183864],[94.561053,27.183832],[94.560962,27.183669],[94.560308,27.182365],[94.560071,27.181832],[94.559981,27.181506],[94.559926,27.181164],[94.559836,27.180307],[94.5598,27.18003],[94.559691,27.179802],[94.559363,27.179411],[94.559145,27.179036],[94.559,27.178613],[94.558909,27.178032],[94.558746,27.177413],[94.558382,27.176729],[94.55791,27.176061],[94.557328,27.175474],[94.556296,27.174701],[94.555386,27.174212],[94.554386,27.173918],[94.553531,27.173722],[94.552775,27.173608],[94.551447,27.173656],[94.550083,27.173785],[94.548864,27.173882],[94.54743,27.173886],[94.547011,27.173837],[94.546848,27.173755],[94.546373,27.173334],[94.545501,27.172813],[94.544846,27.172649],[94.543773,27.172469],[94.542343,27.172181],[94.541579,27.171773],[94.540943,27.171202],[94.53982,27.169985],[94.539256,27.16948],[94.538474,27.169072],[94.536989,27.168525],[94.536425,27.168264],[94.535607,27.167808],[94.534484,27.167141],[94.533102,27.166538],[94.531702,27.165918],[94.530377,27.165315],[94.528795,27.16445],[94.527127,27.163215],[94.526042,27.162227],[94.525425,27.161494],[94.524807,27.160647],[94.524244,27.159832],[94.524026,27.159482],[94.523972,27.159336],[94.523991,27.158945],[94.524082,27.158489],[94.524228,27.158049],[94.524519,27.157528],[94.524829,27.157251],[94.525866,27.156633],[94.527335,27.155919],[94.529061,27.154818],[94.529953,27.154167],[94.530808,27.153435],[94.531444,27.152777],[94.531918,27.15211],[94.532501,27.151198],[94.532883,27.150433],[94.533063,27.149858],[94.533173,27.148848],[94.533156,27.147838],[94.532956,27.147545],[94.530578,27.145285],[94.529858,27.144536],[94.529294,27.144129],[94.528767,27.1439],[94.52764,27.143671],[94.526531,27.143524],[94.525622,27.143409],[94.524494,27.143376],[94.52213,27.143504],[94.520411,27.143797],[94.519483,27.143861],[94.517338,27.143827],[94.515474,27.143728],[94.514929,27.143614],[94.513856,27.143418],[94.512947,27.143221],[94.511874,27.142992],[94.511057,27.142685],[94.510639,27.142392],[94.510094,27.141805],[94.509729,27.141176],[94.50972,27.141161],[94.509706,27.141136],[94.509683,27.141097],[94.509659,27.141055],[94.509241,27.139869],[94.509221,27.139788],[94.5092,27.139702],[94.509194,27.139678],[94.509181,27.139628],[94.509096,27.139283],[94.508915,27.138256],[94.508824,27.137302],[94.50888,27.136293],[94.508952,27.135776],[94.509171,27.135272],[94.509351,27.134935],[94.509478,27.134463],[94.509552,27.13355],[94.509716,27.132964],[94.509881,27.132525],[94.510156,27.131845],[94.510284,27.131226],[94.510357,27.130347],[94.510322,27.129386],[94.51027,27.128679],[94.510235,27.12806],[94.510072,27.127441],[94.510054,27.126773],[94.51,27.126056],[94.509874,27.125405],[94.509024,27.123734],[94.50848,27.122936],[94.507572,27.122072],[94.506524,27.121376],[94.505702,27.120984],[94.505156,27.120836],[94.504466,27.120771],[94.503775,27.120803],[94.501174,27.121484],[94.500309,27.12169],[94.499996,27.12177],[94.499747,27.121837],[94.499019,27.121967],[94.498092,27.122096],[94.497369,27.122135],[94.497013,27.122178],[94.496513,27.122075],[94.496503,27.122072],[94.496503,27.122072],[94.496495,27.122071],[94.496492,27.122072],[94.496491,27.122073],[94.496483,27.122077],[94.496183,27.122231],[94.495219,27.122259],[94.493975,27.123411],[94.490938,27.127132],[94.489504,27.130477],[94.488331,27.133645],[94.486603,27.135429],[94.482389,27.13832],[94.480897,27.139147],[94.480211,27.139296],[94.478617,27.138603],[94.476709,27.136925],[94.475053,27.134503],[94.474309,27.131887],[94.473973,27.127984],[94.473495,27.123877],[94.472706,27.121301],[94.471534,27.118288],[94.469913,27.115658],[94.468106,27.114188],[94.46516,27.112638],[94.46284,27.112215],[94.460586,27.112284],[94.459543,27.112605],[94.457693,27.113693],[94.453968,27.116236],[94.450711,27.117736],[94.448911,27.117628],[94.446889,27.117693],[94.444917,27.118037],[94.442053,27.118949],[94.439598,27.119686],[94.437949,27.119984],[94.436845,27.120098],[94.435226,27.119819],[94.432694,27.118615],[94.430494,27.117609],[94.428275,27.116238],[94.426847,27.115124],[94.426196,27.113658],[94.425716,27.110666],[94.425289,27.102968],[94.424345,27.098749],[94.423401,27.097003],[94.42276,27.095789],[94.422039,27.095063],[94.42043,27.093881],[94.418096,27.093083],[94.415373,27.092876],[94.412268,27.09355],[94.406455,27.095703],[94.402921,27.097252],[94.400783,27.097812],[94.398257,27.098132],[94.395494,27.098133],[94.394097,27.098796],[94.392953,27.098995],[94.391526,27.099036],[94.389192,27.098242],[94.38718,27.097312],[94.385818,27.096608],[94.384704,27.096437],[94.383151,27.096775],[94.379788,27.097989],[94.376743,27.098819],[94.374983,27.098996],[94.374353,27.099059],[94.371877,27.099374],[94.370285,27.09919],[94.369889,27.104319],[94.369889,27.10432],[94.369976,27.105833],[94.37001,27.106424],[94.369876,27.108604],[94.369751,27.110963],[94.369638,27.113111],[94.369592,27.113988],[94.369379,27.115786],[94.369451,27.122056],[94.369451,27.122077],[94.369398,27.126856],[94.369313,27.129675],[94.3694,27.130031],[94.36973,27.130421],[94.369956,27.130689],[94.371173,27.131479],[94.371539,27.131746],[94.371756,27.132176],[94.371788,27.132667],[94.371669,27.133086],[94.371297,27.133613],[94.370984,27.13421],[94.370009,27.135952],[94.369812,27.136957],[94.36992,27.13832],[94.370219,27.139258],[94.370835,27.140076],[94.371655,27.140752],[94.372691,27.141215],[94.373645,27.141385],[94.374353,27.141336],[94.37462,27.141317],[94.375446,27.141199],[94.376761,27.140542],[94.377228,27.140073],[94.377842,27.138107],[94.378023,27.137597],[94.378794,27.136796],[94.379653,27.135709],[94.380461,27.135228],[94.381276,27.135024],[94.381703,27.134985],[94.382333,27.135249],[94.38309,27.135373],[94.383689,27.13581],[94.384217,27.136679],[94.38506,27.13753],[94.385427,27.138011],[94.385238,27.13845],[94.383588,27.139739],[94.3831,27.140298],[94.381363,27.14271],[94.38078,27.144533],[94.380551,27.146721],[94.380767,27.14756],[94.381072,27.148132],[94.381551,27.148539],[94.382121,27.148916],[94.38329,27.149281],[94.38572,27.149657],[94.386367,27.149662],[94.387579,27.149358],[94.388939,27.149298],[94.390405,27.149335],[94.390902,27.149483],[94.391318,27.149767],[94.392222,27.150542],[94.392984,27.150708],[94.393045,27.150718],[94.393741,27.150832],[94.396207,27.152723],[94.397646,27.153985],[94.398102,27.154823],[94.398279,27.155322],[94.398138,27.156477],[94.398118,27.15664],[94.397487,27.158272],[94.397025,27.159443],[94.396542,27.160235],[94.395974,27.161553],[94.39575,27.161895],[94.39503,27.162519],[94.394732,27.16282],[94.394221,27.164004],[94.393909,27.164634],[94.393106,27.165774],[94.392952,27.166733],[94.392991,27.167072],[94.393314,27.168008],[94.39359,27.169163],[94.394353,27.17038],[94.392666,27.170642],[94.389934,27.171493],[94.389125,27.171546],[94.388098,27.171576],[94.387511,27.171479],[94.387126,27.171257],[94.386638,27.170765],[94.386451,27.169967],[94.386378,27.167213],[94.386054,27.165848],[94.385491,27.164913],[94.384525,27.164014],[94.383778,27.163849],[94.383221,27.163726],[94.382213,27.163925],[94.381664,27.164362],[94.381371,27.164947],[94.381237,27.166289],[94.381232,27.167083],[94.381532,27.168658],[94.381825,27.169674],[94.38205,27.170456],[94.383129,27.173811],[94.383124,27.175607],[94.382654,27.177122],[94.381881,27.177738],[94.381167,27.177782],[94.380255,27.177565],[94.377754,27.176529],[94.373288,27.173675],[94.372185,27.172779],[94.372106,27.172711],[94.36998,27.1709],[94.367931,27.168706],[94.364967,27.166518],[94.363211,27.165327],[94.361512,27.164516],[94.361424,27.16446],[94.360321,27.163746],[94.358148,27.162685],[94.354647,27.161632],[94.352292,27.160539],[94.351039,27.15943],[94.349574,27.157311],[94.348493,27.156363],[94.347458,27.156115],[94.344729,27.156364],[94.344105,27.156356],[94.343265,27.156133],[94.343036,27.155933],[94.342604,27.155557],[94.342241,27.154474],[94.342082,27.153502],[94.342494,27.152284],[94.343508,27.151106],[94.345379,27.149781],[94.345837,27.149456],[94.34607,27.14877],[94.346007,27.148218],[94.345641,27.147736],[94.344954,27.147391],[94.342123,27.147156],[94.341648,27.146985],[94.339856,27.14599],[94.339165,27.145817],[94.338341,27.146063],[94.337727,27.146582],[94.33692,27.147265],[94.336046,27.147581],[94.33466,27.147622],[94.333395,27.147459],[94.330873,27.146573],[94.329944,27.145959],[94.328329,27.143146],[94.327941,27.142473],[94.32638,27.141607],[94.325732,27.141387],[94.324833,27.141491],[94.324476,27.141646],[94.323896,27.141898],[94.323364,27.142698],[94.323257,27.143651],[94.323404,27.144732],[94.323755,27.145919],[94.325172,27.148257],[94.325292,27.14889],[94.325246,27.149323],[94.325055,27.149748],[94.324128,27.150455],[94.320494,27.151556],[94.319999,27.151837],[94.319611,27.15243],[94.318945,27.15395],[94.318482,27.155438],[94.317915,27.157399],[94.317359,27.158415],[94.316126,27.159793],[94.316126,27.159793],[94.315306,27.160169],[94.314008,27.160351],[94.311649,27.16048],[94.311339,27.160702],[94.311268,27.160923],[94.311127,27.161365],[94.31118,27.162046],[94.311636,27.16332],[94.313015,27.165318],[94.313518,27.166367],[94.313591,27.167218],[94.313407,27.167921],[94.312556,27.169286],[94.310567,27.171818],[94.309413,27.172631],[94.306585,27.173897],[94.305741,27.174489],[94.305274,27.175077],[94.305154,27.175229],[94.304643,27.17727],[94.304721,27.178379],[94.304884,27.178965],[94.305331,27.17931],[94.305829,27.179265],[94.306408,27.179084],[94.306858,27.178613],[94.307509,27.176752],[94.308011,27.17632],[94.309672,27.17574],[94.311127,27.175049],[94.312631,27.174354],[94.313524,27.174484],[94.315182,27.175149],[94.31565,27.175256],[94.31622,27.175204],[94.318583,27.174688],[94.319114,27.174726],[94.319459,27.175016],[94.319459,27.175016],[94.31952,27.175547],[94.319217,27.176047],[94.317921,27.176628],[94.315955,27.177473],[94.315382,27.177911],[94.315209,27.178292],[94.315265,27.17878],[94.315697,27.179835],[94.317364,27.181477],[94.320401,27.183088],[94.323724,27.184888],[94.327378,27.181607],[94.330065,27.178735],[94.332934,27.175907],[94.333667,27.175121],[94.336312,27.172282],[94.340511,27.174871],[94.340949,27.175131],[94.345389,27.177763],[94.350175,27.181055],[94.350175,27.181055],[94.350175,27.181055],[94.348344,27.183012],[94.347697,27.183829],[94.347346,27.184637],[94.347376,27.184632],[94.348577,27.184651],[94.349292,27.184822],[94.34963,27.185049],[94.349911,27.185409],[94.35004,27.185912],[94.350159,27.186953],[94.349963,27.188387],[94.349182,27.190999],[94.348537,27.194168],[94.348596,27.195107],[94.348979,27.196359],[94.349562,27.197057],[94.350872,27.197817],[94.351841,27.198115],[94.352553,27.19805],[94.353583,27.197827],[94.35447,27.197402],[94.355029,27.196836],[94.355509,27.196213],[94.355742,27.194913],[94.356065,27.191858],[94.35647,27.190791],[94.357554,27.189362],[94.359411,27.187776],[94.359961,27.187554],[94.360917,27.187531],[94.362643,27.187802],[94.36356,27.188061],[94.365521,27.189062],[94.366322,27.189568],[94.367302,27.190822],[94.3682,27.192911],[94.369075,27.195423],[94.369139,27.196404],[94.368951,27.197057],[94.36871,27.19768],[94.368403,27.198137],[94.367671,27.198869],[94.366616,27.199287],[94.363772,27.199161],[94.362879,27.199329],[94.361047,27.20029],[94.36035,27.200912],[94.359922,27.201573],[94.359758,27.202439],[94.359983,27.203148],[94.360376,27.203649],[94.360946,27.204026],[94.361496,27.204087],[94.361578,27.204097],[94.362361,27.204025],[94.363191,27.203735],[94.365123,27.202592],[94.366471,27.202212],[94.367761,27.201965],[94.369848,27.202266],[94.371749,27.202736],[94.373437,27.203654],[94.374034,27.20405],[94.374293,27.204434],[94.374337,27.204816],[94.374151,27.205284],[94.373299,27.205981],[94.371785,27.206377],[94.368396,27.20673],[94.367476,27.207071],[94.366245,27.207942],[94.365667,27.208624],[94.365308,27.209472],[94.364992,27.211324],[94.3651,27.211851],[94.365581,27.212704],[94.365962,27.213312],[94.366459,27.213674],[94.36789,27.21423],[94.370711,27.214869],[94.373284,27.215342],[94.374519,27.215658],[94.375349,27.21599],[94.376029,27.216485],[94.376491,27.216958],[94.376905,27.218092],[94.377092,27.22035],[94.377064,27.221569],[94.377037,27.2228],[94.377447,27.224727],[94.377874,27.225524],[94.378157,27.225835],[94.378615,27.226336],[94.379744,27.226984],[94.380928,27.227476],[94.382016,27.227548],[94.382856,27.227343],[94.383548,27.226893],[94.384163,27.226193],[94.384942,27.225242],[94.385987,27.223331],[94.387596,27.21958],[94.388069,27.218893],[94.388809,27.218653],[94.389184,27.218576],[94.389922,27.218744],[94.390572,27.218964],[94.392229,27.21982],[94.393185,27.220419],[94.394258,27.221626],[94.395533,27.223547],[94.395938,27.224776],[94.395938,27.224776],[94.395919,27.225658],[94.395551,27.22684],[94.395551,27.22684],[94.39499,27.227384],[94.39243,27.228906],[94.389708,27.231295],[94.387682,27.233063],[94.385699,27.235433],[94.385298,27.236542],[94.385329,27.237214],[94.385331,27.237247],[94.385568,27.238062],[94.386411,27.238929],[94.387841,27.239892],[94.389472,27.240515],[94.389885,27.240563],[94.390194,27.240535],[94.390385,27.240324],[94.390437,27.239934],[94.390239,27.238836],[94.3901,27.236789],[94.390438,27.236179],[94.391068,27.235606],[94.391846,27.235278],[94.392544,27.235085],[94.395072,27.234961],[94.39619,27.234772],[94.398738,27.233766],[94.39973,27.233632],[94.400547,27.233643],[94.401207,27.233754],[94.402479,27.234388],[94.403643,27.234538],[94.406318,27.23485],[94.406321,27.234852],[94.406732,27.235113],[94.407418,27.23565],[94.407849,27.236276],[94.408093,27.23694],[94.408215,27.237787],[94.408069,27.238401],[94.40761,27.239816],[94.406925,27.240736],[94.405279,27.24166],[94.405047,27.241949],[94.404796,27.242262],[94.404679,27.242702],[94.404709,27.243171],[94.405626,27.244517],[94.407057,27.246532],[94.408361,27.247442],[94.409394,27.247669],[94.410455,27.247507],[94.411352,27.247168],[94.412727,27.246398],[94.415989,27.244297],[94.416527,27.243968],[94.417405,27.243888],[94.419104,27.244054],[94.419705,27.244277],[94.421009,27.245226],[94.422296,27.24661],[94.423393,27.248003],[94.423397,27.248007],[94.423896,27.249012],[94.423855,27.249703],[94.423834,27.250348],[94.423223,27.251713],[94.422408,27.253397],[94.422081,27.253684],[94.421453,27.253849],[94.42091,27.253513],[94.41922,27.251544],[94.417693,27.249946],[94.417203,27.249648],[94.416766,27.249602],[94.416401,27.249765],[94.416224,27.250103],[94.415829,27.251469],[94.415551,27.253018],[94.414998,27.253772],[94.41438,27.254236],[94.412919,27.254885],[94.41195,27.255017],[94.411368,27.254963],[94.410334,27.254736],[94.408692,27.254436],[94.407923,27.254421],[94.407645,27.25451],[94.407359,27.25473],[94.407224,27.255021],[94.407253,27.255276],[94.407378,27.255398],[94.40755,27.255565],[94.409003,27.256311],[94.410283,27.257009],[94.410471,27.257185],[94.410537,27.257544],[94.410515,27.25819],[94.410571,27.259099],[94.410571,27.259101],[94.411134,27.260658],[94.411076,27.260985],[94.410846,27.261285],[94.40956,27.261789],[94.407589,27.262592],[94.407246,27.262945],[94.407142,27.263506],[94.407322,27.264026],[94.407569,27.264281],[94.407839,27.264558],[94.408398,27.264829],[94.409246,27.265116],[94.410383,27.265398],[94.412775,27.265757],[94.413412,27.265902],[94.413515,27.265926],[94.414571,27.266578],[94.415051,27.267236],[94.416159,27.268529],[94.41734,27.269622],[94.418302,27.270264],[94.419734,27.270897],[94.42158,27.271715],[94.42158,27.271715],[94.422851,27.27258],[94.424522,27.273757],[94.4255,27.274547],[94.42602,27.2751],[94.426282,27.275505],[94.426296,27.27604],[94.425685,27.277399],[94.425028,27.278575],[94.424122,27.279666],[94.422454,27.280993],[94.419989,27.282721],[94.418734,27.283909],[94.418742,27.284402],[94.418964,27.28466],[94.419202,27.284785],[94.419449,27.284916],[94.420049,27.285118],[94.421115,27.284999],[94.422621,27.284947],[94.424286,27.284816],[94.42535,27.284953],[94.426484,27.285428],[94.427114,27.285478],[94.427658,27.285407],[94.429181,27.28488],[94.429516,27.284871],[94.429859,27.284926],[94.430199,27.285173],[94.430259,27.28549],[94.42982,27.286741],[94.429515,27.28757],[94.429295,27.288791],[94.429273,27.289644],[94.429261,27.290025],[94.429221,27.29128],[94.429188,27.29287],[94.429339,27.29335],[94.42958,27.293564],[94.429872,27.293601],[94.430558,27.293517],[94.432032,27.293123],[94.433324,27.293273],[94.433978,27.293414],[94.434584,27.293794],[94.43495,27.294364],[94.43531,27.295538],[94.435393,27.295932],[94.435817,27.296363],[94.437796,27.296617],[94.438112,27.296755],[94.438329,27.297004],[94.438489,27.297425],[94.438254,27.297983],[94.43654,27.299709],[94.434493,27.301348],[94.434033,27.301716],[94.433619,27.302358],[94.433662,27.303058],[94.433902,27.304159],[94.433902,27.304159],[94.43495,27.305772],[94.435824,27.307502],[94.436571,27.308775],[94.439084,27.310123],[94.439084,27.310123],[94.439084,27.310122],[94.439084,27.310122],[94.439046,27.309902],[94.439263,27.309484],[94.440482,27.308777],[94.44263,27.308457],[94.443881,27.308715],[94.445317,27.309575],[94.446144,27.3106],[94.446431,27.311274],[94.446428,27.311884],[94.446322,27.312237],[94.445761,27.31264],[94.445348,27.313104],[94.445116,27.31354],[94.445046,27.313956],[94.445168,27.314469],[94.445707,27.315443],[94.445777,27.316214],[94.445869,27.317815],[94.446011,27.31868],[94.445923,27.319255],[94.445581,27.320183],[94.445497,27.320681],[94.445561,27.321402],[94.445613,27.321898],[94.445902,27.322364],[94.446353,27.322811],[94.446926,27.32299],[94.447446,27.322958],[94.447624,27.322622],[94.44807,27.321178],[94.448377,27.320714],[94.448946,27.320135],[94.449484,27.319944],[94.45004,27.320006],[94.45076,27.320536],[94.450958,27.320967],[94.451278,27.321162],[94.451939,27.321047],[94.452888,27.320613],[94.453734,27.320374],[94.454594,27.320424],[94.455327,27.320854],[94.455653,27.321045],[94.456245,27.321878],[94.456522,27.324565],[94.456881,27.326105],[94.457888,27.327322],[94.459323,27.329627],[94.459587,27.330517],[94.459876,27.331751],[94.460394,27.332314],[94.461828,27.332633],[94.464,27.333337],[94.465147,27.334043],[94.46579,27.334135],[94.466526,27.334024],[94.467099,27.333413],[94.467817,27.332661],[94.468194,27.332115],[94.468296,27.331063],[94.468259,27.330196],[94.468618,27.329813],[94.470007,27.329393],[94.470614,27.329016],[94.47089,27.328873],[94.471148,27.328934],[94.471662,27.329204],[94.471916,27.329291],[94.472289,27.329233],[94.472544,27.329019],[94.473188,27.328411],[94.473702,27.32791],[94.474025,27.327838],[94.474313,27.327908],[94.474636,27.328225],[94.475005,27.328627],[94.475697,27.328958],[94.47618,27.329174],[94.476614,27.329562],[94.477306,27.329875],[94.477822,27.329933],[94.478318,27.330018],[94.478722,27.330321],[94.479366,27.330923],[94.479673,27.331168],[94.479962,27.331255],[94.480285,27.331193],[94.480604,27.330892],[94.481361,27.330058],[94.481921,27.329569],[94.482404,27.329442],[94.483031,27.329485],[94.48361,27.329727],[94.48382,27.329901],[94.4839,27.330203],[94.483753,27.330588],[94.483159,27.331095],[94.482404,27.331739],[94.4821,27.332054],[94.482019,27.332402],[94.482296,27.332715],[94.482728,27.332932],[94.483341,27.333034],[94.483936,27.332888],[94.48429,27.332559],[94.484445,27.332413],[94.484786,27.331881],[94.485221,27.331493],[94.485542,27.331336],[94.485784,27.331293],[94.486089,27.331448],[94.486297,27.331824],[94.4863,27.332456],[94.486508,27.332887],[94.486827,27.333362],[94.487019,27.33411],[94.487537,27.335029],[94.488084,27.335488],[94.488582,27.335731],[94.489068,27.33573],[94.489371,27.335371],[94.489388,27.334752],[94.48911,27.333591],[94.488709,27.332697],[94.488417,27.332037],[94.488388,27.33178],[94.488628,27.331579],[94.489108,27.331564],[94.489835,27.331877],[94.490703,27.332581],[94.491168,27.332928],[94.491476,27.332956],[94.49165,27.332711],[94.49207,27.332034],[94.492456,27.33179],[94.49289,27.331745],[94.493307,27.33189],[94.49379,27.332494],[94.494195,27.333324],[94.494549,27.333686],[94.494838,27.333814],[94.495093,27.333613],[94.495334,27.333082],[94.495494,27.332232],[94.495562,27.331845],[94.495565,27.331831],[94.495568,27.331817],[94.495572,27.331794],[94.495574,27.33178],[94.495414,27.33125],[94.495424,27.331219],[94.495431,27.331196],[94.495438,27.331172],[94.495441,27.331162],[94.495617,27.330598],[94.496352,27.329967],[94.497467,27.329549],[94.498288,27.329716],[94.498902,27.330305],[94.499288,27.33087],[94.499232,27.331141],[94.498945,27.331253],[94.497446,27.331525],[94.497122,27.331633],[94.496736,27.331878],[94.496632,27.332],[94.496491,27.33244],[94.496551,27.332722],[94.496741,27.333037],[94.497034,27.333312],[94.498282,27.333881],[94.498707,27.333965],[94.499038,27.334031],[94.49924,27.334022],[94.499411,27.334007],[94.499707,27.333855],[94.5,27.33354],[94.500901,27.333179],[94.501072,27.333329],[94.501133,27.333541],[94.501132,27.333898],[94.500879,27.334769],[94.500726,27.33513],[94.500645,27.335432],[94.500771,27.335699],[94.500918,27.335853],[94.501282,27.335889],[94.501575,27.335776],[94.502152,27.335569],[94.502916,27.33515],[94.503209,27.33464],[94.503361,27.334432],[94.503781,27.334225],[94.504166,27.334225],[94.504545,27.33428],[94.504863,27.33451],[94.505035,27.33466],[94.505181,27.334944],[94.505287,27.335211],[94.505246,27.335477],[94.505246,27.335667],[94.505074,27.335937],[94.504714,27.336393],[94.50397,27.336961],[94.503905,27.337151],[94.503904,27.337323],[94.503904,27.337436],[94.50397,27.337512],[94.504056,27.337585],[94.504263,27.337662],[94.504475,27.33768],[94.50484,27.337531],[94.505558,27.337301],[94.505922,27.337266],[94.506109,27.337324],[94.506346,27.337663],[94.506346,27.337988],[94.506345,27.338648],[94.506491,27.338878],[94.506618,27.338973],[94.507002,27.339122],[94.507447,27.33924],[94.508079,27.339295],[94.508357,27.339431],[94.508589,27.33958],[94.508867,27.339846],[94.509033,27.340208],[94.509033,27.340303],[94.508972,27.340397],[94.508866,27.34051],[94.508694,27.340623],[94.508588,27.340663],[94.508335,27.340681],[94.508017,27.340663],[94.507764,27.340527],[94.507552,27.340527],[94.507339,27.340545],[94.507273,27.340586],[94.507187,27.340698],[94.507081,27.340906],[94.507106,27.341078],[94.507187,27.341267],[94.507313,27.341466],[94.507823,27.341864],[94.508141,27.342112],[94.508561,27.342339],[94.508713,27.342415],[94.508839,27.342605],[94.508839,27.342736],[94.508732,27.342944],[94.5085,27.343038],[94.508181,27.343133],[94.50767,27.343191],[94.507351,27.343344],[94.507245,27.343475],[94.507032,27.343818],[94.507077,27.344234],[94.507375,27.344744],[94.508052,27.345237],[94.509219,27.346055],[94.509952,27.346941],[94.510209,27.347528],[94.510502,27.347831],[94.511033,27.348192],[94.512043,27.348758],[94.512205,27.348907],[94.512982,27.34933],[94.514158,27.349234],[94.514422,27.349061],[94.515339,27.349882],[94.51587,27.350261],[94.517245,27.350077],[94.517984,27.349319],[94.517775,27.346582],[94.517745,27.345742],[94.51792,27.343497],[94.519669,27.341822],[94.522513,27.339732],[94.523756,27.339231],[94.527032,27.338206],[94.529088,27.337396],[94.527072,27.332524],[94.524845,27.33033],[94.525047,27.329732],[94.52534,27.329811],[94.525621,27.329887],[94.525903,27.329962],[94.526647,27.330225],[94.526902,27.330315],[94.526912,27.33028],[94.527347,27.328781],[94.530969,27.33081],[94.532218,27.32903],[94.533095,27.327776],[94.533962,27.327149],[94.535234,27.328251],[94.536162,27.328175],[94.536813,27.329667],[94.53798,27.330842],[94.540212,27.331899],[94.541053,27.331209],[94.542956,27.33133],[94.543215,27.330688],[94.543204,27.330508],[94.542705,27.329516],[94.541421,27.329388],[94.541281,27.329518],[94.540341,27.329374],[94.540682,27.327737],[94.539751,27.327151],[94.540079,27.326563],[94.539928,27.326119],[94.538816,27.325782],[94.536757,27.325473],[94.53534,27.324524],[94.535529,27.324056],[94.536446,27.322871],[94.537037,27.322408],[94.537801,27.322524],[94.538255,27.321128],[94.539131,27.319884],[94.54048,27.318574],[94.541605,27.319313],[94.543988,27.316794],[94.540074,27.313806],[94.539302,27.31259],[94.535947,27.310722],[94.538409,27.306993],[94.538021,27.306694],[94.540161,27.305115],[94.540854,27.304469],[94.540425,27.303944],[94.541157,27.303653],[94.540479,27.301875],[94.539626,27.30048],[94.539308,27.29999],[94.538253,27.298807],[94.537564,27.297976],[94.537029,27.297194],[94.536873,27.296758],[94.536865,27.296623],[94.53689,27.296462],[94.536952,27.296348],[94.537273,27.296167],[94.537553,27.296117],[94.53787,27.296121],[94.53833,27.296204],[94.53874,27.296271],[94.539016,27.296265],[94.539284,27.296259],[94.539648,27.296119],[94.540037,27.295928],[94.540234,27.295753],[94.540654,27.295505],[94.540845,27.295244],[94.54099,27.295003],[94.541106,27.294751],[94.541206,27.294473],[94.541403,27.293919],[94.541971,27.292426],[94.542143,27.29184],[94.542248,27.291508],[94.542279,27.291328],[94.542281,27.291125],[94.542274,27.290885],[94.542282,27.290663],[94.542336,27.290168],[94.542418,27.289924],[94.542519,27.289753],[94.542709,27.289584],[94.542881,27.289465],[94.543074,27.289339],[94.543388,27.289177],[94.543771,27.288999],[94.543991,27.288872],[94.544247,27.288527],[94.544436,27.288112],[94.5445,27.2879],[94.544537,27.28759],[94.544546,27.287269],[94.544565,27.287004],[94.544413,27.286284],[94.544291,27.285735],[94.54418,27.285371],[94.543997,27.285065],[94.543876,27.284874],[94.54353,27.284373],[94.542996,27.283966],[94.542611,27.28375],[94.541949,27.28351],[94.54119,27.283372],[94.540113,27.283219],[94.539475,27.283169],[94.539121,27.283123],[94.538738,27.283049],[94.538464,27.282969],[94.538216,27.282851],[94.538008,27.282707],[94.537818,27.282525],[94.537711,27.282345],[94.537638,27.282145],[94.537579,27.281852],[94.537554,27.281656],[94.537495,27.281357],[94.537436,27.281157],[94.537315,27.280855],[94.537164,27.280523],[94.536786,27.279943],[94.536715,27.27978],[94.536647,27.279561],[94.536612,27.279206],[94.536625,27.278719],[94.536601,27.278301],[94.536443,27.277951],[94.536273,27.277626],[94.536093,27.277499],[94.535834,27.277421],[94.535385,27.277415],[94.535026,27.27753],[94.534825,27.27762],[94.534597,27.277612],[94.534496,27.27753],[94.534384,27.277394],[94.534282,27.277047],[94.534299,27.276628],[94.534456,27.27614],[94.53502,27.275159],[94.53541,27.274759],[94.535881,27.274331],[94.536367,27.274025],[94.537231,27.273708],[94.53769,27.273545],[94.53844,27.273406],[94.539377,27.273405],[94.540202,27.273484],[94.541201,27.273721],[94.541733,27.27398],[94.542609,27.274463],[94.543069,27.274903],[94.543146,27.275047],[94.543191,27.275452],[94.543068,27.27595],[94.542972,27.276435],[94.542951,27.27691],[94.543035,27.278003],[94.543086,27.278998],[94.543101,27.279724],[94.543197,27.280071],[94.543328,27.280305],[94.543747,27.280643],[94.544103,27.280829],[94.5445,27.280903],[94.544832,27.280931],[94.54537,27.280931],[94.545753,27.280999],[94.546028,27.281109],[94.546436,27.281374],[94.546658,27.281635],[94.547011,27.282123],[94.547242,27.28255],[94.547684,27.283268],[94.548078,27.283638],[94.548356,27.283804],[94.548894,27.28392],[94.549211,27.28393],[94.549631,27.283923],[94.549884,27.283887],[94.550223,27.283791],[94.550548,27.283677],[94.550753,27.283538],[94.550908,27.283353],[94.551078,27.283074],[94.551239,27.282758],[94.551328,27.282514],[94.551403,27.28227],[94.55143,27.282029],[94.551468,27.281849],[94.551438,27.281099],[94.551419,27.280533],[94.551451,27.280131],[94.551544,27.279831],[94.551602,27.279527],[94.551675,27.279234],[94.551679,27.27908],[94.55167,27.278914],[94.551689,27.278771],[94.551737,27.278652],[94.551814,27.278427],[94.551958,27.278069],[94.551982,27.277772],[94.55204,27.277462],[94.552144,27.277229],[94.552326,27.277036],[94.552454,27.27687],[94.552552,27.276773],[94.552798,27.276632],[94.553013,27.276523],[94.553321,27.27638],[94.553587,27.276318],[94.553897,27.276316],[94.554227,27.276307],[94.554652,27.276275],[94.555332,27.276225],[94.555786,27.276327],[94.556148,27.276384],[94.556595,27.276375],[94.556903,27.276343],[94.55732,27.27628],[94.557472,27.276279],[94.557597,27.276304],[94.557765,27.276346],[94.558014,27.27647],[94.558446,27.27656],[94.558745,27.276602],[94.559037,27.276878],[94.559125,27.277212],[94.559029,27.277691],[94.558677,27.278625],[94.558568,27.278895],[94.558577,27.279049],[94.558667,27.279291],[94.558753,27.279471],[94.559239,27.280003],[94.559493,27.280219],[94.559744,27.280493],[94.560037,27.280508],[94.560416,27.2805],[94.560759,27.280468],[94.561097,27.28041],[94.561451,27.280347],[94.561815,27.280225],[94.562104,27.280225],[94.562889,27.280096],[94.56322,27.280097],[94.563715,27.280134],[94.563963,27.280097],[94.564273,27.280023],[94.564397,27.279894],[94.564955,27.279765],[94.565161,27.279673],[94.565265,27.279507],[94.565389,27.279267],[94.565637,27.278934],[94.565843,27.278842],[94.566339,27.278842],[94.566422,27.278805],[94.566484,27.278695],[94.56664,27.276992],[94.567728,27.276033],[94.570113,27.275383],[94.573843,27.275049],[94.579343,27.274015],[94.587925,27.269643]]]}}]}