{
"type": "FeatureCollection",
"name": "339_BANKURA",
"crs": { "type": "name", "properties": { "name": "urn:ogc:def:crs:OGC:1.3:CRS84" } },
"xy_coordinate_resolution": 1e-05,
"features": [
{ "type": "Feature", "properties": { "OBJECTID": 362, "state_lgd": "19", "state_name": "WEST BENGAL", "district_lgd": "339", "district_name": "BANKURA", "district_name_source": "district_table", "subdistrict_lgd": "02361", "subdistrict_name": "Bankura - I", "subdistrict_type": "CD_Block", "name_corrupted": false, "remarks": "", "label_lon": 86.985708337822714, "label_lat": 23.225715522159568 }, "geometry": { "type": "Polygon", "coordinates": [ [ [ 86.96129, 23.29533 ], [ 86.96355, 23.29597 ], [ 86.96943, 23.29421 ], [ 86.97001, 23.29353 ], [ 86.96947, 23.29154 ], [ 86.97103, 23.28925 ], [ 86.9779, 23.28516 ], [ 86.9794, 23.28315 ], [ 86.98017, 23.28315 ], [ 86.98204, 23.28661 ], [ 86.98582, 23.28591 ], [ 86.98627, 23.28793 ], [ 86.98386, 23.29186 ], [ 86.98711, 23.29373 ], [ 86.98792, 23.2907 ], [ 86.99263, 23.29127 ], [ 86.99536, 23.28895 ], [ 86.9966, 23.28925 ], [ 87.00232, 23.28661 ], [ 87.01061, 23.28063 ], [ 87.01293, 23.28047 ], [ 87.01202, 23.27811 ], [ 87.01246, 23.27733 ], [ 87.01174, 23.27685 ], [ 87.01269, 23.2741 ], [ 87.0111, 23.27227 ], [ 87.01173, 23.27176 ], [ 87.01302, 23.27275 ], [ 87.01483, 23.27222 ], [ 87.01484, 23.26888 ], [ 87.01358, 23.26734 ], [ 87.0152, 23.26601 ], [ 87.01376, 23.26481 ], [ 87.01278, 23.26698 ], [ 87.01178, 23.2669 ], [ 87.01322, 23.2641 ], [ 87.01305, 23.26269 ], [ 87.01457, 23.26019 ], [ 87.01724, 23.25926 ], [ 87.02087, 23.26283 ], [ 87.02211, 23.26324 ], [ 87.023, 23.26149 ], [ 87.0203, 23.26046 ], [ 87.02004, 23.2596 ], [ 87.02104, 23.2592 ], [ 87.02064, 23.25835 ], [ 87.01663, 23.25774 ], [ 87.01489, 23.25622 ], [ 87.01492, 23.25471 ], [ 87.01754, 23.25194 ], [ 87.01605, 23.24998 ], [ 87.01784, 23.24907 ], [ 87.01734, 23.24696 ], [ 87.0193, 23.24633 ], [ 87.02077, 23.24478 ], [ 87.02367, 23.24623 ], [ 87.0308, 23.24278 ], [ 87.0344, 23.24259 ], [ 87.03776, 23.24766 ], [ 87.04018, 23.24714 ], [ 87.04314, 23.24862 ], [ 87.04492, 23.24673 ], [ 87.0452, 23.24983 ], [ 87.04688, 23.2543 ], [ 87.04786, 23.25464 ], [ 87.05132, 23.25206 ], [ 87.05315, 23.25222 ], [ 87.05434, 23.25069 ], [ 87.05842, 23.25007 ], [ 87.05898, 23.24844 ], [ 87.06063, 23.24929 ], [ 87.06291, 23.24767 ], [ 87.06398, 23.24888 ], [ 87.06577, 23.24919 ], [ 87.06647, 23.24847 ], [ 87.06519, 23.24698 ], [ 87.06765, 23.24533 ], [ 87.06883, 23.2462 ], [ 87.07103, 23.24489 ], [ 87.07204, 23.24656 ], [ 87.07188, 23.24208 ], [ 87.07573, 23.2409 ], [ 87.07943, 23.24154 ], [ 87.08198, 23.23815 ], [ 87.0847, 23.2376 ], [ 87.0847, 23.23568 ], [ 87.08589, 23.23386 ], [ 87.08385, 23.23164 ], [ 87.08911, 23.22967 ], [ 87.08851, 23.22674 ], [ 87.08647, 23.22591 ], [ 87.08506, 23.22743 ], [ 87.08296, 23.22715 ], [ 87.08291, 23.22538 ], [ 87.08136, 23.22437 ], [ 87.08164, 23.21879 ], [ 87.08077, 23.21748 ], [ 87.07876, 23.21712 ], [ 87.07781, 23.21413 ], [ 87.07601, 23.2124 ], [ 87.07421, 23.21221 ], [ 87.07432, 23.21197 ], [ 87.0777, 23.20642 ], [ 87.07925, 23.20497 ], [ 87.07907, 23.20469 ], [ 87.08351, 23.20352 ], [ 87.08737, 23.20375 ], [ 87.09346, 23.20631 ], [ 87.10001, 23.21026 ], [ 87.10197, 23.2104 ], [ 87.10028, 23.20972 ], [ 87.0994, 23.20744 ], [ 87.10122, 23.2062 ], [ 87.10087, 23.20544 ], [ 87.09865, 23.20409 ], [ 87.09729, 23.20437 ], [ 87.09572, 23.20264 ], [ 87.09489, 23.19817 ], [ 87.09587, 23.19743 ], [ 87.09187, 23.19008 ], [ 87.09034, 23.18946 ], [ 87.08834, 23.19041 ], [ 87.08734, 23.18942 ], [ 87.0854, 23.18977 ], [ 87.08308, 23.1917 ], [ 87.08394, 23.19241 ], [ 87.08375, 23.19402 ], [ 87.08212, 23.19427 ], [ 87.08171, 23.19528 ], [ 87.08052, 23.19486 ], [ 87.07616, 23.19613 ], [ 87.07729, 23.19479 ], [ 87.07595, 23.19409 ], [ 87.07565, 23.19292 ], [ 87.07217, 23.19175 ], [ 87.06481, 23.18477 ], [ 87.05994, 23.1834 ], [ 87.05994, 23.18262 ], [ 87.05771, 23.1808 ], [ 87.05681, 23.17713 ], [ 87.0551, 23.17553 ], [ 87.05307, 23.17519 ], [ 87.04524, 23.1765 ], [ 87.04481, 23.17848 ], [ 87.04235, 23.18033 ], [ 87.04169, 23.18381 ], [ 87.03935, 23.18649 ], [ 87.03233, 23.18332 ], [ 87.03118, 23.17909 ], [ 87.02998, 23.17746 ], [ 87.0249, 23.1782 ], [ 87.02087, 23.18037 ], [ 87.02013, 23.17971 ], [ 87.01608, 23.17953 ], [ 87.01215, 23.17755 ], [ 87.01353, 23.17459 ], [ 87.01279, 23.17377 ], [ 87.01088, 23.1732 ], [ 87.00792, 23.17069 ], [ 87.00503, 23.17069 ], [ 87.0059, 23.16866 ], [ 87.00414, 23.16464 ], [ 86.99532, 23.16338 ], [ 86.99421, 23.16247 ], [ 86.99481, 23.16172 ], [ 86.99277, 23.15853 ], [ 86.98949, 23.15862 ], [ 86.98388, 23.16049 ], [ 86.98262, 23.15919 ], [ 86.97885, 23.16142 ], [ 86.97448, 23.16035 ], [ 86.97122, 23.16305 ], [ 86.96765, 23.16319 ], [ 86.96715, 23.16505 ], [ 86.96514, 23.16574 ], [ 86.96168, 23.16881 ], [ 86.96168, 23.17183 ], [ 86.96033, 23.17425 ], [ 86.9542, 23.17467 ], [ 86.95507, 23.1756 ], [ 86.95467, 23.17727 ], [ 86.95573, 23.17736 ], [ 86.95422, 23.17829 ], [ 86.9544, 23.18099 ], [ 86.9521, 23.18357 ], [ 86.95094, 23.18361 ], [ 86.95024, 23.18579 ], [ 86.94391, 23.18756 ], [ 86.94392, 23.19122 ], [ 86.94306, 23.19201 ], [ 86.93289, 23.19364 ], [ 86.93134, 23.19167 ], [ 86.92915, 23.19174 ], [ 86.92602, 23.19264 ], [ 86.92398, 23.19501 ], [ 86.9208, 23.19255 ], [ 86.91915, 23.19288 ], [ 86.91904, 23.19134 ], [ 86.91663, 23.18865 ], [ 86.91178, 23.18791 ], [ 86.90834, 23.18205 ], [ 86.9048, 23.18251 ], [ 86.9055, 23.18499 ], [ 86.90338, 23.18583 ], [ 86.90379, 23.18737 ], [ 86.89885, 23.18869 ], [ 86.89843, 23.19452 ], [ 86.90011, 23.1945 ], [ 86.90148, 23.1975 ], [ 86.90136, 23.20341 ], [ 86.90016, 23.20644 ], [ 86.89764, 23.20842 ], [ 86.89765, 23.21158 ], [ 86.89533, 23.21442 ], [ 86.89508, 23.21584 ], [ 86.89626, 23.21793 ], [ 86.89816, 23.218 ], [ 86.89824, 23.21996 ], [ 86.89989, 23.21969 ], [ 86.90118, 23.2239 ], [ 86.89789, 23.22402 ], [ 86.89721, 23.22496 ], [ 86.89771, 23.22882 ], [ 86.89979, 23.23119 ], [ 86.90065, 23.23106 ], [ 86.90107, 23.23286 ], [ 86.90374, 23.23325 ], [ 86.90502, 23.23504 ], [ 86.90316, 23.23678 ], [ 86.90281, 23.24035 ], [ 86.90636, 23.24316 ], [ 86.90861, 23.24869 ], [ 86.91409, 23.25239 ], [ 86.91359, 23.25346 ], [ 86.91525, 23.25563 ], [ 86.9145, 23.25872 ], [ 86.91285, 23.26097 ], [ 86.90639, 23.26185 ], [ 86.90414, 23.26404 ], [ 86.90366, 23.26582 ], [ 86.9084, 23.27253 ], [ 86.91244, 23.27548 ], [ 86.91247, 23.27422 ], [ 86.91522, 23.275 ], [ 86.91525, 23.27676 ], [ 86.91839, 23.27638 ], [ 86.91897, 23.27774 ], [ 86.92122, 23.27836 ], [ 86.92175, 23.28015 ], [ 86.92528, 23.2832 ], [ 86.92653, 23.283 ], [ 86.92791, 23.28649 ], [ 86.93001, 23.28669 ], [ 86.92965, 23.28823 ], [ 86.93249, 23.28828 ], [ 86.93543, 23.28729 ], [ 86.93948, 23.28458 ], [ 86.94415, 23.28512 ], [ 86.94744, 23.2876 ], [ 86.95034, 23.28749 ], [ 86.95109, 23.28937 ], [ 86.95021, 23.28924 ], [ 86.94881, 23.29063 ], [ 86.95467, 23.2963 ], [ 86.95571, 23.29822 ], [ 86.96129, 23.29533 ] ] ] } },
{ "type": "Feature", "properties": { "OBJECTID": 363, "state_lgd": "19", "state_name": "WEST BENGAL", "district_lgd": "339", "district_name": "BANKURA", "district_name_source": "district_table", "subdistrict_lgd": "02362", "subdistrict_name": "Bankura - II", "subdistrict_type": "CD_Block", "name_corrupted": false, "remarks": "", "label_lon": 87.103141570645718, "label_lat": 23.277690158701006 }, "geometry": { "type": "Polygon", "coordinates": [ [ [ 87.03587, 23.3771 ], [ 87.03902, 23.37292 ], [ 87.03937, 23.37097 ], [ 87.03757, 23.36731 ], [ 87.03522, 23.36466 ], [ 87.03543, 23.36205 ], [ 87.0419, 23.35608 ], [ 87.04608, 23.35389 ], [ 87.04767, 23.3537 ], [ 87.05067, 23.35485 ], [ 87.0503, 23.35348 ], [ 87.0528, 23.35189 ], [ 87.05649, 23.35517 ], [ 87.05337, 23.35001 ], [ 87.05305, 23.34694 ], [ 87.05509, 23.34991 ], [ 87.05574, 23.34981 ], [ 87.05466, 23.34628 ], [ 87.05594, 23.34476 ], [ 87.05463, 23.34351 ], [ 87.05665, 23.34276 ], [ 87.05733, 23.34093 ], [ 87.05888, 23.34022 ], [ 87.05853, 23.33935 ], [ 87.05742, 23.33945 ], [ 87.05783, 23.33681 ], [ 87.05652, 23.33659 ], [ 87.05528, 23.33743 ], [ 87.05406, 23.33658 ], [ 87.05374, 23.33324 ], [ 87.04887, 23.33087 ], [ 87.04951, 23.33004 ], [ 87.04561, 23.32725 ], [ 87.04718, 23.32638 ], [ 87.04893, 23.32831 ], [ 87.05056, 23.32787 ], [ 87.04964, 23.32924 ], [ 87.05007, 23.32962 ], [ 87.05579, 23.32765 ], [ 87.0565, 23.32578 ], [ 87.05564, 23.32255 ], [ 87.05666, 23.31838 ], [ 87.05847, 23.31808 ], [ 87.06347, 23.32363 ], [ 87.06601, 23.32379 ], [ 87.06967, 23.32113 ], [ 87.07051, 23.32019 ], [ 87.06972, 23.31869 ], [ 87.07209, 23.31726 ], [ 87.06982, 23.31285 ], [ 87.07037, 23.31197 ], [ 87.07185, 23.31172 ], [ 87.07651, 23.31384 ], [ 87.07815, 23.31566 ], [ 87.08188, 23.31763 ], [ 87.08456, 23.31701 ], [ 87.08668, 23.32425 ], [ 87.08428, 23.32448 ], [ 87.08428, 23.32532 ], [ 87.08592, 23.32617 ], [ 87.09003, 23.32577 ], [ 87.09534, 23.32047 ], [ 87.0955, 23.31908 ], [ 87.09683, 23.31782 ], [ 87.1034, 23.31567 ], [ 87.10398, 23.31476 ], [ 87.10961, 23.31465 ], [ 87.11097, 23.31184 ], [ 87.12225, 23.30574 ], [ 87.12213, 23.30293 ], [ 87.12529, 23.30279 ], [ 87.12613, 23.30418 ], [ 87.12571, 23.30622 ], [ 87.12684, 23.30692 ], [ 87.12965, 23.30681 ], [ 87.13015, 23.30538 ], [ 87.13194, 23.30513 ], [ 87.13458, 23.30642 ], [ 87.13614, 23.30395 ], [ 87.13809, 23.30354 ], [ 87.1375, 23.30286 ], [ 87.13973, 23.3012 ], [ 87.14187, 23.30099 ], [ 87.14381, 23.29832 ], [ 87.1459, 23.29714 ], [ 87.14928, 23.30134 ], [ 87.14925, 23.30439 ], [ 87.14888, 23.30485 ], [ 87.1476, 23.30388 ], [ 87.14455, 23.30698 ], [ 87.14339, 23.30703 ], [ 87.14293, 23.3084 ], [ 87.14656, 23.3118 ], [ 87.15276, 23.30948 ], [ 87.15457, 23.3096 ], [ 87.15597, 23.31124 ], [ 87.15724, 23.31113 ], [ 87.15681, 23.31268 ], [ 87.15493, 23.31267 ], [ 87.1545, 23.31691 ], [ 87.1532, 23.31859 ], [ 87.15482, 23.31955 ], [ 87.15495, 23.32153 ], [ 87.15568, 23.32189 ], [ 87.15691, 23.32083 ], [ 87.16079, 23.31973 ], [ 87.16196, 23.31708 ], [ 87.16142, 23.31504 ], [ 87.16226, 23.31353 ], [ 87.16583, 23.31127 ], [ 87.16291, 23.30855 ], [ 87.16255, 23.30714 ], [ 87.16136, 23.30678 ], [ 87.16167, 23.30437 ], [ 87.16424, 23.30151 ], [ 87.16777, 23.30474 ], [ 87.16936, 23.30377 ], [ 87.1723, 23.29909 ], [ 87.17214, 23.29607 ], [ 87.17338, 23.29384 ], [ 87.17302, 23.29193 ], [ 87.17549, 23.29142 ], [ 87.1768, 23.29023 ], [ 87.17975, 23.29185 ], [ 87.18704, 23.28994 ], [ 87.18776, 23.28728 ], [ 87.19245, 23.28481 ], [ 87.19603, 23.28452 ], [ 87.19593, 23.28256 ], [ 87.19759, 23.28063 ], [ 87.21071, 23.27869 ], [ 87.21052, 23.27077 ], [ 87.20802, 23.26036 ], [ 87.21209, 23.25926 ], [ 87.21321, 23.25699 ], [ 87.2229, 23.25364 ], [ 87.22788, 23.2536 ], [ 87.22947, 23.25392 ], [ 87.23061, 23.25538 ], [ 87.23388, 23.25583 ], [ 87.23354, 23.25493 ], [ 87.23508, 23.25328 ], [ 87.23262, 23.24291 ], [ 87.2309, 23.24017 ], [ 87.23112, 23.23697 ], [ 87.22867, 23.23518 ], [ 87.22609, 23.2309 ], [ 87.22908, 23.22983 ], [ 87.2307, 23.23074 ], [ 87.23361, 23.23054 ], [ 87.23335, 23.22852 ], [ 87.23252, 23.22763 ], [ 87.22998, 23.22795 ], [ 87.22681, 23.21752 ], [ 87.22286, 23.2155 ], [ 87.22026, 23.21198 ], [ 87.21682, 23.21065 ], [ 87.21249, 23.20217 ], [ 87.21039, 23.20304 ], [ 87.20777, 23.20204 ], [ 87.20555, 23.20502 ], [ 87.20052, 23.20817 ], [ 87.19933, 23.20766 ], [ 87.19756, 23.20367 ], [ 87.19795, 23.20302 ], [ 87.19396, 23.20428 ], [ 87.19435, 23.20588 ], [ 87.19291, 23.20738 ], [ 87.19098, 23.20731 ], [ 87.19105, 23.20913 ], [ 87.18983, 23.21064 ], [ 87.19176, 23.21435 ], [ 87.18699, 23.2201 ], [ 87.1832, 23.22171 ], [ 87.17457, 23.22071 ], [ 87.17172, 23.22174 ], [ 87.16873, 23.22361 ], [ 87.16779, 23.22726 ], [ 87.16651, 23.22908 ], [ 87.16324, 23.23057 ], [ 87.15993, 23.23122 ], [ 87.15472, 23.22839 ], [ 87.15176, 23.22942 ], [ 87.14381, 23.22942 ], [ 87.13541, 23.22806 ], [ 87.12974, 23.23074 ], [ 87.12679, 23.23106 ], [ 87.12336, 23.23041 ], [ 87.11201, 23.22398 ], [ 87.10885, 23.22328 ], [ 87.10523, 23.21909 ], [ 87.10808, 23.215 ], [ 87.10675, 23.21329 ], [ 87.08737, 23.20375 ], [ 87.08217, 23.20367 ], [ 87.07907, 23.20469 ], [ 87.07925, 23.20497 ], [ 87.0777, 23.20642 ], [ 87.07432, 23.21197 ], [ 87.07421, 23.21221 ], [ 87.07714, 23.21339 ], [ 87.07876, 23.21712 ], [ 87.08012, 23.21694 ], [ 87.08164, 23.21879 ], [ 87.08136, 23.22437 ], [ 87.08291, 23.22538 ], [ 87.08296, 23.22715 ], [ 87.08506, 23.22743 ], [ 87.08647, 23.22591 ], [ 87.08829, 23.22647 ], [ 87.08911, 23.22967 ], [ 87.08385, 23.23164 ], [ 87.08589, 23.23386 ], [ 87.0847, 23.23568 ], [ 87.0847, 23.2376 ], [ 87.08198, 23.23815 ], [ 87.07943, 23.24154 ], [ 87.07573, 23.2409 ], [ 87.07188, 23.24208 ], [ 87.07239, 23.24639 ], [ 87.07103, 23.24489 ], [ 87.06883, 23.2462 ], [ 87.06765, 23.24533 ], [ 87.06519, 23.24698 ], [ 87.06647, 23.24847 ], [ 87.06577, 23.24919 ], [ 87.06398, 23.24888 ], [ 87.06291, 23.24767 ], [ 87.06063, 23.24929 ], [ 87.05898, 23.24844 ], [ 87.05842, 23.25007 ], [ 87.05434, 23.25069 ], [ 87.05315, 23.25222 ], [ 87.05132, 23.25206 ], [ 87.04744, 23.25466 ], [ 87.0452, 23.24983 ], [ 87.04492, 23.24673 ], [ 87.04314, 23.24862 ], [ 87.04018, 23.24714 ], [ 87.03776, 23.24766 ], [ 87.0344, 23.24259 ], [ 87.0308, 23.24278 ], [ 87.02367, 23.24623 ], [ 87.02077, 23.24478 ], [ 87.0193, 23.24633 ], [ 87.01734, 23.24696 ], [ 87.01784, 23.24907 ], [ 87.01605, 23.24998 ], [ 87.01754, 23.25194 ], [ 87.01492, 23.25471 ], [ 87.01489, 23.25622 ], [ 87.01663, 23.25774 ], [ 87.02064, 23.25835 ], [ 87.02104, 23.2592 ], [ 87.02004, 23.2596 ], [ 87.0203, 23.26046 ], [ 87.023, 23.26149 ], [ 87.02211, 23.26324 ], [ 87.01987, 23.26237 ], [ 87.01724, 23.25926 ], [ 87.01457, 23.26019 ], [ 87.01178, 23.2669 ], [ 87.01278, 23.26698 ], [ 87.01376, 23.26481 ], [ 87.01495, 23.26544 ], [ 87.0152, 23.26601 ], [ 87.01358, 23.26734 ], [ 87.01484, 23.26888 ], [ 87.01483, 23.27222 ], [ 87.01302, 23.27275 ], [ 87.01173, 23.27176 ], [ 87.0111, 23.27227 ], [ 87.01269, 23.2741 ], [ 87.01174, 23.27685 ], [ 87.01246, 23.27733 ], [ 87.01202, 23.27811 ], [ 87.01293, 23.28047 ], [ 87.01061, 23.28063 ], [ 87.00232, 23.28661 ], [ 86.9966, 23.28925 ], [ 86.99536, 23.28895 ], [ 86.99426, 23.29026 ], [ 86.99711, 23.29376 ], [ 86.9981, 23.29362 ], [ 87.00209, 23.29964 ], [ 87.0054, 23.29808 ], [ 87.00971, 23.29827 ], [ 87.00969, 23.30039 ], [ 87.00872, 23.30183 ], [ 87.00412, 23.30409 ], [ 87.00132, 23.30656 ], [ 86.9998, 23.31043 ], [ 86.99785, 23.31289 ], [ 86.99807, 23.31453 ], [ 87.00118, 23.31647 ], [ 86.99939, 23.31754 ], [ 87.00034, 23.3183 ], [ 86.99471, 23.3204 ], [ 86.99238, 23.31964 ], [ 86.99441, 23.32241 ], [ 86.99694, 23.324 ], [ 86.99874, 23.32399 ], [ 86.99932, 23.32829 ], [ 86.9936, 23.33397 ], [ 87.0018, 23.33952 ], [ 87.00661, 23.33857 ], [ 87.00855, 23.33928 ], [ 87.01085, 23.33873 ], [ 87.01292, 23.3408 ], [ 87.01293, 23.34294 ], [ 87.01525, 23.34781 ], [ 87.01542, 23.35194 ], [ 87.00736, 23.35112 ], [ 87.00329, 23.35568 ], [ 87.00519, 23.35669 ], [ 87.00335, 23.35883 ], [ 87.00354, 23.35998 ], [ 87.00476, 23.36052 ], [ 87.00375, 23.36218 ], [ 87.00401, 23.3633 ], [ 87.00741, 23.36558 ], [ 87.00476, 23.36677 ], [ 87.00482, 23.36856 ], [ 87.00643, 23.37013 ], [ 87.01095, 23.36979 ], [ 87.00944, 23.37114 ], [ 87.01142, 23.37458 ], [ 87.01152, 23.37646 ], [ 87.01408, 23.3766 ], [ 87.01538, 23.37578 ], [ 87.01589, 23.37956 ], [ 87.01776, 23.38024 ], [ 87.01872, 23.38178 ], [ 87.02318, 23.38216 ], [ 87.03301, 23.37946 ], [ 87.03465, 23.37841 ], [ 87.03475, 23.37753 ], [ 87.03587, 23.3771 ] ] ] } },
{ "type": "Feature", "properties": { "OBJECTID": 364, "state_lgd": "19", "state_name": "WEST BENGAL", "district_lgd": "339", "district_name": "BANKURA", "district_name_source": "district_table", "subdistrict_lgd": "02363", "subdistrict_name": "Barjora", "subdistrict_type": "CD_Block", "name_corrupted": false, "remarks": "", "label_lon": 87.273987259484571, "label_lat": 23.378595493828243 }, "geometry": { "type": "Polygon", "coordinates": [ [ [ 87.27077, 23.50699 ], [ 87.27472, 23.50065 ], [ 87.27899, 23.49903 ], [ 87.28083, 23.49719 ], [ 87.29391, 23.49006 ], [ 87.30285, 23.48261 ], [ 87.31708, 23.47592 ], [ 87.33094, 23.47143 ], [ 87.34377, 23.46494 ], [ 87.35385, 23.45805 ], [ 87.36059, 23.4507 ], [ 87.36905, 23.4464 ], [ 87.37751, 23.44013 ], [ 87.39103, 23.43398 ], [ 87.39599, 23.43355 ], [ 87.40805, 23.42843 ], [ 87.38701, 23.40804 ], [ 87.38555, 23.40367 ], [ 87.38628, 23.40241 ], [ 87.38561, 23.40181 ], [ 87.38607, 23.39992 ], [ 87.38696, 23.39965 ], [ 87.38516, 23.39531 ], [ 87.38545, 23.39352 ], [ 87.38375, 23.39177 ], [ 87.38397, 23.38866 ], [ 87.38076, 23.38851 ], [ 87.37758, 23.39048 ], [ 87.36936, 23.39226 ], [ 87.36617, 23.3937 ], [ 87.36559, 23.39474 ], [ 87.3648, 23.39411 ], [ 87.36113, 23.3956 ], [ 87.35946, 23.3947 ], [ 87.35756, 23.39501 ], [ 87.35344, 23.39004 ], [ 87.35261, 23.38845 ], [ 87.35339, 23.38651 ], [ 87.35182, 23.38691 ], [ 87.35256, 23.3861 ], [ 87.35198, 23.38481 ], [ 87.3511, 23.38449 ], [ 87.35056, 23.38558 ], [ 87.34919, 23.38521 ], [ 87.34781, 23.38435 ], [ 87.34732, 23.38286 ], [ 87.34625, 23.38313 ], [ 87.34507, 23.38191 ], [ 87.34424, 23.37996 ], [ 87.34468, 23.37897 ], [ 87.34214, 23.37666 ], [ 87.34185, 23.37552 ], [ 87.34011, 23.37492 ], [ 87.33947, 23.37207 ], [ 87.34018, 23.3718 ], [ 87.33814, 23.36918 ], [ 87.33548, 23.36929 ], [ 87.33381, 23.36809 ], [ 87.33182, 23.36898 ], [ 87.33189, 23.3678 ], [ 87.3302, 23.36744 ], [ 87.33027, 23.36679 ], [ 87.32661, 23.3665 ], [ 87.3246, 23.37004 ], [ 87.32276, 23.36916 ], [ 87.32305, 23.36418 ], [ 87.32191, 23.36443 ], [ 87.3217, 23.36322 ], [ 87.32043, 23.36309 ], [ 87.31792, 23.35736 ], [ 87.31892, 23.35636 ], [ 87.31824, 23.35526 ], [ 87.32047, 23.35363 ], [ 87.32161, 23.35501 ], [ 87.32165, 23.35305 ], [ 87.32483, 23.3508 ], [ 87.32582, 23.35196 ], [ 87.32671, 23.35082 ], [ 87.32611, 23.34921 ], [ 87.3278, 23.34706 ], [ 87.32885, 23.34817 ], [ 87.3311, 23.34539 ], [ 87.33466, 23.34656 ], [ 87.33851, 23.34445 ], [ 87.33886, 23.34173 ], [ 87.34069, 23.34151 ], [ 87.3405, 23.33945 ], [ 87.34356, 23.33664 ], [ 87.3482, 23.33651 ], [ 87.35097, 23.33748 ], [ 87.35066, 23.33399 ], [ 87.3486, 23.33092 ], [ 87.34681, 23.33103 ], [ 87.34732, 23.32989 ], [ 87.34598, 23.32772 ], [ 87.34448, 23.32725 ], [ 87.34245, 23.32078 ], [ 87.34497, 23.32159 ], [ 87.34192, 23.31629 ], [ 87.34022, 23.31661 ], [ 87.33777, 23.30999 ], [ 87.33649, 23.30842 ], [ 87.33191, 23.3075 ], [ 87.33243, 23.30256 ], [ 87.32996, 23.29262 ], [ 87.33095, 23.29037 ], [ 87.33078, 23.28515 ], [ 87.3266, 23.27727 ], [ 87.32578, 23.26907 ], [ 87.32344, 23.26651 ], [ 87.31804, 23.26577 ], [ 87.31515, 23.26657 ], [ 87.31002, 23.26618 ], [ 87.30619, 23.26767 ], [ 87.30506, 23.26132 ], [ 87.30025, 23.26302 ], [ 87.30136, 23.26662 ], [ 87.29901, 23.26937 ], [ 87.29496, 23.27194 ], [ 87.29385, 23.27133 ], [ 87.2874, 23.27182 ], [ 87.2843, 23.26722 ], [ 87.28229, 23.26932 ], [ 87.27963, 23.26462 ], [ 87.27858, 23.26734 ], [ 87.27568, 23.2693 ], [ 87.27328, 23.26626 ], [ 87.27204, 23.26767 ], [ 87.27122, 23.26681 ], [ 87.26871, 23.26197 ], [ 87.26295, 23.259 ], [ 87.26616, 23.25203 ], [ 87.26572, 23.25028 ], [ 87.26127, 23.25004 ], [ 87.26124, 23.24868 ], [ 87.25905, 23.24809 ], [ 87.25859, 23.25067 ], [ 87.2531, 23.25694 ], [ 87.25096, 23.25343 ], [ 87.24921, 23.25474 ], [ 87.2449, 23.25415 ], [ 87.24168, 23.25627 ], [ 87.23656, 23.26381 ], [ 87.23485, 23.26469 ], [ 87.23379, 23.26458 ], [ 87.23302, 23.26087 ], [ 87.23558, 23.25707 ], [ 87.22788, 23.2536 ], [ 87.2229, 23.25363 ], [ 87.21321, 23.25699 ], [ 87.21209, 23.25925 ], [ 87.20802, 23.26036 ], [ 87.21052, 23.27077 ], [ 87.21071, 23.27869 ], [ 87.19759, 23.28063 ], [ 87.19593, 23.28256 ], [ 87.19603, 23.28452 ], [ 87.19245, 23.28481 ], [ 87.18775, 23.28728 ], [ 87.18704, 23.28994 ], [ 87.17975, 23.29185 ], [ 87.1768, 23.29023 ], [ 87.17549, 23.29142 ], [ 87.17302, 23.29193 ], [ 87.17338, 23.29384 ], [ 87.17213, 23.29607 ], [ 87.1723, 23.29909 ], [ 87.16936, 23.30377 ], [ 87.16777, 23.30474 ], [ 87.16424, 23.30151 ], [ 87.16137, 23.30494 ], [ 87.16136, 23.30677 ], [ 87.16255, 23.30713 ], [ 87.16291, 23.30855 ], [ 87.16583, 23.31127 ], [ 87.16226, 23.31353 ], [ 87.16142, 23.31504 ], [ 87.16196, 23.31708 ], [ 87.16116, 23.31925 ], [ 87.16513, 23.32279 ], [ 87.16646, 23.32227 ], [ 87.16738, 23.32361 ], [ 87.17548, 23.32586 ], [ 87.17921, 23.32259 ], [ 87.18224, 23.32212 ], [ 87.18437, 23.32333 ], [ 87.18708, 23.32728 ], [ 87.19202, 23.33182 ], [ 87.19345, 23.33833 ], [ 87.199, 23.33584 ], [ 87.20155, 23.33703 ], [ 87.20293, 23.33618 ], [ 87.20297, 23.33427 ], [ 87.20436, 23.33361 ], [ 87.21351, 23.33755 ], [ 87.21236, 23.33991 ], [ 87.21382, 23.34319 ], [ 87.21345, 23.34419 ], [ 87.2112, 23.34594 ], [ 87.2083, 23.34628 ], [ 87.20781, 23.34775 ], [ 87.20764, 23.34986 ], [ 87.20973, 23.35084 ], [ 87.2098, 23.35216 ], [ 87.21076, 23.35283 ], [ 87.21073, 23.35599 ], [ 87.20813, 23.35546 ], [ 87.20547, 23.3588 ], [ 87.20567, 23.35978 ], [ 87.20936, 23.36093 ], [ 87.20959, 23.36242 ], [ 87.20784, 23.36234 ], [ 87.20738, 23.36315 ], [ 87.20953, 23.36338 ], [ 87.20944, 23.36424 ], [ 87.20506, 23.36885 ], [ 87.20581, 23.36941 ], [ 87.20568, 23.37099 ], [ 87.20032, 23.37059 ], [ 87.19719, 23.37371 ], [ 87.19623, 23.37381 ], [ 87.19626, 23.37727 ], [ 87.19325, 23.37782 ], [ 87.19471, 23.38033 ], [ 87.19377, 23.38085 ], [ 87.19416, 23.38223 ], [ 87.19632, 23.38258 ], [ 87.19696, 23.38387 ], [ 87.19565, 23.38472 ], [ 87.19579, 23.3884 ], [ 87.19644, 23.38919 ], [ 87.19261, 23.39081 ], [ 87.19682, 23.39739 ], [ 87.1944, 23.39863 ], [ 87.19701, 23.40281 ], [ 87.1975, 23.40508 ], [ 87.19219, 23.41008 ], [ 87.19379, 23.41275 ], [ 87.19721, 23.41466 ], [ 87.19933, 23.42094 ], [ 87.19823, 23.42402 ], [ 87.19814, 23.42521 ], [ 87.19911, 23.42588 ], [ 87.19793, 23.42959 ], [ 87.19616, 23.43106 ], [ 87.19522, 23.43333 ], [ 87.19315, 23.43448 ], [ 87.19299, 23.43554 ], [ 87.19576, 23.43804 ], [ 87.1982, 23.43701 ], [ 87.20051, 23.43762 ], [ 87.20224, 23.4355 ], [ 87.20147, 23.43442 ], [ 87.20222, 23.43254 ], [ 87.20362, 23.43195 ], [ 87.20643, 23.42755 ], [ 87.20829, 23.42634 ], [ 87.2104, 23.42716 ], [ 87.21504, 23.43115 ], [ 87.21779, 23.4312 ], [ 87.218, 23.43357 ], [ 87.22084, 23.43481 ], [ 87.2206, 23.43555 ], [ 87.22256, 23.43762 ], [ 87.22033, 23.43976 ], [ 87.22164, 23.44273 ], [ 87.22358, 23.44441 ], [ 87.22027, 23.44822 ], [ 87.22038, 23.449 ], [ 87.21658, 23.44984 ], [ 87.21633, 23.45169 ], [ 87.2154, 23.45153 ], [ 87.21268, 23.45397 ], [ 87.21268, 23.46103 ], [ 87.21163, 23.46372 ], [ 87.20938, 23.4656 ], [ 87.20606, 23.46621 ], [ 87.20383, 23.46842 ], [ 87.20287, 23.47225 ], [ 87.20063, 23.47295 ], [ 87.20119, 23.47417 ], [ 87.20392, 23.47444 ], [ 87.20523, 23.47634 ], [ 87.20626, 23.47682 ], [ 87.20736, 23.47618 ], [ 87.20992, 23.47737 ], [ 87.20887, 23.48143 ], [ 87.20989, 23.48185 ], [ 87.20924, 23.48875 ], [ 87.20986, 23.4897 ], [ 87.21454, 23.48803 ], [ 87.21568, 23.48923 ], [ 87.21546, 23.49168 ], [ 87.223, 23.4917 ], [ 87.22486, 23.49067 ], [ 87.22687, 23.49321 ], [ 87.23425, 23.49262 ], [ 87.23514, 23.49176 ], [ 87.23671, 23.49225 ], [ 87.24102, 23.49604 ], [ 87.24288, 23.49656 ], [ 87.2435, 23.49945 ], [ 87.24599, 23.49955 ], [ 87.24694, 23.50071 ], [ 87.24465, 23.50237 ], [ 87.24483, 23.50311 ], [ 87.24725, 23.50282 ], [ 87.26076, 23.51348 ], [ 87.27077, 23.50699 ] ] ] } },
{ "type": "Feature", "properties": { "OBJECTID": 365, "state_lgd": "19", "state_name": "WEST BENGAL", "district_lgd": "339", "district_name": "BANKURA", "district_name_source": "district_table", "subdistrict_lgd": "02359", "subdistrict_name": "Chhatna", "subdistrict_type": "CD_Block", "name_corrupted": false, "remarks": "", "label_lon": 86.89353712909238, "label_lat": 23.338620070701666 }, "geometry": { "type": "Polygon", "coordinates": [ [ [ 86.89426, 23.49405 ], [ 86.90583, 23.49246 ], [ 86.906, 23.48945 ], [ 86.91142, 23.48559 ], [ 86.92566, 23.48378 ], [ 86.92755, 23.48284 ], [ 86.92762, 23.48116 ], [ 86.93143, 23.48047 ], [ 86.92817, 23.47726 ], [ 86.92766, 23.47311 ], [ 86.92669, 23.47272 ], [ 86.92665, 23.46842 ], [ 86.92767, 23.46672 ], [ 86.92794, 23.46145 ], [ 86.92654, 23.45956 ], [ 86.92755, 23.45605 ], [ 86.92879, 23.45604 ], [ 86.92961, 23.45445 ], [ 86.92895, 23.45293 ], [ 86.93077, 23.45076 ], [ 86.93033, 23.44816 ], [ 86.93195, 23.44817 ], [ 86.93163, 23.4462 ], [ 86.93393, 23.44079 ], [ 86.93282, 23.43383 ], [ 86.93541, 23.43247 ], [ 86.93687, 23.42985 ], [ 86.93912, 23.42952 ], [ 86.93979, 23.42648 ], [ 86.94205, 23.42556 ], [ 86.94472, 23.43025 ], [ 86.94956, 23.42964 ], [ 86.95353, 23.42817 ], [ 86.95342, 23.42472 ], [ 86.95409, 23.42665 ], [ 86.95497, 23.42694 ], [ 86.95431, 23.42416 ], [ 86.95972, 23.42459 ], [ 86.96067, 23.42598 ], [ 86.96321, 23.42448 ], [ 86.96641, 23.4243 ], [ 86.96761, 23.42287 ], [ 86.96813, 23.41997 ], [ 86.97433, 23.41585 ], [ 86.98195, 23.41415 ], [ 86.98412, 23.41493 ], [ 86.99319, 23.40824 ], [ 86.99396, 23.40989 ], [ 86.99525, 23.40934 ], [ 86.99769, 23.40735 ], [ 86.99742, 23.40623 ], [ 86.99982, 23.40664 ], [ 87.00467, 23.39519 ], [ 87.00721, 23.39353 ], [ 87.00743, 23.39022 ], [ 87.00893, 23.38771 ], [ 87.01, 23.38725 ], [ 87.01089, 23.38862 ], [ 87.00994, 23.38614 ], [ 87.01086, 23.38539 ], [ 87.0111, 23.38361 ], [ 87.01, 23.38213 ], [ 87.01163, 23.37967 ], [ 87.01142, 23.37458 ], [ 87.00944, 23.37114 ], [ 87.01095, 23.36979 ], [ 87.00643, 23.37013 ], [ 87.00482, 23.36856 ], [ 87.00476, 23.36677 ], [ 87.00741, 23.36558 ], [ 87.00401, 23.3633 ], [ 87.00375, 23.36218 ], [ 87.00476, 23.36052 ], [ 87.00354, 23.35998 ], [ 87.00335, 23.35882 ], [ 87.00519, 23.35669 ], [ 87.00329, 23.35568 ], [ 87.00736, 23.35112 ], [ 87.01542, 23.35194 ], [ 87.01525, 23.34781 ], [ 87.01197, 23.33919 ], [ 87.00661, 23.33857 ], [ 87.0018, 23.33952 ], [ 86.9936, 23.33397 ], [ 86.99932, 23.32829 ], [ 86.99874, 23.32399 ], [ 86.99694, 23.324 ], [ 86.99441, 23.32241 ], [ 86.99238, 23.31964 ], [ 86.99471, 23.3204 ], [ 87.00034, 23.3183 ], [ 86.99939, 23.31754 ], [ 87.00118, 23.31647 ], [ 86.99807, 23.31453 ], [ 86.99785, 23.31289 ], [ 86.9998, 23.31043 ], [ 87.00132, 23.30655 ], [ 87.00412, 23.30409 ], [ 87.00872, 23.30183 ], [ 87.00969, 23.30039 ], [ 87.00971, 23.29827 ], [ 87.0054, 23.29808 ], [ 87.00209, 23.29964 ], [ 86.9981, 23.29362 ], [ 86.99711, 23.29376 ], [ 86.99425, 23.29026 ], [ 86.9916, 23.29137 ], [ 86.98792, 23.2907 ], [ 86.98711, 23.29373 ], [ 86.98386, 23.29186 ], [ 86.98627, 23.28793 ], [ 86.98582, 23.2859 ], [ 86.98204, 23.28661 ], [ 86.98017, 23.28315 ], [ 86.97102, 23.28925 ], [ 86.96947, 23.29153 ], [ 86.97001, 23.29353 ], [ 86.96943, 23.29421 ], [ 86.96355, 23.29597 ], [ 86.96129, 23.29533 ], [ 86.95571, 23.29822 ], [ 86.95467, 23.2963 ], [ 86.94881, 23.29063 ], [ 86.95021, 23.28924 ], [ 86.95109, 23.28937 ], [ 86.95034, 23.28749 ], [ 86.94744, 23.2876 ], [ 86.94415, 23.28512 ], [ 86.93948, 23.28458 ], [ 86.93543, 23.28729 ], [ 86.93249, 23.28828 ], [ 86.92965, 23.28823 ], [ 86.93001, 23.28668 ], [ 86.92791, 23.28648 ], [ 86.92652, 23.283 ], [ 86.92528, 23.2832 ], [ 86.92175, 23.28015 ], [ 86.92122, 23.27836 ], [ 86.91897, 23.27774 ], [ 86.91839, 23.27638 ], [ 86.91524, 23.27676 ], [ 86.91522, 23.275 ], [ 86.91247, 23.27422 ], [ 86.91244, 23.27548 ], [ 86.91003, 23.27389 ], [ 86.90366, 23.26582 ], [ 86.90414, 23.26404 ], [ 86.90639, 23.26185 ], [ 86.91285, 23.26097 ], [ 86.9145, 23.25872 ], [ 86.91525, 23.25563 ], [ 86.91359, 23.25346 ], [ 86.91409, 23.25239 ], [ 86.90861, 23.24868 ], [ 86.90636, 23.24316 ], [ 86.90281, 23.24035 ], [ 86.90316, 23.23678 ], [ 86.90502, 23.23504 ], [ 86.90374, 23.23325 ], [ 86.90107, 23.23286 ], [ 86.90065, 23.23106 ], [ 86.89979, 23.23119 ], [ 86.89771, 23.22882 ], [ 86.89721, 23.22496 ], [ 86.89789, 23.22402 ], [ 86.90117, 23.2239 ], [ 86.89989, 23.21969 ], [ 86.89824, 23.21996 ], [ 86.89816, 23.218 ], [ 86.89626, 23.21793 ], [ 86.89508, 23.21584 ], [ 86.89533, 23.21442 ], [ 86.89765, 23.21158 ], [ 86.89764, 23.20842 ], [ 86.90016, 23.20644 ], [ 86.90136, 23.20341 ], [ 86.90148, 23.1975 ], [ 86.90011, 23.1945 ], [ 86.89843, 23.19452 ], [ 86.89885, 23.18869 ], [ 86.90379, 23.18736 ], [ 86.90338, 23.18583 ], [ 86.9055, 23.18499 ], [ 86.9048, 23.1825 ], [ 86.89517, 23.18385 ], [ 86.89359, 23.18308 ], [ 86.89356, 23.1815 ], [ 86.89274, 23.18097 ], [ 86.8874, 23.18071 ], [ 86.88183, 23.18312 ], [ 86.88302, 23.18022 ], [ 86.88066, 23.18017 ], [ 86.88151, 23.18143 ], [ 86.88101, 23.18166 ], [ 86.8798, 23.17999 ], [ 86.87589, 23.17971 ], [ 86.87438, 23.18032 ], [ 86.87458, 23.18259 ], [ 86.86916, 23.18241 ], [ 86.86781, 23.18306 ], [ 86.86821, 23.17929 ], [ 86.86765, 23.17874 ], [ 86.85922, 23.1785 ], [ 86.85606, 23.17591 ], [ 86.84571, 23.18004 ], [ 86.84275, 23.18338 ], [ 86.8336, 23.18707 ], [ 86.8315, 23.19001 ], [ 86.83524, 23.19481 ], [ 86.83785, 23.19516 ], [ 86.84045, 23.19853 ], [ 86.84108, 23.20088 ], [ 86.83969, 23.20558 ], [ 86.84075, 23.2079 ], [ 86.84065, 23.21007 ], [ 86.84188, 23.21112 ], [ 86.84119, 23.21318 ], [ 86.84212, 23.21615 ], [ 86.84063, 23.21852 ], [ 86.83704, 23.21967 ], [ 86.83528, 23.22247 ], [ 86.83275, 23.22346 ], [ 86.82988, 23.22303 ], [ 86.82875, 23.21993 ], [ 86.82349, 23.21687 ], [ 86.82086, 23.21427 ], [ 86.81902, 23.21482 ], [ 86.81708, 23.2182 ], [ 86.8148, 23.21734 ], [ 86.81297, 23.21553 ], [ 86.80991, 23.21506 ], [ 86.80766, 23.21794 ], [ 86.80676, 23.21789 ], [ 86.80826, 23.22262 ], [ 86.81212, 23.22295 ], [ 86.81403, 23.22416 ], [ 86.81483, 23.22564 ], [ 86.819, 23.22787 ], [ 86.8199, 23.23005 ], [ 86.81884, 23.23279 ], [ 86.81905, 23.23836 ], [ 86.81614, 23.23934 ], [ 86.81608, 23.24045 ], [ 86.81442, 23.24166 ], [ 86.81452, 23.24955 ], [ 86.8163, 23.25289 ], [ 86.81718, 23.25707 ], [ 86.81587, 23.25914 ], [ 86.81812, 23.26278 ], [ 86.81787, 23.26562 ], [ 86.81313, 23.26751 ], [ 86.81146, 23.26993 ], [ 86.80448, 23.27104 ], [ 86.79898, 23.26973 ], [ 86.79817, 23.27192 ], [ 86.79842, 23.27604 ], [ 86.7967, 23.27526 ], [ 86.79556, 23.2765 ], [ 86.79492, 23.27492 ], [ 86.79375, 23.2762 ], [ 86.79301, 23.2756 ], [ 86.78727, 23.27623 ], [ 86.78297, 23.28061 ], [ 86.78273, 23.28312 ], [ 86.78001, 23.28619 ], [ 86.77951, 23.29185 ], [ 86.77833, 23.29369 ], [ 86.77916, 23.29611 ], [ 86.78012, 23.29649 ], [ 86.78673, 23.29732 ], [ 86.78774, 23.29877 ], [ 86.79187, 23.29899 ], [ 86.79091, 23.30068 ], [ 86.78653, 23.30392 ], [ 86.78509, 23.30933 ], [ 86.78553, 23.31743 ], [ 86.78731, 23.3232 ], [ 86.78604, 23.33026 ], [ 86.78732, 23.33309 ], [ 86.78694, 23.33525 ], [ 86.78881, 23.33778 ], [ 86.78891, 23.34013 ], [ 86.79015, 23.34122 ], [ 86.79546, 23.34173 ], [ 86.79675, 23.34418 ], [ 86.79915, 23.34104 ], [ 86.80536, 23.34304 ], [ 86.80688, 23.34298 ], [ 86.81018, 23.34072 ], [ 86.81011, 23.3456 ], [ 86.81194, 23.34808 ], [ 86.81114, 23.35325 ], [ 86.81555, 23.35822 ], [ 86.81646, 23.36149 ], [ 86.81854, 23.36012 ], [ 86.82433, 23.36146 ], [ 86.83091, 23.35919 ], [ 86.83201, 23.35802 ], [ 86.83563, 23.36375 ], [ 86.835, 23.36948 ], [ 86.83742, 23.3745 ], [ 86.83304, 23.37686 ], [ 86.8308, 23.3795 ], [ 86.83677, 23.38447 ], [ 86.84177, 23.38144 ], [ 86.84436, 23.38243 ], [ 86.84581, 23.38167 ], [ 86.84915, 23.38452 ], [ 86.85165, 23.38518 ], [ 86.85013, 23.39025 ], [ 86.85428, 23.39628 ], [ 86.85238, 23.40052 ], [ 86.85049, 23.40154 ], [ 86.84966, 23.40393 ], [ 86.84779, 23.40542 ], [ 86.84908, 23.40807 ], [ 86.8494, 23.41192 ], [ 86.85066, 23.41396 ], [ 86.84976, 23.41638 ], [ 86.85086, 23.4182 ], [ 86.84989, 23.41944 ], [ 86.85369, 23.42033 ], [ 86.85435, 23.42164 ], [ 86.85631, 23.42132 ], [ 86.85678, 23.42382 ], [ 86.85889, 23.42544 ], [ 86.85989, 23.42761 ], [ 86.86288, 23.42651 ], [ 86.86361, 23.43149 ], [ 86.86579, 23.43427 ], [ 86.86606, 23.43602 ], [ 86.86206, 23.43818 ], [ 86.86199, 23.43965 ], [ 86.85537, 23.44175 ], [ 86.84586, 23.43589 ], [ 86.84089, 23.43969 ], [ 86.83712, 23.4387 ], [ 86.83633, 23.43453 ], [ 86.83057, 23.43653 ], [ 86.8257, 23.43663 ], [ 86.82495, 23.44078 ], [ 86.82693, 23.44741 ], [ 86.82644, 23.44869 ], [ 86.82327, 23.45127 ], [ 86.8232, 23.45219 ], [ 86.82435, 23.45473 ], [ 86.82339, 23.45773 ], [ 86.82702, 23.46111 ], [ 86.82654, 23.46606 ], [ 86.8297, 23.46488 ], [ 86.83319, 23.46532 ], [ 86.83782, 23.46472 ], [ 86.84093, 23.46598 ], [ 86.84363, 23.46525 ], [ 86.84633, 23.4665 ], [ 86.85709, 23.46607 ], [ 86.86558, 23.46199 ], [ 86.87275, 23.47072 ], [ 86.87254, 23.47334 ], [ 86.8705, 23.47563 ], [ 86.87229, 23.48359 ], [ 86.87104, 23.48642 ], [ 86.87267, 23.48795 ], [ 86.87312, 23.49094 ], [ 86.8745, 23.48925 ], [ 86.88163, 23.48911 ], [ 86.88055, 23.4907 ], [ 86.88108, 23.49406 ], [ 86.8829, 23.49657 ], [ 86.88244, 23.49745 ], [ 86.89426, 23.49405 ] ] ] } },
{ "type": "Feature", "properties": { "OBJECTID": 366, "state_lgd": "19", "state_name": "WEST BENGAL", "district_lgd": "339", "district_name": "BANKURA", "district_name_source": "district_table", "subdistrict_lgd": "02358", "subdistrict_name": "Gangajalghati", "subdistrict_type": "CD_Block", "name_corrupted": false, "remarks": "", "label_lon": 87.11786286963229, "label_lat": 23.41262013837251 }, "geometry": { "type": "Polygon", "coordinates": [ [ [ 87.17732, 23.51612 ], [ 87.18324, 23.51496 ], [ 87.18413, 23.51714 ], [ 87.18267, 23.51844 ], [ 87.17985, 23.51881 ], [ 87.17948, 23.52047 ], [ 87.18214, 23.51976 ], [ 87.18283, 23.52042 ], [ 87.1839, 23.51856 ], [ 87.18669, 23.51661 ], [ 87.19163, 23.51807 ], [ 87.19313, 23.5177 ], [ 87.19309, 23.51694 ], [ 87.1948, 23.51751 ], [ 87.1943, 23.51577 ], [ 87.19642, 23.51643 ], [ 87.19931, 23.51542 ], [ 87.20117, 23.51686 ], [ 87.20217, 23.51481 ], [ 87.20025, 23.50952 ], [ 87.19991, 23.50701 ], [ 87.20048, 23.50634 ], [ 87.20216, 23.5055 ], [ 87.21135, 23.50478 ], [ 87.21328, 23.50369 ], [ 87.21313, 23.50205 ], [ 87.21187, 23.5013 ], [ 87.21248, 23.49687 ], [ 87.21111, 23.49605 ], [ 87.21405, 23.49485 ], [ 87.21438, 23.49267 ], [ 87.21546, 23.49168 ], [ 87.21543, 23.48852 ], [ 87.21454, 23.48803 ], [ 87.20986, 23.4897 ], [ 87.20924, 23.48875 ], [ 87.20989, 23.48185 ], [ 87.20887, 23.48143 ], [ 87.20992, 23.47737 ], [ 87.20736, 23.47618 ], [ 87.20626, 23.47682 ], [ 87.20523, 23.47634 ], [ 87.20392, 23.47444 ], [ 87.20119, 23.47417 ], [ 87.20063, 23.47295 ], [ 87.20287, 23.47225 ], [ 87.20383, 23.46842 ], [ 87.20606, 23.46621 ], [ 87.20938, 23.4656 ], [ 87.21163, 23.46372 ], [ 87.21268, 23.46103 ], [ 87.21268, 23.45397 ], [ 87.2154, 23.45153 ], [ 87.21633, 23.45169 ], [ 87.21658, 23.44984 ], [ 87.22038, 23.449 ], [ 87.22027, 23.44822 ], [ 87.22358, 23.44441 ], [ 87.22164, 23.44273 ], [ 87.22033, 23.43976 ], [ 87.22256, 23.43762 ], [ 87.2206, 23.43555 ], [ 87.22084, 23.43481 ], [ 87.218, 23.43357 ], [ 87.21779, 23.4312 ], [ 87.21504, 23.43115 ], [ 87.2104, 23.42716 ], [ 87.20829, 23.42634 ], [ 87.20643, 23.42755 ], [ 87.20362, 23.43195 ], [ 87.20222, 23.43254 ], [ 87.20147, 23.43442 ], [ 87.20224, 23.4355 ], [ 87.20051, 23.43762 ], [ 87.1982, 23.43701 ], [ 87.19576, 23.43804 ], [ 87.19337, 23.43607 ], [ 87.19315, 23.43448 ], [ 87.19522, 23.43333 ], [ 87.19616, 23.43106 ], [ 87.19793, 23.42959 ], [ 87.19911, 23.42588 ], [ 87.19814, 23.42521 ], [ 87.19823, 23.42402 ], [ 87.19933, 23.42094 ], [ 87.19721, 23.41466 ], [ 87.19379, 23.41275 ], [ 87.19219, 23.41008 ], [ 87.1975, 23.40508 ], [ 87.19701, 23.40281 ], [ 87.1944, 23.39863 ], [ 87.19682, 23.39739 ], [ 87.19261, 23.39081 ], [ 87.19644, 23.38919 ], [ 87.19579, 23.3884 ], [ 87.19565, 23.38472 ], [ 87.19696, 23.38387 ], [ 87.19632, 23.38258 ], [ 87.19416, 23.38223 ], [ 87.19377, 23.38085 ], [ 87.19471, 23.38033 ], [ 87.19325, 23.37782 ], [ 87.19626, 23.37727 ], [ 87.19623, 23.37381 ], [ 87.19719, 23.37371 ], [ 87.20032, 23.37059 ], [ 87.20568, 23.37099 ], [ 87.20581, 23.36941 ], [ 87.20506, 23.36885 ], [ 87.20944, 23.36424 ], [ 87.20953, 23.36338 ], [ 87.20738, 23.36315 ], [ 87.20784, 23.36234 ], [ 87.20959, 23.36242 ], [ 87.20936, 23.36093 ], [ 87.20567, 23.35978 ], [ 87.20547, 23.3588 ], [ 87.20813, 23.35546 ], [ 87.21073, 23.35599 ], [ 87.21076, 23.35283 ], [ 87.2098, 23.35216 ], [ 87.20973, 23.35084 ], [ 87.20764, 23.34986 ], [ 87.20781, 23.34775 ], [ 87.2083, 23.34628 ], [ 87.2112, 23.34594 ], [ 87.21345, 23.34419 ], [ 87.21382, 23.34319 ], [ 87.21236, 23.33991 ], [ 87.21351, 23.33755 ], [ 87.20436, 23.33361 ], [ 87.20297, 23.33427 ], [ 87.20293, 23.33618 ], [ 87.20155, 23.33703 ], [ 87.199, 23.33584 ], [ 87.19345, 23.33833 ], [ 87.19202, 23.33182 ], [ 87.18708, 23.32728 ], [ 87.18437, 23.32333 ], [ 87.18224, 23.32212 ], [ 87.17921, 23.32259 ], [ 87.17548, 23.32586 ], [ 87.16738, 23.32361 ], [ 87.16646, 23.32227 ], [ 87.16513, 23.32279 ], [ 87.16116, 23.31925 ], [ 87.15542, 23.32191 ], [ 87.15482, 23.31955 ], [ 87.1532, 23.31859 ], [ 87.1545, 23.31691 ], [ 87.15493, 23.31267 ], [ 87.15681, 23.31268 ], [ 87.15724, 23.31113 ], [ 87.15597, 23.31124 ], [ 87.15457, 23.3096 ], [ 87.15276, 23.30947 ], [ 87.14656, 23.3118 ], [ 87.14293, 23.3084 ], [ 87.14339, 23.30703 ], [ 87.14455, 23.30698 ], [ 87.1476, 23.30388 ], [ 87.14888, 23.30485 ], [ 87.14925, 23.30439 ], [ 87.14928, 23.30134 ], [ 87.1459, 23.29714 ], [ 87.14381, 23.29832 ], [ 87.14187, 23.30099 ], [ 87.13973, 23.3012 ], [ 87.1375, 23.30286 ], [ 87.13809, 23.30354 ], [ 87.13614, 23.30395 ], [ 87.13458, 23.30642 ], [ 87.13194, 23.30513 ], [ 87.13015, 23.30538 ], [ 87.12964, 23.30681 ], [ 87.12684, 23.30692 ], [ 87.12571, 23.30622 ], [ 87.12613, 23.30418 ], [ 87.12529, 23.30279 ], [ 87.12212, 23.30293 ], [ 87.12225, 23.30574 ], [ 87.11097, 23.31184 ], [ 87.10961, 23.31465 ], [ 87.10398, 23.31476 ], [ 87.1034, 23.31567 ], [ 87.09683, 23.31782 ], [ 87.0955, 23.31908 ], [ 87.09534, 23.32047 ], [ 87.09003, 23.32577 ], [ 87.08592, 23.32617 ], [ 87.08428, 23.32532 ], [ 87.08428, 23.32448 ], [ 87.08668, 23.32425 ], [ 87.08455, 23.31701 ], [ 87.08188, 23.31763 ], [ 87.07815, 23.31566 ], [ 87.07651, 23.31384 ], [ 87.07185, 23.31172 ], [ 87.07037, 23.31197 ], [ 87.06982, 23.31284 ], [ 87.07209, 23.31726 ], [ 87.06972, 23.31868 ], [ 87.07051, 23.32019 ], [ 87.06967, 23.32113 ], [ 87.06601, 23.32379 ], [ 87.06347, 23.32363 ], [ 87.05846, 23.31808 ], [ 87.05666, 23.31838 ], [ 87.05564, 23.32255 ], [ 87.0565, 23.32578 ], [ 87.05579, 23.32765 ], [ 87.05007, 23.32962 ], [ 87.04964, 23.32924 ], [ 87.05056, 23.32786 ], [ 87.04893, 23.32831 ], [ 87.04718, 23.32638 ], [ 87.04561, 23.32725 ], [ 87.04951, 23.33004 ], [ 87.04887, 23.33087 ], [ 87.05374, 23.33324 ], [ 87.05406, 23.33658 ], [ 87.05527, 23.33743 ], [ 87.05652, 23.33658 ], [ 87.05783, 23.3368 ], [ 87.05742, 23.33945 ], [ 87.05853, 23.33935 ], [ 87.05888, 23.34022 ], [ 87.05733, 23.34093 ], [ 87.05665, 23.34276 ], [ 87.05463, 23.34351 ], [ 87.05594, 23.34476 ], [ 87.05466, 23.34628 ], [ 87.05574, 23.34981 ], [ 87.05509, 23.34991 ], [ 87.05305, 23.34694 ], [ 87.05337, 23.35001 ], [ 87.05649, 23.35517 ], [ 87.0528, 23.35189 ], [ 87.0503, 23.35348 ], [ 87.05067, 23.35485 ], [ 87.04766, 23.3537 ], [ 87.04608, 23.35389 ], [ 87.0419, 23.35608 ], [ 87.03543, 23.36205 ], [ 87.03522, 23.36466 ], [ 87.03757, 23.36731 ], [ 87.03937, 23.37097 ], [ 87.03902, 23.37292 ], [ 87.03372, 23.37916 ], [ 87.02415, 23.38211 ], [ 87.01982, 23.38193 ], [ 87.01589, 23.37956 ], [ 87.01585, 23.37605 ], [ 87.01152, 23.37646 ], [ 87.01163, 23.37967 ], [ 87.01, 23.38213 ], [ 87.0111, 23.38361 ], [ 87.01086, 23.38539 ], [ 87.00994, 23.38614 ], [ 87.01103, 23.38829 ], [ 87.00954, 23.38728 ], [ 87.00823, 23.38864 ], [ 87.00721, 23.39353 ], [ 87.00467, 23.39519 ], [ 86.99982, 23.40664 ], [ 86.99742, 23.40623 ], [ 86.99769, 23.40735 ], [ 86.99396, 23.40989 ], [ 86.99319, 23.40824 ], [ 86.99199, 23.40884 ], [ 86.98412, 23.41493 ], [ 86.98564, 23.41499 ], [ 86.9889, 23.41285 ], [ 86.98982, 23.41433 ], [ 86.99301, 23.41565 ], [ 86.99564, 23.41412 ], [ 86.9972, 23.41191 ], [ 87.00135, 23.41157 ], [ 87.00185, 23.41348 ], [ 86.99927, 23.41568 ], [ 87.00119, 23.41692 ], [ 87.00017, 23.42101 ], [ 86.99894, 23.4219 ], [ 86.99877, 23.42328 ], [ 86.99963, 23.42421 ], [ 87.00243, 23.42573 ], [ 87.01095, 23.42396 ], [ 87.01176, 23.42424 ], [ 87.01242, 23.42623 ], [ 87.01529, 23.4261 ], [ 87.01558, 23.42691 ], [ 87.01345, 23.42973 ], [ 87.01383, 23.43209 ], [ 87.01293, 23.4327 ], [ 87.01273, 23.43464 ], [ 87.01107, 23.43601 ], [ 87.01154, 23.43716 ], [ 87.01398, 23.43817 ], [ 87.01549, 23.43792 ], [ 87.01688, 23.43642 ], [ 87.01784, 23.4367 ], [ 87.01878, 23.44049 ], [ 87.01633, 23.44426 ], [ 87.01971, 23.44805 ], [ 87.02139, 23.45474 ], [ 87.02372, 23.45414 ], [ 87.02133, 23.4602 ], [ 87.02678, 23.46423 ], [ 87.02977, 23.47414 ], [ 87.03212, 23.47535 ], [ 87.0344, 23.4741 ], [ 87.03608, 23.47437 ], [ 87.03674, 23.47663 ], [ 87.03719, 23.47573 ], [ 87.03887, 23.47614 ], [ 87.0389, 23.47761 ], [ 87.04008, 23.47884 ], [ 87.04291, 23.47961 ], [ 87.04484, 23.4824 ], [ 87.04713, 23.48299 ], [ 87.04598, 23.48557 ], [ 87.04752, 23.48677 ], [ 87.04747, 23.4878 ], [ 87.04912, 23.48788 ], [ 87.04959, 23.489 ], [ 87.05218, 23.48981 ], [ 87.05501, 23.49243 ], [ 87.05818, 23.49094 ], [ 87.06076, 23.49269 ], [ 87.06348, 23.49186 ], [ 87.06275, 23.49474 ], [ 87.06146, 23.49491 ], [ 87.0614, 23.49571 ], [ 87.0677, 23.49661 ], [ 87.07249, 23.49454 ], [ 87.0722, 23.49077 ], [ 87.07317, 23.49123 ], [ 87.07343, 23.49447 ], [ 87.07913, 23.48972 ], [ 87.08069, 23.49082 ], [ 87.08397, 23.49791 ], [ 87.08754, 23.5027 ], [ 87.09254, 23.50206 ], [ 87.0956, 23.50045 ], [ 87.09995, 23.50201 ], [ 87.10043, 23.50146 ], [ 87.09836, 23.49985 ], [ 87.09792, 23.49835 ], [ 87.09912, 23.49794 ], [ 87.10055, 23.49549 ], [ 87.10396, 23.49475 ], [ 87.10565, 23.49601 ], [ 87.10638, 23.49821 ], [ 87.10412, 23.49954 ], [ 87.10516, 23.50085 ], [ 87.10382, 23.50231 ], [ 87.10475, 23.5045 ], [ 87.1063, 23.50506 ], [ 87.11175, 23.50164 ], [ 87.11046, 23.498 ], [ 87.11593, 23.49306 ], [ 87.11756, 23.48759 ], [ 87.12066, 23.48474 ], [ 87.12531, 23.48435 ], [ 87.12936, 23.48675 ], [ 87.13066, 23.48932 ], [ 87.13193, 23.49014 ], [ 87.13247, 23.49346 ], [ 87.13613, 23.49662 ], [ 87.13682, 23.50285 ], [ 87.13958, 23.50396 ], [ 87.14181, 23.50655 ], [ 87.14688, 23.50864 ], [ 87.15355, 23.51331 ], [ 87.15624, 23.51423 ], [ 87.16487, 23.51424 ], [ 87.16785, 23.51944 ], [ 87.17183, 23.52247 ], [ 87.17507, 23.52045 ], [ 87.17732, 23.51612 ] ] ] } },
{ "type": "Feature", "properties": { "OBJECTID": 367, "state_lgd": "19", "state_name": "WEST BENGAL", "district_lgd": "339", "district_name": "BANKURA", "district_name_source": "district_table", "subdistrict_lgd": "02357", "subdistrict_name": "Mejhia", "subdistrict_type": "CD_Block", "name_corrupted": false, "remarks": "", "label_lon": 87.125878639312049, "label_lat": 23.544421014376152 }, "geometry": { "type": "Polygon", "coordinates": [ [ [ 87.21645, 23.55062 ], [ 87.23329, 23.53716 ], [ 87.23784, 23.53196 ], [ 87.24212, 23.52878 ], [ 87.24939, 23.51853 ], [ 87.25369, 23.51585 ], [ 87.26076, 23.51348 ], [ 87.24725, 23.50282 ], [ 87.24483, 23.50311 ], [ 87.24465, 23.50237 ], [ 87.24694, 23.50071 ], [ 87.24599, 23.49955 ], [ 87.2435, 23.49945 ], [ 87.24288, 23.49656 ], [ 87.24102, 23.49604 ], [ 87.239, 23.49378 ], [ 87.23514, 23.49176 ], [ 87.23425, 23.49262 ], [ 87.22687, 23.49321 ], [ 87.22486, 23.49067 ], [ 87.223, 23.4917 ], [ 87.21546, 23.49168 ], [ 87.21438, 23.49267 ], [ 87.21405, 23.49485 ], [ 87.21111, 23.49605 ], [ 87.21248, 23.49687 ], [ 87.21187, 23.5013 ], [ 87.21313, 23.50205 ], [ 87.213, 23.50429 ], [ 87.21212, 23.50392 ], [ 87.21135, 23.50478 ], [ 87.20723, 23.5055 ], [ 87.20216, 23.5055 ], [ 87.19991, 23.50701 ], [ 87.20217, 23.51481 ], [ 87.20117, 23.51686 ], [ 87.19931, 23.51542 ], [ 87.19642, 23.51643 ], [ 87.1943, 23.51577 ], [ 87.1948, 23.51751 ], [ 87.19309, 23.51694 ], [ 87.19313, 23.5177 ], [ 87.19163, 23.51807 ], [ 87.18669, 23.51661 ], [ 87.1839, 23.51856 ], [ 87.18283, 23.52042 ], [ 87.18214, 23.51976 ], [ 87.17948, 23.52047 ], [ 87.17985, 23.51881 ], [ 87.18267, 23.51844 ], [ 87.18413, 23.51714 ], [ 87.18324, 23.51496 ], [ 87.18181, 23.51479 ], [ 87.17732, 23.51612 ], [ 87.17507, 23.52045 ], [ 87.17183, 23.52247 ], [ 87.16785, 23.51944 ], [ 87.16487, 23.51424 ], [ 87.15624, 23.51423 ], [ 87.15355, 23.51331 ], [ 87.14688, 23.50864 ], [ 87.14181, 23.50655 ], [ 87.13958, 23.50396 ], [ 87.13682, 23.50285 ], [ 87.13613, 23.49662 ], [ 87.13247, 23.49346 ], [ 87.13193, 23.49014 ], [ 87.13066, 23.48932 ], [ 87.12936, 23.48675 ], [ 87.12531, 23.48435 ], [ 87.12196, 23.48434 ], [ 87.11756, 23.48759 ], [ 87.11593, 23.49306 ], [ 87.11046, 23.498 ], [ 87.11175, 23.50164 ], [ 87.11088, 23.5025 ], [ 87.1081, 23.50451 ], [ 87.1063, 23.50506 ], [ 87.10475, 23.5045 ], [ 87.10382, 23.50231 ], [ 87.10516, 23.50085 ], [ 87.10412, 23.49954 ], [ 87.10631, 23.49874 ], [ 87.10621, 23.49681 ], [ 87.10396, 23.49475 ], [ 87.10055, 23.49549 ], [ 87.09776, 23.49906 ], [ 87.10043, 23.50146 ], [ 87.09995, 23.50201 ], [ 87.0956, 23.50045 ], [ 87.09254, 23.50206 ], [ 87.08754, 23.5027 ], [ 87.08717, 23.50415 ], [ 87.08338, 23.50627 ], [ 87.08335, 23.50825 ], [ 87.08217, 23.50905 ], [ 87.08316, 23.50959 ], [ 87.08238, 23.51015 ], [ 87.08279, 23.51124 ], [ 87.08035, 23.51281 ], [ 87.079, 23.51504 ], [ 87.07912, 23.51645 ], [ 87.0777, 23.51722 ], [ 87.07649, 23.51684 ], [ 87.07536, 23.51844 ], [ 87.07051, 23.51755 ], [ 87.06734, 23.51425 ], [ 87.06638, 23.51425 ], [ 87.06361, 23.51049 ], [ 87.05757, 23.5121 ], [ 87.05527, 23.51154 ], [ 87.05388, 23.51196 ], [ 87.05325, 23.51309 ], [ 87.0522, 23.51146 ], [ 87.04891, 23.51307 ], [ 87.04694, 23.51564 ], [ 87.04523, 23.51585 ], [ 87.04249, 23.52313 ], [ 87.04407, 23.52323 ], [ 87.04592, 23.52638 ], [ 87.04555, 23.52931 ], [ 87.04873, 23.52992 ], [ 87.04895, 23.53123 ], [ 87.05105, 23.53026 ], [ 87.05194, 23.53189 ], [ 87.05131, 23.53369 ], [ 87.05235, 23.53387 ], [ 87.05396, 23.53583 ], [ 87.05277, 23.53655 ], [ 87.05347, 23.5375 ], [ 87.05147, 23.5388 ], [ 87.0513, 23.54062 ], [ 87.04238, 23.5451 ], [ 87.03933, 23.54555 ], [ 87.04228, 23.55119 ], [ 87.04197, 23.55457 ], [ 87.04264, 23.55538 ], [ 87.03695, 23.55516 ], [ 87.03669, 23.55902 ], [ 87.03066, 23.55952 ], [ 87.02784, 23.56075 ], [ 87.02956, 23.56464 ], [ 87.02892, 23.56489 ], [ 87.02949, 23.5654 ], [ 87.02901, 23.57139 ], [ 87.02714, 23.57656 ], [ 87.02796, 23.57683 ], [ 87.03016, 23.57562 ], [ 87.03012, 23.57633 ], [ 87.03282, 23.5759 ], [ 87.03342, 23.58218 ], [ 87.03138, 23.58338 ], [ 87.0338, 23.5869 ], [ 87.03323, 23.59129 ], [ 87.03622, 23.59531 ], [ 87.03385, 23.60187 ], [ 87.03407, 23.60314 ], [ 87.0332, 23.60406 ], [ 87.03027, 23.60181 ], [ 87.02983, 23.60426 ], [ 87.03044, 23.60556 ], [ 87.03475, 23.60452 ], [ 87.03494, 23.6065 ], [ 87.03596, 23.60685 ], [ 87.0412, 23.61706 ], [ 87.05293, 23.61468 ], [ 87.06022, 23.61168 ], [ 87.06272, 23.60821 ], [ 87.07135, 23.60172 ], [ 87.0796, 23.59851 ], [ 87.08262, 23.59858 ], [ 87.08871, 23.59663 ], [ 87.09124, 23.59461 ], [ 87.09473, 23.59327 ], [ 87.09745, 23.58982 ], [ 87.12185, 23.5764 ], [ 87.12764, 23.57648 ], [ 87.14247, 23.57292 ], [ 87.14808, 23.57314 ], [ 87.15353, 23.57076 ], [ 87.15585, 23.56835 ], [ 87.16594, 23.56552 ], [ 87.17365, 23.56508 ], [ 87.1848, 23.56681 ], [ 87.19162, 23.56433 ], [ 87.1985, 23.55996 ], [ 87.21039, 23.55752 ], [ 87.21645, 23.55062 ] ] ] } },
{ "type": "Feature", "properties": { "OBJECTID": 368, "state_lgd": "19", "state_name": "WEST BENGAL", "district_lgd": "339", "district_name": "BANKURA", "district_name_source": "district_table", "subdistrict_lgd": "02370", "subdistrict_name": "Onda", "subdistrict_type": "CD_Block", "name_corrupted": false, "remarks": "", "label_lon": 87.162923260759939, "label_lat": 23.12574034401328 }, "geometry": { "type": "Polygon", "coordinates": [ [ [ 87.2449, 23.25415 ], [ 87.24921, 23.25474 ], [ 87.25096, 23.25343 ], [ 87.24635, 23.25049 ], [ 87.24499, 23.24845 ], [ 87.24467, 23.24482 ], [ 87.24564, 23.24305 ], [ 87.25082, 23.2405 ], [ 87.25096, 23.23257 ], [ 87.25391, 23.23184 ], [ 87.26071, 23.23261 ], [ 87.26275, 23.23145 ], [ 87.26526, 23.2321 ], [ 87.26526, 23.23126 ], [ 87.26672, 23.23197 ], [ 87.26777, 23.22952 ], [ 87.26681, 23.22826 ], [ 87.27093, 23.22824 ], [ 87.27129, 23.22698 ], [ 87.2696, 23.22569 ], [ 87.27271, 23.22363 ], [ 87.27187, 23.222 ], [ 87.26955, 23.2222 ], [ 87.26854, 23.2204 ], [ 87.26644, 23.22193 ], [ 87.26524, 23.22182 ], [ 87.26393, 23.2234 ], [ 87.26306, 23.22292 ], [ 87.26444, 23.22094 ], [ 87.26951, 23.21815 ], [ 87.26752, 23.21583 ], [ 87.2655, 23.21513 ], [ 87.26542, 23.21436 ], [ 87.2675, 23.21365 ], [ 87.26821, 23.21098 ], [ 87.26658, 23.21029 ], [ 87.26551, 23.20564 ], [ 87.26702, 23.2031 ], [ 87.26684, 23.20052 ], [ 87.26948, 23.1985 ], [ 87.2707, 23.19443 ], [ 87.26955, 23.19356 ], [ 87.27025, 23.19269 ], [ 87.26854, 23.19272 ], [ 87.26795, 23.19172 ], [ 87.26544, 23.19192 ], [ 87.2645, 23.19101 ], [ 87.26667, 23.18917 ], [ 87.26324, 23.18288 ], [ 87.26296, 23.17827 ], [ 87.2606, 23.17298 ], [ 87.25716, 23.17085 ], [ 87.25778, 23.16917 ], [ 87.25637, 23.16793 ], [ 87.25584, 23.16819 ], [ 87.25645, 23.17003 ], [ 87.2536, 23.16972 ], [ 87.25358, 23.16869 ], [ 87.25641, 23.16348 ], [ 87.26083, 23.15802 ], [ 87.26808, 23.15732 ], [ 87.27312, 23.15535 ], [ 87.26988, 23.15196 ], [ 87.26924, 23.15264 ], [ 87.26824, 23.1519 ], [ 87.2696, 23.15054 ], [ 87.27151, 23.15103 ], [ 87.272, 23.14958 ], [ 87.27357, 23.14842 ], [ 87.27542, 23.14913 ], [ 87.27778, 23.14565 ], [ 87.28341, 23.14189 ], [ 87.27468, 23.1391 ], [ 87.27381, 23.138 ], [ 87.27402, 23.13684 ], [ 87.26906, 23.13543 ], [ 87.26829, 23.13442 ], [ 87.26585, 23.13641 ], [ 87.26406, 23.13624 ], [ 87.26324, 23.13459 ], [ 87.26384, 23.13382 ], [ 87.26081, 23.13102 ], [ 87.26075, 23.12985 ], [ 87.25634, 23.12964 ], [ 87.25506, 23.12845 ], [ 87.25599, 23.12749 ], [ 87.25916, 23.1272 ], [ 87.25873, 23.12554 ], [ 87.26033, 23.12462 ], [ 87.25864, 23.12317 ], [ 87.25728, 23.12045 ], [ 87.26018, 23.12002 ], [ 87.26005, 23.1191 ], [ 87.26164, 23.11898 ], [ 87.26171, 23.11811 ], [ 87.26342, 23.11869 ], [ 87.26628, 23.11746 ], [ 87.26597, 23.11594 ], [ 87.26691, 23.11582 ], [ 87.2658, 23.11413 ], [ 87.26693, 23.11237 ], [ 87.26813, 23.11207 ], [ 87.26862, 23.11397 ], [ 87.27298, 23.1117 ], [ 87.27434, 23.11323 ], [ 87.27612, 23.11238 ], [ 87.27744, 23.11392 ], [ 87.28112, 23.11225 ], [ 87.28293, 23.1157 ], [ 87.28276, 23.11683 ], [ 87.28396, 23.11746 ], [ 87.28457, 23.11592 ], [ 87.28457, 23.11676 ], [ 87.28592, 23.1177 ], [ 87.29013, 23.11684 ], [ 87.28863, 23.11424 ], [ 87.28874, 23.11303 ], [ 87.29006, 23.11252 ], [ 87.28998, 23.11138 ], [ 87.29092, 23.11144 ], [ 87.29146, 23.11315 ], [ 87.29221, 23.11307 ], [ 87.29232, 23.11127 ], [ 87.29637, 23.11379 ], [ 87.2987, 23.11366 ], [ 87.29635, 23.11137 ], [ 87.29702, 23.10992 ], [ 87.29604, 23.10975 ], [ 87.29588, 23.11088 ], [ 87.29513, 23.1103 ], [ 87.29524, 23.10929 ], [ 87.29812, 23.10847 ], [ 87.29842, 23.10773 ], [ 87.29923, 23.10881 ], [ 87.30089, 23.10781 ], [ 87.30106, 23.10939 ], [ 87.30225, 23.1087 ], [ 87.30236, 23.10949 ], [ 87.3034, 23.10959 ], [ 87.30314, 23.11157 ], [ 87.30378, 23.11141 ], [ 87.30467, 23.1091 ], [ 87.30309, 23.10578 ], [ 87.30349, 23.10496 ], [ 87.30246, 23.10162 ], [ 87.30277, 23.09369 ], [ 87.30204, 23.09227 ], [ 87.29981, 23.09175 ], [ 87.29796, 23.08988 ], [ 87.29183, 23.08978 ], [ 87.28638, 23.08449 ], [ 87.28432, 23.08487 ], [ 87.28471, 23.0831 ], [ 87.28337, 23.08204 ], [ 87.2846, 23.07834 ], [ 87.28698, 23.07621 ], [ 87.28546, 23.07182 ], [ 87.28516, 23.06439 ], [ 87.28391, 23.06256 ], [ 87.28558, 23.061 ], [ 87.28571, 23.05923 ], [ 87.27998, 23.05237 ], [ 87.27902, 23.0487 ], [ 87.28176, 23.04737 ], [ 87.28104, 23.04469 ], [ 87.27887, 23.04045 ], [ 87.27539, 23.0373 ], [ 87.28225, 23.03494 ], [ 87.27797, 23.02239 ], [ 87.27474, 23.02215 ], [ 87.27032, 23.01561 ], [ 87.26513, 23.01253 ], [ 87.26335, 23.01528 ], [ 87.26646, 23.01996 ], [ 87.26592, 23.02076 ], [ 87.25243, 23.02236 ], [ 87.2506, 23.01847 ], [ 87.24715, 23.01646 ], [ 87.2458, 23.01448 ], [ 87.2431, 23.01497 ], [ 87.24309, 23.01577 ], [ 87.23842, 23.01989 ], [ 87.24089, 23.02215 ], [ 87.24145, 23.02786 ], [ 87.23886, 23.02823 ], [ 87.23719, 23.02764 ], [ 87.23604, 23.02864 ], [ 87.23285, 23.02688 ], [ 87.23354, 23.026 ], [ 87.2329, 23.02529 ], [ 87.22862, 23.0259 ], [ 87.22618, 23.0281 ], [ 87.22339, 23.02861 ], [ 87.22227, 23.02585 ], [ 87.2201, 23.0262 ], [ 87.21851, 23.02395 ], [ 87.21883, 23.02252 ], [ 87.21676, 23.02095 ], [ 87.21668, 23.01882 ], [ 87.21193, 23.01279 ], [ 87.20654, 23.01138 ], [ 87.20601, 23.00979 ], [ 87.20272, 23.00964 ], [ 87.20019, 23.01064 ], [ 87.19764, 23.00822 ], [ 87.19307, 23.00662 ], [ 87.19016, 23.00688 ], [ 87.18666, 23.01438 ], [ 87.18613, 23.01414 ], [ 87.18693, 23.01191 ], [ 87.18511, 23.00899 ], [ 87.18307, 23.0082 ], [ 87.18307, 23.00703 ], [ 87.18527, 23.00625 ], [ 87.18332, 23.0046 ], [ 87.18492, 23.00346 ], [ 87.18218, 23.00004 ], [ 87.17735, 22.9985 ], [ 87.17604, 22.99857 ], [ 87.17497, 23.00004 ], [ 87.175, 23.0013 ], [ 87.17709, 23.00393 ], [ 87.17673, 23.00677 ], [ 87.17792, 23.01067 ], [ 87.17716, 23.01128 ], [ 87.174, 23.00756 ], [ 87.17238, 23.00726 ], [ 87.17259, 23.00516 ], [ 87.1717, 23.00284 ], [ 87.17373, 22.99938 ], [ 87.17335, 22.99606 ], [ 87.17199, 22.99698 ], [ 87.17172, 22.99538 ], [ 87.1674, 22.99431 ], [ 87.16528, 22.9908 ], [ 87.16298, 22.98905 ], [ 87.16146, 22.98942 ], [ 87.1593, 22.98785 ], [ 87.15757, 22.98613 ], [ 87.15724, 22.98431 ], [ 87.15647, 22.98425 ], [ 87.15581, 22.98505 ], [ 87.1568, 22.98794 ], [ 87.15578, 22.99056 ], [ 87.15817, 22.9936 ], [ 87.1575, 22.99477 ], [ 87.15538, 22.9957 ], [ 87.15667, 23.0012 ], [ 87.15803, 23.00228 ], [ 87.15975, 23.00166 ], [ 87.1611, 23.00223 ], [ 87.16425, 23.00646 ], [ 87.16463, 23.00899 ], [ 87.16319, 23.01139 ], [ 87.16115, 23.00907 ], [ 87.15999, 23.00891 ], [ 87.15617, 23.01138 ], [ 87.15577, 23.01421 ], [ 87.15823, 23.01592 ], [ 87.15484, 23.01623 ], [ 87.15385, 23.01743 ], [ 87.1571, 23.02272 ], [ 87.16082, 23.02361 ], [ 87.16132, 23.02532 ], [ 87.1576, 23.02425 ], [ 87.15716, 23.02603 ], [ 87.15545, 23.02635 ], [ 87.15371, 23.02111 ], [ 87.15225, 23.02049 ], [ 87.14958, 23.02226 ], [ 87.14965, 23.0293 ], [ 87.15181, 23.02913 ], [ 87.15238, 23.03032 ], [ 87.15496, 23.03077 ], [ 87.15526, 23.03214 ], [ 87.15647, 23.03232 ], [ 87.168, 23.03089 ], [ 87.17056, 23.03392 ], [ 87.1701, 23.03488 ], [ 87.16958, 23.03351 ], [ 87.17001, 23.04093 ], [ 87.16827, 23.04066 ], [ 87.16836, 23.03933 ], [ 87.16684, 23.03786 ], [ 87.15853, 23.03866 ], [ 87.1578, 23.03709 ], [ 87.1584, 23.03346 ], [ 87.15681, 23.0339 ], [ 87.15647, 23.03587 ], [ 87.15388, 23.03599 ], [ 87.15089, 23.03236 ], [ 87.15045, 23.03273 ], [ 87.15206, 23.03576 ], [ 87.14663, 23.03772 ], [ 87.14375, 23.04144 ], [ 87.14268, 23.04054 ], [ 87.14126, 23.04154 ], [ 87.13987, 23.04132 ], [ 87.1398, 23.04422 ], [ 87.13884, 23.0464 ], [ 87.13529, 23.04828 ], [ 87.13608, 23.05172 ], [ 87.13961, 23.05723 ], [ 87.13771, 23.05987 ], [ 87.13366, 23.06135 ], [ 87.1336, 23.06241 ], [ 87.13162, 23.06349 ], [ 87.12808, 23.06343 ], [ 87.12743, 23.0623 ], [ 87.1253, 23.06256 ], [ 87.1228, 23.06492 ], [ 87.1135, 23.06941 ], [ 87.10675, 23.07122 ], [ 87.10454, 23.0672 ], [ 87.10164, 23.06719 ], [ 87.09993, 23.06962 ], [ 87.10257, 23.07439 ], [ 87.10147, 23.07504 ], [ 87.10255, 23.07742 ], [ 87.09966, 23.07963 ], [ 87.10386, 23.08759 ], [ 87.10216, 23.08805 ], [ 87.10113, 23.08977 ], [ 87.10313, 23.09276 ], [ 87.10026, 23.09206 ], [ 87.09656, 23.08681 ], [ 87.09459, 23.08863 ], [ 87.0926, 23.08817 ], [ 87.09142, 23.08566 ], [ 87.0929, 23.08342 ], [ 87.09216, 23.07788 ], [ 87.08775, 23.07764 ], [ 87.08525, 23.07863 ], [ 87.08343, 23.07245 ], [ 87.07658, 23.08426 ], [ 87.07354, 23.0848 ], [ 87.07413, 23.08289 ], [ 87.07234, 23.0792 ], [ 87.07197, 23.0756 ], [ 87.07091, 23.07481 ], [ 87.06662, 23.07613 ], [ 87.0617, 23.07601 ], [ 87.05934, 23.07733 ], [ 87.0558, 23.07769 ], [ 87.05351, 23.07692 ], [ 87.0471, 23.07756 ], [ 87.04657, 23.07916 ], [ 87.04111, 23.08223 ], [ 87.03917, 23.08211 ], [ 87.04008, 23.07964 ], [ 87.037, 23.08051 ], [ 87.03699, 23.07918 ], [ 87.03825, 23.07818 ], [ 87.03759, 23.07719 ], [ 87.0344, 23.07753 ], [ 87.03343, 23.0795 ], [ 87.03207, 23.08033 ], [ 87.03194, 23.0837 ], [ 87.03559, 23.08933 ], [ 87.03476, 23.09124 ], [ 87.03621, 23.09327 ], [ 87.03578, 23.09578 ], [ 87.02966, 23.09828 ], [ 87.02494, 23.10504 ], [ 87.0153, 23.10765 ], [ 87.0158, 23.10969 ], [ 87.01352, 23.11044 ], [ 87.01066, 23.11343 ], [ 87.01013, 23.11527 ], [ 87.00745, 23.11702 ], [ 87.00831, 23.11938 ], [ 87.00578, 23.12253 ], [ 87.00081, 23.12412 ], [ 86.99917, 23.12567 ], [ 86.99851, 23.12755 ], [ 86.99635, 23.12909 ], [ 86.99556, 23.13683 ], [ 86.99446, 23.13874 ], [ 86.99457, 23.1412 ], [ 86.99376, 23.1419 ], [ 86.99416, 23.14422 ], [ 86.99261, 23.14655 ], [ 86.99342, 23.14804 ], [ 86.99181, 23.14901 ], [ 86.99186, 23.15185 ], [ 86.99061, 23.15125 ], [ 86.99031, 23.15269 ], [ 86.9897, 23.1519 ], [ 86.98799, 23.15269 ], [ 86.99152, 23.15729 ], [ 86.99126, 23.15808 ], [ 86.98949, 23.15862 ], [ 86.99277, 23.15853 ], [ 86.99481, 23.16172 ], [ 86.99421, 23.16247 ], [ 86.99532, 23.16338 ], [ 87.00414, 23.16464 ], [ 87.0059, 23.16866 ], [ 87.00503, 23.17069 ], [ 87.00792, 23.17069 ], [ 87.01088, 23.1732 ], [ 87.01278, 23.17377 ], [ 87.01353, 23.17459 ], [ 87.01215, 23.17755 ], [ 87.01608, 23.17953 ], [ 87.02013, 23.17971 ], [ 87.02087, 23.18036 ], [ 87.0249, 23.1782 ], [ 87.02998, 23.17746 ], [ 87.03118, 23.17909 ], [ 87.03233, 23.18332 ], [ 87.03935, 23.18649 ], [ 87.04169, 23.18381 ], [ 87.04235, 23.18032 ], [ 87.04481, 23.17848 ], [ 87.04524, 23.1765 ], [ 87.05307, 23.17519 ], [ 87.0551, 23.17553 ], [ 87.05681, 23.17713 ], [ 87.05771, 23.1808 ], [ 87.05994, 23.18262 ], [ 87.05994, 23.1834 ], [ 87.06481, 23.18477 ], [ 87.07217, 23.19175 ], [ 87.07565, 23.19292 ], [ 87.07595, 23.19409 ], [ 87.07729, 23.19479 ], [ 87.07616, 23.19613 ], [ 87.08052, 23.19486 ], [ 87.08171, 23.19528 ], [ 87.08212, 23.19427 ], [ 87.08374, 23.19402 ], [ 87.08393, 23.19241 ], [ 87.08308, 23.19169 ], [ 87.0854, 23.18977 ], [ 87.08734, 23.18942 ], [ 87.08834, 23.19041 ], [ 87.09034, 23.18945 ], [ 87.09187, 23.19008 ], [ 87.09587, 23.19743 ], [ 87.09489, 23.19817 ], [ 87.09572, 23.20264 ], [ 87.09729, 23.20437 ], [ 87.09865, 23.20409 ], [ 87.10122, 23.2062 ], [ 87.0994, 23.20744 ], [ 87.10028, 23.20971 ], [ 87.10675, 23.21329 ], [ 87.10808, 23.215 ], [ 87.10523, 23.21909 ], [ 87.10983, 23.22394 ], [ 87.11201, 23.22397 ], [ 87.12336, 23.23041 ], [ 87.12847, 23.23106 ], [ 87.13423, 23.22814 ], [ 87.1367, 23.22805 ], [ 87.14381, 23.22942 ], [ 87.15176, 23.22942 ], [ 87.15472, 23.22839 ], [ 87.15993, 23.23122 ], [ 87.16324, 23.23057 ], [ 87.16651, 23.22908 ], [ 87.16779, 23.22726 ], [ 87.16873, 23.22361 ], [ 87.17172, 23.22173 ], [ 87.17457, 23.22071 ], [ 87.1832, 23.22171 ], [ 87.18537, 23.2211 ], [ 87.18898, 23.21842 ], [ 87.19176, 23.21435 ], [ 87.18983, 23.21064 ], [ 87.19105, 23.20913 ], [ 87.19098, 23.20731 ], [ 87.19291, 23.20738 ], [ 87.19435, 23.20588 ], [ 87.19396, 23.20428 ], [ 87.19795, 23.20302 ], [ 87.19756, 23.20367 ], [ 87.19933, 23.20766 ], [ 87.20052, 23.20817 ], [ 87.20555, 23.20502 ], [ 87.20777, 23.20204 ], [ 87.21039, 23.20304 ], [ 87.21249, 23.20217 ], [ 87.21682, 23.21065 ], [ 87.22026, 23.21198 ], [ 87.22286, 23.2155 ], [ 87.2268, 23.21752 ], [ 87.22998, 23.22795 ], [ 87.23252, 23.22763 ], [ 87.23335, 23.22852 ], [ 87.23361, 23.23054 ], [ 87.2307, 23.23074 ], [ 87.22908, 23.22983 ], [ 87.22608, 23.2309 ], [ 87.22867, 23.23518 ], [ 87.23112, 23.23697 ], [ 87.2309, 23.24017 ], [ 87.23262, 23.24291 ], [ 87.23323, 23.24762 ], [ 87.23442, 23.25029 ], [ 87.23508, 23.25328 ], [ 87.23354, 23.25493 ], [ 87.23391, 23.25662 ], [ 87.23558, 23.25707 ], [ 87.23302, 23.26087 ], [ 87.23379, 23.26458 ], [ 87.23656, 23.26381 ], [ 87.24168, 23.25627 ], [ 87.2449, 23.25415 ] ] ] } },
{ "type": "Feature", "properties": { "OBJECTID": 369, "state_lgd": "19", "state_name": "WEST BENGAL", "district_lgd": "339", "district_name": "BANKURA", "district_name_source": "district_table", "subdistrict_lgd": "02356", "subdistrict_name": "Saltora", "subdistrict_type": "CD_Block", "name_corrupted": false, "remarks": "", "label_lon": 86.971025561262081, "label_lat": 23.534331147118763 }, "geometry": { "type": "Polygon", "coordinates": [ [ [ 86.91712, 23.6295 ], [ 86.95566, 23.63323 ], [ 86.96023, 23.63229 ], [ 86.97184, 23.62699 ], [ 86.98673, 23.63194 ], [ 86.99456, 23.63341 ], [ 86.99667, 23.6335 ], [ 87.00188, 23.63157 ], [ 87.01034, 23.63289 ], [ 87.01336, 23.63252 ], [ 87.01982, 23.6296 ], [ 87.03373, 23.61802 ], [ 87.0412, 23.61706 ], [ 87.03596, 23.60685 ], [ 87.03494, 23.6065 ], [ 87.03475, 23.60452 ], [ 87.03044, 23.60556 ], [ 87.02983, 23.60426 ], [ 87.03027, 23.60181 ], [ 87.0332, 23.60406 ], [ 87.03407, 23.60314 ], [ 87.03385, 23.60187 ], [ 87.03622, 23.59531 ], [ 87.03323, 23.59129 ], [ 87.0338, 23.5869 ], [ 87.03138, 23.58338 ], [ 87.03342, 23.58218 ], [ 87.03282, 23.5759 ], [ 87.03012, 23.57633 ], [ 87.03016, 23.57562 ], [ 87.02796, 23.57683 ], [ 87.02714, 23.57656 ], [ 87.02901, 23.57139 ], [ 87.02949, 23.56611 ], [ 87.02798, 23.56039 ], [ 87.03669, 23.55902 ], [ 87.03695, 23.55516 ], [ 87.04264, 23.55538 ], [ 87.04197, 23.55457 ], [ 87.04228, 23.55119 ], [ 87.03933, 23.54555 ], [ 87.04238, 23.5451 ], [ 87.05052, 23.5411 ], [ 87.0513, 23.54062 ], [ 87.05147, 23.5388 ], [ 87.05372, 23.5371 ], [ 87.05277, 23.53655 ], [ 87.05386, 23.53543 ], [ 87.05131, 23.53369 ], [ 87.05194, 23.53189 ], [ 87.05105, 23.53026 ], [ 87.04895, 23.53123 ], [ 87.04873, 23.52992 ], [ 87.04555, 23.52931 ], [ 87.04592, 23.52638 ], [ 87.04407, 23.52323 ], [ 87.04249, 23.52313 ], [ 87.04266, 23.52132 ], [ 87.04534, 23.51691 ], [ 87.04523, 23.51585 ], [ 87.04694, 23.51564 ], [ 87.04891, 23.51307 ], [ 87.0522, 23.51146 ], [ 87.05325, 23.51309 ], [ 87.05429, 23.51181 ], [ 87.05757, 23.5121 ], [ 87.06285, 23.51044 ], [ 87.0642, 23.51086 ], [ 87.06447, 23.51226 ], [ 87.06638, 23.51425 ], [ 87.06734, 23.51425 ], [ 87.07115, 23.51797 ], [ 87.07536, 23.51844 ], [ 87.07649, 23.51684 ], [ 87.0777, 23.51722 ], [ 87.07912, 23.51645 ], [ 87.079, 23.51504 ], [ 87.08035, 23.51281 ], [ 87.08279, 23.51124 ], [ 87.08238, 23.51015 ], [ 87.08316, 23.50959 ], [ 87.08217, 23.50905 ], [ 87.08335, 23.50825 ], [ 87.08338, 23.50627 ], [ 87.08717, 23.50415 ], [ 87.08754, 23.5027 ], [ 87.08397, 23.49791 ], [ 87.08069, 23.49082 ], [ 87.07913, 23.48972 ], [ 87.07343, 23.49447 ], [ 87.07317, 23.49123 ], [ 87.0722, 23.49077 ], [ 87.07249, 23.49454 ], [ 87.06863, 23.49642 ], [ 87.0614, 23.49571 ], [ 87.06146, 23.49491 ], [ 87.06275, 23.49474 ], [ 87.06348, 23.49186 ], [ 87.06076, 23.49269 ], [ 87.05818, 23.49094 ], [ 87.05501, 23.49243 ], [ 87.05218, 23.48981 ], [ 87.04959, 23.489 ], [ 87.04912, 23.48788 ], [ 87.04747, 23.4878 ], [ 87.04752, 23.48677 ], [ 87.04598, 23.48557 ], [ 87.04713, 23.48299 ], [ 87.04484, 23.4824 ], [ 87.04291, 23.47961 ], [ 87.04008, 23.47884 ], [ 87.0389, 23.47761 ], [ 87.03887, 23.47614 ], [ 87.03719, 23.47573 ], [ 87.03674, 23.47663 ], [ 87.03608, 23.47437 ], [ 87.0344, 23.4741 ], [ 87.03212, 23.47535 ], [ 87.02977, 23.47414 ], [ 87.02678, 23.46423 ], [ 87.02133, 23.4602 ], [ 87.02372, 23.45414 ], [ 87.02139, 23.45474 ], [ 87.01971, 23.44805 ], [ 87.01633, 23.44426 ], [ 87.01878, 23.44049 ], [ 87.01784, 23.4367 ], [ 87.01688, 23.43642 ], [ 87.01549, 23.43792 ], [ 87.01398, 23.43817 ], [ 87.01154, 23.43716 ], [ 87.01107, 23.43601 ], [ 87.01273, 23.43464 ], [ 87.01293, 23.4327 ], [ 87.01383, 23.43209 ], [ 87.01345, 23.42973 ], [ 87.01558, 23.42691 ], [ 87.01529, 23.4261 ], [ 87.01242, 23.42623 ], [ 87.01176, 23.42424 ], [ 87.01095, 23.42396 ], [ 87.00243, 23.42573 ], [ 86.99877, 23.42328 ], [ 87.00119, 23.41692 ], [ 86.99927, 23.41568 ], [ 87.00185, 23.41348 ], [ 87.00135, 23.41157 ], [ 86.9972, 23.41191 ], [ 86.99564, 23.41412 ], [ 86.99301, 23.41565 ], [ 86.98982, 23.41433 ], [ 86.9889, 23.41285 ], [ 86.98564, 23.41499 ], [ 86.98195, 23.41415 ], [ 86.97433, 23.41585 ], [ 86.96813, 23.41997 ], [ 86.96761, 23.42287 ], [ 86.96641, 23.4243 ], [ 86.96321, 23.42448 ], [ 86.96067, 23.42598 ], [ 86.95972, 23.42459 ], [ 86.95431, 23.42416 ], [ 86.95497, 23.42694 ], [ 86.95409, 23.42665 ], [ 86.95342, 23.42472 ], [ 86.95353, 23.42817 ], [ 86.94956, 23.42964 ], [ 86.94472, 23.43025 ], [ 86.94205, 23.42556 ], [ 86.93979, 23.42648 ], [ 86.93912, 23.42952 ], [ 86.93687, 23.42985 ], [ 86.93541, 23.43247 ], [ 86.93282, 23.43383 ], [ 86.93393, 23.44079 ], [ 86.93163, 23.4462 ], [ 86.93195, 23.44817 ], [ 86.93033, 23.44816 ], [ 86.93077, 23.45076 ], [ 86.92895, 23.45293 ], [ 86.92961, 23.45445 ], [ 86.92879, 23.45604 ], [ 86.92755, 23.45605 ], [ 86.92654, 23.45956 ], [ 86.92794, 23.46145 ], [ 86.92767, 23.46672 ], [ 86.92665, 23.46842 ], [ 86.92669, 23.47272 ], [ 86.92766, 23.47311 ], [ 86.92817, 23.47726 ], [ 86.93143, 23.48047 ], [ 86.92762, 23.48116 ], [ 86.92755, 23.48284 ], [ 86.92566, 23.48378 ], [ 86.91228, 23.48528 ], [ 86.906, 23.48945 ], [ 86.90605, 23.49561 ], [ 86.90117, 23.50181 ], [ 86.89774, 23.5032 ], [ 86.897, 23.50976 ], [ 86.89441, 23.51161 ], [ 86.89377, 23.5191 ], [ 86.89706, 23.5298 ], [ 86.89611, 23.53389 ], [ 86.89203, 23.53812 ], [ 86.88988, 23.53844 ], [ 86.88389, 23.53666 ], [ 86.88255, 23.53768 ], [ 86.88289, 23.54119 ], [ 86.88616, 23.55135 ], [ 86.88528, 23.55425 ], [ 86.88555, 23.55726 ], [ 86.88488, 23.55799 ], [ 86.88334, 23.55788 ], [ 86.87976, 23.55556 ], [ 86.87843, 23.55565 ], [ 86.88018, 23.5584 ], [ 86.87955, 23.56139 ], [ 86.88059, 23.56358 ], [ 86.87941, 23.56712 ], [ 86.86974, 23.56773 ], [ 86.86438, 23.56684 ], [ 86.86626, 23.57035 ], [ 86.86778, 23.57078 ], [ 86.87036, 23.57012 ], [ 86.88113, 23.57549 ], [ 86.88323, 23.57189 ], [ 86.88476, 23.57239 ], [ 86.88504, 23.57346 ], [ 86.89215, 23.575 ], [ 86.89218, 23.57662 ], [ 86.88774, 23.58275 ], [ 86.88803, 23.58591 ], [ 86.89067, 23.5882 ], [ 86.89129, 23.59156 ], [ 86.89068, 23.59507 ], [ 86.88827, 23.59931 ], [ 86.88837, 23.60234 ], [ 86.89112, 23.60317 ], [ 86.89486, 23.60587 ], [ 86.89576, 23.60911 ], [ 86.89518, 23.61302 ], [ 86.89678, 23.61402 ], [ 86.89701, 23.61718 ], [ 86.89678, 23.62011 ], [ 86.89575, 23.6211 ], [ 86.89587, 23.62429 ], [ 86.89444, 23.626 ], [ 86.89595, 23.62635 ], [ 86.89515, 23.62799 ], [ 86.89866, 23.62826 ], [ 86.90198, 23.63016 ], [ 86.90236, 23.63814 ], [ 86.90846, 23.63244 ], [ 86.91221, 23.63052 ], [ 86.91712, 23.6295 ] ] ] } },
{ "type": "Feature", "properties": { "OBJECTID": 370, "state_lgd": "19", "state_name": "WEST BENGAL", "district_lgd": "339", "district_name": "BANKURA", "district_name_source": "district_table", "subdistrict_lgd": "02366", "subdistrict_name": "Indus", "subdistrict_type": "CD_Block", "name_corrupted": false, "remarks": "", "label_lon": 87.648972912552708, "label_lat": 23.111231255765439 }, "geometry": { "type": "Polygon", "coordinates": [ [ [ 87.63731, 23.23986 ], [ 87.65359, 23.24088 ], [ 87.65278, 23.22643 ], [ 87.65648, 23.22512 ], [ 87.65852, 23.22225 ], [ 87.65448, 23.22319 ], [ 87.65407, 23.2226 ], [ 87.65556, 23.22059 ], [ 87.6518, 23.21985 ], [ 87.65099, 23.21826 ], [ 87.64804, 23.21706 ], [ 87.64872, 23.2157 ], [ 87.64776, 23.21291 ], [ 87.64977, 23.20968 ], [ 87.64868, 23.20884 ], [ 87.64806, 23.20652 ], [ 87.64792, 23.19919 ], [ 87.64714, 23.19885 ], [ 87.64697, 23.19632 ], [ 87.64973, 23.19629 ], [ 87.6521, 23.1949 ], [ 87.65242, 23.19372 ], [ 87.65451, 23.19421 ], [ 87.65362, 23.18881 ], [ 87.65584, 23.18837 ], [ 87.65608, 23.1898 ], [ 87.65761, 23.18897 ], [ 87.65766, 23.18736 ], [ 87.65598, 23.18768 ], [ 87.6555, 23.18653 ], [ 87.66028, 23.18435 ], [ 87.66007, 23.18127 ], [ 87.66144, 23.17977 ], [ 87.66039, 23.17677 ], [ 87.66137, 23.17626 ], [ 87.66164, 23.17372 ], [ 87.66541, 23.17324 ], [ 87.66579, 23.17013 ], [ 87.66901, 23.16995 ], [ 87.669, 23.16704 ], [ 87.66579, 23.16697 ], [ 87.66428, 23.17088 ], [ 87.66185, 23.1711 ], [ 87.66184, 23.16842 ], [ 87.66039, 23.16756 ], [ 87.66052, 23.16674 ], [ 87.6641, 23.16309 ], [ 87.66976, 23.15974 ], [ 87.67105, 23.16099 ], [ 87.67757, 23.15838 ], [ 87.67732, 23.15608 ], [ 87.67875, 23.15495 ], [ 87.67813, 23.15269 ], [ 87.68296, 23.14611 ], [ 87.68524, 23.14516 ], [ 87.68737, 23.1458 ], [ 87.68999, 23.14521 ], [ 87.68828, 23.13518 ], [ 87.68669, 23.13084 ], [ 87.68582, 23.13031 ], [ 87.68409, 23.12229 ], [ 87.68552, 23.12222 ], [ 87.68896, 23.1289 ], [ 87.69204, 23.12881 ], [ 87.69441, 23.1283 ], [ 87.69644, 23.12659 ], [ 87.70287, 23.12539 ], [ 87.70388, 23.12433 ], [ 87.70671, 23.12351 ], [ 87.71671, 23.12231 ], [ 87.7185, 23.11723 ], [ 87.72142, 23.11698 ], [ 87.72218, 23.11589 ], [ 87.72542, 23.1157 ], [ 87.72864, 23.12073 ], [ 87.72982, 23.12045 ], [ 87.73052, 23.11737 ], [ 87.73283, 23.11745 ], [ 87.73276, 23.11948 ], [ 87.73103, 23.1196 ], [ 87.73108, 23.12281 ], [ 87.72937, 23.12292 ], [ 87.7308, 23.13057 ], [ 87.73323, 23.13086 ], [ 87.73261, 23.12515 ], [ 87.73325, 23.12035 ], [ 87.73811, 23.11832 ], [ 87.73815, 23.11681 ], [ 87.74025, 23.11636 ], [ 87.74038, 23.11531 ], [ 87.74203, 23.11396 ], [ 87.74522, 23.11283 ], [ 87.74696, 23.11049 ], [ 87.74768, 23.10475 ], [ 87.74592, 23.1039 ], [ 87.74264, 23.10462 ], [ 87.74412, 23.1023 ], [ 87.74371, 23.10159 ], [ 87.74925, 23.10177 ], [ 87.7512, 23.09787 ], [ 87.75394, 23.09672 ], [ 87.75404, 23.09437 ], [ 87.75584, 23.09385 ], [ 87.75513, 23.0928 ], [ 87.75596, 23.092 ], [ 87.75534, 23.08871 ], [ 87.75374, 23.08544 ], [ 87.75468, 23.08488 ], [ 87.75297, 23.08168 ], [ 87.76049, 23.08103 ], [ 87.7615, 23.0816 ], [ 87.76397, 23.0769 ], [ 87.76428, 23.0754 ], [ 87.76334, 23.07349 ], [ 87.76038, 23.07162 ], [ 87.76026, 23.07081 ], [ 87.75795, 23.07106 ], [ 87.75415, 23.06732 ], [ 87.75191, 23.06766 ], [ 87.74991, 23.06531 ], [ 87.75109, 23.06404 ], [ 87.75052, 23.06258 ], [ 87.74301, 23.05502 ], [ 87.74349, 23.04923 ], [ 87.74438, 23.04911 ], [ 87.74263, 23.04668 ], [ 87.74305, 23.04543 ], [ 87.7408, 23.04338 ], [ 87.74058, 23.03343 ], [ 87.73918, 23.03224 ], [ 87.74172, 23.03192 ], [ 87.74168, 23.03124 ], [ 87.73978, 23.03045 ], [ 87.73896, 23.02809 ], [ 87.73757, 23.02764 ], [ 87.72215, 23.02907 ], [ 87.72213, 23.02558 ], [ 87.72069, 23.02341 ], [ 87.72055, 23.01928 ], [ 87.71215, 23.01063 ], [ 87.70885, 23.01329 ], [ 87.70552, 23.01768 ], [ 87.7024, 23.02735 ], [ 87.69983, 23.02734 ], [ 87.69338, 23.02439 ], [ 87.69013, 23.02435 ], [ 87.68576, 23.02568 ], [ 87.67685, 23.03673 ], [ 87.67294, 23.03703 ], [ 87.66883, 23.03856 ], [ 87.66312, 23.03859 ], [ 87.65627, 23.03741 ], [ 87.65342, 23.0382 ], [ 87.65255, 23.03932 ], [ 87.65177, 23.04789 ], [ 87.65253, 23.04891 ], [ 87.65838, 23.05041 ], [ 87.65877, 23.05116 ], [ 87.65975, 23.05619 ], [ 87.65735, 23.0587 ], [ 87.6454, 23.05916 ], [ 87.64119, 23.06414 ], [ 87.63837, 23.06598 ], [ 87.6251, 23.05759 ], [ 87.62128, 23.05629 ], [ 87.6004, 23.06464 ], [ 87.59876, 23.06673 ], [ 87.59762, 23.0703 ], [ 87.60054, 23.08402 ], [ 87.59995, 23.0864 ], [ 87.59776, 23.08866 ], [ 87.59435, 23.08819 ], [ 87.58905, 23.07976 ], [ 87.58452, 23.07633 ], [ 87.57187, 23.08063 ], [ 87.55169, 23.07792 ], [ 87.5478, 23.07922 ], [ 87.54295, 23.08217 ], [ 87.53894, 23.08583 ], [ 87.53804, 23.09154 ], [ 87.53934, 23.09575 ], [ 87.53983, 23.10166 ], [ 87.53871, 23.10537 ], [ 87.53564, 23.10769 ], [ 87.53433, 23.10767 ], [ 87.5269, 23.10453 ], [ 87.52291, 23.10462 ], [ 87.5244, 23.1062 ], [ 87.53077, 23.10953 ], [ 87.53314, 23.11403 ], [ 87.53277, 23.11531 ], [ 87.53435, 23.11671 ], [ 87.53557, 23.11654 ], [ 87.53707, 23.12271 ], [ 87.54054, 23.12225 ], [ 87.54293, 23.12007 ], [ 87.54574, 23.12106 ], [ 87.54611, 23.12192 ], [ 87.54923, 23.12192 ], [ 87.55031, 23.12301 ], [ 87.55107, 23.12566 ], [ 87.54869, 23.12565 ], [ 87.54929, 23.12675 ], [ 87.54768, 23.12747 ], [ 87.54674, 23.1272 ], [ 87.54589, 23.12465 ], [ 87.54573, 23.12577 ], [ 87.54489, 23.12605 ], [ 87.5444, 23.12954 ], [ 87.54339, 23.13012 ], [ 87.54504, 23.13236 ], [ 87.54398, 23.13268 ], [ 87.54416, 23.13467 ], [ 87.54301, 23.13408 ], [ 87.54325, 23.13527 ], [ 87.54404, 23.13511 ], [ 87.5442, 23.13607 ], [ 87.5463, 23.13565 ], [ 87.54645, 23.13711 ], [ 87.54885, 23.1379 ], [ 87.54801, 23.14089 ], [ 87.55057, 23.14003 ], [ 87.55253, 23.14068 ], [ 87.55246, 23.14004 ], [ 87.5535, 23.14046 ], [ 87.55516, 23.13881 ], [ 87.55792, 23.13862 ], [ 87.55825, 23.13937 ], [ 87.55928, 23.13852 ], [ 87.55879, 23.13946 ], [ 87.56138, 23.14009 ], [ 87.56111, 23.14274 ], [ 87.5602, 23.14247 ], [ 87.56152, 23.14493 ], [ 87.56422, 23.14598 ], [ 87.56842, 23.14539 ], [ 87.56925, 23.14597 ], [ 87.57486, 23.15979 ], [ 87.5762, 23.15925 ], [ 87.57744, 23.16079 ], [ 87.57853, 23.16091 ], [ 87.57926, 23.15975 ], [ 87.58064, 23.16042 ], [ 87.5835, 23.15979 ], [ 87.58487, 23.1604 ], [ 87.58589, 23.15929 ], [ 87.58692, 23.16171 ], [ 87.58441, 23.16197 ], [ 87.58479, 23.16316 ], [ 87.58409, 23.16478 ], [ 87.58499, 23.16704 ], [ 87.58821, 23.16602 ], [ 87.58822, 23.16869 ], [ 87.58972, 23.17088 ], [ 87.58849, 23.17111 ], [ 87.58783, 23.17236 ], [ 87.58926, 23.17567 ], [ 87.59093, 23.17591 ], [ 87.5941, 23.17458 ], [ 87.59519, 23.17495 ], [ 87.60205, 23.18009 ], [ 87.60171, 23.1809 ], [ 87.60314, 23.18245 ], [ 87.60448, 23.1811 ], [ 87.60534, 23.18103 ], [ 87.6067, 23.18243 ], [ 87.6124, 23.18091 ], [ 87.6123, 23.17862 ], [ 87.61112, 23.17638 ], [ 87.61293, 23.17575 ], [ 87.6146, 23.17793 ], [ 87.61455, 23.1792 ], [ 87.6135, 23.17981 ], [ 87.61367, 23.18048 ], [ 87.61493, 23.18027 ], [ 87.61379, 23.18094 ], [ 87.61395, 23.1825 ], [ 87.61542, 23.18219 ], [ 87.61586, 23.18314 ], [ 87.61786, 23.18241 ], [ 87.61829, 23.1835 ], [ 87.61984, 23.18271 ], [ 87.62135, 23.18567 ], [ 87.62311, 23.18688 ], [ 87.62836, 23.18545 ], [ 87.62982, 23.18821 ], [ 87.6285, 23.19069 ], [ 87.63023, 23.19073 ], [ 87.63178, 23.19308 ], [ 87.63143, 23.19516 ], [ 87.62996, 23.19476 ], [ 87.62763, 23.19555 ], [ 87.62672, 23.19751 ], [ 87.62477, 23.19841 ], [ 87.62616, 23.19911 ], [ 87.62629, 23.20026 ], [ 87.62486, 23.20024 ], [ 87.62446, 23.201 ], [ 87.62547, 23.20254 ], [ 87.62716, 23.20257 ], [ 87.62746, 23.20519 ], [ 87.62167, 23.20645 ], [ 87.62052, 23.2069 ], [ 87.62029, 23.20788 ], [ 87.61986, 23.20716 ], [ 87.61876, 23.20728 ], [ 87.619, 23.21042 ], [ 87.61635, 23.20975 ], [ 87.61596, 23.21072 ], [ 87.61814, 23.2123 ], [ 87.61953, 23.21217 ], [ 87.61899, 23.21432 ], [ 87.61686, 23.21387 ], [ 87.61931, 23.21546 ], [ 87.62114, 23.21792 ], [ 87.62002, 23.21789 ], [ 87.61985, 23.21858 ], [ 87.6191, 23.21779 ], [ 87.61859, 23.21816 ], [ 87.62122, 23.22233 ], [ 87.62225, 23.22239 ], [ 87.62147, 23.22326 ], [ 87.62302, 23.22497 ], [ 87.62477, 23.22977 ], [ 87.6188, 23.2311 ], [ 87.61654, 23.23009 ], [ 87.61687, 23.23426 ], [ 87.61911, 23.2401 ], [ 87.62361, 23.24727 ], [ 87.62777, 23.24316 ], [ 87.63731, 23.23986 ] ] ] } },
{ "type": "Feature", "properties": { "OBJECTID": 371, "state_lgd": "19", "state_name": "WEST BENGAL", "district_lgd": "339", "district_name": "BANKURA", "district_name_source": "district_table", "subdistrict_lgd": "02368", "subdistrict_name": "Jaypur", "subdistrict_type": "CD_Block", "name_corrupted": false, "remarks": "", "label_lon": 87.466859027809335, "label_lat": 23.027343358825732 }, "geometry": { "type": "Polygon", "coordinates": [ [ [ 87.51558, 23.11029 ], [ 87.51896, 23.10628 ], [ 87.52505, 23.10434 ], [ 87.52897, 23.10513 ], [ 87.53433, 23.10767 ], [ 87.53564, 23.10769 ], [ 87.53871, 23.10537 ], [ 87.53983, 23.10166 ], [ 87.53934, 23.09575 ], [ 87.53804, 23.09154 ], [ 87.53894, 23.08583 ], [ 87.54295, 23.08217 ], [ 87.5496, 23.07872 ], [ 87.54823, 23.07296 ], [ 87.54717, 23.07239 ], [ 87.54563, 23.07288 ], [ 87.54376, 23.07101 ], [ 87.54163, 23.07188 ], [ 87.54169, 23.07064 ], [ 87.54359, 23.07059 ], [ 87.54267, 23.06963 ], [ 87.54492, 23.06806 ], [ 87.54268, 23.06482 ], [ 87.54268, 23.06372 ], [ 87.54462, 23.06326 ], [ 87.5433, 23.06195 ], [ 87.54123, 23.06209 ], [ 87.54039, 23.05649 ], [ 87.54182, 23.05546 ], [ 87.54147, 23.05444 ], [ 87.54435, 23.0526 ], [ 87.54439, 23.04996 ], [ 87.54313, 23.04956 ], [ 87.54371, 23.05194 ], [ 87.54142, 23.05338 ], [ 87.53958, 23.0487 ], [ 87.53216, 23.05007 ], [ 87.5319, 23.04298 ], [ 87.53487, 23.04038 ], [ 87.53262, 23.03555 ], [ 87.52843, 23.03683 ], [ 87.52774, 23.03532 ], [ 87.52605, 23.03543 ], [ 87.52522, 23.03167 ], [ 87.52798, 23.03101 ], [ 87.52818, 23.0301 ], [ 87.527, 23.03028 ], [ 87.5262, 23.02838 ], [ 87.52308, 23.02654 ], [ 87.52217, 23.02468 ], [ 87.51955, 23.02481 ], [ 87.51703, 23.02663 ], [ 87.51376, 23.03135 ], [ 87.51422, 23.03269 ], [ 87.51298, 23.03399 ], [ 87.51092, 23.03092 ], [ 87.51162, 23.03029 ], [ 87.51114, 23.02922 ], [ 87.50659, 23.02861 ], [ 87.505, 23.02743 ], [ 87.5036, 23.02756 ], [ 87.50333, 23.02683 ], [ 87.50084, 23.02704 ], [ 87.50068, 23.02649 ], [ 87.50712, 23.02531 ], [ 87.50599, 23.02133 ], [ 87.50865, 23.021 ], [ 87.51015, 23.0188 ], [ 87.50992, 23.01747 ], [ 87.50838, 23.01746 ], [ 87.50799, 23.01668 ], [ 87.50354, 23.01734 ], [ 87.50747, 23.01611 ], [ 87.50475, 23.01255 ], [ 87.50461, 23.01113 ], [ 87.50603, 23.01032 ], [ 87.50518, 23.00893 ], [ 87.50701, 23.00814 ], [ 87.50514, 23.00737 ], [ 87.50828, 23.0063 ], [ 87.50857, 23.00741 ], [ 87.50765, 23.00755 ], [ 87.50937, 23.00847 ], [ 87.5094, 23.0096 ], [ 87.51349, 23.0088 ], [ 87.51614, 23.00639 ], [ 87.51728, 23.00474 ], [ 87.51607, 22.99994 ], [ 87.51659, 22.99752 ], [ 87.51862, 22.99724 ], [ 87.51994, 22.99629 ], [ 87.51972, 22.99568 ], [ 87.52193, 22.99518 ], [ 87.52324, 22.99577 ], [ 87.52376, 22.99473 ], [ 87.52194, 22.99125 ], [ 87.51947, 22.99128 ], [ 87.51873, 22.99055 ], [ 87.51894, 22.98692 ], [ 87.52162, 22.98481 ], [ 87.52532, 22.98721 ], [ 87.5253, 22.98519 ], [ 87.52636, 22.98485 ], [ 87.52763, 22.98615 ], [ 87.52925, 22.98353 ], [ 87.5253, 22.97519 ], [ 87.52139, 22.96146 ], [ 87.51607, 22.96125 ], [ 87.51642, 22.95549 ], [ 87.51545, 22.95589 ], [ 87.51485, 22.95438 ], [ 87.51368, 22.95462 ], [ 87.5137, 22.951 ], [ 87.51285, 22.94942 ], [ 87.51413, 22.94779 ], [ 87.51636, 22.94702 ], [ 87.51644, 22.9434 ], [ 87.51929, 22.94241 ], [ 87.51934, 22.93992 ], [ 87.52085, 22.93842 ], [ 87.52443, 22.9372 ], [ 87.52629, 22.93531 ], [ 87.52795, 22.93574 ], [ 87.53048, 22.9346 ], [ 87.52976, 22.93327 ], [ 87.53236, 22.93232 ], [ 87.53244, 22.93048 ], [ 87.52523, 22.93013 ], [ 87.5173, 22.93093 ], [ 87.51669, 22.92619 ], [ 87.51755, 22.92598 ], [ 87.51752, 22.92486 ], [ 87.51569, 22.92494 ], [ 87.5153, 22.92368 ], [ 87.51376, 22.92367 ], [ 87.51276, 22.92163 ], [ 87.51235, 22.92316 ], [ 87.51095, 22.92244 ], [ 87.51083, 22.92332 ], [ 87.50952, 22.92402 ], [ 87.51108, 22.92407 ], [ 87.51123, 22.925 ], [ 87.50938, 22.92566 ], [ 87.5062, 22.92499 ], [ 87.5032, 22.92619 ], [ 87.50239, 22.92606 ], [ 87.50214, 22.92501 ], [ 87.49956, 22.92615 ], [ 87.49884, 22.92212 ], [ 87.4974, 22.92174 ], [ 87.49594, 22.92007 ], [ 87.49282, 22.91952 ], [ 87.48341, 22.91391 ], [ 87.47938, 22.91396 ], [ 87.4758, 22.91088 ], [ 87.47373, 22.91013 ], [ 87.45963, 22.91179 ], [ 87.45537, 22.91557 ], [ 87.45207, 22.91622 ], [ 87.44725, 22.92081 ], [ 87.44154, 22.92164 ], [ 87.43396, 22.92515 ], [ 87.4265, 22.92412 ], [ 87.42205, 22.92469 ], [ 87.42202, 22.93016 ], [ 87.41243, 22.93291 ], [ 87.41242, 22.93429 ], [ 87.41576, 22.93433 ], [ 87.41712, 22.94577 ], [ 87.41593, 22.94702 ], [ 87.41862, 22.95429 ], [ 87.42203, 22.95386 ], [ 87.42459, 22.95167 ], [ 87.4285, 22.95464 ], [ 87.42987, 22.95647 ], [ 87.42832, 22.95856 ], [ 87.42982, 22.95989 ], [ 87.42977, 22.96264 ], [ 87.43096, 22.96483 ], [ 87.43335, 22.96515 ], [ 87.43511, 22.96946 ], [ 87.43501, 22.97109 ], [ 87.43097, 22.97478 ], [ 87.42976, 22.97752 ], [ 87.42784, 22.97942 ], [ 87.43104, 22.98847 ], [ 87.41694, 23.00131 ], [ 87.41453, 23.00437 ], [ 87.4145, 23.00835 ], [ 87.41596, 23.01082 ], [ 87.42797, 23.00923 ], [ 87.42865, 23.00955 ], [ 87.42975, 23.01389 ], [ 87.43281, 23.01607 ], [ 87.43313, 23.01731 ], [ 87.43585, 23.017 ], [ 87.43605, 23.01786 ], [ 87.42836, 23.01956 ], [ 87.42656, 23.02448 ], [ 87.42344, 23.02918 ], [ 87.42157, 23.0302 ], [ 87.42089, 23.0315 ], [ 87.41567, 23.03316 ], [ 87.4197, 23.03556 ], [ 87.41312, 23.03641 ], [ 87.41018, 23.03827 ], [ 87.40826, 23.03735 ], [ 87.4026, 23.03936 ], [ 87.39646, 23.03821 ], [ 87.3999, 23.04178 ], [ 87.39967, 23.04486 ], [ 87.38476, 23.04765 ], [ 87.38176, 23.04903 ], [ 87.37941, 23.05143 ], [ 87.38072, 23.05304 ], [ 87.38222, 23.0616 ], [ 87.36905, 23.06402 ], [ 87.37082, 23.06665 ], [ 87.37256, 23.07404 ], [ 87.37608, 23.07352 ], [ 87.37669, 23.07558 ], [ 87.3774, 23.07559 ], [ 87.37665, 23.07747 ], [ 87.37402, 23.07931 ], [ 87.37344, 23.08334 ], [ 87.38167, 23.08557 ], [ 87.38328, 23.08719 ], [ 87.38389, 23.0873 ], [ 87.38412, 23.08601 ], [ 87.3874, 23.08748 ], [ 87.38953, 23.08706 ], [ 87.39033, 23.085 ], [ 87.39474, 23.08435 ], [ 87.39408, 23.09128 ], [ 87.38652, 23.09125 ], [ 87.38612, 23.0929 ], [ 87.38913, 23.09521 ], [ 87.39172, 23.09893 ], [ 87.39524, 23.11087 ], [ 87.39807, 23.11257 ], [ 87.40556, 23.11155 ], [ 87.41374, 23.11283 ], [ 87.41334, 23.11385 ], [ 87.41474, 23.11378 ], [ 87.42618, 23.10813 ], [ 87.43448, 23.10811 ], [ 87.45085, 23.11664 ], [ 87.45731, 23.11839 ], [ 87.46842, 23.11565 ], [ 87.47406, 23.10944 ], [ 87.47789, 23.10872 ], [ 87.48038, 23.11038 ], [ 87.48235, 23.11332 ], [ 87.48193, 23.11368 ], [ 87.48709, 23.11852 ], [ 87.49628, 23.12287 ], [ 87.49826, 23.12306 ], [ 87.50775, 23.12002 ], [ 87.51213, 23.11741 ], [ 87.5151, 23.11366 ], [ 87.51558, 23.11029 ] ] ] } },
{ "type": "Feature", "properties": { "OBJECTID": 372, "state_lgd": "19", "state_name": "WEST BENGAL", "district_lgd": "339", "district_name": "BANKURA", "district_name_source": "district_table", "subdistrict_lgd": "02367", "subdistrict_name": "Kotulpur", "subdistrict_type": "CD_Block", "name_corrupted": false, "remarks": "", "label_lon": 87.593552613702983, "label_lat": 22.991884299730778 }, "geometry": { "type": "Polygon", "coordinates": [ [ [ 87.60054, 23.08402 ], [ 87.59762, 23.0703 ], [ 87.59876, 23.06673 ], [ 87.6004, 23.06464 ], [ 87.61695, 23.0584 ], [ 87.61912, 23.05681 ], [ 87.62128, 23.05629 ], [ 87.6251, 23.05759 ], [ 87.63837, 23.06598 ], [ 87.64119, 23.06414 ], [ 87.6454, 23.05916 ], [ 87.65735, 23.0587 ], [ 87.65975, 23.05619 ], [ 87.65877, 23.05116 ], [ 87.65838, 23.05041 ], [ 87.65253, 23.04891 ], [ 87.65177, 23.04789 ], [ 87.65255, 23.03932 ], [ 87.65342, 23.0382 ], [ 87.65627, 23.03741 ], [ 87.66312, 23.03859 ], [ 87.66883, 23.03856 ], [ 87.67294, 23.03703 ], [ 87.67685, 23.03673 ], [ 87.68191, 23.02975 ], [ 87.68576, 23.02568 ], [ 87.6872, 23.02511 ], [ 87.68603, 23.02145 ], [ 87.68644, 23.01988 ], [ 87.69012, 23.01815 ], [ 87.69401, 23.01957 ], [ 87.69898, 23.01838 ], [ 87.69955, 23.01725 ], [ 87.69898, 23.01536 ], [ 87.69612, 23.01367 ], [ 87.69688, 23.01213 ], [ 87.69621, 23.00997 ], [ 87.69693, 23.00573 ], [ 87.69626, 23.00174 ], [ 87.69712, 23.00072 ], [ 87.69711, 22.99909 ], [ 87.6949, 22.99427 ], [ 87.69322, 22.99402 ], [ 87.69255, 22.99277 ], [ 87.68962, 22.99322 ], [ 87.68833, 22.99241 ], [ 87.68528, 22.99234 ], [ 87.68297, 22.99313 ], [ 87.67969, 22.99143 ], [ 87.6788, 22.9926 ], [ 87.67697, 22.99234 ], [ 87.67575, 22.9931 ], [ 87.67316, 22.99113 ], [ 87.6729, 22.98886 ], [ 87.67204, 22.98907 ], [ 87.67128, 22.98751 ], [ 87.66969, 22.9876 ], [ 87.66827, 22.98655 ], [ 87.6565, 22.98699 ], [ 87.65456, 22.98843 ], [ 87.64871, 22.98843 ], [ 87.64792, 22.98925 ], [ 87.64685, 22.98789 ], [ 87.64226, 22.98737 ], [ 87.64167, 22.98556 ], [ 87.641, 22.98567 ], [ 87.63954, 22.98357 ], [ 87.63814, 22.98076 ], [ 87.64104, 22.98053 ], [ 87.64274, 22.97859 ], [ 87.64251, 22.97703 ], [ 87.64165, 22.97674 ], [ 87.64232, 22.97632 ], [ 87.64214, 22.97495 ], [ 87.64001, 22.97556 ], [ 87.63965, 22.97478 ], [ 87.64214, 22.97471 ], [ 87.64059, 22.96681 ], [ 87.64874, 22.96632 ], [ 87.64909, 22.96352 ], [ 87.6503, 22.96257 ], [ 87.6492, 22.95023 ], [ 87.65238, 22.95028 ], [ 87.65236, 22.94975 ], [ 87.65093, 22.94876 ], [ 87.64948, 22.9388 ], [ 87.64786, 22.93775 ], [ 87.6471, 22.93372 ], [ 87.64512, 22.93333 ], [ 87.64518, 22.9316 ], [ 87.64389, 22.93085 ], [ 87.64379, 22.92337 ], [ 87.64264, 22.92209 ], [ 87.64312, 22.9213 ], [ 87.64159, 22.92114 ], [ 87.64033, 22.91854 ], [ 87.63271, 22.91963 ], [ 87.62165, 22.91219 ], [ 87.61991, 22.91183 ], [ 87.62105, 22.9107 ], [ 87.6214, 22.90826 ], [ 87.61967, 22.90279 ], [ 87.62649, 22.90248 ], [ 87.62678, 22.90324 ], [ 87.63136, 22.89916 ], [ 87.62705, 22.89905 ], [ 87.62583, 22.89767 ], [ 87.62585, 22.89589 ], [ 87.62655, 22.89576 ], [ 87.62606, 22.89505 ], [ 87.61969, 22.89412 ], [ 87.61635, 22.89231 ], [ 87.61481, 22.88946 ], [ 87.61109, 22.88873 ], [ 87.61047, 22.88888 ], [ 87.61048, 22.8911 ], [ 87.60206, 22.89037 ], [ 87.60062, 22.89757 ], [ 87.59938, 22.89802 ], [ 87.59547, 22.89861 ], [ 87.59165, 22.89528 ], [ 87.58785, 22.89413 ], [ 87.58715, 22.89524 ], [ 87.5863, 22.89407 ], [ 87.58425, 22.89594 ], [ 87.58461, 22.89743 ], [ 87.58384, 22.8981 ], [ 87.58467, 22.90072 ], [ 87.58178, 22.90339 ], [ 87.58158, 22.90511 ], [ 87.58243, 22.90509 ], [ 87.5824, 22.90586 ], [ 87.58055, 22.90586 ], [ 87.57933, 22.9078 ], [ 87.58011, 22.90903 ], [ 87.57858, 22.908 ], [ 87.57887, 22.91001 ], [ 87.57813, 22.91001 ], [ 87.5784, 22.90903 ], [ 87.57688, 22.90899 ], [ 87.57613, 22.90745 ], [ 87.57454, 22.90862 ], [ 87.57604, 22.91 ], [ 87.57506, 22.91015 ], [ 87.57518, 22.91103 ], [ 87.57065, 22.9095 ], [ 87.57226, 22.91125 ], [ 87.57029, 22.9122 ], [ 87.57137, 22.91222 ], [ 87.57219, 22.91344 ], [ 87.57135, 22.91376 ], [ 87.57153, 22.91475 ], [ 87.56951, 22.9151 ], [ 87.56884, 22.91621 ], [ 87.56706, 22.91682 ], [ 87.56522, 22.9161 ], [ 87.56534, 22.91861 ], [ 87.56413, 22.91765 ], [ 87.56293, 22.91892 ], [ 87.55914, 22.91881 ], [ 87.559, 22.92013 ], [ 87.55433, 22.9198 ], [ 87.55239, 22.91842 ], [ 87.54625, 22.92154 ], [ 87.54223, 22.92225 ], [ 87.54169, 22.92159 ], [ 87.54099, 22.92375 ], [ 87.54001, 22.92337 ], [ 87.53951, 22.92416 ], [ 87.53911, 22.92328 ], [ 87.53753, 22.92322 ], [ 87.53772, 22.92405 ], [ 87.53622, 22.92454 ], [ 87.53533, 22.92649 ], [ 87.53573, 22.92782 ], [ 87.53178, 22.9303 ], [ 87.53282, 22.9314 ], [ 87.53236, 22.93232 ], [ 87.52976, 22.93327 ], [ 87.53048, 22.9346 ], [ 87.52795, 22.93574 ], [ 87.52629, 22.93531 ], [ 87.52443, 22.9372 ], [ 87.52085, 22.93842 ], [ 87.51934, 22.93992 ], [ 87.51929, 22.94241 ], [ 87.51644, 22.9434 ], [ 87.51596, 22.9444 ], [ 87.51663, 22.94662 ], [ 87.51582, 22.94758 ], [ 87.51413, 22.94779 ], [ 87.51285, 22.94942 ], [ 87.5137, 22.951 ], [ 87.51368, 22.95462 ], [ 87.51485, 22.95438 ], [ 87.51545, 22.95589 ], [ 87.51642, 22.95549 ], [ 87.51607, 22.96125 ], [ 87.52139, 22.96146 ], [ 87.5253, 22.97519 ], [ 87.52925, 22.98353 ], [ 87.52763, 22.98615 ], [ 87.52636, 22.98485 ], [ 87.5253, 22.98519 ], [ 87.52532, 22.98721 ], [ 87.52162, 22.98481 ], [ 87.51894, 22.98692 ], [ 87.51873, 22.99055 ], [ 87.51947, 22.99128 ], [ 87.52194, 22.99125 ], [ 87.52376, 22.99473 ], [ 87.52324, 22.99577 ], [ 87.52193, 22.99518 ], [ 87.51972, 22.99568 ], [ 87.51994, 22.99629 ], [ 87.51862, 22.99724 ], [ 87.51659, 22.99752 ], [ 87.51607, 22.99994 ], [ 87.51728, 23.00474 ], [ 87.51614, 23.00639 ], [ 87.51349, 23.0088 ], [ 87.5094, 23.0096 ], [ 87.50937, 23.00847 ], [ 87.50765, 23.00755 ], [ 87.50857, 23.00741 ], [ 87.50828, 23.0063 ], [ 87.50514, 23.00737 ], [ 87.50701, 23.00814 ], [ 87.50518, 23.00893 ], [ 87.50603, 23.01032 ], [ 87.50461, 23.01113 ], [ 87.50475, 23.01255 ], [ 87.50747, 23.01611 ], [ 87.50354, 23.01734 ], [ 87.50799, 23.01668 ], [ 87.50838, 23.01746 ], [ 87.50992, 23.01747 ], [ 87.51015, 23.0188 ], [ 87.50865, 23.021 ], [ 87.50599, 23.02133 ], [ 87.50712, 23.02531 ], [ 87.50068, 23.02649 ], [ 87.50084, 23.02704 ], [ 87.50333, 23.02683 ], [ 87.5036, 23.02756 ], [ 87.505, 23.02743 ], [ 87.50659, 23.02861 ], [ 87.51114, 23.02922 ], [ 87.51162, 23.03029 ], [ 87.51092, 23.03092 ], [ 87.51298, 23.03399 ], [ 87.51422, 23.03269 ], [ 87.51376, 23.03135 ], [ 87.51703, 23.02663 ], [ 87.51955, 23.02481 ], [ 87.52217, 23.02468 ], [ 87.52308, 23.02654 ], [ 87.5262, 23.02838 ], [ 87.527, 23.03028 ], [ 87.52818, 23.0301 ], [ 87.52798, 23.03101 ], [ 87.52522, 23.03167 ], [ 87.52605, 23.03543 ], [ 87.52774, 23.03532 ], [ 87.52843, 23.03683 ], [ 87.53262, 23.03555 ], [ 87.53487, 23.04038 ], [ 87.5319, 23.04298 ], [ 87.53216, 23.05007 ], [ 87.53958, 23.0487 ], [ 87.54142, 23.05338 ], [ 87.54371, 23.05194 ], [ 87.54313, 23.04956 ], [ 87.54439, 23.04996 ], [ 87.54435, 23.0526 ], [ 87.54147, 23.05444 ], [ 87.54182, 23.05546 ], [ 87.54039, 23.05649 ], [ 87.54123, 23.06209 ], [ 87.5433, 23.06195 ], [ 87.54462, 23.06326 ], [ 87.54268, 23.06372 ], [ 87.54268, 23.06482 ], [ 87.54492, 23.06806 ], [ 87.54267, 23.06963 ], [ 87.54359, 23.07059 ], [ 87.54169, 23.07064 ], [ 87.54163, 23.07188 ], [ 87.54376, 23.07101 ], [ 87.54563, 23.07288 ], [ 87.54717, 23.07239 ], [ 87.54823, 23.07296 ], [ 87.5496, 23.07872 ], [ 87.55169, 23.07792 ], [ 87.55523, 23.07798 ], [ 87.55899, 23.07918 ], [ 87.57187, 23.08063 ], [ 87.58452, 23.07633 ], [ 87.58905, 23.07976 ], [ 87.59435, 23.08819 ], [ 87.59696, 23.08876 ], [ 87.59909, 23.0876 ], [ 87.60054, 23.08402 ] ] ] } },
{ "type": "Feature", "properties": { "OBJECTID": 373, "state_lgd": "19", "state_name": "WEST BENGAL", "district_lgd": "339", "district_name": "BANKURA", "district_name_source": "district_table", "subdistrict_lgd": "02365", "subdistrict_name": "Patrasayer", "subdistrict_type": "CD_Block", "name_corrupted": false, "remarks": "", "label_lon": 87.514359918910628, "label_lat": 23.200539500717557 }, "geometry": { "type": "Polygon", "coordinates": [ [ [ 87.55729, 23.3117 ], [ 87.56161, 23.30065 ], [ 87.56224, 23.29583 ], [ 87.56743, 23.29064 ], [ 87.57736, 23.28407 ], [ 87.58437, 23.2767 ], [ 87.59396, 23.26883 ], [ 87.5973, 23.261 ], [ 87.60028, 23.2572 ], [ 87.60799, 23.25326 ], [ 87.62062, 23.25072 ], [ 87.62361, 23.24727 ], [ 87.61911, 23.2401 ], [ 87.61643, 23.23113 ], [ 87.61654, 23.23009 ], [ 87.6188, 23.2311 ], [ 87.62477, 23.22977 ], [ 87.62302, 23.22497 ], [ 87.62147, 23.22326 ], [ 87.62225, 23.22239 ], [ 87.62122, 23.22233 ], [ 87.61859, 23.21816 ], [ 87.6191, 23.21779 ], [ 87.61985, 23.21858 ], [ 87.62002, 23.21789 ], [ 87.62114, 23.21792 ], [ 87.61931, 23.21546 ], [ 87.61686, 23.21387 ], [ 87.61899, 23.21432 ], [ 87.61953, 23.21217 ], [ 87.61814, 23.2123 ], [ 87.61596, 23.21072 ], [ 87.61635, 23.20975 ], [ 87.619, 23.21042 ], [ 87.61876, 23.20728 ], [ 87.61986, 23.20716 ], [ 87.62029, 23.20788 ], [ 87.62052, 23.2069 ], [ 87.62167, 23.20645 ], [ 87.62746, 23.20519 ], [ 87.62716, 23.20257 ], [ 87.62547, 23.20254 ], [ 87.62446, 23.201 ], [ 87.62486, 23.20024 ], [ 87.62629, 23.20026 ], [ 87.62616, 23.19911 ], [ 87.62477, 23.19841 ], [ 87.62672, 23.19751 ], [ 87.62763, 23.19555 ], [ 87.62996, 23.19476 ], [ 87.63143, 23.19516 ], [ 87.63178, 23.19308 ], [ 87.63023, 23.19073 ], [ 87.6285, 23.19069 ], [ 87.62982, 23.18821 ], [ 87.62836, 23.18545 ], [ 87.62311, 23.18688 ], [ 87.62135, 23.18567 ], [ 87.61984, 23.18271 ], [ 87.61829, 23.1835 ], [ 87.61786, 23.18241 ], [ 87.61586, 23.18314 ], [ 87.61542, 23.18219 ], [ 87.61395, 23.1825 ], [ 87.61379, 23.18094 ], [ 87.61493, 23.18027 ], [ 87.61367, 23.18048 ], [ 87.6135, 23.17981 ], [ 87.61455, 23.1792 ], [ 87.6146, 23.17793 ], [ 87.61293, 23.17575 ], [ 87.61112, 23.17638 ], [ 87.6123, 23.17862 ], [ 87.6124, 23.18091 ], [ 87.6067, 23.18243 ], [ 87.60534, 23.18103 ], [ 87.60448, 23.1811 ], [ 87.60314, 23.18245 ], [ 87.60171, 23.1809 ], [ 87.60205, 23.18009 ], [ 87.59519, 23.17495 ], [ 87.5941, 23.17458 ], [ 87.59093, 23.17591 ], [ 87.58926, 23.17567 ], [ 87.58783, 23.17236 ], [ 87.58849, 23.17111 ], [ 87.58972, 23.17088 ], [ 87.58822, 23.16869 ], [ 87.58821, 23.16602 ], [ 87.58499, 23.16704 ], [ 87.58409, 23.16478 ], [ 87.58479, 23.16316 ], [ 87.58441, 23.16197 ], [ 87.58692, 23.16171 ], [ 87.58589, 23.15929 ], [ 87.58487, 23.1604 ], [ 87.5835, 23.15979 ], [ 87.58064, 23.16042 ], [ 87.57926, 23.15975 ], [ 87.57853, 23.16091 ], [ 87.57744, 23.16079 ], [ 87.5762, 23.15925 ], [ 87.57486, 23.15979 ], [ 87.56925, 23.14597 ], [ 87.56842, 23.14539 ], [ 87.56422, 23.14598 ], [ 87.56152, 23.14493 ], [ 87.5602, 23.14247 ], [ 87.56111, 23.14274 ], [ 87.56138, 23.14009 ], [ 87.55879, 23.13946 ], [ 87.55928, 23.13852 ], [ 87.55825, 23.13937 ], [ 87.55792, 23.13862 ], [ 87.55516, 23.13881 ], [ 87.5535, 23.14046 ], [ 87.55246, 23.14004 ], [ 87.55253, 23.14068 ], [ 87.55057, 23.14003 ], [ 87.54801, 23.14089 ], [ 87.54885, 23.1379 ], [ 87.54645, 23.13711 ], [ 87.5463, 23.13565 ], [ 87.5442, 23.13607 ], [ 87.54404, 23.13511 ], [ 87.54325, 23.13527 ], [ 87.54301, 23.13408 ], [ 87.54416, 23.13467 ], [ 87.54398, 23.13268 ], [ 87.54504, 23.13236 ], [ 87.54339, 23.13012 ], [ 87.5444, 23.12954 ], [ 87.54489, 23.12605 ], [ 87.54573, 23.12577 ], [ 87.54589, 23.12465 ], [ 87.54674, 23.1272 ], [ 87.54768, 23.12747 ], [ 87.54929, 23.12675 ], [ 87.54869, 23.12565 ], [ 87.55107, 23.12566 ], [ 87.55031, 23.12301 ], [ 87.54923, 23.12192 ], [ 87.54611, 23.12192 ], [ 87.54574, 23.12106 ], [ 87.54293, 23.12007 ], [ 87.54054, 23.12225 ], [ 87.53707, 23.12271 ], [ 87.53557, 23.11654 ], [ 87.53435, 23.11671 ], [ 87.53277, 23.11531 ], [ 87.53314, 23.11403 ], [ 87.53077, 23.10953 ], [ 87.5244, 23.1062 ], [ 87.52291, 23.10462 ], [ 87.51896, 23.10628 ], [ 87.51735, 23.10788 ], [ 87.51558, 23.11029 ], [ 87.5151, 23.11366 ], [ 87.51213, 23.11741 ], [ 87.50775, 23.12002 ], [ 87.49826, 23.12306 ], [ 87.49628, 23.12287 ], [ 87.48709, 23.11852 ], [ 87.48193, 23.11368 ], [ 87.48235, 23.11332 ], [ 87.48038, 23.11038 ], [ 87.47789, 23.10872 ], [ 87.47406, 23.10944 ], [ 87.46842, 23.11565 ], [ 87.45731, 23.11839 ], [ 87.45085, 23.11664 ], [ 87.43448, 23.10811 ], [ 87.42618, 23.10813 ], [ 87.41664, 23.1132 ], [ 87.41334, 23.11385 ], [ 87.41561, 23.11929 ], [ 87.4169, 23.1275 ], [ 87.41596, 23.12847 ], [ 87.41652, 23.1316 ], [ 87.41586, 23.13337 ], [ 87.41483, 23.13374 ], [ 87.41423, 23.13247 ], [ 87.41057, 23.1339 ], [ 87.4102, 23.13473 ], [ 87.41033, 23.13597 ], [ 87.41141, 23.13537 ], [ 87.41227, 23.13609 ], [ 87.4133, 23.14183 ], [ 87.41097, 23.14194 ], [ 87.40823, 23.14429 ], [ 87.40619, 23.14342 ], [ 87.40259, 23.14438 ], [ 87.39999, 23.147 ], [ 87.40066, 23.14734 ], [ 87.40212, 23.14635 ], [ 87.40261, 23.14692 ], [ 87.40131, 23.14747 ], [ 87.40086, 23.15198 ], [ 87.39784, 23.15246 ], [ 87.39771, 23.15414 ], [ 87.39946, 23.154 ], [ 87.39993, 23.15511 ], [ 87.39806, 23.15675 ], [ 87.39534, 23.15618 ], [ 87.39635, 23.15862 ], [ 87.3978, 23.15844 ], [ 87.39832, 23.15933 ], [ 87.39906, 23.15887 ], [ 87.3985, 23.1603 ], [ 87.39719, 23.16107 ], [ 87.3976, 23.16213 ], [ 87.40222, 23.16304 ], [ 87.40275, 23.16678 ], [ 87.40198, 23.17071 ], [ 87.4001, 23.1727 ], [ 87.4013, 23.17729 ], [ 87.39867, 23.17988 ], [ 87.39854, 23.18173 ], [ 87.39949, 23.18304 ], [ 87.39932, 23.18613 ], [ 87.40117, 23.18772 ], [ 87.40053, 23.18889 ], [ 87.40208, 23.19049 ], [ 87.40389, 23.18978 ], [ 87.40578, 23.19115 ], [ 87.40661, 23.19051 ], [ 87.4089, 23.19348 ], [ 87.40714, 23.1986 ], [ 87.40814, 23.20078 ], [ 87.40748, 23.20167 ], [ 87.40804, 23.20219 ], [ 87.40932, 23.20145 ], [ 87.41176, 23.20415 ], [ 87.41521, 23.20311 ], [ 87.41826, 23.20534 ], [ 87.41982, 23.20786 ], [ 87.42173, 23.20864 ], [ 87.42137, 23.2106 ], [ 87.42616, 23.21294 ], [ 87.43087, 23.22619 ], [ 87.43327, 23.22675 ], [ 87.43971, 23.22306 ], [ 87.45331, 23.22231 ], [ 87.45683, 23.22776 ], [ 87.45924, 23.22887 ], [ 87.46, 23.23305 ], [ 87.45841, 23.23584 ], [ 87.45852, 23.23727 ], [ 87.45981, 23.23817 ], [ 87.4621, 23.23833 ], [ 87.46807, 23.24346 ], [ 87.472, 23.24467 ], [ 87.47671, 23.25156 ], [ 87.48119, 23.25128 ], [ 87.48594, 23.25954 ], [ 87.48866, 23.25727 ], [ 87.49019, 23.26045 ], [ 87.49424, 23.26063 ], [ 87.49544, 23.26322 ], [ 87.49463, 23.26445 ], [ 87.4953, 23.26593 ], [ 87.49462, 23.26618 ], [ 87.49487, 23.2676 ], [ 87.49859, 23.27134 ], [ 87.49975, 23.27153 ], [ 87.50062, 23.27531 ], [ 87.49971, 23.27582 ], [ 87.50007, 23.27657 ], [ 87.50276, 23.27795 ], [ 87.50525, 23.27699 ], [ 87.50657, 23.27983 ], [ 87.50677, 23.2818 ], [ 87.50597, 23.28204 ], [ 87.50666, 23.28403 ], [ 87.5045, 23.28525 ], [ 87.50312, 23.2881 ], [ 87.50962, 23.28828 ], [ 87.51084, 23.29104 ], [ 87.51226, 23.29043 ], [ 87.51321, 23.29265 ], [ 87.51233, 23.29362 ], [ 87.51329, 23.29395 ], [ 87.51475, 23.29788 ], [ 87.51415, 23.30119 ], [ 87.51568, 23.30236 ], [ 87.51277, 23.30667 ], [ 87.51498, 23.30753 ], [ 87.51433, 23.30843 ], [ 87.51617, 23.30985 ], [ 87.52353, 23.30641 ], [ 87.52455, 23.30982 ], [ 87.53355, 23.32662 ], [ 87.53669, 23.32288 ], [ 87.54505, 23.3167 ], [ 87.55468, 23.31356 ], [ 87.55729, 23.3117 ] ] ] } },
{ "type": "Feature", "properties": { "OBJECTID": 374, "state_lgd": "19", "state_name": "WEST BENGAL", "district_lgd": "339", "district_name": "BANKURA", "district_name_source": "district_table", "subdistrict_lgd": "02364", "subdistrict_name": "Sonamukhi", "subdistrict_type": "CD_Block", "name_corrupted": false, "remarks": "", "label_lon": 87.403023518694894, "label_lat": 23.300659185081507 }, "geometry": { "type": "Polygon", "coordinates": [ [ [ 87.4417, 23.40865 ], [ 87.45086, 23.39886 ], [ 87.45991, 23.39167 ], [ 87.4683, 23.38319 ], [ 87.47209, 23.37903 ], [ 87.47384, 23.37561 ], [ 87.47747, 23.37428 ], [ 87.48886, 23.36137 ], [ 87.49115, 23.35622 ], [ 87.49921, 23.34856 ], [ 87.52019, 23.33833 ], [ 87.52287, 23.33776 ], [ 87.52757, 23.33412 ], [ 87.53355, 23.32662 ], [ 87.52455, 23.30982 ], [ 87.52353, 23.30641 ], [ 87.51617, 23.30985 ], [ 87.51433, 23.30843 ], [ 87.51498, 23.30753 ], [ 87.51277, 23.30667 ], [ 87.51568, 23.30236 ], [ 87.51415, 23.30119 ], [ 87.51475, 23.29788 ], [ 87.51329, 23.29395 ], [ 87.51233, 23.29362 ], [ 87.51321, 23.29265 ], [ 87.51226, 23.29043 ], [ 87.51084, 23.29104 ], [ 87.50962, 23.28828 ], [ 87.50312, 23.2881 ], [ 87.5045, 23.28525 ], [ 87.50666, 23.28403 ], [ 87.50597, 23.28204 ], [ 87.50677, 23.2818 ], [ 87.50657, 23.27983 ], [ 87.50525, 23.27699 ], [ 87.50276, 23.27795 ], [ 87.50007, 23.27657 ], [ 87.49971, 23.27582 ], [ 87.50062, 23.27531 ], [ 87.49975, 23.27153 ], [ 87.49859, 23.27134 ], [ 87.49487, 23.2676 ], [ 87.49462, 23.26618 ], [ 87.4953, 23.26593 ], [ 87.49463, 23.26445 ], [ 87.49544, 23.26322 ], [ 87.49424, 23.26063 ], [ 87.49019, 23.26045 ], [ 87.48866, 23.25727 ], [ 87.48594, 23.25954 ], [ 87.48119, 23.25128 ], [ 87.47671, 23.25156 ], [ 87.472, 23.24467 ], [ 87.46807, 23.24346 ], [ 87.4621, 23.23833 ], [ 87.45981, 23.23817 ], [ 87.45852, 23.23727 ], [ 87.45841, 23.23584 ], [ 87.46, 23.23305 ], [ 87.45924, 23.22887 ], [ 87.45683, 23.22776 ], [ 87.45331, 23.22231 ], [ 87.43971, 23.22306 ], [ 87.43327, 23.22675 ], [ 87.43087, 23.22619 ], [ 87.42616, 23.21294 ], [ 87.42137, 23.2106 ], [ 87.42173, 23.20864 ], [ 87.41982, 23.20786 ], [ 87.41826, 23.20534 ], [ 87.41521, 23.20311 ], [ 87.41176, 23.20415 ], [ 87.40932, 23.20145 ], [ 87.40804, 23.20219 ], [ 87.40748, 23.20167 ], [ 87.40814, 23.20078 ], [ 87.40714, 23.1986 ], [ 87.4089, 23.19348 ], [ 87.40717, 23.19086 ], [ 87.40578, 23.19115 ], [ 87.40389, 23.18978 ], [ 87.40208, 23.19049 ], [ 87.39912, 23.19484 ], [ 87.39963, 23.19549 ], [ 87.39848, 23.19543 ], [ 87.39769, 23.19725 ], [ 87.39647, 23.19755 ], [ 87.39558, 23.1964 ], [ 87.396, 23.19523 ], [ 87.39444, 23.191 ], [ 87.39309, 23.18958 ], [ 87.39436, 23.18864 ], [ 87.39481, 23.18673 ], [ 87.3924, 23.18615 ], [ 87.39261, 23.18183 ], [ 87.39101, 23.18129 ], [ 87.38976, 23.17893 ], [ 87.38848, 23.17873 ], [ 87.38207, 23.1845 ], [ 87.38003, 23.18705 ], [ 87.37776, 23.19208 ], [ 87.37732, 23.1896 ], [ 87.3765, 23.18947 ], [ 87.37358, 23.1907 ], [ 87.36645, 23.19109 ], [ 87.3649, 23.19569 ], [ 87.36558, 23.20252 ], [ 87.35368, 23.20784 ], [ 87.35451, 23.21162 ], [ 87.35668, 23.21422 ], [ 87.3524, 23.21645 ], [ 87.3497, 23.21636 ], [ 87.34695, 23.21869 ], [ 87.35052, 23.22168 ], [ 87.35011, 23.22442 ], [ 87.3446, 23.22613 ], [ 87.33937, 23.22435 ], [ 87.33545, 23.22582 ], [ 87.33386, 23.22734 ], [ 87.33266, 23.23018 ], [ 87.32346, 23.22521 ], [ 87.3194, 23.22472 ], [ 87.315, 23.22688 ], [ 87.31413, 23.22536 ], [ 87.31359, 23.22596 ], [ 87.31423, 23.22767 ], [ 87.30898, 23.23018 ], [ 87.30771, 23.22996 ], [ 87.30601, 23.22846 ], [ 87.30457, 23.22827 ], [ 87.30221, 23.22583 ], [ 87.3004, 23.22073 ], [ 87.30044, 23.21968 ], [ 87.30169, 23.22023 ], [ 87.30177, 23.21619 ], [ 87.30344, 23.21356 ], [ 87.30282, 23.21142 ], [ 87.30403, 23.20767 ], [ 87.30336, 23.20665 ], [ 87.30012, 23.20856 ], [ 87.30019, 23.20979 ], [ 87.29814, 23.21129 ], [ 87.29696, 23.21364 ], [ 87.29547, 23.21423 ], [ 87.29337, 23.21829 ], [ 87.2851, 23.22088 ], [ 87.28365, 23.22016 ], [ 87.28233, 23.22181 ], [ 87.27817, 23.22359 ], [ 87.27496, 23.22603 ], [ 87.27049, 23.22658 ], [ 87.27129, 23.22698 ], [ 87.27093, 23.22824 ], [ 87.26866, 23.22872 ], [ 87.26733, 23.22791 ], [ 87.26681, 23.22826 ], [ 87.26777, 23.22952 ], [ 87.26672, 23.23197 ], [ 87.26526, 23.23126 ], [ 87.26526, 23.2321 ], [ 87.26275, 23.23145 ], [ 87.26071, 23.23261 ], [ 87.25391, 23.23184 ], [ 87.25096, 23.23257 ], [ 87.25082, 23.2405 ], [ 87.24563, 23.24306 ], [ 87.24467, 23.24482 ], [ 87.24521, 23.24891 ], [ 87.24676, 23.25102 ], [ 87.25095, 23.2534 ], [ 87.2531, 23.25694 ], [ 87.25859, 23.25067 ], [ 87.25905, 23.24809 ], [ 87.26124, 23.24868 ], [ 87.26127, 23.25004 ], [ 87.26572, 23.25028 ], [ 87.26616, 23.25203 ], [ 87.26295, 23.259 ], [ 87.26871, 23.26197 ], [ 87.27204, 23.26767 ], [ 87.27328, 23.26626 ], [ 87.27568, 23.2693 ], [ 87.27858, 23.26734 ], [ 87.27963, 23.26462 ], [ 87.28229, 23.26932 ], [ 87.2843, 23.26722 ], [ 87.2874, 23.27182 ], [ 87.29385, 23.27133 ], [ 87.29496, 23.27194 ], [ 87.29901, 23.26937 ], [ 87.30136, 23.26662 ], [ 87.30025, 23.26302 ], [ 87.30506, 23.26132 ], [ 87.30619, 23.26767 ], [ 87.31002, 23.26618 ], [ 87.31515, 23.26657 ], [ 87.31804, 23.26577 ], [ 87.32344, 23.26651 ], [ 87.3261, 23.26965 ], [ 87.3266, 23.27727 ], [ 87.33078, 23.28515 ], [ 87.33095, 23.29037 ], [ 87.32996, 23.29262 ], [ 87.33243, 23.30256 ], [ 87.33191, 23.3075 ], [ 87.33649, 23.30842 ], [ 87.33777, 23.30999 ], [ 87.34022, 23.31661 ], [ 87.34192, 23.31629 ], [ 87.34497, 23.32159 ], [ 87.34245, 23.32078 ], [ 87.34448, 23.32725 ], [ 87.34598, 23.32772 ], [ 87.34732, 23.32989 ], [ 87.34681, 23.33103 ], [ 87.3486, 23.33092 ], [ 87.35066, 23.33399 ], [ 87.35097, 23.33748 ], [ 87.3482, 23.33651 ], [ 87.34356, 23.33664 ], [ 87.3405, 23.33945 ], [ 87.34069, 23.34151 ], [ 87.33886, 23.34173 ], [ 87.33851, 23.34445 ], [ 87.33466, 23.34656 ], [ 87.3311, 23.34539 ], [ 87.32885, 23.34817 ], [ 87.3278, 23.34706 ], [ 87.32611, 23.34921 ], [ 87.32671, 23.35082 ], [ 87.32582, 23.35196 ], [ 87.32483, 23.3508 ], [ 87.32165, 23.35305 ], [ 87.32161, 23.35501 ], [ 87.32047, 23.35363 ], [ 87.31824, 23.35526 ], [ 87.31892, 23.35636 ], [ 87.31792, 23.35736 ], [ 87.32043, 23.36309 ], [ 87.3217, 23.36322 ], [ 87.32191, 23.36443 ], [ 87.32305, 23.36418 ], [ 87.32276, 23.36916 ], [ 87.3246, 23.37004 ], [ 87.32661, 23.3665 ], [ 87.33027, 23.36679 ], [ 87.3302, 23.36744 ], [ 87.33189, 23.3678 ], [ 87.33182, 23.36898 ], [ 87.33381, 23.36809 ], [ 87.33548, 23.36929 ], [ 87.33814, 23.36918 ], [ 87.34018, 23.3718 ], [ 87.33947, 23.37207 ], [ 87.34011, 23.37492 ], [ 87.34185, 23.37552 ], [ 87.34214, 23.37666 ], [ 87.34468, 23.37897 ], [ 87.34424, 23.37996 ], [ 87.34507, 23.38191 ], [ 87.34625, 23.38313 ], [ 87.34732, 23.38286 ], [ 87.34781, 23.38435 ], [ 87.34919, 23.38521 ], [ 87.35056, 23.38558 ], [ 87.3511, 23.38449 ], [ 87.35198, 23.38481 ], [ 87.35256, 23.3861 ], [ 87.35182, 23.38691 ], [ 87.35339, 23.38651 ], [ 87.35261, 23.38845 ], [ 87.35344, 23.39004 ], [ 87.35756, 23.39501 ], [ 87.35946, 23.3947 ], [ 87.36113, 23.3956 ], [ 87.3648, 23.39411 ], [ 87.36559, 23.39474 ], [ 87.36617, 23.3937 ], [ 87.36936, 23.39226 ], [ 87.37758, 23.39048 ], [ 87.38076, 23.38851 ], [ 87.38397, 23.38866 ], [ 87.38375, 23.39177 ], [ 87.38545, 23.39352 ], [ 87.38516, 23.39531 ], [ 87.38696, 23.39965 ], [ 87.38607, 23.39992 ], [ 87.38561, 23.40181 ], [ 87.38628, 23.40241 ], [ 87.38555, 23.40367 ], [ 87.38701, 23.40804 ], [ 87.40805, 23.42843 ], [ 87.41401, 23.42547 ], [ 87.41953, 23.42004 ], [ 87.4278, 23.41693 ], [ 87.43026, 23.41434 ], [ 87.4417, 23.40865 ] ] ] } },
{ "type": "Feature", "properties": { "OBJECTID": 375, "state_lgd": "19", "state_name": "WEST BENGAL", "district_lgd": "339", "district_name": "BANKURA", "district_name_source": "district_table", "subdistrict_lgd": "02369", "subdistrict_name": "Vishnupur", "subdistrict_type": "CD_Block", "name_corrupted": false, "remarks": "", "label_lon": 87.342872426145917, "label_lat": 23.081293415551954 }, "geometry": { "type": "Polygon", "coordinates": [ [ [ 87.33863, 23.22465 ], [ 87.34204, 23.22489 ], [ 87.3446, 23.22613 ], [ 87.35011, 23.22442 ], [ 87.35052, 23.22168 ], [ 87.34695, 23.21869 ], [ 87.3497, 23.21636 ], [ 87.3524, 23.21645 ], [ 87.35668, 23.21422 ], [ 87.35451, 23.21162 ], [ 87.35368, 23.20784 ], [ 87.36558, 23.20252 ], [ 87.3649, 23.19569 ], [ 87.36645, 23.19109 ], [ 87.37358, 23.1907 ], [ 87.3765, 23.18947 ], [ 87.37732, 23.1896 ], [ 87.37776, 23.19208 ], [ 87.38003, 23.18705 ], [ 87.38207, 23.1845 ], [ 87.38848, 23.17873 ], [ 87.38976, 23.17893 ], [ 87.39101, 23.18129 ], [ 87.39261, 23.18183 ], [ 87.3924, 23.18615 ], [ 87.39481, 23.18673 ], [ 87.39436, 23.18864 ], [ 87.39309, 23.18958 ], [ 87.39444, 23.191 ], [ 87.396, 23.19523 ], [ 87.39558, 23.1964 ], [ 87.39647, 23.19755 ], [ 87.39769, 23.19725 ], [ 87.39848, 23.19543 ], [ 87.39963, 23.19549 ], [ 87.39912, 23.19484 ], [ 87.40186, 23.19153 ], [ 87.40208, 23.19049 ], [ 87.40053, 23.18889 ], [ 87.40117, 23.18772 ], [ 87.39932, 23.18613 ], [ 87.39949, 23.18304 ], [ 87.39854, 23.18173 ], [ 87.39867, 23.17988 ], [ 87.4013, 23.17729 ], [ 87.4001, 23.1727 ], [ 87.40198, 23.17071 ], [ 87.40275, 23.16678 ], [ 87.40222, 23.16304 ], [ 87.3976, 23.16213 ], [ 87.39719, 23.16107 ], [ 87.3985, 23.1603 ], [ 87.39906, 23.15887 ], [ 87.39832, 23.15933 ], [ 87.3978, 23.15844 ], [ 87.39635, 23.15862 ], [ 87.39534, 23.15618 ], [ 87.39806, 23.15675 ], [ 87.39993, 23.15511 ], [ 87.39946, 23.154 ], [ 87.39771, 23.15414 ], [ 87.39784, 23.15246 ], [ 87.40086, 23.15198 ], [ 87.40131, 23.14747 ], [ 87.40261, 23.14692 ], [ 87.40212, 23.14635 ], [ 87.40066, 23.14734 ], [ 87.39999, 23.147 ], [ 87.40259, 23.14438 ], [ 87.40619, 23.14342 ], [ 87.40823, 23.14429 ], [ 87.41097, 23.14194 ], [ 87.4133, 23.14183 ], [ 87.41227, 23.13609 ], [ 87.41141, 23.13537 ], [ 87.41033, 23.13597 ], [ 87.4102, 23.13473 ], [ 87.41057, 23.1339 ], [ 87.41423, 23.13247 ], [ 87.41483, 23.13374 ], [ 87.41645, 23.13242 ], [ 87.41596, 23.12847 ], [ 87.4169, 23.1275 ], [ 87.41561, 23.11929 ], [ 87.41334, 23.11385 ], [ 87.41374, 23.11283 ], [ 87.40556, 23.11155 ], [ 87.3996, 23.11277 ], [ 87.39524, 23.11087 ], [ 87.39286, 23.10117 ], [ 87.39027, 23.09657 ], [ 87.38612, 23.0929 ], [ 87.38652, 23.09125 ], [ 87.39408, 23.09128 ], [ 87.39474, 23.08435 ], [ 87.39033, 23.085 ], [ 87.38953, 23.08706 ], [ 87.3874, 23.08748 ], [ 87.38412, 23.08601 ], [ 87.38389, 23.0873 ], [ 87.38328, 23.08719 ], [ 87.38167, 23.08557 ], [ 87.37344, 23.08334 ], [ 87.37402, 23.07931 ], [ 87.37665, 23.07747 ], [ 87.3774, 23.07559 ], [ 87.37669, 23.07558 ], [ 87.37608, 23.07352 ], [ 87.37256, 23.07404 ], [ 87.37082, 23.06665 ], [ 87.36905, 23.06402 ], [ 87.38222, 23.0616 ], [ 87.38072, 23.05304 ], [ 87.37941, 23.05143 ], [ 87.38176, 23.04903 ], [ 87.38476, 23.04765 ], [ 87.39967, 23.04486 ], [ 87.3999, 23.04178 ], [ 87.39646, 23.03821 ], [ 87.4026, 23.03936 ], [ 87.40826, 23.03735 ], [ 87.41018, 23.03827 ], [ 87.41312, 23.03641 ], [ 87.4197, 23.03556 ], [ 87.41567, 23.03316 ], [ 87.42089, 23.0315 ], [ 87.42157, 23.0302 ], [ 87.42344, 23.02918 ], [ 87.42656, 23.02448 ], [ 87.42836, 23.01956 ], [ 87.43605, 23.01786 ], [ 87.43585, 23.017 ], [ 87.43313, 23.01731 ], [ 87.43281, 23.01607 ], [ 87.42975, 23.01389 ], [ 87.42865, 23.00955 ], [ 87.42797, 23.00923 ], [ 87.41596, 23.01082 ], [ 87.4145, 23.00835 ], [ 87.41453, 23.00437 ], [ 87.41694, 23.00131 ], [ 87.43104, 22.98847 ], [ 87.42784, 22.97942 ], [ 87.42976, 22.97752 ], [ 87.43097, 22.97478 ], [ 87.43412, 22.97247 ], [ 87.43511, 22.96946 ], [ 87.43335, 22.96515 ], [ 87.43096, 22.96483 ], [ 87.42977, 22.96264 ], [ 87.42982, 22.95989 ], [ 87.42832, 22.95856 ], [ 87.42987, 22.95647 ], [ 87.42631, 22.95255 ], [ 87.42459, 22.95167 ], [ 87.42203, 22.95386 ], [ 87.41862, 22.95429 ], [ 87.41593, 22.94702 ], [ 87.41712, 22.94577 ], [ 87.41576, 22.93433 ], [ 87.41242, 22.93429 ], [ 87.41243, 22.93291 ], [ 87.39937, 22.93379 ], [ 87.3991, 22.93901 ], [ 87.3938, 22.94018 ], [ 87.39238, 22.94232 ], [ 87.38591, 22.94193 ], [ 87.3822, 22.94286 ], [ 87.37237, 22.9421 ], [ 87.37023, 22.94481 ], [ 87.36201, 22.94863 ], [ 87.36194, 22.9505 ], [ 87.35984, 22.95179 ], [ 87.35884, 22.95519 ], [ 87.34934, 22.95182 ], [ 87.34683, 22.94989 ], [ 87.33741, 22.94734 ], [ 87.33086, 22.94791 ], [ 87.32801, 22.94595 ], [ 87.32293, 22.94709 ], [ 87.31974, 22.94659 ], [ 87.31784, 22.94478 ], [ 87.31519, 22.9454 ], [ 87.31281, 22.94824 ], [ 87.31213, 22.95759 ], [ 87.30911, 22.95887 ], [ 87.30629, 22.95834 ], [ 87.30476, 22.95937 ], [ 87.30668, 22.98513 ], [ 87.30535, 22.98686 ], [ 87.30996, 22.9908 ], [ 87.31461, 22.99726 ], [ 87.31451, 22.9986 ], [ 87.30833, 22.9994 ], [ 87.30205, 22.99631 ], [ 87.299, 22.99881 ], [ 87.29578, 22.99834 ], [ 87.29338, 22.99641 ], [ 87.28839, 22.99499 ], [ 87.28732, 22.99553 ], [ 87.28416, 22.9935 ], [ 87.2828, 22.99482 ], [ 87.28036, 22.99544 ], [ 87.28002, 22.99801 ], [ 87.27901, 22.99877 ], [ 87.27902, 23.00401 ], [ 87.27144, 23.00782 ], [ 87.26513, 23.01253 ], [ 87.27137, 23.01652 ], [ 87.27474, 23.02215 ], [ 87.2777, 23.02203 ], [ 87.28225, 23.03494 ], [ 87.27539, 23.0373 ], [ 87.27887, 23.04045 ], [ 87.28104, 23.04469 ], [ 87.28176, 23.04737 ], [ 87.27902, 23.0487 ], [ 87.27998, 23.05237 ], [ 87.28571, 23.05923 ], [ 87.28558, 23.061 ], [ 87.28391, 23.06256 ], [ 87.28516, 23.06439 ], [ 87.28546, 23.07182 ], [ 87.28698, 23.07621 ], [ 87.2846, 23.07834 ], [ 87.28337, 23.08204 ], [ 87.28471, 23.0831 ], [ 87.28432, 23.08487 ], [ 87.28638, 23.08449 ], [ 87.29183, 23.08978 ], [ 87.29796, 23.08988 ], [ 87.29981, 23.09175 ], [ 87.30204, 23.09227 ], [ 87.30277, 23.09369 ], [ 87.30299, 23.09837 ], [ 87.30236, 23.10037 ], [ 87.30349, 23.10496 ], [ 87.30309, 23.10578 ], [ 87.30467, 23.10935 ], [ 87.30314, 23.11157 ], [ 87.3034, 23.10959 ], [ 87.30236, 23.10949 ], [ 87.30202, 23.10859 ], [ 87.30094, 23.10931 ], [ 87.30089, 23.10781 ], [ 87.29923, 23.10881 ], [ 87.29842, 23.10773 ], [ 87.29812, 23.10847 ], [ 87.29524, 23.10929 ], [ 87.29555, 23.11082 ], [ 87.29604, 23.10975 ], [ 87.29702, 23.10992 ], [ 87.29635, 23.11137 ], [ 87.29872, 23.11303 ], [ 87.29857, 23.11371 ], [ 87.29637, 23.11379 ], [ 87.29232, 23.11127 ], [ 87.29221, 23.11307 ], [ 87.29146, 23.11315 ], [ 87.29092, 23.11144 ], [ 87.28998, 23.11138 ], [ 87.29006, 23.11252 ], [ 87.28874, 23.11303 ], [ 87.28863, 23.11424 ], [ 87.29013, 23.11684 ], [ 87.28592, 23.1177 ], [ 87.28457, 23.11676 ], [ 87.28457, 23.11592 ], [ 87.28396, 23.11746 ], [ 87.28276, 23.11683 ], [ 87.28293, 23.1157 ], [ 87.28112, 23.11225 ], [ 87.27744, 23.11392 ], [ 87.27612, 23.11238 ], [ 87.27434, 23.11323 ], [ 87.27298, 23.1117 ], [ 87.26862, 23.11397 ], [ 87.26813, 23.11207 ], [ 87.26693, 23.11237 ], [ 87.2658, 23.11413 ], [ 87.26691, 23.11582 ], [ 87.26597, 23.11594 ], [ 87.26628, 23.11746 ], [ 87.26342, 23.11869 ], [ 87.26171, 23.11811 ], [ 87.26164, 23.11898 ], [ 87.26005, 23.1191 ], [ 87.26018, 23.12002 ], [ 87.25728, 23.12045 ], [ 87.25864, 23.12317 ], [ 87.26033, 23.12462 ], [ 87.25873, 23.12554 ], [ 87.25916, 23.1272 ], [ 87.25599, 23.12749 ], [ 87.25506, 23.12845 ], [ 87.25634, 23.12964 ], [ 87.26075, 23.12985 ], [ 87.26081, 23.13102 ], [ 87.26384, 23.13382 ], [ 87.26324, 23.13459 ], [ 87.26406, 23.13624 ], [ 87.26585, 23.13641 ], [ 87.26829, 23.13442 ], [ 87.26906, 23.13543 ], [ 87.27402, 23.13684 ], [ 87.27381, 23.138 ], [ 87.27468, 23.1391 ], [ 87.28341, 23.14189 ], [ 87.27778, 23.14565 ], [ 87.27542, 23.14913 ], [ 87.27357, 23.14842 ], [ 87.272, 23.14958 ], [ 87.27151, 23.15103 ], [ 87.2696, 23.15054 ], [ 87.26824, 23.1519 ], [ 87.26924, 23.15264 ], [ 87.26988, 23.15196 ], [ 87.27312, 23.15535 ], [ 87.26808, 23.15732 ], [ 87.26083, 23.15802 ], [ 87.25641, 23.16348 ], [ 87.25358, 23.16869 ], [ 87.2536, 23.16972 ], [ 87.25645, 23.17003 ], [ 87.25584, 23.16819 ], [ 87.25637, 23.16793 ], [ 87.25778, 23.16917 ], [ 87.25716, 23.17085 ], [ 87.2606, 23.17298 ], [ 87.26296, 23.17827 ], [ 87.26324, 23.18288 ], [ 87.26667, 23.18917 ], [ 87.2645, 23.19101 ], [ 87.26544, 23.19192 ], [ 87.26795, 23.19172 ], [ 87.26854, 23.19272 ], [ 87.27025, 23.19269 ], [ 87.26955, 23.19356 ], [ 87.2707, 23.19443 ], [ 87.26948, 23.1985 ], [ 87.26684, 23.20052 ], [ 87.26702, 23.2031 ], [ 87.26551, 23.20564 ], [ 87.26658, 23.21029 ], [ 87.26821, 23.21098 ], [ 87.2675, 23.21365 ], [ 87.26542, 23.21436 ], [ 87.2655, 23.21513 ], [ 87.26752, 23.21583 ], [ 87.26951, 23.21815 ], [ 87.26444, 23.22094 ], [ 87.26306, 23.22292 ], [ 87.26393, 23.2234 ], [ 87.26524, 23.22182 ], [ 87.26644, 23.22193 ], [ 87.26854, 23.2204 ], [ 87.26955, 23.2222 ], [ 87.27187, 23.222 ], [ 87.27269, 23.22316 ], [ 87.2696, 23.22569 ], [ 87.27013, 23.22658 ], [ 87.27496, 23.22603 ], [ 87.27817, 23.22359 ], [ 87.28233, 23.22181 ], [ 87.28365, 23.22016 ], [ 87.2851, 23.22088 ], [ 87.29337, 23.21829 ], [ 87.29547, 23.21423 ], [ 87.29696, 23.21364 ], [ 87.29814, 23.21129 ], [ 87.30019, 23.20979 ], [ 87.30012, 23.20856 ], [ 87.30336, 23.20665 ], [ 87.30403, 23.20767 ], [ 87.30282, 23.21142 ], [ 87.30344, 23.21356 ], [ 87.30177, 23.21619 ], [ 87.30169, 23.22023 ], [ 87.30044, 23.21968 ], [ 87.3004, 23.22073 ], [ 87.30221, 23.22583 ], [ 87.30457, 23.22827 ], [ 87.30601, 23.22846 ], [ 87.30771, 23.22996 ], [ 87.30898, 23.23018 ], [ 87.31423, 23.22767 ], [ 87.31359, 23.22596 ], [ 87.31413, 23.22536 ], [ 87.31558, 23.22681 ], [ 87.3194, 23.22472 ], [ 87.32346, 23.22521 ], [ 87.33266, 23.23018 ], [ 87.33386, 23.22734 ], [ 87.33545, 23.22582 ], [ 87.33863, 23.22465 ] ] ] } },
{ "type": "Feature", "properties": { "OBJECTID": 376, "state_lgd": "19", "state_name": "WEST BENGAL", "district_lgd": "339", "district_name": "BANKURA", "district_name_source": "district_table", "subdistrict_lgd": "02374", "subdistrict_name": "Hirbandh", "subdistrict_type": "CD_Block", "name_corrupted": false, "remarks": "", "label_lon": 86.804641188668853, "label_lat": 23.073329027054399 }, "geometry": { "type": "Polygon", "coordinates": [ [ [ 86.74675, 23.16765 ], [ 86.74715, 23.16633 ], [ 86.75223, 23.16559 ], [ 86.75294, 23.16363 ], [ 86.75491, 23.16431 ], [ 86.75778, 23.16302 ], [ 86.76349, 23.1644 ], [ 86.76443, 23.16333 ], [ 86.77206, 23.16125 ], [ 86.77428, 23.15794 ], [ 86.77416, 23.15437 ], [ 86.775, 23.1539 ], [ 86.77635, 23.14986 ], [ 86.7795, 23.14549 ], [ 86.78098, 23.14496 ], [ 86.77971, 23.14374 ], [ 86.78169, 23.14148 ], [ 86.78172, 23.13904 ], [ 86.78333, 23.13717 ], [ 86.78311, 23.13448 ], [ 86.78483, 23.13488 ], [ 86.78567, 23.13345 ], [ 86.78678, 23.13317 ], [ 86.78949, 23.13526 ], [ 86.79328, 23.13441 ], [ 86.79672, 23.13163 ], [ 86.8027, 23.13107 ], [ 86.80458, 23.12917 ], [ 86.80444, 23.1272 ], [ 86.80769, 23.12238 ], [ 86.80907, 23.11783 ], [ 86.8138, 23.11607 ], [ 86.816, 23.11287 ], [ 86.81808, 23.11397 ], [ 86.82312, 23.11324 ], [ 86.82252, 23.11518 ], [ 86.8237, 23.11594 ], [ 86.82678, 23.11471 ], [ 86.82848, 23.11551 ], [ 86.8307, 23.11493 ], [ 86.83178, 23.1162 ], [ 86.83382, 23.11624 ], [ 86.83526, 23.11436 ], [ 86.83854, 23.11452 ], [ 86.84045, 23.1121 ], [ 86.84343, 23.11144 ], [ 86.84462, 23.10927 ], [ 86.84623, 23.10892 ], [ 86.84838, 23.10969 ], [ 86.85007, 23.10675 ], [ 86.85296, 23.10553 ], [ 86.85929, 23.1078 ], [ 86.8593, 23.10627 ], [ 86.8613, 23.10326 ], [ 86.86318, 23.10277 ], [ 86.86277, 23.10015 ], [ 86.8644, 23.09783 ], [ 86.86324, 23.09571 ], [ 86.8662, 23.09369 ], [ 86.86632, 23.09098 ], [ 86.86901, 23.09147 ], [ 86.86999, 23.08882 ], [ 86.87323, 23.08669 ], [ 86.87629, 23.08661 ], [ 86.87827, 23.08391 ], [ 86.88034, 23.08259 ], [ 86.88236, 23.08175 ], [ 86.88436, 23.08363 ], [ 86.88498, 23.08033 ], [ 86.89413, 23.07759 ], [ 86.89682, 23.07447 ], [ 86.89845, 23.07059 ], [ 86.9019, 23.06796 ], [ 86.90436, 23.06131 ], [ 86.90781, 23.06054 ], [ 86.9103, 23.06145 ], [ 86.91179, 23.05935 ], [ 86.9161, 23.05667 ], [ 86.9161, 23.05459 ], [ 86.91724, 23.05468 ], [ 86.91851, 23.05669 ], [ 86.91994, 23.05729 ], [ 86.92549, 23.05711 ], [ 86.92827, 23.05412 ], [ 86.92741, 23.05356 ], [ 86.9261, 23.04988 ], [ 86.92552, 23.04911 ], [ 86.92443, 23.04953 ], [ 86.91943, 23.04465 ], [ 86.92003, 23.04307 ], [ 86.9182, 23.04309 ], [ 86.91791, 23.04451 ], [ 86.91577, 23.04436 ], [ 86.91421, 23.04212 ], [ 86.91477, 23.04124 ], [ 86.91293, 23.04021 ], [ 86.91324, 23.03777 ], [ 86.91167, 23.03707 ], [ 86.9125, 23.03567 ], [ 86.91258, 23.03308 ], [ 86.91103, 23.03257 ], [ 86.91, 23.03029 ], [ 86.91057, 23.02917 ], [ 86.90928, 23.02839 ], [ 86.90788, 23.02955 ], [ 86.90457, 23.03015 ], [ 86.9052, 23.03168 ], [ 86.90239, 23.03245 ], [ 86.9006, 23.03162 ], [ 86.89916, 23.03208 ], [ 86.89414, 23.03102 ], [ 86.89027, 23.03183 ], [ 86.88614, 23.03366 ], [ 86.88706, 23.03501 ], [ 86.8835, 23.03639 ], [ 86.88375, 23.03729 ], [ 86.8768, 23.03389 ], [ 86.87474, 23.03575 ], [ 86.87435, 23.03972 ], [ 86.8586, 23.03961 ], [ 86.85079, 23.0447 ], [ 86.84742, 23.04004 ], [ 86.84929, 23.03199 ], [ 86.84685, 23.02544 ], [ 86.84491, 23.0261 ], [ 86.84303, 23.02451 ], [ 86.84248, 23.02079 ], [ 86.8388, 23.01643 ], [ 86.8389, 23.01559 ], [ 86.83625, 23.01486 ], [ 86.83094, 23.00526 ], [ 86.82946, 23.00417 ], [ 86.83049, 23.00014 ], [ 86.83658, 22.99374 ], [ 86.83606, 22.99215 ], [ 86.83403, 22.99276 ], [ 86.83307, 22.99222 ], [ 86.82522, 22.99477 ], [ 86.82323, 22.99735 ], [ 86.82017, 22.99714 ], [ 86.81903, 22.99806 ], [ 86.81805, 22.99746 ], [ 86.81739, 22.99837 ], [ 86.81203, 22.99919 ], [ 86.81132, 23.00138 ], [ 86.81036, 23.00201 ], [ 86.80724, 23.00215 ], [ 86.79841, 23.00577 ], [ 86.7975, 23.00595 ], [ 86.7969, 23.00358 ], [ 86.79484, 23.00285 ], [ 86.79408, 23.00486 ], [ 86.78936, 23.00805 ], [ 86.78358, 23.01011 ], [ 86.78074, 23.0126 ], [ 86.77667, 23.01274 ], [ 86.77388, 23.01423 ], [ 86.76952, 23.01403 ], [ 86.76784, 23.01508 ], [ 86.76847, 23.0168 ], [ 86.76789, 23.01586 ], [ 86.76469, 23.01619 ], [ 86.76328, 23.01448 ], [ 86.75984, 23.01361 ], [ 86.75921, 23.01425 ], [ 86.75784, 23.01304 ], [ 86.75527, 23.01418 ], [ 86.75417, 23.01103 ], [ 86.75175, 23.01104 ], [ 86.75033, 23.01201 ], [ 86.75021, 23.015 ], [ 86.74804, 23.01776 ], [ 86.74161, 23.0194 ], [ 86.74154, 23.02077 ], [ 86.74703, 23.0274 ], [ 86.74692, 23.02922 ], [ 86.74524, 23.03071 ], [ 86.74322, 23.0323 ], [ 86.7419, 23.03236 ], [ 86.74003, 23.0314 ], [ 86.73736, 23.0273 ], [ 86.73602, 23.0271 ], [ 86.73181, 23.02962 ], [ 86.72723, 23.02978 ], [ 86.72617, 23.03104 ], [ 86.72557, 23.0343 ], [ 86.72748, 23.03627 ], [ 86.73683, 23.0402 ], [ 86.73945, 23.04361 ], [ 86.73938, 23.04506 ], [ 86.73818, 23.04583 ], [ 86.73218, 23.04491 ], [ 86.73184, 23.04719 ], [ 86.73063, 23.04842 ], [ 86.73493, 23.05779 ], [ 86.73824, 23.05937 ], [ 86.74055, 23.06317 ], [ 86.74114, 23.06474 ], [ 86.74071, 23.06659 ], [ 86.74228, 23.06843 ], [ 86.74221, 23.06952 ], [ 86.74474, 23.07089 ], [ 86.74468, 23.07225 ], [ 86.74682, 23.07415 ], [ 86.74763, 23.08152 ], [ 86.75087, 23.08484 ], [ 86.7521, 23.08841 ], [ 86.75061, 23.09591 ], [ 86.74824, 23.09709 ], [ 86.74835, 23.09846 ], [ 86.75118, 23.09872 ], [ 86.74629, 23.10309 ], [ 86.74054, 23.10354 ], [ 86.73875, 23.10278 ], [ 86.73516, 23.10449 ], [ 86.72972, 23.10538 ], [ 86.7242, 23.11565 ], [ 86.71729, 23.12203 ], [ 86.72176, 23.12224 ], [ 86.72425, 23.12637 ], [ 86.72666, 23.12824 ], [ 86.72783, 23.13121 ], [ 86.73121, 23.13334 ], [ 86.73077, 23.14057 ], [ 86.7323, 23.14432 ], [ 86.73305, 23.14921 ], [ 86.73501, 23.15261 ], [ 86.7377, 23.15499 ], [ 86.73909, 23.16208 ], [ 86.74225, 23.16609 ], [ 86.74485, 23.16767 ], [ 86.74675, 23.16765 ] ] ] } },
{ "type": "Feature", "properties": { "OBJECTID": 377, "state_lgd": "19", "state_name": "WEST BENGAL", "district_lgd": "339", "district_name": "BANKURA", "district_name_source": "district_table", "subdistrict_lgd": "02360", "subdistrict_name": "Indpur", "subdistrict_type": "CD_Block", "name_corrupted": false, "remarks": "", "label_lon": 86.888019002105935, "label_lat": 23.142481599774285 }, "geometry": { "type": "Polygon", "coordinates": [ [ [ 86.7967, 23.27526 ], [ 86.79844, 23.27602 ], [ 86.79817, 23.27192 ], [ 86.79898, 23.26973 ], [ 86.80448, 23.27104 ], [ 86.81146, 23.26993 ], [ 86.81313, 23.26751 ], [ 86.81678, 23.26643 ], [ 86.8182, 23.26459 ], [ 86.81812, 23.26278 ], [ 86.81587, 23.25914 ], [ 86.81718, 23.25707 ], [ 86.8163, 23.25289 ], [ 86.81452, 23.24955 ], [ 86.81442, 23.24166 ], [ 86.81608, 23.24045 ], [ 86.81614, 23.23934 ], [ 86.81905, 23.23836 ], [ 86.81884, 23.23279 ], [ 86.8199, 23.23005 ], [ 86.819, 23.22787 ], [ 86.81483, 23.22564 ], [ 86.81403, 23.22416 ], [ 86.81212, 23.22295 ], [ 86.80826, 23.22262 ], [ 86.80676, 23.21789 ], [ 86.80766, 23.21794 ], [ 86.80991, 23.21506 ], [ 86.81297, 23.21553 ], [ 86.8148, 23.21734 ], [ 86.81708, 23.2182 ], [ 86.81902, 23.21482 ], [ 86.82086, 23.21427 ], [ 86.82349, 23.21687 ], [ 86.82875, 23.21993 ], [ 86.83011, 23.22321 ], [ 86.83343, 23.22346 ], [ 86.83543, 23.22233 ], [ 86.83704, 23.21967 ], [ 86.84063, 23.21852 ], [ 86.84212, 23.21615 ], [ 86.84119, 23.21318 ], [ 86.84188, 23.21112 ], [ 86.84065, 23.21007 ], [ 86.84075, 23.2079 ], [ 86.83969, 23.20558 ], [ 86.84108, 23.20059 ], [ 86.84045, 23.19853 ], [ 86.83785, 23.19516 ], [ 86.83524, 23.19481 ], [ 86.83159, 23.19053 ], [ 86.8336, 23.18707 ], [ 86.84275, 23.18338 ], [ 86.84687, 23.17939 ], [ 86.85606, 23.17591 ], [ 86.85922, 23.1785 ], [ 86.86765, 23.17874 ], [ 86.86821, 23.17929 ], [ 86.86781, 23.18306 ], [ 86.86916, 23.18241 ], [ 86.87458, 23.18259 ], [ 86.87438, 23.18032 ], [ 86.87589, 23.17971 ], [ 86.8798, 23.17999 ], [ 86.88101, 23.18166 ], [ 86.88151, 23.18143 ], [ 86.88066, 23.18017 ], [ 86.88302, 23.18022 ], [ 86.88183, 23.18312 ], [ 86.8874, 23.18071 ], [ 86.89274, 23.18097 ], [ 86.89356, 23.1815 ], [ 86.89359, 23.18308 ], [ 86.89517, 23.18385 ], [ 86.90761, 23.18175 ], [ 86.90959, 23.18331 ], [ 86.91178, 23.18791 ], [ 86.91663, 23.18865 ], [ 86.91904, 23.19134 ], [ 86.91915, 23.19288 ], [ 86.9208, 23.19255 ], [ 86.92398, 23.19501 ], [ 86.92602, 23.19264 ], [ 86.92915, 23.19174 ], [ 86.93134, 23.19167 ], [ 86.93289, 23.19364 ], [ 86.93862, 23.19318 ], [ 86.94339, 23.19185 ], [ 86.94391, 23.18756 ], [ 86.95024, 23.18579 ], [ 86.95094, 23.18361 ], [ 86.9521, 23.18357 ], [ 86.9544, 23.18099 ], [ 86.95422, 23.17829 ], [ 86.95573, 23.17736 ], [ 86.95467, 23.17727 ], [ 86.95507, 23.1756 ], [ 86.9542, 23.17467 ], [ 86.96032, 23.17425 ], [ 86.96168, 23.17183 ], [ 86.96168, 23.16881 ], [ 86.96514, 23.16574 ], [ 86.96715, 23.16505 ], [ 86.96765, 23.16319 ], [ 86.97122, 23.16305 ], [ 86.97448, 23.16035 ], [ 86.97885, 23.16142 ], [ 86.98262, 23.15919 ], [ 86.98388, 23.16049 ], [ 86.99161, 23.1578 ], [ 86.9891, 23.15454 ], [ 86.98895, 23.15316 ], [ 86.98799, 23.15269 ], [ 86.9897, 23.1519 ], [ 86.99031, 23.15269 ], [ 86.99061, 23.15125 ], [ 86.99186, 23.15185 ], [ 86.99181, 23.14901 ], [ 86.99342, 23.14804 ], [ 86.99261, 23.14655 ], [ 86.99416, 23.14422 ], [ 86.99376, 23.1419 ], [ 86.99457, 23.1412 ], [ 86.99446, 23.13874 ], [ 86.99556, 23.13683 ], [ 86.99635, 23.12909 ], [ 86.99851, 23.12755 ], [ 86.99917, 23.12567 ], [ 87.00081, 23.12412 ], [ 87.00578, 23.12253 ], [ 87.00831, 23.11938 ], [ 87.00745, 23.11702 ], [ 87.01013, 23.11527 ], [ 87.01066, 23.11343 ], [ 87.01352, 23.11044 ], [ 87.0158, 23.10969 ], [ 87.0153, 23.10765 ], [ 87.02494, 23.10504 ], [ 87.02966, 23.09828 ], [ 87.03578, 23.09578 ], [ 87.03621, 23.09327 ], [ 87.03476, 23.09124 ], [ 87.03559, 23.08933 ], [ 87.0349, 23.08761 ], [ 87.03217, 23.0849 ], [ 87.03202, 23.08046 ], [ 87.02305, 23.08639 ], [ 87.01477, 23.08908 ], [ 87.00777, 23.08981 ], [ 87.00559, 23.09152 ], [ 87.00431, 23.09152 ], [ 86.99848, 23.08805 ], [ 86.99506, 23.08421 ], [ 86.99491, 23.08211 ], [ 86.99318, 23.07884 ], [ 86.99378, 23.07194 ], [ 86.99162, 23.07116 ], [ 86.99096, 23.06903 ], [ 86.98851, 23.06617 ], [ 86.9848, 23.0657 ], [ 86.98509, 23.06354 ], [ 86.98421, 23.06316 ], [ 86.98343, 23.05827 ], [ 86.98024, 23.05543 ], [ 86.97853, 23.05182 ], [ 86.97234, 23.05083 ], [ 86.97092, 23.04977 ], [ 86.96822, 23.04572 ], [ 86.96595, 23.03879 ], [ 86.96495, 23.03792 ], [ 86.96446, 23.03465 ], [ 86.96515, 23.03368 ], [ 86.96202, 23.03411 ], [ 86.9579, 23.04034 ], [ 86.95608, 23.04041 ], [ 86.95289, 23.04414 ], [ 86.94968, 23.04502 ], [ 86.95013, 23.04772 ], [ 86.94868, 23.05095 ], [ 86.94477, 23.04987 ], [ 86.93804, 23.05548 ], [ 86.93549, 23.05358 ], [ 86.93211, 23.055 ], [ 86.92881, 23.0538 ], [ 86.92498, 23.05736 ], [ 86.91994, 23.05729 ], [ 86.91851, 23.05669 ], [ 86.91724, 23.05468 ], [ 86.9161, 23.05459 ], [ 86.9161, 23.05667 ], [ 86.91179, 23.05935 ], [ 86.9103, 23.06145 ], [ 86.90781, 23.06054 ], [ 86.90436, 23.06131 ], [ 86.9019, 23.06796 ], [ 86.89845, 23.07059 ], [ 86.89682, 23.07447 ], [ 86.89413, 23.07759 ], [ 86.88498, 23.08033 ], [ 86.88436, 23.08363 ], [ 86.88236, 23.08175 ], [ 86.88034, 23.08259 ], [ 86.87827, 23.08391 ], [ 86.87629, 23.08661 ], [ 86.87323, 23.08669 ], [ 86.86999, 23.08882 ], [ 86.86901, 23.09147 ], [ 86.86632, 23.09098 ], [ 86.8662, 23.09369 ], [ 86.86324, 23.09571 ], [ 86.8644, 23.09783 ], [ 86.86277, 23.10015 ], [ 86.86318, 23.10277 ], [ 86.8613, 23.10326 ], [ 86.8593, 23.10627 ], [ 86.85929, 23.1078 ], [ 86.85296, 23.10553 ], [ 86.85007, 23.10675 ], [ 86.84838, 23.10969 ], [ 86.84623, 23.10892 ], [ 86.84462, 23.10927 ], [ 86.84343, 23.11144 ], [ 86.84045, 23.1121 ], [ 86.83854, 23.11452 ], [ 86.83526, 23.11436 ], [ 86.83382, 23.11624 ], [ 86.83178, 23.1162 ], [ 86.8307, 23.11493 ], [ 86.82848, 23.11551 ], [ 86.82678, 23.11471 ], [ 86.8237, 23.11594 ], [ 86.82252, 23.11518 ], [ 86.82312, 23.11324 ], [ 86.81808, 23.11397 ], [ 86.816, 23.11287 ], [ 86.8138, 23.11607 ], [ 86.80907, 23.11783 ], [ 86.80769, 23.12238 ], [ 86.80444, 23.1272 ], [ 86.80458, 23.12917 ], [ 86.8027, 23.13107 ], [ 86.79672, 23.13163 ], [ 86.79328, 23.13441 ], [ 86.78949, 23.13526 ], [ 86.78678, 23.13317 ], [ 86.78567, 23.13345 ], [ 86.78483, 23.13488 ], [ 86.78311, 23.13448 ], [ 86.78333, 23.13717 ], [ 86.78172, 23.13904 ], [ 86.78169, 23.14148 ], [ 86.77971, 23.14374 ], [ 86.78098, 23.14496 ], [ 86.7795, 23.14549 ], [ 86.77635, 23.14986 ], [ 86.775, 23.1539 ], [ 86.77416, 23.15437 ], [ 86.77428, 23.15794 ], [ 86.7724, 23.16094 ], [ 86.76443, 23.16333 ], [ 86.76349, 23.1644 ], [ 86.75778, 23.16302 ], [ 86.75491, 23.16431 ], [ 86.75274, 23.16372 ], [ 86.75235, 23.16714 ], [ 86.75431, 23.16887 ], [ 86.75178, 23.1711 ], [ 86.75149, 23.17289 ], [ 86.75602, 23.17191 ], [ 86.75902, 23.17666 ], [ 86.75974, 23.18128 ], [ 86.75807, 23.18183 ], [ 86.75863, 23.19039 ], [ 86.75725, 23.19402 ], [ 86.75851, 23.1976 ], [ 86.76128, 23.1994 ], [ 86.76143, 23.20041 ], [ 86.76308, 23.20011 ], [ 86.76918, 23.20352 ], [ 86.77731, 23.20051 ], [ 86.77976, 23.20038 ], [ 86.78085, 23.20144 ], [ 86.78324, 23.20195 ], [ 86.78431, 23.20452 ], [ 86.78745, 23.20454 ], [ 86.78752, 23.20575 ], [ 86.79006, 23.20903 ], [ 86.78893, 23.2101 ], [ 86.79084, 23.21121 ], [ 86.78734, 23.21589 ], [ 86.78728, 23.21756 ], [ 86.78515, 23.22065 ], [ 86.78511, 23.22253 ], [ 86.7822, 23.22385 ], [ 86.78163, 23.22767 ], [ 86.78245, 23.22944 ], [ 86.78037, 23.23194 ], [ 86.77821, 23.2322 ], [ 86.77499, 23.23505 ], [ 86.77408, 23.23766 ], [ 86.77153, 23.23785 ], [ 86.77145, 23.23999 ], [ 86.77022, 23.24115 ], [ 86.77488, 23.24513 ], [ 86.77724, 23.24416 ], [ 86.77754, 23.2415 ], [ 86.77831, 23.24093 ], [ 86.78173, 23.24695 ], [ 86.78184, 23.2491 ], [ 86.7807, 23.25068 ], [ 86.78144, 23.2551 ], [ 86.78307, 23.25898 ], [ 86.78457, 23.26051 ], [ 86.78064, 23.26433 ], [ 86.78064, 23.26811 ], [ 86.78186, 23.26965 ], [ 86.78062, 23.2733 ], [ 86.78178, 23.27335 ], [ 86.78384, 23.27568 ], [ 86.78825, 23.27657 ], [ 86.79301, 23.2756 ], [ 86.79375, 23.2762 ], [ 86.79492, 23.27492 ], [ 86.79572, 23.2765 ], [ 86.7967, 23.27526 ] ] ] } },
{ "type": "Feature", "properties": { "OBJECTID": 378, "state_lgd": "19", "state_name": "WEST BENGAL", "district_lgd": "339", "district_name": "BANKURA", "district_name_source": "district_table", "subdistrict_lgd": "02373", "subdistrict_name": "Khatra", "subdistrict_type": "CD_Block", "name_corrupted": false, "remarks": "", "label_lon": 86.874469337746945, "label_lat": 22.978449571359256 }, "geometry": { "type": "Polygon", "coordinates": [ [ [ 86.93804, 23.05548 ], [ 86.94259, 23.05113 ], [ 86.94477, 23.04987 ], [ 86.94819, 23.05115 ], [ 86.94913, 23.05058 ], [ 86.95013, 23.04772 ], [ 86.94968, 23.04502 ], [ 86.95289, 23.04414 ], [ 86.95608, 23.04041 ], [ 86.9579, 23.04034 ], [ 86.96136, 23.03459 ], [ 86.96378, 23.03257 ], [ 86.96375, 23.03126 ], [ 86.96759, 23.02871 ], [ 86.96592, 23.02577 ], [ 86.96578, 23.02366 ], [ 86.96983, 23.02275 ], [ 86.97004, 23.02184 ], [ 86.96837, 23.01953 ], [ 86.96984, 23.017 ], [ 86.97013, 23.01422 ], [ 86.96921, 23.01323 ], [ 86.96531, 23.01352 ], [ 86.96426, 23.01145 ], [ 86.96148, 23.00984 ], [ 86.95885, 23.00636 ], [ 86.95615, 23.00498 ], [ 86.95538, 23.00162 ], [ 86.96148, 23.0023 ], [ 86.96431, 22.99776 ], [ 86.96375, 22.99596 ], [ 86.96464, 22.99397 ], [ 86.96723, 22.99386 ], [ 86.97207, 22.99178 ], [ 86.97285, 22.99171 ], [ 86.97313, 22.99286 ], [ 86.97459, 22.99268 ], [ 86.97433, 22.99141 ], [ 86.97561, 22.99115 ], [ 86.9746, 22.98987 ], [ 86.97399, 22.98557 ], [ 86.97481, 22.9847 ], [ 86.97549, 22.98499 ], [ 86.97665, 22.98175 ], [ 86.97639, 22.98047 ], [ 86.97456, 22.97961 ], [ 86.97387, 22.9774 ], [ 86.97469, 22.97713 ], [ 86.97609, 22.97377 ], [ 86.97521, 22.97025 ], [ 86.97725, 22.96873 ], [ 86.9774, 22.96764 ], [ 86.97937, 22.9677 ], [ 86.97945, 22.96621 ], [ 86.9764, 22.96277 ], [ 86.97124, 22.96369 ], [ 86.9693, 22.96309 ], [ 86.96731, 22.96152 ], [ 86.96775, 22.9606 ], [ 86.96651, 22.96021 ], [ 86.96571, 22.9572 ], [ 86.96474, 22.95788 ], [ 86.96416, 22.95697 ], [ 86.96303, 22.95791 ], [ 86.96222, 22.95755 ], [ 86.96179, 22.95541 ], [ 86.96334, 22.9547 ], [ 86.96276, 22.95281 ], [ 86.96094, 22.95245 ], [ 86.96089, 22.95157 ], [ 86.95981, 22.95127 ], [ 86.96052, 22.94905 ], [ 86.95747, 22.94762 ], [ 86.95489, 22.94705 ], [ 86.95386, 22.94774 ], [ 86.95191, 22.94699 ], [ 86.95159, 22.94582 ], [ 86.94839, 22.94474 ], [ 86.94668, 22.9425 ], [ 86.94316, 22.94321 ], [ 86.94146, 22.94168 ], [ 86.94153, 22.93991 ], [ 86.94053, 22.93907 ], [ 86.93703, 22.93825 ], [ 86.93281, 22.93475 ], [ 86.93118, 22.93057 ], [ 86.92922, 22.92967 ], [ 86.92735, 22.92744 ], [ 86.92744, 22.92321 ], [ 86.92665, 22.92184 ], [ 86.92554, 22.91387 ], [ 86.92191, 22.90787 ], [ 86.922, 22.90471 ], [ 86.92531, 22.90089 ], [ 86.92388, 22.90036 ], [ 86.90965, 22.90891 ], [ 86.90229, 22.9118 ], [ 86.89855, 22.91428 ], [ 86.89862, 22.91562 ], [ 86.89505, 22.91804 ], [ 86.89044, 22.91623 ], [ 86.89001, 22.91508 ], [ 86.88304, 22.90971 ], [ 86.87349, 22.90666 ], [ 86.86986, 22.9077 ], [ 86.86726, 22.91182 ], [ 86.86714, 22.91321 ], [ 86.86525, 22.91521 ], [ 86.86117, 22.91621 ], [ 86.85952, 22.92283 ], [ 86.85383, 22.92142 ], [ 86.82882, 22.92001 ], [ 86.82654, 22.9218 ], [ 86.82407, 22.92547 ], [ 86.8226, 22.92956 ], [ 86.82114, 22.93099 ], [ 86.80878, 22.93355 ], [ 86.80284, 22.93622 ], [ 86.80223, 22.93812 ], [ 86.80461, 22.94334 ], [ 86.80512, 22.94778 ], [ 86.80363, 22.95083 ], [ 86.80166, 22.95189 ], [ 86.79028, 22.9526 ], [ 86.78843, 22.95177 ], [ 86.78813, 22.95016 ], [ 86.78461, 22.945 ], [ 86.77231, 22.9453 ], [ 86.76929, 22.94646 ], [ 86.76849, 22.94857 ], [ 86.76889, 22.95225 ], [ 86.77381, 22.9567 ], [ 86.77387, 22.9578 ], [ 86.77222, 22.95976 ], [ 86.76798, 22.96085 ], [ 86.76298, 22.96029 ], [ 86.76034, 22.95652 ], [ 86.75825, 22.95687 ], [ 86.75601, 22.95938 ], [ 86.7567, 22.96323 ], [ 86.76054, 22.96858 ], [ 86.76097, 22.97005 ], [ 86.76, 22.97301 ], [ 86.75441, 22.98194 ], [ 86.75028, 22.98472 ], [ 86.74258, 22.99336 ], [ 86.74319, 22.99722 ], [ 86.74415, 22.99809 ], [ 86.74667, 22.99876 ], [ 86.75366, 22.99857 ], [ 86.75557, 23.00568 ], [ 86.75687, 23.00776 ], [ 86.75693, 23.009 ], [ 86.75417, 23.01104 ], [ 86.75527, 23.01418 ], [ 86.75784, 23.01304 ], [ 86.75921, 23.01425 ], [ 86.75984, 23.01361 ], [ 86.76328, 23.01448 ], [ 86.76469, 23.01619 ], [ 86.76789, 23.01586 ], [ 86.76847, 23.0168 ], [ 86.76784, 23.01508 ], [ 86.76952, 23.01403 ], [ 86.77388, 23.01423 ], [ 86.77667, 23.01274 ], [ 86.78074, 23.0126 ], [ 86.78358, 23.01011 ], [ 86.78936, 23.00805 ], [ 86.79408, 23.00486 ], [ 86.79484, 23.00285 ], [ 86.7969, 23.00358 ], [ 86.7975, 23.00595 ], [ 86.79841, 23.00577 ], [ 86.80724, 23.00215 ], [ 86.81036, 23.00201 ], [ 86.81132, 23.00138 ], [ 86.81203, 22.99919 ], [ 86.81739, 22.99837 ], [ 86.81805, 22.99746 ], [ 86.81903, 22.99806 ], [ 86.82017, 22.99714 ], [ 86.82323, 22.99735 ], [ 86.82522, 22.99477 ], [ 86.83307, 22.99222 ], [ 86.83403, 22.99276 ], [ 86.83606, 22.99215 ], [ 86.83658, 22.99374 ], [ 86.83049, 23.00014 ], [ 86.82946, 23.00417 ], [ 86.83094, 23.00526 ], [ 86.83625, 23.01486 ], [ 86.8389, 23.01559 ], [ 86.8388, 23.01643 ], [ 86.84248, 23.02079 ], [ 86.84303, 23.02451 ], [ 86.84491, 23.0261 ], [ 86.84685, 23.02544 ], [ 86.84929, 23.03199 ], [ 86.84742, 23.04004 ], [ 86.85079, 23.0447 ], [ 86.8586, 23.03961 ], [ 86.87435, 23.03972 ], [ 86.87474, 23.03575 ], [ 86.8768, 23.03389 ], [ 86.88375, 23.03729 ], [ 86.8835, 23.03639 ], [ 86.88706, 23.03501 ], [ 86.88614, 23.03366 ], [ 86.89027, 23.03183 ], [ 86.89414, 23.03102 ], [ 86.89916, 23.03208 ], [ 86.9006, 23.03162 ], [ 86.90239, 23.03245 ], [ 86.9052, 23.03168 ], [ 86.90457, 23.03015 ], [ 86.90788, 23.02955 ], [ 86.90928, 23.02839 ], [ 86.91057, 23.02917 ], [ 86.91, 23.03029 ], [ 86.91103, 23.03257 ], [ 86.91258, 23.03308 ], [ 86.9125, 23.03567 ], [ 86.91167, 23.03707 ], [ 86.91324, 23.03777 ], [ 86.91293, 23.04021 ], [ 86.91477, 23.04124 ], [ 86.91421, 23.04212 ], [ 86.91577, 23.04436 ], [ 86.91791, 23.04451 ], [ 86.9182, 23.04309 ], [ 86.92003, 23.04307 ], [ 86.91943, 23.04465 ], [ 86.92443, 23.04953 ], [ 86.92552, 23.04911 ], [ 86.92772, 23.05391 ], [ 86.93211, 23.055 ], [ 86.93549, 23.05358 ], [ 86.93804, 23.05548 ] ] ] } },
{ "type": "Feature", "properties": { "OBJECTID": 379, "state_lgd": "19", "state_name": "WEST BENGAL", "district_lgd": "339", "district_name": "BANKURA", "district_name_source": "district_table", "subdistrict_lgd": "02376", "subdistrict_name": "Raipur", "subdistrict_type": "CD_Block", "name_corrupted": false, "remarks": "", "label_lon": 86.897802958678867, "label_lat": 22.758005556923592 }, "geometry": { "type": "Polygon", "coordinates": [ [ [ 86.90965, 22.90891 ], [ 86.92388, 22.90036 ], [ 86.92531, 22.90089 ], [ 86.92843, 22.89722 ], [ 86.92753, 22.89714 ], [ 86.92807, 22.89137 ], [ 86.93262, 22.88687 ], [ 86.93219, 22.88145 ], [ 86.93009, 22.87906 ], [ 86.93032, 22.87424 ], [ 86.93161, 22.87186 ], [ 86.92982, 22.86724 ], [ 86.92737, 22.86379 ], [ 86.92814, 22.8598 ], [ 86.9279, 22.84892 ], [ 86.92814, 22.84653 ], [ 86.92956, 22.84384 ], [ 86.93116, 22.83381 ], [ 86.93604, 22.82086 ], [ 86.9367, 22.81377 ], [ 86.94221, 22.80661 ], [ 86.94361, 22.80654 ], [ 86.94598, 22.80869 ], [ 86.95117, 22.80614 ], [ 86.96307, 22.80269 ], [ 86.9592, 22.79614 ], [ 86.9643, 22.79513 ], [ 86.97144, 22.79246 ], [ 86.97598, 22.78873 ], [ 86.97523, 22.78671 ], [ 86.97582, 22.78389 ], [ 86.97538, 22.78171 ], [ 86.97296, 22.7758 ], [ 86.97249, 22.7752 ], [ 86.97089, 22.77564 ], [ 86.96696, 22.76669 ], [ 86.96678, 22.76416 ], [ 86.96463, 22.75826 ], [ 86.96489, 22.75476 ], [ 86.96628, 22.7522 ], [ 86.972, 22.74708 ], [ 86.97661, 22.74556 ], [ 86.98257, 22.745 ], [ 86.98863, 22.7426 ], [ 86.99366, 22.73808 ], [ 86.99512, 22.73517 ], [ 86.99543, 22.72987 ], [ 86.98871, 22.711 ], [ 86.98743, 22.70541 ], [ 86.9877, 22.702 ], [ 86.98607, 22.70031 ], [ 86.98632, 22.69396 ], [ 86.98735, 22.69134 ], [ 86.9942, 22.68485 ], [ 86.99758, 22.68 ], [ 86.99788, 22.67794 ], [ 86.99351, 22.67275 ], [ 86.9912, 22.67373 ], [ 86.9898, 22.67226 ], [ 86.98745, 22.67306 ], [ 86.98694, 22.67183 ], [ 86.98559, 22.67124 ], [ 86.98488, 22.67176 ], [ 86.98257, 22.67086 ], [ 86.97802, 22.67263 ], [ 86.97266, 22.67323 ], [ 86.97074, 22.67012 ], [ 86.96675, 22.66997 ], [ 86.96462, 22.67156 ], [ 86.96442, 22.67596 ], [ 86.96295, 22.67646 ], [ 86.9619, 22.67368 ], [ 86.96033, 22.67335 ], [ 86.95782, 22.66695 ], [ 86.94904, 22.66996 ], [ 86.94836, 22.66829 ], [ 86.94854, 22.65826 ], [ 86.9461, 22.65068 ], [ 86.94959, 22.64839 ], [ 86.94873, 22.64679 ], [ 86.95141, 22.64348 ], [ 86.95136, 22.64159 ], [ 86.95373, 22.64071 ], [ 86.95391, 22.63753 ], [ 86.94991, 22.63714 ], [ 86.94593, 22.63377 ], [ 86.94437, 22.63384 ], [ 86.94281, 22.63524 ], [ 86.93777, 22.6333 ], [ 86.93607, 22.6345 ], [ 86.93299, 22.6321 ], [ 86.92874, 22.63072 ], [ 86.92597, 22.62791 ], [ 86.92398, 22.62816 ], [ 86.92312, 22.63079 ], [ 86.92194, 22.63131 ], [ 86.91792, 22.62642 ], [ 86.91501, 22.63125 ], [ 86.91447, 22.63402 ], [ 86.91245, 22.63548 ], [ 86.90665, 22.63485 ], [ 86.90475, 22.6355 ], [ 86.90419, 22.6372 ], [ 86.90495, 22.64061 ], [ 86.90326, 22.64029 ], [ 86.90351, 22.64229 ], [ 86.90031, 22.6433 ], [ 86.89872, 22.64749 ], [ 86.89515, 22.65009 ], [ 86.89546, 22.65152 ], [ 86.89135, 22.65308 ], [ 86.8905, 22.65527 ], [ 86.88812, 22.65489 ], [ 86.87713, 22.65952 ], [ 86.8712, 22.66331 ], [ 86.86167, 22.66615 ], [ 86.85738, 22.67054 ], [ 86.85523, 22.67133 ], [ 86.85489, 22.67327 ], [ 86.84981, 22.68096 ], [ 86.84588, 22.68489 ], [ 86.84449, 22.68529 ], [ 86.84268, 22.684 ], [ 86.8399, 22.68437 ], [ 86.83871, 22.68747 ], [ 86.8353, 22.68783 ], [ 86.83208, 22.69055 ], [ 86.81544, 22.69921 ], [ 86.80825, 22.70455 ], [ 86.80518, 22.70829 ], [ 86.80677, 22.70938 ], [ 86.80888, 22.7128 ], [ 86.80747, 22.71333 ], [ 86.80652, 22.71655 ], [ 86.81055, 22.7211 ], [ 86.80875, 22.72223 ], [ 86.80888, 22.72355 ], [ 86.80975, 22.72483 ], [ 86.81153, 22.72424 ], [ 86.81293, 22.72481 ], [ 86.81245, 22.72694 ], [ 86.81319, 22.72795 ], [ 86.81385, 22.73647 ], [ 86.80785, 22.7375 ], [ 86.80749, 22.73654 ], [ 86.80035, 22.74107 ], [ 86.79883, 22.74035 ], [ 86.7995, 22.74494 ], [ 86.80219, 22.74651 ], [ 86.80284, 22.75063 ], [ 86.80493, 22.75162 ], [ 86.80555, 22.75101 ], [ 86.81132, 22.75185 ], [ 86.81408, 22.75095 ], [ 86.81524, 22.75507 ], [ 86.81439, 22.75785 ], [ 86.81307, 22.7585 ], [ 86.8179, 22.75814 ], [ 86.82319, 22.75593 ], [ 86.82474, 22.75802 ], [ 86.82415, 22.76557 ], [ 86.8249, 22.76609 ], [ 86.82634, 22.76449 ], [ 86.82689, 22.76605 ], [ 86.82601, 22.77047 ], [ 86.82335, 22.77322 ], [ 86.82238, 22.77569 ], [ 86.82293, 22.77813 ], [ 86.82235, 22.78094 ], [ 86.82355, 22.78241 ], [ 86.82467, 22.78633 ], [ 86.82651, 22.78634 ], [ 86.83008, 22.78433 ], [ 86.83422, 22.78016 ], [ 86.83601, 22.78227 ], [ 86.83303, 22.78805 ], [ 86.83257, 22.794 ], [ 86.83086, 22.79399 ], [ 86.8297, 22.7961 ], [ 86.82796, 22.79653 ], [ 86.82778, 22.79856 ], [ 86.83024, 22.8014 ], [ 86.82999, 22.80496 ], [ 86.82643, 22.8042 ], [ 86.82487, 22.80236 ], [ 86.82277, 22.80453 ], [ 86.82045, 22.80539 ], [ 86.8193, 22.80524 ], [ 86.81886, 22.80343 ], [ 86.81591, 22.80591 ], [ 86.81359, 22.80627 ], [ 86.81193, 22.80757 ], [ 86.81211, 22.80866 ], [ 86.81124, 22.8087 ], [ 86.80677, 22.81369 ], [ 86.80364, 22.8147 ], [ 86.8032, 22.81576 ], [ 86.80405, 22.81774 ], [ 86.80289, 22.82001 ], [ 86.80156, 22.82065 ], [ 86.80127, 22.82124 ], [ 86.80233, 22.8212 ], [ 86.80236, 22.82177 ], [ 86.80153, 22.82372 ], [ 86.79951, 22.8256 ], [ 86.79764, 22.82964 ], [ 86.79825, 22.8332 ], [ 86.79553, 22.83332 ], [ 86.79509, 22.83582 ], [ 86.79376, 22.83657 ], [ 86.79298, 22.83834 ], [ 86.79896, 22.84013 ], [ 86.8018, 22.84208 ], [ 86.80265, 22.84146 ], [ 86.80537, 22.84469 ], [ 86.8068, 22.84353 ], [ 86.81414, 22.84326 ], [ 86.81535, 22.84147 ], [ 86.81738, 22.84092 ], [ 86.81586, 22.83925 ], [ 86.81982, 22.83665 ], [ 86.82254, 22.83623 ], [ 86.82527, 22.83126 ], [ 86.82941, 22.83055 ], [ 86.83235, 22.82852 ], [ 86.83756, 22.82811 ], [ 86.84119, 22.82884 ], [ 86.84204, 22.83094 ], [ 86.84132, 22.83138 ], [ 86.84274, 22.83356 ], [ 86.84252, 22.83536 ], [ 86.84769, 22.84174 ], [ 86.84757, 22.84429 ], [ 86.84847, 22.84598 ], [ 86.85081, 22.8468 ], [ 86.8535, 22.84922 ], [ 86.85395, 22.85082 ], [ 86.8588, 22.85341 ], [ 86.85896, 22.85421 ], [ 86.86436, 22.85258 ], [ 86.86589, 22.85315 ], [ 86.86742, 22.85152 ], [ 86.86834, 22.85258 ], [ 86.86926, 22.85224 ], [ 86.86951, 22.85085 ], [ 86.87132, 22.85232 ], [ 86.87285, 22.85052 ], [ 86.8743, 22.8508 ], [ 86.87376, 22.85239 ], [ 86.87462, 22.85218 ], [ 86.8753, 22.85512 ], [ 86.87158, 22.85529 ], [ 86.86869, 22.85733 ], [ 86.87022, 22.86511 ], [ 86.87118, 22.86499 ], [ 86.87304, 22.86831 ], [ 86.8775, 22.86661 ], [ 86.8818, 22.86664 ], [ 86.8835, 22.87055 ], [ 86.88254, 22.87464 ], [ 86.88013, 22.87691 ], [ 86.88284, 22.87997 ], [ 86.8884, 22.8837 ], [ 86.88959, 22.8857 ], [ 86.88399, 22.8904 ], [ 86.88219, 22.8906 ], [ 86.88154, 22.89236 ], [ 86.88233, 22.89446 ], [ 86.88587, 22.89716 ], [ 86.88663, 22.89984 ], [ 86.88451, 22.90103 ], [ 86.88451, 22.90213 ], [ 86.88248, 22.90384 ], [ 86.88137, 22.90923 ], [ 86.88304, 22.90971 ], [ 86.89001, 22.91508 ], [ 86.89044, 22.91623 ], [ 86.89505, 22.91804 ], [ 86.89862, 22.91562 ], [ 86.89855, 22.91428 ], [ 86.89987, 22.91324 ], [ 86.90965, 22.90891 ] ] ] } },
{ "type": "Feature", "properties": { "OBJECTID": 380, "state_lgd": "19", "state_name": "WEST BENGAL", "district_lgd": "339", "district_name": "BANKURA", "district_name_source": "district_table", "subdistrict_lgd": "02375", "subdistrict_name": "Ranibundh", "subdistrict_type": "CD_Block", "name_corrupted": false, "remarks": "", "label_lon": 86.756650035562686, "label_lat": 22.850971904880517 }, "geometry": { "type": "Polygon", "coordinates": [ [ [ 86.74703, 23.0274 ], [ 86.74154, 23.02077 ], [ 86.74161, 23.0194 ], [ 86.74804, 23.01776 ], [ 86.75021, 23.015 ], [ 86.75033, 23.01201 ], [ 86.75175, 23.01104 ], [ 86.75417, 23.01104 ], [ 86.75693, 23.009 ], [ 86.75687, 23.00776 ], [ 86.75557, 23.00568 ], [ 86.75366, 22.99857 ], [ 86.74667, 22.99876 ], [ 86.74415, 22.99809 ], [ 86.74319, 22.99722 ], [ 86.74258, 22.99336 ], [ 86.75028, 22.98472 ], [ 86.75441, 22.98194 ], [ 86.76, 22.97301 ], [ 86.76097, 22.97005 ], [ 86.75966, 22.9666 ], [ 86.7567, 22.96323 ], [ 86.75601, 22.95938 ], [ 86.75691, 22.95784 ], [ 86.76034, 22.95652 ], [ 86.76298, 22.96029 ], [ 86.76538, 22.96078 ], [ 86.77013, 22.96063 ], [ 86.77222, 22.95976 ], [ 86.77387, 22.9578 ], [ 86.77381, 22.9567 ], [ 86.76889, 22.95225 ], [ 86.76849, 22.94857 ], [ 86.76929, 22.94646 ], [ 86.77231, 22.9453 ], [ 86.78461, 22.945 ], [ 86.78813, 22.95016 ], [ 86.78843, 22.95177 ], [ 86.79028, 22.9526 ], [ 86.80166, 22.95189 ], [ 86.80463, 22.94988 ], [ 86.80512, 22.94778 ], [ 86.80461, 22.94334 ], [ 86.80223, 22.93812 ], [ 86.80284, 22.93622 ], [ 86.80878, 22.93355 ], [ 86.82114, 22.93099 ], [ 86.8226, 22.92956 ], [ 86.82407, 22.92547 ], [ 86.82654, 22.9218 ], [ 86.82882, 22.92001 ], [ 86.85383, 22.92142 ], [ 86.85952, 22.92283 ], [ 86.86117, 22.91621 ], [ 86.86525, 22.91521 ], [ 86.8706, 22.90723 ], [ 86.87481, 22.90678 ], [ 86.88137, 22.90923 ], [ 86.88248, 22.90384 ], [ 86.88451, 22.90213 ], [ 86.88451, 22.90103 ], [ 86.88663, 22.89984 ], [ 86.88587, 22.89716 ], [ 86.88233, 22.89446 ], [ 86.88154, 22.89236 ], [ 86.88219, 22.8906 ], [ 86.88399, 22.8904 ], [ 86.88959, 22.8857 ], [ 86.8884, 22.8837 ], [ 86.88284, 22.87997 ], [ 86.88013, 22.87691 ], [ 86.88254, 22.87464 ], [ 86.8835, 22.87055 ], [ 86.8818, 22.86664 ], [ 86.8775, 22.86661 ], [ 86.87304, 22.86831 ], [ 86.87118, 22.86499 ], [ 86.87022, 22.86511 ], [ 86.86869, 22.85733 ], [ 86.87158, 22.85529 ], [ 86.8753, 22.85512 ], [ 86.87462, 22.85218 ], [ 86.87376, 22.85239 ], [ 86.8743, 22.8508 ], [ 86.87285, 22.85052 ], [ 86.87132, 22.85232 ], [ 86.86951, 22.85085 ], [ 86.86926, 22.85224 ], [ 86.86834, 22.85258 ], [ 86.86742, 22.85152 ], [ 86.86589, 22.85315 ], [ 86.86436, 22.85258 ], [ 86.85896, 22.85421 ], [ 86.8588, 22.85341 ], [ 86.85395, 22.85082 ], [ 86.8535, 22.84922 ], [ 86.85081, 22.8468 ], [ 86.84847, 22.84598 ], [ 86.84757, 22.84429 ], [ 86.84769, 22.84174 ], [ 86.84252, 22.83536 ], [ 86.84274, 22.83356 ], [ 86.84132, 22.83138 ], [ 86.84204, 22.83094 ], [ 86.84119, 22.82884 ], [ 86.83756, 22.82811 ], [ 86.83235, 22.82852 ], [ 86.82941, 22.83055 ], [ 86.82527, 22.83126 ], [ 86.82254, 22.83623 ], [ 86.81982, 22.83665 ], [ 86.81586, 22.83925 ], [ 86.81738, 22.84092 ], [ 86.81535, 22.84147 ], [ 86.81414, 22.84326 ], [ 86.8068, 22.84353 ], [ 86.80537, 22.84469 ], [ 86.80265, 22.84146 ], [ 86.8018, 22.84208 ], [ 86.79896, 22.84013 ], [ 86.7932, 22.83885 ], [ 86.79376, 22.83657 ], [ 86.79509, 22.83582 ], [ 86.79553, 22.83332 ], [ 86.79825, 22.8332 ], [ 86.79764, 22.82964 ], [ 86.79951, 22.8256 ], [ 86.80153, 22.82372 ], [ 86.80236, 22.82177 ], [ 86.80233, 22.8212 ], [ 86.80127, 22.82124 ], [ 86.80156, 22.82065 ], [ 86.80289, 22.82001 ], [ 86.80405, 22.81774 ], [ 86.8032, 22.81576 ], [ 86.80364, 22.8147 ], [ 86.80677, 22.81369 ], [ 86.81124, 22.8087 ], [ 86.81211, 22.80866 ], [ 86.81193, 22.80757 ], [ 86.81359, 22.80627 ], [ 86.81591, 22.80591 ], [ 86.81886, 22.80343 ], [ 86.8193, 22.80524 ], [ 86.82045, 22.80539 ], [ 86.82277, 22.80453 ], [ 86.82487, 22.80236 ], [ 86.82643, 22.8042 ], [ 86.82999, 22.80496 ], [ 86.83024, 22.8014 ], [ 86.82778, 22.79856 ], [ 86.82796, 22.79653 ], [ 86.8297, 22.7961 ], [ 86.83086, 22.79399 ], [ 86.83257, 22.794 ], [ 86.83303, 22.78805 ], [ 86.83601, 22.78227 ], [ 86.83422, 22.78016 ], [ 86.83008, 22.78433 ], [ 86.82651, 22.78634 ], [ 86.82467, 22.78633 ], [ 86.82355, 22.78241 ], [ 86.82235, 22.78094 ], [ 86.82293, 22.77813 ], [ 86.82238, 22.77569 ], [ 86.82335, 22.77322 ], [ 86.82601, 22.77047 ], [ 86.82689, 22.76605 ], [ 86.82634, 22.76449 ], [ 86.8249, 22.76609 ], [ 86.82415, 22.76557 ], [ 86.82474, 22.75802 ], [ 86.82319, 22.75593 ], [ 86.8179, 22.75814 ], [ 86.81307, 22.7585 ], [ 86.81439, 22.75785 ], [ 86.81524, 22.75507 ], [ 86.81408, 22.75095 ], [ 86.81132, 22.75185 ], [ 86.80555, 22.75101 ], [ 86.80493, 22.75162 ], [ 86.80284, 22.75063 ], [ 86.80219, 22.74651 ], [ 86.7995, 22.74494 ], [ 86.79883, 22.74035 ], [ 86.80035, 22.74107 ], [ 86.80749, 22.73654 ], [ 86.80785, 22.7375 ], [ 86.81385, 22.73647 ], [ 86.81319, 22.72795 ], [ 86.81245, 22.72694 ], [ 86.81293, 22.72481 ], [ 86.81153, 22.72424 ], [ 86.80975, 22.72483 ], [ 86.80888, 22.72355 ], [ 86.80875, 22.72223 ], [ 86.81055, 22.7211 ], [ 86.80652, 22.71655 ], [ 86.80747, 22.71333 ], [ 86.80888, 22.7128 ], [ 86.80677, 22.70938 ], [ 86.80518, 22.70829 ], [ 86.80412, 22.70906 ], [ 86.79152, 22.70983 ], [ 86.78757, 22.71165 ], [ 86.78323, 22.71557 ], [ 86.78127, 22.7156 ], [ 86.77294, 22.71965 ], [ 86.77353, 22.72253 ], [ 86.77195, 22.72325 ], [ 86.76906, 22.72812 ], [ 86.75719, 22.73227 ], [ 86.75378, 22.73542 ], [ 86.74965, 22.73731 ], [ 86.7454, 22.73687 ], [ 86.74309, 22.73745 ], [ 86.73737, 22.74133 ], [ 86.73237, 22.74309 ], [ 86.72475, 22.74483 ], [ 86.71837, 22.74456 ], [ 86.71291, 22.74819 ], [ 86.70865, 22.75202 ], [ 86.70646, 22.75521 ], [ 86.70278, 22.75778 ], [ 86.6971, 22.76488 ], [ 86.69582, 22.76838 ], [ 86.69248, 22.76846 ], [ 86.69052, 22.76753 ], [ 86.6877, 22.76832 ], [ 86.67672, 22.76785 ], [ 86.67012, 22.77136 ], [ 86.65998, 22.78699 ], [ 86.64738, 22.79168 ], [ 86.6429, 22.79414 ], [ 86.63076, 22.79719 ], [ 86.61131, 22.79862 ], [ 86.61066, 22.79994 ], [ 86.61145, 22.80356 ], [ 86.60895, 22.80654 ], [ 86.61289, 22.81088 ], [ 86.61399, 22.8157 ], [ 86.61807, 22.82141 ], [ 86.61728, 22.82443 ], [ 86.62026, 22.82434 ], [ 86.62289, 22.82522 ], [ 86.62524, 22.82396 ], [ 86.62748, 22.82496 ], [ 86.63137, 22.825 ], [ 86.63284, 22.82407 ], [ 86.64007, 22.82847 ], [ 86.64469, 22.83359 ], [ 86.64791, 22.83893 ], [ 86.65611, 22.8365 ], [ 86.66162, 22.84863 ], [ 86.66222, 22.85228 ], [ 86.67314, 22.85356 ], [ 86.67454, 22.85481 ], [ 86.67721, 22.86168 ], [ 86.67848, 22.86232 ], [ 86.68616, 22.86184 ], [ 86.68797, 22.86365 ], [ 86.69621, 22.8677 ], [ 86.69813, 22.87004 ], [ 86.70176, 22.87176 ], [ 86.70484, 22.87546 ], [ 86.70452, 22.87744 ], [ 86.70668, 22.88065 ], [ 86.70604, 22.88286 ], [ 86.70681, 22.88723 ], [ 86.70645, 22.88782 ], [ 86.70499, 22.88735 ], [ 86.70353, 22.88954 ], [ 86.70131, 22.89016 ], [ 86.70335, 22.89366 ], [ 86.70679, 22.89357 ], [ 86.70508, 22.89691 ], [ 86.70579, 22.89937 ], [ 86.70368, 22.90383 ], [ 86.70131, 22.90524 ], [ 86.69997, 22.90848 ], [ 86.70039, 22.9099 ], [ 86.7019, 22.91078 ], [ 86.70009, 22.9128 ], [ 86.69976, 22.91521 ], [ 86.69743, 22.91673 ], [ 86.69761, 22.91897 ], [ 86.69664, 22.91978 ], [ 86.69803, 22.92348 ], [ 86.69591, 22.92576 ], [ 86.69332, 22.92581 ], [ 86.69073, 22.9315 ], [ 86.69321, 22.93375 ], [ 86.6929, 22.9358 ], [ 86.6953, 22.93615 ], [ 86.69534, 22.93775 ], [ 86.69817, 22.94104 ], [ 86.69937, 22.94664 ], [ 86.7017, 22.94846 ], [ 86.70248, 22.95282 ], [ 86.70413, 22.95211 ], [ 86.70766, 22.95468 ], [ 86.71247, 22.96258 ], [ 86.71392, 22.96639 ], [ 86.7105, 22.96605 ], [ 86.71224, 22.96906 ], [ 86.71214, 22.97134 ], [ 86.71724, 22.97528 ], [ 86.71867, 22.98038 ], [ 86.71889, 22.98443 ], [ 86.72026, 22.98519 ], [ 86.7188, 22.9874 ], [ 86.71966, 22.99117 ], [ 86.72109, 22.99333 ], [ 86.72592, 22.99532 ], [ 86.72835, 22.99862 ], [ 86.72928, 23.01596 ], [ 86.73221, 23.0178 ], [ 86.73254, 23.02079 ], [ 86.73438, 23.02283 ], [ 86.73571, 23.02615 ], [ 86.72723, 23.02978 ], [ 86.73181, 23.02962 ], [ 86.73471, 23.02735 ], [ 86.73736, 23.0273 ], [ 86.74003, 23.0314 ], [ 86.74322, 23.0323 ], [ 86.74692, 23.02922 ], [ 86.74703, 23.0274 ] ] ] } },
{ "type": "Feature", "properties": { "OBJECTID": 381, "state_lgd": "19", "state_name": "WEST BENGAL", "district_lgd": "339", "district_name": "BANKURA", "district_name_source": "district_table", "subdistrict_lgd": "02377", "subdistrict_name": "Sarenga", "subdistrict_type": "CD_Block", "name_corrupted": false, "remarks": "", "label_lon": 87.004490716256569, "label_lat": 22.794921559064385 }, "geometry": { "type": "Polygon", "coordinates": [ [ [ 87.05992, 22.84429 ], [ 87.06079, 22.84195 ], [ 87.06032, 22.83832 ], [ 87.0611, 22.83136 ], [ 87.05831, 22.82634 ], [ 87.05497, 22.82523 ], [ 87.05351, 22.82283 ], [ 87.05689, 22.82034 ], [ 87.05548, 22.81956 ], [ 87.05818, 22.81223 ], [ 87.0579, 22.80957 ], [ 87.06524, 22.80284 ], [ 87.06494, 22.79258 ], [ 87.06929, 22.78776 ], [ 87.07029, 22.78758 ], [ 87.07097, 22.78525 ], [ 87.07597, 22.78413 ], [ 87.07804, 22.78177 ], [ 87.07982, 22.77107 ], [ 87.08149, 22.76628 ], [ 87.08286, 22.76493 ], [ 87.08237, 22.75636 ], [ 87.08314, 22.74901 ], [ 87.08859, 22.73914 ], [ 87.08299, 22.73368 ], [ 87.07993, 22.73206 ], [ 87.07593, 22.72584 ], [ 87.072, 22.73011 ], [ 87.06643, 22.73078 ], [ 87.0573, 22.72815 ], [ 87.05324, 22.72843 ], [ 87.04255, 22.72105 ], [ 87.03715, 22.71898 ], [ 87.03876, 22.71373 ], [ 87.03669, 22.7096 ], [ 87.03264, 22.70964 ], [ 87.03122, 22.70204 ], [ 87.02522, 22.70274 ], [ 87.02153, 22.70171 ], [ 87.02125, 22.69769 ], [ 87.01588, 22.69284 ], [ 87.0183, 22.68768 ], [ 87.01831, 22.68474 ], [ 87.01914, 22.68392 ], [ 87.01823, 22.68193 ], [ 87.01871, 22.67001 ], [ 87.01776, 22.6685 ], [ 87.02161, 22.66836 ], [ 87.02015, 22.66523 ], [ 87.0212, 22.66467 ], [ 87.02147, 22.66323 ], [ 87.01689, 22.65631 ], [ 87.01655, 22.65326 ], [ 87.01721, 22.6528 ], [ 87.0153, 22.64863 ], [ 87.01354, 22.6506 ], [ 87.01171, 22.64966 ], [ 87.00811, 22.65091 ], [ 87.00618, 22.64884 ], [ 87.00276, 22.65216 ], [ 87.00162, 22.65433 ], [ 87.00157, 22.65829 ], [ 86.99911, 22.65754 ], [ 86.99432, 22.66073 ], [ 86.99028, 22.66445 ], [ 86.98559, 22.67124 ], [ 86.98694, 22.67183 ], [ 86.98745, 22.67306 ], [ 86.9898, 22.67226 ], [ 86.9912, 22.67373 ], [ 86.99351, 22.67275 ], [ 86.99788, 22.67794 ], [ 86.99758, 22.68 ], [ 86.9942, 22.68485 ], [ 86.98735, 22.69134 ], [ 86.98632, 22.69396 ], [ 86.98607, 22.70031 ], [ 86.9877, 22.702 ], [ 86.98743, 22.70541 ], [ 86.98871, 22.711 ], [ 86.99543, 22.72987 ], [ 86.99512, 22.73517 ], [ 86.99366, 22.73808 ], [ 86.98863, 22.7426 ], [ 86.98257, 22.745 ], [ 86.97661, 22.74556 ], [ 86.972, 22.74708 ], [ 86.96628, 22.7522 ], [ 86.96463, 22.75588 ], [ 86.96463, 22.75826 ], [ 86.96898, 22.77176 ], [ 86.97089, 22.77564 ], [ 86.97249, 22.7752 ], [ 86.97296, 22.7758 ], [ 86.97538, 22.78171 ], [ 86.97582, 22.78389 ], [ 86.97523, 22.78671 ], [ 86.97598, 22.78873 ], [ 86.97144, 22.79246 ], [ 86.9643, 22.79513 ], [ 86.9592, 22.79614 ], [ 86.96307, 22.80269 ], [ 86.95117, 22.80614 ], [ 86.94598, 22.80869 ], [ 86.94361, 22.80654 ], [ 86.94221, 22.80661 ], [ 86.9367, 22.81377 ], [ 86.93604, 22.82086 ], [ 86.93116, 22.83381 ], [ 86.92956, 22.84384 ], [ 86.92814, 22.84653 ], [ 86.92814, 22.8598 ], [ 86.92737, 22.86379 ], [ 86.92982, 22.86724 ], [ 86.93161, 22.87186 ], [ 86.93032, 22.87424 ], [ 86.93009, 22.87906 ], [ 86.93219, 22.88145 ], [ 86.93267, 22.88594 ], [ 86.93219, 22.8875 ], [ 86.92807, 22.89137 ], [ 86.92753, 22.89714 ], [ 86.93609, 22.89937 ], [ 86.93911, 22.90233 ], [ 86.9392, 22.90415 ], [ 86.94159, 22.90704 ], [ 86.94343, 22.90676 ], [ 86.94448, 22.90745 ], [ 86.94606, 22.90723 ], [ 86.94638, 22.9054 ], [ 86.94732, 22.90496 ], [ 86.94774, 22.90133 ], [ 86.94938, 22.89929 ], [ 86.94876, 22.89872 ], [ 86.95334, 22.89606 ], [ 86.95893, 22.89939 ], [ 86.96108, 22.89973 ], [ 86.96513, 22.89741 ], [ 86.96611, 22.89791 ], [ 86.97041, 22.89402 ], [ 86.9734, 22.89428 ], [ 86.98122, 22.89062 ], [ 86.99185, 22.88848 ], [ 86.99209, 22.88902 ], [ 87.00166, 22.88771 ], [ 87.00431, 22.88652 ], [ 87.00498, 22.8875 ], [ 87.00428, 22.88882 ], [ 87.00522, 22.88999 ], [ 87.00891, 22.8892 ], [ 87.01742, 22.8842 ], [ 87.0189, 22.88221 ], [ 87.01426, 22.87677 ], [ 87.01039, 22.87028 ], [ 87.00894, 22.87 ], [ 87.00903, 22.86705 ], [ 87.0178, 22.86262 ], [ 87.01673, 22.85788 ], [ 87.01732, 22.85364 ], [ 87.02372, 22.85175 ], [ 87.03049, 22.85248 ], [ 87.03459, 22.85175 ], [ 87.04014, 22.85275 ], [ 87.04287, 22.85134 ], [ 87.04372, 22.84845 ], [ 87.04777, 22.8458 ], [ 87.05576, 22.84279 ], [ 87.05708, 22.84264 ], [ 87.05992, 22.84429 ] ] ] } },
{ "type": "Feature", "properties": { "OBJECTID": 382, "state_lgd": "19", "state_name": "WEST BENGAL", "district_lgd": "339", "district_name": "BANKURA", "district_name_source": "district_table", "subdistrict_lgd": "02372", "subdistrict_name": "Simlapal", "subdistrict_type": "CD_Block", "name_corrupted": false, "remarks": "", "label_lon": 87.073176025058913, "label_lat": 22.917390473523483 }, "geometry": { "type": "Polygon", "coordinates": [ [ [ 87.08118, 22.99274 ], [ 87.09842, 22.99158 ], [ 87.10326, 22.98829 ], [ 87.10216, 22.98563 ], [ 87.10242, 22.98232 ], [ 87.11349, 22.97944 ], [ 87.11562, 22.98011 ], [ 87.12111, 22.97796 ], [ 87.12541, 22.97523 ], [ 87.12336, 22.96817 ], [ 87.12449, 22.96547 ], [ 87.12738, 22.96374 ], [ 87.12994, 22.95926 ], [ 87.13584, 22.95611 ], [ 87.14159, 22.95531 ], [ 87.14297, 22.95613 ], [ 87.14242, 22.95433 ], [ 87.14372, 22.95132 ], [ 87.14646, 22.94665 ], [ 87.14829, 22.94534 ], [ 87.14829, 22.94421 ], [ 87.15294, 22.94317 ], [ 87.15355, 22.94509 ], [ 87.15278, 22.94718 ], [ 87.15565, 22.94499 ], [ 87.15528, 22.94406 ], [ 87.15868, 22.94467 ], [ 87.15986, 22.9442 ], [ 87.16284, 22.9417 ], [ 87.16142, 22.93788 ], [ 87.1627, 22.93575 ], [ 87.16644, 22.93652 ], [ 87.16712, 22.93737 ], [ 87.16695, 22.93944 ], [ 87.17823, 22.94445 ], [ 87.18268, 22.94801 ], [ 87.18316, 22.95087 ], [ 87.18441, 22.95177 ], [ 87.18535, 22.95642 ], [ 87.18675, 22.95759 ], [ 87.19015, 22.95813 ], [ 87.19555, 22.95576 ], [ 87.19837, 22.95603 ], [ 87.19922, 22.95535 ], [ 87.19845, 22.95421 ], [ 87.2003, 22.95194 ], [ 87.20504, 22.9425 ], [ 87.21423, 22.93382 ], [ 87.21259, 22.92607 ], [ 87.21222, 22.91938 ], [ 87.2155, 22.91366 ], [ 87.22071, 22.90712 ], [ 87.21823, 22.90276 ], [ 87.21586, 22.90128 ], [ 87.2153, 22.89828 ], [ 87.21102, 22.89398 ], [ 87.20583, 22.89407 ], [ 87.2028, 22.89499 ], [ 87.20235, 22.89374 ], [ 87.1988, 22.89281 ], [ 87.19282, 22.88845 ], [ 87.18607, 22.88856 ], [ 87.18177, 22.89157 ], [ 87.17094, 22.8898 ], [ 87.16885, 22.88396 ], [ 87.16355, 22.8765 ], [ 87.15531, 22.86995 ], [ 87.15309, 22.86601 ], [ 87.15111, 22.86486 ], [ 87.14321, 22.85602 ], [ 87.14208, 22.85232 ], [ 87.13723, 22.85075 ], [ 87.13563, 22.84849 ], [ 87.13344, 22.84875 ], [ 87.1317, 22.84656 ], [ 87.12977, 22.84614 ], [ 87.12828, 22.84427 ], [ 87.1024, 22.84579 ], [ 87.09326, 22.84428 ], [ 87.08859, 22.84572 ], [ 87.07828, 22.84636 ], [ 87.07394, 22.84827 ], [ 87.07116, 22.85056 ], [ 87.06695, 22.85125 ], [ 87.06382, 22.85075 ], [ 87.06141, 22.84931 ], [ 87.05986, 22.8441 ], [ 87.05708, 22.84264 ], [ 87.04519, 22.8471 ], [ 87.04372, 22.84845 ], [ 87.04287, 22.85134 ], [ 87.04014, 22.85275 ], [ 87.03459, 22.85175 ], [ 87.03049, 22.85248 ], [ 87.02372, 22.85175 ], [ 87.01732, 22.85364 ], [ 87.01673, 22.85788 ], [ 87.0178, 22.86262 ], [ 87.00903, 22.86705 ], [ 87.00894, 22.87 ], [ 87.01039, 22.87028 ], [ 87.01426, 22.87677 ], [ 87.0189, 22.88221 ], [ 87.01742, 22.8842 ], [ 87.00891, 22.8892 ], [ 87.00522, 22.88999 ], [ 87.00428, 22.88882 ], [ 87.00498, 22.8875 ], [ 87.00431, 22.88652 ], [ 87.00166, 22.88771 ], [ 86.99209, 22.88902 ], [ 86.99185, 22.88848 ], [ 86.98122, 22.89062 ], [ 86.9734, 22.89428 ], [ 86.97041, 22.89402 ], [ 86.96611, 22.89791 ], [ 86.96513, 22.89741 ], [ 86.96108, 22.89973 ], [ 86.95893, 22.89939 ], [ 86.95334, 22.89606 ], [ 86.94876, 22.89872 ], [ 86.94938, 22.89929 ], [ 86.94774, 22.90133 ], [ 86.94732, 22.90496 ], [ 86.94638, 22.9054 ], [ 86.94606, 22.90723 ], [ 86.94159, 22.90704 ], [ 86.9392, 22.90415 ], [ 86.93911, 22.90233 ], [ 86.93609, 22.89937 ], [ 86.92843, 22.89722 ], [ 86.922, 22.90471 ], [ 86.92191, 22.90787 ], [ 86.92512, 22.9124 ], [ 86.92521, 22.91468 ], [ 86.9262, 22.9163 ], [ 86.92665, 22.92184 ], [ 86.92744, 22.92321 ], [ 86.92735, 22.92744 ], [ 86.92922, 22.92967 ], [ 86.93118, 22.93057 ], [ 86.93281, 22.93475 ], [ 86.93703, 22.93825 ], [ 86.94053, 22.93907 ], [ 86.94153, 22.93991 ], [ 86.94146, 22.94168 ], [ 86.94316, 22.94321 ], [ 86.94668, 22.9425 ], [ 86.94839, 22.94474 ], [ 86.95159, 22.94582 ], [ 86.95191, 22.94699 ], [ 86.95386, 22.94774 ], [ 86.95489, 22.94705 ], [ 86.95747, 22.94762 ], [ 86.96052, 22.94905 ], [ 86.95981, 22.95127 ], [ 86.96089, 22.95157 ], [ 86.96094, 22.95245 ], [ 86.96276, 22.95281 ], [ 86.96334, 22.9547 ], [ 86.96179, 22.95541 ], [ 86.96183, 22.95708 ], [ 86.96303, 22.95791 ], [ 86.96416, 22.95697 ], [ 86.96437, 22.9579 ], [ 86.96571, 22.9572 ], [ 86.96651, 22.96021 ], [ 86.96775, 22.9606 ], [ 86.96731, 22.96152 ], [ 86.9693, 22.96309 ], [ 86.97124, 22.96369 ], [ 86.9764, 22.96277 ], [ 86.9774, 22.96361 ], [ 86.97935, 22.96548 ], [ 86.97937, 22.9677 ], [ 86.9774, 22.96764 ], [ 86.97725, 22.96873 ], [ 86.97521, 22.97025 ], [ 86.97609, 22.97377 ], [ 86.97767, 22.97379 ], [ 86.98092, 22.97158 ], [ 86.9835, 22.97111 ], [ 86.98298, 22.9732 ], [ 86.98357, 22.97347 ], [ 86.98474, 22.97288 ], [ 86.99403, 22.97298 ], [ 86.99803, 22.97174 ], [ 87.00082, 22.97267 ], [ 87.00353, 22.97626 ], [ 87.00696, 22.9761 ], [ 87.00789, 22.97806 ], [ 87.01521, 22.9723 ], [ 87.01679, 22.97323 ], [ 87.01633, 22.97419 ], [ 87.01694, 22.97509 ], [ 87.01553, 22.9771 ], [ 87.01764, 22.97618 ], [ 87.01835, 22.9775 ], [ 87.01639, 22.97771 ], [ 87.01731, 22.98663 ], [ 87.0216, 22.99185 ], [ 87.02341, 22.99269 ], [ 87.02789, 22.99095 ], [ 87.02934, 22.98718 ], [ 87.02927, 22.98464 ], [ 87.03109, 22.98415 ], [ 87.03285, 22.98495 ], [ 87.03721, 22.98333 ], [ 87.03831, 22.9837 ], [ 87.04132, 22.98178 ], [ 87.04367, 22.9828 ], [ 87.04833, 22.983 ], [ 87.05422, 22.98197 ], [ 87.05602, 22.97647 ], [ 87.05914, 22.97414 ], [ 87.06134, 22.97499 ], [ 87.06271, 22.97439 ], [ 87.06442, 22.97667 ], [ 87.06437, 22.97797 ], [ 87.06727, 22.98102 ], [ 87.06978, 22.98543 ], [ 87.06943, 22.98615 ], [ 87.07466, 22.9898 ], [ 87.08118, 22.99274 ] ] ] } },
{ "type": "Feature", "properties": { "OBJECTID": 383, "state_lgd": "19", "state_name": "WEST BENGAL", "district_lgd": "339", "district_name": "BANKURA", "district_name_source": "district_table", "subdistrict_lgd": "02371", "subdistrict_name": "Taldangra", "subdistrict_type": "CD_Block", "name_corrupted": false, "remarks": "", "label_lon": 87.136704497334136, "label_lat": 22.999167351110639 }, "geometry": { "type": "Polygon", "coordinates": [ [ [ 87.10379, 23.08736 ], [ 87.10176, 23.08264 ], [ 87.0997, 23.08014 ], [ 87.10255, 23.07742 ], [ 87.10147, 23.07504 ], [ 87.10257, 23.07439 ], [ 87.09993, 23.06962 ], [ 87.10164, 23.06719 ], [ 87.10454, 23.0672 ], [ 87.10675, 23.07122 ], [ 87.1135, 23.06941 ], [ 87.1228, 23.06492 ], [ 87.1253, 23.06256 ], [ 87.12743, 23.0623 ], [ 87.12808, 23.06343 ], [ 87.13162, 23.06349 ], [ 87.1336, 23.06241 ], [ 87.13366, 23.06135 ], [ 87.13771, 23.05987 ], [ 87.13961, 23.05723 ], [ 87.13608, 23.05172 ], [ 87.13529, 23.04828 ], [ 87.13884, 23.0464 ], [ 87.1398, 23.04422 ], [ 87.13987, 23.04132 ], [ 87.14126, 23.04154 ], [ 87.14268, 23.04054 ], [ 87.14375, 23.04144 ], [ 87.14663, 23.03772 ], [ 87.15206, 23.03576 ], [ 87.15045, 23.03273 ], [ 87.15089, 23.03236 ], [ 87.15388, 23.03599 ], [ 87.15647, 23.03587 ], [ 87.15681, 23.0339 ], [ 87.1584, 23.03346 ], [ 87.1578, 23.03709 ], [ 87.15853, 23.03866 ], [ 87.16684, 23.03786 ], [ 87.16836, 23.03933 ], [ 87.16827, 23.04066 ], [ 87.17001, 23.04093 ], [ 87.16958, 23.03351 ], [ 87.1701, 23.03488 ], [ 87.17056, 23.03392 ], [ 87.168, 23.03089 ], [ 87.15647, 23.03232 ], [ 87.15526, 23.03214 ], [ 87.15496, 23.03077 ], [ 87.15238, 23.03032 ], [ 87.15181, 23.02913 ], [ 87.14965, 23.0293 ], [ 87.14958, 23.02226 ], [ 87.15225, 23.02049 ], [ 87.15371, 23.02111 ], [ 87.15545, 23.02635 ], [ 87.15716, 23.02603 ], [ 87.1576, 23.02425 ], [ 87.16132, 23.02532 ], [ 87.16082, 23.02361 ], [ 87.1571, 23.02272 ], [ 87.15385, 23.01743 ], [ 87.15484, 23.01623 ], [ 87.15823, 23.01592 ], [ 87.15577, 23.01421 ], [ 87.15617, 23.01138 ], [ 87.15999, 23.00891 ], [ 87.16115, 23.00907 ], [ 87.16319, 23.01139 ], [ 87.16463, 23.00899 ], [ 87.16425, 23.00646 ], [ 87.1611, 23.00223 ], [ 87.15975, 23.00166 ], [ 87.15803, 23.00228 ], [ 87.15667, 23.0012 ], [ 87.15538, 22.9957 ], [ 87.1575, 22.99477 ], [ 87.15817, 22.9936 ], [ 87.15578, 22.99056 ], [ 87.1568, 22.98794 ], [ 87.15581, 22.98505 ], [ 87.15647, 22.98425 ], [ 87.15724, 22.98431 ], [ 87.15757, 22.98613 ], [ 87.1593, 22.98785 ], [ 87.16146, 22.98942 ], [ 87.16298, 22.98905 ], [ 87.16528, 22.9908 ], [ 87.1674, 22.99431 ], [ 87.17172, 22.99538 ], [ 87.17199, 22.99698 ], [ 87.17335, 22.99606 ], [ 87.17373, 22.99938 ], [ 87.1717, 23.00284 ], [ 87.17259, 23.00516 ], [ 87.17238, 23.00726 ], [ 87.174, 23.00756 ], [ 87.17716, 23.01128 ], [ 87.17792, 23.01067 ], [ 87.17673, 23.00677 ], [ 87.17709, 23.00393 ], [ 87.175, 23.0013 ], [ 87.17497, 23.00004 ], [ 87.17604, 22.99857 ], [ 87.17735, 22.9985 ], [ 87.18218, 23.00004 ], [ 87.18492, 23.00346 ], [ 87.18332, 23.0046 ], [ 87.18527, 23.00625 ], [ 87.18307, 23.00703 ], [ 87.18307, 23.0082 ], [ 87.18511, 23.00899 ], [ 87.18693, 23.01191 ], [ 87.18613, 23.01414 ], [ 87.18666, 23.01438 ], [ 87.19016, 23.00688 ], [ 87.19307, 23.00662 ], [ 87.19764, 23.00822 ], [ 87.20019, 23.01064 ], [ 87.20272, 23.00964 ], [ 87.20601, 23.00979 ], [ 87.20654, 23.01138 ], [ 87.21193, 23.01279 ], [ 87.21668, 23.01882 ], [ 87.21676, 23.02095 ], [ 87.21883, 23.02252 ], [ 87.21851, 23.02395 ], [ 87.2201, 23.0262 ], [ 87.22227, 23.02585 ], [ 87.22339, 23.02861 ], [ 87.22618, 23.0281 ], [ 87.22862, 23.0259 ], [ 87.2329, 23.02529 ], [ 87.23354, 23.026 ], [ 87.23285, 23.02688 ], [ 87.23604, 23.02864 ], [ 87.23719, 23.02764 ], [ 87.23886, 23.02823 ], [ 87.24145, 23.02786 ], [ 87.24089, 23.02215 ], [ 87.23842, 23.01989 ], [ 87.24309, 23.01577 ], [ 87.2431, 23.01497 ], [ 87.2458, 23.01448 ], [ 87.24715, 23.01646 ], [ 87.2506, 23.01847 ], [ 87.25243, 23.02236 ], [ 87.26592, 23.02076 ], [ 87.26646, 23.01996 ], [ 87.26335, 23.01528 ], [ 87.2641, 23.01373 ], [ 87.26914, 23.00924 ], [ 87.27902, 23.00401 ], [ 87.27901, 22.99877 ], [ 87.28002, 22.99801 ], [ 87.28036, 22.99544 ], [ 87.2828, 22.99482 ], [ 87.28416, 22.9935 ], [ 87.28732, 22.99553 ], [ 87.28839, 22.99499 ], [ 87.29338, 22.99641 ], [ 87.29578, 22.99834 ], [ 87.299, 22.99881 ], [ 87.30205, 22.99631 ], [ 87.30833, 22.9994 ], [ 87.31451, 22.9986 ], [ 87.31461, 22.99726 ], [ 87.30996, 22.9908 ], [ 87.30535, 22.98686 ], [ 87.30668, 22.98513 ], [ 87.30476, 22.95937 ], [ 87.30629, 22.95834 ], [ 87.30911, 22.95887 ], [ 87.31213, 22.95759 ], [ 87.31281, 22.94824 ], [ 87.31464, 22.94575 ], [ 87.31784, 22.94478 ], [ 87.31524, 22.93786 ], [ 87.31243, 22.93334 ], [ 87.30821, 22.92936 ], [ 87.30343, 22.9266 ], [ 87.29349, 22.92454 ], [ 87.28678, 22.922 ], [ 87.28499, 22.91179 ], [ 87.2762, 22.90889 ], [ 87.27311, 22.90674 ], [ 87.27108, 22.9035 ], [ 87.2682, 22.90438 ], [ 87.26888, 22.9055 ], [ 87.26798, 22.9066 ], [ 87.26533, 22.90465 ], [ 87.26036, 22.90409 ], [ 87.25703, 22.90167 ], [ 87.25601, 22.90199 ], [ 87.25536, 22.90103 ], [ 87.25608, 22.89964 ], [ 87.25469, 22.90009 ], [ 87.25035, 22.89779 ], [ 87.24939, 22.89625 ], [ 87.24787, 22.89565 ], [ 87.2445, 22.89612 ], [ 87.23623, 22.89981 ], [ 87.2331, 22.9022 ], [ 87.23037, 22.90281 ], [ 87.22624, 22.9069 ], [ 87.22144, 22.90788 ], [ 87.22071, 22.90712 ], [ 87.2155, 22.91366 ], [ 87.21222, 22.91938 ], [ 87.21259, 22.92607 ], [ 87.21423, 22.93382 ], [ 87.20504, 22.9425 ], [ 87.2003, 22.95194 ], [ 87.19845, 22.95421 ], [ 87.19922, 22.95535 ], [ 87.19837, 22.95603 ], [ 87.19555, 22.95576 ], [ 87.19015, 22.95813 ], [ 87.18675, 22.95759 ], [ 87.18535, 22.95642 ], [ 87.18441, 22.95177 ], [ 87.18316, 22.95087 ], [ 87.18268, 22.94801 ], [ 87.17823, 22.94445 ], [ 87.16695, 22.93944 ], [ 87.16712, 22.93737 ], [ 87.16644, 22.93652 ], [ 87.1627, 22.93575 ], [ 87.16142, 22.93788 ], [ 87.16284, 22.9417 ], [ 87.15986, 22.9442 ], [ 87.15868, 22.94467 ], [ 87.15528, 22.94406 ], [ 87.15565, 22.94499 ], [ 87.15278, 22.94718 ], [ 87.15355, 22.94509 ], [ 87.15294, 22.94317 ], [ 87.14829, 22.94421 ], [ 87.14829, 22.94534 ], [ 87.14646, 22.94665 ], [ 87.14372, 22.95132 ], [ 87.14242, 22.95433 ], [ 87.14297, 22.95613 ], [ 87.14159, 22.95531 ], [ 87.13584, 22.95611 ], [ 87.12994, 22.95926 ], [ 87.12738, 22.96374 ], [ 87.12449, 22.96547 ], [ 87.12336, 22.96817 ], [ 87.12541, 22.97523 ], [ 87.12111, 22.97796 ], [ 87.11562, 22.98011 ], [ 87.11349, 22.97944 ], [ 87.10242, 22.98232 ], [ 87.10216, 22.98563 ], [ 87.10326, 22.98829 ], [ 87.09842, 22.99158 ], [ 87.09553, 22.99118 ], [ 87.08708, 22.99258 ], [ 87.07958, 22.99252 ], [ 87.06998, 22.98672 ], [ 87.06727, 22.98102 ], [ 87.06437, 22.97797 ], [ 87.06353, 22.97541 ], [ 87.06271, 22.97439 ], [ 87.06134, 22.97499 ], [ 87.06009, 22.97404 ], [ 87.05602, 22.97647 ], [ 87.05422, 22.98197 ], [ 87.04833, 22.983 ], [ 87.04367, 22.9828 ], [ 87.04132, 22.98178 ], [ 87.03831, 22.9837 ], [ 87.03721, 22.98333 ], [ 87.03285, 22.98495 ], [ 87.03109, 22.98415 ], [ 87.02927, 22.98464 ], [ 87.02934, 22.98718 ], [ 87.02789, 22.99095 ], [ 87.02341, 22.99269 ], [ 87.0216, 22.99185 ], [ 87.01731, 22.98663 ], [ 87.01639, 22.97771 ], [ 87.01835, 22.9775 ], [ 87.01764, 22.97618 ], [ 87.01553, 22.9771 ], [ 87.01694, 22.97509 ], [ 87.01639, 22.9729 ], [ 87.01521, 22.9723 ], [ 87.01423, 22.97288 ], [ 87.00789, 22.97806 ], [ 87.00696, 22.9761 ], [ 87.00353, 22.97626 ], [ 87.00082, 22.97267 ], [ 86.99803, 22.97174 ], [ 86.99403, 22.97298 ], [ 86.98474, 22.97288 ], [ 86.98357, 22.97347 ], [ 86.98298, 22.9732 ], [ 86.9835, 22.97111 ], [ 86.98092, 22.97158 ], [ 86.97767, 22.97379 ], [ 86.97609, 22.97377 ], [ 86.97469, 22.97713 ], [ 86.97387, 22.9774 ], [ 86.97456, 22.97961 ], [ 86.97639, 22.98047 ], [ 86.97665, 22.98175 ], [ 86.97549, 22.98499 ], [ 86.97481, 22.9847 ], [ 86.97399, 22.98557 ], [ 86.9746, 22.98987 ], [ 86.97561, 22.99115 ], [ 86.97433, 22.99141 ], [ 86.97459, 22.99268 ], [ 86.97313, 22.99286 ], [ 86.97285, 22.99171 ], [ 86.97207, 22.99178 ], [ 86.96723, 22.99386 ], [ 86.96464, 22.99397 ], [ 86.96375, 22.99596 ], [ 86.96431, 22.99776 ], [ 86.96148, 23.0023 ], [ 86.95538, 23.00162 ], [ 86.95615, 23.00498 ], [ 86.95885, 23.00636 ], [ 86.96148, 23.00984 ], [ 86.96426, 23.01145 ], [ 86.96531, 23.01352 ], [ 86.96921, 23.01323 ], [ 86.97031, 23.01477 ], [ 86.96837, 23.01953 ], [ 86.97004, 23.02184 ], [ 86.96983, 23.02275 ], [ 86.96578, 23.02366 ], [ 86.96592, 23.02577 ], [ 86.96759, 23.02871 ], [ 86.96375, 23.03126 ], [ 86.96378, 23.03257 ], [ 86.96202, 23.03411 ], [ 86.96515, 23.03368 ], [ 86.96446, 23.03647 ], [ 86.96906, 23.04731 ], [ 86.97162, 23.0505 ], [ 86.9775, 23.05145 ], [ 86.97911, 23.05255 ], [ 86.98024, 23.05543 ], [ 86.98343, 23.05827 ], [ 86.98421, 23.06316 ], [ 86.98509, 23.06354 ], [ 86.9848, 23.0657 ], [ 86.98851, 23.06617 ], [ 86.99096, 23.06903 ], [ 86.99162, 23.07116 ], [ 86.99378, 23.07194 ], [ 86.99314, 23.07843 ], [ 86.99491, 23.08211 ], [ 86.99506, 23.08421 ], [ 86.99848, 23.08805 ], [ 87.00431, 23.09152 ], [ 87.00559, 23.09152 ], [ 87.00777, 23.08981 ], [ 87.01477, 23.08908 ], [ 87.02305, 23.08639 ], [ 87.03343, 23.0795 ], [ 87.0344, 23.07753 ], [ 87.03586, 23.07695 ], [ 87.03825, 23.07778 ], [ 87.03815, 23.07864 ], [ 87.03699, 23.07918 ], [ 87.037, 23.08051 ], [ 87.04008, 23.07964 ], [ 87.03917, 23.08211 ], [ 87.04111, 23.08223 ], [ 87.04657, 23.07916 ], [ 87.0471, 23.07756 ], [ 87.05351, 23.07692 ], [ 87.0558, 23.07769 ], [ 87.05934, 23.07733 ], [ 87.0617, 23.07601 ], [ 87.06662, 23.07613 ], [ 87.07091, 23.07481 ], [ 87.07197, 23.0756 ], [ 87.07234, 23.0792 ], [ 87.07413, 23.08289 ], [ 87.07354, 23.0848 ], [ 87.07658, 23.08426 ], [ 87.0831, 23.07245 ], [ 87.08525, 23.07863 ], [ 87.08775, 23.07764 ], [ 87.09216, 23.07788 ], [ 87.0929, 23.08342 ], [ 87.09142, 23.08566 ], [ 87.09284, 23.08841 ], [ 87.09459, 23.08863 ], [ 87.09656, 23.08681 ], [ 87.10026, 23.09206 ], [ 87.10313, 23.09276 ], [ 87.10113, 23.08977 ], [ 87.10163, 23.08851 ], [ 87.10379, 23.08736 ] ] ] } }
]
}
