{"type":"FeatureCollection","name":"GHAZIABAD, UTTAR PRADESH - Sub-district boundaries","crs_note":"RFC 7946 WGS84 lon/lat (EPSG:4326); source CRS was LCC_WGS84","features":[{"type":"Feature","properties":{"OBJECTID":2511,"state_lgd":"09","state_name":"UTTAR PRADESH","district_lgd":"140","district_name":"GHAZIABAD","district_name_source":"district_table","subdistrict_lgd":"739","subdistrict_name":"GHAZIABAD","subdistrict_type":"Tehsil","name_corrupted":false,"remarks":""},"geometry":{"type":"Polygon","coordinates":[[[77.525252,28.767224],[77.52371,28.76786],[77.523355,28.768063],[77.522469,28.768568],[77.521424,28.76926],[77.519872,28.770389],[77.520521,28.771068],[77.520054,28.771616],[77.519251,28.772168],[77.519246,28.77217],[77.51948,28.772427],[77.520117,28.773063],[77.52016,28.773106],[77.520016,28.773552],[77.519947,28.773766],[77.519855,28.774049],[77.519712,28.774522],[77.519538,28.775132],[77.519338,28.775735],[77.519057,28.776631],[77.518839,28.777321],[77.518836,28.777331],[77.518724,28.777751],[77.518608,28.778161],[77.518551,28.778307],[77.518518,28.778395],[77.518539,28.778415],[77.518893,28.778602],[77.519618,28.778709],[77.520693,28.77858],[77.520741,28.778708],[77.520909,28.778638],[77.521335,28.778494],[77.521629,28.778406],[77.521632,28.778405],[77.521652,28.7784],[77.521684,28.778391],[77.521747,28.778374],[77.52202,28.778352],[77.522058,28.778349],[77.522175,28.778352],[77.522255,28.778365],[77.522322,28.778388],[77.522641,28.778458],[77.522914,28.778552],[77.522926,28.778561],[77.523006,28.778623],[77.523129,28.778731],[77.523267,28.778653],[77.523461,28.77888],[77.523612,28.779034],[77.52378,28.778921],[77.523823,28.778961],[77.523936,28.779065],[77.524217,28.779356],[77.524328,28.779472],[77.524512,28.779635],[77.525055,28.780062],[77.525125,28.780112],[77.52515,28.780122],[77.525169,28.780115],[77.525242,28.780077],[77.525455,28.779942],[77.525562,28.779875],[77.525584,28.779863],[77.525595,28.779865],[77.525709,28.779973],[77.52573,28.779993],[77.525745,28.780007],[77.525755,28.780016],[77.52577,28.780021],[77.52579,28.780014],[77.525853,28.779979],[77.526003,28.779886],[77.526167,28.779775],[77.526263,28.779711],[77.526277,28.779709],[77.526362,28.779783],[77.526452,28.779744],[77.526488,28.77973],[77.526679,28.779653],[77.526897,28.779583],[77.527094,28.779531],[77.527298,28.779476],[77.527342,28.779464],[77.527421,28.779536],[77.527641,28.77976],[77.527994,28.780177],[77.528062,28.780255],[77.528164,28.780394],[77.528179,28.780398],[77.528286,28.780355],[77.528579,28.780225],[77.528653,28.780201],[77.528668,28.780205],[77.528681,28.780217],[77.528689,28.780244],[77.528684,28.780263],[77.528684,28.780277],[77.528691,28.780281],[77.52876,28.780242],[77.529007,28.780115],[77.52935,28.779933],[77.529409,28.779911],[77.52958,28.779847],[77.529843,28.77976],[77.530184,28.779658],[77.530455,28.779567],[77.530595,28.779519],[77.530983,28.779368],[77.531045,28.779344],[77.531391,28.779225],[77.53166,28.779142],[77.531877,28.779074],[77.531914,28.779063],[77.531943,28.779053],[77.531962,28.779044],[77.532117,28.778966],[77.532197,28.778929],[77.532278,28.778892],[77.532329,28.77888],[77.532407,28.778903],[77.532448,28.778917],[77.532458,28.778913],[77.532484,28.778901],[77.532835,28.778752],[77.533124,28.778628],[77.533177,28.778653],[77.533331,28.778723],[77.533587,28.77887],[77.533606,28.778881],[77.533633,28.778896],[77.533722,28.778947],[77.534291,28.779312],[77.534371,28.779361],[77.53483,28.77964],[77.534977,28.77973],[77.535675,28.780138],[77.536223,28.780448],[77.536265,28.780472],[77.536436,28.78059],[77.53647,28.780653],[77.536611,28.780914],[77.536693,28.78103],[77.536709,28.781053],[77.536924,28.781313],[77.537089,28.781514],[77.537111,28.781545],[77.537306,28.781829],[77.537389,28.78195],[77.537693,28.78236],[77.537845,28.782518],[77.537872,28.782545],[77.537967,28.782617],[77.538273,28.782814],[77.538345,28.782879],[77.538509,28.783095],[77.538799,28.783439],[77.539036,28.783714],[77.539205,28.783905],[77.539254,28.783953],[77.539896,28.783611],[77.540962,28.782938],[77.541636,28.783836],[77.542452,28.784882],[77.543545,28.786104],[77.544288,28.785866],[77.54493,28.78729],[77.545714,28.786613],[77.546309,28.786183],[77.547064,28.785831],[77.54782,28.785447],[77.548762,28.785003],[77.549971,28.784182],[77.551111,28.783052],[77.551872,28.78236],[77.551768,28.782119],[77.551182,28.781537],[77.550798,28.781196],[77.550538,28.780702],[77.551066,28.780395],[77.551916,28.779633],[77.552251,28.779705],[77.5539,28.778528],[77.555051,28.777914],[77.555795,28.777619],[77.557167,28.776685],[77.558209,28.776108],[77.558812,28.776357],[77.560602,28.775229],[77.560532,28.774931],[77.560937,28.774765],[77.561029,28.775073],[77.56135,28.774733],[77.561692,28.774987],[77.563167,28.773827],[77.563892,28.773379],[77.564756,28.772613],[77.564504,28.77203],[77.563485,28.770889],[77.562817,28.770094],[77.563574,28.769685],[77.563527,28.76933],[77.564538,28.768686],[77.564826,28.768374],[77.564672,28.766836],[77.56461,28.766146],[77.564402,28.765703],[77.563882,28.765074],[77.5639,28.764675],[77.563878,28.764139],[77.564231,28.763848],[77.564266,28.763734],[77.564208,28.763341],[77.563837,28.762905],[77.564905,28.762111],[77.564513,28.761665],[77.563775,28.761118],[77.564288,28.760408],[77.564615,28.759772],[77.564563,28.759096],[77.564448,28.75832],[77.563985,28.757614],[77.565355,28.756777],[77.566484,28.756191],[77.567328,28.755764],[77.567748,28.755369],[77.56882,28.75425],[77.569557,28.753725],[77.569985,28.753464],[77.570486,28.75284],[77.571026,28.751825],[77.571758,28.750852],[77.572313,28.750238],[77.573534,28.750496],[77.574502,28.750951],[77.575739,28.751341],[77.576363,28.751618],[77.577544,28.752249],[77.577971,28.752599],[77.578245,28.753044],[77.578425,28.753257],[77.579148,28.753449],[77.580015,28.753511],[77.58046,28.752972],[77.580942,28.752731],[77.581354,28.752746],[77.581342,28.75223],[77.581541,28.751496],[77.581407,28.750566],[77.582748,28.750054],[77.582623,28.74958],[77.582666,28.749156],[77.582776,28.748694],[77.58306,28.748211],[77.583336,28.747863],[77.583426,28.747631],[77.583584,28.747326],[77.583764,28.74697],[77.583915,28.746641],[77.584065,28.746323],[77.584232,28.745977],[77.58437,28.745673],[77.584452,28.745377],[77.58439,28.74498],[77.584272,28.74466],[77.584183,28.744234],[77.584093,28.743835],[77.583914,28.743189],[77.584203,28.74288],[77.584431,28.742619],[77.584748,28.742465],[77.585078,28.742192],[77.585352,28.741931],[77.585621,28.741725],[77.585951,28.741524],[77.586294,28.74124],[77.58666,28.741315],[77.586969,28.74133],[77.587292,28.741427],[77.58763,28.741247],[77.588003,28.741075],[77.588359,28.74082],[77.588712,28.74059],[77.588937,28.740407],[77.589324,28.74015],[77.589633,28.739913],[77.590058,28.739712],[77.590322,28.739543],[77.590611,28.739331],[77.590961,28.739155],[77.591271,28.738934],[77.591629,28.738765],[77.591877,28.738704],[77.592277,28.738607],[77.592668,28.738467],[77.593116,28.738309],[77.594774,28.737753],[77.595547,28.737476],[77.596345,28.737146],[77.596663,28.736988],[77.597041,28.736884],[77.597535,28.736722],[77.597868,28.73655],[77.5983,28.736426],[77.598728,28.736257],[77.599135,28.73611],[77.599575,28.735837],[77.599933,28.735582],[77.600214,28.735368],[77.600478,28.735149],[77.600849,28.734919],[77.601159,28.734785],[77.601496,28.73456],[77.601762,28.734388],[77.601954,28.733994],[77.602189,28.733738],[77.602409,28.73333],[77.602727,28.732789],[77.603008,28.7322],[77.603292,28.731722],[77.603862,28.730713],[77.604118,28.730282],[77.604268,28.729709],[77.604378,28.729382],[77.604337,28.729066],[77.604324,28.728622],[77.60426,28.72836],[77.604654,28.728058],[77.605148,28.727807],[77.605816,28.727485],[77.606187,28.727241],[77.606517,28.726975],[77.606847,28.726767],[77.607131,28.726591],[77.607681,28.726115],[77.607949,28.725928],[77.608287,28.725776],[77.608589,28.725605],[77.608914,28.725442],[77.609229,28.725327],[77.609546,28.72521],[77.609861,28.725124],[77.610198,28.725088],[77.610523,28.724972],[77.610853,28.724882],[77.611176,28.72476],[77.611549,28.724631],[77.61214,28.724381],[77.612429,28.724212],[77.612782,28.724022],[77.613133,28.723907],[77.613447,28.723695],[77.613785,28.723548],[77.614005,28.723383],[77.61453,28.722999],[77.614783,28.722841],[77.615092,28.722562],[77.615402,28.722356],[77.615671,28.722216],[77.615919,28.722038],[77.616302,28.721844],[77.616497,28.721589],[77.616302,28.72128],[77.615987,28.720958],[77.615506,28.7205],[77.615311,28.720222],[77.615065,28.719918],[77.614843,28.719656],[77.615042,28.719374],[77.615014,28.719065],[77.614773,28.718804],[77.614504,28.718484],[77.614276,28.718204],[77.614077,28.71796],[77.613938,28.717735],[77.614263,28.717498],[77.614537,28.717279],[77.614516,28.71697],[77.614537,28.716627],[77.614887,28.716726],[77.615253,28.716767],[77.615286,28.716464],[77.615163,28.716002],[77.614882,28.715808],[77.614447,28.715693],[77.613937,28.715588],[77.613607,28.715455],[77.613298,28.715351],[77.613159,28.71554],[77.612883,28.715358],[77.612568,28.715218],[77.612169,28.715056],[77.611803,28.714853],[77.611452,28.714666],[77.611081,28.714436],[77.610751,28.714204],[77.610529,28.714502],[77.610304,28.714815],[77.60983,28.714615],[77.609464,28.714396],[77.609106,28.714123],[77.608714,28.713943],[77.608323,28.713772],[77.607964,28.713657],[77.607683,28.713485],[77.607447,28.71328],[77.607158,28.713],[77.606925,28.712721],[77.606669,28.712216],[77.606533,28.711889],[77.606367,28.711634],[77.60605,28.711749],[77.605768,28.711918],[77.60561,28.711584],[77.605328,28.711609],[77.60517,28.711797],[77.605003,28.712058],[77.604778,28.711858],[77.60455,28.711546],[77.604412,28.711242],[77.604261,28.71094],[77.604048,28.710653],[77.603759,28.710094],[77.603518,28.709742],[77.603298,28.709503],[77.602794,28.709463],[77.602323,28.709467],[77.601878,28.709438],[77.601448,28.709546],[77.601077,28.709628],[77.600758,28.709698],[77.600609,28.709391],[77.600425,28.709154],[77.600276,28.708863],[77.600087,28.708514],[77.599943,28.708223],[77.5998,28.707927],[77.599534,28.707706],[77.599242,28.707957],[77.599004,28.707867],[77.598871,28.707718],[77.598664,28.707567],[77.598449,28.707768],[77.598265,28.707592],[77.598081,28.707414],[77.597802,28.707211],[77.59753,28.707014],[77.597213,28.706719],[77.596921,28.706487],[77.59666,28.706263],[77.596251,28.706261],[77.595862,28.706225],[77.595603,28.705937],[77.59545,28.705693],[77.595245,28.7054],[77.595017,28.705008],[77.594828,28.704755],[77.59459,28.704441],[77.594418,28.704207],[77.594201,28.703898],[77.593953,28.703578],[77.59373,28.703239],[77.593558,28.702924],[77.593328,28.702736],[77.593151,28.70247],[77.592975,28.702089],[77.592742,28.701834],[77.592174,28.700982],[77.591892,28.700738],[77.5917,28.700459],[77.591516,28.700244],[77.591135,28.699554],[77.590958,28.699274],[77.590786,28.699047],[77.590628,28.698792],[77.590477,28.698591],[77.590193,28.698435],[77.589947,28.69846],[77.58961,28.6986],[77.589246,28.698781],[77.58885,28.698907],[77.588438,28.69911],[77.588157,28.699277],[77.58755,28.699618],[77.587264,28.699765],[77.586965,28.699993],[77.586734,28.700173],[77.586404,28.700313],[77.586033,28.700489],[77.585829,28.70066],[77.584857,28.701299],[77.58457,28.701567],[77.584271,28.70185],[77.583956,28.701813],[77.583611,28.701861],[77.583253,28.701874],[77.582884,28.701904],[77.582542,28.701854],[77.582181,28.701834],[77.58182,28.7018],[77.581423,28.701742],[77.58107,28.70167],[77.580623,28.70162],[77.580272,28.701616],[77.579873,28.70155],[77.579599,28.701514],[77.579246,28.701485],[77.578906,28.701636],[77.578548,28.701753],[77.578164,28.701871],[77.577714,28.702062],[77.577455,28.70181],[77.577297,28.701609],[77.576992,28.701492],[77.576672,28.701395],[77.576371,28.701318],[77.576081,28.701273],[77.57578,28.70137],[77.57556,28.701506],[77.575263,28.701749],[77.574772,28.701882],[77.574459,28.701909],[77.574089,28.701876],[77.573963,28.701623],[77.573587,28.701648],[77.573357,28.702031],[77.573155,28.702426],[77.572807,28.702455],[77.572405,28.702433],[77.572108,28.702201],[77.571819,28.701957],[77.571479,28.701977],[77.571149,28.702009],[77.570837,28.702036],[77.569985,28.702043],[77.569678,28.70184],[77.569478,28.701644],[77.569245,28.701438],[77.56899,28.701244],[77.568826,28.701028],[77.568347,28.700583],[77.568084,28.700311],[77.567856,28.700072],[77.567646,28.699837],[77.567355,28.699514],[77.566943,28.699115],[77.566352,28.698524],[77.566063,28.698143],[77.565794,28.697874],[77.565541,28.697622],[77.565213,28.697394],[77.565293,28.69706],[77.565474,28.696715],[77.565663,28.696415],[77.56542,28.696126],[77.565223,28.695871],[77.565026,28.695603],[77.564563,28.69505],[77.5643,28.694667],[77.564134,28.694383],[77.564359,28.69411],[77.564297,28.693686],[77.564077,28.69335],[77.563857,28.693129],[77.563548,28.692756],[77.563801,28.692481],[77.563998,28.692265],[77.564284,28.691913],[77.564487,28.691518],[77.564241,28.691265],[77.564011,28.690891],[77.563824,28.690638],[77.563658,28.690291],[77.563512,28.690011],[77.56334,28.689912],[77.562954,28.689461],[77.562637,28.688969],[77.562425,28.688613],[77.562253,28.688279],[77.562067,28.687981],[77.561895,28.68767],[77.561627,28.687311],[77.561419,28.687135],[77.56113,28.686934],[77.560844,28.686837],[77.56058,28.686734],[77.560038,28.686488],[77.559754,28.686398],[77.55948,28.686258],[77.559179,28.686222],[77.558943,28.686537],[77.55871,28.686797],[77.55847,28.687058],[77.557569,28.686661],[77.557334,28.6864],[77.556909,28.686206],[77.556544,28.686127],[77.556104,28.686127],[77.555684,28.6861],[77.555321,28.686088],[77.554881,28.686106],[77.554418,28.685912],[77.554198,28.685705],[77.553953,28.685536],[77.553321,28.685732],[77.553024,28.685854],[77.552681,28.685732],[77.552372,28.685587],[77.552152,28.685418],[77.551957,28.685247],[77.551655,28.685096],[77.551346,28.684972],[77.550975,28.684935],[77.550673,28.685037],[77.550279,28.685141],[77.549908,28.685238],[77.549504,28.685298],[77.549126,28.685386],[77.548734,28.685447],[77.548397,28.685454],[77.547964,28.685416],[77.547558,28.685429],[77.547215,28.685357],[77.546754,28.685233],[77.546363,28.685068],[77.54599,28.684775],[77.546094,28.684461],[77.546233,28.684148],[77.54633,28.683841],[77.546501,28.683496],[77.546652,28.683151],[77.546721,28.682821],[77.54686,28.682431],[77.547003,28.682084],[77.54688,28.681739],[77.546714,28.681466],[77.546535,28.681177],[77.546274,28.680893],[77.545998,28.680681],[77.545757,28.680372],[77.545553,28.680092],[77.545312,28.679871],[77.545223,28.679591],[77.545064,28.679246],[77.544921,28.67893],[77.54466,28.678596],[77.544371,28.678066],[77.544599,28.677762],[77.544771,28.677441],[77.545024,28.677101],[77.545581,28.676539],[77.54583,28.676221],[77.545866,28.675725],[77.545687,28.675481],[77.546582,28.67496],[77.547063,28.674658],[77.546828,28.673905],[77.546222,28.67219],[77.546539,28.671935],[77.546884,28.671694],[77.5468,28.671353],[77.546649,28.670972],[77.546524,28.670668],[77.546388,28.670341],[77.546209,28.670013],[77.546524,28.669637],[77.547281,28.669393],[77.546813,28.668775],[77.546647,28.668441],[77.54647,28.668139],[77.546304,28.667848],[77.546125,28.667519],[77.545836,28.66718],[77.545785,28.666752],[77.546361,28.666307],[77.546731,28.666046],[77.54742,28.665597],[77.547778,28.665403],[77.548039,28.665186],[77.548466,28.664871],[77.548931,28.664663],[77.549302,28.665065],[77.549565,28.665403],[77.550005,28.665755],[77.550174,28.666093],[77.55076,28.665755],[77.551391,28.66541],[77.5519,28.665106],[77.552507,28.66479],[77.553015,28.664524],[77.553675,28.664161],[77.553949,28.664039],[77.554266,28.66387],[77.554568,28.663698],[77.554844,28.663543],[77.555243,28.663407],[77.555519,28.663619],[77.555959,28.663547],[77.556233,28.663389],[77.556535,28.663231],[77.556893,28.663026],[77.557182,28.662904],[77.557553,28.662794],[77.557842,28.662625],[77.558212,28.662455],[77.558599,28.662262],[77.558941,28.662079],[77.559463,28.661837],[77.560494,28.66131],[77.561251,28.660886],[77.561854,28.660534],[77.562514,28.660229],[77.563202,28.659927],[77.563547,28.659758],[77.563862,28.659503],[77.564041,28.658914],[77.564053,28.658235],[77.56466,28.657822],[77.564534,28.657495],[77.564302,28.65729],[77.56411,28.656938],[77.563972,28.656654],[77.563793,28.656155],[77.564013,28.6559],[77.564233,28.655573],[77.564468,28.655271],[77.564769,28.654845],[77.56514,28.654493],[77.565636,28.653857],[77.56602,28.653236],[77.566212,28.652939],[77.56591,28.652485],[77.565483,28.651903],[77.565125,28.651387],[77.564877,28.651145],[77.5647,28.650879],[77.564534,28.650636],[77.564273,28.650369],[77.563833,28.64986],[77.563493,28.649433],[77.563204,28.649517],[77.562903,28.649681],[77.562642,28.649535],[77.562504,28.649341],[77.562187,28.64905],[77.561458,28.648371],[77.560578,28.647595],[77.560479,28.64764],[77.560225,28.647755],[77.560021,28.647902],[77.559729,28.648035],[77.559387,28.648229],[77.55911,28.648303],[77.558781,28.648486],[77.558435,28.648666],[77.558244,28.648946],[77.557886,28.649203],[77.557568,28.649348],[77.557182,28.64958],[77.55654,28.64995],[77.556113,28.650058],[77.555975,28.649936],[77.555825,28.649584],[77.555715,28.649413],[77.555438,28.649548],[77.555109,28.649731],[77.554779,28.649972],[77.554669,28.650252],[77.554377,28.650496],[77.554019,28.650653],[77.553717,28.650825],[77.553331,28.651066],[77.552973,28.651299],[77.552712,28.651542],[77.5524,28.651256],[77.551766,28.651583],[77.551285,28.651765],[77.550541,28.651134],[77.550086,28.651255],[77.54948,28.651571],[77.54846,28.652153],[77.548053,28.652282],[77.547268,28.652744],[77.546869,28.652866],[77.546483,28.65283],[77.546138,28.652949],[77.546069,28.652658],[77.54556,28.652877],[77.545223,28.65289],[77.545153,28.652893],[77.54507,28.652867],[77.544815,28.652791],[77.543136,28.652202],[77.54242,28.651873],[77.541908,28.651686],[77.541875,28.651674],[77.541909,28.65161],[77.542062,28.651327],[77.542476,28.650876],[77.543284,28.65],[77.543529,28.649719],[77.543558,28.649685],[77.543609,28.649653],[77.543875,28.649491],[77.544115,28.64934],[77.544765,28.648699],[77.545054,28.648469],[77.545323,28.64821],[77.545888,28.647693],[77.546159,28.647382],[77.546399,28.647109],[77.54664,28.646789],[77.546888,28.646473],[77.547087,28.646146],[77.547289,28.645911],[77.547604,28.645548],[77.547453,28.645244],[77.54722,28.644977],[77.547034,28.644734],[77.546783,28.644477],[77.546489,28.644192],[77.546269,28.643895],[77.546551,28.643671],[77.546893,28.643502],[77.547134,28.643417],[77.54698,28.643074],[77.546829,28.642699],[77.547147,28.64237],[77.547502,28.642079],[77.547558,28.641783],[77.547479,28.641531],[77.547466,28.641179],[77.547423,28.640784],[77.547341,28.640439],[77.547201,28.640028],[77.546968,28.639744],[77.546845,28.639289],[77.546728,28.638968],[77.547047,28.638698],[77.547495,28.638528],[77.547837,28.638328],[77.547832,28.638032],[77.547526,28.63741],[77.547135,28.636821],[77.546833,28.636839],[77.546483,28.636864],[77.546076,28.6369],[77.545774,28.636712],[77.545179,28.636387],[77.544279,28.635697],[77.544051,28.635453],[77.543471,28.634917],[77.542893,28.634382],[77.542408,28.633861],[77.542118,28.63358],[77.54205,28.633513],[77.542018,28.633578],[77.541912,28.6338],[77.541802,28.634023],[77.541623,28.634255],[77.541282,28.634118],[77.540945,28.634276],[77.540669,28.634458],[77.540318,28.634736],[77.539715,28.635101],[77.539418,28.635281],[77.539058,28.635437],[77.538482,28.636626],[77.538175,28.63686],[77.537871,28.637115],[77.537528,28.637374],[77.537163,28.637618],[77.536869,28.63783],[77.536531,28.638013],[77.536211,28.638173],[77.535925,28.638299],[77.535587,28.63847],[77.535242,28.638687],[77.535641,28.639154],[77.535349,28.639388],[77.535066,28.639553],[77.534777,28.639776],[77.534467,28.640002],[77.534151,28.640176],[77.534045,28.640234],[77.533996,28.640273],[77.533495,28.640671],[77.533227,28.640877],[77.531759,28.642038],[77.531462,28.642254],[77.531153,28.642473],[77.530843,28.642703],[77.530603,28.642954],[77.530293,28.643188],[77.529925,28.643441],[77.529608,28.643677],[77.529168,28.643986],[77.528782,28.64427],[77.528419,28.644557],[77.528027,28.644787],[77.527388,28.645175],[77.52703,28.645418],[77.526856,28.645659],[77.526686,28.645827],[77.526623,28.645889],[77.526535,28.645959],[77.526278,28.64616],[77.525969,28.646214],[77.525582,28.646415],[77.524342,28.647024],[77.524045,28.64717],[77.523743,28.647292],[77.522268,28.647937],[77.521869,28.648106],[77.521483,28.648299],[77.521112,28.64845],[77.520761,28.648626],[77.520403,28.648759],[77.520043,28.648872],[77.519974,28.648888],[77.519705,28.648949],[77.51943,28.649001],[77.519363,28.649014],[77.519275,28.649052],[77.519038,28.649156],[77.518708,28.649246],[77.518406,28.649429],[77.518035,28.649586],[77.517777,28.649358],[77.517468,28.649146],[77.517166,28.648891],[77.516808,28.648643],[77.516228,28.648052],[77.515919,28.647743],[77.51563,28.647465],[77.515443,28.64724],[77.514973,28.646648],[77.514464,28.646102],[77.514155,28.645739],[77.513907,28.645489],[77.513616,28.645177],[77.513266,28.644893],[77.512941,28.644591],[77.512668,28.644347],[77.512392,28.644117],[77.51208,28.643889],[77.511799,28.643663],[77.5114,28.643383],[77.511827,28.642941],[77.511359,28.642578],[77.511079,28.642377],[77.511004,28.642323],[77.510926,28.642355],[77.510661,28.642465],[77.510017,28.642731],[77.509508,28.643003],[77.508561,28.64345],[77.508308,28.643698],[77.508024,28.643939],[77.507592,28.644158],[77.507213,28.644394],[77.506876,28.644581],[77.506474,28.644755],[77.506027,28.644967],[77.505738,28.645111],[77.50538,28.645312],[77.504996,28.645481],[77.504379,28.645884],[77.504083,28.646103],[77.503781,28.646322],[77.503553,28.64652],[77.503251,28.6468],[77.502949,28.646993],[77.502691,28.647239],[77.502077,28.647706],[77.501425,28.648143],[77.501148,28.648348],[77.500795,28.64863],[77.500563,28.648826],[77.499898,28.648456],[77.49876,28.647736],[77.498125,28.647249],[77.497164,28.645932],[77.496589,28.644771],[77.49579,28.643667],[77.491373,28.63892],[77.490817,28.638411],[77.490347,28.637977],[77.489302,28.637488],[77.4878,28.63691],[77.487003,28.636507],[77.486179,28.636348],[77.486055,28.636057],[77.485995,28.635693],[77.485914,28.635316],[77.486122,28.634833],[77.4852,28.633617],[77.483495,28.633618],[77.48326,28.633557],[77.483174,28.633535],[77.483106,28.633517],[77.481323,28.633056],[77.480808,28.632819],[77.479905,28.631951],[77.478571,28.630559],[77.478302,28.630018],[77.478242,28.629127],[77.477958,28.629035],[77.477264,28.628873],[77.476932,28.628602],[77.477094,28.628311],[77.47769,28.627875],[77.477775,28.627514],[77.47755,28.627332],[77.473873,28.627173],[77.473565,28.627246],[77.464485,28.63356],[77.459525,28.637128],[77.458253,28.638034],[77.456593,28.637888],[77.45565,28.636951],[77.453348,28.634094],[77.453333,28.634071],[77.452824,28.633319],[77.452526,28.632879],[77.450558,28.630472],[77.449741,28.629784],[77.447031,28.628333],[77.445923,28.627582],[77.444837,28.626312],[77.443543,28.625021],[77.44334,28.624522],[77.442432,28.623957],[77.441506,28.623204],[77.440128,28.622498],[77.439925,28.62227],[77.439841,28.62231],[77.439028,28.622646],[77.43834,28.622979],[77.438074,28.623277],[77.437718,28.623423],[77.4374,28.623459],[77.437172,28.62341],[77.436914,28.623328],[77.436721,28.6231],[77.436457,28.622774],[77.436012,28.622419],[77.435446,28.622419],[77.434691,28.622489],[77.433978,28.622276],[77.433735,28.622176],[77.43331,28.622632],[77.433004,28.623086],[77.432515,28.623372],[77.432169,28.623756],[77.432068,28.62414],[77.431926,28.624234],[77.431805,28.6243],[77.431681,28.624257],[77.43145,28.624341],[77.431319,28.624384],[77.431118,28.62434],[77.430846,28.624166],[77.430655,28.624089],[77.430404,28.624136],[77.43007,28.624227],[77.429599,28.624623],[77.428988,28.625016],[77.428334,28.624946],[77.428244,28.625023],[77.428106,28.625177],[77.427407,28.625321],[77.425525,28.625296],[77.422374,28.625107],[77.421695,28.625018],[77.419286,28.626364],[77.415867,28.628702],[77.414745,28.629469],[77.413802,28.629826],[77.413183,28.629848],[77.411783,28.629683],[77.410194,28.62935],[77.408217,28.629685],[77.407274,28.630041],[77.406841,28.630323],[77.406278,28.630419],[77.405255,28.630609],[77.405255,28.630609],[77.403077,28.631624],[77.401081,28.632596],[77.400517,28.633449],[77.399881,28.634562],[77.39988,28.634562],[77.398796,28.636444],[77.398704,28.636598],[77.398597,28.636784],[77.392021,28.634746],[77.391074,28.634313],[77.390539,28.634749],[77.390197,28.635212],[77.389757,28.635851],[77.389315,28.636714],[77.387186,28.636011],[77.386318,28.635726],[77.385558,28.635558],[77.384934,28.635557],[77.384238,28.635775],[77.38337,28.636004],[77.38273,28.636016],[77.381649,28.636264],[77.380893,28.636596],[77.38032,28.636905],[77.380241,28.636948],[77.380165,28.636902],[77.379743,28.63665],[77.378221,28.635094],[77.376813,28.634093],[77.374771,28.632574],[77.373824,28.631627],[77.373855,28.631619],[77.374958,28.631082],[77.376556,28.628778],[77.375948,28.6278],[77.375164,28.626755],[77.374171,28.625019],[77.37378,28.624343],[77.373559,28.623968],[77.373244,28.623375],[77.373104,28.622864],[77.373246,28.622564],[77.373431,28.622312],[77.373433,28.62231],[77.373422,28.622099],[77.373181,28.621962],[77.372845,28.622103],[77.372261,28.62268],[77.371358,28.623331],[77.370138,28.623751],[77.368526,28.62427],[77.367518,28.624492],[77.363845,28.624647],[77.361778,28.621875],[77.358423,28.617797],[77.358836,28.616712],[77.359895,28.615303],[77.360684,28.614866],[77.366874,28.61145],[77.368321,28.610649],[77.369136,28.610194],[77.369017,28.609903],[77.369046,28.609262],[77.368859,28.608768],[77.368563,28.608506],[77.368161,28.608353],[77.367514,28.608223],[77.36676,28.608223],[77.366759,28.608223],[77.366714,28.608223],[77.366709,28.608462],[77.366392,28.608447],[77.365988,28.608372],[77.365525,28.608162],[77.364684,28.60786],[77.363824,28.607735],[77.363056,28.607695],[77.36159,28.607941],[77.360501,28.608057],[77.359821,28.608256],[77.358252,28.60895],[77.35768,28.609459],[77.356754,28.610494],[77.355114,28.610866],[77.352986,28.609739],[77.352577,28.609879],[77.351242,28.610123],[77.349144,28.610276],[77.348703,28.610228],[77.348407,28.609984],[77.348197,28.610036],[77.347271,28.610351],[77.346162,28.610442],[77.344836,28.610443],[77.343691,28.610278],[77.342808,28.610024],[77.342178,28.609555],[77.342136,28.610244],[77.342131,28.61032],[77.34213,28.610326],[77.342021,28.610846],[77.341972,28.611451],[77.341761,28.61223],[77.341729,28.61235],[77.341785,28.613145],[77.341822,28.613847],[77.341784,28.61464],[77.341684,28.615436],[77.341514,28.616099],[77.341474,28.616979],[77.34149,28.617438],[77.341542,28.617691],[77.341655,28.618454],[77.341732,28.619001],[77.341802,28.619378],[77.341925,28.619926],[77.342039,28.620433],[77.342185,28.620692],[77.34244,28.621311],[77.342486,28.621422],[77.342529,28.621729],[77.342563,28.621973],[77.342517,28.621985],[77.340401,28.622515],[77.340331,28.622533],[77.340367,28.623064],[77.340371,28.623111],[77.340358,28.623137],[77.340247,28.62337],[77.340044,28.623794],[77.339834,28.624023],[77.339704,28.624164],[77.339339,28.624367],[77.339214,28.624436],[77.339154,28.624473],[77.338271,28.625021],[77.337573,28.625587],[77.336939,28.626063],[77.335627,28.626871],[77.334992,28.627383],[77.334235,28.628274],[77.332933,28.629615],[77.332143,28.630306],[77.331868,28.630546],[77.331113,28.631061],[77.330628,28.631393],[77.330545,28.63144],[77.32972,28.631911],[77.329596,28.631981],[77.329492,28.632016],[77.32825,28.63244],[77.327512,28.632676],[77.326942,28.632858],[77.325995,28.633384],[77.32501,28.634445],[77.324652,28.63465],[77.323698,28.634318],[77.321655,28.636485],[77.321524,28.636605],[77.319815,28.638175],[77.318605,28.639287],[77.316907,28.640643],[77.31628,28.641201],[77.316265,28.641215],[77.316584,28.642115],[77.317114,28.643573],[77.317356,28.644505],[77.317503,28.64507],[77.317711,28.645554],[77.318265,28.64684],[77.319605,28.650288],[77.319851,28.651005],[77.319879,28.651086],[77.31989,28.653472],[77.319978,28.655431],[77.320228,28.657784],[77.32025,28.657904],[77.3204,28.658736],[77.320575,28.661239],[77.320651,28.662375],[77.320685,28.662887],[77.320755,28.663489],[77.321036,28.664228],[77.321395,28.665174],[77.321636,28.666283],[77.321917,28.66676],[77.322063,28.66681],[77.32249,28.666953],[77.322992,28.667156],[77.323001,28.667159],[77.323011,28.667181],[77.323433,28.668088],[77.323691,28.668868],[77.323721,28.66896],[77.323768,28.669699],[77.323512,28.670204],[77.323337,28.671123],[77.323304,28.671659],[77.323318,28.671728],[77.323348,28.671877],[77.323363,28.671948],[77.323511,28.672681],[77.323669,28.673514],[77.323754,28.673964],[77.323865,28.67486],[77.32373,28.675386],[77.323688,28.67555],[77.323529,28.676176],[77.323559,28.676401],[77.323601,28.676714],[77.323903,28.677196],[77.324084,28.677301],[77.324432,28.677503],[77.325471,28.677763],[77.326624,28.677851],[77.32865,28.677958],[77.330095,28.678221],[77.330164,28.678329],[77.330623,28.679055],[77.33272,28.6817],[77.332922,28.68196],[77.332773,28.682154],[77.332762,28.682168],[77.332361,28.682643],[77.332245,28.682962],[77.332237,28.683334],[77.332231,28.683613],[77.33222,28.684154],[77.332219,28.684156],[77.331871,28.684658],[77.331944,28.684914],[77.332093,28.685441],[77.332151,28.685896],[77.332103,28.685966],[77.331765,28.686458],[77.331319,28.687121],[77.331144,28.687769],[77.331065,28.688529],[77.330818,28.689359],[77.330302,28.690387],[77.329689,28.69106],[77.329179,28.691561],[77.328398,28.692827],[77.327427,28.693719],[77.326495,28.694483],[77.325889,28.695081],[77.325621,28.695345],[77.325379,28.695584],[77.324204,28.697018],[77.323591,28.697929],[77.32327,28.698575],[77.324054,28.699611],[77.324354,28.699928],[77.324746,28.700334],[77.325276,28.701104],[77.325288,28.701282],[77.325311,28.701627],[77.325382,28.701999],[77.325442,28.702313],[77.325737,28.702854],[77.325808,28.703394],[77.325836,28.703608],[77.325792,28.704203],[77.325774,28.704278],[77.325666,28.704728],[77.325632,28.70487],[77.325413,28.705119],[77.324923,28.705638],[77.324642,28.706151],[77.324452,28.706497],[77.324456,28.707061],[77.325426,28.708875],[77.325998,28.709862],[77.326321,28.710254],[77.326386,28.710333],[77.326484,28.710452],[77.326508,28.71045],[77.327109,28.710386],[77.327162,28.710381],[77.32734,28.710519],[77.328431,28.711365],[77.328795,28.711598],[77.329622,28.712124],[77.329827,28.712255],[77.330487,28.712624],[77.330491,28.712626],[77.330716,28.712752],[77.330753,28.712788],[77.330859,28.71289],[77.331078,28.713102],[77.331382,28.71411],[77.331491,28.714144],[77.331662,28.714194],[77.331695,28.714212],[77.331715,28.714223],[77.331782,28.714267],[77.331844,28.714316],[77.331902,28.714369],[77.331925,28.714392],[77.331946,28.714417],[77.331972,28.714456],[77.331991,28.714498],[77.332005,28.714542],[77.332075,28.714706],[77.332582,28.714991],[77.332906,28.715173],[77.332916,28.715178],[77.332927,28.715181],[77.332939,28.715183],[77.332951,28.715183],[77.332962,28.715182],[77.332974,28.715179],[77.332984,28.715174],[77.332994,28.715169],[77.333039,28.71513],[77.333125,28.71505],[77.333183,28.714991],[77.333198,28.714976],[77.333219,28.714948],[77.333237,28.714918],[77.333251,28.714887],[77.333257,28.714868],[77.333265,28.714836],[77.333268,28.714802],[77.333268,28.714769],[77.333273,28.714721],[77.333288,28.714672],[77.333296,28.714644],[77.333308,28.714613],[77.333324,28.714582],[77.333342,28.714553],[77.333391,28.714506],[77.333442,28.714462],[77.333476,28.714445],[77.333512,28.714432],[77.33355,28.714424],[77.333588,28.714419],[77.334469,28.714479],[77.334568,28.713872],[77.334613,28.713568],[77.334678,28.713136],[77.334688,28.713068],[77.334811,28.712245],[77.334816,28.712209],[77.334828,28.712173],[77.334846,28.71214],[77.33487,28.71211],[77.334899,28.712084],[77.335192,28.711899],[77.335497,28.711714],[77.335845,28.711504],[77.336213,28.711265],[77.336192,28.711238],[77.336146,28.711177],[77.33662,28.710788],[77.336706,28.710662],[77.336793,28.710537],[77.337053,28.710252],[77.33707,28.710234],[77.337282,28.710027],[77.337674,28.709713],[77.337819,28.709577],[77.338242,28.709185],[77.338652,28.708869],[77.339447,28.708875],[77.339452,28.708484],[77.340146,28.709281],[77.34088,28.710124],[77.341429,28.710754],[77.344638,28.714014],[77.345425,28.714773],[77.345868,28.714818],[77.346596,28.71442],[77.348182,28.713477],[77.348764,28.71371],[77.351983,28.714528],[77.352916,28.714898],[77.35338,28.714989],[77.353805,28.714903],[77.354827,28.714062],[77.355377,28.713558],[77.35593,28.71395],[77.356365,28.714349],[77.356199,28.715204],[77.355578,28.716574],[77.355641,28.717582],[77.355093,28.718468],[77.354486,28.719148],[77.354609,28.719822],[77.354469,28.720081],[77.35444,28.72019],[77.354457,28.720251],[77.354703,28.720251],[77.354991,28.720251],[77.355662,28.720244],[77.356318,28.720241],[77.357164,28.720227],[77.358034,28.720219],[77.358036,28.720259],[77.358063,28.720537],[77.358096,28.720834],[77.358096,28.720849],[77.358099,28.720865],[77.358103,28.720876],[77.358109,28.720886],[77.358116,28.720896],[77.358122,28.720903],[77.35813,28.72091],[77.35816,28.720927],[77.358178,28.720938],[77.358225,28.72097],[77.358278,28.721006],[77.358327,28.721048],[77.358368,28.721069],[77.358411,28.721086],[77.358456,28.721099],[77.358503,28.721106],[77.358554,28.721115],[77.358605,28.721121],[77.358657,28.721124],[77.358713,28.721133],[77.358768,28.721146],[77.35882,28.721164],[77.358897,28.7212],[77.358977,28.721231],[77.359041,28.721251],[77.359062,28.72127],[77.359079,28.721291],[77.359092,28.721314],[77.359102,28.721339],[77.359121,28.721763],[77.359156,28.722276],[77.359183,28.72255],[77.35922,28.722881],[77.359236,28.723028],[77.359115,28.722946],[77.359081,28.722937],[77.35904,28.722926],[77.358987,28.722932],[77.358966,28.722933],[77.358918,28.722951],[77.35887,28.722972],[77.358829,28.722993],[77.358785,28.723014],[77.358702,28.723062],[77.358622,28.723114],[77.358297,28.723326],[77.358263,28.723348],[77.358213,28.72338],[77.358167,28.723416],[77.358126,28.723457],[77.358091,28.723501],[77.358062,28.723549],[77.358039,28.723599],[77.358027,28.723636],[77.358019,28.723673],[77.358017,28.72368],[77.35801,28.723724],[77.357998,28.723768],[77.357981,28.723811],[77.357959,28.723851],[77.357933,28.72389],[77.357903,28.723925],[77.357868,28.723958],[77.357567,28.724207],[77.357232,28.724484],[77.357226,28.724487],[77.357218,28.724493],[77.357184,28.724513],[77.357078,28.724579],[77.357348,28.724852],[77.357579,28.72495],[77.357596,28.724957],[77.357842,28.724869],[77.358341,28.724438],[77.358732,28.7241],[77.35967,28.723322],[77.360325,28.722837],[77.361128,28.722273],[77.361814,28.721798],[77.362215,28.721557],[77.362809,28.721241],[77.363154,28.72094],[77.36352,28.720629],[77.363668,28.720512],[77.363999,28.720321],[77.364275,28.720105],[77.364334,28.72001],[77.364334,28.719776],[77.363024,28.718561],[77.361996,28.717164],[77.361448,28.716055],[77.361271,28.715455],[77.361544,28.714546],[77.361621,28.714389],[77.364144,28.713153],[77.366681,28.712207],[77.372043,28.710728],[77.375534,28.709704],[77.380043,28.70851],[77.381721,28.708183],[77.382849,28.707847],[77.383643,28.707338],[77.384006,28.707158],[77.384407,28.707183],[77.385279,28.707999],[77.385948,28.708978],[77.385195,28.710373],[77.385477,28.711313],[77.385993,28.712267],[77.386367,28.712786],[77.387713,28.714074],[77.388597,28.714854],[77.390599,28.716093],[77.391801,28.71659],[77.395462,28.717402],[77.397354,28.71773],[77.39912,28.718337],[77.399526,28.718614],[77.399619,28.719111],[77.3994,28.719649],[77.399013,28.719977],[77.398305,28.720516],[77.397194,28.720888],[77.394897,28.721286],[77.394232,28.721468],[77.392978,28.72225],[77.391571,28.723107],[77.390724,28.723534],[77.389833,28.724349],[77.38874,28.725611],[77.387695,28.726823],[77.386233,28.731027],[77.385827,28.731993],[77.384781,28.733769],[77.384542,28.734952],[77.384811,28.736264],[77.385354,28.738167],[77.385745,28.738856],[77.387171,28.739843],[77.388219,28.740754],[77.389202,28.741751],[77.391272,28.744248],[77.392208,28.745533],[77.393259,28.747013],[77.393631,28.747904],[77.393917,28.748666],[77.393859,28.749908],[77.394906,28.75038],[77.394354,28.751498],[77.394787,28.752884],[77.397081,28.754902],[77.398055,28.754685],[77.399267,28.755753],[77.398773,28.756211],[77.400795,28.758574],[77.40315,28.761303],[77.403924,28.762247],[77.405255,28.761842],[77.406893,28.763616],[77.409208,28.762488],[77.413309,28.760302],[77.416161,28.758833],[77.41901,28.761715],[77.420046,28.76278],[77.421477,28.763891],[77.422584,28.763122],[77.423228,28.76288],[77.424432,28.762239],[77.42618,28.761898],[77.427044,28.761679],[77.430644,28.760242],[77.432797,28.75948],[77.435559,28.758068],[77.436053,28.758717],[77.436636,28.758202],[77.437188,28.759259],[77.437771,28.759832],[77.438483,28.76163],[77.439103,28.76364],[77.439533,28.764132],[77.440076,28.764549],[77.440784,28.764424],[77.44082,28.764774],[77.441316,28.765326],[77.441909,28.765433],[77.442134,28.766291],[77.44311,28.765957],[77.443411,28.766331],[77.444044,28.766632],[77.444727,28.76773],[77.446343,28.766319],[77.448146,28.765435],[77.449294,28.765318],[77.450838,28.765284],[77.451186,28.765522],[77.452628,28.76506],[77.453778,28.764865],[77.454766,28.763987],[77.45515,28.76103],[77.457794,28.759733],[77.459885,28.75865],[77.461512,28.75756],[77.463691,28.756293],[77.465172,28.755088],[77.462972,28.752226],[77.462838,28.751555],[77.462013,28.750046],[77.462014,28.749211],[77.462089,28.747823],[77.462184,28.747237],[77.462448,28.747053],[77.463565,28.747406],[77.464382,28.747387],[77.465294,28.747103],[77.465307,28.747094],[77.465996,28.746619],[77.466826,28.746201],[77.46855,28.745608],[77.468942,28.746066],[77.46897,28.746102],[77.469046,28.746203],[77.46911,28.746277],[77.469177,28.746332],[77.469232,28.746381],[77.469766,28.744978],[77.470414,28.745773],[77.470619,28.745986],[77.471834,28.745187],[77.4718,28.745151],[77.47224,28.744881],[77.47331,28.744236],[77.47372,28.744014],[77.474042,28.744194],[77.474266,28.74449],[77.474378,28.744638],[77.474502,28.744795],[77.475135,28.745621],[77.475389,28.745471],[77.475492,28.745381],[77.475956,28.745075],[77.476345,28.745574],[77.476399,28.745622],[77.476858,28.746193],[77.477352,28.746847],[77.477516,28.747039],[77.478767,28.746233],[77.479838,28.745568],[77.480449,28.745214],[77.480498,28.745178],[77.481377,28.744625],[77.482213,28.744112],[77.482526,28.743905],[77.482809,28.743728],[77.483201,28.743457],[77.48362,28.743182],[77.483689,28.743141],[77.48387,28.743036],[77.484238,28.743521],[77.484577,28.743929],[77.485131,28.744525],[77.485427,28.744815],[77.485869,28.745228],[77.486192,28.745504],[77.486867,28.746064],[77.487031,28.746201],[77.487501,28.746571],[77.487646,28.746477],[77.488083,28.746205],[77.488653,28.745866],[77.489153,28.74556],[77.489437,28.74538],[77.489952,28.744998],[77.49067,28.744494],[77.491139,28.74415],[77.491636,28.74377],[77.492008,28.743493],[77.492078,28.743441],[77.492274,28.743309],[77.492387,28.743247],[77.492405,28.743237],[77.492415,28.743232],[77.492389,28.743204],[77.492362,28.743177],[77.493069,28.742663],[77.493629,28.742301],[77.494975,28.741631],[77.495355,28.741443],[77.49643,28.740913],[77.496911,28.740687],[77.497219,28.740593],[77.4976,28.740526],[77.497828,28.740499],[77.498068,28.740468],[77.498073,28.740462],[77.498076,28.740455],[77.498079,28.740448],[77.49808,28.74044],[77.49808,28.740433],[77.498078,28.740426],[77.49806,28.7404],[77.497908,28.740191],[77.49789,28.740163],[77.497562,28.739857],[77.497357,28.73969],[77.497277,28.739611],[77.497258,28.739595],[77.497243,28.739577],[77.497231,28.739557],[77.497224,28.739535],[77.497221,28.739513],[77.497222,28.73949],[77.497227,28.739469],[77.497236,28.739448],[77.497249,28.73943],[77.497265,28.739413],[77.497461,28.739216],[77.497764,28.738964],[77.497941,28.738796],[77.498117,28.738624],[77.498249,28.738306],[77.498549,28.73786],[77.498658,28.737746],[77.498861,28.737558],[77.498871,28.73755],[77.498879,28.73754],[77.498885,28.737529],[77.49889,28.737517],[77.498892,28.737505],[77.498892,28.737493],[77.498891,28.737481],[77.498887,28.73747],[77.498882,28.737459],[77.498874,28.737448],[77.498851,28.737429],[77.498726,28.737323],[77.498244,28.73691],[77.498216,28.736885],[77.498206,28.736871],[77.4982,28.736856],[77.498197,28.73684],[77.498196,28.736823],[77.498199,28.736807],[77.498206,28.736791],[77.498215,28.736777],[77.498227,28.736764],[77.498464,28.736471],[77.498695,28.736157],[77.498886,28.735859],[77.499264,28.735069],[77.49945,28.734585],[77.499483,28.734395],[77.499284,28.734086],[77.499233,28.734009],[77.499077,28.733772],[77.498841,28.733415],[77.498752,28.733309],[77.498665,28.733202],[77.498608,28.733138],[77.498546,28.733077],[77.498455,28.732994],[77.498368,28.732907],[77.498306,28.732855],[77.498248,28.732801],[77.49824,28.732794],[77.498234,28.732787],[77.498225,28.732775],[77.498218,28.732761],[77.498213,28.732747],[77.498211,28.732732],[77.498211,28.732717],[77.498219,28.732661],[77.498232,28.732607],[77.498249,28.732553],[77.498298,28.732426],[77.49835,28.732436],[77.498727,28.732552],[77.500511,28.732526],[77.501943,28.733248],[77.502261,28.733409],[77.502379,28.733468],[77.502561,28.733549],[77.502814,28.73368],[77.50295,28.733771],[77.502993,28.733799],[77.503295,28.733993],[77.503592,28.734158],[77.503942,28.734388],[77.504239,28.734578],[77.504515,28.734781],[77.504825,28.734971],[77.505052,28.735208],[77.505403,28.735481],[77.505687,28.735761],[77.505886,28.735995],[77.506127,28.736275],[77.506326,28.73655],[77.50663,28.737227],[77.506837,28.737471],[77.506981,28.73769],[77.507098,28.738055],[77.507244,28.738317],[77.507305,28.738581],[77.50753,28.739084],[77.507676,28.739341],[77.507834,28.739982],[77.508013,28.740347],[77.507806,28.74062],[77.507627,28.740832],[77.50744,28.741119],[77.507247,28.74145],[77.507019,28.74173],[77.50693,28.741919],[77.506917,28.742077],[77.506745,28.742339],[77.506523,28.742575],[77.506343,28.742776],[77.506141,28.742979],[77.50642,28.742882],[77.50673,28.742742],[77.507088,28.742585],[77.507467,28.742488],[77.507917,28.742466],[77.50826,28.742452],[77.508606,28.742425],[77.508977,28.742364],[77.509343,28.742322],[77.509648,28.742189],[77.510006,28.742038],[77.510357,28.741842],[77.510626,28.741576],[77.510854,28.741343],[77.511005,28.741192],[77.511297,28.740998],[77.511578,28.74087],[77.511949,28.740773],[77.512351,28.74064],[77.513308,28.74053],[77.513736,28.740498],[77.514197,28.740377],[77.514529,28.74028],[77.514921,28.740111],[77.515625,28.739737],[77.516286,28.739178],[77.517425,28.738258],[77.517604,28.738095],[77.517888,28.737937],[77.51819,28.737701],[77.51848,28.737468],[77.519025,28.737092],[77.519342,28.736943],[77.519632,28.736792],[77.519921,28.736632],[77.520335,28.736596],[77.520742,28.736578],[77.521108,28.736553],[77.521508,28.736533],[77.521915,28.736509],[77.522321,28.736466],[77.522611,28.736443],[77.523066,28.736383],[77.523563,28.73629],[77.523982,28.736762],[77.52419,28.737071],[77.524397,28.737333],[77.524596,28.737502],[77.524803,28.737759],[77.524995,28.738059],[77.525215,28.738332],[77.525394,28.738673],[77.525545,28.738892],[77.52585,28.739178],[77.526021,28.739485],[77.526228,28.73974],[77.526436,28.740002],[77.526622,28.740221],[77.526904,28.740469],[77.527262,28.740676],[77.52762,28.740855],[77.528007,28.740746],[77.52856,28.740406],[77.529125,28.740047],[77.529883,28.739533],[77.530264,28.73929],[77.530579,28.739082],[77.530897,28.738875],[77.531347,28.738591],[77.531808,28.738277],[77.532195,28.738095],[77.532525,28.737858],[77.532794,28.737644],[77.533083,28.737481],[77.533318,28.737281],[77.533751,28.737037],[77.534145,28.737125],[77.534496,28.737107],[77.534895,28.737101],[77.535343,28.737252],[77.535778,28.737356],[77.536482,28.737432],[77.536904,28.737475],[77.537283,28.737512],[77.538076,28.737579],[77.538764,28.737685],[77.539054,28.737776],[77.539391,28.737898],[77.539762,28.737891],[77.540177,28.737866],[77.540474,28.737905],[77.540873,28.738782],[77.541067,28.7391],[77.54118,28.739423],[77.54088,28.739524],[77.540625,28.7397],[77.540555,28.739919],[77.54077,28.740117],[77.541164,28.740562],[77.54175,28.741324],[77.541924,28.741536],[77.542234,28.741938],[77.54249,28.742211],[77.542979,28.742725],[77.543181,28.74298],[77.543414,28.743242],[77.543613,28.74354],[77.543813,28.743759],[77.544048,28.744072],[77.544248,28.744345],[77.544406,28.744602],[77.544634,28.744893],[77.544826,28.745166],[77.545082,28.74548],[77.545253,28.745789],[77.545473,28.746129],[77.545591,28.746416],[77.545798,28.746689],[77.545978,28.746917],[77.546231,28.747233],[77.546377,28.747472],[77.546515,28.747763],[77.546784,28.748288],[77.546722,28.748654],[77.546064,28.749053],[77.545954,28.749078],[77.545826,28.749179],[77.545675,28.749227],[77.545237,28.749461],[77.544966,28.749488],[77.544815,28.749441],[77.544695,28.749484],[77.544106,28.749723],[77.543906,28.749801],[77.543722,28.749955],[77.543059,28.749685],[77.542739,28.749938],[77.5418,28.750775],[77.540875,28.751497],[77.54228,28.752858],[77.541797,28.753147],[77.541407,28.753074],[77.541002,28.753439],[77.540187,28.75402],[77.539112,28.754615],[77.538795,28.754161],[77.53782,28.754653],[77.537575,28.754401],[77.537258,28.75451],[77.536644,28.754836],[77.536393,28.754918],[77.536133,28.754904],[77.535281,28.754088],[77.534789,28.753846],[77.534236,28.754373],[77.53361,28.754737],[77.533304,28.754837],[77.532907,28.755137],[77.532543,28.755457],[77.532301,28.755597],[77.531762,28.755971],[77.531202,28.756335],[77.531001,28.756581],[77.530811,28.756865],[77.530655,28.757073],[77.53064,28.757283],[77.530534,28.757703],[77.530494,28.758094],[77.530368,28.758427],[77.530651,28.758802],[77.53129,28.759424],[77.531842,28.759958],[77.531117,28.76017],[77.529993,28.760679],[77.529325,28.76041],[77.528041,28.760065],[77.527598,28.759963],[77.526874,28.760353],[77.526693,28.761276],[77.526368,28.761787],[77.526667,28.762031],[77.526294,28.763361],[77.525741,28.764443],[77.525322,28.765307],[77.524864,28.765444],[77.524986,28.766417],[77.525252,28.767224]]]}},{"type":"Feature","properties":{"OBJECTID":2593,"state_lgd":"09","state_name":"UTTAR PRADESH","district_lgd":"140","district_name":"GHAZIABAD","district_name_source":"district_table","subdistrict_lgd":"6283","subdistrict_name":"LONI","subdistrict_type":"Tehsil","name_corrupted":false,"remarks":""},"geometry":{"type":"Polygon","coordinates":[[[77.421477,28.763891],[77.420046,28.76278],[77.41901,28.761715],[77.416161,28.758833],[77.413309,28.760302],[77.409208,28.762488],[77.406893,28.763616],[77.405255,28.761842],[77.403924,28.762247],[77.40315,28.761303],[77.400795,28.758574],[77.398773,28.756211],[77.399267,28.755753],[77.398055,28.754685],[77.397081,28.754902],[77.394787,28.752884],[77.394354,28.751498],[77.394906,28.75038],[77.393859,28.749908],[77.393917,28.748666],[77.393631,28.747904],[77.393259,28.747013],[77.392208,28.745533],[77.391272,28.744248],[77.389202,28.741751],[77.388219,28.740754],[77.387171,28.739843],[77.385745,28.738856],[77.385354,28.738167],[77.384811,28.736264],[77.384542,28.734952],[77.384781,28.733769],[77.385827,28.731993],[77.386233,28.731027],[77.387695,28.726823],[77.38874,28.725611],[77.389833,28.724349],[77.390724,28.723534],[77.391571,28.723107],[77.392978,28.72225],[77.394232,28.721468],[77.394897,28.721286],[77.397194,28.720888],[77.398305,28.720516],[77.399013,28.719977],[77.3994,28.719649],[77.399619,28.719111],[77.399526,28.718614],[77.39912,28.718337],[77.397354,28.71773],[77.395462,28.717402],[77.391801,28.71659],[77.390599,28.716093],[77.388597,28.714854],[77.387713,28.714074],[77.386367,28.712786],[77.385993,28.712267],[77.385477,28.711313],[77.385195,28.710373],[77.385948,28.708978],[77.385279,28.707999],[77.384407,28.707183],[77.384006,28.707158],[77.383643,28.707338],[77.382849,28.707847],[77.381721,28.708183],[77.380043,28.70851],[77.375534,28.709704],[77.372043,28.710728],[77.366681,28.712207],[77.364144,28.713153],[77.361621,28.714389],[77.361544,28.714546],[77.361271,28.715455],[77.361448,28.716055],[77.361996,28.717164],[77.363024,28.718561],[77.364334,28.719776],[77.364334,28.72001],[77.364275,28.720105],[77.363999,28.720321],[77.363668,28.720512],[77.36352,28.720629],[77.363154,28.72094],[77.362809,28.721241],[77.362215,28.721557],[77.361814,28.721798],[77.361128,28.722273],[77.360325,28.722837],[77.35967,28.723322],[77.358732,28.7241],[77.358341,28.724438],[77.357842,28.724869],[77.357596,28.724957],[77.357579,28.72495],[77.357348,28.724852],[77.357078,28.724579],[77.357184,28.724513],[77.357218,28.724493],[77.357226,28.724487],[77.357232,28.724484],[77.357567,28.724207],[77.357868,28.723958],[77.357903,28.723925],[77.357933,28.72389],[77.357959,28.723851],[77.357981,28.723811],[77.357998,28.723768],[77.35801,28.723724],[77.358017,28.72368],[77.358019,28.723673],[77.358027,28.723636],[77.358039,28.723599],[77.358062,28.723549],[77.358091,28.723501],[77.358126,28.723457],[77.358167,28.723416],[77.358213,28.72338],[77.358263,28.723348],[77.358297,28.723326],[77.358622,28.723114],[77.358702,28.723062],[77.358785,28.723014],[77.358829,28.722993],[77.35887,28.722972],[77.358918,28.722951],[77.358966,28.722933],[77.358987,28.722932],[77.35904,28.722926],[77.359081,28.722937],[77.359115,28.722946],[77.359236,28.723028],[77.35922,28.722881],[77.359183,28.72255],[77.359156,28.722276],[77.359121,28.721763],[77.359102,28.721339],[77.359092,28.721314],[77.359079,28.721291],[77.359062,28.72127],[77.359041,28.721251],[77.358977,28.721231],[77.358897,28.7212],[77.35882,28.721164],[77.358768,28.721146],[77.358713,28.721133],[77.358657,28.721124],[77.358605,28.721121],[77.358554,28.721115],[77.358503,28.721106],[77.358456,28.721099],[77.358411,28.721086],[77.358368,28.721069],[77.358327,28.721048],[77.358278,28.721006],[77.358225,28.72097],[77.358178,28.720938],[77.35816,28.720927],[77.35813,28.72091],[77.358122,28.720903],[77.358116,28.720896],[77.358109,28.720886],[77.358103,28.720876],[77.358099,28.720865],[77.358096,28.720849],[77.358096,28.720834],[77.358063,28.720537],[77.358036,28.720259],[77.358034,28.720219],[77.357164,28.720227],[77.356318,28.720241],[77.355662,28.720244],[77.354991,28.720251],[77.354703,28.720251],[77.354457,28.720251],[77.35444,28.72019],[77.354469,28.720081],[77.354609,28.719822],[77.354486,28.719148],[77.355093,28.718468],[77.355641,28.717582],[77.355578,28.716574],[77.356199,28.715204],[77.356365,28.714349],[77.35593,28.71395],[77.355377,28.713558],[77.354827,28.714062],[77.353805,28.714903],[77.35338,28.714989],[77.352916,28.714898],[77.351983,28.714528],[77.348764,28.71371],[77.348182,28.713477],[77.346596,28.71442],[77.345868,28.714818],[77.345425,28.714773],[77.344638,28.714014],[77.341429,28.710754],[77.34088,28.710124],[77.340146,28.709281],[77.339452,28.708484],[77.339447,28.708875],[77.338652,28.708869],[77.338242,28.709185],[77.337819,28.709577],[77.337674,28.709713],[77.337282,28.710027],[77.33707,28.710234],[77.337053,28.710252],[77.336793,28.710537],[77.336706,28.710662],[77.33662,28.710788],[77.336146,28.711177],[77.336192,28.711238],[77.336213,28.711265],[77.335845,28.711504],[77.335497,28.711714],[77.335192,28.711899],[77.334899,28.712084],[77.33487,28.71211],[77.334846,28.71214],[77.334828,28.712173],[77.334816,28.712209],[77.334811,28.712245],[77.334688,28.713068],[77.334678,28.713136],[77.334613,28.713568],[77.334568,28.713872],[77.334469,28.714479],[77.333588,28.714419],[77.33355,28.714424],[77.333512,28.714432],[77.333476,28.714445],[77.333442,28.714462],[77.333391,28.714506],[77.333342,28.714553],[77.333324,28.714582],[77.333308,28.714613],[77.333296,28.714644],[77.333288,28.714672],[77.333273,28.714721],[77.333268,28.714769],[77.333268,28.714802],[77.333265,28.714836],[77.333257,28.714868],[77.333251,28.714887],[77.333237,28.714918],[77.333219,28.714948],[77.333198,28.714976],[77.333183,28.714991],[77.333125,28.71505],[77.333039,28.71513],[77.332994,28.715169],[77.332984,28.715174],[77.332974,28.715179],[77.332962,28.715182],[77.332951,28.715183],[77.332939,28.715183],[77.332927,28.715181],[77.332916,28.715178],[77.332906,28.715173],[77.332582,28.714991],[77.332075,28.714706],[77.332005,28.714542],[77.331991,28.714498],[77.331972,28.714456],[77.331946,28.714417],[77.331925,28.714392],[77.331902,28.714369],[77.331844,28.714316],[77.331782,28.714267],[77.331715,28.714223],[77.331695,28.714212],[77.331662,28.714194],[77.331491,28.714144],[77.331382,28.71411],[77.331078,28.713102],[77.330459,28.713132],[77.330412,28.713135],[77.32963,28.713174],[77.328483,28.713311],[77.32718,28.713485],[77.327142,28.71349],[77.326825,28.713216],[77.326352,28.712808],[77.326238,28.712709],[77.325243,28.71304],[77.324501,28.713286],[77.324451,28.713303],[77.324268,28.713066],[77.324029,28.712759],[77.32395,28.712657],[77.323145,28.713029],[77.323119,28.713041],[77.323089,28.713055],[77.323069,28.713037],[77.3222,28.712229],[77.322063,28.712102],[77.320361,28.712909],[77.320154,28.713005],[77.320029,28.713045],[77.319741,28.713166],[77.319368,28.713333],[77.318815,28.713572],[77.318394,28.713732],[77.317964,28.713899],[77.317759,28.713975],[77.317734,28.713984],[77.316726,28.712989],[77.316656,28.71292],[77.316189,28.712898],[77.315586,28.712985],[77.315416,28.713009],[77.314854,28.713032],[77.314479,28.713039],[77.314102,28.713009],[77.313758,28.712981],[77.313358,28.712994],[77.313352,28.712994],[77.313096,28.713002],[77.312496,28.713102],[77.311417,28.713185],[77.310788,28.713188],[77.310356,28.713191],[77.310238,28.713187],[77.309849,28.713188],[77.309562,28.713183],[77.309285,28.713139],[77.30906,28.71311],[77.30874,28.713062],[77.308638,28.71301],[77.308533,28.712982],[77.308407,28.712949],[77.308259,28.71291],[77.308226,28.712862],[77.308198,28.712778],[77.308038,28.71284],[77.307741,28.712945],[77.307451,28.713067],[77.307293,28.713121],[77.307168,28.713067],[77.307106,28.712926],[77.307051,28.71289],[77.306953,28.712902],[77.30674,28.713006],[77.306484,28.713135],[77.306229,28.713257],[77.306091,28.71319],[77.305932,28.71302],[77.305745,28.712831],[77.305731,28.71277],[77.305634,28.712752],[77.305538,28.712771],[77.305144,28.712869],[77.304785,28.7129],[77.30464,28.712632],[77.304546,28.712534],[77.304487,28.712473],[77.304252,28.712218],[77.304155,28.712145],[77.304113,28.712101],[77.303885,28.711859],[77.303498,28.711567],[77.303291,28.711372],[77.302987,28.711239],[77.302694,28.711154],[77.302248,28.711001],[77.301803,28.710804],[77.301767,28.710785],[77.300906,28.710365],[77.300481,28.710189],[77.300316,28.710126],[77.299938,28.709996],[77.299767,28.709976],[77.299507,28.709929],[77.299275,28.709924],[77.299035,28.709855],[77.299035,28.709841],[77.299035,28.709597],[77.299053,28.709477],[77.29907,28.709456],[77.29917,28.709456],[77.299235,28.709399],[77.299241,28.709326],[77.29924,28.709102],[77.299217,28.708961],[77.299187,28.708769],[77.299133,28.708619],[77.299104,28.708551],[77.29898,28.70838],[77.298905,28.708272],[77.298832,28.708166],[77.298714,28.707984],[77.298711,28.70794],[77.298707,28.707891],[77.298705,28.707794],[77.29868,28.707684],[77.29854,28.70735],[77.298315,28.706998],[77.29824,28.706831],[77.298209,28.706751],[77.298075,28.706549],[77.297939,28.706245],[77.297834,28.706024],[77.297744,28.705827],[77.297574,28.705492],[77.297403,28.705105],[77.297323,28.704924],[77.297319,28.704912],[77.297183,28.70496],[77.29711,28.704986],[77.296832,28.704523],[77.296782,28.70444],[77.29571,28.704917],[77.295252,28.705194],[77.294473,28.70558],[77.293887,28.705739],[77.29334,28.705785],[77.292793,28.705803],[77.292229,28.705936],[77.291517,28.706153],[77.291041,28.706512],[77.290331,28.707082],[77.289452,28.707577],[77.288888,28.708136],[77.288746,28.708927],[77.288473,28.709518],[77.288177,28.709715],[77.287364,28.710265],[77.287406,28.710607],[77.287501,28.711377],[77.287461,28.711444],[77.287371,28.711589],[77.287215,28.711846],[77.286935,28.712303],[77.287096,28.713256],[77.287093,28.713261],[77.28691,28.713659],[77.28686,28.713797],[77.286241,28.714534],[77.289089,28.716821],[77.288831,28.719568],[77.290767,28.722384],[77.289209,28.723009],[77.287447,28.724089],[77.286339,28.724552],[77.286276,28.724578],[77.28624,28.724686],[77.285726,28.726215],[77.285167,28.726774],[77.282429,28.729452],[77.278019,28.734069],[77.277519,28.734592],[77.276439,28.735449],[77.275583,28.735708],[77.274469,28.736045],[77.273941,28.736205],[77.272909,28.73627],[77.272787,28.736132],[77.27247,28.735776],[77.272347,28.735638],[77.272346,28.735636],[77.272341,28.735634],[77.272003,28.735492],[77.271928,28.73546],[77.271733,28.735438],[77.270729,28.735328],[77.269642,28.735208],[77.269457,28.735188],[77.267631,28.734852],[77.266571,28.734657],[77.26549,28.734525],[77.265094,28.734476],[77.263406,28.734269],[77.261756,28.734066],[77.260822,28.734164],[77.25973,28.735306],[77.257765,28.736864],[77.25587,28.738646],[77.255629,28.738872],[77.255559,28.739014],[77.255194,28.739741],[77.254558,28.743564],[77.254627,28.743692],[77.254637,28.74371],[77.254644,28.743723],[77.254713,28.743851],[77.254871,28.743853],[77.25532,28.743861],[77.256195,28.743876],[77.256207,28.743901],[77.258067,28.747717],[77.258495,28.748594],[77.258817,28.749254],[77.259182,28.750004],[77.259133,28.750283],[77.259112,28.751236],[77.259112,28.751236],[77.259121,28.752244],[77.259121,28.752244],[77.259121,28.752246],[77.259121,28.752247],[77.25912,28.752248],[77.258858,28.752688],[77.258858,28.752689],[77.258857,28.75269],[77.258856,28.752691],[77.258854,28.752692],[77.25874,28.752754],[77.258706,28.752772],[77.25744,28.753452],[77.257439,28.753452],[77.257227,28.753572],[77.256378,28.75405],[77.256377,28.75405],[77.256375,28.754051],[77.256375,28.754052],[77.256148,28.754353],[77.256148,28.754353],[77.256147,28.754354],[77.256147,28.754356],[77.256147,28.754358],[77.256147,28.754359],[77.256361,28.756115],[77.256371,28.756194],[77.256371,28.756195],[77.25637,28.756197],[77.25637,28.756198],[77.256369,28.7562],[77.256368,28.756201],[77.256367,28.756202],[77.256365,28.756203],[77.256364,28.756203],[77.256362,28.756204],[77.25636,28.756204],[77.25636,28.756204],[77.256358,28.756204],[77.255985,28.756146],[77.254584,28.755928],[77.254583,28.755928],[77.252078,28.755492],[77.250739,28.755261],[77.250272,28.75518],[77.250269,28.75518],[77.250269,28.75518],[77.249955,28.755201],[77.249349,28.755241],[77.248903,28.755271],[77.2488,28.755278],[77.248783,28.755279],[77.248507,28.755371],[77.247931,28.755562],[77.245569,28.756479],[77.244923,28.75673],[77.243213,28.757545],[77.242593,28.757841],[77.240265,28.758857],[77.24006,28.758939],[77.239431,28.759191],[77.23887,28.759415],[77.238473,28.759635],[77.237578,28.760131],[77.237578,28.760131],[77.237016,28.760278],[77.236681,28.760366],[77.236355,28.760526],[77.235672,28.760862],[77.235562,28.760915],[77.235496,28.761808],[77.23571,28.762475],[77.235741,28.762571],[77.236149,28.76358],[77.235969,28.765446],[77.236082,28.766559],[77.236184,28.768199],[77.236173,28.76833],[77.23608,28.769405],[77.23606,28.769633],[77.235882,28.770733],[77.23565,28.770737],[77.235298,28.770742],[77.234437,28.770755],[77.233982,28.770762],[77.233176,28.770775],[77.231792,28.770791],[77.231866,28.771049],[77.231959,28.771373],[77.232101,28.771868],[77.23212,28.771935],[77.232132,28.772187],[77.232161,28.772829],[77.232107,28.772987],[77.232017,28.77325],[77.231866,28.773691],[77.23145,28.774415],[77.230163,28.774894],[77.228519,28.775542],[77.227782,28.77553],[77.226726,28.776012],[77.225354,28.776869],[77.224027,28.777103],[77.221868,28.777391],[77.222454,28.777716],[77.222538,28.777762],[77.222688,28.777846],[77.223204,28.778132],[77.229377,28.781178],[77.232356,28.782719],[77.233224,28.783203],[77.233932,28.783598],[77.234148,28.783718],[77.233203,28.784157],[77.232849,28.784321],[77.232812,28.784339],[77.231712,28.784903],[77.228535,28.786533],[77.226928,28.786241],[77.22429,28.785938],[77.221699,28.785636],[77.217341,28.785289],[77.216027,28.785199],[77.215207,28.785144],[77.214298,28.785236],[77.213339,28.785517],[77.211852,28.786332],[77.211123,28.786592],[77.21016,28.786947],[77.209498,28.787154],[77.209226,28.787267],[77.20865,28.787586],[77.208241,28.78783],[77.207924,28.788025],[77.207806,28.788131],[77.207806,28.788131],[77.207796,28.788141],[77.207792,28.788145],[77.207678,28.788247],[77.20764,28.788309],[77.207468,28.788478],[77.207318,28.788603],[77.207092,28.788731],[77.206631,28.788981],[77.206179,28.789273],[77.205546,28.789775],[77.205026,28.790182],[77.204705,28.790456],[77.20456,28.790543],[77.204517,28.790548],[77.204452,28.790551],[77.204358,28.790562],[77.204276,28.790584],[77.204206,28.790632],[77.204034,28.790819],[77.203848,28.791134],[77.203793,28.791228],[77.203761,28.791282],[77.203676,28.791397],[77.203571,28.791502],[77.203352,28.791639],[77.203017,28.791987],[77.202625,28.792462],[77.202305,28.792883],[77.202015,28.793322],[77.201572,28.793852],[77.201229,28.794328],[77.200997,28.794708],[77.200445,28.795496],[77.200169,28.795857],[77.199921,28.796219],[77.199661,28.79668],[77.199474,28.797142],[77.199422,28.797293],[77.199407,28.797336],[77.199398,28.797361],[77.199282,28.797695],[77.199253,28.797839],[77.199249,28.797855],[77.199191,28.798367],[77.199161,28.798887],[77.19913,28.799226],[77.199142,28.799763],[77.199151,28.799856],[77.199171,28.800073],[77.199225,28.800297],[77.199338,28.800621],[77.199346,28.800643],[77.199513,28.801112],[77.199671,28.801521],[77.199819,28.801871],[77.1999,28.802091],[77.20001,28.802557],[77.200029,28.803265],[77.200033,28.803412],[77.200044,28.803521],[77.200117,28.80426],[77.200153,28.804509],[77.200156,28.804554],[77.200182,28.805059],[77.200163,28.805324],[77.200154,28.805457],[77.200122,28.805561],[77.200106,28.805712],[77.200122,28.805957],[77.200168,28.806359],[77.200181,28.806603],[77.200194,28.80678],[77.200221,28.807081],[77.200239,28.80785],[77.20024,28.807912],[77.200244,28.808364],[77.200247,28.808587],[77.200295,28.809386],[77.200342,28.80966],[77.200553,28.810895],[77.200574,28.811019],[77.200851,28.811997],[77.200864,28.812232],[77.200865,28.812248],[77.20102,28.812493],[77.201254,28.812866],[77.201302,28.812941],[77.201622,28.812812],[77.201721,28.812772],[77.205596,28.811208],[77.207684,28.810676],[77.211567,28.809629],[77.211917,28.809535],[77.213439,28.809124],[77.215603,28.808634],[77.215619,28.808632],[77.216895,28.808494],[77.21776,28.8084],[77.218963,28.808239],[77.218995,28.808691],[77.219008,28.808884],[77.21901,28.80891],[77.219017,28.808999],[77.219038,28.809284],[77.219072,28.809751],[77.219104,28.810184],[77.219432,28.812025],[77.219541,28.81326],[77.219582,28.813717],[77.219639,28.814363],[77.219727,28.815355],[77.219922,28.816233],[77.220006,28.816612],[77.220006,28.816612],[77.220006,28.816612],[77.220008,28.816625],[77.220142,28.817532],[77.220166,28.817692],[77.220178,28.817877],[77.220179,28.817893],[77.220257,28.819142],[77.220323,28.819196],[77.221789,28.820377],[77.221888,28.820457],[77.222319,28.821115],[77.222599,28.822065],[77.222648,28.822231],[77.222724,28.822289],[77.223179,28.823102],[77.223683,28.823645],[77.223889,28.823978],[77.223889,28.823978],[77.224134,28.824491],[77.224259,28.824891],[77.224267,28.824918],[77.224393,28.825322],[77.224283,28.826119],[77.224238,28.8262],[77.223755,28.827071],[77.222871,28.828749],[77.222564,28.830084],[77.222696,28.831075],[77.223015,28.831933],[77.223058,28.83276],[77.222998,28.833382],[77.224279,28.832511],[77.227016,28.831123],[77.226024,28.830103],[77.227604,28.828208],[77.229054,28.826662],[77.228915,28.82601],[77.228756,28.824842],[77.228649,28.824109],[77.229298,28.823314],[77.230682,28.822627],[77.233484,28.822459],[77.236029,28.822801],[77.238084,28.823053],[77.240076,28.823359],[77.240867,28.823751],[77.242473,28.823454],[77.244938,28.82328],[77.247059,28.823289],[77.247491,28.823229],[77.248617,28.822741],[77.2488,28.822701],[77.249026,28.822653],[77.250728,28.823639],[77.250616,28.825264],[77.251562,28.825532],[77.251549,28.826136],[77.252376,28.826636],[77.252236,28.826936],[77.253061,28.827487],[77.253404,28.828382],[77.255003,28.83012],[77.256447,28.83199],[77.257915,28.834547],[77.258373,28.834505],[77.258909,28.833508],[77.259568,28.832982],[77.260455,28.832494],[77.261468,28.832344],[77.261825,28.832551],[77.263155,28.833597],[77.265117,28.833564],[77.266634,28.833891],[77.267748,28.833894],[77.268768,28.833827],[77.271339,28.833854],[77.272761,28.834147],[77.273811,28.834903],[77.274897,28.834921],[77.276306,28.834912],[77.277884,28.835039],[77.279971,28.834588],[77.281347,28.834343],[77.28283,28.833631],[77.28474,28.832489],[77.287266,28.831089],[77.289409,28.82975],[77.290892,28.829038],[77.292631,28.827893],[77.293174,28.827449],[77.292827,28.826772],[77.292626,28.825478],[77.292538,28.824302],[77.292694,28.822393],[77.292699,28.822158],[77.29318,28.821931],[77.293158,28.821193],[77.292878,28.819175],[77.292497,28.817425],[77.292532,28.815849],[77.292145,28.814349],[77.291648,28.813586],[77.292712,28.812833],[77.294485,28.811873],[77.297644,28.810216],[77.299766,28.80896],[77.298257,28.806553],[77.298644,28.806257],[77.298289,28.805077],[77.298163,28.80474],[77.297405,28.802832],[77.296455,28.800987],[77.297164,28.799909],[77.298586,28.79844],[77.299249,28.79773],[77.298538,28.797131],[77.299693,28.796547],[77.300892,28.795712],[77.300577,28.795321],[77.301815,28.794402],[77.302592,28.793728],[77.302416,28.793054],[77.303315,28.791979],[77.30462,28.790625],[77.306799,28.79202],[77.30941,28.793641],[77.311198,28.79461],[77.312598,28.795053],[77.313742,28.794955],[77.314295,28.794948],[77.315599,28.795372],[77.317599,28.795339],[77.319658,28.795222],[77.32011,28.79637],[77.320945,28.797357],[77.322097,28.798685],[77.323295,28.800516],[77.324194,28.802125],[77.325772,28.801346],[77.326289,28.80122],[77.327311,28.800617],[77.328567,28.800218],[77.32917,28.800061],[77.330932,28.79957],[77.333193,28.798954],[77.335128,28.798399],[77.33702,28.797173],[77.338371,28.796323],[77.339064,28.795999],[77.340022,28.795713],[77.340657,28.795405],[77.341352,28.79493],[77.342494,28.795871],[77.343015,28.795545],[77.343572,28.796225],[77.343781,28.797134],[77.34461,28.798423],[77.345449,28.800131],[77.346826,28.802535],[77.347543,28.803738],[77.348237,28.805997],[77.350425,28.805195],[77.352961,28.80418],[77.355077,28.802252],[77.357198,28.800124],[77.358757,28.798439],[77.359486,28.797293],[77.357696,28.795536],[77.358442,28.794458],[77.357941,28.793863],[77.35836,28.792947],[77.358134,28.791065],[77.359406,28.790348],[77.36039,28.789744],[77.360887,28.789651],[77.361836,28.788879],[77.36106,28.787776],[77.36251,28.786743],[77.363398,28.786137],[77.363876,28.786061],[77.366063,28.786181],[77.367768,28.786561],[77.369113,28.78603],[77.370491,28.784794],[77.3719,28.783878],[77.373533,28.783184],[77.374935,28.782603],[77.376488,28.782108],[77.378829,28.781207],[77.379544,28.781605],[77.380218,28.781264],[77.381754,28.780668],[77.382341,28.780829],[77.384744,28.7806],[77.386271,28.78044],[77.387766,28.779961],[77.388862,28.779426],[77.389565,28.779504],[77.391222,28.778575],[77.391993,28.778102],[77.392762,28.777779],[77.393931,28.777395],[77.395127,28.776643],[77.396407,28.778257],[77.39736,28.779095],[77.39849,28.7797],[77.400145,28.779761],[77.401325,28.779763],[77.40227,28.780131],[77.403455,28.780787],[77.404766,28.781848],[77.405991,28.782439],[77.405737,28.784581],[77.405679,28.786442],[77.40711,28.784331],[77.409933,28.782163],[77.410489,28.780851],[77.412137,28.780043],[77.414796,28.778338],[77.415986,28.778338],[77.416554,28.77858],[77.417213,28.778688],[77.417998,28.779623],[77.418518,28.775825],[77.419134,28.77164],[77.417998,28.76902],[77.419336,28.767235],[77.418787,28.766081],[77.41926,28.765564],[77.421477,28.763891]]]}},{"type":"Feature","properties":{"OBJECTID":2634,"state_lgd":"09","state_name":"UTTAR PRADESH","district_lgd":"140","district_name":"GHAZIABAD","district_name_source":"district_table","subdistrict_lgd":"738","subdistrict_name":"MODINAGAR","subdistrict_type":"Tehsil","name_corrupted":false,"remarks":""},"geometry":{"type":"Polygon","coordinates":[[[77.45693,28.926012],[77.458697,28.925353],[77.458088,28.923448],[77.458327,28.922915],[77.458832,28.922471],[77.459352,28.922194],[77.458415,28.921441],[77.45946,28.920653],[77.458876,28.920308],[77.459648,28.919851],[77.459109,28.919188],[77.458248,28.918437],[77.459006,28.917711],[77.458857,28.916619],[77.458874,28.915797],[77.459392,28.914682],[77.459817,28.913498],[77.460148,28.912212],[77.460267,28.91104],[77.460017,28.910231],[77.459593,28.909503],[77.458814,28.908468],[77.458044,28.907902],[77.457299,28.907991],[77.456801,28.908151],[77.456578,28.906844],[77.456562,28.906755],[77.457407,28.906467],[77.46006,28.906257],[77.462569,28.90566],[77.464581,28.905105],[77.466725,28.904652],[77.468812,28.904166],[77.470804,28.903677],[77.473065,28.903109],[77.474036,28.903141],[77.475039,28.90257],[77.475902,28.902299],[77.477312,28.902304],[77.479704,28.901788],[77.481634,28.901534],[77.483913,28.901016],[77.485464,28.899716],[77.486341,28.898723],[77.48739,28.89775],[77.488568,28.896964],[77.489724,28.896361],[77.491718,28.895755],[77.493116,28.895408],[77.493972,28.896428],[77.494787,28.896642],[77.496144,28.897418],[77.497524,28.897976],[77.498766,28.899296],[77.500476,28.900973],[77.500558,28.901054],[77.501134,28.901114],[77.502365,28.900425],[77.503116,28.899787],[77.504527,28.898795],[77.504858,28.898533],[77.505336,28.89854],[77.506077,28.89814],[77.506484,28.897888],[77.507026,28.897381],[77.507896,28.89683],[77.50887,28.896223],[77.50893,28.896186],[77.509993,28.895696],[77.511091,28.895139],[77.512001,28.894694],[77.512552,28.895268],[77.513048,28.894903],[77.513567,28.894462],[77.514131,28.893964],[77.514451,28.89371],[77.514806,28.893878],[77.515281,28.893513],[77.516019,28.893346],[77.516668,28.892973],[77.517063,28.89274],[77.517631,28.892586],[77.517965,28.892735],[77.518679,28.893435],[77.518905,28.893534],[77.519484,28.893274],[77.519745,28.893287],[77.520183,28.893619],[77.520408,28.893958],[77.520707,28.893513],[77.521312,28.89313],[77.522247,28.892571],[77.523072,28.892029],[77.523586,28.891629],[77.523774,28.891422],[77.524119,28.891561],[77.524423,28.891585],[77.524875,28.891267],[77.525273,28.89089],[77.525757,28.890611],[77.526381,28.890382],[77.527155,28.890221],[77.527765,28.890116],[77.528482,28.889899],[77.528942,28.889734],[77.529259,28.889494],[77.52956,28.889266],[77.530011,28.888976],[77.53055,28.888621],[77.530892,28.888349],[77.531188,28.888229],[77.531527,28.888129],[77.53177,28.888439],[77.532163,28.888378],[77.532785,28.888235],[77.533426,28.888216],[77.533577,28.888285],[77.533708,28.888756],[77.534137,28.888829],[77.534833,28.88883],[77.535576,28.888593],[77.536376,28.888252],[77.536816,28.887943],[77.537007,28.888185],[77.537587,28.889045],[77.53769,28.889352],[77.538346,28.889124],[77.539164,28.888707],[77.539448,28.88917],[77.539445,28.889323],[77.540272,28.88925],[77.541613,28.889012],[77.541752,28.889119],[77.542183,28.889843],[77.542783,28.889699],[77.54314,28.889601],[77.54348,28.889969],[77.543966,28.891191],[77.544702,28.892436],[77.545207,28.893276],[77.545913,28.894268],[77.5465,28.895358],[77.547046,28.895185],[77.548077,28.894722],[77.548524,28.894605],[77.549165,28.895141],[77.55037,28.896326],[77.550744,28.896549],[77.550977,28.896265],[77.551413,28.89567],[77.551834,28.895265],[77.55232,28.894851],[77.553714,28.893937],[77.554915,28.893066],[77.555653,28.892571],[77.556341,28.892183],[77.556974,28.892011],[77.55783,28.891574],[77.558504,28.891011],[77.55919,28.89039],[77.559333,28.890296],[77.56003,28.890766],[77.560777,28.890318],[77.562139,28.889329],[77.562952,28.888854],[77.563662,28.888644],[77.564545,28.888486],[77.565212,28.888257],[77.565986,28.888154],[77.567627,28.887864],[77.568717,28.88768],[77.569241,28.887554],[77.570038,28.887346],[77.570681,28.887241],[77.571417,28.887148],[77.572319,28.887105],[77.573088,28.88725],[77.573971,28.887627],[77.575023,28.888245],[77.576156,28.889219],[77.576776,28.889716],[77.577986,28.890372],[77.57948,28.891198],[77.580553,28.891884],[77.581469,28.892545],[77.58205,28.892831],[77.582615,28.89283],[77.583041,28.892703],[77.584184,28.892022],[77.585131,28.891386],[77.585811,28.890929],[77.586205,28.890589],[77.586724,28.889767],[77.586876,28.88865],[77.586807,28.88776],[77.586771,28.886784],[77.586629,28.88517],[77.58645,28.884298],[77.58644,28.883714],[77.586505,28.88316],[77.586578,28.882741],[77.586793,28.882294],[77.587513,28.880998],[77.588074,28.880117],[77.589499,28.87824],[77.59045,28.876801],[77.591009,28.875977],[77.591592,28.875531],[77.592163,28.875196],[77.592874,28.874948],[77.593907,28.874897],[77.594546,28.874954],[77.59504,28.875258],[77.595482,28.875418],[77.595974,28.875253],[77.596405,28.875441],[77.596657,28.875598],[77.596938,28.87566],[77.597145,28.875625],[77.597615,28.875498],[77.598015,28.875571],[77.598907,28.876101],[77.599954,28.876432],[77.600729,28.876769],[77.601368,28.876855],[77.602637,28.876386],[77.603559,28.875912],[77.604829,28.875587],[77.605546,28.87555],[77.606099,28.875625],[77.606623,28.876063],[77.607619,28.877341],[77.608234,28.878115],[77.608935,28.87781],[77.610122,28.877053],[77.611157,28.876361],[77.612604,28.8754],[77.613436,28.876225],[77.614264,28.877194],[77.615355,28.878498],[77.615707,28.878867],[77.616177,28.878702],[77.617081,28.87969],[77.618076,28.880945],[77.618721,28.880754],[77.619989,28.880333],[77.621146,28.880015],[77.62168,28.879841],[77.622704,28.879742],[77.623994,28.879841],[77.625615,28.879782],[77.627001,28.87972],[77.628291,28.879781],[77.630146,28.879787],[77.632283,28.879695],[77.633291,28.879772],[77.634208,28.879723],[77.634921,28.879799],[77.635788,28.879895],[77.636349,28.880027],[77.637012,28.879727],[77.637821,28.87916],[77.638057,28.879081],[77.63829,28.879187],[77.6386,28.878902],[77.639109,28.879324],[77.639794,28.879085],[77.640397,28.879446],[77.641451,28.880847],[77.642309,28.881888],[77.643522,28.880483],[77.643803,28.880769],[77.645133,28.879869],[77.645964,28.879266],[77.646442,28.878902],[77.647059,28.879222],[77.647635,28.878994],[77.648618,28.878637],[77.649233,28.878142],[77.649865,28.877662],[77.650417,28.877438],[77.650861,28.877104],[77.651625,28.876774],[77.652188,28.876352],[77.651402,28.875214],[77.652472,28.874666],[77.653201,28.874195],[77.654292,28.873499],[77.653549,28.872747],[77.652344,28.871484],[77.6521,28.87125],[77.652977,28.870269],[77.653324,28.8706],[77.653803,28.870192],[77.653033,28.869099],[77.654352,28.868444],[77.655217,28.868071],[77.655791,28.868895],[77.656366,28.868725],[77.656614,28.868981],[77.657174,28.868722],[77.657271,28.868931],[77.658284,28.868738],[77.65914,28.868519],[77.659839,28.868443],[77.659952,28.868572],[77.661173,28.868183],[77.661132,28.868793],[77.662309,28.869192],[77.662712,28.869274],[77.663291,28.869206],[77.664045,28.86909],[77.665,28.870529],[77.66604,28.872046],[77.666967,28.87346],[77.667614,28.874069],[77.668474,28.874438],[77.669298,28.875188],[77.669495,28.875445],[77.670529,28.875766],[77.671518,28.876228],[77.6731,28.876582],[77.67402,28.876825],[77.675722,28.876951],[77.677483,28.877053],[77.679157,28.877128],[77.680168,28.877143],[77.680752,28.87682],[77.681406,28.875079],[77.68185,28.874551],[77.682952,28.874312],[77.684834,28.874085],[77.685563,28.873739],[77.686624,28.872609],[77.686776,28.872055],[77.686887,28.870882],[77.686924,28.87045],[77.687244,28.868664],[77.687342,28.866477],[77.687454,28.865129],[77.687417,28.864009],[77.687257,28.863294],[77.68716,28.862317],[77.687315,28.861785],[77.687932,28.861208],[77.688812,28.860508],[77.689772,28.86014],[77.690451,28.859361],[77.691303,28.858559],[77.691917,28.858211],[77.693138,28.85804],[77.693577,28.85769],[77.695352,28.857028],[77.696577,28.856384],[77.697574,28.855584],[77.699488,28.8536],[77.699902,28.853097],[77.699802,28.850703],[77.699666,28.848759],[77.699693,28.847898],[77.699068,28.846999],[77.698422,28.845986],[77.697847,28.845189],[77.69691,28.843889],[77.696748,28.843635],[77.695703,28.843035],[77.694744,28.84246],[77.695691,28.841291],[77.696115,28.840647],[77.696865,28.839234],[77.697555,28.837916],[77.69785,28.837376],[77.698161,28.836551],[77.698132,28.836195],[77.697786,28.834997],[77.697787,28.834328],[77.697635,28.833631],[77.697488,28.833242],[77.696271,28.831611],[77.69575,28.830729],[77.695147,28.829565],[77.694599,28.828446],[77.693795,28.827009],[77.693372,28.826217],[77.692247,28.824242],[77.692031,28.823766],[77.692635,28.823208],[77.693555,28.822456],[77.694549,28.821744],[77.695295,28.821233],[77.696447,28.820451],[77.697796,28.819464],[77.698727,28.818751],[77.700057,28.817769],[77.701106,28.817108],[77.70192,28.816685],[77.703092,28.81614],[77.70449,28.815528],[77.705113,28.815273],[77.704637,28.814666],[77.705443,28.813984],[77.705924,28.813661],[77.705685,28.813399],[77.706367,28.81298],[77.706778,28.812716],[77.707125,28.81254],[77.707425,28.812511],[77.7078,28.812538],[77.708507,28.812796],[77.708921,28.813022],[77.709207,28.813125],[77.709419,28.813128],[77.709528,28.812998],[77.709229,28.812592],[77.708807,28.812113],[77.708479,28.811607],[77.708067,28.811579],[77.707859,28.811356],[77.708089,28.811063],[77.707771,28.810728],[77.707575,28.810483],[77.707388,28.810475],[77.707243,28.810242],[77.707213,28.810131],[77.707335,28.809995],[77.707805,28.809568],[77.707683,28.809373],[77.707893,28.809195],[77.707755,28.808549],[77.707393,28.807493],[77.707287,28.807134],[77.707465,28.80701],[77.707375,28.806464],[77.707251,28.805708],[77.7072,28.805103],[77.707167,28.804183],[77.707108,28.803308],[77.706835,28.802902],[77.707381,28.802398],[77.707601,28.802011],[77.70772,28.801793],[77.707765,28.801425],[77.70761,28.800999],[77.707443,28.800584],[77.707962,28.800217],[77.708606,28.799841],[77.708744,28.799612],[77.708484,28.798987],[77.708218,28.798515],[77.707552,28.797378],[77.707304,28.796956],[77.707022,28.796985],[77.706424,28.796206],[77.706137,28.79585],[77.705822,28.795334],[77.705357,28.794827],[77.705035,28.794481],[77.705401,28.794151],[77.705551,28.793779],[77.7057,28.793511],[77.705871,28.793349],[77.706098,28.793231],[77.706207,28.7931],[77.706356,28.792805],[77.706426,28.792405],[77.706554,28.7919],[77.706782,28.791381],[77.707011,28.790801],[77.707305,28.790437],[77.707618,28.790067],[77.707736,28.789926],[77.707988,28.789643],[77.707642,28.78911],[77.70719,28.788586],[77.706227,28.787626],[77.705694,28.787074],[77.705149,28.786505],[77.704916,28.786601],[77.704139,28.787074],[77.703869,28.787163],[77.70366,28.786984],[77.703237,28.786511],[77.702722,28.786036],[77.702567,28.785945],[77.70204,28.786103],[77.701559,28.785738],[77.700576,28.78486],[77.699697,28.784138],[77.698671,28.783215],[77.698057,28.782612],[77.696924,28.781457],[77.696327,28.780634],[77.695645,28.779711],[77.695294,28.779068],[77.694942,28.778535],[77.694438,28.77812],[77.693844,28.777782],[77.693387,28.777511],[77.69281,28.776963],[77.692381,28.77655],[77.692123,28.776337],[77.691852,28.776102],[77.691313,28.775953],[77.690861,28.775692],[77.690591,28.775402],[77.690686,28.77504],[77.690039,28.774614],[77.688145,28.775301],[77.686863,28.775777],[77.685982,28.776106],[77.685604,28.776276],[77.685024,28.776324],[77.684576,28.775172],[77.684761,28.774635],[77.684654,28.774337],[77.684163,28.773845],[77.683624,28.773332],[77.683163,28.772599],[77.682937,28.771968],[77.682944,28.771616],[77.68306,28.77142],[77.683525,28.771272],[77.684005,28.770982],[77.684413,28.770537],[77.684454,28.770306],[77.684271,28.770095],[77.684251,28.769841],[77.684354,28.769634],[77.684621,28.769429],[77.684726,28.769155],[77.684785,28.768628],[77.684696,28.768076],[77.684553,28.7677],[77.684245,28.767475],[77.683743,28.767111],[77.683231,28.766933],[77.682936,28.766653],[77.682211,28.766015],[77.681806,28.765635],[77.681407,28.76498],[77.681119,28.764338],[77.680813,28.763982],[77.680285,28.763501],[77.679603,28.762765],[77.680322,28.762214],[77.681575,28.761286],[77.682349,28.76067],[77.682655,28.760338],[77.682797,28.760043],[77.682791,28.75973],[77.682589,28.759166],[77.682391,28.758744],[77.682277,28.758473],[77.68228,28.758308],[77.682422,28.758074],[77.682771,28.757804],[77.683521,28.757418],[77.683667,28.757272],[77.6837,28.757157],[77.683666,28.757002],[77.683293,28.756595],[77.683152,28.756439],[77.683117,28.756318],[77.683252,28.756072],[77.683666,28.755676],[77.684107,28.755138],[77.684191,28.754952],[77.684175,28.754825],[77.684048,28.754581],[77.683547,28.754002],[77.683439,28.753775],[77.683808,28.753395],[77.684516,28.752916],[77.68514,28.752606],[77.685797,28.75223],[77.685993,28.752068],[77.6862,28.751713],[77.686253,28.751538],[77.686571,28.751185],[77.687305,28.750706],[77.68803,28.750287],[77.688266,28.750037],[77.689064,28.749405],[77.688926,28.749269],[77.689425,28.748752],[77.689809,28.748303],[77.690055,28.748066],[77.68986,28.747606],[77.689788,28.747198],[77.689663,28.746796],[77.68943,28.74637],[77.689251,28.746011],[77.689463,28.745813],[77.689827,28.745567],[77.689788,28.745506],[77.689504,28.745263],[77.688823,28.744687],[77.689883,28.743695],[77.690144,28.743415],[77.689862,28.743325],[77.689443,28.743302],[77.689033,28.743429],[77.688529,28.743832],[77.687823,28.743239],[77.687091,28.74342],[77.686251,28.742662],[77.685573,28.742118],[77.684672,28.741157],[77.684385,28.740722],[77.683917,28.73993],[77.683551,28.739549],[77.682699,28.73866],[77.682435,28.738279],[77.682218,28.737932],[77.68211,28.737381],[77.682249,28.736693],[77.682753,28.735838],[77.683257,28.735256],[77.683267,28.734643],[77.682998,28.734124],[77.682279,28.733267],[77.682136,28.732917],[77.682136,28.732452],[77.682525,28.731426],[77.68285,28.730822],[77.683352,28.729967],[77.683856,28.729078],[77.683851,28.728728],[77.683779,28.727501],[77.683577,28.726581],[77.683132,28.726581],[77.683024,28.726328],[77.683096,28.725852],[77.682738,28.725598],[77.68318,28.724837],[77.682738,28.724508],[77.682582,28.724264],[77.682234,28.724106],[77.68185,28.724562],[77.68131,28.725133],[77.680685,28.725577],[77.679859,28.726053],[77.679636,28.725947],[77.679242,28.726073],[77.67827,28.726876],[77.677047,28.725491],[77.675716,28.726707],[77.675529,28.726581],[77.674882,28.726073],[77.674283,28.725322],[77.672105,28.723725],[77.670688,28.723048],[77.670222,28.722687],[77.669992,28.722935],[77.669357,28.723643],[77.668246,28.725314],[77.667071,28.727175],[77.666388,28.727915],[77.665871,28.728273],[77.665477,28.728549],[77.665062,28.729036],[77.663839,28.730242],[77.662062,28.731679],[77.661504,28.732166],[77.660811,28.73247],[77.659695,28.732883],[77.659132,28.733167],[77.657788,28.733634],[77.65605,28.73433],[77.655774,28.733897],[77.654822,28.734432],[77.65441,28.734001],[77.654123,28.733576],[77.649985,28.733851],[77.649371,28.732856],[77.648366,28.731631],[77.647795,28.730766],[77.648264,28.730426],[77.647916,28.729961],[77.647522,28.730121],[77.64733,28.729878],[77.646501,28.730078],[77.645639,28.728321],[77.644949,28.727326],[77.644314,28.727707],[77.643414,28.726089],[77.643306,28.725782],[77.642017,28.724925],[77.641513,28.724503],[77.640866,28.723898],[77.640469,28.724448],[77.640085,28.723995],[77.639527,28.724543],[77.638705,28.725147],[77.638447,28.725395],[77.638286,28.725702],[77.638104,28.726351],[77.637806,28.727208],[77.637573,28.727813],[77.637281,28.728358],[77.638517,28.729067],[77.638668,28.729304],[77.637738,28.729899],[77.63738,28.730195],[77.637104,28.730485],[77.636533,28.730043],[77.635587,28.729046],[77.634789,28.728373],[77.632957,28.726692],[77.632671,28.726478],[77.631058,28.727788],[77.630554,28.728184],[77.6301,28.728491],[77.629824,28.728628],[77.628511,28.729453],[77.627566,28.73001],[77.626936,28.730459],[77.626017,28.731025],[77.625784,28.731207],[77.62514,28.730131],[77.624565,28.729373],[77.623686,28.728181],[77.623581,28.728105],[77.623312,28.727949],[77.622969,28.72769],[77.622649,28.727456],[77.62237,28.727302],[77.622201,28.727169],[77.621881,28.726937],[77.621704,28.726791],[77.6215,28.726637],[77.621282,28.726565],[77.620962,28.726344],[77.620768,28.726195],[77.620555,28.726058],[77.619897,28.725548],[77.619687,28.7254],[77.619485,28.725242],[77.619073,28.724904],[77.618904,28.724798],[77.618768,28.724656],[77.618443,28.724408],[77.617593,28.723754],[77.617393,28.723646],[77.61723,28.723501],[77.616799,28.72312],[77.616656,28.723154],[77.616019,28.723362],[77.615569,28.723619],[77.615464,28.723471],[77.615231,28.723265],[77.615087,28.723173],[77.614783,28.722841],[77.61453,28.722999],[77.614005,28.723383],[77.613785,28.723548],[77.613447,28.723695],[77.613133,28.723907],[77.612782,28.724022],[77.612429,28.724212],[77.61214,28.724381],[77.611549,28.724631],[77.611176,28.72476],[77.610853,28.724882],[77.610523,28.724972],[77.610198,28.725088],[77.609861,28.725124],[77.609546,28.72521],[77.609229,28.725327],[77.608914,28.725442],[77.608589,28.725605],[77.608287,28.725776],[77.607949,28.725928],[77.607681,28.726115],[77.607131,28.726591],[77.606847,28.726767],[77.606517,28.726975],[77.606187,28.727241],[77.605816,28.727485],[77.605148,28.727807],[77.604654,28.728058],[77.60426,28.72836],[77.604324,28.728622],[77.604337,28.729066],[77.604378,28.729382],[77.604268,28.729709],[77.604118,28.730282],[77.603862,28.730713],[77.603292,28.731722],[77.603008,28.7322],[77.602727,28.732789],[77.602409,28.73333],[77.602189,28.733738],[77.601954,28.733994],[77.601762,28.734388],[77.601496,28.73456],[77.601159,28.734785],[77.600849,28.734919],[77.600478,28.735149],[77.600214,28.735368],[77.599933,28.735582],[77.599575,28.735837],[77.599135,28.73611],[77.598728,28.736257],[77.5983,28.736426],[77.597868,28.73655],[77.597535,28.736722],[77.597041,28.736884],[77.596663,28.736988],[77.596345,28.737146],[77.595547,28.737476],[77.594774,28.737753],[77.593116,28.738309],[77.592668,28.738467],[77.592277,28.738607],[77.591877,28.738704],[77.591629,28.738765],[77.591271,28.738934],[77.590961,28.739155],[77.590611,28.739331],[77.590322,28.739543],[77.590058,28.739712],[77.589633,28.739913],[77.589324,28.74015],[77.588937,28.740407],[77.588712,28.74059],[77.588359,28.74082],[77.588003,28.741075],[77.58763,28.741247],[77.587292,28.741427],[77.586969,28.74133],[77.58666,28.741315],[77.586294,28.74124],[77.585951,28.741524],[77.585621,28.741725],[77.585352,28.741931],[77.585078,28.742192],[77.584748,28.742465],[77.584431,28.742619],[77.584203,28.74288],[77.583914,28.743189],[77.584093,28.743835],[77.584183,28.744234],[77.584272,28.74466],[77.58439,28.74498],[77.584452,28.745377],[77.58437,28.745673],[77.584232,28.745977],[77.584065,28.746323],[77.583915,28.746641],[77.583764,28.74697],[77.583584,28.747326],[77.583426,28.747631],[77.583336,28.747863],[77.58306,28.748211],[77.582776,28.748694],[77.582666,28.749156],[77.582623,28.74958],[77.582748,28.750054],[77.581407,28.750566],[77.581541,28.751496],[77.581342,28.75223],[77.581354,28.752746],[77.580942,28.752731],[77.58046,28.752972],[77.580015,28.753511],[77.579148,28.753449],[77.578425,28.753257],[77.578245,28.753044],[77.577971,28.752599],[77.577544,28.752249],[77.576363,28.751618],[77.575739,28.751341],[77.574502,28.750951],[77.573534,28.750496],[77.572313,28.750238],[77.571758,28.750852],[77.571026,28.751825],[77.570486,28.75284],[77.569985,28.753464],[77.569557,28.753725],[77.56882,28.75425],[77.567748,28.755369],[77.567328,28.755764],[77.566484,28.756191],[77.565355,28.756777],[77.563985,28.757614],[77.564448,28.75832],[77.564563,28.759096],[77.564615,28.759772],[77.564288,28.760408],[77.563775,28.761118],[77.564513,28.761665],[77.564905,28.762111],[77.563837,28.762905],[77.564208,28.763341],[77.564266,28.763734],[77.564231,28.763848],[77.563878,28.764139],[77.5639,28.764675],[77.563882,28.765074],[77.564402,28.765703],[77.56461,28.766146],[77.564672,28.766836],[77.564826,28.768374],[77.564538,28.768686],[77.563527,28.76933],[77.563574,28.769685],[77.562817,28.770094],[77.563485,28.770889],[77.564504,28.77203],[77.564756,28.772613],[77.563892,28.773379],[77.563167,28.773827],[77.561692,28.774987],[77.56135,28.774733],[77.561029,28.775073],[77.560937,28.774765],[77.560532,28.774931],[77.560602,28.775229],[77.558812,28.776357],[77.558209,28.776108],[77.557167,28.776685],[77.555795,28.777619],[77.555051,28.777914],[77.5539,28.778528],[77.552251,28.779705],[77.551916,28.779633],[77.551066,28.780395],[77.550538,28.780702],[77.550798,28.781196],[77.551182,28.781537],[77.551768,28.782119],[77.551872,28.78236],[77.551111,28.783052],[77.549971,28.784182],[77.548762,28.785003],[77.54782,28.785447],[77.547064,28.785831],[77.546309,28.786183],[77.545714,28.786613],[77.54493,28.78729],[77.544288,28.785866],[77.543545,28.786104],[77.542452,28.784882],[77.541636,28.783836],[77.540962,28.782938],[77.539896,28.783611],[77.539254,28.783953],[77.539205,28.783905],[77.539036,28.783714],[77.538799,28.783439],[77.538509,28.783095],[77.538345,28.782879],[77.538273,28.782814],[77.537967,28.782617],[77.537872,28.782545],[77.537845,28.782518],[77.537693,28.78236],[77.537389,28.78195],[77.537306,28.781829],[77.537111,28.781545],[77.537089,28.781514],[77.536924,28.781313],[77.536709,28.781053],[77.536693,28.78103],[77.536611,28.780914],[77.53647,28.780653],[77.536436,28.78059],[77.536265,28.780472],[77.536223,28.780448],[77.535675,28.780138],[77.534977,28.77973],[77.53483,28.77964],[77.534371,28.779361],[77.534291,28.779312],[77.533722,28.778947],[77.533633,28.778896],[77.533606,28.778881],[77.533587,28.77887],[77.533331,28.778723],[77.533177,28.778653],[77.533124,28.778628],[77.532835,28.778752],[77.532484,28.778901],[77.532458,28.778913],[77.532448,28.778917],[77.532407,28.778903],[77.532329,28.77888],[77.532278,28.778892],[77.532197,28.778929],[77.532117,28.778966],[77.531962,28.779044],[77.531943,28.779053],[77.531914,28.779063],[77.531877,28.779074],[77.53166,28.779142],[77.531391,28.779225],[77.531045,28.779344],[77.530983,28.779368],[77.530595,28.779519],[77.530455,28.779567],[77.530184,28.779658],[77.529843,28.77976],[77.52958,28.779847],[77.529409,28.779911],[77.52935,28.779933],[77.529007,28.780115],[77.52876,28.780242],[77.528691,28.780281],[77.528684,28.780277],[77.528684,28.780263],[77.528689,28.780244],[77.528681,28.780217],[77.528668,28.780205],[77.528653,28.780201],[77.528579,28.780225],[77.528286,28.780355],[77.528179,28.780398],[77.528164,28.780394],[77.528062,28.780255],[77.527994,28.780177],[77.527641,28.77976],[77.527421,28.779536],[77.527342,28.779464],[77.527298,28.779476],[77.527094,28.779531],[77.526897,28.779583],[77.526679,28.779653],[77.526488,28.77973],[77.526452,28.779744],[77.526362,28.779783],[77.526277,28.779709],[77.526263,28.779711],[77.526167,28.779775],[77.526003,28.779886],[77.525853,28.779979],[77.52579,28.780014],[77.52577,28.780021],[77.525755,28.780016],[77.525745,28.780007],[77.52573,28.779993],[77.525709,28.779973],[77.525595,28.779865],[77.525584,28.779863],[77.525562,28.779875],[77.525455,28.779942],[77.525242,28.780077],[77.525169,28.780115],[77.52515,28.780122],[77.525125,28.780112],[77.525055,28.780062],[77.524512,28.779635],[77.524328,28.779472],[77.524217,28.779356],[77.523936,28.779065],[77.523823,28.778961],[77.52378,28.778921],[77.523612,28.779034],[77.523461,28.77888],[77.523267,28.778653],[77.523129,28.778731],[77.523006,28.778623],[77.522926,28.778561],[77.522914,28.778552],[77.522641,28.778458],[77.522322,28.778388],[77.522255,28.778365],[77.522175,28.778352],[77.522058,28.778349],[77.52202,28.778352],[77.521747,28.778374],[77.521684,28.778391],[77.521652,28.7784],[77.521632,28.778405],[77.521629,28.778406],[77.521335,28.778494],[77.520909,28.778638],[77.520741,28.778708],[77.520693,28.77858],[77.519618,28.778709],[77.518893,28.778602],[77.518539,28.778415],[77.518518,28.778395],[77.518551,28.778307],[77.518608,28.778161],[77.518724,28.777751],[77.518836,28.777331],[77.518839,28.777321],[77.519057,28.776631],[77.519338,28.775735],[77.519538,28.775132],[77.519712,28.774522],[77.519855,28.774049],[77.519947,28.773766],[77.520016,28.773552],[77.52016,28.773106],[77.520117,28.773063],[77.51948,28.772427],[77.519246,28.77217],[77.519251,28.772168],[77.520054,28.771616],[77.520521,28.771068],[77.519872,28.770389],[77.521424,28.76926],[77.522469,28.768568],[77.523355,28.768063],[77.52371,28.76786],[77.525252,28.767224],[77.524986,28.766417],[77.524864,28.765444],[77.525322,28.765307],[77.525741,28.764443],[77.526294,28.763361],[77.526667,28.762031],[77.526368,28.761787],[77.526693,28.761276],[77.526874,28.760353],[77.527598,28.759963],[77.528041,28.760065],[77.529325,28.76041],[77.529993,28.760679],[77.531117,28.76017],[77.531842,28.759958],[77.53129,28.759424],[77.530651,28.758802],[77.530368,28.758427],[77.530494,28.758094],[77.530534,28.757703],[77.53064,28.757283],[77.530655,28.757073],[77.530811,28.756865],[77.531001,28.756581],[77.531202,28.756335],[77.531762,28.755971],[77.532301,28.755597],[77.532543,28.755457],[77.532907,28.755137],[77.533304,28.754837],[77.53361,28.754737],[77.534236,28.754373],[77.534789,28.753846],[77.535281,28.754088],[77.536133,28.754904],[77.536393,28.754918],[77.536644,28.754836],[77.537258,28.75451],[77.537575,28.754401],[77.53782,28.754653],[77.538795,28.754161],[77.539112,28.754615],[77.540187,28.75402],[77.541002,28.753439],[77.541407,28.753074],[77.541797,28.753147],[77.54228,28.752858],[77.540875,28.751497],[77.5418,28.750775],[77.542739,28.749938],[77.543059,28.749685],[77.543722,28.749955],[77.543906,28.749801],[77.544106,28.749723],[77.544695,28.749484],[77.544815,28.749441],[77.544966,28.749488],[77.545237,28.749461],[77.545675,28.749227],[77.545826,28.749179],[77.545954,28.749078],[77.546064,28.749053],[77.546722,28.748654],[77.546784,28.748288],[77.546515,28.747763],[77.546377,28.747472],[77.546231,28.747233],[77.545978,28.746917],[77.545798,28.746689],[77.545591,28.746416],[77.545473,28.746129],[77.545253,28.745789],[77.545082,28.74548],[77.544826,28.745166],[77.544634,28.744893],[77.544406,28.744602],[77.544248,28.744345],[77.544048,28.744072],[77.543813,28.743759],[77.543613,28.74354],[77.543414,28.743242],[77.543181,28.74298],[77.542979,28.742725],[77.54249,28.742211],[77.542234,28.741938],[77.541924,28.741536],[77.54175,28.741324],[77.541164,28.740562],[77.54077,28.740117],[77.540555,28.739919],[77.540625,28.7397],[77.54088,28.739524],[77.54118,28.739423],[77.541067,28.7391],[77.540873,28.738782],[77.540474,28.737905],[77.540177,28.737866],[77.539762,28.737891],[77.539391,28.737898],[77.539054,28.737776],[77.538764,28.737685],[77.538076,28.737579],[77.537283,28.737512],[77.536904,28.737475],[77.536482,28.737432],[77.535778,28.737356],[77.535343,28.737252],[77.534895,28.737101],[77.534496,28.737107],[77.534145,28.737125],[77.533751,28.737037],[77.533318,28.737281],[77.533083,28.737481],[77.532794,28.737644],[77.532525,28.737858],[77.532195,28.738095],[77.531808,28.738277],[77.531347,28.738591],[77.530897,28.738875],[77.530579,28.739082],[77.530264,28.73929],[77.529883,28.739533],[77.529125,28.740047],[77.52856,28.740406],[77.528007,28.740746],[77.52762,28.740855],[77.527262,28.740676],[77.526904,28.740469],[77.526622,28.740221],[77.526436,28.740002],[77.526228,28.73974],[77.526021,28.739485],[77.52585,28.739178],[77.525545,28.738892],[77.525394,28.738673],[77.525215,28.738332],[77.524995,28.738059],[77.524803,28.737759],[77.524596,28.737502],[77.524397,28.737333],[77.52419,28.737071],[77.523982,28.736762],[77.523563,28.73629],[77.523066,28.736383],[77.522611,28.736443],[77.522321,28.736466],[77.521915,28.736509],[77.521508,28.736533],[77.521108,28.736553],[77.520742,28.736578],[77.520335,28.736596],[77.519921,28.736632],[77.519632,28.736792],[77.519342,28.736943],[77.519025,28.737092],[77.51848,28.737468],[77.51819,28.737701],[77.517888,28.737937],[77.517604,28.738095],[77.517425,28.738258],[77.516286,28.739178],[77.515625,28.739737],[77.514921,28.740111],[77.514529,28.74028],[77.514197,28.740377],[77.513736,28.740498],[77.513308,28.74053],[77.512351,28.74064],[77.511949,28.740773],[77.511578,28.74087],[77.511297,28.740998],[77.511005,28.741192],[77.510854,28.741343],[77.510626,28.741576],[77.510357,28.741842],[77.510006,28.742038],[77.509648,28.742189],[77.509343,28.742322],[77.508977,28.742364],[77.508606,28.742425],[77.50826,28.742452],[77.507917,28.742466],[77.507467,28.742488],[77.507088,28.742585],[77.50673,28.742742],[77.50642,28.742882],[77.506141,28.742979],[77.506343,28.742776],[77.506523,28.742575],[77.506745,28.742339],[77.506917,28.742077],[77.50693,28.741919],[77.507019,28.74173],[77.507247,28.74145],[77.50744,28.741119],[77.507627,28.740832],[77.507806,28.74062],[77.508013,28.740347],[77.507834,28.739982],[77.507676,28.739341],[77.50753,28.739084],[77.507305,28.738581],[77.507244,28.738317],[77.507098,28.738055],[77.506981,28.73769],[77.506837,28.737471],[77.50663,28.737227],[77.506326,28.73655],[77.506127,28.736275],[77.505886,28.735995],[77.505687,28.735761],[77.505403,28.735481],[77.505052,28.735208],[77.504825,28.734971],[77.504515,28.734781],[77.504239,28.734578],[77.503942,28.734388],[77.503592,28.734158],[77.503295,28.733993],[77.502993,28.733799],[77.50295,28.733771],[77.502814,28.73368],[77.502561,28.733549],[77.502379,28.733468],[77.502261,28.733409],[77.501943,28.733248],[77.500511,28.732526],[77.498727,28.732552],[77.49835,28.732436],[77.498298,28.732426],[77.498249,28.732553],[77.498232,28.732607],[77.498219,28.732661],[77.498211,28.732717],[77.498211,28.732732],[77.498213,28.732747],[77.498218,28.732761],[77.498225,28.732775],[77.498234,28.732787],[77.49824,28.732794],[77.498248,28.732801],[77.498306,28.732855],[77.498368,28.732907],[77.498455,28.732994],[77.498546,28.733077],[77.498608,28.733138],[77.498665,28.733202],[77.498752,28.733309],[77.498841,28.733415],[77.499077,28.733772],[77.499233,28.734009],[77.499284,28.734086],[77.499483,28.734395],[77.49945,28.734585],[77.499264,28.735069],[77.498886,28.735859],[77.498695,28.736157],[77.498464,28.736471],[77.498227,28.736764],[77.498215,28.736777],[77.498206,28.736791],[77.498199,28.736807],[77.498196,28.736823],[77.498197,28.73684],[77.4982,28.736856],[77.498206,28.736871],[77.498216,28.736885],[77.498244,28.73691],[77.498726,28.737323],[77.498851,28.737429],[77.498874,28.737448],[77.498882,28.737459],[77.498887,28.73747],[77.498891,28.737481],[77.498892,28.737493],[77.498892,28.737505],[77.49889,28.737517],[77.498885,28.737529],[77.498879,28.73754],[77.498871,28.73755],[77.498861,28.737558],[77.498658,28.737746],[77.498549,28.73786],[77.498249,28.738306],[77.498117,28.738624],[77.497941,28.738796],[77.497764,28.738964],[77.497461,28.739216],[77.497265,28.739413],[77.497249,28.73943],[77.497236,28.739448],[77.497227,28.739469],[77.497222,28.73949],[77.497221,28.739513],[77.497224,28.739535],[77.497231,28.739557],[77.497243,28.739577],[77.497258,28.739595],[77.497277,28.739611],[77.497357,28.73969],[77.497562,28.739857],[77.49789,28.740163],[77.497908,28.740191],[77.49806,28.7404],[77.498078,28.740426],[77.49808,28.740433],[77.49808,28.74044],[77.498079,28.740448],[77.498076,28.740455],[77.498073,28.740462],[77.498068,28.740468],[77.497828,28.740499],[77.4976,28.740526],[77.497219,28.740593],[77.496911,28.740687],[77.49643,28.740913],[77.495355,28.741443],[77.494975,28.741631],[77.493629,28.742301],[77.493069,28.742663],[77.492362,28.743177],[77.492389,28.743204],[77.492415,28.743232],[77.492405,28.743237],[77.492387,28.743247],[77.492274,28.743309],[77.492078,28.743441],[77.492008,28.743493],[77.491636,28.74377],[77.491139,28.74415],[77.49067,28.744494],[77.489952,28.744998],[77.489437,28.74538],[77.489153,28.74556],[77.488653,28.745866],[77.488083,28.746205],[77.487646,28.746477],[77.487501,28.746571],[77.487031,28.746201],[77.486867,28.746064],[77.486192,28.745504],[77.485869,28.745228],[77.485427,28.744815],[77.485131,28.744525],[77.484577,28.743929],[77.484238,28.743521],[77.48387,28.743036],[77.483689,28.743141],[77.48362,28.743182],[77.483201,28.743457],[77.482809,28.743728],[77.482526,28.743905],[77.482213,28.744112],[77.481377,28.744625],[77.480498,28.745178],[77.480449,28.745214],[77.479838,28.745568],[77.478767,28.746233],[77.477516,28.747039],[77.477352,28.746847],[77.476858,28.746193],[77.476399,28.745622],[77.476345,28.745574],[77.475956,28.745075],[77.475492,28.745381],[77.475389,28.745471],[77.475135,28.745621],[77.474502,28.744795],[77.474378,28.744638],[77.474266,28.74449],[77.474042,28.744194],[77.47372,28.744014],[77.47331,28.744236],[77.47224,28.744881],[77.4718,28.745151],[77.471834,28.745187],[77.470619,28.745986],[77.470414,28.745773],[77.469766,28.744978],[77.469232,28.746381],[77.469177,28.746332],[77.46911,28.746277],[77.469046,28.746203],[77.46897,28.746102],[77.468942,28.746066],[77.46855,28.745608],[77.466826,28.746201],[77.465996,28.746619],[77.465307,28.747094],[77.465294,28.747103],[77.464382,28.747387],[77.463565,28.747406],[77.462448,28.747053],[77.462184,28.747237],[77.462089,28.747823],[77.462014,28.749211],[77.462013,28.750046],[77.462838,28.751555],[77.462972,28.752226],[77.465172,28.755088],[77.463691,28.756293],[77.461512,28.75756],[77.459885,28.75865],[77.457794,28.759733],[77.45515,28.76103],[77.454766,28.763987],[77.453778,28.764865],[77.452628,28.76506],[77.451186,28.765522],[77.450838,28.765284],[77.449294,28.765318],[77.448146,28.765435],[77.446343,28.766319],[77.444727,28.76773],[77.444044,28.766632],[77.443411,28.766331],[77.44311,28.765957],[77.442134,28.766291],[77.441909,28.765433],[77.441316,28.765326],[77.44082,28.764774],[77.440784,28.764424],[77.440076,28.764549],[77.439533,28.764132],[77.439103,28.76364],[77.438483,28.76163],[77.437771,28.759832],[77.437188,28.759259],[77.436636,28.758202],[77.436053,28.758717],[77.435559,28.758068],[77.432797,28.75948],[77.430644,28.760242],[77.427044,28.761679],[77.42618,28.761898],[77.424432,28.762239],[77.423228,28.76288],[77.422584,28.763122],[77.421477,28.763891],[77.41926,28.765564],[77.418787,28.766081],[77.419336,28.767235],[77.417998,28.76902],[77.419134,28.77164],[77.418518,28.775825],[77.417998,28.779623],[77.417213,28.778688],[77.416554,28.77858],[77.415986,28.778338],[77.414796,28.778338],[77.412137,28.780043],[77.410489,28.780851],[77.409933,28.782163],[77.40711,28.784331],[77.405679,28.786442],[77.405158,28.787692],[77.404878,28.788325],[77.404847,28.789817],[77.404496,28.791136],[77.403541,28.7931],[77.4029,28.794599],[77.402279,28.796954],[77.402738,28.797783],[77.401039,28.798896],[77.398608,28.800434],[77.39704,28.801616],[77.394936,28.80299],[77.394293,28.803701],[77.396674,28.80639],[77.397899,28.807886],[77.398424,28.809203],[77.39905,28.810219],[77.399835,28.810903],[77.401744,28.811621],[77.403595,28.812339],[77.404891,28.813182],[77.40549,28.813678],[77.403439,28.816144],[77.401396,28.818224],[77.400049,28.819779],[77.402163,28.821608],[77.399227,28.821761],[77.396219,28.821729],[77.394332,28.823594],[77.392573,28.825745],[77.390077,28.828489],[77.392838,28.82944],[77.397077,28.830733],[77.400428,28.831693],[77.402223,28.832376],[77.402717,28.833374],[77.402937,28.835608],[77.40724,28.837489],[77.408272,28.836416],[77.412313,28.837169],[77.413641,28.839287],[77.414151,28.840385],[77.413514,28.841733],[77.412868,28.842562],[77.411048,28.843941],[77.411627,28.844504],[77.410105,28.846223],[77.408369,28.847269],[77.40716,28.847719],[77.405433,28.848328],[77.403649,28.84892],[77.401302,28.849988],[77.402241,28.851563],[77.402587,28.852324],[77.402137,28.853792],[77.403603,28.855627],[77.404746,28.857474],[77.40531,28.858741],[77.405026,28.859592],[77.404773,28.860745],[77.404977,28.861905],[77.406013,28.863364],[77.407276,28.86585],[77.407949,28.86737],[77.406909,28.868829],[77.405777,28.871025],[77.404632,28.872935],[77.403904,28.87403],[77.4033,28.874657],[77.402334,28.875329],[77.40282,28.877568],[77.404217,28.877289],[77.405521,28.876907],[77.406813,28.877079],[77.407741,28.877346],[77.408091,28.877016],[77.409542,28.877777],[77.411554,28.878145],[77.414248,28.878692],[77.415766,28.878985],[77.418437,28.879766],[77.419116,28.880095],[77.419546,28.88093],[77.420015,28.881753],[77.420942,28.883881],[77.421657,28.885234],[77.420544,28.886558],[77.4218,28.888457],[77.422518,28.889676],[77.424498,28.890663],[77.425882,28.891021],[77.427393,28.891649],[77.426922,28.892296],[77.428025,28.893336],[77.429658,28.895442],[77.428824,28.896183],[77.429488,28.898122],[77.430222,28.900448],[77.430757,28.903107],[77.431587,28.904445],[77.432835,28.905823],[77.433677,28.906608],[77.434338,28.907826],[77.435129,28.910086],[77.4362,28.912702],[77.43704,28.914493],[77.437714,28.915963],[77.438281,28.916207],[77.439234,28.916189],[77.440389,28.916576],[77.441157,28.917226],[77.442944,28.9193],[77.441801,28.920204],[77.440442,28.921373],[77.441075,28.923043],[77.441128,28.926012],[77.443732,28.925467],[77.444713,28.92778],[77.447392,28.927269],[77.448102,28.927079],[77.449976,28.926774],[77.451712,28.926717],[77.45341,28.926644],[77.455321,28.926389],[77.45693,28.926012]]]}}]}