{"type":"FeatureCollection","name":"BULANDSHAHR, UTTAR PRADESH - Sub-district boundaries","crs_note":"RFC 7946 WGS84 lon/lat (EPSG:4326); source CRS was LCC_WGS84","features":[{"type":"Feature","properties":{"OBJECTID":2413,"state_lgd":"09","state_name":"UTTAR PRADESH","district_lgd":"142","district_name":"BULANDSHAHR","district_name_source":"district_table","subdistrict_lgd":"748","subdistrict_name":"ANUPSHAHR","subdistrict_type":"Tehsil","name_corrupted":false,"remarks":""},"geometry":{"type":"Polygon","coordinates":[[[78.258048,28.480056],[78.257381,28.479768],[78.257067,28.47974],[78.256751,28.479713],[78.256488,28.479762],[78.256058,28.479843],[78.25536,28.479841],[78.25503,28.479712],[78.254742,28.479481],[78.254684,28.479253],[78.254663,28.478815],[78.254714,28.478043],[78.254724,28.477336],[78.254728,28.477049],[78.25477,28.476694],[78.254787,28.476546],[78.254889,28.475672],[78.25499,28.475011],[78.255001,28.474936],[78.255144,28.473434],[78.255368,28.47195],[78.255436,28.471447],[78.255598,28.471023],[78.255629,28.469802],[78.255816,28.468903],[78.256023,28.46815],[78.256103,28.467289],[78.256126,28.466163],[78.255946,28.46544],[78.255872,28.464481],[78.255984,28.464194],[78.256779,28.463568],[78.257487,28.462845],[78.257661,28.462529],[78.257786,28.461768],[78.257906,28.460427],[78.258041,28.460009],[78.258212,28.459879],[78.258518,28.459841],[78.259013,28.459816],[78.259394,28.459671],[78.259725,28.459297],[78.261104,28.457431],[78.262105,28.456543],[78.263399,28.455816],[78.264176,28.455519],[78.265998,28.455107],[78.266717,28.455043],[78.267204,28.45512],[78.268434,28.455385],[78.269614,28.455864],[78.270688,28.456146],[78.271459,28.45622],[78.272299,28.456229],[78.273006,28.456081],[78.274043,28.455601],[78.275406,28.454736],[78.276659,28.453755],[78.276986,28.453639],[78.278414,28.453756],[78.278868,28.453749],[78.279393,28.453527],[78.28083,28.45267],[78.281806,28.452153],[78.283198,28.451983],[78.284404,28.451996],[78.284851,28.452],[78.285595,28.451824],[78.28658,28.451625],[78.288635,28.451012],[78.289403,28.450616],[78.290437,28.449801],[78.292805,28.447734],[78.292831,28.447712],[78.295747,28.445111],[78.296619,28.44433],[78.297055,28.444149],[78.297567,28.443866],[78.299384,28.442537],[78.300398,28.441528],[78.300415,28.441511],[78.301036,28.440679],[78.3021,28.439483],[78.303797,28.437734],[78.304619,28.436857],[78.305019,28.436378],[78.305254,28.436003],[78.305555,28.435523],[78.305958,28.434802],[78.30647,28.434159],[78.307015,28.433469],[78.30735,28.432921],[78.307599,28.432286],[78.307984,28.431284],[78.308548,28.430052],[78.3091,28.428782],[78.309606,28.427723],[78.310079,28.426684],[78.310239,28.426197],[78.310399,28.42571],[78.310615,28.425065],[78.3107,28.424795],[78.310786,28.424525],[78.310914,28.423966],[78.311003,28.42363],[78.311052,28.423445],[78.311052,28.423287],[78.311052,28.42313],[78.311052,28.422633],[78.310985,28.421936],[78.310973,28.42122],[78.311166,28.420671],[78.311349,28.420054],[78.31152,28.419524],[78.311604,28.418964],[78.311778,28.41826],[78.311893,28.417816],[78.31201,28.417247],[78.312039,28.416734],[78.311971,28.415108],[78.311442,28.413645],[78.310712,28.412179],[78.310295,28.411836],[78.310168,28.411731],[78.308935,28.410525],[78.308001,28.409388],[78.307963,28.408549],[78.307835,28.407796],[78.307327,28.406565],[78.306712,28.405873],[78.305748,28.405145],[78.305227,28.404808],[78.30416,28.404311],[78.30339,28.403993],[78.303118,28.403758],[78.303009,28.403481],[78.302952,28.403083],[78.302782,28.402761],[78.302359,28.402387],[78.302288,28.402325],[78.301921,28.401779],[78.301689,28.401346],[78.30142,28.400912],[78.30094,28.400432],[78.30042,28.400029],[78.299832,28.399183],[78.299701,28.398751],[78.299768,28.398376],[78.299712,28.397934],[78.299458,28.39729],[78.299052,28.396833],[78.29832,28.396483],[78.296751,28.396135],[78.295165,28.396085],[78.294329,28.396032],[78.292858,28.395795],[78.291973,28.395653],[78.291253,28.395325],[78.290425,28.394675],[78.289681,28.394259],[78.288822,28.39404],[78.288142,28.393988],[78.287058,28.393794],[78.286337,28.393554],[78.28604,28.393385],[78.285249,28.3932],[78.284479,28.392894],[78.283041,28.392094],[78.281853,28.391231],[78.281038,28.390537],[78.280012,28.389808],[78.279591,28.389549],[78.279085,28.38908],[78.278656,28.388457],[78.278342,28.38768],[78.277975,28.387135],[78.277818,28.386746],[78.277768,28.385884],[78.277753,28.385144],[78.277675,28.384458],[78.277149,28.383613],[78.276947,28.382871],[78.276758,28.382106],[78.276781,28.381367],[78.276614,28.38079],[78.27632,28.380378],[78.275673,28.380173],[78.27508,28.379713],[78.27449,28.379044],[78.274071,28.377736],[78.27368,28.377069],[78.272995,28.376067],[78.272309,28.375088],[78.271943,28.374443],[78.271465,28.372869],[78.270784,28.371536],[78.270106,28.370049],[78.269727,28.368565],[78.269563,28.367745],[78.269349,28.36697],[78.269432,28.366374],[78.26967,28.365449],[78.270384,28.364374],[78.271566,28.363834],[78.273001,28.362966],[78.274293,28.361655],[78.27533,28.360727],[78.275645,28.360542],[78.276448,28.360242],[78.277061,28.360226],[78.277858,28.360334],[78.278522,28.360176],[78.28064,28.359657],[78.281943,28.359384],[78.282873,28.35893],[78.283629,28.358408],[78.284139,28.357707],[78.284938,28.355859],[78.285411,28.354163],[78.285797,28.353372],[78.286059,28.352491],[78.285948,28.351429],[78.285466,28.350143],[78.284783,28.348965],[78.284022,28.348028],[78.283735,28.347142],[78.284095,28.346372],[78.284006,28.345532],[78.284191,28.344804],[78.284713,28.344103],[78.285072,28.343433],[78.285183,28.342628],[78.285282,28.341789],[78.285303,28.341138],[78.285411,28.340553],[78.2858,28.339475],[78.285887,28.338647],[78.286001,28.33761],[78.285787,28.336812],[78.285849,28.335974],[78.286216,28.334652],[78.287082,28.333446],[78.287471,28.332412],[78.288207,28.331547],[78.288973,28.33118],[78.28935,28.331029],[78.289694,28.330513],[78.289941,28.329809],[78.290174,28.329193],[78.290607,28.32859],[78.291203,28.327933],[78.291816,28.327796],[78.292492,28.327671],[78.292836,28.327555],[78.292811,28.327523],[78.291537,28.325899],[78.290116,28.324256],[78.288318,28.322775],[78.287594,28.322156],[78.286496,28.321386],[78.285484,28.320496],[78.284823,28.319924],[78.283029,28.318083],[78.28206,28.317054],[78.281049,28.316081],[78.280117,28.315461],[78.279771,28.314754],[78.279171,28.314303],[78.277905,28.31366],[78.276705,28.312722],[78.276829,28.312609],[78.277012,28.31242],[78.277307,28.312294],[78.278985,28.310332],[78.278008,28.309933],[78.27883,28.30793],[78.279434,28.306585],[78.280012,28.305648],[78.280363,28.305929],[78.281131,28.304846],[78.281034,28.304327],[78.281966,28.30343],[78.28153,28.303203],[78.281875,28.302597],[78.28198,28.302412],[78.280923,28.301753],[78.280352,28.302173],[78.279733,28.301574],[78.279162,28.302086],[78.278624,28.30171],[78.277503,28.301124],[78.278221,28.300577],[78.276649,28.299339],[78.274932,28.298062],[78.275316,28.297511],[78.273952,28.296349],[78.275202,28.295141],[78.273153,28.29362],[78.273684,28.293071],[78.273689,28.292701],[78.271715,28.29106],[78.270667,28.292006],[78.269831,28.292719],[78.268871,28.293365],[78.26847,28.293629],[78.268051,28.293708],[78.267531,28.293564],[78.266637,28.293184],[78.265777,28.292666],[78.26485,28.293146],[78.263899,28.293866],[78.263998,28.294275],[78.263155,28.294746],[78.262961,28.294448],[78.262402,28.294831],[78.262216,28.294625],[78.261539,28.295147],[78.260758,28.295747],[78.260304,28.295307],[78.258054,28.297041],[78.258197,28.297283],[78.257561,28.297887],[78.257848,28.298306],[78.257559,28.298756],[78.257682,28.298952],[78.258106,28.299262],[78.257524,28.299783],[78.255453,28.302101],[78.254181,28.303345],[78.25193,28.301415],[78.250418,28.300362],[78.250046,28.300043],[78.248607,28.30021],[78.248563,28.300224],[78.248015,28.300398],[78.247525,28.300667],[78.246601,28.300126],[78.245399,28.301313],[78.243529,28.300379],[78.241949,28.302288],[78.239636,28.304811],[78.238182,28.303976],[78.237112,28.303099],[78.236251,28.30394],[78.235104,28.304909],[78.234669,28.305272],[78.233361,28.304257],[78.232385,28.303784],[78.232144,28.303768],[78.23184,28.303859],[78.230955,28.304714],[78.230382,28.305056],[78.228692,28.30607],[78.228203,28.306654],[78.227471,28.306193],[78.225925,28.304265],[78.223901,28.302617],[78.222014,28.301506],[78.221591,28.301141],[78.221471,28.300997],[78.221451,28.300814],[78.221583,28.300587],[78.221678,28.300501],[78.219609,28.299577],[78.219647,28.299121],[78.219634,28.298462],[78.220332,28.297375],[78.219663,28.297015],[78.218252,28.296417],[78.218505,28.296062],[78.218811,28.295669],[78.218918,28.295527],[78.219062,28.295297],[78.219072,28.295046],[78.218975,28.294884],[78.218754,28.294502],[78.219424,28.293477],[78.220706,28.292154],[78.220609,28.292037],[78.220465,28.291925],[78.220337,28.291877],[78.220182,28.291832],[78.220092,28.291781],[78.219996,28.291681],[78.219493,28.290689],[78.218741,28.289957],[78.2166,28.288392],[78.216447,28.28821],[78.216586,28.287899],[78.216235,28.287668],[78.215062,28.286988],[78.214943,28.286831],[78.215128,28.286662],[78.213591,28.285157],[78.212248,28.286639],[78.210073,28.289139],[78.209553,28.28935],[78.209221,28.289469],[78.208934,28.289507],[78.208707,28.289513],[78.208536,28.289527],[78.208371,28.289597],[78.208272,28.289703],[78.208227,28.289867],[78.208065,28.290396],[78.207867,28.290524],[78.20708,28.290037],[78.204161,28.292966],[78.20371,28.292465],[78.202211,28.293337],[78.201113,28.293932],[78.201682,28.294399],[78.200606,28.294908],[78.199697,28.294745],[78.197662,28.297525],[78.195809,28.296196],[78.194914,28.295635],[78.193396,28.294763],[78.191952,28.293653],[78.189081,28.292135],[78.186973,28.291096],[78.185617,28.290806],[78.182968,28.293524],[78.182178,28.294799],[78.180555,28.296255],[78.179801,28.295591],[78.179054,28.296272],[78.178184,28.295673],[78.177621,28.295337],[78.177342,28.295333],[78.177032,28.29562],[78.176226,28.295043],[78.176074,28.294994],[78.175972,28.295195],[78.175483,28.295689],[78.175741,28.295928],[78.174536,28.297815],[78.17416,28.298341],[78.173809,28.298093],[78.173554,28.29807],[78.173304,28.2981],[78.172982,28.298199],[78.172667,28.298288],[78.172367,28.298257],[78.171761,28.29747],[78.172454,28.296914],[78.171918,28.295624],[78.171244,28.294711],[78.169557,28.293354],[78.167623,28.291928],[78.166721,28.291556],[78.165852,28.292194],[78.164541,28.291843],[78.164174,28.291874],[78.163952,28.291966],[78.162751,28.290611],[78.162468,28.290902],[78.162018,28.290673],[78.160427,28.291779],[78.158954,28.290756],[78.157928,28.291523],[78.157373,28.290538],[78.153919,28.291663],[78.153427,28.292615],[78.151601,28.295609],[78.151627,28.295781],[78.151726,28.295952],[78.151582,28.29612],[78.151346,28.296439],[78.151305,28.296682],[78.151265,28.296937],[78.150852,28.297248],[78.15078,28.297458],[78.150774,28.29777],[78.150855,28.298027],[78.150692,28.298268],[78.150484,28.298465],[78.149667,28.299355],[78.149141,28.30037],[78.147598,28.302226],[78.14753,28.302471],[78.14758,28.302814],[78.14626,28.303291],[78.144075,28.304087],[78.141128,28.305342],[78.140803,28.305585],[78.140817,28.305967],[78.140873,28.306107],[78.140912,28.306223],[78.14092,28.306294],[78.140597,28.306747],[78.140206,28.307101],[78.138736,28.308162],[78.138044,28.308772],[78.137826,28.309257],[78.13761,28.310006],[78.137488,28.310256],[78.136788,28.311538],[78.136433,28.314202],[78.136114,28.314795],[78.135838,28.315034],[78.135828,28.315431],[78.1361,28.317095],[78.136407,28.31946],[78.136338,28.320536],[78.13614,28.321032],[78.134007,28.323515],[78.133599,28.324146],[78.132867,28.324681],[78.130455,28.326211],[78.129903,28.327009],[78.130142,28.327287],[78.129599,28.327687],[78.12931,28.328133],[78.129342,28.328748],[78.129368,28.329425],[78.12982,28.330225],[78.130866,28.332361],[78.127768,28.333859],[78.125846,28.334659],[78.124692,28.335373],[78.123684,28.336019],[78.123475,28.336021],[78.123185,28.336101],[78.122591,28.336568],[78.122115,28.33697],[78.120988,28.337385],[78.11978,28.337988],[78.118676,28.33854],[78.117675,28.339028],[78.116899,28.339274],[78.11593,28.33962],[78.115295,28.340216],[78.115019,28.340881],[78.114876,28.341003],[78.114514,28.341437],[78.113758,28.341862],[78.11338,28.342145],[78.113358,28.342383],[78.113376,28.342702],[78.113669,28.343373],[78.114014,28.344026],[78.114576,28.345453],[78.115121,28.346716],[78.115514,28.347227],[78.115633,28.347382],[78.115797,28.347758],[78.115187,28.34828],[78.114602,28.348831],[78.114159,28.349419],[78.113955,28.349692],[78.113304,28.350943],[78.112822,28.352166],[78.112751,28.352826],[78.112801,28.353142],[78.112831,28.353417],[78.112854,28.353638],[78.112885,28.353927],[78.112908,28.354134],[78.112923,28.354425],[78.113114,28.354899],[78.113449,28.355582],[78.113625,28.355906],[78.113284,28.356664],[78.113223,28.35722],[78.113387,28.357812],[78.113607,28.358451],[78.113671,28.358855],[78.113756,28.358901],[78.114266,28.359161],[78.114856,28.359592],[78.115705,28.360196],[78.116665,28.361272],[78.11736,28.362121],[78.11746,28.362491],[78.117219,28.362774],[78.116334,28.363702],[78.114507,28.3656],[78.113685,28.36649],[78.113453,28.366649],[78.113174,28.366673],[78.112852,28.366486],[78.112452,28.366527],[78.111984,28.366826],[78.110458,28.367595],[78.109794,28.36806],[78.109396,28.367916],[78.108589,28.368446],[78.1084,28.368373],[78.107954,28.368713],[78.107708,28.368485],[78.107444,28.368649],[78.107165,28.368299],[78.10598,28.368683],[78.105859,28.368498],[78.105,28.368926],[78.104661,28.368385],[78.102998,28.369005],[78.102686,28.368818],[78.1004,28.369437],[78.100067,28.369018],[78.099407,28.369182],[78.097902,28.369398],[78.095303,28.370008],[78.091483,28.370578],[78.089294,28.370949],[78.089552,28.371327],[78.089504,28.372007],[78.089524,28.372753],[78.08927,28.373379],[78.089266,28.374287],[78.089379,28.375058],[78.089864,28.375554],[78.089643,28.376316],[78.089349,28.37628],[78.088736,28.376088],[78.088271,28.376309],[78.088695,28.37731],[78.087907,28.378181],[78.087241,28.379163],[78.086413,28.379733],[78.085553,28.380451],[78.084167,28.38153],[78.083389,28.382435],[78.08355,28.382655],[78.084629,28.383588],[78.086266,28.384975],[78.085967,28.385659],[78.085451,28.385921],[78.084632,28.385868],[78.083819,28.385997],[78.082875,28.386442],[78.081969,28.386859],[78.080978,28.387126],[78.078611,28.387482],[78.077077,28.387696],[78.076902,28.387089],[78.076238,28.386682],[78.075586,28.386322],[78.074657,28.385497],[78.0733,28.384014],[78.072162,28.383232],[78.070769,28.382324],[78.068654,28.381099],[78.06732,28.380158],[78.067106,28.380412],[78.066488,28.380622],[78.065897,28.380635],[78.065225,28.380923],[78.064615,28.381535],[78.063615,28.382619],[78.062915,28.383677],[78.062367,28.383125],[78.061603,28.382421],[78.060016,28.380981],[78.058729,28.379906],[78.057819,28.380031],[78.057132,28.380235],[78.056713,28.380185],[78.056524,28.37984],[78.056188,28.379912],[78.054873,28.379473],[78.053832,28.379146],[78.05263,28.379307],[78.051911,28.379538],[78.051331,28.379525],[78.050086,28.379347],[78.049297,28.37912],[78.048286,28.378692],[78.047155,28.378031],[78.046348,28.377319],[78.045873,28.376871],[78.044141,28.375749],[78.042395,28.375052],[78.041852,28.374836],[78.041264,28.37442],[78.041037,28.374098],[78.041105,28.373581],[78.041485,28.373209],[78.042143,28.372968],[78.042458,28.372802],[78.042669,28.37232],[78.042827,28.371175],[78.043024,28.369904],[78.043192,28.36927],[78.042957,28.368871],[78.042656,28.368509],[78.042366,28.368254],[78.041978,28.367899],[78.041656,28.367508],[78.041546,28.3673],[78.041779,28.366692],[78.042293,28.366091],[78.042498,28.365392],[78.042533,28.365142],[78.042663,28.364728],[78.042927,28.364241],[78.043101,28.364072],[78.043269,28.364166],[78.043416,28.364231],[78.043715,28.363401],[78.043593,28.363101],[78.042752,28.362443],[78.040876,28.360942],[78.040467,28.360648],[78.039216,28.359748],[78.036332,28.357494],[78.035649,28.357036],[78.034678,28.356384],[78.033767,28.355772],[78.033397,28.355834],[78.031016,28.356497],[78.030484,28.356759],[78.029274,28.357231],[78.027993,28.357695],[78.027535,28.357788],[78.02693,28.358272],[78.026218,28.358827],[78.025936,28.35913],[78.025613,28.359885],[78.025305,28.361754],[78.025407,28.362466],[78.02488,28.363517],[78.023053,28.366582],[78.021822,28.368343],[78.019627,28.37099],[78.01941,28.371184],[78.018013,28.372441],[78.017534,28.373025],[78.018135,28.37359],[78.018672,28.374152],[78.019407,28.375052],[78.020045,28.375549],[78.02065,28.376039],[78.019737,28.376165],[78.019258,28.376838],[78.017793,28.378861],[78.015488,28.381539],[78.014756,28.381917],[78.013519,28.381947],[78.012433,28.381574],[78.01161,28.38213],[78.009194,28.384549],[78.008189,28.385587],[78.008044,28.386038],[78.008143,28.386713],[78.008601,28.387584],[78.007733,28.388039],[78.006977,28.388956],[78.006403,28.389783],[78.005687,28.390306],[78.005707,28.390626],[78.007125,28.391259],[78.008398,28.39208],[78.008814,28.39263],[78.009162,28.393309],[78.010528,28.394487],[78.01187,28.39596],[78.011288,28.396838],[78.009324,28.398318],[78.007987,28.398965],[78.006165,28.39997],[78.00529,28.400555],[78.004359,28.401657],[78.003913,28.402645],[78.003144,28.40383],[78.003049,28.404422],[78.003044,28.404448],[78.002839,28.406148],[78.003175,28.406973],[78.003543,28.407844],[78.004055,28.408509],[78.004419,28.409359],[78.005366,28.410594],[78.006365,28.411438],[78.007862,28.411776],[78.008821,28.412233],[78.009403,28.412526],[78.009721,28.413038],[78.010035,28.413546],[78.010508,28.41397],[78.010925,28.41452],[78.012228,28.414851],[78.012701,28.415153],[78.013058,28.415391],[78.013392,28.415615],[78.013735,28.417091],[78.013475,28.417502],[78.012782,28.418755],[78.012267,28.419748],[78.012251,28.420628],[78.012729,28.42149],[78.013221,28.422229],[78.013444,28.422771],[78.013467,28.423501],[78.013167,28.424306],[78.013153,28.4256],[78.013166,28.426291],[78.010408,28.428047],[78.009163,28.428785],[78.007754,28.428755],[78.007163,28.428902],[78.006607,28.429072],[78.006319,28.429777],[78.006419,28.430452],[78.005518,28.431965],[78.004415,28.43274],[78.004068,28.43311],[78.004682,28.433693],[78.005426,28.434728],[78.006648,28.436141],[78.007585,28.437819],[78.006865,28.438561],[78.008552,28.440689],[78.009206,28.44061],[78.009889,28.441333],[78.010477,28.441284],[78.011925,28.442456],[78.013657,28.441629],[78.015089,28.44308],[78.01664,28.442365],[78.017017,28.442285],[78.018245,28.443719],[78.017919,28.443892],[78.018132,28.444338],[78.017778,28.444636],[78.019456,28.446666],[78.020371,28.446712],[78.021092,28.446237],[78.021759,28.445767],[78.022174,28.445001],[78.022711,28.444347],[78.023371,28.44356],[78.023845,28.44335],[78.024471,28.443273],[78.024846,28.443681],[78.02534,28.443664],[78.025945,28.443126],[78.026631,28.442319],[78.02712,28.442516],[78.02803,28.441611],[78.029937,28.44294],[78.030419,28.443582],[78.029748,28.444784],[78.029802,28.445214],[78.03144,28.444619],[78.033265,28.443637],[78.034552,28.442774],[78.035075,28.442511],[78.035499,28.442866],[78.035774,28.442599],[78.035855,28.441934],[78.035789,28.441574],[78.036142,28.441008],[78.03751,28.438846],[78.03787,28.437572],[78.038129,28.436892],[78.038671,28.43436],[78.038649,28.43363],[78.039027,28.433038],[78.038836,28.432029],[78.038695,28.430968],[78.038681,28.429677],[78.039655,28.429498],[78.039901,28.428966],[78.040144,28.428141],[78.040112,28.427975],[78.041795,28.427857],[78.042893,28.427546],[78.043421,28.427331],[78.044159,28.426757],[78.044777,28.425828],[78.045026,28.425551],[78.045513,28.427302],[78.046379,28.428693],[78.047871,28.430787],[78.048764,28.432566],[78.049385,28.433733],[78.050012,28.434437],[78.051392,28.435736],[78.052672,28.436585],[78.054768,28.438038],[78.055816,28.439072],[78.056109,28.439487],[78.056997,28.439802],[78.058316,28.440789],[78.059444,28.44167],[78.059828,28.441906],[78.060375,28.441861],[78.061549,28.441494],[78.063469,28.441139],[78.064344,28.440553],[78.064694,28.440257],[78.065381,28.439686],[78.065752,28.439289],[78.064352,28.437797],[78.063778,28.436821],[78.063987,28.436194],[78.063917,28.435541],[78.064496,28.43503],[78.065099,28.434345],[78.065711,28.43388],[78.066312,28.433317],[78.066942,28.433021],[78.067384,28.433545],[78.068479,28.432697],[78.070092,28.431538],[78.070636,28.431468],[78.071366,28.431846],[78.072457,28.431998],[78.07299,28.432075],[78.073514,28.432157],[78.074992,28.433395],[78.075706,28.43414],[78.076485,28.433685],[78.077138,28.433093],[78.077924,28.432711],[78.079103,28.432392],[78.07949,28.43214],[78.079778,28.431994],[78.079961,28.432418],[78.081737,28.431757],[78.083323,28.431502],[78.083906,28.431795],[78.084424,28.432507],[78.086188,28.434042],[78.087345,28.434804],[78.086989,28.43534],[78.08679,28.437088],[78.087047,28.439871],[78.087018,28.441141],[78.086656,28.441879],[78.08473,28.443454],[78.08239,28.445675],[78.080926,28.446943],[78.079836,28.447832],[78.080464,28.448543],[78.081679,28.449587],[78.082728,28.450354],[78.081862,28.451085],[78.080898,28.451739],[78.080161,28.452581],[78.079118,28.453778],[78.078448,28.454539],[78.078454,28.456013],[78.078346,28.45668],[78.077873,28.45728],[78.077184,28.457752],[78.079204,28.460315],[78.07951,28.460716],[78.078127,28.461467],[78.077215,28.462348],[78.077696,28.462979],[78.077342,28.463216],[78.078242,28.464141],[78.077848,28.464454],[78.07836,28.464985],[78.079353,28.466012],[78.080166,28.465614],[78.081879,28.464666],[78.08355,28.463781],[78.084368,28.463688],[78.087533,28.462252],[78.089427,28.461164],[78.092768,28.459006],[78.093412,28.45843],[78.093586,28.459025],[78.094113,28.460078],[78.094998,28.461004],[78.09561,28.460538],[78.095963,28.460996],[78.09685,28.460263],[78.097157,28.460554],[78.098033,28.461261],[78.098278,28.461241],[78.098166,28.461738],[78.098805,28.462294],[78.09942,28.461852],[78.100222,28.462638],[78.100936,28.462359],[78.101873,28.462353],[78.102429,28.462136],[78.103015,28.46194],[78.103682,28.46186],[78.103885,28.462209],[78.104717,28.461992],[78.105661,28.461791],[78.106286,28.461958],[78.106638,28.462416],[78.107215,28.462904],[78.107836,28.462779],[78.108132,28.462461],[78.108763,28.462165],[78.108956,28.462173],[78.109264,28.462464],[78.110098,28.462784],[78.111224,28.462269],[78.113963,28.460508],[78.116189,28.459028],[78.117375,28.458002],[78.117877,28.457762],[78.117859,28.457718],[78.117438,28.457043],[78.117629,28.456767],[78.118334,28.456272],[78.119578,28.455281],[78.120216,28.455056],[78.120763,28.45501],[78.121489,28.454583],[78.121879,28.454112],[78.121876,28.453819],[78.122798,28.453425],[78.122404,28.452068],[78.122194,28.450866],[78.123209,28.450586],[78.123647,28.451061],[78.124217,28.451961],[78.125249,28.452494],[78.126173,28.452913],[78.126912,28.4529],[78.128211,28.452596],[78.129292,28.452311],[78.13056,28.453636],[78.131508,28.45479],[78.132619,28.454397],[78.13313,28.454172],[78.134273,28.453566],[78.134909,28.453234],[78.135446,28.45388],[78.136973,28.456458],[78.138334,28.45826],[78.138931,28.459084],[78.140098,28.458075],[78.142967,28.455661],[78.145351,28.453591],[78.145758,28.453411],[78.144155,28.452042],[78.145267,28.451026],[78.146013,28.450441],[78.147118,28.451136],[78.148309,28.450223],[78.149945,28.449357],[78.15089,28.449083],[78.15267,28.447901],[78.15334,28.447371],[78.154245,28.447368],[78.154698,28.447366],[78.156093,28.44618],[78.157397,28.44516],[78.158065,28.444618],[78.158396,28.44476],[78.159135,28.444989],[78.159475,28.444839],[78.160165,28.444489],[78.161041,28.444088],[78.1617,28.444724],[78.161938,28.445019],[78.162357,28.444838],[78.163225,28.445881],[78.164156,28.446239],[78.164537,28.446595],[78.166004,28.445306],[78.166974,28.44463],[78.168194,28.445255],[78.169729,28.44612],[78.170587,28.446569],[78.172154,28.447735],[78.173681,28.448905],[78.174827,28.44973],[78.175338,28.450032],[78.17603,28.450441],[78.176798,28.450947],[78.177734,28.451474],[78.178116,28.451454],[78.178413,28.451283],[78.179031,28.450782],[78.181238,28.452525],[78.181843,28.452923],[78.181352,28.453328],[78.181757,28.453646],[78.180671,28.455024],[78.180054,28.454773],[78.178108,28.456455],[78.177848,28.456841],[78.178412,28.457485],[78.179895,28.459265],[78.180728,28.460359],[78.181251,28.461261],[78.181477,28.461703],[78.181957,28.462076],[78.183221,28.462466],[78.184826,28.462961],[78.186205,28.463779],[78.187334,28.465079],[78.187806,28.465634],[78.189638,28.46759],[78.1902,28.46821],[78.190566,28.468716],[78.191504,28.469604],[78.191989,28.46977],[78.192755,28.470384],[78.193366,28.470818],[78.193284,28.470917],[78.193,28.471371],[78.193077,28.471704],[78.194868,28.473021],[78.196789,28.474533],[78.198955,28.476279],[78.200328,28.477413],[78.200882,28.477584],[78.201622,28.478201],[78.202083,28.479036],[78.202369,28.479536],[78.203706,28.478813],[78.205374,28.478113],[78.206948,28.477434],[78.207947,28.477155],[78.208125,28.477152],[78.208364,28.47758],[78.208632,28.477643],[78.209625,28.477304],[78.211831,28.476133],[78.21376,28.474805],[78.215111,28.473974],[78.215926,28.473383],[78.215775,28.473007],[78.216989,28.472431],[78.21773,28.472052],[78.217198,28.471454],[78.217593,28.471166],[78.216904,28.470642],[78.218213,28.469924],[78.218413,28.469749],[78.217978,28.469155],[78.218339,28.468942],[78.217392,28.467299],[78.217254,28.466789],[78.217532,28.466693],[78.217469,28.465994],[78.216869,28.465147],[78.216745,28.464699],[78.217338,28.464224],[78.216859,28.463852],[78.217405,28.46332],[78.218293,28.46277],[78.220399,28.461573],[78.221805,28.460992],[78.222137,28.460891],[78.222821,28.461501],[78.223224,28.461794],[78.224084,28.462133],[78.224822,28.46286],[78.225214,28.463809],[78.225789,28.46518],[78.226069,28.465739],[78.226642,28.466965],[78.227086,28.468396],[78.22746,28.469432],[78.227757,28.470523],[78.22819,28.471348],[78.228893,28.473388],[78.229251,28.47428],[78.229808,28.475494],[78.230823,28.476488],[78.231413,28.477239],[78.232762,28.478666],[78.233838,28.47997],[78.235062,28.48188],[78.23564,28.482899],[78.236382,28.484159],[78.236524,28.48496],[78.23638,28.485907],[78.235935,28.48711],[78.235597,28.487915],[78.235276,28.488756],[78.235304,28.488887],[78.236007,28.489288],[78.237323,28.490524],[78.238809,28.49206],[78.240643,28.493889],[78.240827,28.494073],[78.241213,28.494503],[78.241687,28.495031],[78.242773,28.496177],[78.244155,28.497516],[78.246724,28.494453],[78.248849,28.493394],[78.249961,28.491783],[78.252362,28.490426],[78.254006,28.489663],[78.257539,28.485251],[78.260783,28.483317],[78.26045,28.482924],[78.260393,28.482594],[78.260044,28.481919],[78.259584,28.481321],[78.259207,28.480914],[78.258921,28.480605],[78.258048,28.480056]]]}},{"type":"Feature","properties":{"OBJECTID":2466,"state_lgd":"09","state_name":"UTTAR PRADESH","district_lgd":"142","district_name":"BULANDSHAHR","district_name_source":"district_table","subdistrict_lgd":"746","subdistrict_name":"BULANDSHAHR","subdistrict_type":"Tehsil","name_corrupted":false,"remarks":""},"geometry":{"type":"Polygon","coordinates":[[[77.849875,28.64085],[77.85025,28.640254],[77.850441,28.640134],[77.850647,28.640049],[77.850976,28.640003],[77.851237,28.640086],[77.851525,28.640011],[77.851749,28.639912],[77.85192,28.639936],[77.85218,28.640121],[77.852398,28.64029],[77.852583,28.640546],[77.852752,28.640693],[77.85285,28.640738],[77.853197,28.640569],[77.854572,28.639791],[77.855022,28.639392],[77.853891,28.638406],[77.852945,28.637612],[77.852561,28.637259],[77.851964,28.636723],[77.851724,28.636372],[77.851535,28.636116],[77.852937,28.634716],[77.854555,28.633218],[77.854929,28.632969],[77.855685,28.632857],[77.857176,28.632008],[77.859199,28.630732],[77.860935,28.629945],[77.862604,28.6292],[77.863708,28.628476],[77.864371,28.628065],[77.865062,28.627758],[77.865065,28.627756],[77.86566,28.627525],[77.866191,28.627366],[77.866671,28.627119],[77.867002,28.626986],[77.867314,28.626983],[77.867933,28.626644],[77.869428,28.626053],[77.871073,28.625028],[77.871142,28.624551],[77.872608,28.622472],[77.872321,28.62201],[77.873342,28.620922],[77.873716,28.620516],[77.875035,28.619334],[77.876252,28.618382],[77.877327,28.617481],[77.878441,28.616781],[77.879323,28.616496],[77.879828,28.616226],[77.880203,28.615861],[77.879307,28.614629],[77.879156,28.614337],[77.879222,28.614149],[77.879399,28.614028],[77.879695,28.613737],[77.879916,28.613506],[77.879812,28.613005],[77.879834,28.612805],[77.880118,28.612235],[77.880672,28.611664],[77.881178,28.611144],[77.882064,28.610333],[77.883153,28.609316],[77.884403,28.608399],[77.885211,28.607816],[77.886171,28.607205],[77.886844,28.606975],[77.887704,28.606691],[77.888968,28.605948],[77.890996,28.604816],[77.892068,28.603967],[77.892439,28.603655],[77.893236,28.602601],[77.89396,28.60204],[77.895331,28.600923],[77.895878,28.600726],[77.896424,28.600681],[77.896678,28.60028],[77.896747,28.600114],[77.896735,28.600001],[77.896372,28.599742],[77.89634,28.5996],[77.896347,28.599508],[77.896963,28.598986],[77.897268,28.598695],[77.897686,28.598212],[77.898529,28.597313],[77.899444,28.596767],[77.900584,28.596323],[77.900992,28.595985],[77.902013,28.595233],[77.903116,28.59486],[77.904076,28.594644],[77.906138,28.594416],[77.907948,28.59457],[77.908664,28.594765],[77.910658,28.593683],[77.910935,28.593905],[77.912075,28.593255],[77.914038,28.592498],[77.915419,28.593457],[77.915891,28.593321],[77.916435,28.593823],[77.917214,28.594198],[77.918075,28.594722],[77.918596,28.595265],[77.919255,28.596118],[77.920481,28.597169],[77.920908,28.597553],[77.920449,28.598011],[77.921527,28.59881],[77.921935,28.598864],[77.92369,28.59708],[77.923935,28.597001],[77.924748,28.597588],[77.92487,28.597598],[77.924945,28.597572],[77.925827,28.596523],[77.926476,28.59608],[77.926684,28.594036],[77.927054,28.591403],[77.92732,28.590381],[77.926957,28.589308],[77.926054,28.587368],[77.927765,28.586677],[77.929525,28.586405],[77.931247,28.586234],[77.933024,28.585749],[77.934015,28.585004],[77.934633,28.584812],[77.935105,28.584745],[77.93564,28.584672],[77.93609,28.584395],[77.937751,28.583044],[77.938942,28.582155],[77.941289,28.580804],[77.942217,28.579768],[77.943163,28.578899],[77.943764,28.57772],[77.943812,28.577509],[77.944067,28.577413],[77.944398,28.577527],[77.945287,28.578526],[77.945614,28.578709],[77.945938,28.578501],[77.947801,28.576794],[77.949521,28.575099],[77.950548,28.574167],[77.950788,28.57402],[77.95096,28.573837],[77.951002,28.57348],[77.951313,28.573102],[77.951861,28.572845],[77.951954,28.572371],[77.952214,28.57211],[77.953598,28.570711],[77.955365,28.569238],[77.956919,28.568025],[77.957772,28.567246],[77.957634,28.566848],[77.959173,28.566156],[77.962411,28.564406],[77.964376,28.562917],[77.965229,28.562547],[77.967717,28.561638],[77.966809,28.557887],[77.965607,28.555553],[77.968108,28.553933],[77.967973,28.553493],[77.969735,28.552954],[77.971536,28.555494],[77.972165,28.557659],[77.974804,28.555341],[77.975699,28.555934],[77.975209,28.556543],[77.977614,28.558311],[77.978128,28.557911],[77.980473,28.556382],[77.980674,28.556601],[77.980927,28.556482],[77.981162,28.5566],[77.983389,28.555347],[77.985182,28.555414],[77.98741,28.554876],[77.988953,28.554356],[77.990523,28.553264],[77.991408,28.552415],[77.991651,28.55314],[77.992379,28.55518],[77.992786,28.556088],[77.993083,28.556377],[77.99361,28.556746],[77.994417,28.558072],[77.995693,28.55932],[77.996247,28.559726],[77.9987,28.55958],[77.999231,28.559464],[78.000358,28.559735],[78.000843,28.559741],[78.001041,28.559473],[78.001594,28.559251],[78.00239,28.558976],[78.00492,28.558945],[78.005798,28.559132],[78.007379,28.559281],[78.008615,28.558796],[78.009748,28.558682],[78.011168,28.558842],[78.013159,28.55861],[78.015266,28.558223],[78.017249,28.557562],[78.019787,28.556495],[78.02333,28.555168],[78.023391,28.555454],[78.023618,28.555357],[78.02514,28.554347],[78.025071,28.554282],[78.024479,28.553719],[78.024309,28.553494],[78.025061,28.552779],[78.024379,28.55206],[78.025081,28.551553],[78.024019,28.550127],[78.023398,28.54849],[78.022814,28.547493],[78.022306,28.546749],[78.021512,28.54607],[78.020918,28.54577],[78.020127,28.545886],[78.019573,28.54559],[78.019486,28.545543],[78.019004,28.545091],[78.018465,28.545308],[78.016547,28.543201],[78.015208,28.542084],[78.01374,28.541188],[78.012379,28.540488],[78.011288,28.539653],[78.007277,28.537506],[78.006528,28.536996],[78.006484,28.536954],[78.005254,28.535795],[78.004865,28.535456],[78.003918,28.535528],[78.003214,28.535171],[78.002623,28.534662],[78.002077,28.533923],[78.001362,28.532955],[78.000778,28.532001],[78.000317,28.531229],[77.999861,28.530164],[77.999525,28.529477],[77.9987,28.528548],[77.997718,28.52741],[77.997467,28.527196],[77.993038,28.52249],[77.990609,28.524813],[77.989355,28.52381],[77.986628,28.520885],[77.984959,28.519844],[77.983036,28.520678],[77.981157,28.521633],[77.978582,28.522923],[77.976329,28.524154],[77.974849,28.525077],[77.973624,28.52625],[77.971788,28.523424],[77.970239,28.521065],[77.970016,28.520158],[77.966536,28.513896],[77.966624,28.513853],[77.969079,28.51264],[77.970959,28.510376],[77.972273,28.508191],[77.972989,28.505764],[77.974552,28.504774],[77.980253,28.502179],[77.982738,28.501422],[77.983576,28.50004],[77.983452,28.499387],[77.983567,28.498772],[77.983393,28.497646],[77.983107,28.49722],[77.983018,28.497087],[77.982148,28.496891],[77.980983,28.49663],[77.97968,28.496259],[77.977887,28.495959],[77.977051,28.495841],[77.9766,28.495681],[77.97468,28.49464],[77.974068,28.493695],[77.974025,28.493628],[77.973919,28.493091],[77.973547,28.492393],[77.972551,28.491395],[77.970788,28.490294],[77.969516,28.489123],[77.967782,28.487345],[77.965535,28.48496],[77.963991,28.483323],[77.964543,28.482224],[77.964468,28.481913],[77.964655,28.481114],[77.964749,28.479652],[77.964931,28.479208],[77.964907,28.478545],[77.96459,28.477648],[77.964058,28.47604],[77.964093,28.474916],[77.964452,28.472336],[77.964747,28.472321],[77.965341,28.472252],[77.966945,28.472334],[77.968935,28.47122],[77.970486,28.470315],[77.972308,28.470954],[77.973767,28.471358],[77.974774,28.470616],[77.975253,28.470114],[77.976271,28.469475],[77.977413,28.468981],[77.978779,28.46869],[77.979691,28.468425],[77.980516,28.468081],[77.981321,28.467968],[77.982015,28.468177],[77.984476,28.470333],[77.985687,28.47098],[77.987135,28.469951],[77.987826,28.470376],[77.988178,28.470149],[77.988607,28.470647],[77.988939,28.47059],[77.989407,28.470811],[77.99,28.471864],[77.990771,28.471673],[77.991424,28.472313],[77.991951,28.472119],[77.993069,28.473119],[77.994307,28.474243],[77.994799,28.474497],[77.995246,28.474455],[77.996261,28.474313],[77.997831,28.474348],[77.998722,28.474402],[77.999752,28.474617],[78.000287,28.47181],[78.000816,28.470036],[78.000945,28.469118],[78.002158,28.467877],[78.003741,28.466941],[78.006531,28.465685],[78.008396,28.464168],[78.008601,28.463826],[78.010282,28.462451],[78.009921,28.461645],[78.008978,28.459536],[78.009246,28.459075],[78.008196,28.458016],[78.008169,28.457476],[78.00904,28.457172],[78.008809,28.456912],[78.010133,28.45627],[78.01111,28.456115],[78.011903,28.45605],[78.013249,28.45523],[78.01531,28.453864],[78.016356,28.452898],[78.015528,28.452114],[78.013676,28.449878],[78.013317,28.449615],[78.012661,28.44967],[78.011537,28.448691],[78.01002,28.447135],[78.009939,28.446871],[78.012052,28.445112],[78.014297,28.443414],[78.015089,28.44308],[78.013657,28.441629],[78.011925,28.442456],[78.010477,28.441284],[78.009889,28.441333],[78.009206,28.44061],[78.008552,28.440689],[78.006865,28.438561],[78.007585,28.437819],[78.006648,28.436141],[78.005426,28.434728],[78.004682,28.433693],[78.004068,28.43311],[78.004415,28.43274],[78.005518,28.431965],[78.006419,28.430452],[78.006319,28.429777],[78.006607,28.429072],[78.007163,28.428902],[78.007754,28.428755],[78.009163,28.428785],[78.010408,28.428047],[78.013166,28.426291],[78.013153,28.4256],[78.013167,28.424306],[78.013467,28.423501],[78.013444,28.422771],[78.013221,28.422229],[78.012729,28.42149],[78.012251,28.420628],[78.012267,28.419748],[78.012782,28.418755],[78.013475,28.417502],[78.013735,28.417091],[78.013392,28.415615],[78.013058,28.415391],[78.012701,28.415153],[78.012228,28.414851],[78.010925,28.41452],[78.010508,28.41397],[78.010035,28.413546],[78.009721,28.413038],[78.009403,28.412526],[78.008821,28.412233],[78.007862,28.411776],[78.006365,28.411438],[78.005366,28.410594],[78.004419,28.409359],[78.004055,28.408509],[78.003543,28.407844],[78.003175,28.406973],[78.002839,28.406148],[78.003044,28.404448],[78.003049,28.404422],[78.003144,28.40383],[78.003913,28.402645],[78.004359,28.401657],[78.00529,28.400555],[78.006165,28.39997],[78.007987,28.398965],[78.009324,28.398318],[78.011288,28.396838],[78.01187,28.39596],[78.010528,28.394487],[78.009162,28.393309],[78.008814,28.39263],[78.008398,28.39208],[78.007125,28.391259],[78.005707,28.390626],[78.005687,28.390306],[78.006403,28.389783],[78.006977,28.388956],[78.007733,28.388039],[78.008601,28.387584],[78.008143,28.386713],[78.008044,28.386038],[78.008189,28.385587],[78.009194,28.384549],[78.01161,28.38213],[78.012433,28.381574],[78.013519,28.381947],[78.014756,28.381917],[78.015488,28.381539],[78.017793,28.378861],[78.019258,28.376838],[78.019737,28.376165],[78.02065,28.376039],[78.020045,28.375549],[78.019407,28.375052],[78.018672,28.374152],[78.018135,28.37359],[78.017534,28.373025],[78.018013,28.372441],[78.01941,28.371184],[78.019627,28.37099],[78.021822,28.368343],[78.023053,28.366582],[78.02488,28.363517],[78.025407,28.362466],[78.025306,28.362356],[78.025087,28.362225],[78.024416,28.361664],[78.023548,28.361008],[78.021708,28.35959],[78.019929,28.358095],[78.019726,28.358299],[78.018862,28.357445],[78.018547,28.357144],[78.01799,28.356745],[78.016898,28.356318],[78.01574,28.356034],[78.015113,28.356119],[78.014163,28.356441],[78.012219,28.357265],[78.011109,28.357902],[78.010234,28.358349],[78.009937,28.358363],[78.009673,28.35811],[78.009298,28.357634],[78.007552,28.358793],[78.005783,28.360087],[78.004958,28.360652],[78.004468,28.360737],[78.004133,28.360909],[78.004065,28.360793],[78.003834,28.360656],[78.003623,28.360567],[78.003299,28.360466],[78.002892,28.360408],[78.002577,28.360399],[78.002173,28.360368],[78.001793,28.360123],[78.001349,28.359869],[78.000797,28.359361],[78.000615,28.359312],[78.000441,28.35934],[78.000258,28.359356],[77.99998,28.359379],[77.999634,28.359301],[77.999136,28.35931],[77.998701,28.359388],[77.998477,28.359446],[77.997802,28.359457],[77.997371,28.359309],[77.997229,28.359068],[77.9972,28.358795],[77.996869,28.35849],[77.996231,28.358474],[77.995654,28.358786],[77.995632,28.357961],[77.995082,28.357735],[77.994616,28.357383],[77.994633,28.357175],[77.994424,28.356917],[77.994043,28.356501],[77.993786,28.35604],[77.99387,28.355609],[77.993846,28.35402],[77.993938,28.353235],[77.993776,28.352909],[77.993409,28.352459],[77.993269,28.352046],[77.993225,28.351329],[77.993224,28.350643],[77.993277,28.350243],[77.993299,28.349096],[77.993104,28.348837],[77.992882,28.348403],[77.992068,28.347354],[77.990808,28.346094],[77.989883,28.345054],[77.989404,28.344755],[77.989439,28.344483],[77.989072,28.344189],[77.9883,28.343313],[77.987639,28.342646],[77.986782,28.341954],[77.986314,28.341908],[77.985885,28.341774],[77.985289,28.341428],[77.98447,28.341086],[77.983677,28.340685],[77.983112,28.340322],[77.982688,28.340322],[77.981573,28.339595],[77.977999,28.337295],[77.97639,28.337782],[77.975398,28.338062],[77.973481,28.338659],[77.973302,28.339084],[77.972648,28.339845],[77.971859,28.339486],[77.971123,28.339321],[77.970791,28.339349],[77.970576,28.339579],[77.970274,28.339745],[77.969807,28.339713],[77.969172,28.339596],[77.968722,28.339719],[77.968056,28.340212],[77.96808,28.34023],[77.965801,28.342602],[77.963063,28.345324],[77.96192,28.346592],[77.960298,28.348387],[77.959993,28.349536],[77.959352,28.349197],[77.959193,28.34846],[77.957663,28.347338],[77.957019,28.346783],[77.956919,28.346698],[77.956718,28.346893],[77.956162,28.346403],[77.955475,28.346389],[77.954523,28.346736],[77.952852,28.347517],[77.951388,28.348548],[77.950977,28.348002],[77.950676,28.348927],[77.950534,28.34918],[77.949322,28.350128],[77.949276,28.350367],[77.944879,28.353511],[77.944066,28.354535],[77.943059,28.356164],[77.939512,28.358514],[77.938789,28.35804],[77.935766,28.360142],[77.935375,28.359797],[77.93514,28.360013],[77.933422,28.359025],[77.929955,28.361532],[77.927562,28.360364],[77.925801,28.361326],[77.925242,28.361403],[77.924397,28.361714],[77.923615,28.361725],[77.922987,28.361475],[77.922096,28.361975],[77.921272,28.36254],[77.920642,28.363036],[77.920132,28.363345],[77.919826,28.36377],[77.919528,28.36399],[77.919193,28.364053],[77.918693,28.36445],[77.918083,28.364571],[77.917306,28.364813],[77.915987,28.365828],[77.914103,28.367192],[77.912585,28.366026],[77.911172,28.363949],[77.910391,28.362823],[77.909413,28.361731],[77.908703,28.360706],[77.90873,28.360108],[77.908602,28.359657],[77.907713,28.358842],[77.905375,28.356557],[77.904603,28.355892],[77.904296,28.355455],[77.903708,28.354654],[77.902993,28.355135],[77.901678,28.356245],[77.900296,28.357473],[77.899543,28.358092],[77.89633,28.360984],[77.895065,28.362119],[77.891606,28.365071],[77.890672,28.366067],[77.890588,28.366157],[77.888999,28.367855],[77.886623,28.364748],[77.88482,28.362219],[77.883752,28.360674],[77.882363,28.360283],[77.881592,28.360187],[77.879465,28.359856],[77.877418,28.359566],[77.875582,28.359231],[77.874844,28.359095],[77.874902,28.35854],[77.874899,28.358106],[77.875089,28.357437],[77.875023,28.356662],[77.874439,28.356269],[77.874075,28.355966],[77.874108,28.355733],[77.874316,28.355652],[77.874464,28.35541],[77.874563,28.354967],[77.87423,28.354828],[77.874129,28.354695],[77.874792,28.354257],[77.874949,28.354103],[77.875021,28.353208],[77.875022,28.352939],[77.875122,28.35265],[77.875284,28.352406],[77.875363,28.351645],[77.875387,28.351182],[77.874975,28.350606],[77.87436,28.349716],[77.874319,28.349133],[77.874723,28.348585],[77.874532,28.348104],[77.874063,28.347841],[77.873718,28.347872],[77.873114,28.3478],[77.872851,28.347607],[77.87297,28.347353],[77.873307,28.347009],[77.873718,28.346823],[77.874049,28.346368],[77.874302,28.345531],[77.874335,28.344889],[77.874204,28.344403],[77.873718,28.34433],[77.873718,28.34433],[77.873624,28.344296],[77.872964,28.34405],[77.871854,28.343667],[77.871469,28.343319],[77.871331,28.342928],[77.871291,28.342701],[77.871118,28.342601],[77.870937,28.342572],[77.870805,28.342555],[77.870712,28.342433],[77.870666,28.342307],[77.870718,28.342188],[77.870912,28.342029],[77.871117,28.341969],[77.871375,28.341962],[77.871577,28.342032],[77.871729,28.342091],[77.871784,28.342],[77.871777,28.341929],[77.871774,28.341743],[77.871853,28.341578],[77.872207,28.341089],[77.872358,28.340675],[77.872438,28.340579],[77.873063,28.339827],[77.873572,28.339347],[77.873718,28.3392],[77.873718,28.338959],[77.873981,28.338457],[77.874422,28.338261],[77.875059,28.337738],[77.876014,28.337091],[77.87676,28.33655],[77.87735,28.336058],[77.877402,28.335787],[77.877151,28.335683],[77.876718,28.335381],[77.876619,28.335016],[77.876781,28.334453],[77.876812,28.333854],[77.87682,28.333686],[77.87723,28.333736],[77.877989,28.333829],[77.878883,28.333933],[77.87935,28.334375],[77.879562,28.334482],[77.879444,28.334882],[77.879276,28.335198],[77.878983,28.335648],[77.87911,28.335904],[77.879412,28.335915],[77.879778,28.335583],[77.880238,28.334994],[77.880589,28.334894],[77.880964,28.33465],[77.881886,28.334255],[77.882391,28.334284],[77.882798,28.334535],[77.883273,28.334851],[77.883823,28.335126],[77.884312,28.335192],[77.885776,28.334805],[77.886416,28.334788],[77.886755,28.334956],[77.887041,28.335394],[77.886975,28.335719],[77.886713,28.3359],[77.885824,28.336027],[77.885438,28.335792],[77.884986,28.335785],[77.884864,28.33615],[77.885011,28.336404],[77.885832,28.336586],[77.888121,28.337552],[77.889055,28.335426],[77.889951,28.332265],[77.890012,28.332038],[77.891139,28.332129],[77.891737,28.332276],[77.891945,28.332658],[77.891991,28.333278],[77.891985,28.333644],[77.892268,28.333787],[77.892769,28.333731],[77.893131,28.333457],[77.893709,28.333086],[77.894585,28.332819],[77.895083,28.332927],[77.895719,28.333327],[77.896147,28.333386],[77.896791,28.333761],[77.897328,28.333877],[77.897758,28.333753],[77.897938,28.333542],[77.898042,28.333194],[77.897039,28.331706],[77.89669,28.331074],[77.896867,28.330453],[77.897429,28.330049],[77.898774,28.329224],[77.899539,28.329982],[77.900773,28.331362],[77.900941,28.331322],[77.901857,28.330639],[77.903032,28.329739],[77.903946,28.328843],[77.904155,28.328147],[77.904673,28.327417],[77.905162,28.326699],[77.905424,28.32632],[77.905681,28.325692],[77.905351,28.325434],[77.903294,28.324282],[77.903618,28.323524],[77.90395,28.323327],[77.905047,28.323219],[77.906985,28.323237],[77.907744,28.323562],[77.90769,28.322281],[77.907438,28.321231],[77.907672,28.319998],[77.907754,28.318671],[77.907847,28.318121],[77.908163,28.317863],[77.908696,28.317944],[77.90896,28.318351],[77.909116,28.318677],[77.909525,28.318733],[77.910373,28.318359],[77.910883,28.317835],[77.910979,28.317595],[77.910828,28.317125],[77.910305,28.316561],[77.910315,28.315703],[77.910596,28.315305],[77.91131,28.314996],[77.911995,28.314993],[77.912481,28.315203],[77.913036,28.3153],[77.9136,28.315486],[77.913708,28.315843],[77.913729,28.316038],[77.914286,28.316349],[77.914226,28.315586],[77.914389,28.31484],[77.914403,28.314393],[77.914574,28.313914],[77.914704,28.313422],[77.914679,28.312995],[77.914304,28.312056],[77.913937,28.31133],[77.913684,28.310218],[77.9152,28.309005],[77.914526,28.308637],[77.914019,28.308422],[77.912025,28.308655],[77.912023,28.3079],[77.911828,28.307332],[77.911614,28.306594],[77.911467,28.306199],[77.912192,28.305845],[77.913526,28.305295],[77.913744,28.304917],[77.913776,28.304283],[77.914128,28.304005],[77.914671,28.30349],[77.915235,28.303179],[77.915588,28.302915],[77.915794,28.302502],[77.91556,28.301861],[77.915485,28.301228],[77.915574,28.300971],[77.915817,28.300599],[77.916243,28.300079],[77.916588,28.29942],[77.91685,28.298444],[77.916909,28.29783],[77.917207,28.297512],[77.917693,28.29709],[77.918067,28.296707],[77.918316,28.296393],[77.918711,28.29589],[77.919089,28.295551],[77.919346,28.295309],[77.919678,28.295084],[77.919895,28.295095],[77.920114,28.295283],[77.920234,28.295478],[77.920361,28.295585],[77.920494,28.295589],[77.920651,28.295502],[77.920793,28.295124],[77.92074,28.294776],[77.920601,28.294406],[77.920493,28.294165],[77.920407,28.293981],[77.920453,28.293786],[77.920607,28.293671],[77.920822,28.293668],[77.921179,28.293756],[77.922016,28.293672],[77.922329,28.293499],[77.922762,28.293199],[77.922959,28.293022],[77.923261,28.292747],[77.923549,28.292489],[77.923937,28.292236],[77.924206,28.291964],[77.924404,28.291721],[77.924381,28.291502],[77.924176,28.291284],[77.923973,28.291243],[77.923908,28.291101],[77.923937,28.290746],[77.92486,28.289907],[77.924709,28.288432],[77.924453,28.287726],[77.923102,28.28718],[77.922559,28.28672],[77.921723,28.285644],[77.921751,28.285279],[77.921297,28.284576],[77.920134,28.283291],[77.917868,28.281271],[77.916407,28.281754],[77.913636,28.278471],[77.911742,28.275831],[77.91119,28.275826],[77.908624,28.274758],[77.907897,28.2739],[77.905846,28.272116],[77.905191,28.272759],[77.903147,28.271041],[77.902113,28.271699],[77.900625,28.270836],[77.897917,28.2733],[77.895816,28.275561],[77.896495,28.276322],[77.898092,28.277942],[77.897289,28.278261],[77.89436,28.280793],[77.893858,28.281533],[77.891693,28.283918],[77.892181,28.284215],[77.891588,28.284904],[77.892292,28.285452],[77.891535,28.286297],[77.890456,28.287616],[77.889237,28.289047],[77.887837,28.289297],[77.887007,28.289719],[77.886365,28.290481],[77.885665,28.291337],[77.884841,28.29255],[77.884346,28.293635],[77.883328,28.295984],[77.883096,28.297215],[77.882789,28.298639],[77.883129,28.299335],[77.882329,28.29978],[77.881511,28.300319],[77.880751,28.30087],[77.879736,28.301172],[77.879172,28.301235],[77.878881,28.30227],[77.878195,28.303615],[77.877136,28.305302],[77.876562,28.306174],[77.875898,28.306919],[77.875299,28.307188],[77.874351,28.3074],[77.873718,28.30756],[77.871498,28.310801],[77.87121,28.311072],[77.86986,28.311922],[77.868566,28.312756],[77.867724,28.312825],[77.866304,28.312737],[77.863033,28.314345],[77.861931,28.314737],[77.859848,28.315796],[77.859542,28.316328],[77.85917,28.316967],[77.859109,28.317293],[77.859193,28.317912],[77.859887,28.319807],[77.860592,28.323433],[77.860525,28.325303],[77.857742,28.325535],[77.855298,28.328608],[77.853917,28.329803],[77.852763,28.329712],[77.851699,28.329934],[77.850808,28.330617],[77.849533,28.329461],[77.847545,28.32741],[77.845648,28.32514],[77.844535,28.323795],[77.843503,28.322596],[77.843462,28.322108],[77.843119,28.321562],[77.840418,28.322172],[77.838532,28.322191],[77.837497,28.323314],[77.837471,28.323351],[77.836339,28.323832],[77.834625,28.324581],[77.833211,28.325464],[77.83484,28.326796],[77.83393,28.327616],[77.833519,28.327701],[77.832552,28.328844],[77.831883,28.329203],[77.831164,28.329617],[77.830986,28.329919],[77.830881,28.330197],[77.830694,28.330415],[77.830359,28.330494],[77.830225,28.330488],[77.829866,28.330331],[77.828064,28.331526],[77.827554,28.331568],[77.82688,28.331876],[77.826365,28.332054],[77.825734,28.33281],[77.823811,28.336106],[77.822883,28.338079],[77.821399,28.340159],[77.818453,28.343542],[77.818098,28.344372],[77.81742,28.346299],[77.81759,28.349481],[77.81648,28.350871],[77.814135,28.353122],[77.811086,28.355418],[77.808635,28.356742],[77.804548,28.353892],[77.802935,28.353028],[77.802402,28.353967],[77.801659,28.354455],[77.799877,28.355315],[77.79916,28.355776],[77.797732,28.356219],[77.796807,28.356596],[77.795806,28.357553],[77.79411,28.359553],[77.79244,28.361638],[77.79044,28.360518],[77.789706,28.360552],[77.788386,28.361212],[77.786423,28.362779],[77.785312,28.361554],[77.783059,28.359059],[77.782222,28.358374],[77.780504,28.35766],[77.779541,28.357399],[77.778473,28.358578],[77.777498,28.359838],[77.775948,28.36248],[77.77508,28.363129],[77.773729,28.364318],[77.771807,28.366823],[77.768994,28.37004],[77.767977,28.370902],[77.767279,28.37157],[77.767611,28.372011],[77.767959,28.372505],[77.76766,28.372761],[77.76705,28.373438],[77.766767,28.374265],[77.766249,28.374734],[77.765702,28.375052],[77.763108,28.377175],[77.762176,28.377636],[77.761315,28.377502],[77.759503,28.376483],[77.758929,28.376252],[77.758683,28.376358],[77.758372,28.376662],[77.758098,28.377401],[77.758034,28.377605],[77.759926,28.379598],[77.76106,28.380763],[77.760472,28.381111],[77.760298,28.381232],[77.761084,28.38236],[77.761896,28.383375],[77.762255,28.383773],[77.762277,28.384197],[77.761821,28.384448],[77.761328,28.384982],[77.76056,28.385917],[77.759967,28.38691],[77.759379,28.388005],[77.758899,28.388868],[77.75858,28.389284],[77.759817,28.390165],[77.762499,28.391828],[77.764206,28.393119],[77.764311,28.393392],[77.764285,28.395042],[77.764317,28.395669],[77.765119,28.396055],[77.767503,28.397374],[77.768136,28.397555],[77.7693,28.39795],[77.769661,28.397977],[77.770079,28.398585],[77.770765,28.399976],[77.774171,28.39831],[77.7768,28.397181],[77.777994,28.39718],[77.779812,28.397275],[77.781191,28.397197],[77.781886,28.397877],[77.782742,28.398728],[77.784282,28.398254],[77.784561,28.398246],[77.784888,28.398249],[77.786066,28.399859],[77.786872,28.400869],[77.787801,28.402156],[77.788724,28.403127],[77.789555,28.404582],[77.788982,28.404808],[77.788612,28.404945],[77.788355,28.405004],[77.788216,28.405035],[77.788164,28.405272],[77.788383,28.406534],[77.788349,28.407681],[77.788947,28.409479],[77.789262,28.410607],[77.789507,28.411115],[77.789095,28.411372],[77.788759,28.411622],[77.788686,28.411764],[77.788648,28.411922],[77.788872,28.412495],[77.788009,28.412943],[77.787596,28.41319],[77.787136,28.413424],[77.788009,28.41431],[77.789775,28.416265],[77.789131,28.417195],[77.789631,28.418414],[77.790518,28.41998],[77.791736,28.422049],[77.792271,28.423392],[77.792949,28.424796],[77.793248,28.425451],[77.793674,28.426909],[77.794329,28.427995],[77.794924,28.428645],[77.795263,28.429373],[77.795737,28.429926],[77.795844,28.430129],[77.795594,28.430922],[77.795055,28.431645],[77.793838,28.432907],[77.792712,28.434255],[77.792316,28.434772],[77.791144,28.435623],[77.790747,28.435811],[77.790478,28.435901],[77.791445,28.436602],[77.792728,28.437652],[77.79425,28.438326],[77.796663,28.440529],[77.798826,28.442376],[77.799161,28.442557],[77.799528,28.442755],[77.800699,28.443109],[77.803298,28.443225],[77.804958,28.443339],[77.805167,28.443416],[77.80576,28.44422],[77.806592,28.444677],[77.806942,28.444789],[77.807151,28.445166],[77.807476,28.445636],[77.808117,28.446647],[77.80817,28.447055],[77.802959,28.448621],[77.803514,28.449474],[77.803433,28.450128],[77.803933,28.451008],[77.803187,28.451526],[77.803766,28.452288],[77.803866,28.452604],[77.803391,28.45332],[77.803877,28.453826],[77.804396,28.454814],[77.803787,28.455282],[77.804519,28.455646],[77.805492,28.456129],[77.806793,28.456465],[77.807897,28.455874],[77.809352,28.457523],[77.813072,28.461495],[77.813153,28.461557],[77.814121,28.4623],[77.813428,28.463171],[77.812698,28.463793],[77.812224,28.464296],[77.810535,28.466391],[77.810229,28.466201],[77.809482,28.465386],[77.807993,28.463512],[77.807189,28.463418],[77.806518,28.462986],[77.805495,28.462371],[77.802838,28.4624],[77.801304,28.462422],[77.800808,28.462856],[77.800368,28.462901],[77.799784,28.462893],[77.799612,28.462663],[77.799291,28.462633],[77.799026,28.462575],[77.798158,28.463301],[77.79745,28.463931],[77.797086,28.464101],[77.796786,28.464275],[77.796419,28.464511],[77.796109,28.464789],[77.795735,28.464918],[77.794913,28.465369],[77.791741,28.466606],[77.791424,28.466851],[77.790888,28.467266],[77.789465,28.468356],[77.788134,28.469574],[77.784884,28.472812],[77.783345,28.474324],[77.783127,28.475072],[77.782784,28.475496],[77.782964,28.475596],[77.783233,28.475837],[77.783931,28.476333],[77.784944,28.477103],[77.785186,28.478156],[77.786334,28.479205],[77.787677,28.480501],[77.785522,28.481739],[77.786457,28.482778],[77.786152,28.483103],[77.786665,28.483651],[77.786413,28.483981],[77.786637,28.484351],[77.785777,28.484749],[77.785554,28.485151],[77.785675,28.485292],[77.786097,28.485679],[77.785285,28.486232],[77.785807,28.48707],[77.785788,28.487348],[77.786206,28.487801],[77.786686,28.488405],[77.786989,28.488599],[77.787237,28.488841],[77.787264,28.489101],[77.787583,28.490176],[77.787979,28.490818],[77.78863,28.491683],[77.789369,28.492363],[77.789224,28.492497],[77.788831,28.492688],[77.789372,28.493257],[77.787048,28.494538],[77.784892,28.496371],[77.784181,28.497006],[77.783568,28.496756],[77.783437,28.497085],[77.783942,28.497981],[77.78228,28.499627],[77.783146,28.50004],[77.78224,28.501147],[77.782736,28.501695],[77.782291,28.501955],[77.781413,28.502384],[77.782269,28.503569],[77.782567,28.5039],[77.783182,28.504518],[77.785463,28.502877],[77.786023,28.503739],[77.787062,28.50325],[77.787323,28.503492],[77.788242,28.50299],[77.788869,28.503752],[77.789718,28.505267],[77.788879,28.505828],[77.787326,28.506852],[77.787789,28.507492],[77.788539,28.507081],[77.789169,28.507665],[77.787581,28.508877],[77.788743,28.510173],[77.789227,28.509937],[77.790215,28.511345],[77.789664,28.511464],[77.790294,28.512036],[77.788731,28.512612],[77.789292,28.513354],[77.789974,28.513014],[77.790474,28.513684],[77.791413,28.514811],[77.790225,28.515783],[77.788672,28.515948],[77.789876,28.516671],[77.789123,28.517514],[77.789636,28.517766],[77.789544,28.51879],[77.788739,28.519773],[77.787499,28.520238],[77.786234,28.520349],[77.785561,28.519661],[77.785079,28.518918],[77.784013,28.519513],[77.783439,28.51952],[77.782908,28.519309],[77.782815,28.519688],[77.779941,28.518847],[77.779746,28.519527],[77.778009,28.518984],[77.777351,28.519038],[77.7766,28.519157],[77.775796,28.518226],[77.773987,28.516575],[77.772251,28.51481],[77.771848,28.514931],[77.769422,28.516906],[77.768671,28.517022],[77.767904,28.517084],[77.76717,28.517261],[77.766644,28.517518],[77.765006,28.518784],[77.762286,28.52026],[77.761718,28.519305],[77.760831,28.518615],[77.759696,28.517906],[77.75724,28.517127],[77.756996,28.516541],[77.755611,28.516411],[77.754445,28.516182],[77.75299,28.516704],[77.75153,28.514964],[77.750084,28.51601],[77.748732,28.514859],[77.74858,28.514898],[77.748095,28.515444],[77.74774,28.515133],[77.747444,28.515187],[77.746144,28.515831],[77.745651,28.51612],[77.745128,28.51646],[77.744469,28.516813],[77.744745,28.517221],[77.743405,28.518534],[77.743048,28.519024],[77.743253,28.519574],[77.743503,28.519883],[77.743036,28.520325],[77.743453,28.521214],[77.743116,28.521557],[77.743407,28.521814],[77.743228,28.52199],[77.743121,28.522195],[77.743251,28.522446],[77.743446,28.522622],[77.743293,28.523219],[77.743009,28.523664],[77.742374,28.52493],[77.742533,28.525259],[77.74296,28.525969],[77.742633,28.526181],[77.742127,28.526299],[77.74203,28.525947],[77.741716,28.525904],[77.74098,28.526225],[77.740848,28.526363],[77.74049,28.52687],[77.74008,28.527937],[77.739289,28.529575],[77.738975,28.530142],[77.73871,28.531114],[77.738547,28.532303],[77.738246,28.533241],[77.738149,28.533893],[77.737878,28.534165],[77.737618,28.534426],[77.737171,28.535013],[77.736778,28.535051],[77.736114,28.534765],[77.735945,28.534882],[77.7351,28.535395],[77.734533,28.535523],[77.7336,28.535138],[77.732573,28.534698],[77.732568,28.534696],[77.731952,28.534717],[77.730877,28.535166],[77.728806,28.536644],[77.727634,28.537339],[77.726222,28.538118],[77.72427,28.539287],[77.722807,28.540045],[77.721528,28.540623],[77.720567,28.54098],[77.719901,28.541311],[77.719563,28.541397],[77.719213,28.541483],[77.717796,28.54177],[77.717497,28.541856],[77.717172,28.541835],[77.716447,28.542059],[77.716284,28.542641],[77.716238,28.543539],[77.716248,28.543848],[77.716358,28.544157],[77.71666,28.544851],[77.716864,28.545063],[77.717355,28.545569],[77.717838,28.545963],[77.718104,28.54622],[77.718758,28.546859],[77.719604,28.547831],[77.71988,28.548097],[77.720099,28.548343],[77.720122,28.548577],[77.719844,28.549493],[77.719829,28.549538],[77.720197,28.549664],[77.720486,28.549863],[77.720759,28.550278],[77.721033,28.550677],[77.721273,28.551223],[77.721531,28.551498],[77.721871,28.551836],[77.722201,28.5521],[77.722425,28.552314],[77.72262,28.552601],[77.723036,28.552907],[77.723744,28.553334],[77.724276,28.553597],[77.724728,28.553764],[77.725277,28.554014],[77.725609,28.55419],[77.725773,28.554317],[77.725962,28.554497],[77.726172,28.554562],[77.726404,28.55472],[77.727127,28.555198],[77.727572,28.555457],[77.727817,28.555735],[77.728288,28.556156],[77.72864,28.556592],[77.729328,28.557381],[77.729653,28.557715],[77.730634,28.558729],[77.730762,28.558811],[77.731401,28.559354],[77.731779,28.559573],[77.73217,28.559837],[77.732656,28.560148],[77.733113,28.560366],[77.733466,28.560556],[77.734059,28.560768],[77.734516,28.560898],[77.735083,28.561],[77.735643,28.561022],[77.736133,28.560979],[77.736557,28.560925],[77.737122,28.560843],[77.738159,28.560667],[77.739289,28.560531],[77.739782,28.560483],[77.740331,28.560427],[77.741419,28.560269],[77.742842,28.5599],[77.74343,28.559686],[77.743948,28.559462],[77.744301,28.559424],[77.745425,28.55945],[77.746411,28.559267],[77.747484,28.558964],[77.747865,28.558917],[77.748059,28.559571],[77.748341,28.560245],[77.748712,28.561197],[77.748988,28.56191],[77.749121,28.562255],[77.748909,28.562528],[77.748243,28.563147],[77.748734,28.563449],[77.750007,28.564367],[77.75117,28.565357],[77.751399,28.565168],[77.75219,28.566688],[77.751082,28.567362],[77.751383,28.567874],[77.751387,28.568836],[77.751388,28.569506],[77.75128,28.569795],[77.750654,28.570199],[77.750678,28.570428],[77.751507,28.571519],[77.752725,28.573162],[77.753022,28.572907],[77.753256,28.5729],[77.753606,28.573091],[77.75418,28.574104],[77.752995,28.574505],[77.752581,28.574892],[77.752565,28.575137],[77.753647,28.576133],[77.753521,28.576448],[77.752842,28.577867],[77.75283,28.578149],[77.752937,28.578384],[77.753679,28.578896],[77.753342,28.579496],[77.752687,28.580682],[77.753395,28.581404],[77.755158,28.583114],[77.756615,28.582752],[77.757547,28.582701],[77.75798,28.583823],[77.7583,28.584516],[77.759097,28.584098],[77.760907,28.582819],[77.76219,28.584359],[77.762698,28.585134],[77.762052,28.585418],[77.762671,28.586465],[77.763706,28.588135],[77.76451,28.588972],[77.76599,28.588364],[77.76623,28.588686],[77.767112,28.588285],[77.768244,28.589107],[77.76971,28.588294],[77.770314,28.58788],[77.770581,28.587797],[77.770761,28.587929],[77.771357,28.587308],[77.771679,28.587087],[77.77182,28.587124],[77.772008,28.587206],[77.772376,28.587164],[77.773247,28.587191],[77.773698,28.587093],[77.77413,28.58701],[77.774831,28.586989],[77.775881,28.58688],[77.776987,28.58679],[77.777365,28.586711],[77.777633,28.586506],[77.778177,28.587096],[77.77955,28.588507],[77.780654,28.589648],[77.781121,28.590292],[77.781576,28.591084],[77.782255,28.592052],[77.782816,28.592738],[77.783076,28.59285],[77.7838,28.59239],[77.784658,28.593222],[77.785652,28.594164],[77.785928,28.594568],[77.784781,28.595063],[77.785804,28.596479],[77.787355,28.5984],[77.787868,28.599162],[77.787151,28.59955],[77.787829,28.600506],[77.788183,28.601123],[77.787187,28.601956],[77.787698,28.602427],[77.788241,28.603004],[77.788535,28.603577],[77.789013,28.605524],[77.789512,28.606799],[77.790269,28.606397],[77.791237,28.60761],[77.792154,28.608875],[77.792421,28.609255],[77.792065,28.60954],[77.793709,28.611295],[77.794681,28.611886],[77.794048,28.61223],[77.794548,28.613323],[77.795246,28.614594],[77.795826,28.615534],[77.795941,28.617182],[77.796766,28.616542],[77.797666,28.616188],[77.798006,28.616149],[77.798308,28.616794],[77.799036,28.618221],[77.799589,28.619029],[77.800654,28.620051],[77.801157,28.620376],[77.801624,28.62063],[77.802391,28.62164],[77.803181,28.622599],[77.804031,28.623542],[77.80443,28.62407],[77.804955,28.62421],[77.806237,28.624471],[77.807781,28.625003],[77.807842,28.625027],[77.809908,28.625864],[77.812564,28.62684],[77.813547,28.627203],[77.814139,28.627342],[77.814629,28.627847],[77.815088,28.628249],[77.815329,28.628278],[77.815485,28.62807],[77.815646,28.627309],[77.815613,28.627084],[77.815703,28.627071],[77.81598,28.627191],[77.816215,28.627335],[77.81643,28.627454],[77.816534,28.62748],[77.817181,28.627077],[77.817277,28.626991],[77.817306,28.626941],[77.817113,28.626761],[77.816888,28.62648],[77.816849,28.62637],[77.816906,28.626284],[77.81721,28.62601],[77.817362,28.625965],[77.817871,28.626388],[77.818199,28.626668],[77.818329,28.626698],[77.818547,28.626528],[77.818706,28.626595],[77.819794,28.627558],[77.820579,28.628136],[77.82142,28.628889],[77.821613,28.628881],[77.821936,28.628719],[77.823124,28.628392],[77.823917,28.628319],[77.826948,28.628444],[77.827932,28.628681],[77.828655,28.629187],[77.830077,28.630473],[77.831305,28.631654],[77.832658,28.6327],[77.833533,28.633544],[77.834144,28.634152],[77.834151,28.634146],[77.835616,28.633152],[77.835786,28.633296],[77.836346,28.633861],[77.837131,28.633544],[77.838319,28.632796],[77.838649,28.633007],[77.84022,28.634448],[77.840989,28.635402],[77.842267,28.636988],[77.843301,28.637848],[77.844705,28.638926],[77.844306,28.639117],[77.845494,28.640552],[77.845715,28.64061],[77.846549,28.640316],[77.847892,28.641955],[77.848291,28.642452],[77.848346,28.642708],[77.848426,28.64256],[77.849502,28.641525],[77.849875,28.64085]]]}},{"type":"Feature","properties":{"OBJECTID":2484,"state_lgd":"09","state_name":"UTTAR PRADESH","district_lgd":"142","district_name":"BULANDSHAHR","district_name_source":"district_table","subdistrict_lgd":"749","subdistrict_name":"DEBAI","subdistrict_type":"Tehsil","name_corrupted":false,"remarks":""},"geometry":{"type":"Polygon","coordinates":[[[78.303021,28.306296],[78.303124,28.306043],[78.303667,28.305629],[78.304097,28.305181],[78.304154,28.304651],[78.304024,28.304142],[78.303709,28.303442],[78.303454,28.302942],[78.303472,28.302512],[78.303854,28.301974],[78.304508,28.301595],[78.305116,28.300971],[78.305654,28.300056],[78.305729,28.299928],[78.3059,28.299245],[78.30575,28.297454],[78.305707,28.296498],[78.305808,28.295963],[78.306134,28.295353],[78.30685,28.294604],[78.308175,28.293536],[78.309813,28.292415],[78.31028,28.292022],[78.310699,28.291496],[78.311676,28.290303],[78.312109,28.289644],[78.31241,28.288664],[78.312493,28.288046],[78.312639,28.287396],[78.312887,28.286581],[78.313099,28.285711],[78.313018,28.28518],[78.312789,28.284592],[78.312456,28.284323],[78.31161,28.284082],[78.310545,28.283529],[78.309569,28.282723],[78.309028,28.282121],[78.308895,28.28181],[78.308803,28.281268],[78.309074,28.280586],[78.309398,28.279706],[78.310493,28.278082],[78.311634,28.276779],[78.312068,28.276055],[78.312978,28.274308],[78.313826,28.273433],[78.315317,28.27209],[78.316262,28.271393],[78.317419,28.270731],[78.318387,28.270189],[78.319414,28.269923],[78.32084,28.269706],[78.322027,28.26962],[78.324569,28.269867],[78.326189,28.270072],[78.329271,28.27006],[78.33025,28.269904],[78.331159,28.26976],[78.333043,28.269802],[78.334989,28.269855],[78.337818,28.270183],[78.339498,28.270499],[78.342272,28.271202],[78.343467,28.271446],[78.345422,28.271754],[78.346407,28.271764],[78.347319,28.271696],[78.34883,28.271634],[78.34988,28.271546],[78.350111,28.271515],[78.351267,28.271361],[78.352144,28.271149],[78.353034,28.270805],[78.353777,28.270305],[78.354489,28.269798],[78.35495,28.269333],[78.355238,28.268845],[78.355366,28.268139],[78.355532,28.266859],[78.355774,28.265558],[78.356466,28.263201],[78.35689,28.262299],[78.357314,28.261398],[78.358103,28.26019],[78.358891,28.259138],[78.360128,28.258024],[78.36164,28.256957],[78.363482,28.256313],[78.364748,28.255862],[78.365865,28.255398],[78.366896,28.254768],[78.36754,28.254189],[78.367824,28.253474],[78.367794,28.252954],[78.36749,28.252321],[78.366909,28.251884],[78.366326,28.251657],[78.365953,28.251565],[78.365581,28.251362],[78.365412,28.250919],[78.365516,28.250165],[78.365709,28.248369],[78.366053,28.247109],[78.36643,28.245728],[78.36643,28.245728],[78.366608,28.245],[78.366877,28.243824],[78.366877,28.243822],[78.366877,28.243822],[78.366849,28.242737],[78.366849,28.242737],[78.366775,28.241951],[78.366775,28.24195],[78.366657,28.241337],[78.366537,28.240815],[78.366437,28.240381],[78.366437,28.24038],[78.366339,28.239743],[78.366339,28.239743],[78.366241,28.239271],[78.366249,28.239256],[78.366651,28.238529],[78.367362,28.237544],[78.368206,28.2361],[78.368206,28.236099],[78.368748,28.234965],[78.370157,28.233929],[78.370158,28.233929],[78.371395,28.23295],[78.371396,28.232949],[78.371397,28.232949],[78.371435,28.232903],[78.372294,28.2319],[78.372294,28.231899],[78.372294,28.231899],[78.372294,28.231899],[78.373201,28.230411],[78.373201,28.230411],[78.37383,28.229126],[78.374843,28.227553],[78.374909,28.227452],[78.374909,28.227452],[78.375449,28.226466],[78.375449,28.226466],[78.375962,28.225933],[78.375962,28.225933],[78.376733,28.225191],[78.377392,28.224806],[78.378371,28.224403],[78.378371,28.224403],[78.379274,28.224245],[78.379977,28.224121],[78.379977,28.224121],[78.37998,28.22412],[78.37998,28.22412],[78.380869,28.223646],[78.38087,28.223646],[78.382061,28.222947],[78.382062,28.222946],[78.382524,28.222561],[78.382637,28.222467],[78.382637,28.222467],[78.382637,28.222467],[78.382638,28.222466],[78.382639,28.222465],[78.38264,28.222464],[78.382812,28.222076],[78.382812,28.222076],[78.382813,28.222074],[78.382813,28.222073],[78.38282,28.221533],[78.38282,28.221531],[78.38274,28.221197],[78.38274,28.221196],[78.382739,28.221195],[78.382738,28.221193],[78.382737,28.221192],[78.382736,28.221192],[78.382736,28.221192],[78.382196,28.220871],[78.381843,28.220457],[78.381871,28.219744],[78.381963,28.219129],[78.382221,28.21883],[78.383724,28.218158],[78.383724,28.218158],[78.383726,28.218157],[78.383727,28.218156],[78.38516,28.216767],[78.386644,28.215906],[78.38805,28.215078],[78.388224,28.215001],[78.389131,28.214603],[78.390642,28.21435],[78.39072,28.214337],[78.390721,28.214337],[78.390721,28.214337],[78.391013,28.214276],[78.392438,28.21398],[78.39331,28.213636],[78.393454,28.213579],[78.393456,28.213578],[78.393457,28.213577],[78.393759,28.213316],[78.394203,28.212932],[78.394203,28.212931],[78.394203,28.212931],[78.394203,28.212931],[78.394204,28.212931],[78.394204,28.212931],[78.394204,28.21293],[78.39444,28.212646],[78.394805,28.212206],[78.395678,28.211524],[78.39568,28.211522],[78.39568,28.211522],[78.395916,28.211134],[78.395917,28.21113],[78.395917,28.21113],[78.396013,28.210072],[78.396217,28.209045],[78.396319,28.208476],[78.396421,28.207906],[78.396683,28.207364],[78.397411,28.206511],[78.397411,28.206511],[78.397411,28.206511],[78.397411,28.206511],[78.398098,28.205442],[78.398099,28.20544],[78.398099,28.20544],[78.398495,28.20419],[78.39891,28.203146],[78.39891,28.203146],[78.399239,28.202177],[78.399239,28.202176],[78.399239,28.202175],[78.399239,28.202175],[78.399422,28.201055],[78.399422,28.201055],[78.399422,28.201054],[78.399482,28.199744],[78.399535,28.199456],[78.399707,28.198539],[78.399707,28.198539],[78.399707,28.198538],[78.399707,28.198537],[78.399707,28.198536],[78.399573,28.197489],[78.399573,28.197487],[78.39894,28.19576],[78.39894,28.195759],[78.398282,28.194386],[78.398282,28.194386],[78.397766,28.193501],[78.397765,28.1935],[78.397108,28.192135],[78.397108,28.192135],[78.397108,28.192135],[78.397108,28.192135],[78.397108,28.192135],[78.397108,28.192134],[78.397108,28.192134],[78.396989,28.191968],[78.396651,28.191492],[78.39647,28.190933],[78.396654,28.190613],[78.396836,28.190298],[78.397014,28.190058],[78.397265,28.189722],[78.397266,28.18972],[78.397678,28.188846],[78.397678,28.188845],[78.397965,28.187838],[78.397965,28.187838],[78.397966,28.187836],[78.397973,28.187243],[78.397974,28.187182],[78.398047,28.186471],[78.398424,28.185039],[78.399474,28.183797],[78.399474,28.183796],[78.400036,28.183256],[78.40065,28.182666],[78.400958,28.182326],[78.400989,28.182292],[78.401272,28.181979],[78.401401,28.18175],[78.401411,28.181704],[78.401439,28.181574],[78.401468,28.181444],[78.402276,28.18078],[78.403085,28.180171],[78.403086,28.180171],[78.403752,28.179261],[78.40454,28.178543],[78.40454,28.178543],[78.404558,28.178524],[78.405271,28.177778],[78.407228,28.176251],[78.40887,28.174976],[78.40887,28.174975],[78.410108,28.173939],[78.410706,28.173421],[78.411326,28.172866],[78.411923,28.17233],[78.412604,28.171943],[78.412604,28.171943],[78.413963,28.171432],[78.414808,28.171144],[78.414809,28.171144],[78.416613,28.170394],[78.41776,28.169882],[78.417761,28.169881],[78.418771,28.169521],[78.418771,28.169521],[78.418773,28.16952],[78.418774,28.16952],[78.418775,28.16952],[78.419913,28.169513],[78.419914,28.169513],[78.42139,28.169583],[78.42139,28.169583],[78.421391,28.169583],[78.421391,28.169583],[78.421391,28.169583],[78.422785,28.169504],[78.422786,28.169504],[78.4238,28.169383],[78.423802,28.169383],[78.42473,28.169373],[78.42473,28.169373],[78.424731,28.169373],[78.424731,28.169373],[78.426139,28.169221],[78.426139,28.16922],[78.426141,28.16922],[78.427453,28.168878],[78.427454,28.168878],[78.428302,28.168587],[78.429702,28.168132],[78.429702,28.168132],[78.429702,28.168132],[78.430972,28.167679],[78.430973,28.167679],[78.430973,28.167678],[78.431844,28.167257],[78.431844,28.167257],[78.431844,28.167257],[78.433245,28.166541],[78.433248,28.166539],[78.433248,28.166539],[78.433359,28.166431],[78.433972,28.165839],[78.433973,28.165838],[78.433973,28.165838],[78.43459,28.165414],[78.43459,28.165414],[78.43459,28.165414],[78.434842,28.165211],[78.434842,28.165211],[78.434844,28.165209],[78.434844,28.165208],[78.434845,28.165206],[78.434845,28.165205],[78.434845,28.165205],[78.434845,28.165204],[78.434818,28.163973],[78.434818,28.163972],[78.434626,28.162492],[78.434626,28.162492],[78.434626,28.162491],[78.434551,28.161687],[78.434551,28.161686],[78.434551,28.161686],[78.434551,28.161686],[78.434551,28.161685],[78.434551,28.161685],[78.434624,28.160975],[78.434624,28.160975],[78.434714,28.160473],[78.434714,28.160473],[78.434714,28.160473],[78.434714,28.160471],[78.434715,28.16047],[78.434716,28.160469],[78.434716,28.160469],[78.434716,28.160468],[78.43527,28.159915],[78.43527,28.159915],[78.435272,28.159914],[78.435272,28.159914],[78.436716,28.159124],[78.436716,28.159123],[78.436717,28.159123],[78.436717,28.159123],[78.436717,28.159123],[78.436717,28.159123],[78.436894,28.158998],[78.437291,28.158717],[78.437292,28.158717],[78.437726,28.158449],[78.437727,28.158449],[78.437727,28.158449],[78.437727,28.158449],[78.437728,28.158448],[78.437729,28.158448],[78.438149,28.158341],[78.43815,28.158341],[78.438152,28.15834],[78.438154,28.15834],[78.438154,28.15834],[78.438909,28.158441],[78.438912,28.158441],[78.438912,28.158441],[78.439777,28.158263],[78.43978,28.158262],[78.43978,28.158262],[78.440692,28.157785],[78.440692,28.157785],[78.440693,28.157784],[78.440693,28.157784],[78.4418,28.157065],[78.442587,28.156531],[78.442587,28.156531],[78.442589,28.156529],[78.443252,28.155751],[78.443252,28.155751],[78.443252,28.15575],[78.443252,28.15575],[78.444106,28.154935],[78.444106,28.154935],[78.444107,28.154934],[78.444107,28.154934],[78.444604,28.154218],[78.444642,28.154166],[78.445159,28.153485],[78.445159,28.153485],[78.445159,28.153485],[78.445159,28.153485],[78.44516,28.153484],[78.44516,28.153484],[78.445715,28.152966],[78.44627,28.152467],[78.44627,28.152467],[78.446272,28.152465],[78.446993,28.15208],[78.446993,28.15208],[78.446994,28.152079],[78.446994,28.152079],[78.44767,28.151844],[78.447672,28.151843],[78.447672,28.151843],[78.447673,28.151843],[78.447673,28.151843],[78.447674,28.151843],[78.447674,28.151843],[78.449171,28.151895],[78.449171,28.151895],[78.45033,28.151981],[78.45033,28.151981],[78.45033,28.151981],[78.450332,28.151981],[78.450332,28.151981],[78.451658,28.152294],[78.452225,28.15243],[78.452225,28.15243],[78.452227,28.15243],[78.452227,28.15243],[78.45458,28.152418],[78.45458,28.152418],[78.455994,28.152356],[78.455995,28.152356],[78.455997,28.152356],[78.456799,28.15214],[78.456799,28.15214],[78.456801,28.152139],[78.456802,28.152139],[78.456802,28.152139],[78.456802,28.152138],[78.457375,28.151734],[78.457377,28.151732],[78.458083,28.150917],[78.458083,28.150916],[78.459361,28.149644],[78.459361,28.149644],[78.460603,28.148159],[78.460605,28.148157],[78.461277,28.146686],[78.461277,28.146686],[78.461277,28.146685],[78.461277,28.146685],[78.461542,28.145734],[78.461542,28.145734],[78.461542,28.145733],[78.461542,28.145733],[78.461741,28.143443],[78.461866,28.141853],[78.461866,28.141853],[78.461866,28.141852],[78.461866,28.141852],[78.46172,28.139979],[78.46172,28.139978],[78.46172,28.139978],[78.461786,28.137995],[78.461786,28.137995],[78.461787,28.137994],[78.461787,28.137994],[78.461817,28.137817],[78.461923,28.13721],[78.461923,28.137209],[78.462107,28.136425],[78.46228,28.135686],[78.46228,28.135686],[78.46228,28.135685],[78.462336,28.134563],[78.462336,28.134563],[78.462336,28.134563],[78.462336,28.134561],[78.462018,28.133006],[78.462018,28.133006],[78.462018,28.133004],[78.462018,28.133004],[78.462056,28.131602],[78.462056,28.131601],[78.462056,28.131601],[78.462171,28.130819],[78.462171,28.130818],[78.462171,28.130817],[78.462172,28.130816],[78.462173,28.130814],[78.462173,28.130814],[78.463046,28.12993],[78.463047,28.129929],[78.463835,28.12932],[78.463835,28.12932],[78.463835,28.12932],[78.463835,28.129319],[78.463836,28.129319],[78.463836,28.129319],[78.463836,28.129319],[78.464856,28.128712],[78.464856,28.128712],[78.464857,28.128711],[78.465491,28.128456],[78.465492,28.128456],[78.465493,28.128455],[78.465494,28.128454],[78.466195,28.127758],[78.466195,28.127758],[78.466196,28.127756],[78.466197,28.127755],[78.466197,28.127755],[78.466197,28.127755],[78.466633,28.1266],[78.466633,28.1266],[78.466633,28.126599],[78.466633,28.126599],[78.46688,28.125331],[78.46688,28.125331],[78.46688,28.12533],[78.46688,28.12533],[78.46688,28.125329],[78.46688,28.125329],[78.46688,28.125327],[78.46688,28.125327],[78.466559,28.124035],[78.466559,28.124035],[78.466559,28.124035],[78.466558,28.124033],[78.466251,28.123492],[78.466251,28.123492],[78.46625,28.123488],[78.46625,28.123486],[78.466251,28.123485],[78.466251,28.123484],[78.466251,28.123484],[78.466347,28.12332],[78.466483,28.123087],[78.466484,28.123087],[78.466485,28.123086],[78.466486,28.123085],[78.466487,28.123084],[78.466487,28.123084],[78.466877,28.12287],[78.468163,28.122166],[78.468164,28.122165],[78.468164,28.122165],[78.469614,28.120981],[78.469614,28.120981],[78.471383,28.1193],[78.471384,28.1193],[78.472625,28.117908],[78.472626,28.117907],[78.474312,28.116332],[78.475508,28.115167],[78.475508,28.115167],[78.476385,28.114202],[78.476385,28.114202],[78.476919,28.113683],[78.476919,28.113682],[78.477458,28.113072],[78.477476,28.113058],[78.477477,28.113057],[78.476082,28.111441],[78.476081,28.111439],[78.476081,28.111439],[78.474556,28.110199],[78.474556,28.110199],[78.473157,28.108969],[78.472056,28.107996],[78.471291,28.107319],[78.469715,28.105937],[78.468111,28.104589],[78.466263,28.10298],[78.464697,28.101598],[78.462798,28.099895],[78.460966,28.098217],[78.45971,28.097041],[78.45971,28.097041],[78.45971,28.097041],[78.458134,28.095659],[78.458134,28.095659],[78.457131,28.094844],[78.457131,28.094844],[78.454193,28.092162],[78.451971,28.090147],[78.451971,28.090147],[78.451387,28.089552],[78.450804,28.088956],[78.450804,28.088956],[78.449263,28.087493],[78.449263,28.087493],[78.448181,28.086276],[78.448181,28.086276],[78.44818,28.086274],[78.44715,28.085512],[78.447149,28.085511],[78.445685,28.083719],[78.445684,28.083718],[78.44492,28.082374],[78.44492,28.082373],[78.44492,28.082373],[78.44492,28.082373],[78.44492,28.082373],[78.44492,28.082372],[78.44492,28.082372],[78.444676,28.081689],[78.444676,28.081688],[78.444676,28.081687],[78.444675,28.081686],[78.444673,28.081684],[78.444672,28.081684],[78.444672,28.081684],[78.44467,28.081683],[78.444668,28.081682],[78.444667,28.081682],[78.444666,28.081682],[78.444666,28.081682],[78.444665,28.081682],[78.444663,28.081683],[78.444661,28.081683],[78.44466,28.081684],[78.444056,28.082082],[78.444055,28.082082],[78.444055,28.082082],[78.444055,28.082083],[78.443036,28.082615],[78.443035,28.082615],[78.441934,28.083295],[78.441933,28.083295],[78.441931,28.083296],[78.44193,28.083296],[78.441928,28.083296],[78.441926,28.083296],[78.441925,28.083296],[78.440988,28.083064],[78.440988,28.083064],[78.440987,28.083064],[78.440986,28.083064],[78.440984,28.083064],[78.440982,28.083064],[78.440981,28.083065],[78.44098,28.083065],[78.440979,28.083066],[78.439579,28.08406],[78.439578,28.08406],[78.439577,28.08406],[78.439577,28.084061],[78.438263,28.084702],[78.438261,28.084703],[78.43826,28.084703],[78.437877,28.084741],[78.437589,28.08477],[78.437589,28.084771],[78.437587,28.084771],[78.437585,28.084772],[78.437584,28.084772],[78.437583,28.084773],[78.437583,28.084773],[78.43652,28.085733],[78.436517,28.085734],[78.436517,28.085734],[78.436517,28.085734],[78.433518,28.086972],[78.433518,28.086972],[78.433517,28.086972],[78.430785,28.088198],[78.430783,28.088198],[78.430782,28.088198],[78.43078,28.088199],[78.430778,28.088198],[78.430776,28.088198],[78.430775,28.088198],[78.430213,28.087951],[78.430213,28.087951],[78.430213,28.087951],[78.429614,28.087668],[78.429612,28.087667],[78.429611,28.087667],[78.429609,28.087667],[78.429607,28.087667],[78.429605,28.087667],[78.429604,28.087668],[78.429602,28.087669],[78.429601,28.08767],[78.4296,28.087671],[78.4296,28.087671],[78.4296,28.087671],[78.429046,28.088501],[78.4284,28.089523],[78.4284,28.089523],[78.428399,28.089525],[78.428399,28.089525],[78.427758,28.09021],[78.427758,28.090211],[78.426309,28.091412],[78.426309,28.091412],[78.426308,28.091413],[78.426308,28.091413],[78.425452,28.092396],[78.425451,28.092397],[78.424348,28.093464],[78.424347,28.093465],[78.424347,28.093465],[78.424347,28.093465],[78.424345,28.093466],[78.424344,28.093467],[78.424342,28.093467],[78.42434,28.093467],[78.424338,28.093467],[78.424337,28.093467],[78.424335,28.093466],[78.424334,28.093465],[78.424333,28.093465],[78.424333,28.093465],[78.42221,28.091573],[78.42221,28.091573],[78.419765,28.089658],[78.419765,28.089658],[78.418994,28.08892],[78.418993,28.08892],[78.417473,28.087333],[78.417167,28.087005],[78.416204,28.085973],[78.416203,28.085972],[78.416203,28.085971],[78.414114,28.084379],[78.414114,28.084379],[78.414113,28.084378],[78.414113,28.084378],[78.412983,28.08375],[78.412981,28.083749],[78.412981,28.083749],[78.412867,28.083656],[78.41236,28.083242],[78.41236,28.083242],[78.412359,28.083241],[78.412357,28.08324],[78.412357,28.08324],[78.412357,28.08324],[78.412356,28.08324],[78.412354,28.08324],[78.412354,28.08324],[78.412352,28.08324],[78.41235,28.08324],[78.412349,28.083241],[78.412349,28.083241],[78.411296,28.083713],[78.411296,28.083713],[78.411294,28.083714],[78.411293,28.083715],[78.411293,28.083716],[78.410182,28.08503],[78.410181,28.08503],[78.410181,28.085031],[78.41018,28.085032],[78.41018,28.085034],[78.41018,28.085034],[78.410018,28.086223],[78.410018,28.086223],[78.410018,28.086224],[78.410017,28.086225],[78.410016,28.086227],[78.410015,28.086228],[78.410014,28.086229],[78.410013,28.08623],[78.410012,28.08623],[78.410012,28.08623],[78.408619,28.086757],[78.408619,28.086757],[78.408618,28.086757],[78.408616,28.086758],[78.407979,28.087311],[78.407979,28.087311],[78.407978,28.087312],[78.407977,28.087313],[78.407977,28.087314],[78.407977,28.087314],[78.407977,28.087314],[78.407392,28.08856],[78.407391,28.088562],[78.406729,28.089467],[78.406729,28.089467],[78.406729,28.089468],[78.406727,28.089469],[78.406726,28.08947],[78.406724,28.089471],[78.406722,28.089471],[78.406721,28.089471],[78.40672,28.089471],[78.40672,28.089471],[78.405337,28.089346],[78.405334,28.089345],[78.405334,28.089345],[78.405334,28.089345],[78.405333,28.089344],[78.40348,28.088344],[78.401598,28.08755],[78.401597,28.08755],[78.401061,28.087287],[78.40106,28.087286],[78.401058,28.087286],[78.401056,28.087286],[78.401054,28.087286],[78.401053,28.087286],[78.401051,28.087287],[78.401049,28.087288],[78.401048,28.087289],[78.401047,28.08729],[78.398474,28.090944],[78.398472,28.090945],[78.398472,28.090946],[78.398036,28.091305],[78.397726,28.091575],[78.397725,28.091575],[78.397724,28.091576],[78.397723,28.091578],[78.397723,28.091579],[78.397722,28.091581],[78.397723,28.091583],[78.397723,28.091584],[78.397724,28.091586],[78.397725,28.091587],[78.397726,28.091588],[78.397727,28.091589],[78.397728,28.091589],[78.398042,28.091751],[78.398437,28.091954],[78.398437,28.091954],[78.398438,28.091955],[78.39844,28.091956],[78.39844,28.091957],[78.398441,28.091957],[78.398884,28.092605],[78.398885,28.092606],[78.398885,28.092606],[78.399149,28.093164],[78.399149,28.093164],[78.399149,28.093165],[78.39915,28.093166],[78.39915,28.093168],[78.39915,28.093169],[78.399149,28.093171],[78.399148,28.093172],[78.399147,28.093174],[78.399147,28.093174],[78.399147,28.093174],[78.398752,28.093508],[78.398752,28.093508],[78.398752,28.093508],[78.39875,28.093509],[78.398749,28.09351],[78.398747,28.09351],[78.398746,28.09351],[78.398746,28.09351],[78.398183,28.093551],[78.398183,28.093551],[78.398182,28.093551],[78.398181,28.093551],[78.398179,28.093552],[78.398177,28.093553],[78.398177,28.093553],[78.398177,28.093553],[78.3977,28.093976],[78.3977,28.093976],[78.397699,28.093977],[78.397109,28.094785],[78.397108,28.094786],[78.396707,28.095207],[78.396707,28.095207],[78.396705,28.095208],[78.396704,28.095209],[78.396702,28.095209],[78.396702,28.095209],[78.396701,28.095209],[78.396701,28.095209],[78.396701,28.095209],[78.3967,28.09521],[78.396699,28.09521],[78.396697,28.09521],[78.396695,28.095209],[78.396695,28.095209],[78.395132,28.094682],[78.395131,28.094681],[78.394467,28.094546],[78.394464,28.094545],[78.394464,28.094545],[78.394464,28.094545],[78.394463,28.094545],[78.394463,28.094545],[78.394461,28.094546],[78.39446,28.094546],[78.394458,28.094547],[78.394457,28.094548],[78.394456,28.09455],[78.394455,28.094551],[78.394455,28.094551],[78.394455,28.094551],[78.394284,28.094989],[78.394284,28.09499],[78.394284,28.09499],[78.394283,28.094991],[78.394282,28.094992],[78.394282,28.094992],[78.393877,28.095399],[78.393877,28.095399],[78.393515,28.095805],[78.393514,28.095806],[78.393514,28.095807],[78.393513,28.095809],[78.393513,28.09581],[78.393513,28.09581],[78.393513,28.09581],[78.393483,28.096518],[78.393483,28.096518],[78.393495,28.097226],[78.393495,28.097227],[78.393495,28.097229],[78.393496,28.09723],[78.393497,28.097232],[78.393498,28.097232],[78.393783,28.097491],[78.393783,28.097491],[78.393783,28.097492],[78.393785,28.097493],[78.393787,28.097493],[78.393788,28.097494],[78.39379,28.097494],[78.393792,28.097494],[78.393792,28.097494],[78.393793,28.097494],[78.394376,28.09737],[78.394376,28.09737],[78.394378,28.09737],[78.39438,28.09737],[78.394382,28.097371],[78.394383,28.097371],[78.394383,28.097371],[78.395547,28.097884],[78.395548,28.097884],[78.395549,28.097885],[78.39555,28.097886],[78.395551,28.097887],[78.395552,28.097889],[78.395553,28.09789],[78.395553,28.097892],[78.395553,28.097894],[78.395553,28.097894],[78.395552,28.097894],[78.395334,28.098651],[78.395333,28.098653],[78.395033,28.099172],[78.395032,28.099172],[78.395032,28.099172],[78.395031,28.099174],[78.39503,28.099175],[78.39503,28.099175],[78.39503,28.099175],[78.394527,28.099538],[78.394527,28.099538],[78.394526,28.099539],[78.394524,28.099539],[78.394522,28.09954],[78.39452,28.09954],[78.394519,28.09954],[78.394517,28.099539],[78.394515,28.099539],[78.394514,28.099538],[78.394514,28.099538],[78.394085,28.099204],[78.394085,28.099204],[78.394084,28.099203],[78.394082,28.099202],[78.39408,28.099202],[78.394078,28.099202],[78.394077,28.099202],[78.394077,28.099202],[78.393555,28.099271],[78.393555,28.099271],[78.393554,28.099271],[78.393552,28.099272],[78.393551,28.099272],[78.393551,28.099272],[78.392661,28.099786],[78.392661,28.099786],[78.392661,28.099786],[78.392659,28.099786],[78.392659,28.099787],[78.391687,28.100594],[78.391686,28.100596],[78.391686,28.100596],[78.390419,28.102304],[78.390419,28.102305],[78.390418,28.102305],[78.388966,28.103712],[78.388966,28.103713],[78.388965,28.103713],[78.387858,28.104581],[78.387857,28.104582],[78.387582,28.104857],[78.387581,28.104858],[78.387579,28.104859],[78.387577,28.104859],[78.387576,28.10486],[78.387575,28.10486],[78.387575,28.10486],[78.386523,28.104942],[78.386522,28.104942],[78.386522,28.104942],[78.386522,28.104942],[78.385512,28.104932],[78.385511,28.104932],[78.385508,28.104931],[78.384819,28.10472],[78.384819,28.10472],[78.384818,28.10472],[78.384816,28.104719],[78.384816,28.104719],[78.384813,28.10472],[78.384119,28.104917],[78.384119,28.104917],[78.384117,28.104918],[78.384116,28.104918],[78.384116,28.104919],[78.3836,28.105293],[78.3836,28.105293],[78.383599,28.105293],[78.383598,28.105294],[78.383597,28.105295],[78.383595,28.105295],[78.383593,28.105295],[78.383591,28.105295],[78.38359,28.105294],[78.383588,28.105294],[78.383587,28.105293],[78.383585,28.105292],[78.383584,28.105291],[78.382949,28.104357],[78.382949,28.104357],[78.38246,28.103587],[78.382183,28.103151],[78.382183,28.103151],[78.382183,28.103151],[78.381563,28.102248],[78.381563,28.102248],[78.381563,28.102248],[78.381563,28.102247],[78.381562,28.102247],[78.381562,28.102247],[78.381562,28.102247],[78.381561,28.102246],[78.381561,28.102246],[78.381561,28.102246],[78.38156,28.102245],[78.380733,28.101702],[78.380732,28.101702],[78.380731,28.101701],[78.380729,28.101701],[78.380727,28.101701],[78.380726,28.101701],[78.380726,28.101701],[78.379975,28.101748],[78.379974,28.101748],[78.379972,28.101748],[78.379971,28.101748],[78.379969,28.101747],[78.379968,28.101746],[78.379966,28.101745],[78.379966,28.101745],[78.378846,28.100521],[78.378846,28.10052],[78.377783,28.099537],[78.377782,28.099536],[78.377077,28.099028],[78.377077,28.099028],[78.377077,28.099027],[78.377076,28.099026],[78.377075,28.099025],[78.377074,28.099024],[78.377074,28.099023],[78.377074,28.099023],[78.377074,28.099022],[78.377074,28.09902],[78.377074,28.099019],[78.377074,28.099017],[78.377074,28.099017],[78.377484,28.098075],[78.377484,28.098074],[78.377485,28.098072],[78.377484,28.098071],[78.377484,28.09807],[78.377387,28.097516],[78.377387,28.097515],[78.377387,28.097514],[78.377386,28.097512],[78.377385,28.097511],[78.377384,28.09751],[78.377383,28.097509],[78.377381,28.097508],[78.377381,28.097508],[78.376724,28.097282],[78.376724,28.097282],[78.376722,28.097282],[78.37672,28.097281],[78.37672,28.097281],[78.376719,28.097281],[78.376718,28.097282],[78.376717,28.097282],[78.376715,28.097283],[78.376714,28.097284],[78.376712,28.097285],[78.376711,28.097286],[78.376711,28.097287],[78.376711,28.097287],[78.376457,28.097849],[78.376457,28.097849],[78.376456,28.09785],[78.376455,28.097852],[78.376454,28.097853],[78.376452,28.097854],[78.376451,28.097854],[78.376449,28.097855],[78.376447,28.097855],[78.376445,28.097855],[78.376445,28.097855],[78.376445,28.097855],[78.376267,28.097818],[78.376266,28.097817],[78.376264,28.097817],[78.376263,28.097816],[78.376262,28.097815],[78.376262,28.097815],[78.375702,28.097231],[78.375702,28.097231],[78.374596,28.096284],[78.374595,28.096283],[78.373718,28.095657],[78.373718,28.095657],[78.373717,28.095657],[78.373347,28.095375],[78.371015,28.093602],[78.371015,28.093602],[78.371013,28.093601],[78.371012,28.093601],[78.37101,28.0936],[78.371009,28.0936],[78.371008,28.0936],[78.371008,28.0936],[78.371006,28.0936],[78.371005,28.093601],[78.371003,28.093601],[78.371001,28.093602],[78.371,28.093603],[78.369939,28.094707],[78.369937,28.094708],[78.369936,28.094709],[78.369935,28.094709],[78.368923,28.095053],[78.368922,28.095053],[78.368921,28.095053],[78.36892,28.095054],[78.368919,28.095055],[78.368918,28.095056],[78.368363,28.095776],[78.368363,28.095776],[78.368363,28.095777],[78.368362,28.095778],[78.368361,28.09578],[78.368361,28.09578],[78.368361,28.095781],[78.368361,28.095781],[78.36833,28.096189],[78.368311,28.096447],[78.368311,28.096447],[78.368311,28.096448],[78.36831,28.09645],[78.368309,28.096451],[78.368308,28.096453],[78.368307,28.096454],[78.368307,28.096454],[78.368307,28.096454],[78.366864,28.097391],[78.366863,28.097392],[78.365806,28.097958],[78.365805,28.097959],[78.365803,28.09796],[78.365802,28.097961],[78.365802,28.097962],[78.365802,28.097962],[78.365802,28.097963],[78.365801,28.097964],[78.365801,28.097966],[78.365801,28.097966],[78.365924,28.099786],[78.365924,28.099786],[78.365924,28.099788],[78.365923,28.099789],[78.365923,28.099789],[78.365598,28.100606],[78.365598,28.100606],[78.365597,28.100607],[78.365597,28.100609],[78.365597,28.10061],[78.365597,28.100611],[78.365776,28.101357],[78.365777,28.101358],[78.365777,28.101358],[78.365778,28.10136],[78.365778,28.10136],[78.366294,28.102131],[78.366295,28.102133],[78.366741,28.103407],[78.366741,28.103408],[78.366742,28.103409],[78.366743,28.10341],[78.366743,28.103411],[78.366743,28.103411],[78.367218,28.103898],[78.367219,28.103898],[78.36722,28.103899],[78.367221,28.1039],[78.367223,28.103901],[78.367224,28.103901],[78.367225,28.103901],[78.368085,28.104022],[78.368818,28.104141],[78.368818,28.104141],[78.36882,28.104142],[78.368822,28.104142],[78.368823,28.104143],[78.368824,28.104144],[78.368824,28.104144],[78.369173,28.104479],[78.369173,28.10448],[78.369174,28.104481],[78.369175,28.104483],[78.369175,28.104484],[78.369176,28.104486],[78.369175,28.104487],[78.368872,28.106604],[78.368872,28.106605],[78.368872,28.106607],[78.368872,28.106608],[78.368872,28.106608],[78.369361,28.107845],[78.369362,28.107846],[78.369363,28.107848],[78.369363,28.107848],[78.369363,28.107848],[78.371863,28.110269],[78.373921,28.11225],[78.373921,28.11225],[78.373922,28.112251],[78.373923,28.112253],[78.373923,28.112254],[78.373924,28.112256],[78.373923,28.112258],[78.373923,28.112259],[78.373922,28.112261],[78.373921,28.112261],[78.372835,28.113494],[78.372235,28.114175],[78.370543,28.116123],[78.370542,28.116124],[78.370542,28.116124],[78.369638,28.117536],[78.369636,28.117538],[78.368678,28.118368],[78.368678,28.118368],[78.368678,28.118368],[78.368677,28.11837],[78.368676,28.118371],[78.368676,28.118371],[78.368676,28.118371],[78.368676,28.118371],[78.368436,28.119003],[78.367911,28.12042],[78.367911,28.12042],[78.367911,28.12042],[78.367911,28.120421],[78.367911,28.120421],[78.367666,28.12141],[78.367666,28.12141],[78.367666,28.121411],[78.367552,28.122098],[78.367552,28.122098],[78.367552,28.122099],[78.367552,28.122101],[78.367552,28.122103],[78.367553,28.122104],[78.367553,28.122105],[78.367553,28.122105],[78.368153,28.122876],[78.368664,28.123316],[78.368665,28.123316],[78.368666,28.123317],[78.368668,28.123318],[78.36867,28.123318],[78.368672,28.123318],[78.368673,28.123318],[78.368673,28.123318],[78.369579,28.123182],[78.36958,28.123182],[78.369581,28.123182],[78.369583,28.123182],[78.369585,28.123182],[78.369586,28.123183],[78.369588,28.123184],[78.369589,28.123185],[78.36959,28.123186],[78.369591,28.123188],[78.369591,28.123189],[78.369592,28.123191],[78.369591,28.123193],[78.369591,28.123194],[78.369591,28.123195],[78.369426,28.123513],[78.369426,28.123513],[78.369425,28.123515],[78.369057,28.123954],[78.369057,28.123954],[78.369056,28.123954],[78.369056,28.123956],[78.369055,28.123957],[78.369055,28.123957],[78.368935,28.124372],[78.368935,28.124372],[78.368935,28.124373],[78.368935,28.124375],[78.368935,28.124376],[78.368935,28.124377],[78.369138,28.124938],[78.369138,28.124938],[78.369138,28.124939],[78.369613,28.125673],[78.369613,28.125673],[78.369615,28.125674],[78.369615,28.125674],[78.370416,28.126468],[78.370416,28.126468],[78.370416,28.126468],[78.370416,28.126468],[78.37064,28.126755],[78.370641,28.126756],[78.370641,28.126757],[78.370642,28.126759],[78.370642,28.12676],[78.370642,28.126762],[78.370641,28.126763],[78.37064,28.126765],[78.37064,28.126766],[78.37064,28.126766],[78.369608,28.127896],[78.369606,28.127897],[78.369606,28.127897],[78.368542,28.128662],[78.368541,28.128663],[78.367954,28.12919],[78.367954,28.12919],[78.367954,28.12919],[78.367954,28.12919],[78.367954,28.12919],[78.367738,28.129431],[78.367737,28.129432],[78.367736,28.129433],[78.367736,28.129435],[78.367736,28.129436],[78.367736,28.129438],[78.367736,28.129439],[78.367737,28.129441],[78.367738,28.129442],[78.367739,28.129443],[78.367741,28.129444],[78.367742,28.129445],[78.368767,28.129796],[78.368767,28.129796],[78.368768,28.129797],[78.36877,28.129798],[78.368771,28.129799],[78.368771,28.129799],[78.368974,28.130029],[78.368975,28.13003],[78.368975,28.130032],[78.368976,28.130033],[78.368976,28.130035],[78.368976,28.130037],[78.368975,28.130038],[78.368975,28.130038],[78.368975,28.130038],[78.368771,28.13048],[78.368771,28.130481],[78.36877,28.130481],[78.36842,28.130937],[78.36842,28.130938],[78.368418,28.130939],[78.368417,28.13094],[78.368417,28.13094],[78.368417,28.13094],[78.367306,28.131469],[78.367306,28.131469],[78.367306,28.131469],[78.367305,28.13147],[78.367303,28.131471],[78.367302,28.131472],[78.367302,28.131473],[78.367002,28.131971],[78.367002,28.131972],[78.367001,28.131973],[78.366572,28.133352],[78.366572,28.133352],[78.366571,28.133354],[78.366571,28.133354],[78.365911,28.134329],[78.36591,28.13433],[78.365909,28.134331],[78.365907,28.134332],[78.365905,28.134333],[78.365904,28.134333],[78.365902,28.134333],[78.3659,28.134333],[78.365898,28.134333],[78.365897,28.134332],[78.365895,28.134331],[78.365895,28.134331],[78.365269,28.133837],[78.365268,28.133836],[78.365267,28.133835],[78.365266,28.133834],[78.365266,28.133834],[78.365014,28.133355],[78.365014,28.133354],[78.365013,28.133353],[78.365011,28.133352],[78.36501,28.133351],[78.365008,28.13335],[78.365006,28.133349],[78.365005,28.133349],[78.365003,28.133349],[78.365001,28.13335],[78.365001,28.13335],[78.365001,28.13335],[78.36407,28.1337],[78.36407,28.1337],[78.364068,28.133701],[78.364066,28.133701],[78.364064,28.133701],[78.364063,28.1337],[78.364061,28.1337],[78.364061,28.1337],[78.362984,28.133171],[78.362982,28.13317],[78.362981,28.13317],[78.362979,28.13317],[78.362978,28.13317],[78.362977,28.13317],[78.362975,28.13317],[78.362974,28.133171],[78.362972,28.133172],[78.362971,28.133173],[78.36297,28.133174],[78.362568,28.133758],[78.362568,28.133758],[78.362568,28.133758],[78.362567,28.13376],[78.362567,28.133761],[78.362567,28.133763],[78.362567,28.133765],[78.362567,28.133765],[78.362794,28.134846],[78.362794,28.134846],[78.362794,28.134846],[78.362794,28.134848],[78.362794,28.134849],[78.362793,28.134851],[78.362793,28.134852],[78.362792,28.134852],[78.362337,28.135475],[78.362337,28.135475],[78.362336,28.135476],[78.362336,28.135476],[78.361173,28.136474],[78.361172,28.136475],[78.361172,28.136475],[78.360248,28.137017],[78.360248,28.137017],[78.360248,28.137017],[78.360246,28.137018],[78.359355,28.137311],[78.359355,28.137311],[78.359353,28.137312],[78.359351,28.137312],[78.359349,28.137311],[78.359348,28.137311],[78.359348,28.137311],[78.358468,28.137078],[78.357418,28.136787],[78.357415,28.136787],[78.357415,28.136787],[78.356579,28.136797],[78.356579,28.136797],[78.356578,28.136797],[78.356576,28.136797],[78.356574,28.136798],[78.356573,28.136799],[78.356572,28.1368],[78.356571,28.136801],[78.35657,28.136803],[78.35657,28.136803],[78.356569,28.136803],[78.356048,28.138355],[78.356048,28.138356],[78.356047,28.138357],[78.356046,28.138358],[78.356046,28.138358],[78.354292,28.140285],[78.35429,28.140286],[78.353163,28.141078],[78.353163,28.141078],[78.353161,28.14108],[78.352025,28.14247],[78.352025,28.142471],[78.352024,28.142471],[78.350614,28.143748],[78.350614,28.143748],[78.348503,28.14541],[78.348503,28.14541],[78.348501,28.145411],[78.348501,28.145411],[78.3485,28.145411],[78.347915,28.145627],[78.347915,28.145627],[78.347914,28.145627],[78.347913,28.145627],[78.347911,28.145627],[78.347909,28.145627],[78.347907,28.145627],[78.347906,28.145626],[78.347904,28.145625],[78.347903,28.145624],[78.347903,28.145624],[78.346209,28.143757],[78.346208,28.143757],[78.345109,28.142399],[78.345108,28.142399],[78.345107,28.142398],[78.345106,28.142397],[78.345106,28.142397],[78.34459,28.142115],[78.344589,28.142115],[78.344588,28.142114],[78.344586,28.142114],[78.344584,28.142113],[78.344583,28.142114],[78.344581,28.142114],[78.344579,28.142115],[78.344578,28.142115],[78.344578,28.142115],[78.342987,28.14318],[78.342987,28.14318],[78.342986,28.143181],[78.342986,28.143181],[78.341318,28.144866],[78.341316,28.144867],[78.341316,28.144867],[78.340489,28.145325],[78.340489,28.145325],[78.340488,28.145326],[78.340487,28.145327],[78.340486,28.145327],[78.339465,28.146579],[78.339464,28.146579],[78.339464,28.14658],[78.339464,28.14658],[78.339463,28.146581],[78.339461,28.146582],[78.33946,28.146583],[78.339458,28.146583],[78.339456,28.146583],[78.339454,28.146583],[78.339452,28.146583],[78.339451,28.146582],[78.339449,28.146581],[78.339449,28.146581],[78.339449,28.14658],[78.338447,28.145683],[78.338446,28.145682],[78.338445,28.145681],[78.338443,28.145681],[78.338441,28.14568],[78.338439,28.14568],[78.338438,28.14568],[78.338437,28.14568],[78.338045,28.145767],[78.338044,28.145768],[78.338042,28.145768],[78.338041,28.145769],[78.33804,28.14577],[78.338039,28.145772],[78.338038,28.145772],[78.338038,28.145772],[78.337805,28.146209],[78.337805,28.14621],[78.337805,28.14621],[78.337803,28.146212],[78.337802,28.146213],[78.337801,28.146214],[78.337799,28.146214],[78.337797,28.146215],[78.337796,28.146215],[78.337795,28.146215],[78.337795,28.146215],[78.337446,28.146193],[78.337446,28.146193],[78.337445,28.146193],[78.337443,28.146192],[78.337441,28.146192],[78.337441,28.146192],[78.337441,28.146191],[78.33671,28.145793],[78.336709,28.145793],[78.336322,28.145549],[78.336166,28.145451],[78.336166,28.145451],[78.336164,28.14545],[78.3352,28.145159],[78.3352,28.145159],[78.3352,28.145159],[78.335198,28.145158],[78.335197,28.145157],[78.335197,28.145157],[78.335196,28.145157],[78.334535,28.144575],[78.334535,28.144575],[78.334534,28.144574],[78.334533,28.144573],[78.334532,28.144571],[78.334532,28.14457],[78.334532,28.144568],[78.334532,28.144567],[78.334532,28.144566],[78.334532,28.144566],[78.334728,28.143903],[78.334728,28.143903],[78.334728,28.143902],[78.334729,28.143901],[78.334728,28.143899],[78.334728,28.143898],[78.334727,28.143896],[78.334727,28.143896],[78.334399,28.14341],[78.334397,28.143408],[78.334397,28.143408],[78.333542,28.142802],[78.333542,28.142802],[78.333541,28.142801],[78.333539,28.142801],[78.332367,28.142359],[78.332367,28.142359],[78.332365,28.142359],[78.332364,28.142358],[78.332363,28.142356],[78.332363,28.142356],[78.331868,28.141813],[78.331867,28.141812],[78.331866,28.141811],[78.331866,28.141809],[78.331866,28.141808],[78.331866,28.141806],[78.331866,28.141806],[78.331977,28.141288],[78.331978,28.141287],[78.332004,28.140843],[78.332004,28.140842],[78.332004,28.140841],[78.332004,28.140839],[78.332003,28.140838],[78.332002,28.140837],[78.332001,28.140835],[78.332001,28.140835],[78.332,28.140835],[78.331176,28.140257],[78.331176,28.140257],[78.331176,28.140257],[78.331175,28.140256],[78.331174,28.140254],[78.331173,28.140253],[78.331172,28.140251],[78.331172,28.14025],[78.331172,28.14025],[78.331232,28.138945],[78.331232,28.138944],[78.331219,28.138365],[78.331219,28.138365],[78.331219,28.138363],[78.331351,28.137862],[78.331351,28.137862],[78.331351,28.137862],[78.331352,28.13786],[78.331352,28.137858],[78.331351,28.137858],[78.331174,28.136999],[78.331174,28.136999],[78.331173,28.136997],[78.331173,28.136996],[78.331172,28.136996],[78.331172,28.136996],[78.330718,28.136357],[78.330717,28.136355],[78.330717,28.136355],[78.330556,28.135871],[78.330556,28.135871],[78.330556,28.13587],[78.330555,28.135869],[78.330554,28.135868],[78.330553,28.135867],[78.330552,28.135866],[78.329509,28.135315],[78.329509,28.135315],[78.329508,28.135314],[78.329507,28.135313],[78.329506,28.135312],[78.328704,28.134098],[78.328704,28.134098],[78.328374,28.133533],[78.328374,28.133533],[78.328374,28.133533],[78.328374,28.133533],[78.328374,28.133533],[78.328374,28.133532],[78.328374,28.133532],[78.328373,28.133532],[78.32719,28.132079],[78.32719,28.132079],[78.326525,28.131324],[78.326525,28.131324],[78.326524,28.131322],[78.326524,28.131322],[78.326012,28.130233],[78.326012,28.130232],[78.326012,28.130232],[78.326011,28.130231],[78.326011,28.130231],[78.325792,28.129314],[78.325792,28.129313],[78.325791,28.129312],[78.32579,28.129311],[78.325379,28.128806],[78.325379,28.128806],[78.325378,28.128805],[78.325376,28.128804],[78.325375,28.128803],[78.325373,28.128803],[78.325371,28.128802],[78.325371,28.128802],[78.32496,28.128798],[78.32496,28.128798],[78.324959,28.128798],[78.324957,28.128799],[78.324955,28.128799],[78.324954,28.1288],[78.324952,28.128801],[78.324951,28.128803],[78.324951,28.128803],[78.324523,28.129504],[78.324523,28.129504],[78.324521,28.129506],[78.324521,28.129506],[78.323933,28.129997],[78.323927,28.13],[78.323312,28.130235],[78.323311,28.130235],[78.322523,28.13049],[78.322523,28.13049],[78.322522,28.13049],[78.32252,28.13049],[78.322519,28.13049],[78.321631,28.130444],[78.321628,28.130443],[78.321628,28.130443],[78.320804,28.130171],[78.320803,28.130171],[78.320803,28.130171],[78.32002,28.130012],[78.320019,28.130012],[78.3193,28.129816],[78.3193,28.129816],[78.319298,28.129815],[78.319298,28.129815],[78.319298,28.129815],[78.318583,28.129394],[78.318583,28.129394],[78.318581,28.129392],[78.318581,28.129392],[78.3181,28.128898],[78.3181,28.128898],[78.3181,28.128898],[78.317743,28.128555],[78.317743,28.128554],[78.317743,28.128554],[78.317537,28.128292],[78.317537,28.128292],[78.317536,28.128292],[78.317536,28.12829],[78.317535,28.128289],[78.317535,28.128287],[78.317535,28.128286],[78.317536,28.128284],[78.317719,28.12781],[78.317766,28.126841],[78.317766,28.126841],[78.317766,28.126839],[78.317765,28.126838],[78.317765,28.126836],[78.317764,28.126835],[78.317763,28.126834],[78.317763,28.126834],[78.317204,28.126308],[78.317204,28.126308],[78.316564,28.125196],[78.316564,28.125196],[78.316564,28.125195],[78.316192,28.124707],[78.316179,28.124016],[78.316179,28.124014],[78.316178,28.124013],[78.316178,28.124011],[78.316177,28.12401],[78.316176,28.12401],[78.315353,28.123224],[78.315352,28.123223],[78.315351,28.123222],[78.315349,28.123221],[78.315347,28.123221],[78.31428,28.123042],[78.313637,28.122423],[78.313631,28.122418],[78.313178,28.121704],[78.313178,28.121704],[78.313177,28.121703],[78.313175,28.121702],[78.313174,28.121701],[78.313172,28.1217],[78.313172,28.1217],[78.312392,28.121472],[78.312377,28.121468],[78.312369,28.121466],[78.311455,28.121234],[78.311452,28.121234],[78.311451,28.121234],[78.311449,28.121234],[78.311448,28.121235],[78.310029,28.121836],[78.310028,28.121836],[78.310028,28.121836],[78.308371,28.12281],[78.308368,28.122812],[78.308021,28.123192],[78.306514,28.121781],[78.306511,28.121779],[78.305361,28.121169],[78.305361,28.121169],[78.304586,28.120579],[78.304511,28.120501],[78.303797,28.119767],[78.303795,28.119766],[78.303795,28.119766],[78.303795,28.119766],[78.301965,28.118441],[78.301963,28.11844],[78.300497,28.117676],[78.299847,28.117332],[78.299847,28.117331],[78.299647,28.117189],[78.299557,28.117125],[78.299414,28.116656],[78.299414,28.116655],[78.299413,28.116653],[78.299412,28.116652],[78.299411,28.116652],[78.299166,28.116429],[78.299166,28.116428],[78.299164,28.116428],[78.299163,28.116427],[78.299161,28.116426],[78.299159,28.116426],[78.299158,28.116426],[78.298639,28.116458],[78.298638,28.116458],[78.298637,28.116458],[78.298635,28.116459],[78.298634,28.11646],[78.298632,28.116461],[78.298632,28.116461],[78.298164,28.116976],[78.298164,28.116976],[78.297833,28.117231],[78.297788,28.117265],[78.296998,28.116215],[78.296972,28.116179],[78.29697,28.116177],[78.295884,28.115361],[78.295884,28.115361],[78.295884,28.11536],[78.295349,28.114793],[78.295645,28.1143],[78.295646,28.114296],[78.295644,28.114291],[78.295297,28.113789],[78.295297,28.113789],[78.295297,28.113788],[78.295295,28.113787],[78.295294,28.113786],[78.295293,28.113786],[78.294821,28.113598],[78.294821,28.113597],[78.294819,28.113597],[78.294817,28.113597],[78.294816,28.113597],[78.294814,28.113597],[78.294814,28.113597],[78.294812,28.113598],[78.294811,28.113599],[78.294809,28.1136],[78.294808,28.113601],[78.294533,28.114021],[78.294532,28.114023],[78.294479,28.114183],[78.294291,28.114747],[78.294291,28.114748],[78.29429,28.114749],[78.294289,28.114751],[78.294289,28.114751],[78.293991,28.115032],[78.293564,28.115434],[78.293563,28.115434],[78.292306,28.116431],[78.292304,28.116433],[78.291745,28.117323],[78.291742,28.117325],[78.29104,28.117877],[78.291039,28.117879],[78.291039,28.117879],[78.290494,28.11815],[78.290492,28.11815],[78.29049,28.118151],[78.290489,28.118151],[78.290488,28.118151],[78.290487,28.118151],[78.290485,28.11815],[78.290483,28.11815],[78.290482,28.118149],[78.290481,28.118148],[78.287941,28.11601],[78.287941,28.11601],[78.287193,28.115292],[78.287192,28.115292],[78.287192,28.115292],[78.287191,28.11529],[78.28719,28.115289],[78.287147,28.115182],[78.287019,28.114866],[78.287018,28.114865],[78.287017,28.114864],[78.287016,28.114863],[78.287015,28.114862],[78.287014,28.114862],[78.285342,28.113966],[78.285341,28.113966],[78.284171,28.11328],[78.284171,28.11328],[78.284169,28.113279],[78.284167,28.113279],[78.284166,28.113279],[78.284166,28.113279],[78.281849,28.113198],[78.281847,28.113198],[78.281847,28.113198],[78.280882,28.113],[78.280879,28.112999],[78.279811,28.112464],[78.278915,28.112008],[78.278912,28.112007],[78.278912,28.112007],[78.277841,28.111827],[78.27784,28.111827],[78.27784,28.111827],[78.277839,28.111827],[78.276538,28.111439],[78.276536,28.111439],[78.275808,28.111357],[78.275808,28.111357],[78.275807,28.111357],[78.275805,28.111357],[78.275803,28.111357],[78.275801,28.111358],[78.275801,28.111358],[78.2758,28.111359],[78.275799,28.11136],[78.275798,28.111361],[78.275797,28.111363],[78.275797,28.111363],[78.275558,28.112111],[78.275359,28.112733],[78.275359,28.112734],[78.275358,28.112736],[78.275357,28.112737],[78.275355,28.112738],[78.275355,28.112738],[78.274612,28.113252],[78.274612,28.113253],[78.274167,28.113601],[78.274166,28.113601],[78.274165,28.113603],[78.274164,28.113604],[78.274164,28.113606],[78.274164,28.113607],[78.27414,28.115324],[78.27414,28.115326],[78.27414,28.115326],[78.27414,28.115326],[78.273895,28.116366],[78.273894,28.116368],[78.273893,28.116369],[78.273892,28.11637],[78.273891,28.116372],[78.27389,28.116372],[78.273889,28.116373],[78.273889,28.116373],[78.27267,28.116836],[78.27267,28.116836],[78.272669,28.116836],[78.272669,28.116836],[78.272519,28.116867],[78.271803,28.117014],[78.271802,28.117014],[78.271801,28.117015],[78.2718,28.117015],[78.2718,28.117015],[78.271123,28.117436],[78.271122,28.117436],[78.271122,28.117436],[78.27112,28.117437],[78.271118,28.117437],[78.271118,28.117437],[78.270065,28.117519],[78.270065,28.117519],[78.270062,28.11752],[78.269001,28.117879],[78.268945,28.117898],[78.26758,28.117005],[78.267165,28.116747],[78.266327,28.116226],[78.266327,28.116226],[78.266326,28.116225],[78.266325,28.116225],[78.266323,28.116224],[78.266322,28.116224],[78.266322,28.116224],[78.265419,28.116177],[78.265418,28.116177],[78.265418,28.116177],[78.265417,28.116177],[78.264556,28.115981],[78.264554,28.11598],[78.263573,28.115447],[78.263568,28.115445],[78.263567,28.115445],[78.26241,28.115433],[78.262409,28.115433],[78.261289,28.115608],[78.261288,28.115608],[78.260009,28.115874],[78.260008,28.115874],[78.260006,28.115874],[78.260004,28.115874],[78.260004,28.115874],[78.259375,28.115755],[78.259375,28.115755],[78.258055,28.115442],[78.258054,28.115442],[78.258053,28.115441],[78.258051,28.11544],[78.25805,28.115439],[78.258049,28.115438],[78.258048,28.115437],[78.258048,28.115436],[78.258048,28.115436],[78.257827,28.114747],[78.257827,28.114747],[78.257827,28.114745],[78.257756,28.11381],[78.257756,28.113808],[78.257756,28.113808],[78.257534,28.113097],[78.257534,28.113097],[78.257534,28.113094],[78.257534,28.113094],[78.25763,28.112238],[78.25763,28.112237],[78.25763,28.112235],[78.257631,28.112234],[78.257632,28.112233],[78.258076,28.111703],[78.258078,28.111697],[78.258077,28.111692],[78.257772,28.111303],[78.257771,28.111303],[78.25777,28.111302],[78.257768,28.111301],[78.257767,28.1113],[78.257766,28.1113],[78.256761,28.111009],[78.256761,28.111009],[78.25676,28.111009],[78.255835,28.110887],[78.255835,28.110887],[78.255832,28.110886],[78.255832,28.110886],[78.255039,28.11056],[78.255038,28.11056],[78.255036,28.110559],[78.255035,28.110558],[78.255035,28.110558],[78.254539,28.109956],[78.254537,28.109954],[78.253743,28.109478],[78.253743,28.109478],[78.253451,28.109288],[78.25345,28.109288],[78.25345,28.109288],[78.25345,28.109288],[78.253449,28.109287],[78.253449,28.109287],[78.252871,28.109011],[78.25287,28.10901],[78.252868,28.10901],[78.252867,28.10901],[78.252865,28.10901],[78.252863,28.10901],[78.252862,28.109011],[78.252862,28.109011],[78.251996,28.109392],[78.251365,28.109682],[78.251359,28.109683],[78.251353,28.109681],[78.250879,28.109305],[78.250878,28.109305],[78.25038,28.108833],[78.25038,28.108833],[78.250378,28.108831],[78.250377,28.108831],[78.250129,28.108717],[78.250128,28.108717],[78.250127,28.108716],[78.250126,28.108715],[78.250125,28.108715],[78.249719,28.108233],[78.249711,28.10823],[78.249703,28.108232],[78.248602,28.10913],[78.248137,28.10968],[78.246831,28.110405],[78.245364,28.111208],[78.242178,28.111802],[78.239603,28.111837],[78.23717,28.111841],[78.235659,28.111982],[78.233983,28.112514],[78.233362,28.112476],[78.232395,28.111804],[78.230154,28.11085],[78.226938,28.109744],[78.226998,28.109257],[78.226287,28.108115],[78.227485,28.107515],[78.226432,28.10659],[78.227155,28.105716],[78.227357,28.104019],[78.228255,28.103273],[78.224934,28.100827],[78.224859,28.101126],[78.224236,28.10126],[78.222672,28.101353],[78.221856,28.101328],[78.22099,28.101035],[78.218289,28.099997],[78.216016,28.09876],[78.214785,28.097943],[78.213964,28.097021],[78.213985,28.095541],[78.213382,28.094306],[78.213127,28.093501],[78.212593,28.093621],[78.211954,28.093613],[78.21153,28.093451],[78.210909,28.093444],[78.21039,28.093737],[78.209781,28.094061],[78.209508,28.09453],[78.209608,28.09502],[78.209775,28.095714],[78.209647,28.096012],[78.20929,28.096165],[78.208816,28.095798],[78.2087,28.095182],[78.208602,28.09463],[78.20812,28.094782],[78.207438,28.095294],[78.206795,28.095555],[78.206083,28.095688],[78.205779,28.095889],[78.205719,28.09633],[78.205693,28.096896],[78.205722,28.097353],[78.206157,28.097972],[78.205972,28.098473],[78.206069,28.099151],[78.206113,28.099782],[78.205629,28.100154],[78.205736,28.10073],[78.205919,28.101598],[78.205961,28.102354],[78.206412,28.10313],[78.206897,28.10397],[78.207121,28.104429],[78.206435,28.105193],[78.205044,28.106877],[78.20192,28.110541],[78.201335,28.111715],[78.201273,28.112281],[78.20169,28.112963],[78.202903,28.113764],[78.203622,28.114402],[78.204201,28.114896],[78.204106,28.115336],[78.20312,28.115954],[78.201194,28.117774],[78.199717,28.119253],[78.199331,28.120178],[78.199478,28.121061],[78.200001,28.121712],[78.200398,28.122488],[78.200518,28.122836],[78.200515,28.123025],[78.200227,28.123289],[78.199495,28.12358],[78.197966,28.124932],[78.19635,28.126204],[78.193463,28.129351],[78.191265,28.131562],[78.188695,28.133689],[78.187507,28.134746],[78.187191,28.135718],[78.187266,28.136695],[78.188719,28.13816],[78.19035,28.13958],[78.190955,28.140657],[78.191872,28.142383],[78.192517,28.143209],[78.192666,28.143951],[78.192851,28.144677],[78.193548,28.145613],[78.193858,28.146278],[78.192796,28.147211],[78.19232,28.148228],[78.192061,28.148918],[78.19197,28.150334],[78.191639,28.151085],[78.191287,28.152089],[78.190625,28.153671],[78.189499,28.155406],[78.189005,28.156376],[78.18896,28.157005],[78.189749,28.157738],[78.191456,28.158844],[78.193108,28.160075],[78.192903,28.160718],[78.192221,28.161182],[78.191247,28.160966],[78.19005,28.160276],[78.188952,28.160012],[78.188062,28.160159],[78.187497,28.160554],[78.187091,28.161604],[78.186887,28.162184],[78.186384,28.162556],[78.185708,28.162674],[78.185084,28.162825],[78.185202,28.163251],[78.184738,28.163403],[78.184368,28.163178],[78.183398,28.162695],[78.182759,28.162704],[78.181983,28.163529],[78.181594,28.164626],[78.181348,28.165694],[78.181653,28.166759],[78.181773,28.167295],[78.181386,28.167548],[78.18068,28.168239],[78.180211,28.168563],[78.179888,28.168425],[78.179543,28.168195],[78.17916,28.168181],[78.17904,28.168436],[78.178863,28.16865],[78.178351,28.168758],[78.177664,28.168914],[78.176945,28.168875],[78.176217,28.16863],[78.175109,28.168237],[78.173629,28.167829],[78.172564,28.167704],[78.172224,28.167885],[78.172249,28.168605],[78.172216,28.169273],[78.172126,28.169879],[78.172043,28.170742],[78.17195,28.171574],[78.171846,28.172334],[78.171987,28.173004],[78.172,28.173704],[78.171992,28.174238],[78.171762,28.174914],[78.171435,28.175816],[78.171214,28.176677],[78.171964,28.178516],[78.172473,28.179468],[78.173328,28.179684],[78.174011,28.179856],[78.174391,28.180046],[78.174817,28.180308],[78.175263,28.180745],[78.176682,28.182108],[78.177826,28.183232],[78.178064,28.183687],[78.178289,28.184112],[78.178397,28.184679],[78.17868,28.185206],[78.178842,28.185565],[78.178905,28.185703],[78.179056,28.186455],[78.179229,28.187311],[78.179447,28.18829],[78.18053,28.188837],[78.181181,28.189565],[78.181769,28.19026],[78.182133,28.190779],[78.182707,28.191603],[78.183113,28.19205],[78.183432,28.192424],[78.183729,28.192777],[78.184132,28.193018],[78.184442,28.193207],[78.18405,28.193819],[78.184267,28.194099],[78.183961,28.194373],[78.183585,28.194678],[78.183103,28.195114],[78.182821,28.195327],[78.183148,28.19602],[78.183524,28.196497],[78.183652,28.196895],[78.183435,28.197437],[78.183428,28.1979],[78.183554,28.198806],[78.183556,28.199496],[78.183434,28.199885],[78.182933,28.200003],[78.182295,28.199995],[78.181676,28.200245],[78.181185,28.200487],[78.180542,28.200762],[78.18026,28.201021],[78.180539,28.201415],[78.180673,28.201782],[78.180765,28.20221],[78.180876,28.20254],[78.181213,28.20294],[78.181423,28.203281],[78.181582,28.203515],[78.180414,28.204401],[78.179923,28.204992],[78.179208,28.205508],[78.177518,28.206774],[78.176871,28.207302],[78.176376,28.207065],[78.176042,28.207251],[78.175536,28.207703],[78.175048,28.208171],[78.174687,28.207858],[78.174343,28.207535],[78.173464,28.208091],[78.173173,28.208159],[78.171503,28.206474],[78.171193,28.206224],[78.170688,28.205817],[78.170041,28.204838],[78.169714,28.204572],[78.168714,28.205444],[78.168263,28.205732],[78.168029,28.205833],[78.167806,28.20564],[78.167501,28.20543],[78.167302,28.205582],[78.166736,28.206152],[78.166452,28.206509],[78.16607,28.206463],[78.16577,28.206305],[78.16553,28.206076],[78.165389,28.206157],[78.165139,28.206617],[78.16455,28.207566],[78.164094,28.208168],[78.163709,28.208328],[78.163246,28.208281],[78.162628,28.208444],[78.161905,28.208641],[78.161486,28.208667],[78.161243,28.208634],[78.160945,28.208383],[78.159987,28.208825],[78.158645,28.209252],[78.157244,28.209832],[78.155291,28.210745],[78.153526,28.211547],[78.152345,28.212151],[78.150911,28.213306],[78.149853,28.214217],[78.149122,28.214802],[78.148516,28.2157],[78.148679,28.217245],[78.148829,28.218872],[78.149034,28.220715],[78.149179,28.221889],[78.149278,28.223073],[78.149441,28.223815],[78.149765,28.224662],[78.150101,28.225509],[78.150526,28.226681],[78.150645,28.227192],[78.15081,28.22777],[78.15093,28.228275],[78.151188,28.228895],[78.151297,28.229369],[78.151167,28.229553],[78.150252,28.23019],[78.149371,28.230838],[78.148914,28.23037],[78.148529,28.231281],[78.148222,28.231637],[78.147315,28.23247],[78.146892,28.232804],[78.146296,28.232273],[78.145382,28.232879],[78.144355,28.233947],[78.144034,28.234457],[78.144175,28.235169],[78.144484,28.236221],[78.144834,28.236914],[78.145265,28.238359],[78.145565,28.239267],[78.145548,28.239637],[78.145151,28.239808],[78.144312,28.239973],[78.143439,28.240148],[78.142914,28.240306],[78.142372,28.240073],[78.141817,28.239913],[78.14148,28.239898],[78.141007,28.2405],[78.14052,28.241204],[78.139941,28.24187],[78.139469,28.242353],[78.139087,28.242693],[78.138968,28.242856],[78.138357,28.243815],[78.138338,28.243857],[78.138127,28.244759],[78.138145,28.245145],[78.138354,28.245482],[78.138774,28.245795],[78.139019,28.246487],[78.139359,28.247427],[78.139524,28.24803],[78.139541,28.248473],[78.139541,28.248473],[78.139187,28.248849],[78.138694,28.249472],[78.138502,28.250071],[78.137274,28.251995],[78.136487,28.253008],[78.136704,28.253156],[78.136458,28.253486],[78.136276,28.253292],[78.135944,28.253773],[78.1355,28.254038],[78.133459,28.255202],[78.131968,28.2562],[78.130079,28.257176],[78.129901,28.25718],[78.129679,28.257255],[78.128019,28.258523],[78.126742,28.259243],[78.124505,28.259953],[78.125253,28.260491],[78.125618,28.260913],[78.125812,28.261294],[78.125921,28.261891],[78.126093,28.263849],[78.12658,28.264329],[78.127507,28.265402],[78.128408,28.266176],[78.129444,28.267369],[78.129602,28.267526],[78.129782,28.267534],[78.130019,28.26748],[78.130362,28.267462],[78.130612,28.267532],[78.131019,28.267747],[78.132114,28.268601],[78.133164,28.26968],[78.133791,28.27016],[78.135713,28.271392],[78.136977,28.272504],[78.137998,28.274265],[78.138613,28.274871],[78.139836,28.276077],[78.141974,28.274797],[78.1426,28.275379],[78.14297,28.275045],[78.14625,28.277162],[78.147724,28.278137],[78.147964,28.277992],[78.148769,28.278582],[78.151674,28.280501],[78.152765,28.280721],[78.154557,28.281567],[78.156346,28.282629],[78.156697,28.282565],[78.157141,28.282414],[78.157459,28.282512],[78.157884,28.282909],[78.157931,28.283509],[78.157881,28.283876],[78.157664,28.284472],[78.157636,28.285631],[78.157817,28.287016],[78.158185,28.287699],[78.158187,28.287835],[78.15787,28.288213],[78.157282,28.289521],[78.157373,28.290538],[78.157928,28.291523],[78.158954,28.290756],[78.160427,28.291779],[78.162018,28.290673],[78.162468,28.290902],[78.162751,28.290611],[78.163952,28.291966],[78.164174,28.291874],[78.164541,28.291843],[78.165852,28.292194],[78.166721,28.291556],[78.167623,28.291928],[78.169557,28.293354],[78.171244,28.294711],[78.171918,28.295624],[78.172454,28.296914],[78.171761,28.29747],[78.172367,28.298257],[78.172667,28.298288],[78.172982,28.298199],[78.173304,28.2981],[78.173554,28.29807],[78.173809,28.298093],[78.17416,28.298341],[78.174536,28.297815],[78.175741,28.295928],[78.175483,28.295689],[78.175972,28.295195],[78.176074,28.294994],[78.176226,28.295043],[78.177032,28.29562],[78.177342,28.295333],[78.177621,28.295337],[78.178184,28.295673],[78.179054,28.296272],[78.179801,28.295591],[78.180555,28.296255],[78.182178,28.294799],[78.182968,28.293524],[78.185617,28.290806],[78.186973,28.291096],[78.189081,28.292135],[78.191952,28.293653],[78.193396,28.294763],[78.194914,28.295635],[78.195809,28.296196],[78.197662,28.297525],[78.199697,28.294745],[78.200606,28.294908],[78.201682,28.294399],[78.201113,28.293932],[78.202211,28.293337],[78.20371,28.292465],[78.204161,28.292966],[78.20708,28.290037],[78.207867,28.290524],[78.208065,28.290396],[78.208227,28.289867],[78.208272,28.289703],[78.208371,28.289597],[78.208536,28.289527],[78.208707,28.289513],[78.208934,28.289507],[78.209221,28.289469],[78.209553,28.28935],[78.210073,28.289139],[78.212248,28.286639],[78.213591,28.285157],[78.215128,28.286662],[78.214943,28.286831],[78.215062,28.286988],[78.216235,28.287668],[78.216586,28.287899],[78.216447,28.28821],[78.2166,28.288392],[78.218741,28.289957],[78.219493,28.290689],[78.219996,28.291681],[78.220092,28.291781],[78.220182,28.291832],[78.220337,28.291877],[78.220465,28.291925],[78.220609,28.292037],[78.220706,28.292154],[78.219424,28.293477],[78.218754,28.294502],[78.218975,28.294884],[78.219072,28.295046],[78.219062,28.295297],[78.218918,28.295527],[78.218811,28.295669],[78.218505,28.296062],[78.218252,28.296417],[78.219663,28.297015],[78.220332,28.297375],[78.219634,28.298462],[78.219647,28.299121],[78.219609,28.299577],[78.221678,28.300501],[78.221583,28.300587],[78.221451,28.300814],[78.221471,28.300997],[78.221591,28.301141],[78.222014,28.301506],[78.223901,28.302617],[78.225925,28.304265],[78.227471,28.306193],[78.228203,28.306654],[78.228692,28.30607],[78.230382,28.305056],[78.230955,28.304714],[78.23184,28.303859],[78.232144,28.303768],[78.232385,28.303784],[78.233361,28.304257],[78.234669,28.305272],[78.235104,28.304909],[78.236251,28.30394],[78.237112,28.303099],[78.238182,28.303976],[78.239636,28.304811],[78.241949,28.302288],[78.243529,28.300379],[78.245399,28.301313],[78.246601,28.300126],[78.247525,28.300667],[78.248015,28.300398],[78.248563,28.300224],[78.248607,28.30021],[78.250046,28.300043],[78.250418,28.300362],[78.25193,28.301415],[78.254181,28.303345],[78.255453,28.302101],[78.257524,28.299783],[78.258106,28.299262],[78.257682,28.298952],[78.257559,28.298756],[78.257848,28.298306],[78.257561,28.297887],[78.258197,28.297283],[78.258054,28.297041],[78.260304,28.295307],[78.260758,28.295747],[78.261539,28.295147],[78.262216,28.294625],[78.262402,28.294831],[78.262961,28.294448],[78.263155,28.294746],[78.263998,28.294275],[78.263899,28.293866],[78.26485,28.293146],[78.265777,28.292666],[78.266637,28.293184],[78.267531,28.293564],[78.268051,28.293708],[78.26847,28.293629],[78.268871,28.293365],[78.269831,28.292719],[78.270667,28.292006],[78.271715,28.29106],[78.273689,28.292701],[78.273684,28.293071],[78.273153,28.29362],[78.275202,28.295141],[78.273952,28.296349],[78.275316,28.297511],[78.274932,28.298062],[78.276649,28.299339],[78.278221,28.300577],[78.277503,28.301124],[78.278624,28.30171],[78.279162,28.302086],[78.279733,28.301574],[78.280352,28.302173],[78.280923,28.301753],[78.28198,28.302412],[78.281875,28.302597],[78.28153,28.303203],[78.281966,28.30343],[78.281034,28.304327],[78.281131,28.304846],[78.280363,28.305929],[78.280012,28.305648],[78.279434,28.306585],[78.27883,28.30793],[78.278008,28.309933],[78.278985,28.310332],[78.277307,28.312294],[78.277012,28.31242],[78.276829,28.312609],[78.276705,28.312722],[78.277905,28.31366],[78.279171,28.314303],[78.279771,28.314754],[78.280117,28.315461],[78.281049,28.316081],[78.28206,28.317054],[78.283029,28.318083],[78.284823,28.319924],[78.285484,28.320496],[78.286496,28.321386],[78.287594,28.322156],[78.288318,28.322775],[78.290116,28.324256],[78.291537,28.325899],[78.292811,28.327523],[78.292836,28.327555],[78.293283,28.327403],[78.294002,28.326848],[78.29431,28.326243],[78.295032,28.325434],[78.295852,28.324879],[78.296522,28.324223],[78.297131,28.323523],[78.298267,28.32264],[78.298697,28.322181],[78.299336,28.321149],[78.299794,28.320502],[78.30035,28.32],[78.300884,28.319276],[78.30122,28.318485],[78.301511,28.317284],[78.301731,28.316711],[78.301863,28.316138],[78.301872,28.31552],[78.301834,28.314658],[78.30195,28.31438],[78.301963,28.31435],[78.302092,28.314042],[78.302518,28.313466],[78.302858,28.312752],[78.302942,28.311178],[78.302831,28.310205],[78.302873,28.308946],[78.303054,28.307523],[78.303015,28.306716],[78.303021,28.306296]]]}},{"type":"Feature","properties":{"OBJECTID":2576,"state_lgd":"09","state_name":"UTTAR PRADESH","district_lgd":"142","district_name":"BULANDSHAHR","district_name_source":"district_table","subdistrict_lgd":"751","subdistrict_name":"KHURJA","subdistrict_type":"Tehsil","name_corrupted":false,"remarks":""},"geometry":{"type":"Polygon","coordinates":[[[77.828064,28.331526],[77.829866,28.330331],[77.830225,28.330488],[77.830359,28.330494],[77.830694,28.330415],[77.830881,28.330197],[77.830986,28.329919],[77.831164,28.329617],[77.831883,28.329203],[77.832552,28.328844],[77.833519,28.327701],[77.83393,28.327616],[77.83484,28.326796],[77.833211,28.325464],[77.834625,28.324581],[77.836339,28.323832],[77.837471,28.323351],[77.837497,28.323314],[77.838532,28.322191],[77.840418,28.322172],[77.843119,28.321562],[77.843462,28.322108],[77.843503,28.322596],[77.844535,28.323795],[77.845648,28.32514],[77.847545,28.32741],[77.849533,28.329461],[77.850808,28.330617],[77.851699,28.329934],[77.852763,28.329712],[77.853917,28.329803],[77.855298,28.328608],[77.857742,28.325535],[77.860525,28.325303],[77.860592,28.323433],[77.859887,28.319807],[77.859193,28.317912],[77.859109,28.317293],[77.85917,28.316967],[77.859542,28.316328],[77.859848,28.315796],[77.861931,28.314737],[77.863033,28.314345],[77.866304,28.312737],[77.867724,28.312825],[77.868566,28.312756],[77.86986,28.311922],[77.87121,28.311072],[77.871498,28.310801],[77.873718,28.30756],[77.874351,28.3074],[77.875299,28.307188],[77.875898,28.306919],[77.876562,28.306174],[77.877136,28.305302],[77.878195,28.303615],[77.878881,28.30227],[77.879172,28.301235],[77.879736,28.301172],[77.880751,28.30087],[77.881511,28.300319],[77.882329,28.29978],[77.883129,28.299335],[77.882789,28.298639],[77.883096,28.297215],[77.883328,28.295984],[77.884346,28.293635],[77.884841,28.29255],[77.885665,28.291337],[77.886365,28.290481],[77.887007,28.289719],[77.887837,28.289297],[77.889237,28.289047],[77.890456,28.287616],[77.891535,28.286297],[77.892292,28.285452],[77.891588,28.284904],[77.892181,28.284215],[77.891693,28.283918],[77.893858,28.281533],[77.89436,28.280793],[77.897289,28.278261],[77.898092,28.277942],[77.896495,28.276322],[77.895816,28.275561],[77.897917,28.2733],[77.900625,28.270836],[77.902113,28.271699],[77.903147,28.271041],[77.905191,28.272759],[77.905846,28.272116],[77.907897,28.2739],[77.908624,28.274758],[77.91119,28.275826],[77.911742,28.275831],[77.913636,28.278471],[77.916407,28.281754],[77.917868,28.281271],[77.920134,28.283291],[77.921297,28.284576],[77.921751,28.285279],[77.921723,28.285644],[77.922559,28.28672],[77.923102,28.28718],[77.924453,28.287726],[77.924581,28.286957],[77.925099,28.28646],[77.926229,28.285996],[77.926671,28.285858],[77.926975,28.285496],[77.926897,28.285115],[77.926803,28.284399],[77.926765,28.283863],[77.926769,28.283357],[77.926969,28.283088],[77.927498,28.282876],[77.928295,28.282768],[77.928382,28.282878],[77.928303,28.283205],[77.928319,28.283541],[77.928525,28.283692],[77.928755,28.283707],[77.929207,28.283484],[77.929718,28.283105],[77.930205,28.282846],[77.930701,28.282687],[77.931137,28.282668],[77.931533,28.282635],[77.931901,28.28252],[77.932185,28.282328],[77.932613,28.282242],[77.932932,28.282199],[77.933155,28.282147],[77.933867,28.281777],[77.934254,28.28166],[77.93466,28.281728],[77.935055,28.281864],[77.935425,28.281951],[77.935876,28.281897],[77.936289,28.28166],[77.936571,28.281452],[77.936774,28.281216],[77.936732,28.281001],[77.936305,28.280918],[77.935799,28.280808],[77.93569,28.280497],[77.935723,28.279905],[77.935795,28.278787],[77.935837,28.278279],[77.936053,28.277714],[77.93648,28.277442],[77.936782,28.277232],[77.937173,28.276981],[77.937489,28.27655],[77.937779,28.276055],[77.938025,28.275866],[77.938181,28.275718],[77.938255,28.275342],[77.937756,28.275113],[77.937433,28.274938],[77.937282,28.274765],[77.937337,28.274483],[77.937462,28.274405],[77.93769,28.274403],[77.938003,28.274478],[77.938315,28.274739],[77.938578,28.274885],[77.93903,28.274848],[77.939342,28.274738],[77.939864,28.274459],[77.940033,28.27426],[77.94001,28.273858],[77.939608,28.273655],[77.939246,28.273651],[77.938623,28.273686],[77.938218,28.273635],[77.937334,28.273371],[77.936715,28.273271],[77.936268,28.273173],[77.936078,28.273004],[77.936225,28.272587],[77.936515,28.272277],[77.936839,28.272099],[77.937368,28.272072],[77.937847,28.272285],[77.93822,28.272574],[77.938626,28.272641],[77.939125,28.272499],[77.939723,28.27186],[77.940147,28.271555],[77.940438,28.27143],[77.94081,28.271534],[77.941032,28.271836],[77.941274,28.271967],[77.941509,28.271847],[77.941793,28.271301],[77.941865,28.270723],[77.941813,28.270314],[77.94156,28.270083],[77.941016,28.269791],[77.940695,28.269632],[77.940544,28.269459],[77.940597,28.269068],[77.940812,28.268763],[77.941163,28.268482],[77.9415,28.268437],[77.942044,28.268544],[77.942429,28.268764],[77.942571,28.269207],[77.942515,28.269583],[77.9425,28.269803],[77.942729,28.269986],[77.943336,28.270155],[77.943917,28.270391],[77.944469,28.270617],[77.944695,28.270598],[77.945084,28.270498],[77.945265,28.270231],[77.945447,28.269795],[77.945617,28.269241],[77.945852,28.268952],[77.946092,28.268697],[77.946358,28.268523],[77.946529,28.268517],[77.946718,28.26851],[77.947204,28.268605],[77.947489,28.268968],[77.947677,28.269399],[77.947909,28.269616],[77.948275,28.269653],[77.948631,28.269607],[77.948941,28.26948],[77.949285,28.269317],[77.949774,28.269091],[77.950017,28.268868],[77.950193,28.268736],[77.95042,28.268717],[77.950634,28.268767],[77.950848,28.268816],[77.951445,28.268885],[77.951774,28.268942],[77.952038,28.26892],[77.952191,28.268924],[77.952321,28.268897],[77.952606,28.268536],[77.952664,28.268363],[77.952761,28.268203],[77.952903,28.268107],[77.953093,28.268108],[77.953544,28.268147],[77.953921,28.26793],[77.954199,28.267688],[77.954361,28.267422],[77.954441,28.267281],[77.95447,28.267009],[77.95444,28.266725],[77.954302,28.266501],[77.954169,28.266326],[77.954133,28.266161],[77.954115,28.265994],[77.954144,28.265907],[77.954221,28.265733],[77.954453,28.265596],[77.954585,28.265585],[77.955109,28.265507],[77.955436,28.265362],[77.955701,28.265172],[77.955844,28.265076],[77.95617,28.264931],[77.956282,28.264905],[77.956402,28.264962],[77.956378,28.265638],[77.956309,28.266419],[77.956359,28.267071],[77.95653,28.267428],[77.956706,28.26748],[77.957233,28.267251],[77.957711,28.266909],[77.957981,28.266768],[77.958227,28.266579],[77.958437,28.26641],[77.958603,28.266178],[77.958847,28.26535],[77.959054,28.265208],[77.959188,28.265044],[77.959426,28.264908],[77.959692,28.264743],[77.959982,28.264531],[77.960086,28.264362],[77.96013,28.264117],[77.95998,28.263932],[77.959705,28.263535],[77.959496,28.263373],[77.959479,28.263205],[77.959532,28.26304],[77.959632,28.262844],[77.959905,28.262848],[77.960341,28.263053],[77.960663,28.263134],[77.961107,28.263231],[77.96125,28.263246],[77.961403,28.26326],[77.961555,28.263355],[77.961682,28.263505],[77.961705,28.263727],[77.961687,28.263934],[77.961727,28.264127],[77.962008,28.264301],[77.962128,28.26438],[77.962329,28.264462],[77.962503,28.264492],[77.962696,28.264503],[77.963169,28.264392],[77.963466,28.264144],[77.963791,28.263679],[77.964018,28.263299],[77.963978,28.263106],[77.963968,28.262919],[77.963876,28.26272],[77.963752,28.262498],[77.963527,28.262472],[77.963306,28.262481],[77.963186,28.262402],[77.963163,28.262279],[77.963172,28.262072],[77.963349,28.261941],[77.963738,28.261703],[77.964185,28.261532],[77.964479,28.261445],[77.9646,28.261354],[77.964836,28.261004],[77.964936,28.260807],[77.96516,28.260342],[77.965183,28.26008],[77.965286,28.259911],[77.965424,28.259783],[77.965576,28.259699],[77.965762,28.259737],[77.96588,28.259897],[77.965986,28.260416],[77.965926,28.260855],[77.966165,28.261014],[77.966365,28.261087],[77.966637,28.261082],[77.966904,28.260935],[77.967027,28.260764],[77.967186,28.260545],[77.967451,28.260183],[77.967649,28.259674],[77.967942,28.259382],[77.968142,28.259275],[77.968308,28.259217],[77.968486,28.259184],[77.968558,28.259196],[77.968636,28.259261],[77.968791,28.25949],[77.96881,28.259569],[77.968889,28.259652],[77.96897,28.259654],[77.96987,28.259808],[77.970079,28.259772],[77.970311,28.259681],[77.970487,28.259336],[77.970457,28.258578],[77.970593,28.258432],[77.970729,28.258287],[77.971119,28.258246],[77.971841,28.257917],[77.971932,28.257673],[77.971795,28.257433],[77.971619,28.257296],[77.971422,28.257151],[77.971218,28.256846],[77.971216,28.256444],[77.971372,28.256297],[77.971709,28.256143],[77.972896,28.255763],[77.973406,28.255524],[77.974016,28.255187],[77.974598,28.254861],[77.975028,28.254579],[77.975281,28.254487],[77.975457,28.254624],[77.975723,28.254853],[77.976266,28.255309],[77.976609,28.255495],[77.976849,28.255466],[77.977133,28.255192],[77.97724,28.254682],[77.97729,28.254195],[77.977409,28.253701],[77.977708,28.253381],[77.978031,28.253234],[77.97833,28.253102],[77.978596,28.252847],[77.978741,28.252504],[77.978938,28.252067],[77.979152,28.251897],[77.979404,28.251804],[77.979622,28.25167],[77.979911,28.251342],[77.980258,28.25104],[77.980579,28.250893],[77.980662,28.250854],[77.979812,28.250065],[77.976127,28.246622],[77.972461,28.242237],[77.972879,28.241961],[77.972324,28.241303],[77.973626,28.240044],[77.973479,28.23998],[77.972393,28.238555],[77.971256,28.237233],[77.972413,28.236069],[77.971916,28.235446],[77.97082,28.234065],[77.96908,28.232309],[77.968625,28.231785],[77.96968,28.230946],[77.972238,28.229305],[77.974359,28.228649],[77.974811,28.228321],[77.974953,28.228219],[77.976911,28.226666],[77.977303,28.226186],[77.978971,28.225328],[77.980487,28.227268],[77.980875,28.226995],[77.980959,28.227096],[77.981605,28.227788],[77.982494,28.228544],[77.982656,28.228207],[77.982811,28.22741],[77.98348,28.22644],[77.984777,28.225206],[77.986337,28.224098],[77.987421,28.223469],[77.987633,28.223413],[77.988038,28.223546],[77.988911,28.222768],[77.990819,28.221365],[77.991954,28.220462],[77.993246,28.219534],[77.995953,28.217956],[77.997329,28.217008],[77.997542,28.217234],[77.998705,28.216328],[77.999246,28.21564],[77.999935,28.215412],[78.000732,28.21484],[78.000283,28.213878],[78.000912,28.213762],[78.000572,28.213234],[78.001235,28.213139],[78.001038,28.212406],[78.002723,28.210844],[78.005954,28.208468],[78.006396,28.208401],[78.00665,28.208487],[78.006889,28.208767],[78.009819,28.206295],[78.009852,28.20646],[78.010527,28.207764],[78.011432,28.209277],[78.012532,28.208715],[78.015009,28.210679],[78.016954,28.212451],[78.01817,28.213739],[78.020232,28.214053],[78.020698,28.213956],[78.020583,28.211702],[78.020919,28.211717],[78.022372,28.211601],[78.023732,28.211505],[78.024335,28.211512],[78.02532,28.21055],[78.026079,28.209562],[78.026965,28.207866],[78.027279,28.207078],[78.027761,28.205212],[78.027452,28.204961],[78.027995,28.203616],[78.028462,28.202393],[78.029354,28.200655],[78.030316,28.199258],[78.029335,28.198176],[78.027923,28.196411],[78.025757,28.193936],[78.024757,28.192566],[78.023522,28.191378],[78.022447,28.191859],[78.020782,28.189946],[78.019052,28.187805],[78.018239,28.186355],[78.017551,28.184393],[78.017067,28.18268],[78.018362,28.182274],[78.018769,28.182238],[78.01773,28.181119],[78.016932,28.180256],[78.017077,28.179846],[78.015978,28.178907],[78.014056,28.177135],[78.014017,28.175982],[78.013727,28.175217],[78.013186,28.174203],[78.01611,28.172799],[78.015341,28.170054],[78.014233,28.166729],[78.013231,28.165695],[78.012033,28.165114],[78.011011,28.164566],[78.010345,28.163991],[78.010005,28.163073],[78.009316,28.161711],[78.010011,28.160429],[78.012698,28.15681],[78.01609,28.155719],[78.019268,28.156892],[78.023755,28.156193],[78.026683,28.155222],[78.028643,28.157072],[78.02914,28.157078],[78.030311,28.156085],[78.031295,28.156711],[78.033234,28.155148],[78.034911,28.153797],[78.036138,28.152552],[78.034847,28.15112],[78.033546,28.150285],[78.03339,28.148898],[78.032871,28.14801],[78.030934,28.146979],[78.034531,28.144064],[78.036696,28.141918],[78.037748,28.140546],[78.038966,28.139868],[78.035012,28.136104],[78.035661,28.135451],[78.033809,28.131304],[78.033508,28.128689],[78.031835,28.128952],[78.031305,28.128772],[78.030481,28.128069],[78.029919,28.127731],[78.029155,28.127738],[78.027928,28.127848],[78.027342,28.127857],[78.027024,28.127727],[78.026515,28.127374],[78.025707,28.126782],[78.024594,28.125879],[78.023812,28.125357],[78.02292,28.125071],[78.022373,28.124859],[78.022085,28.124541],[78.021859,28.124207],[78.020291,28.12348],[78.02087,28.122747],[78.02072,28.122131],[78.019885,28.121082],[78.018782,28.12006],[78.017572,28.119132],[78.017031,28.118527],[78.01741,28.118138],[78.01808,28.117344],[78.01839,28.116828],[78.018487,28.116279],[78.018422,28.115916],[78.01797,28.11528],[78.017817,28.114869],[78.017794,28.114066],[78.01787,28.113736],[78.018477,28.113524],[78.01928,28.113329],[78.019887,28.113069],[78.020696,28.112481],[78.021113,28.111888],[78.021424,28.111309],[78.02147,28.11068],[78.020982,28.110107],[78.019968,28.109103],[78.018932,28.108366],[78.018261,28.108153],[78.017521,28.107781],[78.016907,28.107349],[78.016817,28.107138],[78.016684,28.106826],[78.016453,28.105954],[78.016416,28.105816],[78.01577,28.105131],[78.014281,28.103853],[78.01326,28.10332],[78.011946,28.102233],[78.011004,28.101183],[78.010051,28.099722],[78.009176,28.098893],[78.00826,28.098425],[78.007411,28.098241],[78.006639,28.097712],[78.00585,28.097072],[78.005256,28.096466],[78.00509,28.09574],[78.002096,28.094254],[78.001833,28.094015],[78.003821,28.087396],[78.004901,28.084198],[78.001633,28.082142],[77.998703,28.080887],[77.99859,28.080818],[77.998214,28.080589],[77.996868,28.079726],[77.995215,28.078685],[77.993755,28.077827],[77.991203,28.078436],[77.990138,28.078621],[77.989413,28.079919],[77.989033,28.08054],[77.988598,28.080651],[77.988434,28.080804],[77.988384,28.080904],[77.988124,28.081183],[77.987843,28.081603],[77.987805,28.08181],[77.987737,28.082083],[77.987766,28.082359],[77.987583,28.082567],[77.987495,28.082639],[77.987281,28.082785],[77.987222,28.082908],[77.98694,28.083092],[77.986272,28.083333],[77.985738,28.083528],[77.985315,28.083863],[77.98452,28.084208],[77.984098,28.084328],[77.983705,28.084372],[77.983301,28.084427],[77.982946,28.084606],[77.982713,28.084797],[77.98235,28.084902],[77.981894,28.085144],[77.981252,28.085808],[77.98058,28.086174],[77.980207,28.086526],[77.979988,28.086962],[77.979201,28.087282],[77.977089,28.087194],[77.974831,28.085403],[77.974301,28.085142],[77.973306,28.084819],[77.971606,28.084514],[77.971241,28.084524],[77.969977,28.08467],[77.968214,28.084857],[77.966723,28.085021],[77.966163,28.08524],[77.965535,28.08578],[77.964521,28.087001],[77.963614,28.088152],[77.962148,28.089635],[77.961188,28.090283],[77.9604,28.090612],[77.957944,28.088674],[77.956019,28.087108],[77.954439,28.085778],[77.953956,28.085534],[77.952962,28.086509],[77.952212,28.087628],[77.951883,28.08733],[77.951486,28.087464],[77.951335,28.087112],[77.950074,28.087724],[77.949593,28.0875],[77.949064,28.087797],[77.948174,28.088237],[77.947662,28.087284],[77.947022,28.0875],[77.946594,28.087129],[77.944103,28.088209],[77.941795,28.086269],[77.940102,28.085709],[77.938673,28.085157],[77.936735,28.086719],[77.934956,28.085668],[77.934382,28.085208],[77.933239,28.086724],[77.93207,28.085826],[77.931357,28.086971],[77.933302,28.088516],[77.934769,28.089856],[77.934382,28.090091],[77.935124,28.091491],[77.934578,28.092166],[77.935307,28.093333],[77.935262,28.095733],[77.930122,28.099333],[77.926747,28.101959],[77.924847,28.1034],[77.923567,28.10441],[77.922405,28.103359],[77.921771,28.103017],[77.920165,28.102223],[77.918588,28.101381],[77.916993,28.100518],[77.916088,28.099887],[77.915054,28.099076],[77.914983,28.099135],[77.913978,28.099953],[77.911613,28.102869],[77.909731,28.105296],[77.909977,28.105602],[77.908693,28.107379],[77.907833,28.108559],[77.90676,28.109574],[77.905659,28.110569],[77.90454,28.111641],[77.904167,28.112249],[77.903182,28.113447],[77.903365,28.113568],[77.90429,28.114312],[77.902804,28.114815],[77.901933,28.114993],[77.90125,28.114928],[77.899668,28.116638],[77.899333,28.117114],[77.898464,28.116738],[77.895451,28.114594],[77.894625,28.115847],[77.89251,28.114601],[77.891728,28.115136],[77.891384,28.115036],[77.89098,28.115342],[77.889764,28.116217],[77.888295,28.117546],[77.887431,28.118605],[77.885741,28.120672],[77.885356,28.121159],[77.88293,28.12413],[77.882291,28.124479],[77.881644,28.125075],[77.87894,28.125959],[77.876359,28.126776],[77.873719,28.127743],[77.873504,28.127815],[77.8728,28.128427],[77.872453,28.128928],[77.870631,28.131786],[77.869145,28.133844],[77.868062,28.134951],[77.868883,28.135446],[77.868306,28.136103],[77.865111,28.139355],[77.864039,28.14057],[77.862741,28.140804],[77.862636,28.140186],[77.862038,28.140153],[77.858446,28.140694],[77.855787,28.141139],[77.853763,28.141487],[77.853239,28.140774],[77.853113,28.140269],[77.85292,28.139494],[77.852766,28.139418],[77.85231,28.138982],[77.851156,28.138523],[77.849687,28.137808],[77.849397,28.137586],[77.849302,28.137258],[77.847797,28.1359],[77.847093,28.136321],[77.846114,28.135684],[77.845104,28.136612],[77.844515,28.13617],[77.843859,28.136759],[77.842883,28.137712],[77.842565,28.13752],[77.841302,28.139059],[77.840952,28.139933],[77.840772,28.140657],[77.8394,28.14175],[77.838709,28.142281],[77.838876,28.14282],[77.839486,28.144342],[77.839776,28.145254],[77.840474,28.145951],[77.840939,28.146377],[77.841452,28.14688],[77.84158,28.147124],[77.841646,28.147554],[77.841774,28.148489],[77.84201,28.148788],[77.842261,28.14893],[77.842551,28.149061],[77.843059,28.14931],[77.843347,28.149414],[77.843961,28.1498],[77.845028,28.150693],[77.845564,28.151156],[77.845831,28.151318],[77.846544,28.151959],[77.847702,28.153036],[77.848584,28.154127],[77.849603,28.154952],[77.849791,28.155182],[77.849697,28.155753],[77.849752,28.156766],[77.84916,28.158651],[77.848647,28.16061],[77.846495,28.161396],[77.845745,28.161875],[77.844887,28.1622],[77.843313,28.163419],[77.842667,28.164124],[77.842783,28.164426],[77.843189,28.165274],[77.843208,28.165554],[77.843154,28.166513],[77.843545,28.167017],[77.84398,28.167454],[77.843956,28.16761],[77.844087,28.16769],[77.84572,28.169483],[77.847173,28.171417],[77.847489,28.172053],[77.847059,28.17249],[77.845969,28.173434],[77.843267,28.175736],[77.842581,28.176429],[77.842728,28.177252],[77.840876,28.178858],[77.83989,28.179721],[77.839539,28.179113],[77.83909,28.178471],[77.838468,28.177393],[77.838195,28.177133],[77.837404,28.176535],[77.837138,28.176048],[77.83688,28.175242],[77.836601,28.174929],[77.835544,28.174134],[77.833916,28.173077],[77.832812,28.172322],[77.832193,28.172473],[77.831575,28.172451],[77.831462,28.172351],[77.830644,28.171482],[77.829811,28.17063],[77.828734,28.170667],[77.827796,28.170716],[77.827829,28.171231],[77.827746,28.171511],[77.827596,28.17155],[77.826814,28.171814],[77.824388,28.17235],[77.822981,28.171138],[77.823012,28.170944],[77.823242,28.170298],[77.823134,28.170153],[77.822345,28.170054],[77.823075,28.169094],[77.822457,28.168573],[77.822435,28.168365],[77.823141,28.167072],[77.822491,28.166694],[77.822126,28.166482],[77.820639,28.167649],[77.819751,28.166604],[77.818758,28.167312],[77.818004,28.166665],[77.81699,28.165685],[77.815797,28.165256],[77.814366,28.16461],[77.81139,28.16359],[77.810911,28.16372],[77.808924,28.164126],[77.808774,28.164066],[77.806292,28.163061],[77.805395,28.162719],[77.805596,28.162272],[77.806176,28.161542],[77.806499,28.160307],[77.806649,28.159586],[77.806605,28.158962],[77.806628,28.158006],[77.806774,28.157238],[77.806975,28.156704],[77.807242,28.156319],[77.808948,28.153889],[77.809661,28.152858],[77.80985,28.151917],[77.809253,28.151502],[77.808632,28.151244],[77.807774,28.150888],[77.8083,28.149436],[77.808582,28.147925],[77.808031,28.147852],[77.805807,28.148061],[77.804515,28.148058],[77.803642,28.147756],[77.802746,28.14732],[77.802117,28.14699],[77.801526,28.146829],[77.800803,28.146879],[77.800483,28.147151],[77.799908,28.146843],[77.798958,28.146485],[77.797859,28.146174],[77.796635,28.145838],[77.795644,28.145773],[77.795139,28.145651],[77.794066,28.145484],[77.793753,28.145403],[77.793338,28.145344],[77.793058,28.145293],[77.791508,28.146096],[77.787208,28.147957],[77.785293,28.148755],[77.783923,28.148418],[77.782297,28.148008],[77.781086,28.147115],[77.780251,28.146397],[77.778876,28.145351],[77.778508,28.144857],[77.778607,28.14337],[77.778101,28.142963],[77.777885,28.142718],[77.77734,28.141733],[77.776963,28.141147],[77.776193,28.140442],[77.775854,28.140226],[77.775396,28.139478],[77.774465,28.138431],[77.773028,28.136994],[77.772636,28.136558],[77.770977,28.137161],[77.768512,28.139439],[77.767061,28.140924],[77.766782,28.141078],[77.766343,28.141342],[77.766307,28.141683],[77.766827,28.142748],[77.766469,28.143197],[77.76618,28.143574],[77.766387,28.144384],[77.766199,28.144645],[77.765658,28.144961],[77.765852,28.145645],[77.765709,28.145993],[77.76524,28.146122],[77.764038,28.146983],[77.763585,28.147356],[77.762788,28.147866],[77.762402,28.148097],[77.762164,28.148271],[77.762205,28.149803],[77.762091,28.150194],[77.761906,28.150581],[77.761322,28.150983],[77.761123,28.151581],[77.761029,28.151861],[77.761027,28.152034],[77.761679,28.152689],[77.762082,28.15332],[77.761657,28.154362],[77.76053,28.156389],[77.7598,28.157357],[77.759443,28.157822],[77.760635,28.159445],[77.75937,28.15969],[77.756686,28.16009],[77.755962,28.160122],[77.754259,28.160851],[77.753911,28.160652],[77.753966,28.160194],[77.753459,28.159953],[77.752342,28.159653],[77.751534,28.158874],[77.749986,28.157437],[77.748956,28.156675],[77.748747,28.156528],[77.748382,28.156378],[77.747976,28.156126],[77.74743,28.155737],[77.747003,28.155422],[77.746274,28.155125],[77.74603,28.154904],[77.745495,28.154444],[77.74495,28.153917],[77.744716,28.153664],[77.744002,28.152893],[77.743248,28.151983],[77.743054,28.151572],[77.743038,28.15141],[77.74312,28.151328],[77.743272,28.151143],[77.743465,28.1508],[77.743613,28.150512],[77.743831,28.150182],[77.744091,28.149871],[77.744401,28.149388],[77.745011,28.148458],[77.745061,28.148273],[77.744985,28.148183],[77.744205,28.147488],[77.744063,28.14734],[77.744073,28.147249],[77.744556,28.146766],[77.744851,28.146604],[77.745034,28.146351],[77.744983,28.146179],[77.744708,28.145846],[77.744555,28.145521],[77.74458,28.145282],[77.744463,28.145111],[77.744279,28.144763],[77.744019,28.144384],[77.743953,28.14406],[77.743825,28.143712],[77.743825,28.143369],[77.743952,28.142805],[77.743809,28.142354],[77.74364,28.142192],[77.74363,28.142093],[77.74363,28.141998],[77.743966,28.141664],[77.744108,28.141479],[77.744093,28.141307],[77.743848,28.140884],[77.743445,28.140306],[77.743068,28.139941],[77.742783,28.139571],[77.74237,28.138931],[77.741784,28.137966],[77.741758,28.137136],[77.741951,28.136802],[77.741884,28.136725],[77.741757,28.136631],[77.741589,28.136504],[77.74139,28.136446],[77.74108,28.136356],[77.740433,28.136036],[77.739369,28.135459],[77.739119,28.135275],[77.738564,28.135036],[77.737872,28.134608],[77.736721,28.133769],[77.736487,28.133666],[77.73638,28.133666],[77.736136,28.133874],[77.736029,28.133896],[77.735886,28.133887],[77.735367,28.133518],[77.734674,28.133108],[77.734053,28.132774],[77.733325,28.132418],[77.733091,28.132224],[77.732897,28.132098],[77.732546,28.131891],[77.732352,28.131787],[77.732028,28.131441],[77.731879,28.131467],[77.730678,28.131703],[77.728505,28.132755],[77.727056,28.133632],[77.725412,28.134102],[77.725413,28.134977],[77.724752,28.135853],[77.724427,28.136909],[77.723699,28.137081],[77.722844,28.137081],[77.720172,28.136906],[77.720045,28.136898],[77.719867,28.136814],[77.716588,28.135276],[77.715401,28.133873],[77.714412,28.132119],[77.713353,28.131009],[77.71072,28.129026],[77.7096,28.128327],[77.707226,28.125053],[77.707236,28.125039],[77.707245,28.125027],[77.707424,28.124782],[77.708213,28.123708],[77.708476,28.122133],[77.708674,28.121253],[77.709029,28.119836],[77.709082,28.119777],[77.711302,28.117281],[77.71295,28.115877],[77.71532,28.114238],[77.71881,28.113009],[77.721838,28.11289],[77.722204,28.112903],[77.724123,28.112973],[77.724276,28.112978],[77.724428,28.112937],[77.724525,28.112911],[77.724795,28.112978],[77.725044,28.113014],[77.725196,28.11291],[77.72538,28.112838],[77.725573,28.112942],[77.725889,28.113014],[77.726285,28.112955],[77.726921,28.112562],[77.72774,28.111961],[77.727949,28.111812],[77.728142,28.111677],[77.728218,28.111478],[77.728141,28.111203],[77.727958,28.11095],[77.727764,28.11072],[77.727698,28.11063],[77.727724,28.110526],[77.727891,28.110377],[77.727973,28.110274],[77.72814,28.10989],[77.728206,28.109448],[77.728516,28.10887],[77.728526,28.108663],[77.728694,28.108143],[77.728632,28.107765],[77.728357,28.107327],[77.728357,28.107214],[77.728346,28.106799],[77.728305,28.106479],[77.728382,28.106294],[77.728432,28.105924],[77.728371,28.105603],[77.728279,28.105374],[77.728355,28.105234],[77.728716,28.104972],[77.728716,28.104787],[77.728629,28.104498],[77.728522,28.104304],[77.728303,28.104142],[77.728095,28.103957],[77.727957,28.103777],[77.727906,28.103515],[77.728023,28.103343],[77.728399,28.103063],[77.728852,28.102833],[77.72902,28.102756],[77.728918,28.102445],[77.728617,28.102134],[77.728515,28.101868],[77.728515,28.101637],[77.728708,28.101421],[77.729018,28.10096],[77.72915,28.100739],[77.729277,28.100396],[77.729252,28.10027],[77.728915,28.099715],[77.728864,28.099508],[77.728864,28.098926],[77.728864,28.098795],[77.728279,28.098809],[77.727953,28.098877],[77.727826,28.098877],[77.727734,28.098841],[77.727668,28.098741],[77.727607,28.09862],[77.727622,28.098511],[77.727785,28.098426],[77.728024,28.098263],[77.728115,28.098091],[77.728008,28.098064],[77.727861,28.097947],[77.727718,28.097807],[77.727718,28.097807],[77.727637,28.097672],[77.727525,28.09755],[77.727513,28.097537],[77.727351,28.097343],[77.727219,28.097122],[77.727087,28.096987],[77.726959,28.096856],[77.726893,28.096648],[77.726745,28.09654],[77.726613,28.096432],[77.725961,28.095778],[77.725421,28.095215],[77.725106,28.094818],[77.724897,28.09457],[77.724795,28.094263],[77.724749,28.094028],[77.724723,28.093789],[77.724647,28.0935],[77.724438,28.093189],[77.724229,28.092991],[77.724051,28.092779],[77.723688,28.092383],[77.723526,28.092206],[77.722813,28.091413],[77.722391,28.090957],[77.722009,28.090642],[77.721647,28.090321],[77.721439,28.090114],[77.721276,28.089956],[77.721174,28.08997],[77.721052,28.09006],[77.721118,28.09015],[77.721235,28.090272],[77.721103,28.09038],[77.720951,28.090565],[77.720864,28.090732],[77.72089,28.090868],[77.720803,28.090967],[77.720686,28.090967],[77.720569,28.09094],[77.720279,28.0908],[77.719862,28.090611],[77.719684,28.090566],[77.719536,28.090521],[77.719048,28.090382],[77.718824,28.090301],[77.717969,28.09008],[77.717602,28.089918],[77.716488,28.089548],[77.716193,28.089278],[77.715714,28.08884],[77.715388,28.088575],[77.715017,28.088245],[77.714726,28.088074],[77.714309,28.087903],[77.714085,28.087804],[77.713571,28.087592],[77.713429,28.08756],[77.71296,28.087403],[77.712075,28.087093],[77.712019,28.087074],[77.711927,28.087074],[77.711849,28.087205],[77.711841,28.087218],[77.711633,28.087304],[77.711215,28.087449],[77.710676,28.087607],[77.70999,28.087919],[77.709476,28.088176],[77.709313,28.088257],[77.70912,28.08851],[77.709023,28.088587],[77.708896,28.088587],[77.708774,28.088519],[77.708555,28.088393],[77.708458,28.088312],[77.708341,28.08819],[77.70825,28.087951],[77.708219,28.087798],[77.708153,28.087708],[77.708046,28.087667],[77.707502,28.087762],[77.707191,28.087798],[77.707013,28.08788],[77.706271,28.088394],[77.705747,28.08881],[77.7056,28.088882],[77.705055,28.089153],[77.704725,28.089316],[77.704476,28.089392],[77.704374,28.089456],[77.703911,28.089731],[77.703372,28.089907],[77.703183,28.089745],[77.702736,28.089443],[77.702374,28.089195],[77.702028,28.089421],[77.701494,28.08975],[77.700569,28.090355],[77.700269,28.090559],[77.70008,28.09041],[77.69981,28.090081],[77.699398,28.089571],[77.698461,28.088624],[77.698365,28.088579],[77.698298,28.088592],[77.698085,28.088701],[77.697876,28.088805],[77.6978,28.088805],[77.697658,28.088665],[77.697169,28.08825],[77.696762,28.087925],[77.696614,28.087898],[77.69606,28.088043],[77.695739,28.08816],[77.695688,28.088151],[77.695576,28.087727],[77.695438,28.087227],[77.695377,28.086861],[77.695336,28.086848],[77.695128,28.086947],[77.694889,28.087019],[77.69465,28.087137],[77.694355,28.087308],[77.69423,28.087387],[77.693861,28.08762],[77.693338,28.087949],[77.692737,28.088306],[77.692244,28.088609],[77.691842,28.088897],[77.691649,28.089001],[77.691319,28.089232],[77.690886,28.089539],[77.69053,28.089746],[77.690261,28.08994],[77.689976,28.090044],[77.689665,28.090234],[77.689447,28.090365],[77.689172,28.090482],[77.688953,28.090618],[77.688424,28.090947],[77.687677,28.091304],[77.687402,28.091413],[77.687209,28.091507],[77.68701,28.091652],[77.686853,28.091778],[77.686731,28.091837],[77.686629,28.091882],[77.686258,28.092324],[77.686059,28.092595],[77.685943,28.092713],[77.68579,28.092992],[77.685663,28.09315],[77.685363,28.093471],[77.685124,28.093692],[77.684681,28.094112],[77.684356,28.094401],[77.684071,28.094707],[77.683919,28.094978],[77.683903,28.095114],[77.683853,28.095245],[77.683685,28.095538],[77.683507,28.095682],[77.683024,28.09608],[77.682891,28.096161],[77.682591,28.096346],[77.682459,28.09645],[77.682434,28.096504],[77.682434,28.096567],[77.682541,28.096702],[77.682597,28.096802],[77.682551,28.096842],[77.682047,28.097253],[77.681452,28.097763],[77.680979,28.098228],[77.680847,28.09835],[77.680827,28.098535],[77.680847,28.098634],[77.680801,28.098693],[77.680715,28.098792],[77.680415,28.099189],[77.680318,28.099279],[77.679932,28.09965],[77.67984,28.099798],[77.679794,28.099911],[77.679693,28.100006],[77.679616,28.100069],[77.679616,28.100114],[77.679657,28.100164],[77.679708,28.100241],[77.67981,28.100349],[77.679947,28.10048],[77.680299,28.100795],[77.680334,28.100859],[77.680319,28.100926],[77.679917,28.101332],[77.679856,28.101364],[77.679434,28.101576],[77.678829,28.101852],[77.678533,28.101951],[77.678126,28.102127],[77.677775,28.102254],[77.677297,28.10247],[77.676931,28.102583],[77.6763,28.102737],[77.675801,28.102854],[77.675684,28.102854],[77.675196,28.102886],[77.674779,28.102972],[77.674199,28.10295],[77.673619,28.102954],[77.672967,28.1029],[77.672855,28.10291],[77.672713,28.102923],[77.672801,28.103022],[77.673028,28.103279],[77.673059,28.103428],[77.673125,28.103546],[77.673232,28.103739],[77.673339,28.103961],[77.673446,28.104227],[77.673604,28.104651],[77.673675,28.104912],[77.673726,28.105192],[77.673767,28.10535],[77.673844,28.105765],[77.67393,28.106031],[77.673945,28.10628],[77.673849,28.106437],[77.673549,28.106699],[77.67335,28.106893],[77.673508,28.107245],[77.67357,28.107705],[77.673671,28.108075],[77.673433,28.108531],[77.67357,28.108865],[77.67357,28.109266],[77.673493,28.109403],[77.673417,28.109538],[77.673431,28.109535],[77.673461,28.109529],[77.67355,28.10951],[77.67357,28.109528],[77.67494,28.110796],[77.677836,28.11412],[77.678557,28.116668],[77.678591,28.116786],[77.678498,28.116939],[77.678214,28.117404],[77.677894,28.118117],[77.675697,28.122066],[77.675035,28.12333],[77.67495,28.123492],[77.675001,28.123601],[77.675806,28.125301],[77.676717,28.126442],[77.677847,28.12682],[77.679293,28.128196],[77.680525,28.12829],[77.681171,28.128908],[77.680846,28.129481],[77.682617,28.130622],[77.683478,28.131384],[77.684975,28.13276],[77.68719,28.134726],[77.687281,28.134807],[77.687343,28.134997],[77.687715,28.136138],[77.68793,28.138326],[77.688302,28.140131],[77.688415,28.142269],[77.689001,28.143343],[77.688895,28.144245],[77.687663,28.145337],[77.687557,28.146528],[77.68686,28.147575],[77.687184,28.148392],[77.687237,28.148527],[77.68717,28.148662],[77.686861,28.149285],[77.685785,28.150631],[77.685681,28.150761],[77.685827,28.150875],[77.689276,28.153566],[77.691481,28.155658],[77.694379,28.158463],[77.695668,28.160601],[77.698562,28.164024],[77.702155,28.161789],[77.705005,28.161017],[77.705158,28.160975],[77.705234,28.161111],[77.705856,28.162211],[77.706063,28.162686],[77.706486,28.163655],[77.706489,28.163663],[77.706769,28.164304],[77.707035,28.166158],[77.707896,28.16794],[77.709777,28.171124],[77.712727,28.175164],[77.71203,28.175878],[77.709084,28.177305],[77.707633,28.178636],[77.707634,28.179543],[77.707156,28.180401],[77.70678,28.181028],[77.707906,28.183166],[77.70968,28.185448],[77.713006,28.187778],[77.713114,28.189109],[77.713115,28.190774],[77.714884,28.192866],[77.715138,28.193962],[77.71517,28.194097],[77.715162,28.194233],[77.715155,28.19435],[77.712687,28.196823],[77.709364,28.199821],[77.708131,28.199587],[77.706202,28.201726],[77.705819,28.202167],[77.705702,28.202303],[77.705584,28.202438],[77.705129,28.202963],[77.698908,28.198685],[77.697728,28.199592],[77.695636,28.201492],[77.692311,28.202495],[77.689521,28.203209],[77.687805,28.20321],[77.685497,28.202214],[77.683714,28.200339],[77.683602,28.200222],[77.683468,28.200081],[77.683467,28.200079],[77.683459,28.200072],[77.683613,28.199951],[77.683943,28.199692],[77.684533,28.198596],[77.683565,28.196697],[77.683406,28.194202],[77.683186,28.192827],[77.685599,28.190732],[77.685598,28.188783],[77.684904,28.18693],[77.685006,28.186855],[77.685056,28.186819],[77.685127,28.186767],[77.68608,28.186072],[77.685652,28.185071],[77.685651,28.183122],[77.685706,28.182265],[77.684952,28.180821],[77.686454,28.180248],[77.686668,28.179679],[77.687309,28.179679],[77.686723,28.178872],[77.688275,28.177445],[77.689721,28.177016],[77.690475,28.177679],[77.691707,28.178251],[77.691707,28.177489],[77.692567,28.177394],[77.692725,28.176776],[77.691437,28.176587],[77.690311,28.175685],[77.691384,28.173591],[77.690849,28.172116],[77.690848,28.170785],[77.689559,28.169338],[77.69074,28.168769],[77.691865,28.168768],[77.692455,28.167627],[77.690469,28.166247],[77.690575,28.164203],[77.691109,28.163585],[77.690253,28.162584],[77.690253,28.161826],[77.689606,28.161064],[77.689045,28.160276],[77.688964,28.160162],[77.688802,28.160284],[77.68789,28.16097],[77.685051,28.163114],[77.680975,28.166964],[77.679204,28.168439],[77.677865,28.169631],[77.675401,28.17006],[77.672882,28.170679],[77.671915,28.171392],[77.670362,28.171298],[77.669018,28.171962],[77.667463,28.173132],[77.66731,28.173247],[77.667157,28.173362],[77.666931,28.173532],[77.666662,28.17429],[77.667253,28.176004],[77.667397,28.177052],[77.667416,28.177191],[77.667575,28.177229],[77.668806,28.177524],[77.670792,28.178331],[77.672401,28.179761],[77.673155,28.180424],[77.673421,28.182043],[77.673314,28.18304],[77.672352,28.183898],[77.671548,28.184232],[77.669506,28.185135],[77.667846,28.183421],[77.666023,28.184373],[77.662323,28.186752],[77.660761,28.188313],[77.660607,28.188466],[77.660775,28.188584],[77.661356,28.188989],[77.660608,28.19032],[77.663506,28.193839],[77.663506,28.194312],[77.66372,28.19498],[77.6634,28.195977],[77.663614,28.196978],[77.663772,28.197691],[77.663024,28.19807],[77.66308,28.199496],[77.664369,28.200542],[77.664313,28.201305],[77.664741,28.202207],[77.663723,28.203872],[77.663724,28.206199],[77.662365,28.208125],[77.662278,28.208248],[77.662419,28.208396],[77.665467,28.211603],[77.665549,28.211689],[77.665583,28.211725],[77.665712,28.21186],[77.665712,28.211996],[77.665712,28.212907],[77.665508,28.216101],[77.665507,28.216114],[77.665499,28.216236],[77.665462,28.216372],[77.665458,28.216385],[77.665174,28.217423],[77.662638,28.220689],[77.662536,28.22082],[77.662428,28.220959],[77.661961,28.22156],[77.659762,28.225413],[77.659869,28.22627],[77.659347,28.226625],[77.659172,28.226744],[77.659278,28.226895],[77.659977,28.227885],[77.659977,28.228363],[77.658902,28.229221],[77.660512,28.230457],[77.662392,28.232405],[77.664486,28.23383],[77.666459,28.235053],[77.666631,28.23516],[77.666765,28.235066],[77.66792,28.234257],[77.670548,28.235637],[77.672173,28.236356],[77.672372,28.236444],[77.672291,28.236608],[77.671996,28.237206],[77.671731,28.238249],[77.673876,28.239678],[77.675216,28.240674],[77.675864,28.242194],[77.677041,28.244147],[77.678954,28.247994],[77.678979,28.248044],[77.679029,28.248134],[77.679091,28.248244],[77.679699,28.249331],[77.680277,28.250056],[77.680512,28.250433],[77.680904,28.250749],[77.681191,28.250881],[77.681571,28.251239],[77.681922,28.251811],[77.682494,28.252225],[77.683069,28.252447],[77.68378,28.252511],[77.684505,28.252426],[77.684905,28.252367],[77.685263,28.252565],[77.685519,28.253081],[77.686277,28.25321],[77.687117,28.253468],[77.687906,28.253843],[77.688926,28.25421],[77.689798,28.254682],[77.69043,28.255076],[77.690986,28.256418],[77.692154,28.257902],[77.693016,28.259255],[77.694612,28.260838],[77.696901,28.262673],[77.697029,28.262718],[77.697181,28.262772],[77.697058,28.262905],[77.696611,28.26339],[77.69632,28.263942],[77.69625,28.264076],[77.696117,28.264207],[77.696116,28.26421],[77.695807,28.265123],[77.694896,28.267515],[77.694113,28.269645],[77.693609,28.270388],[77.693518,28.270522],[77.693428,28.270656],[77.69337,28.270741],[77.692866,28.271315],[77.691786,28.273386],[77.69115,28.274826],[77.69079,28.276513],[77.69024,28.277172],[77.688793,28.279131],[77.688254,28.279719],[77.688131,28.279853],[77.688282,28.279961],[77.689727,28.280998],[77.692042,28.282468],[77.693266,28.283261],[77.696044,28.284713],[77.697181,28.285317],[77.69816,28.285713],[77.698523,28.28582],[77.698827,28.28591],[77.700362,28.286362],[77.702458,28.286965],[77.704568,28.287875],[77.706425,28.288993],[77.707286,28.28966],[77.708771,28.291058],[77.710183,28.291923],[77.710582,28.292031],[77.710734,28.292072],[77.710889,28.291943],[77.711478,28.291453],[77.71244,28.290419],[77.712756,28.290221],[77.713541,28.290481],[77.713694,28.290531],[77.713831,28.290252],[77.714233,28.28943],[77.714655,28.288216],[77.71443,28.286719],[77.714934,28.285617],[77.714678,28.285288],[77.714484,28.284517],[77.715049,28.283862],[77.715951,28.283013],[77.716933,28.28184],[77.717586,28.281614],[77.718543,28.280914],[77.719369,28.280039],[77.719984,28.279388],[77.721059,28.278584],[77.721879,28.278809],[77.722751,28.279133],[77.723929,28.279832],[77.724525,28.279831],[77.726105,28.279708],[77.727237,28.279757],[77.727256,28.279759],[77.728817,28.279954],[77.731187,28.27998],[77.732486,28.279951],[77.733898,28.279499],[77.735442,28.279521],[77.736461,28.27952],[77.73796,28.280019],[77.73954,28.280194],[77.740783,28.27994],[77.741293,28.280242],[77.741803,28.280241],[77.742818,28.280917],[77.743328,28.28084],[77.744336,28.280212],[77.744768,28.279486],[77.746066,28.278135],[77.746576,28.278108],[77.747168,28.27841],[77.747845,28.278206],[77.748735,28.277978],[77.750815,28.277928],[77.751873,28.277718],[77.754013,28.276765],[77.755122,28.276081],[77.760034,28.273324],[77.760751,28.27295],[77.762261,28.274942],[77.764047,28.277314],[77.767654,28.281249],[77.770587,28.28639],[77.77381,28.288166],[77.771292,28.291837],[77.773858,28.295368],[77.773308,28.296999],[77.772836,28.298811],[77.772274,28.299175],[77.771808,28.304124],[77.772735,28.304385],[77.774949,28.303177],[77.776018,28.303072],[77.777032,28.302821],[77.778613,28.302444],[77.782191,28.301852],[77.783245,28.301606],[77.783806,28.301419],[77.784466,28.300842],[77.786207,28.299122],[77.787078,28.299034],[77.791479,28.297319],[77.795836,28.300367],[77.797341,28.299627],[77.798657,28.300938],[77.800854,28.301509],[77.803085,28.302196],[77.803929,28.302233],[77.804516,28.303072],[77.805723,28.30448],[77.807355,28.306126],[77.808339,28.307127],[77.809339,28.309048],[77.809935,28.310346],[77.811179,28.311023],[77.812343,28.311958],[77.812505,28.313584],[77.813713,28.315141],[77.815626,28.316607],[77.816636,28.317052],[77.818214,28.316697],[77.819027,28.317158],[77.820487,28.317842],[77.820999,28.318403],[77.821795,28.319242],[77.822982,28.320024],[77.823272,28.320983],[77.82326,28.321333],[77.822955,28.323028],[77.822363,28.324407],[77.820809,28.325815],[77.819439,28.327083],[77.819837,28.327904],[77.820117,28.328685],[77.821157,28.328876],[77.821349,28.329363],[77.822058,28.330724],[77.823448,28.332092],[77.825734,28.33281],[77.826365,28.332054],[77.82688,28.331876],[77.827554,28.331568],[77.828064,28.331526]]]}},{"type":"Feature","properties":{"OBJECTID":2716,"state_lgd":"09","state_name":"UTTAR PRADESH","district_lgd":"142","district_name":"BULANDSHAHR","district_name_source":"district_table","subdistrict_lgd":"750","subdistrict_name":"SHIKARPUR","subdistrict_type":"Tehsil","name_corrupted":false,"remarks":""},"geometry":{"type":"Polygon","coordinates":[[[78.083819,28.385997],[78.084632,28.385868],[78.085451,28.385921],[78.085967,28.385659],[78.086266,28.384975],[78.084629,28.383588],[78.08355,28.382655],[78.083389,28.382435],[78.084167,28.38153],[78.085553,28.380451],[78.086413,28.379733],[78.087241,28.379163],[78.087907,28.378181],[78.088695,28.37731],[78.088271,28.376309],[78.088736,28.376088],[78.089349,28.37628],[78.089643,28.376316],[78.089864,28.375554],[78.089379,28.375058],[78.089266,28.374287],[78.08927,28.373379],[78.089524,28.372753],[78.089504,28.372007],[78.089552,28.371327],[78.089294,28.370949],[78.091483,28.370578],[78.095303,28.370008],[78.097902,28.369398],[78.099407,28.369182],[78.100067,28.369018],[78.1004,28.369437],[78.102686,28.368818],[78.102998,28.369005],[78.104661,28.368385],[78.105,28.368926],[78.105859,28.368498],[78.10598,28.368683],[78.107165,28.368299],[78.107444,28.368649],[78.107708,28.368485],[78.107954,28.368713],[78.1084,28.368373],[78.108589,28.368446],[78.109396,28.367916],[78.109794,28.36806],[78.110458,28.367595],[78.111984,28.366826],[78.112452,28.366527],[78.112852,28.366486],[78.113174,28.366673],[78.113453,28.366649],[78.113685,28.36649],[78.114507,28.3656],[78.116334,28.363702],[78.117219,28.362774],[78.11746,28.362491],[78.11736,28.362121],[78.116665,28.361272],[78.115705,28.360196],[78.114856,28.359592],[78.114266,28.359161],[78.113756,28.358901],[78.113671,28.358855],[78.113607,28.358451],[78.113387,28.357812],[78.113223,28.35722],[78.113284,28.356664],[78.113625,28.355906],[78.113449,28.355582],[78.113114,28.354899],[78.112923,28.354425],[78.112908,28.354134],[78.112885,28.353927],[78.112854,28.353638],[78.112831,28.353417],[78.112801,28.353142],[78.112751,28.352826],[78.112822,28.352166],[78.113304,28.350943],[78.113955,28.349692],[78.114159,28.349419],[78.114602,28.348831],[78.115187,28.34828],[78.115797,28.347758],[78.115633,28.347382],[78.115514,28.347227],[78.115121,28.346716],[78.114576,28.345453],[78.114014,28.344026],[78.113669,28.343373],[78.113376,28.342702],[78.113358,28.342383],[78.11338,28.342145],[78.113758,28.341862],[78.114514,28.341437],[78.114876,28.341003],[78.115019,28.340881],[78.115295,28.340216],[78.11593,28.33962],[78.116899,28.339274],[78.117675,28.339028],[78.118676,28.33854],[78.11978,28.337988],[78.120988,28.337385],[78.122115,28.33697],[78.122591,28.336568],[78.123185,28.336101],[78.123475,28.336021],[78.123684,28.336019],[78.124692,28.335373],[78.125846,28.334659],[78.127768,28.333859],[78.130866,28.332361],[78.12982,28.330225],[78.129368,28.329425],[78.129342,28.328748],[78.12931,28.328133],[78.129599,28.327687],[78.130142,28.327287],[78.129903,28.327009],[78.130455,28.326211],[78.132867,28.324681],[78.133599,28.324146],[78.134007,28.323515],[78.13614,28.321032],[78.136338,28.320536],[78.136407,28.31946],[78.1361,28.317095],[78.135828,28.315431],[78.135838,28.315034],[78.136114,28.314795],[78.136433,28.314202],[78.136788,28.311538],[78.137488,28.310256],[78.13761,28.310006],[78.137826,28.309257],[78.138044,28.308772],[78.138736,28.308162],[78.140206,28.307101],[78.140597,28.306747],[78.14092,28.306294],[78.140912,28.306223],[78.140873,28.306107],[78.140817,28.305967],[78.140803,28.305585],[78.141128,28.305342],[78.144075,28.304087],[78.14626,28.303291],[78.14758,28.302814],[78.14753,28.302471],[78.147598,28.302226],[78.149141,28.30037],[78.149667,28.299355],[78.150484,28.298465],[78.150692,28.298268],[78.150855,28.298027],[78.150774,28.29777],[78.15078,28.297458],[78.150852,28.297248],[78.151265,28.296937],[78.151305,28.296682],[78.151346,28.296439],[78.151582,28.29612],[78.151726,28.295952],[78.151627,28.295781],[78.151601,28.295609],[78.153427,28.292615],[78.153919,28.291663],[78.157373,28.290538],[78.157282,28.289521],[78.15787,28.288213],[78.158187,28.287835],[78.158185,28.287699],[78.157817,28.287016],[78.157636,28.285631],[78.157664,28.284472],[78.157881,28.283876],[78.157931,28.283509],[78.157884,28.282909],[78.157459,28.282512],[78.157141,28.282414],[78.156697,28.282565],[78.156346,28.282629],[78.154557,28.281567],[78.152765,28.280721],[78.151674,28.280501],[78.148769,28.278582],[78.147964,28.277992],[78.147724,28.278137],[78.14625,28.277162],[78.14297,28.275045],[78.1426,28.275379],[78.141974,28.274797],[78.139836,28.276077],[78.138613,28.274871],[78.137998,28.274265],[78.136977,28.272504],[78.135713,28.271392],[78.133791,28.27016],[78.133164,28.26968],[78.132114,28.268601],[78.131019,28.267747],[78.130612,28.267532],[78.130362,28.267462],[78.130019,28.26748],[78.129782,28.267534],[78.129602,28.267526],[78.129444,28.267369],[78.128408,28.266176],[78.127507,28.265402],[78.12658,28.264329],[78.126093,28.263849],[78.125921,28.261891],[78.125812,28.261294],[78.125618,28.260913],[78.125253,28.260491],[78.124505,28.259953],[78.126742,28.259243],[78.128019,28.258523],[78.129679,28.257255],[78.129901,28.25718],[78.130079,28.257176],[78.131968,28.2562],[78.133459,28.255202],[78.1355,28.254038],[78.135944,28.253773],[78.136276,28.253292],[78.136458,28.253486],[78.136704,28.253156],[78.136487,28.253008],[78.137274,28.251995],[78.138502,28.250071],[78.138694,28.249472],[78.139187,28.248849],[78.139541,28.248473],[78.139541,28.248473],[78.139524,28.24803],[78.139359,28.247427],[78.139019,28.246487],[78.138774,28.245795],[78.138354,28.245482],[78.138145,28.245145],[78.138127,28.244759],[78.138338,28.243857],[78.138357,28.243815],[78.138968,28.242856],[78.139087,28.242693],[78.139469,28.242353],[78.139941,28.24187],[78.14052,28.241204],[78.141007,28.2405],[78.14148,28.239898],[78.141817,28.239913],[78.142372,28.240073],[78.142914,28.240306],[78.143439,28.240148],[78.144312,28.239973],[78.145151,28.239808],[78.145548,28.239637],[78.145565,28.239267],[78.145265,28.238359],[78.144834,28.236914],[78.144484,28.236221],[78.144175,28.235169],[78.144034,28.234457],[78.144355,28.233947],[78.145382,28.232879],[78.146296,28.232273],[78.146892,28.232804],[78.147315,28.23247],[78.148222,28.231637],[78.148529,28.231281],[78.148914,28.23037],[78.149371,28.230838],[78.150252,28.23019],[78.151167,28.229553],[78.151297,28.229369],[78.151188,28.228895],[78.15093,28.228275],[78.15081,28.22777],[78.150645,28.227192],[78.150526,28.226681],[78.150101,28.225509],[78.149765,28.224662],[78.149441,28.223815],[78.149278,28.223073],[78.149179,28.221889],[78.149034,28.220715],[78.148829,28.218872],[78.148679,28.217245],[78.148516,28.2157],[78.149122,28.214802],[78.149853,28.214217],[78.150911,28.213306],[78.152345,28.212151],[78.153526,28.211547],[78.155291,28.210745],[78.157244,28.209832],[78.158645,28.209252],[78.159987,28.208825],[78.160945,28.208383],[78.161243,28.208634],[78.161486,28.208667],[78.161905,28.208641],[78.162628,28.208444],[78.163246,28.208281],[78.163709,28.208328],[78.164094,28.208168],[78.16455,28.207566],[78.165139,28.206617],[78.165389,28.206157],[78.16553,28.206076],[78.16577,28.206305],[78.16607,28.206463],[78.166452,28.206509],[78.166736,28.206152],[78.167302,28.205582],[78.167501,28.20543],[78.167806,28.20564],[78.168029,28.205833],[78.168263,28.205732],[78.168714,28.205444],[78.169714,28.204572],[78.170041,28.204838],[78.170688,28.205817],[78.171193,28.206224],[78.171503,28.206474],[78.173173,28.208159],[78.173464,28.208091],[78.174343,28.207535],[78.174687,28.207858],[78.175048,28.208171],[78.175536,28.207703],[78.176042,28.207251],[78.176376,28.207065],[78.176871,28.207302],[78.177518,28.206774],[78.179208,28.205508],[78.179923,28.204992],[78.180414,28.204401],[78.181582,28.203515],[78.181423,28.203281],[78.181213,28.20294],[78.180876,28.20254],[78.180765,28.20221],[78.180673,28.201782],[78.180539,28.201415],[78.18026,28.201021],[78.180542,28.200762],[78.181185,28.200487],[78.181676,28.200245],[78.182295,28.199995],[78.182933,28.200003],[78.183434,28.199885],[78.183556,28.199496],[78.183554,28.198806],[78.183428,28.1979],[78.183435,28.197437],[78.183652,28.196895],[78.183524,28.196497],[78.183148,28.19602],[78.182821,28.195327],[78.183103,28.195114],[78.183585,28.194678],[78.183961,28.194373],[78.184267,28.194099],[78.18405,28.193819],[78.184442,28.193207],[78.184132,28.193018],[78.183729,28.192777],[78.183432,28.192424],[78.183113,28.19205],[78.182707,28.191603],[78.182133,28.190779],[78.181769,28.19026],[78.181181,28.189565],[78.18053,28.188837],[78.179447,28.18829],[78.179229,28.187311],[78.179056,28.186455],[78.178905,28.185703],[78.178842,28.185565],[78.17868,28.185206],[78.178397,28.184679],[78.178289,28.184112],[78.178064,28.183687],[78.177826,28.183232],[78.176682,28.182108],[78.175263,28.180745],[78.174817,28.180308],[78.174391,28.180046],[78.174011,28.179856],[78.173328,28.179684],[78.172473,28.179468],[78.171964,28.178516],[78.171214,28.176677],[78.171435,28.175816],[78.171762,28.174914],[78.171992,28.174238],[78.172,28.173704],[78.171987,28.173004],[78.171846,28.172334],[78.17195,28.171574],[78.172043,28.170742],[78.172126,28.169879],[78.172216,28.169273],[78.172249,28.168605],[78.172224,28.167885],[78.172564,28.167704],[78.173629,28.167829],[78.175109,28.168237],[78.176217,28.16863],[78.176945,28.168875],[78.177664,28.168914],[78.178351,28.168758],[78.178863,28.16865],[78.17904,28.168436],[78.17916,28.168181],[78.179543,28.168195],[78.179888,28.168425],[78.180211,28.168563],[78.18068,28.168239],[78.181386,28.167548],[78.181773,28.167295],[78.181653,28.166759],[78.181348,28.165694],[78.181594,28.164626],[78.181983,28.163529],[78.182759,28.162704],[78.183398,28.162695],[78.184368,28.163178],[78.184738,28.163403],[78.185202,28.163251],[78.185084,28.162825],[78.185708,28.162674],[78.186384,28.162556],[78.186887,28.162184],[78.187091,28.161604],[78.187497,28.160554],[78.188062,28.160159],[78.188952,28.160012],[78.19005,28.160276],[78.191247,28.160966],[78.192221,28.161182],[78.192903,28.160718],[78.193108,28.160075],[78.191456,28.158844],[78.189749,28.157738],[78.18896,28.157005],[78.189005,28.156376],[78.189499,28.155406],[78.190625,28.153671],[78.191287,28.152089],[78.191639,28.151085],[78.19197,28.150334],[78.192061,28.148918],[78.19232,28.148228],[78.192796,28.147211],[78.193858,28.146278],[78.193548,28.145613],[78.192851,28.144677],[78.192666,28.143951],[78.192517,28.143209],[78.191872,28.142383],[78.190955,28.140657],[78.19035,28.13958],[78.188719,28.13816],[78.187266,28.136695],[78.187191,28.135718],[78.187507,28.134746],[78.188695,28.133689],[78.191265,28.131562],[78.193463,28.129351],[78.19635,28.126204],[78.197966,28.124932],[78.199495,28.12358],[78.200227,28.123289],[78.200515,28.123025],[78.200518,28.122836],[78.200398,28.122488],[78.200001,28.121712],[78.199478,28.121061],[78.199331,28.120178],[78.199717,28.119253],[78.201194,28.117774],[78.20312,28.115954],[78.204106,28.115336],[78.204201,28.114896],[78.203622,28.114402],[78.202903,28.113764],[78.20169,28.112963],[78.201273,28.112281],[78.201335,28.111715],[78.20192,28.110541],[78.205044,28.106877],[78.206435,28.105193],[78.207121,28.104429],[78.206897,28.10397],[78.206412,28.10313],[78.205961,28.102354],[78.205919,28.101598],[78.205736,28.10073],[78.205629,28.100154],[78.203842,28.100952],[78.201706,28.098897],[78.198908,28.097134],[78.195594,28.09431],[78.194055,28.092718],[78.192296,28.090337],[78.1899,28.087901],[78.185872,28.084124],[78.185172,28.083423],[78.184598,28.082582],[78.183479,28.08142],[78.183258,28.080772],[78.181217,28.078278],[78.179975,28.07702],[78.178269,28.077205],[78.177633,28.076961],[78.174771,28.07485],[78.173624,28.075577],[78.172895,28.075695],[78.172083,28.075402],[78.171068,28.074367],[78.170165,28.074231],[78.169126,28.07488],[78.16776,28.074833],[78.166253,28.074737],[78.164549,28.074764],[78.162948,28.075013],[78.161961,28.075694],[78.160466,28.077204],[78.159365,28.078419],[78.158752,28.080301],[78.157423,28.078948],[78.154292,28.075779],[78.15353,28.07451],[78.151313,28.073194],[78.150849,28.073393],[78.149531,28.074858],[78.14927,28.074555],[78.149032,28.072616],[78.149029,28.071593],[78.148688,28.070707],[78.148193,28.069379],[78.146056,28.067465],[78.143932,28.065819],[78.143116,28.065809],[78.141098,28.064274],[78.139636,28.063549],[78.13758,28.06332],[78.135343,28.059846],[78.134599,28.059727],[78.131333,28.059799],[78.128194,28.059636],[78.125787,28.059198],[78.124526,28.059262],[78.121938,28.060247],[78.120379,28.061197],[78.119447,28.061831],[78.117864,28.063253],[78.11598,28.064616],[78.113965,28.066387],[78.113281,28.067055],[78.113658,28.06791],[78.11283,28.068719],[78.114132,28.070592],[78.113645,28.071114],[78.114151,28.071742],[78.115647,28.073704],[78.118028,28.075904],[78.121037,28.078868],[78.120374,28.080435],[78.120026,28.082351],[78.121497,28.083691],[78.120725,28.085445],[78.119839,28.08767],[78.118537,28.089292],[78.118401,28.090014],[78.117914,28.090528],[78.116371,28.091643],[78.115215,28.092952],[78.113731,28.094855],[78.112466,28.09632],[78.111143,28.096965],[78.110211,28.097521],[78.108651,28.097392],[78.107799,28.097351],[78.106369,28.097979],[78.105235,28.099052],[78.104686,28.1001],[78.104969,28.102543],[78.104907,28.103125],[78.104292,28.103873],[78.102734,28.105933],[78.10161,28.107431],[78.099611,28.10928],[78.099231,28.109795],[78.099103,28.11003],[78.098535,28.110007],[78.09831,28.109658],[78.09768,28.109021],[78.095464,28.107625],[78.091025,28.104218],[78.090879,28.103288],[78.090284,28.10273],[78.08932,28.103049],[78.088755,28.102884],[78.088409,28.102266],[78.087247,28.102788],[78.086039,28.101687],[78.08311,28.102832],[78.082101,28.101498],[78.080956,28.100917],[78.080263,28.100909],[78.077914,28.10129],[78.077145,28.101642],[78.077461,28.103079],[78.077427,28.105267],[78.077588,28.10752],[78.078119,28.10877],[78.078941,28.109583],[78.080157,28.110164],[78.080896,28.110566],[78.081315,28.111075],[78.081574,28.111535],[78.081618,28.112134],[78.082072,28.112596],[78.081927,28.11283],[78.081103,28.113277],[78.08145,28.113848],[78.081499,28.114116],[78.082953,28.115377],[78.082554,28.115955],[78.083746,28.116898],[78.083453,28.117477],[78.08233,28.118305],[78.08049,28.119661],[78.079073,28.119455],[78.077639,28.119185],[78.076953,28.118768],[78.076081,28.117718],[78.075247,28.116543],[78.073988,28.1153],[78.072626,28.113804],[78.072569,28.112921],[78.071546,28.112437],[78.070304,28.11239],[78.068244,28.11246],[78.066338,28.112862],[78.065695,28.113106],[78.064926,28.113411],[78.063984,28.11351],[78.063308,28.11358],[78.062071,28.113187],[78.061221,28.113067],[78.060734,28.11358],[78.060623,28.114066],[78.060448,28.114836],[78.059985,28.117192],[78.059492,28.118083],[78.057801,28.119479],[78.056849,28.120176],[78.055652,28.120681],[78.054614,28.121204],[78.053951,28.122707],[78.051322,28.125067],[78.048927,28.123207],[78.047532,28.122124],[78.046716,28.122083],[78.045703,28.123267],[78.044714,28.122971],[78.044102,28.123467],[78.043429,28.123396],[78.04274,28.124269],[78.041943,28.125267],[78.03876,28.126692],[78.036522,28.127845],[78.033508,28.128689],[78.033809,28.131304],[78.035661,28.135451],[78.035012,28.136104],[78.038966,28.139868],[78.037748,28.140546],[78.036696,28.141918],[78.034531,28.144064],[78.030934,28.146979],[78.032871,28.14801],[78.03339,28.148898],[78.033546,28.150285],[78.034847,28.15112],[78.036138,28.152552],[78.034911,28.153797],[78.033234,28.155148],[78.031295,28.156711],[78.030311,28.156085],[78.02914,28.157078],[78.028643,28.157072],[78.026683,28.155222],[78.023755,28.156193],[78.019268,28.156892],[78.01609,28.155719],[78.012698,28.15681],[78.010011,28.160429],[78.009316,28.161711],[78.010005,28.163073],[78.010345,28.163991],[78.011011,28.164566],[78.012033,28.165114],[78.013231,28.165695],[78.014233,28.166729],[78.015341,28.170054],[78.01611,28.172799],[78.013186,28.174203],[78.013727,28.175217],[78.014017,28.175982],[78.014056,28.177135],[78.015978,28.178907],[78.017077,28.179846],[78.016932,28.180256],[78.01773,28.181119],[78.018769,28.182238],[78.018362,28.182274],[78.017067,28.18268],[78.017551,28.184393],[78.018239,28.186355],[78.019052,28.187805],[78.020782,28.189946],[78.022447,28.191859],[78.023522,28.191378],[78.024757,28.192566],[78.025757,28.193936],[78.027923,28.196411],[78.029335,28.198176],[78.030316,28.199258],[78.029354,28.200655],[78.028462,28.202393],[78.027995,28.203616],[78.027452,28.204961],[78.027761,28.205212],[78.027279,28.207078],[78.026965,28.207866],[78.026079,28.209562],[78.02532,28.21055],[78.024335,28.211512],[78.023732,28.211505],[78.022372,28.211601],[78.020919,28.211717],[78.020583,28.211702],[78.020698,28.213956],[78.020232,28.214053],[78.01817,28.213739],[78.016954,28.212451],[78.015009,28.210679],[78.012532,28.208715],[78.011432,28.209277],[78.010527,28.207764],[78.009852,28.20646],[78.009819,28.206295],[78.006889,28.208767],[78.00665,28.208487],[78.006396,28.208401],[78.005954,28.208468],[78.002723,28.210844],[78.001038,28.212406],[78.001235,28.213139],[78.000572,28.213234],[78.000912,28.213762],[78.000283,28.213878],[78.000732,28.21484],[77.999935,28.215412],[77.999246,28.21564],[77.998705,28.216328],[77.997542,28.217234],[77.997329,28.217008],[77.995953,28.217956],[77.993246,28.219534],[77.991954,28.220462],[77.990819,28.221365],[77.988911,28.222768],[77.988038,28.223546],[77.987633,28.223413],[77.987421,28.223469],[77.986337,28.224098],[77.984777,28.225206],[77.98348,28.22644],[77.982811,28.22741],[77.982656,28.228207],[77.982494,28.228544],[77.981605,28.227788],[77.980959,28.227096],[77.980875,28.226995],[77.980487,28.227268],[77.978971,28.225328],[77.977303,28.226186],[77.976911,28.226666],[77.974953,28.228219],[77.974811,28.228321],[77.974359,28.228649],[77.972238,28.229305],[77.96968,28.230946],[77.968625,28.231785],[77.96908,28.232309],[77.97082,28.234065],[77.971916,28.235446],[77.972413,28.236069],[77.971256,28.237233],[77.972393,28.238555],[77.973479,28.23998],[77.973626,28.240044],[77.972324,28.241303],[77.972879,28.241961],[77.972461,28.242237],[77.976127,28.246622],[77.979812,28.250065],[77.980662,28.250854],[77.980579,28.250893],[77.980258,28.25104],[77.979911,28.251342],[77.979622,28.25167],[77.979404,28.251804],[77.979152,28.251897],[77.978938,28.252067],[77.978741,28.252504],[77.978596,28.252847],[77.97833,28.253102],[77.978031,28.253234],[77.977708,28.253381],[77.977409,28.253701],[77.97729,28.254195],[77.97724,28.254682],[77.977133,28.255192],[77.976849,28.255466],[77.976609,28.255495],[77.976266,28.255309],[77.975723,28.254853],[77.975457,28.254624],[77.975281,28.254487],[77.975028,28.254579],[77.974598,28.254861],[77.974016,28.255187],[77.973406,28.255524],[77.972896,28.255763],[77.971709,28.256143],[77.971372,28.256297],[77.971216,28.256444],[77.971218,28.256846],[77.971422,28.257151],[77.971619,28.257296],[77.971795,28.257433],[77.971932,28.257673],[77.971841,28.257917],[77.971119,28.258246],[77.970729,28.258287],[77.970593,28.258432],[77.970457,28.258578],[77.970487,28.259336],[77.970311,28.259681],[77.970079,28.259772],[77.96987,28.259808],[77.96897,28.259654],[77.968889,28.259652],[77.96881,28.259569],[77.968791,28.25949],[77.968636,28.259261],[77.968558,28.259196],[77.968486,28.259184],[77.968308,28.259217],[77.968142,28.259275],[77.967942,28.259382],[77.967649,28.259674],[77.967451,28.260183],[77.967186,28.260545],[77.967027,28.260764],[77.966904,28.260935],[77.966637,28.261082],[77.966365,28.261087],[77.966165,28.261014],[77.965926,28.260855],[77.965986,28.260416],[77.96588,28.259897],[77.965762,28.259737],[77.965576,28.259699],[77.965424,28.259783],[77.965286,28.259911],[77.965183,28.26008],[77.96516,28.260342],[77.964936,28.260807],[77.964836,28.261004],[77.9646,28.261354],[77.964479,28.261445],[77.964185,28.261532],[77.963738,28.261703],[77.963349,28.261941],[77.963172,28.262072],[77.963163,28.262279],[77.963186,28.262402],[77.963306,28.262481],[77.963527,28.262472],[77.963752,28.262498],[77.963876,28.26272],[77.963968,28.262919],[77.963978,28.263106],[77.964018,28.263299],[77.963791,28.263679],[77.963466,28.264144],[77.963169,28.264392],[77.962696,28.264503],[77.962503,28.264492],[77.962329,28.264462],[77.962128,28.26438],[77.962008,28.264301],[77.961727,28.264127],[77.961687,28.263934],[77.961705,28.263727],[77.961682,28.263505],[77.961555,28.263355],[77.961403,28.26326],[77.96125,28.263246],[77.961107,28.263231],[77.960663,28.263134],[77.960341,28.263053],[77.959905,28.262848],[77.959632,28.262844],[77.959532,28.26304],[77.959479,28.263205],[77.959496,28.263373],[77.959705,28.263535],[77.95998,28.263932],[77.96013,28.264117],[77.960086,28.264362],[77.959982,28.264531],[77.959692,28.264743],[77.959426,28.264908],[77.959188,28.265044],[77.959054,28.265208],[77.958847,28.26535],[77.958603,28.266178],[77.958437,28.26641],[77.958227,28.266579],[77.957981,28.266768],[77.957711,28.266909],[77.957233,28.267251],[77.956706,28.26748],[77.95653,28.267428],[77.956359,28.267071],[77.956309,28.266419],[77.956378,28.265638],[77.956402,28.264962],[77.956282,28.264905],[77.95617,28.264931],[77.955844,28.265076],[77.955701,28.265172],[77.955436,28.265362],[77.955109,28.265507],[77.954585,28.265585],[77.954453,28.265596],[77.954221,28.265733],[77.954144,28.265907],[77.954115,28.265994],[77.954133,28.266161],[77.954169,28.266326],[77.954302,28.266501],[77.95444,28.266725],[77.95447,28.267009],[77.954441,28.267281],[77.954361,28.267422],[77.954199,28.267688],[77.953921,28.26793],[77.953544,28.268147],[77.953093,28.268108],[77.952903,28.268107],[77.952761,28.268203],[77.952664,28.268363],[77.952606,28.268536],[77.952321,28.268897],[77.952191,28.268924],[77.952038,28.26892],[77.951774,28.268942],[77.951445,28.268885],[77.950848,28.268816],[77.950634,28.268767],[77.95042,28.268717],[77.950193,28.268736],[77.950017,28.268868],[77.949774,28.269091],[77.949285,28.269317],[77.948941,28.26948],[77.948631,28.269607],[77.948275,28.269653],[77.947909,28.269616],[77.947677,28.269399],[77.947489,28.268968],[77.947204,28.268605],[77.946718,28.26851],[77.946529,28.268517],[77.946358,28.268523],[77.946092,28.268697],[77.945852,28.268952],[77.945617,28.269241],[77.945447,28.269795],[77.945265,28.270231],[77.945084,28.270498],[77.944695,28.270598],[77.944469,28.270617],[77.943917,28.270391],[77.943336,28.270155],[77.942729,28.269986],[77.9425,28.269803],[77.942515,28.269583],[77.942571,28.269207],[77.942429,28.268764],[77.942044,28.268544],[77.9415,28.268437],[77.941163,28.268482],[77.940812,28.268763],[77.940597,28.269068],[77.940544,28.269459],[77.940695,28.269632],[77.941016,28.269791],[77.94156,28.270083],[77.941813,28.270314],[77.941865,28.270723],[77.941793,28.271301],[77.941509,28.271847],[77.941274,28.271967],[77.941032,28.271836],[77.94081,28.271534],[77.940438,28.27143],[77.940147,28.271555],[77.939723,28.27186],[77.939125,28.272499],[77.938626,28.272641],[77.93822,28.272574],[77.937847,28.272285],[77.937368,28.272072],[77.936839,28.272099],[77.936515,28.272277],[77.936225,28.272587],[77.936078,28.273004],[77.936268,28.273173],[77.936715,28.273271],[77.937334,28.273371],[77.938218,28.273635],[77.938623,28.273686],[77.939246,28.273651],[77.939608,28.273655],[77.94001,28.273858],[77.940033,28.27426],[77.939864,28.274459],[77.939342,28.274738],[77.93903,28.274848],[77.938578,28.274885],[77.938315,28.274739],[77.938003,28.274478],[77.93769,28.274403],[77.937462,28.274405],[77.937337,28.274483],[77.937282,28.274765],[77.937433,28.274938],[77.937756,28.275113],[77.938255,28.275342],[77.938181,28.275718],[77.938025,28.275866],[77.937779,28.276055],[77.937489,28.27655],[77.937173,28.276981],[77.936782,28.277232],[77.93648,28.277442],[77.936053,28.277714],[77.935837,28.278279],[77.935795,28.278787],[77.935723,28.279905],[77.93569,28.280497],[77.935799,28.280808],[77.936305,28.280918],[77.936732,28.281001],[77.936774,28.281216],[77.936571,28.281452],[77.936289,28.28166],[77.935876,28.281897],[77.935425,28.281951],[77.935055,28.281864],[77.93466,28.281728],[77.934254,28.28166],[77.933867,28.281777],[77.933155,28.282147],[77.932932,28.282199],[77.932613,28.282242],[77.932185,28.282328],[77.931901,28.28252],[77.931533,28.282635],[77.931137,28.282668],[77.930701,28.282687],[77.930205,28.282846],[77.929718,28.283105],[77.929207,28.283484],[77.928755,28.283707],[77.928525,28.283692],[77.928319,28.283541],[77.928303,28.283205],[77.928382,28.282878],[77.928295,28.282768],[77.927498,28.282876],[77.926969,28.283088],[77.926769,28.283357],[77.926765,28.283863],[77.926803,28.284399],[77.926897,28.285115],[77.926975,28.285496],[77.926671,28.285858],[77.926229,28.285996],[77.925099,28.28646],[77.924581,28.286957],[77.924453,28.287726],[77.924709,28.288432],[77.92486,28.289907],[77.923937,28.290746],[77.923908,28.291101],[77.923973,28.291243],[77.924176,28.291284],[77.924381,28.291502],[77.924404,28.291721],[77.924206,28.291964],[77.923937,28.292236],[77.923549,28.292489],[77.923261,28.292747],[77.922959,28.293022],[77.922762,28.293199],[77.922329,28.293499],[77.922016,28.293672],[77.921179,28.293756],[77.920822,28.293668],[77.920607,28.293671],[77.920453,28.293786],[77.920407,28.293981],[77.920493,28.294165],[77.920601,28.294406],[77.92074,28.294776],[77.920793,28.295124],[77.920651,28.295502],[77.920494,28.295589],[77.920361,28.295585],[77.920234,28.295478],[77.920114,28.295283],[77.919895,28.295095],[77.919678,28.295084],[77.919346,28.295309],[77.919089,28.295551],[77.918711,28.29589],[77.918316,28.296393],[77.918067,28.296707],[77.917693,28.29709],[77.917207,28.297512],[77.916909,28.29783],[77.91685,28.298444],[77.916588,28.29942],[77.916243,28.300079],[77.915817,28.300599],[77.915574,28.300971],[77.915485,28.301228],[77.91556,28.301861],[77.915794,28.302502],[77.915588,28.302915],[77.915235,28.303179],[77.914671,28.30349],[77.914128,28.304005],[77.913776,28.304283],[77.913744,28.304917],[77.913526,28.305295],[77.912192,28.305845],[77.911467,28.306199],[77.911614,28.306594],[77.911828,28.307332],[77.912023,28.3079],[77.912025,28.308655],[77.914019,28.308422],[77.914526,28.308637],[77.9152,28.309005],[77.913684,28.310218],[77.913937,28.31133],[77.914304,28.312056],[77.914679,28.312995],[77.914704,28.313422],[77.914574,28.313914],[77.914403,28.314393],[77.914389,28.31484],[77.914226,28.315586],[77.914286,28.316349],[77.913729,28.316038],[77.913708,28.315843],[77.9136,28.315486],[77.913036,28.3153],[77.912481,28.315203],[77.911995,28.314993],[77.91131,28.314996],[77.910596,28.315305],[77.910315,28.315703],[77.910305,28.316561],[77.910828,28.317125],[77.910979,28.317595],[77.910883,28.317835],[77.910373,28.318359],[77.909525,28.318733],[77.909116,28.318677],[77.90896,28.318351],[77.908696,28.317944],[77.908163,28.317863],[77.907847,28.318121],[77.907754,28.318671],[77.907672,28.319998],[77.907438,28.321231],[77.90769,28.322281],[77.907744,28.323562],[77.906985,28.323237],[77.905047,28.323219],[77.90395,28.323327],[77.903618,28.323524],[77.903294,28.324282],[77.905351,28.325434],[77.905681,28.325692],[77.905424,28.32632],[77.905162,28.326699],[77.904673,28.327417],[77.904155,28.328147],[77.903946,28.328843],[77.903032,28.329739],[77.901857,28.330639],[77.900941,28.331322],[77.900773,28.331362],[77.899539,28.329982],[77.898774,28.329224],[77.897429,28.330049],[77.896867,28.330453],[77.89669,28.331074],[77.897039,28.331706],[77.898042,28.333194],[77.897938,28.333542],[77.897758,28.333753],[77.897328,28.333877],[77.896791,28.333761],[77.896147,28.333386],[77.895719,28.333327],[77.895083,28.332927],[77.894585,28.332819],[77.893709,28.333086],[77.893131,28.333457],[77.892769,28.333731],[77.892268,28.333787],[77.891985,28.333644],[77.891991,28.333278],[77.891945,28.332658],[77.891737,28.332276],[77.891139,28.332129],[77.890012,28.332038],[77.889951,28.332265],[77.889055,28.335426],[77.888121,28.337552],[77.885832,28.336586],[77.885011,28.336404],[77.884864,28.33615],[77.884986,28.335785],[77.885438,28.335792],[77.885824,28.336027],[77.886713,28.3359],[77.886975,28.335719],[77.887041,28.335394],[77.886755,28.334956],[77.886416,28.334788],[77.885776,28.334805],[77.884312,28.335192],[77.883823,28.335126],[77.883273,28.334851],[77.882798,28.334535],[77.882391,28.334284],[77.881886,28.334255],[77.880964,28.33465],[77.880589,28.334894],[77.880238,28.334994],[77.879778,28.335583],[77.879412,28.335915],[77.87911,28.335904],[77.878983,28.335648],[77.879276,28.335198],[77.879444,28.334882],[77.879562,28.334482],[77.87935,28.334375],[77.878883,28.333933],[77.877989,28.333829],[77.87723,28.333736],[77.87682,28.333686],[77.876812,28.333854],[77.876781,28.334453],[77.876619,28.335016],[77.876718,28.335381],[77.877151,28.335683],[77.877402,28.335787],[77.87735,28.336058],[77.87676,28.33655],[77.876014,28.337091],[77.875059,28.337738],[77.874422,28.338261],[77.873981,28.338457],[77.873718,28.338959],[77.873718,28.3392],[77.873572,28.339347],[77.873063,28.339827],[77.872438,28.340579],[77.872358,28.340675],[77.872207,28.341089],[77.871853,28.341578],[77.871774,28.341743],[77.871777,28.341929],[77.871784,28.342],[77.871729,28.342091],[77.871577,28.342032],[77.871375,28.341962],[77.871117,28.341969],[77.870912,28.342029],[77.870718,28.342188],[77.870666,28.342307],[77.870712,28.342433],[77.870805,28.342555],[77.870937,28.342572],[77.871118,28.342601],[77.871291,28.342701],[77.871331,28.342928],[77.871469,28.343319],[77.871854,28.343667],[77.872964,28.34405],[77.873624,28.344296],[77.873718,28.34433],[77.873718,28.34433],[77.874204,28.344403],[77.874335,28.344889],[77.874302,28.345531],[77.874049,28.346368],[77.873718,28.346823],[77.873307,28.347009],[77.87297,28.347353],[77.872851,28.347607],[77.873114,28.3478],[77.873718,28.347872],[77.874063,28.347841],[77.874532,28.348104],[77.874723,28.348585],[77.874319,28.349133],[77.87436,28.349716],[77.874975,28.350606],[77.875387,28.351182],[77.875363,28.351645],[77.875284,28.352406],[77.875122,28.35265],[77.875022,28.352939],[77.875021,28.353208],[77.874949,28.354103],[77.874792,28.354257],[77.874129,28.354695],[77.87423,28.354828],[77.874563,28.354967],[77.874464,28.35541],[77.874316,28.355652],[77.874108,28.355733],[77.874075,28.355966],[77.874439,28.356269],[77.875023,28.356662],[77.875089,28.357437],[77.874899,28.358106],[77.874902,28.35854],[77.874844,28.359095],[77.875582,28.359231],[77.877418,28.359566],[77.879465,28.359856],[77.881592,28.360187],[77.882363,28.360283],[77.883752,28.360674],[77.88482,28.362219],[77.886623,28.364748],[77.888999,28.367855],[77.890588,28.366157],[77.890672,28.366067],[77.891606,28.365071],[77.895065,28.362119],[77.89633,28.360984],[77.899543,28.358092],[77.900296,28.357473],[77.901678,28.356245],[77.902993,28.355135],[77.903708,28.354654],[77.904296,28.355455],[77.904603,28.355892],[77.905375,28.356557],[77.907713,28.358842],[77.908602,28.359657],[77.90873,28.360108],[77.908703,28.360706],[77.909413,28.361731],[77.910391,28.362823],[77.911172,28.363949],[77.912585,28.366026],[77.914103,28.367192],[77.915987,28.365828],[77.917306,28.364813],[77.918083,28.364571],[77.918693,28.36445],[77.919193,28.364053],[77.919528,28.36399],[77.919826,28.36377],[77.920132,28.363345],[77.920642,28.363036],[77.921272,28.36254],[77.922096,28.361975],[77.922987,28.361475],[77.923615,28.361725],[77.924397,28.361714],[77.925242,28.361403],[77.925801,28.361326],[77.927562,28.360364],[77.929955,28.361532],[77.933422,28.359025],[77.93514,28.360013],[77.935375,28.359797],[77.935766,28.360142],[77.938789,28.35804],[77.939512,28.358514],[77.943059,28.356164],[77.944066,28.354535],[77.944879,28.353511],[77.949276,28.350367],[77.949322,28.350128],[77.950534,28.34918],[77.950676,28.348927],[77.950977,28.348002],[77.951388,28.348548],[77.952852,28.347517],[77.954523,28.346736],[77.955475,28.346389],[77.956162,28.346403],[77.956718,28.346893],[77.956919,28.346698],[77.957019,28.346783],[77.957663,28.347338],[77.959193,28.34846],[77.959352,28.349197],[77.959993,28.349536],[77.960298,28.348387],[77.96192,28.346592],[77.963063,28.345324],[77.965801,28.342602],[77.96808,28.34023],[77.968056,28.340212],[77.968722,28.339719],[77.969172,28.339596],[77.969807,28.339713],[77.970274,28.339745],[77.970576,28.339579],[77.970791,28.339349],[77.971123,28.339321],[77.971859,28.339486],[77.972648,28.339845],[77.973302,28.339084],[77.973481,28.338659],[77.975398,28.338062],[77.97639,28.337782],[77.977999,28.337295],[77.981573,28.339595],[77.982688,28.340322],[77.983112,28.340322],[77.983677,28.340685],[77.98447,28.341086],[77.985289,28.341428],[77.985885,28.341774],[77.986314,28.341908],[77.986782,28.341954],[77.987639,28.342646],[77.9883,28.343313],[77.989072,28.344189],[77.989439,28.344483],[77.989404,28.344755],[77.989883,28.345054],[77.990808,28.346094],[77.992068,28.347354],[77.992882,28.348403],[77.993104,28.348837],[77.993299,28.349096],[77.993277,28.350243],[77.993224,28.350643],[77.993225,28.351329],[77.993269,28.352046],[77.993409,28.352459],[77.993776,28.352909],[77.993938,28.353235],[77.993846,28.35402],[77.99387,28.355609],[77.993786,28.35604],[77.994043,28.356501],[77.994424,28.356917],[77.994633,28.357175],[77.994616,28.357383],[77.995082,28.357735],[77.995632,28.357961],[77.995654,28.358786],[77.996231,28.358474],[77.996869,28.35849],[77.9972,28.358795],[77.997229,28.359068],[77.997371,28.359309],[77.997802,28.359457],[77.998477,28.359446],[77.998701,28.359388],[77.999136,28.35931],[77.999634,28.359301],[77.99998,28.359379],[78.000258,28.359356],[78.000441,28.35934],[78.000615,28.359312],[78.000797,28.359361],[78.001349,28.359869],[78.001793,28.360123],[78.002173,28.360368],[78.002577,28.360399],[78.002892,28.360408],[78.003299,28.360466],[78.003623,28.360567],[78.003834,28.360656],[78.004065,28.360793],[78.004133,28.360909],[78.004468,28.360737],[78.004958,28.360652],[78.005783,28.360087],[78.007552,28.358793],[78.009298,28.357634],[78.009673,28.35811],[78.009937,28.358363],[78.010234,28.358349],[78.011109,28.357902],[78.012219,28.357265],[78.014163,28.356441],[78.015113,28.356119],[78.01574,28.356034],[78.016898,28.356318],[78.01799,28.356745],[78.018547,28.357144],[78.018862,28.357445],[78.019726,28.358299],[78.019929,28.358095],[78.021708,28.35959],[78.023548,28.361008],[78.024416,28.361664],[78.025087,28.362225],[78.025306,28.362356],[78.025407,28.362466],[78.025305,28.361754],[78.025613,28.359885],[78.025936,28.35913],[78.026218,28.358827],[78.02693,28.358272],[78.027535,28.357788],[78.027993,28.357695],[78.029274,28.357231],[78.030484,28.356759],[78.031016,28.356497],[78.033397,28.355834],[78.033767,28.355772],[78.034678,28.356384],[78.035649,28.357036],[78.036332,28.357494],[78.039216,28.359748],[78.040467,28.360648],[78.040876,28.360942],[78.042752,28.362443],[78.043593,28.363101],[78.043715,28.363401],[78.043416,28.364231],[78.043269,28.364166],[78.043101,28.364072],[78.042927,28.364241],[78.042663,28.364728],[78.042533,28.365142],[78.042498,28.365392],[78.042293,28.366091],[78.041779,28.366692],[78.041546,28.3673],[78.041656,28.367508],[78.041978,28.367899],[78.042366,28.368254],[78.042656,28.368509],[78.042957,28.368871],[78.043192,28.36927],[78.043024,28.369904],[78.042827,28.371175],[78.042669,28.37232],[78.042458,28.372802],[78.042143,28.372968],[78.041485,28.373209],[78.041105,28.373581],[78.041037,28.374098],[78.041264,28.37442],[78.041852,28.374836],[78.042395,28.375052],[78.044141,28.375749],[78.045873,28.376871],[78.046348,28.377319],[78.047155,28.378031],[78.048286,28.378692],[78.049297,28.37912],[78.050086,28.379347],[78.051331,28.379525],[78.051911,28.379538],[78.05263,28.379307],[78.053832,28.379146],[78.054873,28.379473],[78.056188,28.379912],[78.056524,28.37984],[78.056713,28.380185],[78.057132,28.380235],[78.057819,28.380031],[78.058729,28.379906],[78.060016,28.380981],[78.061603,28.382421],[78.062367,28.383125],[78.062915,28.383677],[78.063615,28.382619],[78.064615,28.381535],[78.065225,28.380923],[78.065897,28.380635],[78.066488,28.380622],[78.067106,28.380412],[78.06732,28.380158],[78.068654,28.381099],[78.070769,28.382324],[78.072162,28.383232],[78.0733,28.384014],[78.074657,28.385497],[78.075586,28.386322],[78.076238,28.386682],[78.076902,28.387089],[78.077077,28.387696],[78.078611,28.387482],[78.080978,28.387126],[78.081969,28.386859],[78.082875,28.386442],[78.083819,28.385997]]]}},{"type":"Feature","properties":{"OBJECTID":2719,"state_lgd":"09","state_name":"UTTAR PRADESH","district_lgd":"142","district_name":"BULANDSHAHR","district_name_source":"district_table","subdistrict_lgd":"747","subdistrict_name":"SIANA","subdistrict_type":"Tehsil","name_corrupted":false,"remarks":""},"geometry":{"type":"Polygon","coordinates":[[[77.97073,28.711038],[77.970892,28.71096],[77.971082,28.710989],[77.971711,28.711482],[77.972441,28.712406],[77.972535,28.712226],[77.973064,28.711373],[77.973303,28.71086],[77.973742,28.710194],[77.974078,28.709571],[77.974358,28.709086],[77.974439,28.708934],[77.974523,28.708847],[77.974597,28.708806],[77.974675,28.708795],[77.974757,28.7088],[77.974861,28.708824],[77.975097,28.708931],[77.975252,28.708994],[77.97536,28.70901],[77.975434,28.709],[77.975522,28.708955],[77.97557,28.708914],[77.975583,28.708887],[77.975585,28.708807],[77.97552,28.7085],[77.975522,28.708432],[77.97557,28.708375],[77.975648,28.708372],[77.975847,28.70839],[77.976314,28.708468],[77.976797,28.708582],[77.977666,28.708715],[77.978025,28.70878],[77.978146,28.708782],[77.978224,28.708752],[77.978343,28.708647],[77.978524,28.708431],[77.978822,28.707977],[77.979096,28.707632],[77.979771,28.706926],[77.980006,28.706593],[77.980587,28.705764],[77.980922,28.705359],[77.981123,28.705025],[77.981308,28.704799],[77.981476,28.70464],[77.981659,28.704536],[77.981912,28.704458],[77.982561,28.704222],[77.982967,28.704074],[77.983115,28.704],[77.983142,28.703962],[77.983147,28.703909],[77.983137,28.703717],[77.983015,28.703333],[77.983052,28.702841],[77.982974,28.702305],[77.982933,28.701881],[77.982943,28.70177],[77.982983,28.701717],[77.9831,28.701711],[77.983308,28.701721],[77.983447,28.701715],[77.983542,28.701697],[77.983625,28.701668],[77.983735,28.701551],[77.984093,28.701143],[77.984531,28.70059],[77.984843,28.700327],[77.985097,28.700166],[77.985158,28.700094],[77.985164,28.70004],[77.985123,28.699849],[77.985147,28.699734],[77.985311,28.699507],[77.985554,28.699228],[77.985916,28.698785],[77.986355,28.698431],[77.986602,28.698307],[77.986629,28.698656],[77.986656,28.698833],[77.986663,28.698932],[77.986714,28.699001],[77.986817,28.699049],[77.986969,28.699073],[77.987314,28.699131],[77.987563,28.699299],[77.98793,28.699617],[77.988114,28.699791],[77.988946,28.700585],[77.989379,28.700861],[77.989513,28.700894],[77.989824,28.700917],[77.990517,28.700918],[77.991293,28.70092],[77.991809,28.70088],[77.992697,28.700915],[77.993277,28.700956],[77.994892,28.700977],[77.995174,28.700965],[77.995769,28.700903],[77.996549,28.700837],[77.997524,28.700838],[77.998221,28.700888],[77.998701,28.700959],[77.998966,28.700984],[77.99949,28.700913],[77.999744,28.700823],[78.000303,28.700394],[78.001006,28.699798],[78.002504,28.698851],[78.003198,28.698424],[78.00335,28.69864],[78.003747,28.69926],[78.003882,28.699313],[78.004097,28.699196],[78.005039,28.698421],[78.005175,28.698372],[78.005356,28.698562],[78.005622,28.698907],[78.005729,28.698883],[78.006271,28.698607],[78.006459,28.698976],[78.006698,28.699176],[78.006785,28.699177],[78.007675,28.698641],[78.007841,28.698575],[78.007937,28.698619],[78.008164,28.698981],[78.008646,28.699722],[78.008959,28.699563],[78.009301,28.699328],[78.008895,28.698716],[78.008896,28.698622],[78.011291,28.696687],[78.011189,28.696404],[78.011151,28.696247],[78.012132,28.695448],[78.012573,28.695137],[78.012584,28.695069],[78.01229,28.694646],[78.012026,28.694199],[78.012457,28.693896],[78.012879,28.693577],[78.012881,28.693449],[78.01274,28.693165],[78.012286,28.692519],[78.012414,28.692349],[78.013091,28.691819],[78.013122,28.691726],[78.013019,28.691485],[78.012747,28.69107],[78.012311,28.690501],[78.011422,28.689156],[78.012064,28.688404],[78.012894,28.68738],[78.013769,28.686554],[78.014566,28.685882],[78.015224,28.685267],[78.016644,28.684336],[78.018339,28.683358],[78.018384,28.683332],[78.019049,28.684161],[78.020283,28.685714],[78.020705,28.68601],[78.023612,28.684324],[78.025297,28.683149],[78.025883,28.682849],[78.025999,28.682876],[78.026419,28.683257],[78.026545,28.683267],[78.026692,28.683158],[78.027603,28.682502],[78.029028,28.681473],[78.029958,28.680818],[78.031318,28.679989],[78.032334,28.679446],[78.033152,28.679155],[78.03324,28.679124],[78.034418,28.678711],[78.034582,28.678764],[78.034791,28.678997],[78.034998,28.679402],[78.035094,28.679462],[78.035142,28.679463],[78.036888,28.678897],[78.038976,28.677957],[78.041208,28.676892],[78.042825,28.676314],[78.04419,28.675733],[78.045212,28.675412],[78.046731,28.674571],[78.048273,28.673821],[78.050438,28.67283],[78.051619,28.672281],[78.051902,28.672165],[78.05295,28.672647],[78.054028,28.673062],[78.054695,28.672523],[78.055107,28.672195],[78.055242,28.672222],[78.055396,28.672267],[78.055847,28.671956],[78.055944,28.671958],[78.056213,28.672162],[78.057547,28.671692],[78.059105,28.671172],[78.060284,28.670699],[78.062089,28.669893],[78.063724,28.669022],[78.063733,28.669017],[78.065473,28.668013],[78.066665,28.667361],[78.067456,28.666917],[78.068142,28.666396],[78.068753,28.667582],[78.069036,28.668047],[78.069006,28.668141],[78.068811,28.668224],[78.068693,28.668317],[78.068702,28.668402],[78.068853,28.668618],[78.069272,28.669076],[78.069471,28.66936],[78.070165,28.670206],[78.070611,28.670792],[78.070629,28.670904],[78.070599,28.670954],[78.070521,28.671005],[78.07052,28.671039],[78.070614,28.671207],[78.071368,28.672315],[78.071717,28.672791],[78.073127,28.672716],[78.073509,28.672969],[78.074055,28.674049],[78.074673,28.675365],[78.076511,28.674908],[78.078492,28.674408],[78.079476,28.67404],[78.081166,28.673158],[78.08393,28.671817],[78.083785,28.671606],[78.083567,28.671315],[78.083569,28.671224],[78.083719,28.671082],[78.084304,28.670657],[78.085729,28.66964],[78.086421,28.668994],[78.087071,28.668191],[78.087509,28.667712],[78.087512,28.667515],[78.087138,28.666752],[78.086848,28.666382],[78.086648,28.66607],[78.086635,28.66598],[78.08668,28.665864],[78.087151,28.665708],[78.087725,28.665457],[78.088103,28.665133],[78.088098,28.664991],[78.087913,28.66464],[78.087959,28.664473],[78.088897,28.663865],[78.09014,28.662951],[78.089789,28.662482],[78.089494,28.662117],[78.088799,28.661248],[78.088283,28.660603],[78.088141,28.660311],[78.088575,28.660116],[78.088274,28.659758],[78.08813,28.659576],[78.088161,28.659473],[78.088265,28.659358],[78.087556,28.658423],[78.088021,28.6581],[78.087056,28.656708],[78.087072,28.656621],[78.087613,28.656145],[78.088317,28.655526],[78.089023,28.65478],[78.089497,28.654433],[78.090345,28.653812],[78.091874,28.652772],[78.093236,28.651938],[78.095206,28.650833],[78.09628,28.650214],[78.0974,28.649673],[78.097751,28.649625],[78.098218,28.649715],[78.098744,28.649708],[78.099131,28.649586],[78.099806,28.649375],[78.100553,28.648867],[78.10124,28.648405],[78.101807,28.648095],[78.102836,28.647625],[78.103763,28.647269],[78.104518,28.647078],[78.104811,28.64697],[78.106323,28.646416],[78.10777,28.646026],[78.108445,28.645867],[78.109169,28.645823],[78.109983,28.645919],[78.110584,28.645817],[78.111438,28.645395],[78.112196,28.645049],[78.11292,28.644606],[78.11298,28.644619],[78.113102,28.644646],[78.113457,28.644818],[78.113717,28.64506],[78.114075,28.645032],[78.115032,28.644832],[78.115531,28.644702],[78.115769,28.644572],[78.115981,28.644456],[78.116524,28.64434],[78.117089,28.644185],[78.117603,28.644023],[78.118081,28.643848],[78.11836,28.643794],[78.118549,28.643835],[78.118759,28.64396],[78.11888,28.6442],[78.118944,28.644336],[78.119074,28.644389],[78.119389,28.644354],[78.11989,28.644121],[78.12089,28.64356],[78.121361,28.64334],[78.122185,28.64288],[78.12266,28.642369],[78.122988,28.641979],[78.123401,28.641707],[78.123704,28.641517],[78.124631,28.640996],[78.125236,28.640498],[78.125754,28.639953],[78.126816,28.638675],[78.127555,28.637763],[78.128421,28.636841],[78.128899,28.636397],[78.129645,28.635811],[78.130163,28.635344],[78.130174,28.635334],[78.13048,28.636124],[78.131065,28.637018],[78.131639,28.637743],[78.131959,28.638477],[78.132506,28.639325],[78.133345,28.640256],[78.134119,28.641242],[78.134946,28.642071],[78.135927,28.643007],[78.137011,28.643716],[78.137891,28.6444],[78.138207,28.644583],[78.138359,28.644596],[78.13859,28.644464],[78.138961,28.644378],[78.139214,28.644449],[78.139819,28.64486],[78.140832,28.645995],[78.141821,28.645411],[78.143221,28.644495],[78.145751,28.64293],[78.146059,28.643094],[78.147173,28.642602],[78.147658,28.642484],[78.148086,28.642792],[78.149837,28.644014],[78.150956,28.644891],[78.151685,28.645484],[78.152519,28.645044],[78.153752,28.644228],[78.154279,28.643919],[78.154756,28.644329],[78.155142,28.644064],[78.155616,28.643834],[78.158391,28.64144],[78.158421,28.641413],[78.16057,28.6395],[78.162041,28.638091],[78.162584,28.637525],[78.162964,28.637112],[78.163812,28.636571],[78.164784,28.636212],[78.164886,28.636175],[78.165948,28.635798],[78.166884,28.635349],[78.167602,28.634953],[78.168338,28.634186],[78.169361,28.633019],[78.170176,28.632074],[78.170871,28.631532],[78.171232,28.631176],[78.170944,28.630583],[78.171601,28.629961],[78.172479,28.629129],[78.172883,28.629314],[78.173202,28.629295],[78.173557,28.629366],[78.174375,28.629937],[78.175354,28.630847],[78.177021,28.62999],[78.177282,28.630397],[78.178072,28.630339],[78.178531,28.630243],[78.178683,28.630301],[78.17941,28.630163],[78.180974,28.629666],[78.182045,28.629465],[78.182381,28.62912],[78.182414,28.628649],[78.18294,28.628307],[78.183942,28.627656],[78.18429,28.627334],[78.186709,28.627238],[78.187748,28.627224],[78.193369,28.627145],[78.196588,28.627103],[78.200452,28.627041],[78.20181,28.627019],[78.204927,28.626957],[78.206862,28.626918],[78.208948,28.626885],[78.210564,28.626837],[78.210325,28.626413],[78.209865,28.625979],[78.209051,28.624879],[78.208279,28.62362],[78.207433,28.62193],[78.207102,28.620961],[78.206646,28.620312],[78.206185,28.619985],[78.20563,28.619841],[78.204798,28.619993],[78.20364,28.620248],[78.202626,28.620308],[78.201312,28.620186],[78.200952,28.619878],[78.200599,28.619106],[78.20043,28.618174],[78.199915,28.617364],[78.199481,28.616609],[78.199026,28.614508],[78.198765,28.61295],[78.198538,28.610463],[78.198557,28.609146],[78.198572,28.608086],[78.198793,28.605426],[78.199121,28.603731],[78.19915,28.603691],[78.199487,28.603231],[78.200345,28.60274],[78.201621,28.602701],[78.202995,28.602859],[78.203845,28.602905],[78.204458,28.602554],[78.204624,28.602252],[78.204819,28.601379],[78.204698,28.599894],[78.204675,28.598714],[78.205087,28.598218],[78.205542,28.597526],[78.205779,28.596581],[78.205715,28.595401],[78.205642,28.59341],[78.205467,28.592609],[78.205449,28.592528],[78.205414,28.59237],[78.204951,28.590792],[78.204498,28.588481],[78.204482,28.587639],[78.204475,28.587301],[78.204222,28.586583],[78.204229,28.586136],[78.204217,28.585546],[78.2041,28.585223],[78.203721,28.584844],[78.203444,28.584376],[78.203375,28.583713],[78.203374,28.583694],[78.203302,28.581937],[78.203111,28.581149],[78.203121,28.580487],[78.203594,28.579957],[78.204047,28.579408],[78.204325,28.578374],[78.20436,28.577391],[78.204263,28.577108],[78.204029,28.576422],[78.20345,28.575879],[78.203007,28.575713],[78.202748,28.575442],[78.202305,28.573864],[78.201878,28.572682],[78.201842,28.572582],[78.201822,28.572526],[78.201612,28.571648],[78.201232,28.571375],[78.20063,28.571011],[78.200148,28.570702],[78.199804,28.569339],[78.199716,28.568373],[78.199892,28.567446],[78.200004,28.566678],[78.199876,28.565534],[78.199752,28.564419],[78.199683,28.563542],[78.199857,28.562704],[78.200174,28.561796],[78.200979,28.560697],[78.201194,28.559655],[78.201262,28.559324],[78.201275,28.55843],[78.201291,28.558366],[78.201404,28.557931],[78.201942,28.557133],[78.202764,28.55623],[78.203222,28.555324],[78.203885,28.553657],[78.203912,28.553591],[78.204303,28.5517],[78.20489,28.548936],[78.205034,28.547329],[78.204876,28.547071],[78.204118,28.546294],[78.2034,28.545535],[78.203406,28.545124],[78.20383,28.543841],[78.204514,28.542705],[78.20527,28.540747],[78.205272,28.540741],[78.2057,28.539018],[78.20599,28.538042],[78.206184,28.537391],[78.206093,28.536657],[78.206287,28.535819],[78.206601,28.535125],[78.207238,28.534417],[78.207743,28.533118],[78.208582,28.531054],[78.209375,28.529328],[78.209387,28.529315],[78.211816,28.526418],[78.21184,28.526391],[78.212412,28.525745],[78.214013,28.524154],[78.215121,28.523094],[78.21554,28.52208],[78.215883,28.520761],[78.216202,28.519345],[78.216613,28.518867],[78.217125,28.518497],[78.218676,28.517513],[78.220129,28.516367],[78.221421,28.515166],[78.22297,28.514361],[78.22655,28.512989],[78.229295,28.512036],[78.2304,28.511462],[78.2315,28.510902],[78.23262,28.510396],[78.233352,28.510136],[78.234548,28.509989],[78.236713,28.509959],[78.239361,28.510113],[78.24128,28.510349],[78.242021,28.510432],[78.242021,28.510432],[78.242221,28.509834],[78.242216,28.509687],[78.242162,28.508158],[78.24222,28.506771],[78.242237,28.50638],[78.242271,28.50431],[78.242335,28.500524],[78.242343,28.500042],[78.244155,28.497516],[78.242773,28.496177],[78.241687,28.495031],[78.241213,28.494503],[78.240827,28.494073],[78.240643,28.493889],[78.238809,28.49206],[78.237323,28.490524],[78.236007,28.489288],[78.235304,28.488887],[78.235276,28.488756],[78.235597,28.487915],[78.235935,28.48711],[78.23638,28.485907],[78.236524,28.48496],[78.236382,28.484159],[78.23564,28.482899],[78.235062,28.48188],[78.233838,28.47997],[78.232762,28.478666],[78.231413,28.477239],[78.230823,28.476488],[78.229808,28.475494],[78.229251,28.47428],[78.228893,28.473388],[78.22819,28.471348],[78.227757,28.470523],[78.22746,28.469432],[78.227086,28.468396],[78.226642,28.466965],[78.226069,28.465739],[78.225789,28.46518],[78.225214,28.463809],[78.224822,28.46286],[78.224084,28.462133],[78.223224,28.461794],[78.222821,28.461501],[78.222137,28.460891],[78.221805,28.460992],[78.220399,28.461573],[78.218293,28.46277],[78.217405,28.46332],[78.216859,28.463852],[78.217338,28.464224],[78.216745,28.464699],[78.216869,28.465147],[78.217469,28.465994],[78.217532,28.466693],[78.217254,28.466789],[78.217392,28.467299],[78.218339,28.468942],[78.217978,28.469155],[78.218413,28.469749],[78.218213,28.469924],[78.216904,28.470642],[78.217593,28.471166],[78.217198,28.471454],[78.21773,28.472052],[78.216989,28.472431],[78.215775,28.473007],[78.215926,28.473383],[78.215111,28.473974],[78.21376,28.474805],[78.211831,28.476133],[78.209625,28.477304],[78.208632,28.477643],[78.208364,28.47758],[78.208125,28.477152],[78.207947,28.477155],[78.206948,28.477434],[78.205374,28.478113],[78.203706,28.478813],[78.202369,28.479536],[78.202083,28.479036],[78.201622,28.478201],[78.200882,28.477584],[78.200328,28.477413],[78.198955,28.476279],[78.196789,28.474533],[78.194868,28.473021],[78.193077,28.471704],[78.193,28.471371],[78.193284,28.470917],[78.193366,28.470818],[78.192755,28.470384],[78.191989,28.46977],[78.191504,28.469604],[78.190566,28.468716],[78.1902,28.46821],[78.189638,28.46759],[78.187806,28.465634],[78.187334,28.465079],[78.186205,28.463779],[78.184826,28.462961],[78.183221,28.462466],[78.181957,28.462076],[78.181477,28.461703],[78.181251,28.461261],[78.180728,28.460359],[78.179895,28.459265],[78.178412,28.457485],[78.177848,28.456841],[78.178108,28.456455],[78.180054,28.454773],[78.180671,28.455024],[78.181757,28.453646],[78.181352,28.453328],[78.181843,28.452923],[78.181238,28.452525],[78.179031,28.450782],[78.178413,28.451283],[78.178116,28.451454],[78.177734,28.451474],[78.176798,28.450947],[78.17603,28.450441],[78.175338,28.450032],[78.174827,28.44973],[78.173681,28.448905],[78.172154,28.447735],[78.170587,28.446569],[78.169729,28.44612],[78.168194,28.445255],[78.166974,28.44463],[78.166004,28.445306],[78.164537,28.446595],[78.164156,28.446239],[78.163225,28.445881],[78.162357,28.444838],[78.161938,28.445019],[78.1617,28.444724],[78.161041,28.444088],[78.160165,28.444489],[78.159475,28.444839],[78.159135,28.444989],[78.158396,28.44476],[78.158065,28.444618],[78.157397,28.44516],[78.156093,28.44618],[78.154698,28.447366],[78.154245,28.447368],[78.15334,28.447371],[78.15267,28.447901],[78.15089,28.449083],[78.149945,28.449357],[78.148309,28.450223],[78.147118,28.451136],[78.146013,28.450441],[78.145267,28.451026],[78.144155,28.452042],[78.145758,28.453411],[78.145351,28.453591],[78.142967,28.455661],[78.140098,28.458075],[78.138931,28.459084],[78.138334,28.45826],[78.136973,28.456458],[78.135446,28.45388],[78.134909,28.453234],[78.134273,28.453566],[78.13313,28.454172],[78.132619,28.454397],[78.131508,28.45479],[78.13056,28.453636],[78.129292,28.452311],[78.128211,28.452596],[78.126912,28.4529],[78.126173,28.452913],[78.125249,28.452494],[78.124217,28.451961],[78.123647,28.451061],[78.123209,28.450586],[78.122194,28.450866],[78.122404,28.452068],[78.122798,28.453425],[78.121876,28.453819],[78.121879,28.454112],[78.121489,28.454583],[78.120763,28.45501],[78.120216,28.455056],[78.119578,28.455281],[78.118334,28.456272],[78.117629,28.456767],[78.117438,28.457043],[78.117859,28.457718],[78.117877,28.457762],[78.117375,28.458002],[78.116189,28.459028],[78.113963,28.460508],[78.111224,28.462269],[78.110098,28.462784],[78.109264,28.462464],[78.108956,28.462173],[78.108763,28.462165],[78.108132,28.462461],[78.107836,28.462779],[78.107215,28.462904],[78.106638,28.462416],[78.106286,28.461958],[78.105661,28.461791],[78.104717,28.461992],[78.103885,28.462209],[78.103682,28.46186],[78.103015,28.46194],[78.102429,28.462136],[78.101873,28.462353],[78.100936,28.462359],[78.100222,28.462638],[78.09942,28.461852],[78.098805,28.462294],[78.098166,28.461738],[78.098278,28.461241],[78.098033,28.461261],[78.097157,28.460554],[78.09685,28.460263],[78.095963,28.460996],[78.09561,28.460538],[78.094998,28.461004],[78.094113,28.460078],[78.093586,28.459025],[78.093412,28.45843],[78.092768,28.459006],[78.089427,28.461164],[78.087533,28.462252],[78.084368,28.463688],[78.08355,28.463781],[78.081879,28.464666],[78.080166,28.465614],[78.079353,28.466012],[78.07836,28.464985],[78.077848,28.464454],[78.078242,28.464141],[78.077342,28.463216],[78.077696,28.462979],[78.077215,28.462348],[78.078127,28.461467],[78.07951,28.460716],[78.079204,28.460315],[78.077184,28.457752],[78.077873,28.45728],[78.078346,28.45668],[78.078454,28.456013],[78.078448,28.454539],[78.079118,28.453778],[78.080161,28.452581],[78.080898,28.451739],[78.081862,28.451085],[78.082728,28.450354],[78.081679,28.449587],[78.080464,28.448543],[78.079836,28.447832],[78.080926,28.446943],[78.08239,28.445675],[78.08473,28.443454],[78.086656,28.441879],[78.087018,28.441141],[78.087047,28.439871],[78.08679,28.437088],[78.086989,28.43534],[78.087345,28.434804],[78.086188,28.434042],[78.084424,28.432507],[78.083906,28.431795],[78.083323,28.431502],[78.081737,28.431757],[78.079961,28.432418],[78.079778,28.431994],[78.07949,28.43214],[78.079103,28.432392],[78.077924,28.432711],[78.077138,28.433093],[78.076485,28.433685],[78.075706,28.43414],[78.074992,28.433395],[78.073514,28.432157],[78.07299,28.432075],[78.072457,28.431998],[78.071366,28.431846],[78.070636,28.431468],[78.070092,28.431538],[78.068479,28.432697],[78.067384,28.433545],[78.066942,28.433021],[78.066312,28.433317],[78.065711,28.43388],[78.065099,28.434345],[78.064496,28.43503],[78.063917,28.435541],[78.063987,28.436194],[78.063778,28.436821],[78.064352,28.437797],[78.065752,28.439289],[78.065381,28.439686],[78.064694,28.440257],[78.064344,28.440553],[78.063469,28.441139],[78.061549,28.441494],[78.060375,28.441861],[78.059828,28.441906],[78.059444,28.44167],[78.058316,28.440789],[78.056997,28.439802],[78.056109,28.439487],[78.055816,28.439072],[78.054768,28.438038],[78.052672,28.436585],[78.051392,28.435736],[78.050012,28.434437],[78.049385,28.433733],[78.048764,28.432566],[78.047871,28.430787],[78.046379,28.428693],[78.045513,28.427302],[78.045026,28.425551],[78.044777,28.425828],[78.044159,28.426757],[78.043421,28.427331],[78.042893,28.427546],[78.041795,28.427857],[78.040112,28.427975],[78.040144,28.428141],[78.039901,28.428966],[78.039655,28.429498],[78.038681,28.429677],[78.038695,28.430968],[78.038836,28.432029],[78.039027,28.433038],[78.038649,28.43363],[78.038671,28.43436],[78.038129,28.436892],[78.03787,28.437572],[78.03751,28.438846],[78.036142,28.441008],[78.035789,28.441574],[78.035855,28.441934],[78.035774,28.442599],[78.035499,28.442866],[78.035075,28.442511],[78.034552,28.442774],[78.033265,28.443637],[78.03144,28.444619],[78.029802,28.445214],[78.029748,28.444784],[78.030419,28.443582],[78.029937,28.44294],[78.02803,28.441611],[78.02712,28.442516],[78.026631,28.442319],[78.025945,28.443126],[78.02534,28.443664],[78.024846,28.443681],[78.024471,28.443273],[78.023845,28.44335],[78.023371,28.44356],[78.022711,28.444347],[78.022174,28.445001],[78.021759,28.445767],[78.021092,28.446237],[78.020371,28.446712],[78.019456,28.446666],[78.017778,28.444636],[78.018132,28.444338],[78.017919,28.443892],[78.018245,28.443719],[78.017017,28.442285],[78.01664,28.442365],[78.015089,28.44308],[78.014297,28.443414],[78.012052,28.445112],[78.009939,28.446871],[78.01002,28.447135],[78.011537,28.448691],[78.012661,28.44967],[78.013317,28.449615],[78.013676,28.449878],[78.015528,28.452114],[78.016356,28.452898],[78.01531,28.453864],[78.013249,28.45523],[78.011903,28.45605],[78.01111,28.456115],[78.010133,28.45627],[78.008809,28.456912],[78.00904,28.457172],[78.008169,28.457476],[78.008196,28.458016],[78.009246,28.459075],[78.008978,28.459536],[78.009921,28.461645],[78.010282,28.462451],[78.008601,28.463826],[78.008396,28.464168],[78.006531,28.465685],[78.003741,28.466941],[78.002158,28.467877],[78.000945,28.469118],[78.000816,28.470036],[78.000287,28.47181],[77.999752,28.474617],[77.998722,28.474402],[77.997831,28.474348],[77.996261,28.474313],[77.995246,28.474455],[77.994799,28.474497],[77.994307,28.474243],[77.993069,28.473119],[77.991951,28.472119],[77.991424,28.472313],[77.990771,28.471673],[77.99,28.471864],[77.989407,28.470811],[77.988939,28.47059],[77.988607,28.470647],[77.988178,28.470149],[77.987826,28.470376],[77.987135,28.469951],[77.985687,28.47098],[77.984476,28.470333],[77.982015,28.468177],[77.981321,28.467968],[77.980516,28.468081],[77.979691,28.468425],[77.978779,28.46869],[77.977413,28.468981],[77.976271,28.469475],[77.975253,28.470114],[77.974774,28.470616],[77.973767,28.471358],[77.972308,28.470954],[77.970486,28.470315],[77.968935,28.47122],[77.966945,28.472334],[77.965341,28.472252],[77.964747,28.472321],[77.964452,28.472336],[77.964093,28.474916],[77.964058,28.47604],[77.96459,28.477648],[77.964907,28.478545],[77.964931,28.479208],[77.964749,28.479652],[77.964655,28.481114],[77.964468,28.481913],[77.964543,28.482224],[77.963991,28.483323],[77.965535,28.48496],[77.967782,28.487345],[77.969516,28.489123],[77.970788,28.490294],[77.972551,28.491395],[77.973547,28.492393],[77.973919,28.493091],[77.974025,28.493628],[77.974068,28.493695],[77.97468,28.49464],[77.9766,28.495681],[77.977051,28.495841],[77.977887,28.495959],[77.97968,28.496259],[77.980983,28.49663],[77.982148,28.496891],[77.983018,28.497087],[77.983107,28.49722],[77.983393,28.497646],[77.983567,28.498772],[77.983452,28.499387],[77.983576,28.50004],[77.982738,28.501422],[77.980253,28.502179],[77.974552,28.504774],[77.972989,28.505764],[77.972273,28.508191],[77.970959,28.510376],[77.969079,28.51264],[77.966624,28.513853],[77.966536,28.513896],[77.970016,28.520158],[77.970239,28.521065],[77.971788,28.523424],[77.973624,28.52625],[77.974849,28.525077],[77.976329,28.524154],[77.978582,28.522923],[77.981157,28.521633],[77.983036,28.520678],[77.984959,28.519844],[77.986628,28.520885],[77.989355,28.52381],[77.990609,28.524813],[77.993038,28.52249],[77.997467,28.527196],[77.997718,28.52741],[77.9987,28.528548],[77.999525,28.529477],[77.999861,28.530164],[78.000317,28.531229],[78.000778,28.532001],[78.001362,28.532955],[78.002077,28.533923],[78.002623,28.534662],[78.003214,28.535171],[78.003918,28.535528],[78.004865,28.535456],[78.005254,28.535795],[78.006484,28.536954],[78.006528,28.536996],[78.007277,28.537506],[78.011288,28.539653],[78.012379,28.540488],[78.01374,28.541188],[78.015208,28.542084],[78.016547,28.543201],[78.018465,28.545308],[78.019004,28.545091],[78.019486,28.545543],[78.019573,28.54559],[78.020127,28.545886],[78.020918,28.54577],[78.021512,28.54607],[78.022306,28.546749],[78.022814,28.547493],[78.023398,28.54849],[78.024019,28.550127],[78.025081,28.551553],[78.024379,28.55206],[78.025061,28.552779],[78.024309,28.553494],[78.024479,28.553719],[78.025071,28.554282],[78.02514,28.554347],[78.023618,28.555357],[78.023391,28.555454],[78.02333,28.555168],[78.019787,28.556495],[78.017249,28.557562],[78.015266,28.558223],[78.013159,28.55861],[78.011168,28.558842],[78.009748,28.558682],[78.008615,28.558796],[78.007379,28.559281],[78.005798,28.559132],[78.00492,28.558945],[78.00239,28.558976],[78.001594,28.559251],[78.001041,28.559473],[78.000843,28.559741],[78.000358,28.559735],[77.999231,28.559464],[77.9987,28.55958],[77.996247,28.559726],[77.995693,28.55932],[77.994417,28.558072],[77.99361,28.556746],[77.993083,28.556377],[77.992786,28.556088],[77.992379,28.55518],[77.991651,28.55314],[77.991408,28.552415],[77.990523,28.553264],[77.988953,28.554356],[77.98741,28.554876],[77.985182,28.555414],[77.983389,28.555347],[77.981162,28.5566],[77.980927,28.556482],[77.980674,28.556601],[77.980473,28.556382],[77.978128,28.557911],[77.977614,28.558311],[77.975209,28.556543],[77.975699,28.555934],[77.974804,28.555341],[77.972165,28.557659],[77.971536,28.555494],[77.969735,28.552954],[77.967973,28.553493],[77.968108,28.553933],[77.965607,28.555553],[77.966809,28.557887],[77.967717,28.561638],[77.965229,28.562547],[77.964376,28.562917],[77.962411,28.564406],[77.959173,28.566156],[77.957634,28.566848],[77.957772,28.567246],[77.956919,28.568025],[77.955365,28.569238],[77.953598,28.570711],[77.952214,28.57211],[77.951954,28.572371],[77.951861,28.572845],[77.951313,28.573102],[77.951002,28.57348],[77.95096,28.573837],[77.950788,28.57402],[77.950548,28.574167],[77.949521,28.575099],[77.947801,28.576794],[77.945938,28.578501],[77.945614,28.578709],[77.945287,28.578526],[77.944398,28.577527],[77.944067,28.577413],[77.943812,28.577509],[77.943764,28.57772],[77.943163,28.578899],[77.942217,28.579768],[77.941289,28.580804],[77.938942,28.582155],[77.937751,28.583044],[77.93609,28.584395],[77.93564,28.584672],[77.935105,28.584745],[77.934633,28.584812],[77.934015,28.585004],[77.933024,28.585749],[77.931247,28.586234],[77.929525,28.586405],[77.927765,28.586677],[77.926054,28.587368],[77.926957,28.589308],[77.92732,28.590381],[77.927054,28.591403],[77.926684,28.594036],[77.926476,28.59608],[77.925827,28.596523],[77.924945,28.597572],[77.92487,28.597598],[77.924748,28.597588],[77.923935,28.597001],[77.92369,28.59708],[77.921935,28.598864],[77.921527,28.59881],[77.920449,28.598011],[77.920908,28.597553],[77.920481,28.597169],[77.919255,28.596118],[77.918596,28.595265],[77.918075,28.594722],[77.917214,28.594198],[77.916435,28.593823],[77.915891,28.593321],[77.915419,28.593457],[77.914038,28.592498],[77.912075,28.593255],[77.910935,28.593905],[77.910658,28.593683],[77.908664,28.594765],[77.907948,28.59457],[77.906138,28.594416],[77.904076,28.594644],[77.903116,28.59486],[77.902013,28.595233],[77.900992,28.595985],[77.900584,28.596323],[77.899444,28.596767],[77.898529,28.597313],[77.897686,28.598212],[77.897268,28.598695],[77.896963,28.598986],[77.896347,28.599508],[77.89634,28.5996],[77.896372,28.599742],[77.896735,28.600001],[77.896747,28.600114],[77.896678,28.60028],[77.896424,28.600681],[77.895878,28.600726],[77.895331,28.600923],[77.89396,28.60204],[77.893236,28.602601],[77.892439,28.603655],[77.892068,28.603967],[77.890996,28.604816],[77.888968,28.605948],[77.887704,28.606691],[77.886844,28.606975],[77.886171,28.607205],[77.885211,28.607816],[77.884403,28.608399],[77.883153,28.609316],[77.882064,28.610333],[77.881178,28.611144],[77.880672,28.611664],[77.880118,28.612235],[77.879834,28.612805],[77.879812,28.613005],[77.879916,28.613506],[77.879695,28.613737],[77.879399,28.614028],[77.879222,28.614149],[77.879156,28.614337],[77.879307,28.614629],[77.880203,28.615861],[77.879828,28.616226],[77.879323,28.616496],[77.878441,28.616781],[77.877327,28.617481],[77.876252,28.618382],[77.875035,28.619334],[77.873716,28.620516],[77.873342,28.620922],[77.872321,28.62201],[77.872608,28.622472],[77.871142,28.624551],[77.871073,28.625028],[77.869428,28.626053],[77.867933,28.626644],[77.867314,28.626983],[77.867002,28.626986],[77.866671,28.627119],[77.866191,28.627366],[77.86566,28.627525],[77.865065,28.627756],[77.865062,28.627758],[77.864371,28.628065],[77.863708,28.628476],[77.862604,28.6292],[77.860935,28.629945],[77.859199,28.630732],[77.857176,28.632008],[77.855685,28.632857],[77.854929,28.632969],[77.854555,28.633218],[77.852937,28.634716],[77.851535,28.636116],[77.851724,28.636372],[77.851964,28.636723],[77.852561,28.637259],[77.852945,28.637612],[77.853891,28.638406],[77.855022,28.639392],[77.854572,28.639791],[77.853197,28.640569],[77.85285,28.640738],[77.852752,28.640693],[77.852583,28.640546],[77.852398,28.64029],[77.85218,28.640121],[77.85192,28.639936],[77.851749,28.639912],[77.851525,28.640011],[77.851237,28.640086],[77.850976,28.640003],[77.850647,28.640049],[77.850441,28.640134],[77.85025,28.640254],[77.849875,28.64085],[77.849502,28.641525],[77.848426,28.64256],[77.848346,28.642708],[77.848452,28.642996],[77.848405,28.643722],[77.848118,28.644475],[77.848008,28.644882],[77.84795,28.645274],[77.848079,28.64573],[77.848816,28.646754],[77.849437,28.647519],[77.850317,28.648695],[77.851327,28.649768],[77.852669,28.651466],[77.853175,28.651987],[77.853734,28.652857],[77.854317,28.653878],[77.854692,28.654568],[77.855008,28.655006],[77.855088,28.655086],[77.855252,28.655096],[77.855466,28.655091],[77.855684,28.655054],[77.856012,28.655015],[77.859085,28.652808],[77.859431,28.652616],[77.859703,28.652755],[77.860753,28.652058],[77.862389,28.650658],[77.863105,28.649896],[77.86418,28.649169],[77.865501,28.648173],[77.865776,28.647897],[77.865873,28.647209],[77.865906,28.646302],[77.865982,28.645857],[77.86639,28.64534],[77.867079,28.644608],[77.867323,28.644377],[77.867555,28.644372],[77.868577,28.644757],[77.869771,28.645121],[77.870643,28.64551],[77.87163,28.645985],[77.872214,28.646329],[77.873267,28.64517],[77.873528,28.644804],[77.873416,28.644607],[77.873263,28.644439],[77.872906,28.644202],[77.872902,28.644194],[77.872907,28.644187],[77.873155,28.643822],[77.873391,28.643941],[77.87372,28.64357],[77.87424,28.643038],[77.874746,28.64262],[77.875283,28.64312],[77.875444,28.643077],[77.875873,28.642796],[77.877249,28.642076],[77.87813,28.641698],[77.879087,28.641214],[77.879664,28.640901],[77.881497,28.639794],[77.881786,28.639637],[77.881851,28.639642],[77.881897,28.639704],[77.88199,28.639854],[77.882062,28.639935],[77.882127,28.639955],[77.882205,28.639937],[77.882694,28.639714],[77.883331,28.639452],[77.883833,28.639187],[77.884904,28.638574],[77.885469,28.638234],[77.886656,28.637699],[77.887297,28.637437],[77.887536,28.637352],[77.887906,28.63728],[77.888144,28.637238],[77.888515,28.637101],[77.889018,28.63681],[77.889709,28.636383],[77.890198,28.636176],[77.890748,28.635896],[77.890988,28.635823],[77.891108,28.635863],[77.891263,28.635922],[77.89141,28.635943],[77.891488,28.635929],[77.891628,28.63587],[77.891985,28.635737],[77.892688,28.635372],[77.89303,28.635124],[77.893378,28.634773],[77.893828,28.634309],[77.894592,28.63344],[77.894715,28.633323],[77.894893,28.633299],[77.895157,28.633318],[77.895403,28.633336],[77.896043,28.633394],[77.896553,28.633458],[77.897188,28.633479],[77.897925,28.633469],[77.898578,28.633519],[77.899754,28.633634],[77.901051,28.633686],[77.901347,28.633709],[77.901654,28.633724],[77.901805,28.633738],[77.901865,28.63378],[77.901873,28.633834],[77.901872,28.633895],[77.901819,28.633967],[77.901644,28.634313],[77.901452,28.634627],[77.901375,28.634855],[77.901329,28.634996],[77.901406,28.635074],[77.901776,28.635235],[77.901488,28.635843],[77.901265,28.636245],[77.901254,28.63639],[77.901269,28.636509],[77.901455,28.636744],[77.901617,28.636926],[77.901628,28.637026],[77.901623,28.637083],[77.901614,28.637132],[77.901551,28.637235],[77.901322,28.637465],[77.901233,28.637609],[77.901309,28.637702],[77.901621,28.637966],[77.901736,28.638063],[77.90174,28.63812],[77.901731,28.638158],[77.900883,28.639114],[77.90017,28.639792],[77.899651,28.640282],[77.899601,28.640377],[77.899609,28.640469],[77.89965,28.640546],[77.899765,28.640674],[77.900145,28.640988],[77.900615,28.641285],[77.900802,28.641367],[77.901321,28.641649],[77.901664,28.641864],[77.902934,28.642523],[77.90379,28.643386],[77.904152,28.643788],[77.905053,28.644798],[77.906362,28.646221],[77.907072,28.647037],[77.907701,28.647771],[77.908637,28.648716],[77.909772,28.649739],[77.910727,28.650623],[77.911248,28.651111],[77.910992,28.651368],[77.910736,28.651647],[77.910296,28.652085],[77.909831,28.652446],[77.909204,28.653129],[77.908364,28.654127],[77.908104,28.653893],[77.907868,28.653772],[77.907574,28.653737],[77.90711,28.653781],[77.906567,28.653858],[77.905898,28.65401],[77.905362,28.654175],[77.905097,28.65424],[77.90495,28.654238],[77.904846,28.654214],[77.904757,28.654144],[77.904612,28.654004],[77.90441,28.653902],[77.904297,28.653927],[77.904083,28.654001],[77.903839,28.654116],[77.903498,28.654307],[77.902548,28.654917],[77.902052,28.655277],[77.90115,28.656118],[77.90075,28.656476],[77.900301,28.656909],[77.90011,28.657224],[77.899782,28.657923],[77.899591,28.658432],[77.899497,28.658874],[77.899462,28.659134],[77.899426,28.659504],[77.899465,28.659986],[77.899611,28.660312],[77.899607,28.660553],[77.899582,28.660752],[77.899428,28.660933],[77.899251,28.661145],[77.899171,28.661274],[77.899164,28.661396],[77.899231,28.661569],[77.899354,28.661715],[77.899793,28.662092],[77.900081,28.662252],[77.9002,28.662384],[77.900211,28.662483],[77.900188,28.662556],[77.900131,28.662639],[77.89994,28.662904],[77.89971,28.663195],[77.899529,28.663395],[77.899519,28.663487],[77.89953,28.663567],[77.899577,28.66364],[77.899747,28.663807],[77.89999,28.664036],[77.900317,28.664437],[77.900555,28.6647],[77.900596,28.664808],[77.900591,28.664873],[77.900568,28.664934],[77.900515,28.665013],[77.900436,28.665092],[77.900391,28.665157],[77.900377,28.665214],[77.90038,28.665286],[77.900474,28.665406],[77.900669,28.66563],[77.900906,28.66597],[77.901211,28.666356],[77.90177,28.666849],[77.903016,28.667969],[77.903698,28.668613],[77.904454,28.669295],[77.904787,28.669567],[77.905237,28.669351],[77.905749,28.669014],[77.906304,28.668746],[77.906875,28.668528],[77.907769,28.668139],[77.908319,28.667897],[77.909394,28.667319],[77.909746,28.667228],[77.910145,28.667233],[77.91043,28.667264],[77.910762,28.667349],[77.911093,28.667498],[77.911732,28.667847],[77.912105,28.668096],[77.913019,28.66883],[77.914393,28.670082],[77.914715,28.670488],[77.915085,28.670886],[77.914699,28.671206],[77.913835,28.671875],[77.912555,28.672756],[77.911616,28.673447],[77.911408,28.673719],[77.911985,28.674185],[77.912595,28.674755],[77.913304,28.675605],[77.913719,28.676203],[77.914523,28.677845],[77.914538,28.67796],[77.914535,28.678113],[77.914541,28.678266],[77.914638,28.678454],[77.914877,28.678812],[77.915054,28.678941],[77.915357,28.679212],[77.91575,28.679546],[77.916493,28.680205],[77.917021,28.680751],[77.917302,28.681026],[77.917653,28.681524],[77.918229,28.682303],[77.919047,28.683139],[77.919374,28.683541],[77.919727,28.683939],[77.9205,28.684564],[77.92091,28.68491],[77.921102,28.685084],[77.921363,28.685313],[77.92169,28.68568],[77.921909,28.686088],[77.922428,28.686916],[77.922788,28.687406],[77.922919,28.687599],[77.922934,28.687729],[77.922932,28.687829],[77.92291,28.687901],[77.922817,28.687988],[77.922642,28.688092],[77.922558,28.688179],[77.922549,28.688225],[77.92257,28.688279],[77.922637,28.688371],[77.922846,28.688573],[77.923072,28.688789],[77.923302,28.689048],[77.923522,28.689349],[77.923859,28.689915],[77.924471,28.690649],[77.92489,28.691251],[77.92494,28.691336],[77.924944,28.691366],[77.924896,28.691404],[77.924782,28.691452],[77.924712,28.691508],[77.924711,28.691547],[77.924719,28.691581],[77.924779,28.691647],[77.924856,28.691728],[77.925005,28.691875],[77.925322,28.692097],[77.925509,28.692321],[77.925699,28.692591],[77.925897,28.692942],[77.925997,28.693165],[77.926146,28.693342],[77.926409,28.693651],[77.926698,28.693999],[77.926895,28.694418],[77.927175,28.694781],[77.927652,28.695276],[77.927774,28.695454],[77.927846,28.695581],[77.927874,28.695711],[77.927863,28.696104],[77.927865,28.696219],[77.927902,28.696349],[77.927986,28.69653],[77.928104,28.696734],[77.928333,28.697039],[77.928877,28.697887],[77.929194,28.698387],[77.929392,28.698692],[77.929648,28.69894],[77.929814,28.699144],[77.930033,28.699499],[77.930239,28.69988],[77.93034,28.700087],[77.930489,28.700472],[77.930573,28.700629],[77.930637,28.700729],[77.930756,28.700857],[77.931086,28.70077],[77.931413,28.700678],[77.931626,28.700639],[77.931717,28.700648],[77.931759,28.700706],[77.931835,28.70084],[77.93189,28.70091],[77.93195,28.70093],[77.932067,28.700931],[77.932176,28.700933],[77.932253,28.700972],[77.932304,28.701034],[77.93232,28.701095],[77.932319,28.701168],[77.932295,28.701305],[77.932848,28.701419],[77.933503,28.701577],[77.933982,28.701713],[77.934072,28.701763],[77.934164,28.70199],[77.934185,28.702262],[77.934251,28.702492],[77.934311,28.702504],[77.934368,28.702493],[77.93456,28.702419],[77.934686,28.702387],[77.93478,28.702449],[77.934886,28.702595],[77.935239,28.703009],[77.935838,28.703464],[77.936268,28.703668],[77.936402,28.70367],[77.936458,28.703659],[77.936511,28.703629],[77.936529,28.703568],[77.936531,28.703457],[77.936571,28.703401],[77.936615,28.703363],[77.936667,28.703356],[77.936788,28.703361],[77.937145,28.703553],[77.937991,28.703988],[77.938588,28.704275],[77.939057,28.704518],[77.939434,28.704782],[77.940033,28.705218],[77.940205,28.705289],[77.94034,28.705279],[77.940566,28.70524],[77.940995,28.705144],[77.941369,28.705069],[77.941822,28.704952],[77.942296,28.704832],[77.942811,28.704602],[77.943126,28.704449],[77.943398,28.704464],[77.94374,28.704507],[77.943896,28.704482],[77.944014,28.704415],[77.944181,28.704283],[77.944261,28.704135],[77.944426,28.70387],[77.944835,28.703501],[77.945163,28.703329],[77.945581,28.703231],[77.945723,28.703245],[77.945874,28.703327],[77.946092,28.703498],[77.946246,28.703622],[77.946607,28.703795],[77.946984,28.703754],[77.94725,28.703673],[77.947508,28.70352],[77.947649,28.703399],[77.947856,28.703203],[77.948243,28.702819],[77.948354,28.702644],[77.948453,28.702431],[77.948524,28.702333],[77.948594,28.702277],[77.948669,28.702255],[77.948746,28.702256],[77.948858,28.702303],[77.949179,28.70254],[77.949913,28.702993],[77.950511,28.703478],[77.950874,28.703807],[77.951025,28.703867],[77.951159,28.703868],[77.951259,28.703847],[77.95136,28.703795],[77.951452,28.703723],[77.951716,28.703478],[77.951935,28.703336],[77.952134,28.703671],[77.952661,28.704518],[77.952922,28.704969],[77.953716,28.706003],[77.954613,28.70726],[77.955107,28.708046],[77.955607,28.708736],[77.956019,28.709261],[77.956275,28.709505],[77.95659,28.709822],[77.9568,28.710008],[77.957264,28.710209],[77.957754,28.710479],[77.958901,28.711315],[77.95957,28.711733],[77.960716,28.712431],[77.961556,28.712969],[77.961744,28.713132],[77.961743,28.713197],[77.961655,28.713295],[77.9613,28.713558],[77.960957,28.713833],[77.960765,28.713918],[77.960708,28.713963],[77.960698,28.714013],[77.960698,28.714059],[77.960702,28.714085],[77.960757,28.714151],[77.96095,28.714268],[77.961344,28.714522],[77.962005,28.714954],[77.962408,28.715181],[77.962917,28.715356],[77.963022,28.715242],[77.96319,28.715073],[77.963431,28.714896],[77.963641,28.714769],[77.963903,28.714673],[77.964146,28.714607],[77.964541,28.714597],[77.964944,28.714602],[77.965733,28.714581],[77.966349,28.714536],[77.966684,28.71446],[77.967051,28.714277],[77.967213,28.714126],[77.967284,28.714017],[77.96733,28.713899],[77.967367,28.713742],[77.967399,28.713655],[77.967482,28.713591],[77.968305,28.713113],[77.969481,28.712199],[77.969732,28.711961],[77.970599,28.711139],[77.97073,28.711038]]]}},{"type":"Feature","properties":{"OBJECTID":2724,"state_lgd":"09","state_name":"UTTAR PRADESH","district_lgd":"142","district_name":"BULANDSHAHR","district_name_source":"district_table","subdistrict_lgd":"745","subdistrict_name":"SIKANDRABAD","subdistrict_type":"Tehsil","name_corrupted":false,"remarks":""},"geometry":{"type":"Polygon","coordinates":[[[77.699908,28.555853],[77.700294,28.55567],[77.700879,28.555618],[77.701362,28.5557],[77.70197,28.555824],[77.702568,28.555833],[77.703099,28.555776],[77.704016,28.555681],[77.704563,28.555641],[77.705008,28.555677],[77.705439,28.555861],[77.705897,28.556089],[77.706418,28.556321],[77.707368,28.556603],[77.707892,28.55673],[77.708978,28.556872],[77.709553,28.556971],[77.709928,28.557047],[77.710519,28.557086],[77.71118,28.557081],[77.712215,28.557069],[77.712787,28.556941],[77.713263,28.556735],[77.713643,28.556555],[77.714136,28.556205],[77.714478,28.555928],[77.715161,28.555359],[77.715298,28.55516],[77.71536,28.554894],[77.71571,28.554452],[77.716088,28.554071],[77.716746,28.553387],[77.717099,28.553033],[77.717495,28.552622],[77.717796,28.552266],[77.718149,28.551842],[77.718736,28.551138],[77.71905,28.550684],[77.71952,28.550055],[77.719832,28.549554],[77.719829,28.549538],[77.719844,28.549493],[77.720122,28.548577],[77.720099,28.548343],[77.71988,28.548097],[77.719604,28.547831],[77.718758,28.546859],[77.718104,28.54622],[77.717838,28.545963],[77.717355,28.545569],[77.716864,28.545063],[77.71666,28.544851],[77.716358,28.544157],[77.716248,28.543848],[77.716238,28.543539],[77.716284,28.542641],[77.716447,28.542059],[77.717172,28.541835],[77.717497,28.541856],[77.717796,28.54177],[77.719213,28.541483],[77.719563,28.541397],[77.719901,28.541311],[77.720567,28.54098],[77.721528,28.540623],[77.722807,28.540045],[77.72427,28.539287],[77.726222,28.538118],[77.727634,28.537339],[77.728806,28.536644],[77.730877,28.535166],[77.731952,28.534717],[77.732568,28.534696],[77.732573,28.534698],[77.7336,28.535138],[77.734533,28.535523],[77.7351,28.535395],[77.735945,28.534882],[77.736114,28.534765],[77.736778,28.535051],[77.737171,28.535013],[77.737618,28.534426],[77.737878,28.534165],[77.738149,28.533893],[77.738246,28.533241],[77.738547,28.532303],[77.73871,28.531114],[77.738975,28.530142],[77.739289,28.529575],[77.74008,28.527937],[77.74049,28.52687],[77.740848,28.526363],[77.74098,28.526225],[77.741716,28.525904],[77.74203,28.525947],[77.742127,28.526299],[77.742633,28.526181],[77.74296,28.525969],[77.742533,28.525259],[77.742374,28.52493],[77.743009,28.523664],[77.743293,28.523219],[77.743446,28.522622],[77.743251,28.522446],[77.743121,28.522195],[77.743228,28.52199],[77.743407,28.521814],[77.743116,28.521557],[77.743453,28.521214],[77.743036,28.520325],[77.743503,28.519883],[77.743253,28.519574],[77.743048,28.519024],[77.743405,28.518534],[77.744745,28.517221],[77.744469,28.516813],[77.745128,28.51646],[77.745651,28.51612],[77.746144,28.515831],[77.747444,28.515187],[77.74774,28.515133],[77.748095,28.515444],[77.74858,28.514898],[77.748732,28.514859],[77.750084,28.51601],[77.75153,28.514964],[77.75299,28.516704],[77.754445,28.516182],[77.755611,28.516411],[77.756996,28.516541],[77.75724,28.517127],[77.759696,28.517906],[77.760831,28.518615],[77.761718,28.519305],[77.762286,28.52026],[77.765006,28.518784],[77.766644,28.517518],[77.76717,28.517261],[77.767904,28.517084],[77.768671,28.517022],[77.769422,28.516906],[77.771848,28.514931],[77.772251,28.51481],[77.773987,28.516575],[77.775796,28.518226],[77.7766,28.519157],[77.777351,28.519038],[77.778009,28.518984],[77.779746,28.519527],[77.779941,28.518847],[77.782815,28.519688],[77.782908,28.519309],[77.783439,28.51952],[77.784013,28.519513],[77.785079,28.518918],[77.785561,28.519661],[77.786234,28.520349],[77.787499,28.520238],[77.788739,28.519773],[77.789544,28.51879],[77.789636,28.517766],[77.789123,28.517514],[77.789876,28.516671],[77.788672,28.515948],[77.790225,28.515783],[77.791413,28.514811],[77.790474,28.513684],[77.789974,28.513014],[77.789292,28.513354],[77.788731,28.512612],[77.790294,28.512036],[77.789664,28.511464],[77.790215,28.511345],[77.789227,28.509937],[77.788743,28.510173],[77.787581,28.508877],[77.789169,28.507665],[77.788539,28.507081],[77.787789,28.507492],[77.787326,28.506852],[77.788879,28.505828],[77.789718,28.505267],[77.788869,28.503752],[77.788242,28.50299],[77.787323,28.503492],[77.787062,28.50325],[77.786023,28.503739],[77.785463,28.502877],[77.783182,28.504518],[77.782567,28.5039],[77.782269,28.503569],[77.781413,28.502384],[77.782291,28.501955],[77.782736,28.501695],[77.78224,28.501147],[77.783146,28.50004],[77.78228,28.499627],[77.783942,28.497981],[77.783437,28.497085],[77.783568,28.496756],[77.784181,28.497006],[77.784892,28.496371],[77.787048,28.494538],[77.789372,28.493257],[77.788831,28.492688],[77.789224,28.492497],[77.789369,28.492363],[77.78863,28.491683],[77.787979,28.490818],[77.787583,28.490176],[77.787264,28.489101],[77.787237,28.488841],[77.786989,28.488599],[77.786686,28.488405],[77.786206,28.487801],[77.785788,28.487348],[77.785807,28.48707],[77.785285,28.486232],[77.786097,28.485679],[77.785675,28.485292],[77.785554,28.485151],[77.785777,28.484749],[77.786637,28.484351],[77.786413,28.483981],[77.786665,28.483651],[77.786152,28.483103],[77.786457,28.482778],[77.785522,28.481739],[77.787677,28.480501],[77.786334,28.479205],[77.785186,28.478156],[77.784944,28.477103],[77.783931,28.476333],[77.783233,28.475837],[77.782964,28.475596],[77.782784,28.475496],[77.783127,28.475072],[77.783345,28.474324],[77.784884,28.472812],[77.788134,28.469574],[77.789465,28.468356],[77.790888,28.467266],[77.791424,28.466851],[77.791741,28.466606],[77.794913,28.465369],[77.795735,28.464918],[77.796109,28.464789],[77.796419,28.464511],[77.796786,28.464275],[77.797086,28.464101],[77.79745,28.463931],[77.798158,28.463301],[77.799026,28.462575],[77.799291,28.462633],[77.799612,28.462663],[77.799784,28.462893],[77.800368,28.462901],[77.800808,28.462856],[77.801304,28.462422],[77.802838,28.4624],[77.805495,28.462371],[77.806518,28.462986],[77.807189,28.463418],[77.807993,28.463512],[77.809482,28.465386],[77.810229,28.466201],[77.810535,28.466391],[77.812224,28.464296],[77.812698,28.463793],[77.813428,28.463171],[77.814121,28.4623],[77.813153,28.461557],[77.813072,28.461495],[77.809352,28.457523],[77.807897,28.455874],[77.806793,28.456465],[77.805492,28.456129],[77.804519,28.455646],[77.803787,28.455282],[77.804396,28.454814],[77.803877,28.453826],[77.803391,28.45332],[77.803866,28.452604],[77.803766,28.452288],[77.803187,28.451526],[77.803933,28.451008],[77.803433,28.450128],[77.803514,28.449474],[77.802959,28.448621],[77.80817,28.447055],[77.808117,28.446647],[77.807476,28.445636],[77.807151,28.445166],[77.806942,28.444789],[77.806592,28.444677],[77.80576,28.44422],[77.805167,28.443416],[77.804958,28.443339],[77.803298,28.443225],[77.800699,28.443109],[77.799528,28.442755],[77.799161,28.442557],[77.798826,28.442376],[77.796663,28.440529],[77.79425,28.438326],[77.792728,28.437652],[77.791445,28.436602],[77.790478,28.435901],[77.790747,28.435811],[77.791144,28.435623],[77.792316,28.434772],[77.792712,28.434255],[77.793838,28.432907],[77.795055,28.431645],[77.795594,28.430922],[77.795844,28.430129],[77.795737,28.429926],[77.795263,28.429373],[77.794924,28.428645],[77.794329,28.427995],[77.793674,28.426909],[77.793248,28.425451],[77.792949,28.424796],[77.792271,28.423392],[77.791736,28.422049],[77.790518,28.41998],[77.789631,28.418414],[77.789131,28.417195],[77.789775,28.416265],[77.788009,28.41431],[77.787136,28.413424],[77.787596,28.41319],[77.788009,28.412943],[77.788872,28.412495],[77.788648,28.411922],[77.788686,28.411764],[77.788759,28.411622],[77.789095,28.411372],[77.789507,28.411115],[77.789262,28.410607],[77.788947,28.409479],[77.788349,28.407681],[77.788383,28.406534],[77.788164,28.405272],[77.788216,28.405035],[77.788355,28.405004],[77.788612,28.404945],[77.788982,28.404808],[77.789555,28.404582],[77.788724,28.403127],[77.787801,28.402156],[77.786872,28.400869],[77.786066,28.399859],[77.784888,28.398249],[77.784561,28.398246],[77.784282,28.398254],[77.782742,28.398728],[77.781886,28.397877],[77.781191,28.397197],[77.779812,28.397275],[77.777994,28.39718],[77.7768,28.397181],[77.774171,28.39831],[77.770765,28.399976],[77.770079,28.398585],[77.769661,28.397977],[77.7693,28.39795],[77.768136,28.397555],[77.767503,28.397374],[77.765119,28.396055],[77.764317,28.395669],[77.764285,28.395042],[77.764311,28.393392],[77.764206,28.393119],[77.762499,28.391828],[77.759817,28.390165],[77.75858,28.389284],[77.758899,28.388868],[77.759379,28.388005],[77.759967,28.38691],[77.76056,28.385917],[77.761328,28.384982],[77.761821,28.384448],[77.762277,28.384197],[77.762255,28.383773],[77.761896,28.383375],[77.761084,28.38236],[77.760298,28.381232],[77.760472,28.381111],[77.76106,28.380763],[77.759926,28.379598],[77.758034,28.377605],[77.758098,28.377401],[77.758372,28.376662],[77.758683,28.376358],[77.758929,28.376252],[77.759503,28.376483],[77.761315,28.377502],[77.762176,28.377636],[77.763108,28.377175],[77.765702,28.375052],[77.766249,28.374734],[77.766767,28.374265],[77.76705,28.373438],[77.76766,28.372761],[77.767959,28.372505],[77.767611,28.372011],[77.767279,28.37157],[77.767977,28.370902],[77.768994,28.37004],[77.771807,28.366823],[77.773729,28.364318],[77.77508,28.363129],[77.775948,28.36248],[77.777498,28.359838],[77.778473,28.358578],[77.779541,28.357399],[77.780504,28.35766],[77.782222,28.358374],[77.783059,28.359059],[77.785312,28.361554],[77.786423,28.362779],[77.788386,28.361212],[77.789706,28.360552],[77.79044,28.360518],[77.79244,28.361638],[77.79411,28.359553],[77.795806,28.357553],[77.796807,28.356596],[77.797732,28.356219],[77.79916,28.355776],[77.799877,28.355315],[77.801659,28.354455],[77.802402,28.353967],[77.802935,28.353028],[77.804548,28.353892],[77.808635,28.356742],[77.811086,28.355418],[77.814135,28.353122],[77.81648,28.350871],[77.81759,28.349481],[77.81742,28.346299],[77.818098,28.344372],[77.818453,28.343542],[77.821399,28.340159],[77.822883,28.338079],[77.823811,28.336106],[77.825734,28.33281],[77.823448,28.332092],[77.822058,28.330724],[77.821349,28.329363],[77.821157,28.328876],[77.820117,28.328685],[77.819837,28.327904],[77.819439,28.327083],[77.820809,28.325815],[77.822363,28.324407],[77.822955,28.323028],[77.82326,28.321333],[77.823272,28.320983],[77.822982,28.320024],[77.821795,28.319242],[77.820999,28.318403],[77.820487,28.317842],[77.819027,28.317158],[77.818214,28.316697],[77.816636,28.317052],[77.815626,28.316607],[77.813713,28.315141],[77.812505,28.313584],[77.812343,28.311958],[77.811179,28.311023],[77.809935,28.310346],[77.809339,28.309048],[77.808339,28.307127],[77.807355,28.306126],[77.805723,28.30448],[77.804516,28.303072],[77.803929,28.302233],[77.803085,28.302196],[77.800854,28.301509],[77.798657,28.300938],[77.797341,28.299627],[77.795836,28.300367],[77.791479,28.297319],[77.787078,28.299034],[77.786207,28.299122],[77.784466,28.300842],[77.783806,28.301419],[77.783245,28.301606],[77.782191,28.301852],[77.778613,28.302444],[77.777032,28.302821],[77.776018,28.303072],[77.774949,28.303177],[77.772735,28.304385],[77.771808,28.304124],[77.772274,28.299175],[77.772836,28.298811],[77.773308,28.296999],[77.773858,28.295368],[77.771292,28.291837],[77.77381,28.288166],[77.770587,28.28639],[77.767654,28.281249],[77.764047,28.277314],[77.762261,28.274942],[77.760751,28.27295],[77.760034,28.273324],[77.755122,28.276081],[77.754013,28.276765],[77.751873,28.277718],[77.750815,28.277928],[77.748735,28.277978],[77.747845,28.278206],[77.747168,28.27841],[77.746576,28.278108],[77.746066,28.278135],[77.744768,28.279486],[77.744336,28.280212],[77.743328,28.28084],[77.742818,28.280917],[77.741803,28.280241],[77.741293,28.280242],[77.740783,28.27994],[77.73954,28.280194],[77.73796,28.280019],[77.736461,28.27952],[77.735442,28.279521],[77.733898,28.279499],[77.732486,28.279951],[77.731187,28.27998],[77.728817,28.279954],[77.727256,28.279759],[77.727237,28.279757],[77.726105,28.279708],[77.724525,28.279831],[77.723929,28.279832],[77.722751,28.279133],[77.721879,28.278809],[77.721059,28.278584],[77.719984,28.279388],[77.719369,28.280039],[77.718543,28.280914],[77.717586,28.281614],[77.716933,28.28184],[77.715951,28.283013],[77.715049,28.283862],[77.714484,28.284517],[77.714678,28.285288],[77.714934,28.285617],[77.71443,28.286719],[77.714655,28.288216],[77.714233,28.28943],[77.713831,28.290252],[77.713694,28.290531],[77.713541,28.290481],[77.712756,28.290221],[77.71244,28.290419],[77.711478,28.291453],[77.710889,28.291943],[77.710734,28.292072],[77.710582,28.292031],[77.710183,28.291923],[77.708771,28.291058],[77.707286,28.28966],[77.706425,28.288993],[77.704568,28.287875],[77.702458,28.286965],[77.700362,28.286362],[77.698827,28.28591],[77.698523,28.28582],[77.69816,28.285713],[77.697181,28.285317],[77.696044,28.284713],[77.693266,28.283261],[77.692042,28.282468],[77.689727,28.280998],[77.688282,28.279961],[77.688131,28.279853],[77.687979,28.279834],[77.686964,28.279705],[77.686393,28.279682],[77.685914,28.280016],[77.685639,28.280409],[77.684819,28.281055],[77.684238,28.281362],[77.683556,28.281854],[77.683367,28.282143],[77.682695,28.28319],[77.681697,28.28434],[77.680566,28.285478],[77.679842,28.285853],[77.679389,28.28588],[77.679123,28.285811],[77.678971,28.285772],[77.678852,28.285635],[77.677976,28.284622],[77.677313,28.283724],[77.677492,28.283521],[77.676064,28.282123],[77.674972,28.280702],[77.674335,28.27989],[77.673998,28.279382],[77.673902,28.279236],[77.673909,28.27911],[77.673922,28.278902],[77.673865,28.278411],[77.673697,28.277824],[77.673773,28.27749],[77.673911,28.277251],[77.673941,28.277102],[77.674053,28.276493],[77.673518,28.276141],[77.673518,28.275776],[77.673696,28.275257],[77.674205,28.275049],[77.675127,28.274223],[77.674729,28.273186],[77.674694,28.272789],[77.675886,28.27199],[77.676706,28.271362],[77.677225,28.271019],[77.676649,28.270636],[77.676731,28.270451],[77.677087,28.270149],[77.677454,28.26958],[77.677811,28.269133],[77.67833,28.268673],[77.678085,28.268335],[77.679532,28.267874],[77.679303,28.267405],[77.679782,28.267671],[77.68126,28.267814],[77.682483,28.267958],[77.68398,28.26797],[77.684139,28.267971],[77.684284,28.268104],[77.684532,28.268332],[77.685373,28.268823],[77.68705,28.269188],[77.689154,28.26944],[77.691422,28.269912],[77.693366,28.270478],[77.693518,28.270522],[77.693609,28.270388],[77.694113,28.269645],[77.694896,28.267515],[77.695807,28.265123],[77.696116,28.26421],[77.696117,28.264207],[77.69625,28.264076],[77.69632,28.263942],[77.696611,28.26339],[77.697058,28.262905],[77.697181,28.262772],[77.697029,28.262718],[77.696901,28.262673],[77.694612,28.260838],[77.693016,28.259255],[77.692154,28.257902],[77.690986,28.256418],[77.69043,28.255076],[77.689798,28.254682],[77.688926,28.25421],[77.687906,28.253843],[77.687117,28.253468],[77.686277,28.25321],[77.685519,28.253081],[77.685263,28.252565],[77.684905,28.252367],[77.684505,28.252426],[77.68378,28.252511],[77.683069,28.252447],[77.682494,28.252225],[77.681922,28.251811],[77.681571,28.251239],[77.681191,28.250881],[77.680904,28.250749],[77.680512,28.250433],[77.680277,28.250056],[77.679699,28.249331],[77.679091,28.248244],[77.679029,28.248134],[77.678979,28.248044],[77.678962,28.248134],[77.678911,28.248405],[77.678872,28.248613],[77.678073,28.250074],[77.676268,28.251836],[77.674094,28.253763],[77.672668,28.25576],[77.672566,28.255902],[77.6724,28.255777],[77.668616,28.252908],[77.665961,28.25184],[77.662775,28.250005],[77.663202,28.249379],[77.664007,28.248761],[77.663085,28.247945],[77.662932,28.24781],[77.662791,28.247945],[77.661503,28.249183],[77.660381,28.248546],[77.659725,28.248772],[77.655359,28.251197],[77.654527,28.251816],[77.653849,28.252564],[77.653468,28.252943],[77.652382,28.253536],[77.651543,28.253909],[77.650517,28.254535],[77.649526,28.255258],[77.648988,28.255624],[77.648113,28.255931],[77.647314,28.25609],[77.646334,28.256226],[77.644601,28.256585],[77.643758,28.256919],[77.643574,28.256992],[77.64367,28.257133],[77.645301,28.25951],[77.645383,28.260213],[77.645363,28.26089],[77.645878,28.261765],[77.646724,28.26255],[77.648166,28.264025],[77.648187,28.264571],[77.648146,28.265884],[77.648024,28.266981],[77.64726,28.268],[77.647979,28.268763],[77.649319,28.2698],[77.649915,28.270495],[77.65041,28.271862],[77.650023,28.273355],[77.649814,28.273978],[77.648046,28.274908],[77.647919,28.275327],[77.648454,28.276311],[77.648582,28.279735],[77.648149,28.280064],[77.64607,28.280922],[77.64475,28.282055],[77.643703,28.283716],[77.643578,28.283914],[77.643482,28.283802],[77.639786,28.27952],[77.637808,28.277625],[77.637383,28.277313],[77.637212,28.277187],[77.637078,28.277295],[77.635153,28.278843],[77.633053,28.280084],[77.631958,28.279755],[77.63128,28.280229],[77.631382,28.280833],[77.630087,28.281889],[77.628298,28.28304],[77.626632,28.284113],[77.624282,28.28521],[77.621985,28.286346],[77.62181,28.286432],[77.621794,28.28634],[77.62172,28.286273],[77.621219,28.285819],[77.620286,28.286202],[77.619501,28.286789],[77.618946,28.287502],[77.618482,28.288499],[77.617967,28.289897],[77.617631,28.290497],[77.617243,28.290709],[77.616428,28.291043],[77.615706,28.291156],[77.615531,28.291183],[77.615674,28.291379],[77.616259,28.29218],[77.616402,28.292879],[77.6171,28.294143],[77.617635,28.29514],[77.618171,28.295988],[77.618792,28.296389],[77.619103,28.296489],[77.620174,28.295365],[77.621331,28.294865],[77.622473,28.295365],[77.624139,28.296462],[77.625348,28.297883],[77.627152,28.299755],[77.628615,28.300915],[77.629262,28.300716],[77.629543,28.301167],[77.629752,28.301361],[77.629956,28.301489],[77.630032,28.301537],[77.630069,28.301622],[77.630252,28.302044],[77.630838,28.303396],[77.628773,28.306135],[77.627106,28.30881],[77.627086,28.309997],[77.625292,28.310525],[77.62441,28.310525],[77.623069,28.309776],[77.618741,28.313277],[77.617407,28.314109],[77.617216,28.314228],[77.617249,28.314346],[77.617899,28.316651],[77.61874,28.319417],[77.618475,28.321682],[77.620241,28.322941],[77.620392,28.323049],[77.620335,28.323156],[77.619938,28.323906],[77.61769,28.325819],[77.614533,28.328977],[77.614227,28.331237],[77.614724,28.332211],[77.614803,28.332365],[77.61484,28.332483],[77.615114,28.333371],[77.617156,28.335997],[77.617296,28.336178],[77.617459,28.33616],[77.620514,28.335835],[77.621666,28.335528],[77.623997,28.334396],[77.626735,28.336421],[77.628917,28.333904],[77.630401,28.33117],[77.63352,28.326845],[77.633659,28.326653],[77.63382,28.326838],[77.634033,28.327085],[77.634133,28.327199],[77.634194,28.327358],[77.634939,28.329279],[77.635744,28.330753],[77.635836,28.330921],[77.635874,28.331026],[77.636392,28.332469],[77.637795,28.334824],[77.641974,28.341774],[77.642059,28.341915],[77.642106,28.342046],[77.643692,28.34649],[77.644533,28.347094],[77.644681,28.347343],[77.644248,28.347744],[77.644411,28.348728],[77.645197,28.350803],[77.646729,28.352777],[77.646824,28.3529],[77.646736,28.353048],[77.643529,28.358393],[77.643449,28.358527],[77.643293,28.358659],[77.642541,28.359299],[77.641883,28.359479],[77.639078,28.358496],[77.634736,28.356607],[77.6346,28.356547],[77.634681,28.356404],[77.635094,28.355672],[77.634579,28.354174],[77.633034,28.351183],[77.631325,28.347213],[77.630766,28.345417],[77.630728,28.345296],[77.630626,28.345297],[77.628642,28.345314],[77.6257,28.344204],[77.622666,28.344294],[77.621284,28.344479],[77.62029,28.345005],[77.620151,28.345079],[77.62004,28.345209],[77.619427,28.345918],[77.618254,28.347578],[77.616831,28.349455],[77.61471,28.352225],[77.613822,28.352938],[77.612215,28.353867],[77.610866,28.354718],[77.61069,28.354828],[77.610847,28.35497],[77.612256,28.356249],[77.612975,28.355992],[77.613556,28.356543],[77.615367,28.358456],[77.616627,28.359187],[77.618025,28.360291],[77.618192,28.360423],[77.61828,28.360506],[77.619203,28.361375],[77.61984,28.361975],[77.622849,28.364506],[77.623165,28.36511],[77.623242,28.365255],[77.623201,28.365381],[77.622997,28.366022],[77.623329,28.369671],[77.623344,28.36983],[77.62353,28.369935],[77.627633,28.372257],[77.629837,28.37098],[77.631612,28.370362],[77.633316,28.370854],[77.635086,28.371255],[77.637993,28.372437],[77.638407,28.372329],[77.639877,28.373005],[77.640034,28.373077],[77.640184,28.372976],[77.643354,28.370835],[77.646715,28.369156],[77.648445,28.370085],[77.652822,28.371541],[77.653745,28.371158],[77.65577,28.372547],[77.656571,28.371689],[77.658055,28.372871],[77.658477,28.373226],[77.658627,28.373352],[77.658778,28.373479],[77.659872,28.3744],[77.661208,28.373764],[77.661618,28.374016],[77.661831,28.374147],[77.662469,28.373975],[77.662768,28.373895],[77.662922,28.373853],[77.663016,28.373999],[77.664055,28.375604],[77.666863,28.380218],[77.66705,28.381153],[77.667084,28.381323],[77.667113,28.381468],[77.667179,28.381595],[77.668328,28.383836],[77.67134,28.388577],[77.672364,28.390256],[77.672684,28.390781],[77.672765,28.390913],[77.672606,28.390966],[77.668995,28.392169],[77.669511,28.393499],[77.668975,28.394194],[77.667273,28.394792],[77.667098,28.394854],[77.667179,28.394985],[77.667838,28.396053],[77.667859,28.396581],[77.666482,28.397475],[77.666482,28.397913],[77.667181,28.399374],[77.667452,28.400249],[77.667432,28.400998],[77.669163,28.403493],[77.669781,28.404873],[77.670669,28.40591],[77.671225,28.405856],[77.672073,28.40697],[77.673246,28.40655],[77.67463,28.407826],[77.67659,28.409576],[77.679709,28.412616],[77.682033,28.413813],[77.682185,28.413891],[77.682185,28.413892],[77.682185,28.413894],[77.682173,28.414027],[77.682131,28.41452],[77.682441,28.416186],[77.682776,28.417852],[77.682919,28.419386],[77.681881,28.420083],[77.67964,28.421788],[77.679015,28.422556],[77.677472,28.423472],[77.675711,28.424331],[77.674822,28.425548],[77.67395,28.425805],[77.672546,28.426518],[77.671819,28.426206],[77.669,28.425528],[77.666569,28.424572],[77.666105,28.425537],[77.660864,28.428792],[77.660712,28.428886],[77.660556,28.428881],[77.659105,28.428837],[77.659197,28.428219],[77.659013,28.427586],[77.65857,28.426758],[77.657883,28.425996],[77.656771,28.42508],[77.651326,28.427413],[77.646868,28.430427],[77.646853,28.430437],[77.646713,28.430532],[77.646618,28.430395],[77.646617,28.430393],[77.645212,28.428375],[77.644842,28.428084],[77.644691,28.427965],[77.644539,28.427937],[77.63997,28.427095],[77.636811,28.42677],[77.634994,28.427411],[77.63282,28.427411],[77.630235,28.43044],[77.630121,28.430574],[77.630155,28.43071],[77.631106,28.434427],[77.6323,28.435988],[77.635582,28.43678],[77.636858,28.437706],[77.638053,28.439083],[77.638669,28.440041],[77.639071,28.442033],[77.639859,28.444267],[77.64034,28.445267],[77.641765,28.448028],[77.643299,28.450209],[77.646559,28.453386],[77.647971,28.454906],[77.648483,28.455605],[77.649092,28.456304],[77.649521,28.456871],[77.649587,28.457282],[77.648689,28.45824],[77.650527,28.460468],[77.651284,28.461796],[77.649619,28.463325],[77.648302,28.464535],[77.646613,28.466064],[77.645796,28.466635],[77.64543,28.466608],[77.644527,28.466573],[77.643741,28.466842],[77.642313,28.467468],[77.640061,28.467737],[77.639002,28.466944],[77.637635,28.466881],[77.634598,28.464807],[77.632714,28.46629],[77.632107,28.467403],[77.631994,28.468178],[77.631733,28.47167],[77.631749,28.473396],[77.63119,28.474532],[77.630213,28.474539],[77.627075,28.475183],[77.624068,28.475969],[77.622553,28.475396],[77.621763,28.4751],[77.62159,28.475035],[77.621705,28.475168],[77.621719,28.475184],[77.622495,28.47647],[77.622884,28.478671],[77.622909,28.478807],[77.623062,28.478822],[77.623894,28.478902],[77.628408,28.482339],[77.633856,28.486652],[77.635516,28.487978],[77.637018,28.489449],[77.63811,28.489034],[77.638784,28.489079],[77.644024,28.492751],[77.64501,28.493346],[77.645271,28.493346],[77.646307,28.492475],[77.646879,28.49206],[77.647553,28.49229],[77.648176,28.4927],[77.64859,28.492795],[77.649473,28.492245],[77.6503,28.491599],[77.650612,28.491599],[77.651388,28.492104],[77.652895,28.49426],[77.653258,28.495772],[77.653259,28.497333],[77.654504,28.496322],[77.655202,28.496187],[77.655439,28.496141],[77.657513,28.497837],[77.659331,28.498847],[77.660424,28.499397],[77.661722,28.499762],[77.662656,28.499852],[77.664316,28.499347],[77.665613,28.498796],[77.666859,28.498155],[77.667997,28.497419],[77.66836,28.497374],[77.668404,28.500043],[77.668043,28.500641],[77.667908,28.501103],[77.667701,28.501662],[77.667512,28.502168],[77.667412,28.502653],[77.667946,28.503183],[77.668633,28.503925],[77.669,28.504236],[77.669677,28.504927],[77.66996,28.505286],[77.670325,28.505651],[77.670826,28.506037],[77.671245,28.506296],[77.672225,28.506684],[77.673065,28.506937],[77.673545,28.50707],[77.674176,28.506982],[77.674682,28.506838],[77.675131,28.506757],[77.67519,28.507055],[77.675489,28.506985],[77.675767,28.507147],[77.675946,28.507115],[77.676017,28.507102],[77.676073,28.507175],[77.676188,28.507325],[77.676518,28.508165],[77.676699,28.508706],[77.676862,28.509096],[77.677391,28.50994],[77.677825,28.510425],[77.678655,28.510032],[77.679107,28.509841],[77.679605,28.509644],[77.679873,28.509663],[77.680034,28.509742],[77.680535,28.509622],[77.680634,28.509622],[77.6809,28.509769],[77.68101,28.509778],[77.681357,28.509742],[77.681834,28.510026],[77.68233,28.510263],[77.682869,28.51054],[77.683321,28.510786],[77.683763,28.511005],[77.684225,28.511237],[77.685027,28.511571],[77.685152,28.51158],[77.685484,28.511291],[77.685762,28.511422],[77.686138,28.511682],[77.686449,28.512243],[77.686674,28.512634],[77.685941,28.513324],[77.685698,28.513664],[77.685264,28.514555],[77.684904,28.515408],[77.684838,28.515866],[77.684781,28.515954],[77.684386,28.516114],[77.683934,28.516308],[77.683573,28.516493],[77.683599,28.516665],[77.683867,28.517199],[77.684138,28.518063],[77.684278,28.518503],[77.684444,28.518954],[77.684546,28.519818],[77.684534,28.520709],[77.684521,28.521145],[77.68462,28.521731],[77.684917,28.522575],[77.68543,28.523527],[77.68592,28.524321],[77.686117,28.524612],[77.686615,28.525577],[77.687134,28.526441],[77.687372,28.526822],[77.687415,28.52689],[77.687346,28.526957],[77.687284,28.527016],[77.686526,28.527508],[77.685711,28.528038],[77.686155,28.528487],[77.686922,28.529198],[77.687236,28.529527],[77.687905,28.53019],[77.688296,28.530542],[77.689118,28.531158],[77.689581,28.531433],[77.690487,28.531952],[77.690978,28.53218],[77.691361,28.532281],[77.691484,28.532931],[77.692184,28.53345],[77.692444,28.533833],[77.692528,28.534248],[77.69258,28.534688],[77.692603,28.535225],[77.692523,28.535277],[77.691698,28.53557],[77.691274,28.535787],[77.690896,28.536181],[77.690697,28.536601],[77.690104,28.537537],[77.689938,28.537796],[77.689785,28.53788],[77.688814,28.538191],[77.688319,28.538385],[77.687948,28.538645],[77.6879,28.538755],[77.68788,28.539337],[77.687767,28.540246],[77.687828,28.541067],[77.687928,28.54141],[77.688337,28.542292],[77.688802,28.543127],[77.688952,28.543422],[77.688411,28.543851],[77.688536,28.544092],[77.68895,28.544886],[77.689149,28.545243],[77.689361,28.545655],[77.689461,28.546041],[77.689578,28.546449],[77.689691,28.547345],[77.68963,28.547697],[77.689257,28.548139],[77.688968,28.548315],[77.688403,28.5485],[77.688424,28.548583],[77.68896,28.549168],[77.689231,28.549571],[77.68919,28.549878],[77.688917,28.550314],[77.688756,28.550634],[77.689103,28.551013],[77.689303,28.55134],[77.6893,28.551408],[77.688564,28.55171],[77.688143,28.551906],[77.687859,28.552263],[77.687341,28.553048],[77.687072,28.55339],[77.686459,28.554207],[77.686229,28.554527],[77.685448,28.555669],[77.685403,28.555795],[77.685388,28.555839],[77.685379,28.555865],[77.686022,28.556285],[77.686354,28.556591],[77.686615,28.556747],[77.68743,28.556684],[77.687956,28.556605],[77.68849,28.556535],[77.689032,28.556395],[77.689538,28.556203],[77.690399,28.555867],[77.690818,28.556332],[77.691181,28.556695],[77.691411,28.556903],[77.69256,28.556727],[77.693081,28.556614],[77.694093,28.556445],[77.694678,28.556357],[77.695202,28.556305],[77.695705,28.556187],[77.695953,28.556541],[77.696237,28.556993],[77.696487,28.557265],[77.697113,28.556977],[77.69745,28.556832],[77.698028,28.556625],[77.698894,28.556284],[77.699461,28.556029],[77.699908,28.555853]],[[77.645833,28.294998],[77.646328,28.29457],[77.646435,28.294376],[77.646868,28.293785],[77.647474,28.292864],[77.648325,28.291826],[77.648473,28.291533],[77.648473,28.290865],[77.648524,28.290288],[77.648646,28.289719],[77.648967,28.28925],[77.649237,28.288844],[77.649318,28.288722],[77.649375,28.288657],[77.650067,28.287865],[77.650531,28.287477],[77.651107,28.28721],[77.651831,28.28693],[77.652361,28.286696],[77.65314,28.286389],[77.654129,28.285937],[77.654511,28.285811],[77.654628,28.285811],[77.655215,28.28586],[77.656107,28.28591],[77.656629,28.285897],[77.656846,28.285892],[77.656853,28.286159],[77.656866,28.286659],[77.656994,28.288287],[77.656994,28.288991],[77.656964,28.28946],[77.656378,28.28942],[77.655588,28.290417],[77.655242,28.290656],[77.654732,28.290828],[77.654161,28.291058],[77.654085,28.291433],[77.654008,28.291645],[77.652811,28.29266],[77.652581,28.292502],[77.652388,28.292231],[77.65223,28.292331],[77.651501,28.293202],[77.650869,28.293919],[77.650839,28.294005],[77.650905,28.294208],[77.650839,28.294379],[77.650512,28.294682],[77.650237,28.294925],[77.650161,28.295038],[77.650451,28.295295],[77.650548,28.295485],[77.650385,28.296256],[77.650207,28.296658],[77.649596,28.297258],[77.648994,28.297646],[77.648637,28.297989],[77.647848,28.298959],[77.646101,28.300637],[77.645987,28.300746],[77.645817,28.300582],[77.645651,28.300421],[77.645072,28.299891],[77.644402,28.299456],[77.643418,28.298373],[77.642627,28.297532],[77.642587,28.297489],[77.642561,28.297327],[77.642635,28.297283],[77.642696,28.297246],[77.644228,28.29633],[77.645502,28.295675],[77.645686,28.295481],[77.645833,28.294998]],[[77.660463,28.311034],[77.660314,28.309884],[77.66243,28.308525],[77.661899,28.307627],[77.661225,28.305331],[77.66146,28.304816],[77.661516,28.304695],[77.661655,28.304598],[77.663595,28.303245],[77.663762,28.303149],[77.663916,28.303061],[77.66407,28.303026],[77.665165,28.302776],[77.665599,28.303629],[77.666659,28.30431],[77.667041,28.304179],[77.667475,28.304522],[77.667954,28.304264],[77.668581,28.30486],[77.670982,28.303627],[77.671946,28.304818],[77.672425,28.305413],[77.673772,28.306947],[77.675164,28.308178],[77.67675,28.310009],[77.676859,28.310157],[77.678005,28.31171],[77.679255,28.312774],[77.679877,28.313753],[77.680551,28.315156],[77.679062,28.315197],[77.679594,28.317326],[77.677911,28.317584],[77.675938,28.31707],[77.668782,28.321968],[77.667721,28.321418],[77.666951,28.322201],[77.666819,28.322334],[77.666668,28.322222],[77.666039,28.321757],[77.663887,28.319534],[77.663766,28.319409],[77.663733,28.319375],[77.663753,28.319275],[77.663973,28.318139],[77.664069,28.31716],[77.663681,28.315843],[77.662722,28.314228],[77.662095,28.312865],[77.661085,28.311927],[77.660463,28.311034]]]}}]}