{"type":"FeatureCollection","name":"ALIGARH, UTTAR PRADESH - Sub-district boundaries","crs_note":"RFC 7946 WGS84 lon/lat (EPSG:4326); source CRS was LCC_WGS84","features":[{"type":"Feature","properties":{"OBJECTID":2416,"state_lgd":"09","state_name":"UTTAR PRADESH","district_lgd":"143","district_name":"ALIGARH","district_name_source":"district_table","subdistrict_lgd":"754","subdistrict_name":"ATRAULI","subdistrict_type":"Tehsil","name_corrupted":false,"remarks":""},"geometry":{"type":"Polygon","coordinates":[[[78.339465,28.146579],[78.340486,28.145327],[78.340487,28.145327],[78.340488,28.145326],[78.340489,28.145325],[78.340489,28.145325],[78.341316,28.144867],[78.341316,28.144867],[78.341318,28.144866],[78.342986,28.143181],[78.342986,28.143181],[78.342987,28.14318],[78.342987,28.14318],[78.344578,28.142115],[78.344578,28.142115],[78.344579,28.142115],[78.344581,28.142114],[78.344583,28.142114],[78.344584,28.142113],[78.344586,28.142114],[78.344588,28.142114],[78.344589,28.142115],[78.34459,28.142115],[78.345106,28.142397],[78.345106,28.142397],[78.345107,28.142398],[78.345108,28.142399],[78.345109,28.142399],[78.346208,28.143757],[78.346209,28.143757],[78.347903,28.145624],[78.347903,28.145624],[78.347904,28.145625],[78.347906,28.145626],[78.347907,28.145627],[78.347909,28.145627],[78.347911,28.145627],[78.347913,28.145627],[78.347914,28.145627],[78.347915,28.145627],[78.347915,28.145627],[78.3485,28.145411],[78.348501,28.145411],[78.348501,28.145411],[78.348503,28.14541],[78.348503,28.14541],[78.350614,28.143748],[78.350614,28.143748],[78.352024,28.142471],[78.352025,28.142471],[78.352025,28.14247],[78.353161,28.14108],[78.353163,28.141078],[78.353163,28.141078],[78.35429,28.140286],[78.354292,28.140285],[78.356046,28.138358],[78.356046,28.138358],[78.356047,28.138357],[78.356048,28.138356],[78.356048,28.138355],[78.356569,28.136803],[78.35657,28.136803],[78.35657,28.136803],[78.356571,28.136801],[78.356572,28.1368],[78.356573,28.136799],[78.356574,28.136798],[78.356576,28.136797],[78.356578,28.136797],[78.356579,28.136797],[78.356579,28.136797],[78.357415,28.136787],[78.357415,28.136787],[78.357418,28.136787],[78.358468,28.137078],[78.359348,28.137311],[78.359348,28.137311],[78.359349,28.137311],[78.359351,28.137312],[78.359353,28.137312],[78.359355,28.137311],[78.359355,28.137311],[78.360246,28.137018],[78.360248,28.137017],[78.360248,28.137017],[78.360248,28.137017],[78.361172,28.136475],[78.361172,28.136475],[78.361173,28.136474],[78.362336,28.135476],[78.362336,28.135476],[78.362337,28.135475],[78.362337,28.135475],[78.362792,28.134852],[78.362793,28.134852],[78.362793,28.134851],[78.362794,28.134849],[78.362794,28.134848],[78.362794,28.134846],[78.362794,28.134846],[78.362794,28.134846],[78.362567,28.133765],[78.362567,28.133765],[78.362567,28.133763],[78.362567,28.133761],[78.362567,28.13376],[78.362568,28.133758],[78.362568,28.133758],[78.362568,28.133758],[78.36297,28.133174],[78.362971,28.133173],[78.362972,28.133172],[78.362974,28.133171],[78.362975,28.13317],[78.362977,28.13317],[78.362978,28.13317],[78.362979,28.13317],[78.362981,28.13317],[78.362982,28.13317],[78.362984,28.133171],[78.364061,28.1337],[78.364061,28.1337],[78.364063,28.1337],[78.364064,28.133701],[78.364066,28.133701],[78.364068,28.133701],[78.36407,28.1337],[78.36407,28.1337],[78.365001,28.13335],[78.365001,28.13335],[78.365001,28.13335],[78.365003,28.133349],[78.365005,28.133349],[78.365006,28.133349],[78.365008,28.13335],[78.36501,28.133351],[78.365011,28.133352],[78.365013,28.133353],[78.365014,28.133354],[78.365014,28.133355],[78.365266,28.133834],[78.365266,28.133834],[78.365267,28.133835],[78.365268,28.133836],[78.365269,28.133837],[78.365895,28.134331],[78.365895,28.134331],[78.365897,28.134332],[78.365898,28.134333],[78.3659,28.134333],[78.365902,28.134333],[78.365904,28.134333],[78.365905,28.134333],[78.365907,28.134332],[78.365909,28.134331],[78.36591,28.13433],[78.365911,28.134329],[78.366571,28.133354],[78.366571,28.133354],[78.366572,28.133352],[78.366572,28.133352],[78.367001,28.131973],[78.367002,28.131972],[78.367002,28.131971],[78.367302,28.131473],[78.367302,28.131472],[78.367303,28.131471],[78.367305,28.13147],[78.367306,28.131469],[78.367306,28.131469],[78.367306,28.131469],[78.368417,28.13094],[78.368417,28.13094],[78.368417,28.13094],[78.368418,28.130939],[78.36842,28.130938],[78.36842,28.130937],[78.36877,28.130481],[78.368771,28.130481],[78.368771,28.13048],[78.368975,28.130038],[78.368975,28.130038],[78.368975,28.130038],[78.368976,28.130037],[78.368976,28.130035],[78.368976,28.130033],[78.368975,28.130032],[78.368975,28.13003],[78.368974,28.130029],[78.368771,28.129799],[78.368771,28.129799],[78.36877,28.129798],[78.368768,28.129797],[78.368767,28.129796],[78.368767,28.129796],[78.367742,28.129445],[78.367741,28.129444],[78.367739,28.129443],[78.367738,28.129442],[78.367737,28.129441],[78.367736,28.129439],[78.367736,28.129438],[78.367736,28.129436],[78.367736,28.129435],[78.367736,28.129433],[78.367737,28.129432],[78.367738,28.129431],[78.367954,28.12919],[78.367954,28.12919],[78.367954,28.12919],[78.367954,28.12919],[78.367954,28.12919],[78.368541,28.128663],[78.368542,28.128662],[78.369606,28.127897],[78.369606,28.127897],[78.369608,28.127896],[78.37064,28.126766],[78.37064,28.126766],[78.37064,28.126765],[78.370641,28.126763],[78.370642,28.126762],[78.370642,28.12676],[78.370642,28.126759],[78.370641,28.126757],[78.370641,28.126756],[78.37064,28.126755],[78.370416,28.126468],[78.370416,28.126468],[78.370416,28.126468],[78.370416,28.126468],[78.369615,28.125674],[78.369615,28.125674],[78.369613,28.125673],[78.369613,28.125673],[78.369138,28.124939],[78.369138,28.124938],[78.369138,28.124938],[78.368935,28.124377],[78.368935,28.124376],[78.368935,28.124375],[78.368935,28.124373],[78.368935,28.124372],[78.368935,28.124372],[78.369055,28.123957],[78.369055,28.123957],[78.369056,28.123956],[78.369056,28.123954],[78.369057,28.123954],[78.369057,28.123954],[78.369425,28.123515],[78.369426,28.123513],[78.369426,28.123513],[78.369591,28.123195],[78.369591,28.123194],[78.369591,28.123193],[78.369592,28.123191],[78.369591,28.123189],[78.369591,28.123188],[78.36959,28.123186],[78.369589,28.123185],[78.369588,28.123184],[78.369586,28.123183],[78.369585,28.123182],[78.369583,28.123182],[78.369581,28.123182],[78.36958,28.123182],[78.369579,28.123182],[78.368673,28.123318],[78.368673,28.123318],[78.368672,28.123318],[78.36867,28.123318],[78.368668,28.123318],[78.368666,28.123317],[78.368665,28.123316],[78.368664,28.123316],[78.368153,28.122876],[78.367553,28.122105],[78.367553,28.122105],[78.367553,28.122104],[78.367552,28.122103],[78.367552,28.122101],[78.367552,28.122099],[78.367552,28.122098],[78.367552,28.122098],[78.367666,28.121411],[78.367666,28.12141],[78.367666,28.12141],[78.367911,28.120421],[78.367911,28.120421],[78.367911,28.12042],[78.367911,28.12042],[78.367911,28.12042],[78.368436,28.119003],[78.368676,28.118371],[78.368676,28.118371],[78.368676,28.118371],[78.368676,28.118371],[78.368677,28.11837],[78.368678,28.118368],[78.368678,28.118368],[78.368678,28.118368],[78.369636,28.117538],[78.369638,28.117536],[78.370542,28.116124],[78.370542,28.116124],[78.370543,28.116123],[78.372235,28.114175],[78.372835,28.113494],[78.373921,28.112261],[78.373922,28.112261],[78.373923,28.112259],[78.373923,28.112258],[78.373924,28.112256],[78.373923,28.112254],[78.373923,28.112253],[78.373922,28.112251],[78.373921,28.11225],[78.373921,28.11225],[78.371863,28.110269],[78.369363,28.107848],[78.369363,28.107848],[78.369363,28.107848],[78.369362,28.107846],[78.369361,28.107845],[78.368872,28.106608],[78.368872,28.106608],[78.368872,28.106607],[78.368872,28.106605],[78.368872,28.106604],[78.369175,28.104487],[78.369176,28.104486],[78.369175,28.104484],[78.369175,28.104483],[78.369174,28.104481],[78.369173,28.10448],[78.369173,28.104479],[78.368824,28.104144],[78.368824,28.104144],[78.368823,28.104143],[78.368822,28.104142],[78.36882,28.104142],[78.368818,28.104141],[78.368818,28.104141],[78.368085,28.104022],[78.367225,28.103901],[78.367224,28.103901],[78.367223,28.103901],[78.367221,28.1039],[78.36722,28.103899],[78.367219,28.103898],[78.367218,28.103898],[78.366743,28.103411],[78.366743,28.103411],[78.366743,28.10341],[78.366742,28.103409],[78.366741,28.103408],[78.366741,28.103407],[78.366295,28.102133],[78.366294,28.102131],[78.365778,28.10136],[78.365778,28.10136],[78.365777,28.101358],[78.365777,28.101358],[78.365776,28.101357],[78.365597,28.100611],[78.365597,28.10061],[78.365597,28.100609],[78.365597,28.100607],[78.365598,28.100606],[78.365598,28.100606],[78.365923,28.099789],[78.365923,28.099789],[78.365924,28.099788],[78.365924,28.099786],[78.365924,28.099786],[78.365801,28.097966],[78.365801,28.097966],[78.365801,28.097964],[78.365802,28.097963],[78.365802,28.097962],[78.365802,28.097962],[78.365802,28.097961],[78.365803,28.09796],[78.365805,28.097959],[78.365806,28.097958],[78.366863,28.097392],[78.366864,28.097391],[78.368307,28.096454],[78.368307,28.096454],[78.368307,28.096454],[78.368308,28.096453],[78.368309,28.096451],[78.36831,28.09645],[78.368311,28.096448],[78.368311,28.096447],[78.368311,28.096447],[78.36833,28.096189],[78.368361,28.095781],[78.368361,28.095781],[78.368361,28.09578],[78.368361,28.09578],[78.368362,28.095778],[78.368363,28.095777],[78.368363,28.095776],[78.368363,28.095776],[78.368918,28.095056],[78.368919,28.095055],[78.36892,28.095054],[78.368921,28.095053],[78.368922,28.095053],[78.368923,28.095053],[78.369935,28.094709],[78.369936,28.094709],[78.369937,28.094708],[78.369939,28.094707],[78.371,28.093603],[78.371001,28.093602],[78.371003,28.093601],[78.371005,28.093601],[78.371006,28.0936],[78.371008,28.0936],[78.371008,28.0936],[78.371009,28.0936],[78.37101,28.0936],[78.371012,28.093601],[78.371013,28.093601],[78.371015,28.093602],[78.371015,28.093602],[78.373347,28.095375],[78.373717,28.095657],[78.373718,28.095657],[78.373718,28.095657],[78.374595,28.096283],[78.374596,28.096284],[78.375702,28.097231],[78.375702,28.097231],[78.376262,28.097815],[78.376262,28.097815],[78.376263,28.097816],[78.376264,28.097817],[78.376266,28.097817],[78.376267,28.097818],[78.376445,28.097855],[78.376445,28.097855],[78.376445,28.097855],[78.376447,28.097855],[78.376449,28.097855],[78.376451,28.097854],[78.376452,28.097854],[78.376454,28.097853],[78.376455,28.097852],[78.376456,28.09785],[78.376457,28.097849],[78.376457,28.097849],[78.376711,28.097287],[78.376711,28.097287],[78.376711,28.097286],[78.376712,28.097285],[78.376714,28.097284],[78.376715,28.097283],[78.376717,28.097282],[78.376718,28.097282],[78.376719,28.097281],[78.37672,28.097281],[78.37672,28.097281],[78.376722,28.097282],[78.376724,28.097282],[78.376724,28.097282],[78.377381,28.097508],[78.377381,28.097508],[78.377383,28.097509],[78.377384,28.09751],[78.377385,28.097511],[78.377386,28.097512],[78.377387,28.097514],[78.377387,28.097515],[78.377387,28.097516],[78.377484,28.09807],[78.377484,28.098071],[78.377485,28.098072],[78.377484,28.098074],[78.377484,28.098075],[78.377074,28.099017],[78.377074,28.099017],[78.377074,28.099019],[78.377074,28.09902],[78.377074,28.099022],[78.377074,28.099023],[78.377074,28.099023],[78.377074,28.099024],[78.377075,28.099025],[78.377076,28.099026],[78.377077,28.099027],[78.377077,28.099028],[78.377077,28.099028],[78.377782,28.099536],[78.377783,28.099537],[78.378846,28.10052],[78.378846,28.100521],[78.379966,28.101745],[78.379966,28.101745],[78.379968,28.101746],[78.379969,28.101747],[78.379971,28.101748],[78.379972,28.101748],[78.379974,28.101748],[78.379975,28.101748],[78.380726,28.101701],[78.380726,28.101701],[78.380727,28.101701],[78.380729,28.101701],[78.380731,28.101701],[78.380732,28.101702],[78.380733,28.101702],[78.38156,28.102245],[78.381561,28.102246],[78.381561,28.102246],[78.381561,28.102246],[78.381562,28.102247],[78.381562,28.102247],[78.381562,28.102247],[78.381563,28.102247],[78.381563,28.102248],[78.381563,28.102248],[78.381563,28.102248],[78.382183,28.103151],[78.382183,28.103151],[78.382183,28.103151],[78.38246,28.103587],[78.382949,28.104357],[78.382949,28.104357],[78.383584,28.105291],[78.383585,28.105292],[78.383587,28.105293],[78.383588,28.105294],[78.38359,28.105294],[78.383591,28.105295],[78.383593,28.105295],[78.383595,28.105295],[78.383597,28.105295],[78.383598,28.105294],[78.383599,28.105293],[78.3836,28.105293],[78.3836,28.105293],[78.384116,28.104919],[78.384116,28.104918],[78.384117,28.104918],[78.384119,28.104917],[78.384119,28.104917],[78.384813,28.10472],[78.384816,28.104719],[78.384816,28.104719],[78.384818,28.10472],[78.384819,28.10472],[78.384819,28.10472],[78.385508,28.104931],[78.385511,28.104932],[78.385512,28.104932],[78.386522,28.104942],[78.386522,28.104942],[78.386522,28.104942],[78.386523,28.104942],[78.387575,28.10486],[78.387575,28.10486],[78.387576,28.10486],[78.387577,28.104859],[78.387579,28.104859],[78.387581,28.104858],[78.387582,28.104857],[78.387857,28.104582],[78.387858,28.104581],[78.388965,28.103713],[78.388966,28.103713],[78.388966,28.103712],[78.390418,28.102305],[78.390419,28.102305],[78.390419,28.102304],[78.391686,28.100596],[78.391686,28.100596],[78.391687,28.100594],[78.392659,28.099787],[78.392659,28.099786],[78.392661,28.099786],[78.392661,28.099786],[78.392661,28.099786],[78.393551,28.099272],[78.393551,28.099272],[78.393552,28.099272],[78.393554,28.099271],[78.393555,28.099271],[78.393555,28.099271],[78.394077,28.099202],[78.394077,28.099202],[78.394078,28.099202],[78.39408,28.099202],[78.394082,28.099202],[78.394084,28.099203],[78.394085,28.099204],[78.394085,28.099204],[78.394514,28.099538],[78.394514,28.099538],[78.394515,28.099539],[78.394517,28.099539],[78.394519,28.09954],[78.39452,28.09954],[78.394522,28.09954],[78.394524,28.099539],[78.394526,28.099539],[78.394527,28.099538],[78.394527,28.099538],[78.39503,28.099175],[78.39503,28.099175],[78.39503,28.099175],[78.395031,28.099174],[78.395032,28.099172],[78.395032,28.099172],[78.395033,28.099172],[78.395333,28.098653],[78.395334,28.098651],[78.395552,28.097894],[78.395553,28.097894],[78.395553,28.097894],[78.395553,28.097892],[78.395553,28.09789],[78.395552,28.097889],[78.395551,28.097887],[78.39555,28.097886],[78.395549,28.097885],[78.395548,28.097884],[78.395547,28.097884],[78.394383,28.097371],[78.394383,28.097371],[78.394382,28.097371],[78.39438,28.09737],[78.394378,28.09737],[78.394376,28.09737],[78.394376,28.09737],[78.393793,28.097494],[78.393792,28.097494],[78.393792,28.097494],[78.39379,28.097494],[78.393788,28.097494],[78.393787,28.097493],[78.393785,28.097493],[78.393783,28.097492],[78.393783,28.097491],[78.393783,28.097491],[78.393498,28.097232],[78.393497,28.097232],[78.393496,28.09723],[78.393495,28.097229],[78.393495,28.097227],[78.393495,28.097226],[78.393483,28.096518],[78.393483,28.096518],[78.393513,28.09581],[78.393513,28.09581],[78.393513,28.09581],[78.393513,28.095809],[78.393514,28.095807],[78.393514,28.095806],[78.393515,28.095805],[78.393877,28.095399],[78.393877,28.095399],[78.394282,28.094992],[78.394282,28.094992],[78.394283,28.094991],[78.394284,28.09499],[78.394284,28.09499],[78.394284,28.094989],[78.394455,28.094551],[78.394455,28.094551],[78.394455,28.094551],[78.394456,28.09455],[78.394457,28.094548],[78.394458,28.094547],[78.39446,28.094546],[78.394461,28.094546],[78.394463,28.094545],[78.394463,28.094545],[78.394464,28.094545],[78.394464,28.094545],[78.394464,28.094545],[78.394467,28.094546],[78.395131,28.094681],[78.395132,28.094682],[78.396695,28.095209],[78.396695,28.095209],[78.396697,28.09521],[78.396699,28.09521],[78.3967,28.09521],[78.396701,28.095209],[78.396701,28.095209],[78.396701,28.095209],[78.396702,28.095209],[78.396702,28.095209],[78.396704,28.095209],[78.396705,28.095208],[78.396707,28.095207],[78.396707,28.095207],[78.397108,28.094786],[78.397109,28.094785],[78.397699,28.093977],[78.3977,28.093976],[78.3977,28.093976],[78.398177,28.093553],[78.398177,28.093553],[78.398177,28.093553],[78.398179,28.093552],[78.398181,28.093551],[78.398182,28.093551],[78.398183,28.093551],[78.398183,28.093551],[78.398746,28.09351],[78.398746,28.09351],[78.398747,28.09351],[78.398749,28.09351],[78.39875,28.093509],[78.398752,28.093508],[78.398752,28.093508],[78.398752,28.093508],[78.399147,28.093174],[78.399147,28.093174],[78.399147,28.093174],[78.399148,28.093172],[78.399149,28.093171],[78.39915,28.093169],[78.39915,28.093168],[78.39915,28.093166],[78.399149,28.093165],[78.399149,28.093164],[78.399149,28.093164],[78.398885,28.092606],[78.398885,28.092606],[78.398884,28.092605],[78.398441,28.091957],[78.39844,28.091957],[78.39844,28.091956],[78.398438,28.091955],[78.398437,28.091954],[78.398437,28.091954],[78.398042,28.091751],[78.397728,28.091589],[78.397727,28.091589],[78.397726,28.091588],[78.397725,28.091587],[78.397724,28.091586],[78.397723,28.091584],[78.397723,28.091583],[78.397722,28.091581],[78.397723,28.091579],[78.397723,28.091578],[78.397724,28.091576],[78.397725,28.091575],[78.397726,28.091575],[78.398036,28.091305],[78.398472,28.090946],[78.398472,28.090945],[78.398474,28.090944],[78.401047,28.08729],[78.401048,28.087289],[78.401049,28.087288],[78.401051,28.087287],[78.401053,28.087286],[78.401054,28.087286],[78.401056,28.087286],[78.401058,28.087286],[78.40106,28.087286],[78.401061,28.087287],[78.401597,28.08755],[78.401598,28.08755],[78.40348,28.088344],[78.405333,28.089344],[78.405334,28.089345],[78.405334,28.089345],[78.405334,28.089345],[78.405337,28.089346],[78.40672,28.089471],[78.40672,28.089471],[78.406721,28.089471],[78.406722,28.089471],[78.406724,28.089471],[78.406726,28.08947],[78.406727,28.089469],[78.406729,28.089468],[78.406729,28.089467],[78.406729,28.089467],[78.407391,28.088562],[78.407392,28.08856],[78.407977,28.087314],[78.407977,28.087314],[78.407977,28.087314],[78.407977,28.087313],[78.407978,28.087312],[78.407979,28.087311],[78.407979,28.087311],[78.408616,28.086758],[78.408618,28.086757],[78.408619,28.086757],[78.408619,28.086757],[78.410012,28.08623],[78.410012,28.08623],[78.410013,28.08623],[78.410014,28.086229],[78.410015,28.086228],[78.410016,28.086227],[78.410017,28.086225],[78.410018,28.086224],[78.410018,28.086223],[78.410018,28.086223],[78.41018,28.085034],[78.41018,28.085034],[78.41018,28.085032],[78.410181,28.085031],[78.410181,28.08503],[78.410182,28.08503],[78.411293,28.083716],[78.411293,28.083715],[78.411294,28.083714],[78.411296,28.083713],[78.411296,28.083713],[78.412349,28.083241],[78.412349,28.083241],[78.41235,28.08324],[78.412352,28.08324],[78.412354,28.08324],[78.412354,28.08324],[78.412356,28.08324],[78.412357,28.08324],[78.412357,28.08324],[78.412357,28.08324],[78.412359,28.083241],[78.41236,28.083242],[78.41236,28.083242],[78.412867,28.083656],[78.412981,28.083749],[78.412981,28.083749],[78.412983,28.08375],[78.414113,28.084378],[78.414113,28.084378],[78.414114,28.084379],[78.414114,28.084379],[78.416203,28.085971],[78.416203,28.085972],[78.416204,28.085973],[78.417167,28.087005],[78.417473,28.087333],[78.418993,28.08892],[78.418994,28.08892],[78.419765,28.089658],[78.419765,28.089658],[78.42221,28.091573],[78.42221,28.091573],[78.424333,28.093465],[78.424333,28.093465],[78.424334,28.093465],[78.424335,28.093466],[78.424337,28.093467],[78.424338,28.093467],[78.42434,28.093467],[78.424342,28.093467],[78.424344,28.093467],[78.424345,28.093466],[78.424347,28.093465],[78.424347,28.093465],[78.424347,28.093465],[78.424348,28.093464],[78.425451,28.092397],[78.425452,28.092396],[78.426308,28.091413],[78.426308,28.091413],[78.426309,28.091412],[78.426309,28.091412],[78.427758,28.090211],[78.427758,28.09021],[78.428399,28.089525],[78.428399,28.089525],[78.4284,28.089523],[78.4284,28.089523],[78.429046,28.088501],[78.4296,28.087671],[78.4296,28.087671],[78.4296,28.087671],[78.429601,28.08767],[78.429602,28.087669],[78.429604,28.087668],[78.429605,28.087667],[78.429607,28.087667],[78.429609,28.087667],[78.429611,28.087667],[78.429612,28.087667],[78.429614,28.087668],[78.430213,28.087951],[78.430213,28.087951],[78.430213,28.087951],[78.430775,28.088198],[78.430776,28.088198],[78.430778,28.088198],[78.43078,28.088199],[78.430782,28.088198],[78.430783,28.088198],[78.430785,28.088198],[78.433517,28.086972],[78.433518,28.086972],[78.433518,28.086972],[78.436517,28.085734],[78.436517,28.085734],[78.436517,28.085734],[78.43652,28.085733],[78.437583,28.084773],[78.437583,28.084773],[78.437584,28.084772],[78.437585,28.084772],[78.437587,28.084771],[78.437589,28.084771],[78.437589,28.08477],[78.437877,28.084741],[78.43826,28.084703],[78.438261,28.084703],[78.438263,28.084702],[78.439577,28.084061],[78.439577,28.08406],[78.439578,28.08406],[78.439579,28.08406],[78.440979,28.083066],[78.44098,28.083065],[78.440981,28.083065],[78.440982,28.083064],[78.440984,28.083064],[78.440986,28.083064],[78.440987,28.083064],[78.440988,28.083064],[78.440988,28.083064],[78.441925,28.083296],[78.441926,28.083296],[78.441928,28.083296],[78.44193,28.083296],[78.441931,28.083296],[78.441933,28.083295],[78.441934,28.083295],[78.443035,28.082615],[78.443036,28.082615],[78.444055,28.082083],[78.444055,28.082082],[78.444055,28.082082],[78.444056,28.082082],[78.44466,28.081684],[78.444661,28.081683],[78.444663,28.081683],[78.444665,28.081682],[78.444666,28.081682],[78.444666,28.081682],[78.444667,28.081682],[78.444668,28.081682],[78.44467,28.081683],[78.444672,28.081684],[78.444672,28.081684],[78.444673,28.081684],[78.444675,28.081686],[78.444676,28.081687],[78.444676,28.081688],[78.444676,28.081689],[78.44492,28.082372],[78.44492,28.082372],[78.44492,28.082373],[78.44492,28.082373],[78.44492,28.082373],[78.44492,28.082373],[78.44492,28.082374],[78.445684,28.083718],[78.445685,28.083719],[78.447149,28.085511],[78.44715,28.085512],[78.44818,28.086274],[78.448181,28.086276],[78.448181,28.086276],[78.449263,28.087493],[78.449263,28.087493],[78.450804,28.088956],[78.450804,28.088956],[78.451387,28.089552],[78.451971,28.090147],[78.451971,28.090147],[78.454193,28.092162],[78.457131,28.094844],[78.457131,28.094844],[78.458134,28.095659],[78.458134,28.095659],[78.45971,28.097041],[78.45971,28.097041],[78.45971,28.097041],[78.460966,28.098217],[78.462798,28.099895],[78.464697,28.101598],[78.466263,28.10298],[78.468111,28.104589],[78.469715,28.105937],[78.471291,28.107319],[78.472056,28.107996],[78.473157,28.108969],[78.474556,28.110199],[78.474556,28.110199],[78.476081,28.111439],[78.476081,28.111439],[78.476082,28.111441],[78.477477,28.113057],[78.477476,28.113058],[78.477476,28.113058],[78.477476,28.113058],[78.477476,28.113058],[78.477477,28.113058],[78.477477,28.113058],[78.477477,28.113058],[78.477477,28.113058],[78.477477,28.113058],[78.477478,28.113058],[78.477478,28.113058],[78.477478,28.113058],[78.477478,28.113058],[78.477478,28.113058],[78.477478,28.113058],[78.477842,28.113132],[78.477844,28.113133],[78.478934,28.113573],[78.478934,28.113573],[78.478936,28.113573],[78.478938,28.113574],[78.479438,28.113578],[78.479439,28.113578],[78.479441,28.113578],[78.479443,28.113577],[78.479444,28.113576],[78.479445,28.113575],[78.480061,28.11293],[78.480063,28.112928],[78.480539,28.111941],[78.481079,28.110899],[78.48108,28.110897],[78.481571,28.11036],[78.481572,28.110359],[78.482468,28.109525],[78.483515,28.108487],[78.483515,28.108487],[78.484302,28.107859],[78.484303,28.107859],[78.484304,28.107858],[78.484306,28.107857],[78.484852,28.107677],[78.484855,28.107676],[78.484857,28.107676],[78.485717,28.107815],[78.48572,28.107816],[78.486473,28.108197],[78.486473,28.108197],[78.486473,28.108197],[78.486474,28.108197],[78.486474,28.108197],[78.486474,28.108197],[78.486474,28.108197],[78.486475,28.108197],[78.487458,28.10888],[78.488252,28.109411],[78.488253,28.109412],[78.488255,28.109413],[78.488526,28.109489],[78.488798,28.109566],[78.488799,28.109567],[78.488801,28.109567],[78.488802,28.109567],[78.488804,28.109566],[78.489182,28.109468],[78.489561,28.109369],[78.489563,28.109368],[78.489564,28.109368],[78.489913,28.109157],[78.490261,28.108946],[78.490262,28.108946],[78.490263,28.108945],[78.490264,28.108943],[78.490265,28.108942],[78.490265,28.108941],[78.490397,28.10846],[78.490397,28.108458],[78.490397,28.108457],[78.490326,28.107392],[78.490326,28.107392],[78.490326,28.107392],[78.490326,28.107391],[78.490326,28.107391],[78.490326,28.10739],[78.490326,28.10739],[78.490546,28.106057],[78.490547,28.106055],[78.490764,28.105406],[78.490765,28.105405],[78.490765,28.105404],[78.490766,28.105403],[78.490768,28.105402],[78.490769,28.105401],[78.492485,28.10452],[78.492486,28.10452],[78.492486,28.10452],[78.493634,28.103782],[78.493635,28.103782],[78.494764,28.102876],[78.494765,28.102875],[78.495804,28.102324],[78.495806,28.102323],[78.496744,28.10149],[78.496744,28.101489],[78.497168,28.101048],[78.497169,28.101046],[78.49717,28.101045],[78.497171,28.101043],[78.497171,28.101042],[78.497171,28.10104],[78.497072,28.100577],[78.497072,28.100577],[78.497071,28.100574],[78.496348,28.099333],[78.496348,28.099332],[78.495477,28.098108],[78.495475,28.098107],[78.494725,28.097408],[78.494724,28.097407],[78.494333,28.096769],[78.494332,28.096768],[78.494332,28.096767],[78.494332,28.096765],[78.494332,28.096765],[78.494332,28.096765],[78.494357,28.096342],[78.494358,28.096341],[78.494358,28.096339],[78.494359,28.096338],[78.49436,28.096336],[78.494361,28.096335],[78.494362,28.096334],[78.495397,28.095823],[78.495399,28.095822],[78.496771,28.095502],[78.498146,28.095159],[78.498147,28.095159],[78.498638,28.095029],[78.499552,28.094764],[78.500627,28.094578],[78.501148,28.094462],[78.501779,28.09446],[78.502834,28.094515],[78.503252,28.094459],[78.50351,28.094212],[78.503756,28.093602],[78.504157,28.092821],[78.504583,28.092107],[78.505145,28.091395],[78.50573,28.090887],[78.506255,28.090423],[78.506594,28.089799],[78.507049,28.088844],[78.507636,28.088102],[78.508585,28.087091],[78.50936,28.086381],[78.510227,28.085838],[78.510553,28.085629],[78.509909,28.085351],[78.508731,28.084834],[78.508081,28.084375],[78.507677,28.084008],[78.507513,28.083516],[78.507395,28.082623],[78.507302,28.08121],[78.507153,28.080098],[78.506991,28.079202],[78.507135,28.078791],[78.508177,28.077743],[78.509717,28.076443],[78.510835,28.075487],[78.511483,28.07476],[78.512681,28.073495],[78.514354,28.07243],[78.515367,28.071714],[78.5159,28.071266],[78.516563,28.070683],[78.518269,28.069641],[78.519306,28.069107],[78.520709,28.068508],[78.521265,28.068279],[78.521685,28.068203],[78.521951,28.067863],[78.522296,28.067511],[78.522399,28.067429],[78.521878,28.06691],[78.521305,28.066376],[78.520761,28.06554],[78.520327,28.064803],[78.519738,28.063536],[78.519468,28.062627],[78.519353,28.061554],[78.519338,28.060685],[78.519455,28.060119],[78.519676,28.059411],[78.520243,28.058283],[78.520722,28.057321],[78.52104,28.056357],[78.52151,28.056195],[78.522677,28.056161],[78.524143,28.055985],[78.524879,28.055713],[78.525892,28.054997],[78.526906,28.054153],[78.527397,28.053674],[78.528507,28.052687],[78.52965,28.051738],[78.530149,28.051312],[78.530992,28.05058],[78.531319,28.05022],[78.531475,28.049995],[78.531317,28.048958],[78.531079,28.047529],[78.530947,28.046394],[78.530943,28.043879],[78.532322,28.044579],[78.533616,28.045293],[78.534599,28.045703],[78.535952,28.04573],[78.536983,28.045596],[78.537553,28.045632],[78.537986,28.045779],[78.53845,28.046131],[78.53894,28.047103],[78.539614,28.048484],[78.540049,28.04916],[78.540353,28.049321],[78.541231,28.049254],[78.541946,28.049223],[78.542677,28.04932],[78.54333,28.049545],[78.54447,28.050326],[78.545064,28.050536],[78.545768,28.050716],[78.546132,28.050878],[78.546577,28.051441],[78.5469,28.052177],[78.547345,28.052694],[78.547743,28.052917],[78.548148,28.053208],[78.548562,28.054201],[78.548911,28.05499],[78.549827,28.055943],[78.550333,28.056348],[78.550542,28.05675],[78.550947,28.057721],[78.551358,28.058321],[78.552049,28.058864],[78.552933,28.059764],[78.553763,28.060836],[78.554566,28.062083],[78.5558,28.063612],[78.556459,28.064034],[78.557178,28.064426],[78.558145,28.064744],[78.558409,28.064716],[78.559949,28.064118],[78.561548,28.063521],[78.563586,28.062467],[78.565152,28.061741],[78.566074,28.062255],[78.566352,28.062499],[78.566523,28.062501],[78.567259,28.062137],[78.568013,28.061736],[78.569076,28.061791],[78.571169,28.061931],[78.572009,28.06215],[78.572288,28.062371],[78.572724,28.062942],[78.572855,28.063381],[78.573175,28.063686],[78.573634,28.063774],[78.574674,28.06367],[78.57603,28.063402],[78.577273,28.063429],[78.57757,28.063469],[78.578599,28.063637],[78.579245,28.06365],[78.580257,28.063182],[78.582801,28.060894],[78.581625,28.059554],[78.580407,28.058093],[78.579274,28.056633],[78.578431,28.055892],[78.577476,28.055302],[78.576578,28.054916],[78.576368,28.054695],[78.576561,28.054153],[78.576565,28.053783],[78.574674,28.051666],[78.573095,28.049801],[78.575058,28.049396],[78.576756,28.048965],[78.578617,28.048506],[78.579718,28.048274],[78.580279,28.048317],[78.581203,28.048658],[78.581978,28.048702],[78.583663,28.047985],[78.585145,28.047122],[78.587017,28.045658],[78.587784,28.044803],[78.589293,28.04314],[78.590146,28.042241],[78.590913,28.041401],[78.592021,28.041268],[78.594321,28.041099],[78.596034,28.040903],[78.597247,28.040513],[78.598963,28.040015],[78.601962,28.039021],[78.603215,28.038874],[78.604529,28.038606],[78.604925,28.038201],[78.604921,28.037808],[78.604798,28.037399],[78.604298,28.037176],[78.603159,28.037052],[78.602266,28.037007],[78.600974,28.036852],[78.598734,28.036182],[78.597964,28.03579],[78.597467,28.035295],[78.596901,28.034897],[78.595936,28.034481],[78.595248,28.034324],[78.594756,28.034191],[78.594349,28.034089],[78.593608,28.034075],[78.592457,28.034261],[78.591222,28.034356],[78.590405,28.034364],[78.589522,28.034107],[78.589159,28.033915],[78.589066,28.033816],[78.589024,28.033732],[78.589085,28.033642],[78.589707,28.033564],[78.591292,28.033405],[78.593404,28.03334],[78.595048,28.033249],[78.595406,28.033162],[78.596223,28.032414],[78.59688,28.031528],[78.597229,28.03073],[78.597423,28.030135],[78.598046,28.029219],[78.59873,28.028198],[78.599759,28.026718],[78.600663,28.02579],[78.600951,28.025492],[78.602205,28.024194],[78.603347,28.023214],[78.604036,28.022563],[78.605317,28.021328],[78.606095,28.020292],[78.607721,28.017995],[78.605652,28.016557],[78.604197,28.015713],[78.602836,28.01493],[78.602598,28.014845],[78.601619,28.01495],[78.6004,28.015113],[78.598305,28.015268],[78.597592,28.015111],[78.596327,28.014027],[78.595073,28.012845],[78.593893,28.011784],[78.594748,28.009888],[78.595099,28.008939],[78.595276,28.007588],[78.594858,28.006973],[78.594423,28.006236],[78.594144,28.005388],[78.594016,28.004676],[78.594078,28.003649],[78.59425,28.002012],[78.594101,28.000866],[78.594098,28.000848],[78.594096,28.000848],[78.594089,28.000795],[78.594221,28.000033],[78.594802,27.999311],[78.596367,27.998453],[78.596577,27.997965],[78.596397,27.997564],[78.595746,27.997195],[78.594236,27.996854],[78.593135,27.996463],[78.592037,27.995854],[78.591585,27.995142],[78.59142,27.994286],[78.591613,27.993552],[78.592101,27.99293],[78.592967,27.99232],[78.593403,27.991725],[78.593982,27.989441],[78.594963,27.987652],[78.59516,27.986527],[78.594907,27.985344],[78.595036,27.984873],[78.595775,27.984662],[78.597533,27.984624],[78.597889,27.984433],[78.598167,27.984233],[78.598722,27.983541],[78.598921,27.982666],[78.599131,27.982237],[78.599599,27.981478],[78.599663,27.981292],[78.59933,27.980858],[78.598517,27.980406],[78.597379,27.979426],[78.597011,27.978955],[78.59647,27.978378],[78.595185,27.977581],[78.594128,27.976954],[78.593703,27.976569],[78.593391,27.976094],[78.592814,27.974636],[78.591987,27.97335],[78.591493,27.972998],[78.590616,27.972736],[78.589816,27.97248],[78.587928,27.972009],[78.58744,27.971759],[78.586502,27.970606],[78.585862,27.969293],[78.583442,27.96622],[78.58146,27.964131],[78.580611,27.963215],[78.580534,27.962797],[78.582351,27.961396],[78.584965,27.959966],[78.585793,27.959084],[78.586131,27.958178],[78.585994,27.957605],[78.585855,27.957249],[78.584741,27.956213],[78.58232,27.95413],[78.576989,27.949832],[78.573098,27.9466],[78.57016,27.94477],[78.568539,27.943761],[78.567371,27.943024],[78.566773,27.942501],[78.566758,27.942101],[78.566876,27.941621],[78.568609,27.94031],[78.569858,27.939295],[78.570721,27.938958],[78.57143,27.938619],[78.572246,27.937936],[78.573611,27.936975],[78.57349,27.936449],[78.571101,27.934338],[78.569814,27.932819],[78.569373,27.931795],[78.568036,27.930235],[78.566075,27.927819],[78.563138,27.924414],[78.557924,27.919861],[78.553931,27.915856],[78.552876,27.914266],[78.552217,27.911477],[78.549459,27.909444],[78.548052,27.909625],[78.543723,27.909132],[78.539442,27.907966],[78.538296,27.908028],[78.535166,27.909907],[78.533334,27.910889],[78.532762,27.910865],[78.531,27.909387],[78.529013,27.907052],[78.528387,27.906392],[78.528371,27.906011],[78.52858,27.905631],[78.52885,27.905288],[78.529939,27.903954],[78.531464,27.902097],[78.53232,27.901515],[78.534633,27.898949],[78.53279,27.89804],[78.528849,27.896714],[78.527379,27.896473],[78.525368,27.896232],[78.523088,27.895847],[78.522642,27.895735],[78.520544,27.895206],[78.519599,27.894761],[78.519233,27.894531],[78.518996,27.893829],[78.518125,27.892295],[78.516676,27.890365],[78.514265,27.887654],[78.51302,27.885716],[78.514413,27.883725],[78.511878,27.881999],[78.511093,27.880957],[78.511825,27.879583],[78.511852,27.879038],[78.510024,27.878031],[78.50919,27.877255],[78.507296,27.875389],[78.506996,27.874787],[78.506994,27.874142],[78.50741,27.873492],[78.507665,27.872658],[78.50612,27.87199],[78.507363,27.870621],[78.508309,27.868952],[78.507687,27.868287],[78.506849,27.867984],[78.506453,27.86769],[78.506509,27.867345],[78.507095,27.867051],[78.506964,27.866859],[78.506384,27.866626],[78.505773,27.866448],[78.505237,27.866016],[78.50436,27.864954],[78.503472,27.863964],[78.50283,27.863014],[78.502249,27.862027],[78.501966,27.861734],[78.501685,27.861313],[78.501519,27.860998],[78.50102,27.860499],[78.500413,27.859957],[78.499735,27.859415],[78.49943,27.859257],[78.499012,27.85919],[78.498736,27.859169],[78.498102,27.859267],[78.497183,27.859187],[78.496557,27.858897],[78.49609,27.858679],[78.495313,27.859258],[78.494689,27.85959],[78.494273,27.859302],[78.493363,27.858458],[78.492681,27.858718],[78.491777,27.857412],[78.492267,27.856493],[78.493531,27.854479],[78.49312,27.853729],[78.494122,27.853526],[78.495045,27.853268],[78.496288,27.852977],[78.49695,27.852824],[78.49747,27.852775],[78.498111,27.852693],[78.498816,27.85252],[78.501433,27.850783],[78.503082,27.849618],[78.504401,27.848685],[78.506196,27.847267],[78.508175,27.845832],[78.51034,27.844272],[78.512481,27.842948],[78.514007,27.84189],[78.514262,27.841386],[78.511811,27.839199],[78.510739,27.838226],[78.509994,27.837292],[78.508872,27.835356],[78.50805,27.834022],[78.507799,27.833683],[78.506927,27.832276],[78.506908,27.832131],[78.507073,27.831996],[78.507977,27.831614],[78.508614,27.831356],[78.508517,27.830919],[78.508256,27.830463],[78.508413,27.830183],[78.509411,27.829611],[78.510101,27.829981],[78.511017,27.830307],[78.511774,27.830205],[78.513118,27.829827],[78.514001,27.829418],[78.514425,27.82904],[78.5145,27.82875],[78.514483,27.828618],[78.514415,27.828095],[78.514379,27.828064],[78.514051,27.827783],[78.513839,27.827554],[78.513627,27.827325],[78.513573,27.827211],[78.513539,27.826992],[78.513589,27.82672],[78.513812,27.826423],[78.51472,27.826086],[78.515478,27.825939],[78.515704,27.825809],[78.516083,27.825349],[78.51605,27.825117],[78.515951,27.824871],[78.515663,27.824537],[78.515184,27.824414],[78.514868,27.824429],[78.514108,27.824722],[78.513595,27.824917],[78.513135,27.824931],[78.512832,27.824628],[78.512837,27.824183],[78.513171,27.823641],[78.513926,27.822858],[78.513984,27.822663],[78.514043,27.822469],[78.513997,27.822014],[78.513627,27.821357],[78.513655,27.820721],[78.51405,27.820143],[78.514729,27.81975],[78.514955,27.819681],[78.515784,27.819428],[78.515942,27.819153],[78.515978,27.818671],[78.516038,27.817891],[78.515863,27.817199],[78.515574,27.816578],[78.515213,27.815994],[78.515095,27.815611],[78.515098,27.815302],[78.515349,27.814868],[78.515761,27.814582],[78.516108,27.814621],[78.516552,27.815061],[78.516996,27.81552],[78.517188,27.815703],[78.517361,27.815759],[78.517535,27.815706],[78.517793,27.815536],[78.51795,27.815202],[78.518159,27.814831],[78.518604,27.814317],[78.51874,27.814092],[78.518794,27.813856],[78.518736,27.813583],[78.518597,27.813182],[78.518207,27.81247],[78.517903,27.812172],[78.517306,27.811753],[78.516151,27.810961],[78.515585,27.810465],[78.514487,27.809128],[78.513642,27.80803],[78.512759,27.806641],[78.5119,27.805016],[78.5114,27.804066],[78.510884,27.80279],[78.510563,27.802314],[78.510361,27.802094],[78.509548,27.80176],[78.508265,27.801421],[78.506962,27.801009],[78.505681,27.80047],[78.504707,27.799952],[78.503935,27.799581],[78.502549,27.799259],[78.501609,27.799287],[78.501117,27.799427],[78.500237,27.799564],[78.49923,27.800082],[78.496677,27.801092],[78.492989,27.801719],[78.490419,27.802209],[78.488798,27.802929],[78.486958,27.80464],[78.486222,27.805662],[78.485676,27.806337],[78.484618,27.806658],[78.482194,27.807076],[78.480638,27.807484],[78.478667,27.808072],[78.476037,27.80926],[78.475262,27.809667],[78.474372,27.810136],[78.473472,27.810232],[78.472536,27.810763],[78.471693,27.811057],[78.470642,27.81084],[78.46911,27.810508],[78.467668,27.810129],[78.466564,27.809896],[78.465239,27.810105],[78.463445,27.810771],[78.462668,27.811525],[78.461743,27.81266],[78.459831,27.812752],[78.459452,27.813066],[78.460068,27.813771],[78.460533,27.813728],[78.46123,27.813751],[78.460772,27.81462],[78.460117,27.81563],[78.459627,27.81626],[78.459049,27.816779],[78.458297,27.816898],[78.457542,27.817288],[78.457038,27.817664],[78.456126,27.817719],[78.456118,27.818386],[78.457188,27.818476],[78.457327,27.818858],[78.457638,27.819671],[78.456794,27.820044],[78.45565,27.820112],[78.45441,27.820751],[78.454563,27.821324],[78.455348,27.821396],[78.456567,27.821042],[78.45726,27.821382],[78.457985,27.821977],[78.457891,27.822357],[78.457455,27.822925],[78.456913,27.823444],[78.455836,27.82383],[78.454509,27.824262],[78.454111,27.824703],[78.453137,27.825424],[78.451182,27.826786],[78.450607,27.82713],[78.450206,27.827745],[78.449966,27.828394],[78.449653,27.829137],[78.448632,27.829318],[78.447322,27.829797],[78.446586,27.830092],[78.445182,27.830952],[78.44503,27.831696],[78.444715,27.832662],[78.444252,27.833944],[78.444704,27.834949],[78.445625,27.837038],[78.445776,27.837786],[78.445642,27.838499],[78.445352,27.838878],[78.444669,27.839236],[78.444007,27.839325],[78.443097,27.839173],[78.441744,27.838842],[78.440909,27.838421],[78.439183,27.837896],[78.438237,27.837871],[78.437038,27.838018],[78.435641,27.838306],[78.432039,27.839191],[78.430123,27.839506],[78.429243,27.839894],[78.428931,27.84059],[78.428561,27.84157],[78.428142,27.842265],[78.427383,27.842924],[78.425106,27.843553],[78.423747,27.843698],[78.423277,27.844122],[78.422905,27.845246],[78.422,27.846222],[78.42137,27.846533],[78.420491,27.846842],[78.419384,27.846799],[78.418406,27.846472],[78.417045,27.845942],[78.416227,27.847125],[78.415905,27.847153],[78.415255,27.846289],[78.414888,27.845603],[78.413885,27.845815],[78.412516,27.846707],[78.410649,27.847403],[78.40848,27.847937],[78.406833,27.849416],[78.405169,27.850767],[78.404026,27.851571],[78.402835,27.851823],[78.402069,27.852607],[78.401482,27.854208],[78.400929,27.855234],[78.401552,27.857183],[78.401846,27.859537],[78.401326,27.86217],[78.400783,27.863493],[78.400191,27.864438],[78.399616,27.871412],[78.399297,27.872667],[78.397196,27.873847],[78.396321,27.874677],[78.396096,27.874947],[78.395225,27.875986],[78.394867,27.876486],[78.397009,27.877875],[78.394886,27.879245],[78.396732,27.880583],[78.394931,27.882052],[78.392215,27.883924],[78.392017,27.884061],[78.390024,27.885744],[78.389271,27.886392],[78.386632,27.885038],[78.385513,27.883875],[78.384275,27.88355],[78.383061,27.883609],[78.380967,27.882581],[78.379002,27.882201],[78.377464,27.882114],[78.3769,27.881916],[78.375387,27.88202],[78.374978,27.882304],[78.374061,27.881191],[78.375298,27.880496],[78.374473,27.879636],[78.373749,27.879257],[78.373198,27.879072],[78.372507,27.878287],[78.371478,27.877411],[78.370356,27.875444],[78.36996,27.874792],[78.370863,27.873842],[78.371657,27.872987],[78.371767,27.872868],[78.371601,27.872123],[78.371173,27.871806],[78.370475,27.871487],[78.369778,27.871144],[78.369239,27.871103],[78.36879,27.871338],[78.369161,27.871894],[78.369562,27.872186],[78.369245,27.872734],[78.368847,27.873234],[78.36849,27.873674],[78.367913,27.873392],[78.366923,27.872648],[78.366299,27.871984],[78.36567,27.870467],[78.365319,27.869564],[78.365318,27.869564],[78.365318,27.869563],[78.363984,27.868374],[78.36319,27.867119],[78.362381,27.866031],[78.363021,27.865654],[78.363739,27.865445],[78.364158,27.865329],[78.364166,27.864754],[78.364052,27.864165],[78.363963,27.863732],[78.363337,27.86309],[78.362803,27.863744],[78.362743,27.864175],[78.36209,27.8646],[78.361577,27.864595],[78.360974,27.864217],[78.360459,27.86444],[78.360505,27.865004],[78.360241,27.865589],[78.35948,27.865989],[78.358922,27.866355],[78.357534,27.866233],[78.35659,27.866175],[78.356055,27.866769],[78.355703,27.866909],[78.355263,27.866485],[78.354737,27.865424],[78.353468,27.866442],[78.352611,27.866961],[78.351878,27.867313],[78.35033,27.868029],[78.349259,27.867358],[78.349898,27.866993],[78.350564,27.866628],[78.351298,27.86624],[78.351035,27.865709],[78.350222,27.865989],[78.349615,27.86597],[78.348955,27.865844],[78.347641,27.866226],[78.34663,27.865076],[78.346053,27.863834],[78.345747,27.863471],[78.344811,27.863845],[78.34396,27.863908],[78.343679,27.863762],[78.342774,27.863764],[78.342257,27.864083],[78.341538,27.864631],[78.340606,27.864473],[78.339808,27.864549],[78.338959,27.864516],[78.338447,27.864438],[78.337951,27.864205],[78.337322,27.863755],[78.336641,27.863232],[78.335991,27.86235],[78.33552,27.861253],[78.335204,27.860626],[78.334223,27.861348],[78.335117,27.862149],[78.335439,27.863315],[78.335512,27.863892],[78.334956,27.864078],[78.334187,27.86407],[78.33358,27.864052],[78.332541,27.864029],[78.332027,27.863124],[78.331698,27.862509],[78.331505,27.861775],[78.331334,27.861401],[78.330442,27.861512],[78.329951,27.861938],[78.32933,27.861944],[78.327858,27.861988],[78.326416,27.861817],[78.325614,27.861281],[78.325002,27.860603],[78.324277,27.860367],[78.323834,27.860195],[78.323075,27.860391],[78.32273,27.860987],[78.323625,27.861656],[78.324424,27.86248],[78.323096,27.862874],[78.322014,27.863018],[78.320921,27.86303],[78.319764,27.862778],[78.31899,27.862074],[78.318175,27.861466],[78.317447,27.861446],[78.316819,27.861991],[78.316875,27.862796],[78.316876,27.863743],[78.315359,27.864135],[78.314386,27.864244],[78.313111,27.864735],[78.312257,27.865037],[78.311565,27.865306],[78.310354,27.865041],[78.309591,27.865561],[78.308785,27.865992],[78.30777,27.866441],[78.307226,27.866807],[78.306737,27.867977],[78.306023,27.867897],[78.304838,27.867717],[78.304285,27.867675],[78.304414,27.868156],[78.304242,27.868886],[78.303787,27.869589],[78.302935,27.869712],[78.302058,27.869666],[78.301559,27.869625],[78.299657,27.869616],[78.299085,27.869994],[78.298435,27.870143],[78.297803,27.869932],[78.298337,27.869374],[78.298666,27.869018],[78.29862,27.868406],[78.298291,27.867815],[78.297522,27.866787],[78.297005,27.866134],[78.296506,27.865097],[78.295509,27.864942],[78.294833,27.865079],[78.294364,27.864774],[78.294343,27.864366],[78.294123,27.86368],[78.293897,27.86339],[78.293223,27.863394],[78.292628,27.863412],[78.292098,27.863742],[78.291821,27.864219],[78.29129,27.865181],[78.290825,27.864016],[78.290028,27.863108],[78.289251,27.862668],[78.288213,27.862621],[78.286294,27.86326],[78.284751,27.863603],[78.281836,27.863619],[78.280676,27.863511],[78.280326,27.863507],[78.279779,27.863981],[78.279444,27.864793],[78.279297,27.865655],[78.278769,27.866776],[78.278407,27.867612],[78.277143,27.869205],[78.276111,27.86965],[78.27494,27.870453],[78.273687,27.871231],[78.273029,27.871991],[78.272725,27.872492],[78.272449,27.872921],[78.273203,27.873073],[78.274605,27.873184],[78.275413,27.873313],[78.276186,27.873993],[78.2758,27.874588],[78.274933,27.874867],[78.274339,27.87486],[78.273531,27.874707],[78.272669,27.874602],[78.272367,27.874959],[78.272918,27.876092],[78.273935,27.876751],[78.274228,27.877042],[78.273656,27.877395],[78.272756,27.878081],[78.272582,27.878919],[78.273109,27.879908],[78.273979,27.881381],[78.273493,27.8814],[78.272268,27.882106],[78.272341,27.882682],[78.272922,27.883672],[78.273903,27.88493],[78.274573,27.885297],[78.274922,27.885445],[78.275275,27.885281],[78.275919,27.8856],[78.276264,27.887591],[78.275317,27.888088],[78.274566,27.887792],[78.274003,27.88745],[78.272358,27.887336],[78.271732,27.887689],[78.271215,27.888019],[78.270939,27.888472],[78.27169,27.888792],[78.273013,27.888807],[78.273568,27.889652],[78.273607,27.890756],[78.273626,27.891356],[78.274524,27.892757],[78.274463,27.895275],[78.274264,27.895968],[78.274662,27.8965],[78.275786,27.897184],[78.276609,27.898201],[78.275934,27.898241],[78.274769,27.898492],[78.274207,27.898151],[78.274089,27.898893],[78.273397,27.898142],[78.27291,27.898232],[78.272367,27.898466],[78.271793,27.898964],[78.271588,27.900137],[78.271698,27.901889],[78.271477,27.902629],[78.270764,27.903054],[78.26994,27.904077],[78.269582,27.904553],[78.269199,27.904956],[78.268016,27.90456],[78.267516,27.905586],[78.266842,27.907449],[78.266754,27.907781],[78.266709,27.907947],[78.266529,27.908621],[78.266736,27.909295],[78.265882,27.910533],[78.266796,27.910783],[78.267645,27.911895],[78.26688,27.912511],[78.265518,27.913407],[78.265242,27.913836],[78.265366,27.914605],[78.265838,27.915594],[78.266305,27.915047],[78.266662,27.914643],[78.267226,27.914817],[78.267241,27.915681],[78.267171,27.91688],[78.266279,27.916942],[78.265327,27.917435],[78.264808,27.917861],[78.265016,27.918439],[78.266008,27.918954],[78.267077,27.919733],[78.268137,27.920862],[78.266532,27.920135],[78.264892,27.919565],[78.264012,27.920755],[78.263539,27.921709],[78.262206,27.922414],[78.261635,27.92272],[78.260586,27.924363],[78.259468,27.925118],[78.258225,27.925177],[78.257357,27.925455],[78.256948,27.925762],[78.257101,27.926364],[78.257224,27.927253],[78.256198,27.927217],[78.255637,27.926779],[78.254374,27.928325],[78.25363,27.929372],[78.253617,27.930259],[78.25457,27.929742],[78.25486,27.930225],[78.255144,27.931187],[78.254736,27.932601],[78.254223,27.933312],[78.253516,27.933664],[78.252894,27.933729],[78.252299,27.933795],[78.253199,27.935052],[78.252733,27.935574],[78.251453,27.936352],[78.250879,27.936801],[78.251886,27.938179],[78.2515,27.938799],[78.250538,27.938021],[78.249805,27.938324],[78.249409,27.937648],[78.249261,27.936639],[78.249161,27.936063],[78.248669,27.936024],[78.248486,27.935993],[78.248224,27.935966],[78.248013,27.935948],[78.247665,27.935826],[78.247434,27.935984],[78.247287,27.93621],[78.247246,27.936525],[78.247025,27.936668],[78.246784,27.936668],[78.246489,27.93663],[78.246299,27.936406],[78.246121,27.935818],[78.24592,27.935621],[78.245526,27.935863],[78.245452,27.935563],[78.245432,27.935301],[78.245244,27.93492],[78.245013,27.934798],[78.244675,27.935182],[78.244307,27.935498],[78.244066,27.935498],[78.243677,27.935519],[78.2431,27.935555],[78.242313,27.935447],[78.242044,27.935743],[78.241876,27.936004],[78.241709,27.93639],[78.241778,27.937074],[78.241877,27.937529],[78.24171,27.937949],[78.241636,27.938267],[78.24173,27.938928],[78.242114,27.939386],[78.2417,27.939645],[78.241479,27.939804],[78.241175,27.940113],[78.240464,27.9409],[78.239951,27.941683],[78.239583,27.941433],[78.239006,27.941144],[78.238754,27.941284],[78.238066,27.941943],[78.237406,27.942587],[78.237018,27.942903],[78.236578,27.943268],[78.23573,27.943636],[78.235418,27.944038],[78.235029,27.94455],[78.234651,27.944029],[78.234305,27.944029],[78.231059,27.945679],[78.23066,27.945316],[78.230241,27.944804],[78.23066,27.943945],[78.229496,27.942846],[78.228962,27.943314],[78.228647,27.943629],[78.228091,27.944365],[78.228585,27.945371],[78.227632,27.945649],[78.226982,27.944896],[78.226667,27.944997],[78.22577,27.94548],[78.226126,27.946281],[78.225874,27.946448],[78.225151,27.946877],[78.224815,27.947026],[78.224574,27.947175],[78.224188,27.947389],[78.223495,27.947698],[78.223548,27.948066],[78.225037,27.948756],[78.225416,27.949027],[78.22508,27.949137],[78.224806,27.949158],[78.224417,27.949223],[78.223864,27.949429],[78.223747,27.949688],[78.223706,27.950051],[78.225637,27.950983],[78.225386,27.95128],[78.224934,27.951391],[78.223887,27.951603],[78.223783,27.952407],[78.223741,27.953884],[78.223332,27.953744],[78.223207,27.953819],[78.222869,27.954248],[78.222714,27.954554],[78.223416,27.954723],[78.223889,27.956851],[78.22392,27.957139],[78.223668,27.957243],[78.223333,27.957252],[78.223051,27.957252],[78.222339,27.957334],[78.221628,27.957519],[78.221018,27.957837],[78.220002,27.958602],[78.220411,27.958835],[78.221847,27.959653],[78.224688,27.960873],[78.224373,27.961153],[78.224142,27.961338],[78.223649,27.962224],[78.223377,27.96213],[78.222079,27.961284],[78.221408,27.960959],[78.221103,27.961248],[78.22106,27.961478],[78.22102,27.962476],[78.221271,27.963229],[78.221701,27.963691],[78.221899,27.963971],[78.222529,27.963971],[78.222832,27.963941],[78.222832,27.964546],[78.222718,27.964975],[78.222853,27.965787],[78.222825,27.966349],[78.222218,27.967005],[78.221756,27.967479],[78.221369,27.967554],[78.221169,27.967509],[78.221034,27.967387],[78.221704,27.965988],[78.221295,27.965602],[78.220937,27.965625],[78.220246,27.96569],[78.220142,27.966119],[78.220142,27.966455],[78.220183,27.966884],[78.220173,27.967265],[78.220226,27.968093],[78.219924,27.968084],[78.219545,27.967906],[78.218938,27.967674],[78.218003,27.967302],[78.217533,27.967302],[78.216943,27.967338],[78.216809,27.967582],[78.21705,27.967776],[78.21751,27.968094],[78.218486,27.968335],[78.218664,27.968669],[78.218529,27.968939],[78.218097,27.969395],[78.217711,27.969946],[78.217658,27.970309],[78.216982,27.970537],[78.216205,27.970327],[78.214494,27.969944],[78.214042,27.970149],[78.213016,27.970793],[78.212459,27.971174],[78.212302,27.9714],[78.211987,27.971585],[78.210584,27.972422],[78.209967,27.972824],[78.209924,27.97311],[78.209723,27.973372],[78.209431,27.973464],[78.208989,27.973753],[78.208125,27.974376],[78.206865,27.975109],[78.207139,27.975734],[78.207414,27.976352],[78.206136,27.977602],[78.204815,27.97873],[78.20453,27.978814],[78.204332,27.978582],[78.203923,27.977772],[78.203282,27.97709],[78.20255,27.976653],[78.202027,27.976867],[78.201702,27.977156],[78.200312,27.978354],[78.199964,27.978675],[78.199367,27.979128],[78.19895,27.97964],[78.1988,27.980006],[78.197952,27.982144],[78.197687,27.983159],[78.197093,27.984962],[78.197103,27.984685],[78.197009,27.983886],[78.196915,27.98332],[78.196526,27.98302],[78.195949,27.982826],[78.194765,27.982796],[78.193987,27.982675],[78.193937,27.982826],[78.194094,27.983243],[78.194114,27.983719],[78.194282,27.984055],[78.194343,27.984998],[78.194219,27.985325],[78.193965,27.985587],[78.193713,27.985847],[78.1932,27.986126],[78.192864,27.986519],[78.193421,27.987096],[78.193779,27.987708],[78.193802,27.987922],[78.193749,27.988315],[78.193454,27.988723],[78.193739,27.98919],[78.194125,27.98942],[78.19488,27.99023],[78.195144,27.990006],[78.196936,27.989402],[78.196989,27.989447],[78.197009,27.989745],[78.196768,27.989941],[78.196161,27.990435],[78.195668,27.990733],[78.195647,27.991013],[78.195815,27.991383],[78.196204,27.991737],[78.197292,27.992955],[78.198342,27.994044],[78.198901,27.994319],[78.198906,27.994322],[78.19857,27.995012],[78.198423,27.99531],[78.198057,27.995813],[78.198004,27.996271],[78.198047,27.997209],[78.198057,27.998576],[78.198182,27.99947],[78.198068,27.999553],[78.197867,27.999601],[78.197458,27.99963],[78.197049,27.999648],[78.196451,27.999714],[78.195991,27.999919],[78.195727,28.000117],[78.194492,28.000353],[78.194135,28.000582],[78.194107,28.0006],[78.19408,28.0006],[78.194026,28.000635],[78.193421,28.001064],[78.192804,28.001632],[78.192845,28.00219],[78.193212,28.002595],[78.193549,28.003069],[78.195011,28.003103],[78.195241,28.003524],[78.19552,28.003902],[78.19524,28.004239],[78.194966,28.004855],[78.194408,28.005476],[78.195167,28.005911],[78.195715,28.006057],[78.196036,28.005555],[78.196444,28.005211],[78.197322,28.004925],[78.197872,28.004931],[78.198072,28.005352],[78.198351,28.006418],[78.198557,28.0071],[78.199427,28.00738],[78.199831,28.007986],[78.200166,28.0086],[78.200947,28.008914],[78.201455,28.009077],[78.201261,28.009615],[78.200903,28.009881],[78.200936,28.010334],[78.200839,28.010969],[78.201245,28.011357],[78.201994,28.011218],[78.201993,28.011932],[78.20247,28.012225],[78.203338,28.012645],[78.204062,28.012871],[78.205043,28.012943],[78.20572,28.012977],[78.206152,28.013609],[78.206166,28.014054],[78.206108,28.01468],[78.206021,28.015228],[78.206521,28.015278],[78.207539,28.014853],[78.208251,28.014478],[78.209063,28.014043],[78.208993,28.013441],[78.208655,28.013001],[78.209199,28.012737],[78.209878,28.012658],[78.210741,28.012693],[78.211244,28.012603],[78.211907,28.012192],[78.212257,28.012458],[78.213017,28.012876],[78.213334,28.01335],[78.214361,28.013667],[78.214972,28.01417],[78.215691,28.014736],[78.216733,28.015306],[78.217144,28.015423],[78.217523,28.015053],[78.217401,28.014633],[78.217265,28.013874],[78.218012,28.013777],[78.219393,28.014019],[78.220325,28.014135],[78.220713,28.013755],[78.220948,28.013087],[78.221468,28.012465],[78.222052,28.012115],[78.222782,28.011905],[78.223521,28.011739],[78.224272,28.012035],[78.224778,28.01238],[78.225378,28.013032],[78.225896,28.013212],[78.226472,28.012704],[78.226436,28.011806],[78.226691,28.011129],[78.227709,28.010644],[78.228263,28.010371],[78.228799,28.009994],[78.22955,28.009654],[78.230149,28.009608],[78.230445,28.01023],[78.230535,28.010841],[78.230443,28.011067],[78.229721,28.011451],[78.230115,28.012039],[78.23094,28.012057],[78.231456,28.012316],[78.231319,28.012976],[78.231831,28.013627],[78.232034,28.014553],[78.232286,28.015479],[78.233135,28.016543],[78.2337,28.016829],[78.234732,28.017511],[78.235363,28.018023],[78.236296,28.018705],[78.236651,28.019267],[78.236573,28.019954],[78.235427,28.021092],[78.235321,28.021692],[78.23548,28.022199],[78.23621,28.02341],[78.237238,28.024319],[78.237563,28.024959],[78.237855,28.025842],[78.238216,28.025968],[78.239128,28.026074],[78.240269,28.025947],[78.240776,28.026188],[78.240859,28.026599],[78.241066,28.027237],[78.240981,28.027733],[78.241001,28.028369],[78.240835,28.028995],[78.24119,28.029574],[78.241771,28.029467],[78.242388,28.028899],[78.243205,28.028751],[78.243801,28.029002],[78.24399,28.029535],[78.244178,28.030156],[78.24436,28.031117],[78.24435,28.031892],[78.243321,28.03168],[78.242397,28.031792],[78.242376,28.032567],[78.24271,28.033931],[78.242025,28.034481],[78.241587,28.03492],[78.241488,28.035651],[78.242191,28.03592],[78.243254,28.036481],[78.24413,28.037049],[78.244356,28.037713],[78.244025,28.038233],[78.243469,28.038671],[78.242661,28.03881],[78.242486,28.039401],[78.24261,28.039664],[78.243472,28.039804],[78.244397,28.039727],[78.245258,28.039954],[78.24641,28.04042],[78.247029,28.040436],[78.24771,28.040217],[78.248319,28.040154],[78.248744,28.040664],[78.249422,28.041394],[78.249807,28.041948],[78.25018,28.042666],[78.250512,28.043489],[78.250864,28.044338],[78.251195,28.045222],[78.25128,28.046147],[78.251074,28.046842],[78.250622,28.046837],[78.249729,28.046801],[78.248479,28.046987],[78.248102,28.047245],[78.248355,28.048101],[78.248857,28.048734],[78.249428,28.049377],[78.249134,28.050036],[78.248277,28.050872],[78.247317,28.051436],[78.247203,28.051139],[78.247256,28.05086],[78.247617,28.050298],[78.248068,28.049693],[78.247963,28.049457],[78.247461,28.049538],[78.246592,28.04986],[78.246201,28.04976],[78.246079,28.049296],[78.245673,28.048891],[78.245131,28.049007],[78.244478,28.049305],[78.243681,28.049435],[78.243082,28.049385],[78.241892,28.049538],[78.241003,28.049885],[78.240113,28.049631],[78.238868,28.049408],[78.238119,28.049574],[78.237492,28.049454],[78.237329,28.049234],[78.236918,28.048419],[78.236165,28.048132],[78.235453,28.048525],[78.235188,28.04915],[78.235277,28.049822],[78.234915,28.050401],[78.233263,28.04918],[78.232579,28.048894],[78.232164,28.049098],[78.232274,28.049623],[78.23261,28.050228],[78.233022,28.050912],[78.233427,28.052163],[78.232996,28.052079],[78.232244,28.051749],[78.231406,28.051295],[78.230614,28.051051],[78.229926,28.051043],[78.229884,28.051269],[78.230134,28.051638],[78.230609,28.052088],[78.231234,28.052347],[78.23177,28.052615],[78.232266,28.052969],[78.232302,28.053231],[78.232337,28.053501],[78.232187,28.053709],[78.231852,28.053801],[78.231535,28.053954],[78.231266,28.054273],[78.231354,28.05498],[78.231134,28.055239],[78.230789,28.055305],[78.230466,28.055267],[78.229889,28.055042],[78.229215,28.054808],[78.228451,28.054634],[78.227539,28.054502],[78.227204,28.054577],[78.226956,28.054774],[78.226914,28.054948],[78.227,28.055115],[78.227322,28.055293],[78.227712,28.055497],[78.227737,28.055846],[78.227636,28.055993],[78.226997,28.056038],[78.226395,28.056241],[78.226038,28.056481],[78.226192,28.056718],[78.226715,28.057194],[78.2268,28.057483],[78.226753,28.057988],[78.226466,28.058167],[78.22612,28.058286],[78.225687,28.058385],[78.225321,28.058547],[78.22509,28.058902],[78.225114,28.059259],[78.224855,28.059509],[78.224761,28.059944],[78.224561,28.060168],[78.224225,28.060304],[78.223749,28.060629],[78.223232,28.061094],[78.2232,28.061948],[78.223055,28.062469],[78.222302,28.062914],[78.221408,28.062207],[78.221042,28.063074],[78.221028,28.064119],[78.220685,28.064726],[78.220384,28.065193],[78.219858,28.066233],[78.219265,28.067829],[78.219697,28.069228],[78.22022,28.069774],[78.219859,28.070328],[78.21932,28.07088],[78.218993,28.071782],[78.219438,28.072275],[78.220332,28.07293],[78.22072,28.073335],[78.22061,28.074136],[78.220287,28.074725],[78.219362,28.074836],[78.216946,28.074774],[78.216198,28.074888],[78.215703,28.075127],[78.215204,28.075696],[78.215589,28.076241],[78.216495,28.076129],[78.216943,28.076378],[78.217051,28.077059],[78.217117,28.077931],[78.216879,28.078137],[78.216505,28.078168],[78.215448,28.077842],[78.214834,28.078219],[78.214608,28.078913],[78.214735,28.079664],[78.215174,28.080558],[78.214989,28.081079],[78.214265,28.080931],[78.213326,28.080607],[78.212752,28.080897],[78.213193,28.081634],[78.213952,28.082183],[78.214651,28.082783],[78.216072,28.08374],[78.21638,28.084144],[78.215527,28.084727],[78.215185,28.085264],[78.214727,28.085677],[78.214231,28.086037],[78.213602,28.086013],[78.212851,28.08637],[78.212461,28.087533],[78.212066,28.088993],[78.211509,28.08951],[78.210896,28.089729],[78.209794,28.089856],[78.209357,28.090182],[78.209215,28.090477],[78.209349,28.090775],[78.209615,28.091405],[78.209883,28.091879],[78.211189,28.092643],[78.211642,28.092561],[78.21194,28.092338],[78.212795,28.091615],[78.213203,28.091934],[78.213252,28.092649],[78.213127,28.093501],[78.213382,28.094306],[78.213985,28.095541],[78.213964,28.097021],[78.214785,28.097943],[78.216016,28.09876],[78.218289,28.099997],[78.22099,28.101035],[78.221856,28.101328],[78.222672,28.101353],[78.224236,28.10126],[78.224859,28.101126],[78.224934,28.100827],[78.228255,28.103273],[78.227357,28.104019],[78.227155,28.105716],[78.226432,28.10659],[78.227485,28.107515],[78.226287,28.108115],[78.226998,28.109257],[78.226938,28.109744],[78.230154,28.11085],[78.232395,28.111804],[78.233362,28.112476],[78.233983,28.112514],[78.235659,28.111982],[78.23717,28.111841],[78.239603,28.111837],[78.242178,28.111802],[78.245364,28.111208],[78.246831,28.110405],[78.248137,28.10968],[78.248602,28.10913],[78.249703,28.108232],[78.249711,28.10823],[78.249719,28.108233],[78.250125,28.108715],[78.250126,28.108715],[78.250127,28.108716],[78.250128,28.108717],[78.250129,28.108717],[78.250377,28.108831],[78.250378,28.108831],[78.25038,28.108833],[78.25038,28.108833],[78.250878,28.109305],[78.250879,28.109305],[78.251353,28.109681],[78.251359,28.109683],[78.251365,28.109682],[78.251996,28.109392],[78.252862,28.109011],[78.252862,28.109011],[78.252863,28.10901],[78.252865,28.10901],[78.252867,28.10901],[78.252868,28.10901],[78.25287,28.10901],[78.252871,28.109011],[78.253449,28.109287],[78.253449,28.109287],[78.25345,28.109288],[78.25345,28.109288],[78.25345,28.109288],[78.253451,28.109288],[78.253743,28.109478],[78.253743,28.109478],[78.254537,28.109954],[78.254539,28.109956],[78.255035,28.110558],[78.255035,28.110558],[78.255036,28.110559],[78.255038,28.11056],[78.255039,28.11056],[78.255832,28.110886],[78.255832,28.110886],[78.255835,28.110887],[78.255835,28.110887],[78.25676,28.111009],[78.256761,28.111009],[78.256761,28.111009],[78.257766,28.1113],[78.257767,28.1113],[78.257768,28.111301],[78.25777,28.111302],[78.257771,28.111303],[78.257772,28.111303],[78.258077,28.111692],[78.258078,28.111697],[78.258076,28.111703],[78.257632,28.112233],[78.257631,28.112234],[78.25763,28.112235],[78.25763,28.112237],[78.25763,28.112238],[78.257534,28.113094],[78.257534,28.113094],[78.257534,28.113097],[78.257534,28.113097],[78.257756,28.113808],[78.257756,28.113808],[78.257756,28.11381],[78.257827,28.114745],[78.257827,28.114747],[78.257827,28.114747],[78.258048,28.115436],[78.258048,28.115436],[78.258048,28.115437],[78.258049,28.115438],[78.25805,28.115439],[78.258051,28.11544],[78.258053,28.115441],[78.258054,28.115442],[78.258055,28.115442],[78.259375,28.115755],[78.259375,28.115755],[78.260004,28.115874],[78.260004,28.115874],[78.260006,28.115874],[78.260008,28.115874],[78.260009,28.115874],[78.261288,28.115608],[78.261289,28.115608],[78.262409,28.115433],[78.26241,28.115433],[78.263567,28.115445],[78.263568,28.115445],[78.263573,28.115447],[78.264554,28.11598],[78.264556,28.115981],[78.265417,28.116177],[78.265418,28.116177],[78.265418,28.116177],[78.265419,28.116177],[78.266322,28.116224],[78.266322,28.116224],[78.266323,28.116224],[78.266325,28.116225],[78.266326,28.116225],[78.266327,28.116226],[78.266327,28.116226],[78.267165,28.116747],[78.26758,28.117005],[78.268945,28.117898],[78.269001,28.117879],[78.270062,28.11752],[78.270065,28.117519],[78.270065,28.117519],[78.271118,28.117437],[78.271118,28.117437],[78.27112,28.117437],[78.271122,28.117436],[78.271122,28.117436],[78.271123,28.117436],[78.2718,28.117015],[78.2718,28.117015],[78.271801,28.117015],[78.271802,28.117014],[78.271803,28.117014],[78.272519,28.116867],[78.272669,28.116836],[78.272669,28.116836],[78.27267,28.116836],[78.27267,28.116836],[78.273889,28.116373],[78.273889,28.116373],[78.27389,28.116372],[78.273891,28.116372],[78.273892,28.11637],[78.273893,28.116369],[78.273894,28.116368],[78.273895,28.116366],[78.27414,28.115326],[78.27414,28.115326],[78.27414,28.115326],[78.27414,28.115324],[78.274164,28.113607],[78.274164,28.113606],[78.274164,28.113604],[78.274165,28.113603],[78.274166,28.113601],[78.274167,28.113601],[78.274612,28.113253],[78.274612,28.113252],[78.275355,28.112738],[78.275355,28.112738],[78.275357,28.112737],[78.275358,28.112736],[78.275359,28.112734],[78.275359,28.112733],[78.275558,28.112111],[78.275797,28.111363],[78.275797,28.111363],[78.275798,28.111361],[78.275799,28.11136],[78.2758,28.111359],[78.275801,28.111358],[78.275801,28.111358],[78.275803,28.111357],[78.275805,28.111357],[78.275807,28.111357],[78.275808,28.111357],[78.275808,28.111357],[78.276536,28.111439],[78.276538,28.111439],[78.277839,28.111827],[78.27784,28.111827],[78.27784,28.111827],[78.277841,28.111827],[78.278912,28.112007],[78.278912,28.112007],[78.278915,28.112008],[78.279811,28.112464],[78.280879,28.112999],[78.280882,28.113],[78.281847,28.113198],[78.281847,28.113198],[78.281849,28.113198],[78.284166,28.113279],[78.284166,28.113279],[78.284167,28.113279],[78.284169,28.113279],[78.284171,28.11328],[78.284171,28.11328],[78.285341,28.113966],[78.285342,28.113966],[78.287014,28.114862],[78.287015,28.114862],[78.287016,28.114863],[78.287017,28.114864],[78.287018,28.114865],[78.287019,28.114866],[78.287147,28.115182],[78.28719,28.115289],[78.287191,28.11529],[78.287192,28.115292],[78.287192,28.115292],[78.287193,28.115292],[78.287941,28.11601],[78.287941,28.11601],[78.290481,28.118148],[78.290482,28.118149],[78.290483,28.11815],[78.290485,28.11815],[78.290487,28.118151],[78.290488,28.118151],[78.290489,28.118151],[78.29049,28.118151],[78.290492,28.11815],[78.290494,28.11815],[78.291039,28.117879],[78.291039,28.117879],[78.29104,28.117877],[78.291742,28.117325],[78.291745,28.117323],[78.292304,28.116433],[78.292306,28.116431],[78.293563,28.115434],[78.293564,28.115434],[78.293991,28.115032],[78.294289,28.114751],[78.294289,28.114751],[78.29429,28.114749],[78.294291,28.114748],[78.294291,28.114747],[78.294479,28.114183],[78.294532,28.114023],[78.294533,28.114021],[78.294808,28.113601],[78.294809,28.1136],[78.294811,28.113599],[78.294812,28.113598],[78.294814,28.113597],[78.294814,28.113597],[78.294816,28.113597],[78.294817,28.113597],[78.294819,28.113597],[78.294821,28.113597],[78.294821,28.113598],[78.295293,28.113786],[78.295294,28.113786],[78.295295,28.113787],[78.295297,28.113788],[78.295297,28.113789],[78.295297,28.113789],[78.295644,28.114291],[78.295646,28.114296],[78.295645,28.1143],[78.295349,28.114793],[78.295884,28.11536],[78.295884,28.115361],[78.295884,28.115361],[78.29697,28.116177],[78.296972,28.116179],[78.296998,28.116215],[78.297788,28.117265],[78.297833,28.117231],[78.298164,28.116976],[78.298164,28.116976],[78.298632,28.116461],[78.298632,28.116461],[78.298634,28.11646],[78.298635,28.116459],[78.298637,28.116458],[78.298638,28.116458],[78.298639,28.116458],[78.299158,28.116426],[78.299159,28.116426],[78.299161,28.116426],[78.299163,28.116427],[78.299164,28.116428],[78.299166,28.116428],[78.299166,28.116429],[78.299411,28.116652],[78.299412,28.116652],[78.299413,28.116653],[78.299414,28.116655],[78.299414,28.116656],[78.299557,28.117125],[78.299647,28.117189],[78.299847,28.117331],[78.299847,28.117332],[78.300497,28.117676],[78.301963,28.11844],[78.301965,28.118441],[78.303795,28.119766],[78.303795,28.119766],[78.303795,28.119766],[78.303797,28.119767],[78.304511,28.120501],[78.304586,28.120579],[78.305361,28.121169],[78.305361,28.121169],[78.306511,28.121779],[78.306514,28.121781],[78.308021,28.123192],[78.308368,28.122812],[78.308371,28.12281],[78.310028,28.121836],[78.310028,28.121836],[78.310029,28.121836],[78.311448,28.121235],[78.311449,28.121234],[78.311451,28.121234],[78.311452,28.121234],[78.311455,28.121234],[78.312369,28.121466],[78.312377,28.121468],[78.312392,28.121472],[78.313172,28.1217],[78.313172,28.1217],[78.313174,28.121701],[78.313175,28.121702],[78.313177,28.121703],[78.313178,28.121704],[78.313178,28.121704],[78.313631,28.122418],[78.313637,28.122423],[78.31428,28.123042],[78.315347,28.123221],[78.315349,28.123221],[78.315351,28.123222],[78.315352,28.123223],[78.315353,28.123224],[78.316176,28.12401],[78.316177,28.12401],[78.316178,28.124011],[78.316178,28.124013],[78.316179,28.124014],[78.316179,28.124016],[78.316192,28.124707],[78.316564,28.125195],[78.316564,28.125196],[78.316564,28.125196],[78.317204,28.126308],[78.317204,28.126308],[78.317763,28.126834],[78.317763,28.126834],[78.317764,28.126835],[78.317765,28.126836],[78.317765,28.126838],[78.317766,28.126839],[78.317766,28.126841],[78.317766,28.126841],[78.317719,28.12781],[78.317536,28.128284],[78.317535,28.128286],[78.317535,28.128287],[78.317535,28.128289],[78.317536,28.12829],[78.317536,28.128292],[78.317537,28.128292],[78.317537,28.128292],[78.317743,28.128554],[78.317743,28.128554],[78.317743,28.128555],[78.3181,28.128898],[78.3181,28.128898],[78.3181,28.128898],[78.318581,28.129392],[78.318581,28.129392],[78.318583,28.129394],[78.318583,28.129394],[78.319298,28.129815],[78.319298,28.129815],[78.319298,28.129815],[78.3193,28.129816],[78.3193,28.129816],[78.320019,28.130012],[78.32002,28.130012],[78.320803,28.130171],[78.320803,28.130171],[78.320804,28.130171],[78.321628,28.130443],[78.321628,28.130443],[78.321631,28.130444],[78.322519,28.13049],[78.32252,28.13049],[78.322522,28.13049],[78.322523,28.13049],[78.322523,28.13049],[78.323311,28.130235],[78.323312,28.130235],[78.323927,28.13],[78.323933,28.129997],[78.324521,28.129506],[78.324521,28.129506],[78.324523,28.129504],[78.324523,28.129504],[78.324951,28.128803],[78.324951,28.128803],[78.324952,28.128801],[78.324954,28.1288],[78.324955,28.128799],[78.324957,28.128799],[78.324959,28.128798],[78.32496,28.128798],[78.32496,28.128798],[78.325371,28.128802],[78.325371,28.128802],[78.325373,28.128803],[78.325375,28.128803],[78.325376,28.128804],[78.325378,28.128805],[78.325379,28.128806],[78.325379,28.128806],[78.32579,28.129311],[78.325791,28.129312],[78.325792,28.129313],[78.325792,28.129314],[78.326011,28.130231],[78.326011,28.130231],[78.326012,28.130232],[78.326012,28.130232],[78.326012,28.130233],[78.326524,28.131322],[78.326524,28.131322],[78.326525,28.131324],[78.326525,28.131324],[78.32719,28.132079],[78.32719,28.132079],[78.328373,28.133532],[78.328374,28.133532],[78.328374,28.133532],[78.328374,28.133533],[78.328374,28.133533],[78.328374,28.133533],[78.328374,28.133533],[78.328374,28.133533],[78.328704,28.134098],[78.328704,28.134098],[78.329506,28.135312],[78.329507,28.135313],[78.329508,28.135314],[78.329509,28.135315],[78.329509,28.135315],[78.330552,28.135866],[78.330553,28.135867],[78.330554,28.135868],[78.330555,28.135869],[78.330556,28.13587],[78.330556,28.135871],[78.330556,28.135871],[78.330717,28.136355],[78.330717,28.136355],[78.330718,28.136357],[78.331172,28.136996],[78.331172,28.136996],[78.331173,28.136996],[78.331173,28.136997],[78.331174,28.136999],[78.331174,28.136999],[78.331351,28.137858],[78.331352,28.137858],[78.331352,28.13786],[78.331351,28.137862],[78.331351,28.137862],[78.331351,28.137862],[78.331219,28.138363],[78.331219,28.138365],[78.331219,28.138365],[78.331232,28.138944],[78.331232,28.138945],[78.331172,28.14025],[78.331172,28.14025],[78.331172,28.140251],[78.331173,28.140253],[78.331174,28.140254],[78.331175,28.140256],[78.331176,28.140257],[78.331176,28.140257],[78.331176,28.140257],[78.332,28.140835],[78.332001,28.140835],[78.332001,28.140835],[78.332002,28.140837],[78.332003,28.140838],[78.332004,28.140839],[78.332004,28.140841],[78.332004,28.140842],[78.332004,28.140843],[78.331978,28.141287],[78.331977,28.141288],[78.331866,28.141806],[78.331866,28.141806],[78.331866,28.141808],[78.331866,28.141809],[78.331866,28.141811],[78.331867,28.141812],[78.331868,28.141813],[78.332363,28.142356],[78.332363,28.142356],[78.332364,28.142358],[78.332365,28.142359],[78.332367,28.142359],[78.332367,28.142359],[78.333539,28.142801],[78.333541,28.142801],[78.333542,28.142802],[78.333542,28.142802],[78.334397,28.143408],[78.334397,28.143408],[78.334399,28.14341],[78.334727,28.143896],[78.334727,28.143896],[78.334728,28.143898],[78.334728,28.143899],[78.334729,28.143901],[78.334728,28.143902],[78.334728,28.143903],[78.334728,28.143903],[78.334532,28.144566],[78.334532,28.144566],[78.334532,28.144567],[78.334532,28.144568],[78.334532,28.14457],[78.334532,28.144571],[78.334533,28.144573],[78.334534,28.144574],[78.334535,28.144575],[78.334535,28.144575],[78.335196,28.145157],[78.335197,28.145157],[78.335197,28.145157],[78.335198,28.145158],[78.3352,28.145159],[78.3352,28.145159],[78.3352,28.145159],[78.336164,28.14545],[78.336166,28.145451],[78.336166,28.145451],[78.336322,28.145549],[78.336709,28.145793],[78.33671,28.145793],[78.337441,28.146191],[78.337441,28.146192],[78.337441,28.146192],[78.337443,28.146192],[78.337445,28.146193],[78.337446,28.146193],[78.337446,28.146193],[78.337795,28.146215],[78.337795,28.146215],[78.337796,28.146215],[78.337797,28.146215],[78.337799,28.146214],[78.337801,28.146214],[78.337802,28.146213],[78.337803,28.146212],[78.337805,28.14621],[78.337805,28.14621],[78.337805,28.146209],[78.338038,28.145772],[78.338038,28.145772],[78.338039,28.145772],[78.33804,28.14577],[78.338041,28.145769],[78.338042,28.145768],[78.338044,28.145768],[78.338045,28.145767],[78.338437,28.14568],[78.338438,28.14568],[78.338439,28.14568],[78.338441,28.14568],[78.338443,28.145681],[78.338445,28.145681],[78.338446,28.145682],[78.338447,28.145683],[78.339449,28.14658],[78.339449,28.146581],[78.339449,28.146581],[78.339451,28.146582],[78.339452,28.146583],[78.339454,28.146583],[78.339456,28.146583],[78.339458,28.146583],[78.33946,28.146583],[78.339461,28.146582],[78.339463,28.146581],[78.339464,28.14658],[78.339464,28.14658],[78.339464,28.146579],[78.339465,28.146579]]]}},{"type":"Feature","properties":{"OBJECTID":2504,"state_lgd":"09","state_name":"UTTAR PRADESH","district_lgd":"143","district_name":"ALIGARH","district_name_source":"district_table","subdistrict_lgd":"753","subdistrict_name":"GABHANA","subdistrict_type":"Tehsil","name_corrupted":false,"remarks":""},"geometry":{"type":"Polygon","coordinates":[[[77.845969,28.173434],[77.847059,28.17249],[77.847489,28.172053],[77.847173,28.171417],[77.84572,28.169483],[77.844087,28.16769],[77.843956,28.16761],[77.84398,28.167454],[77.843545,28.167017],[77.843154,28.166513],[77.843208,28.165554],[77.843189,28.165274],[77.842783,28.164426],[77.842667,28.164124],[77.843313,28.163419],[77.844887,28.1622],[77.845745,28.161875],[77.846495,28.161396],[77.848647,28.16061],[77.84916,28.158651],[77.849752,28.156766],[77.849697,28.155753],[77.849791,28.155182],[77.849603,28.154952],[77.848584,28.154127],[77.847702,28.153036],[77.846544,28.151959],[77.845831,28.151318],[77.845564,28.151156],[77.845028,28.150693],[77.843961,28.1498],[77.843347,28.149414],[77.843059,28.14931],[77.842551,28.149061],[77.842261,28.14893],[77.84201,28.148788],[77.841774,28.148489],[77.841646,28.147554],[77.84158,28.147124],[77.841452,28.14688],[77.840939,28.146377],[77.840474,28.145951],[77.839776,28.145254],[77.839486,28.144342],[77.838876,28.14282],[77.838709,28.142281],[77.8394,28.14175],[77.840772,28.140657],[77.840952,28.139933],[77.841302,28.139059],[77.842565,28.13752],[77.842883,28.137712],[77.843859,28.136759],[77.844515,28.13617],[77.845104,28.136612],[77.846114,28.135684],[77.847093,28.136321],[77.847797,28.1359],[77.849302,28.137258],[77.849397,28.137586],[77.849687,28.137808],[77.851156,28.138523],[77.85231,28.138982],[77.852766,28.139418],[77.85292,28.139494],[77.853113,28.140269],[77.853239,28.140774],[77.853763,28.141487],[77.855787,28.141139],[77.858446,28.140694],[77.862038,28.140153],[77.862636,28.140186],[77.862741,28.140804],[77.864039,28.14057],[77.865111,28.139355],[77.868306,28.136103],[77.868883,28.135446],[77.868062,28.134951],[77.869145,28.133844],[77.870631,28.131786],[77.872453,28.128928],[77.8728,28.128427],[77.873504,28.127815],[77.873719,28.127743],[77.876359,28.126776],[77.87894,28.125959],[77.881644,28.125075],[77.882291,28.124479],[77.88293,28.12413],[77.885356,28.121159],[77.885741,28.120672],[77.887431,28.118605],[77.888295,28.117546],[77.889764,28.116217],[77.89098,28.115342],[77.891384,28.115036],[77.891728,28.115136],[77.89251,28.114601],[77.894625,28.115847],[77.895451,28.114594],[77.898464,28.116738],[77.899333,28.117114],[77.899668,28.116638],[77.90125,28.114928],[77.901933,28.114993],[77.902804,28.114815],[77.90429,28.114312],[77.903365,28.113568],[77.903182,28.113447],[77.904167,28.112249],[77.90454,28.111641],[77.905659,28.110569],[77.90676,28.109574],[77.907833,28.108559],[77.908693,28.107379],[77.909977,28.105602],[77.909731,28.105296],[77.911613,28.102869],[77.913978,28.099953],[77.914983,28.099135],[77.915054,28.099076],[77.916088,28.099887],[77.916993,28.100518],[77.918588,28.101381],[77.920165,28.102223],[77.921771,28.103017],[77.922405,28.103359],[77.923567,28.10441],[77.924847,28.1034],[77.926747,28.101959],[77.930122,28.099333],[77.935262,28.095733],[77.935307,28.093333],[77.934578,28.092166],[77.935124,28.091491],[77.934382,28.090091],[77.934769,28.089856],[77.933302,28.088516],[77.931357,28.086971],[77.93207,28.085826],[77.933239,28.086724],[77.934382,28.085208],[77.934956,28.085668],[77.936735,28.086719],[77.938673,28.085157],[77.940102,28.085709],[77.941795,28.086269],[77.944103,28.088209],[77.946594,28.087129],[77.947022,28.0875],[77.947662,28.087284],[77.948174,28.088237],[77.949064,28.087797],[77.949593,28.0875],[77.950074,28.087724],[77.951335,28.087112],[77.951486,28.087464],[77.951883,28.08733],[77.952212,28.087628],[77.952962,28.086509],[77.953956,28.085534],[77.954439,28.085778],[77.956019,28.087108],[77.957944,28.088674],[77.9604,28.090612],[77.961188,28.090283],[77.962148,28.089635],[77.963614,28.088152],[77.964521,28.087001],[77.965535,28.08578],[77.966163,28.08524],[77.966723,28.085021],[77.968214,28.084857],[77.969977,28.08467],[77.971241,28.084524],[77.971606,28.084514],[77.973306,28.084819],[77.974301,28.085142],[77.974831,28.085403],[77.977089,28.087194],[77.979201,28.087282],[77.979988,28.086962],[77.980207,28.086526],[77.98058,28.086174],[77.981252,28.085808],[77.981894,28.085144],[77.98235,28.084902],[77.982713,28.084797],[77.982946,28.084606],[77.983301,28.084427],[77.983705,28.084372],[77.984098,28.084328],[77.98452,28.084208],[77.985315,28.083863],[77.985738,28.083528],[77.986272,28.083333],[77.98694,28.083092],[77.987222,28.082908],[77.987281,28.082785],[77.987495,28.082639],[77.987583,28.082567],[77.987766,28.082359],[77.987737,28.082083],[77.987805,28.08181],[77.987843,28.081603],[77.988124,28.081183],[77.988384,28.080904],[77.988434,28.080804],[77.988598,28.080651],[77.989033,28.08054],[77.989413,28.079919],[77.990138,28.078621],[77.991203,28.078436],[77.993755,28.077827],[77.995215,28.078685],[77.996868,28.079726],[77.998214,28.080589],[77.99859,28.080818],[77.998703,28.080887],[78.001633,28.082142],[78.004901,28.084198],[78.003821,28.087396],[78.001833,28.094015],[78.002096,28.094254],[78.00509,28.09574],[78.005256,28.096466],[78.00585,28.097072],[78.006639,28.097712],[78.007411,28.098241],[78.00826,28.098425],[78.009176,28.098893],[78.010051,28.099722],[78.011004,28.101183],[78.011946,28.102233],[78.01326,28.10332],[78.014281,28.103853],[78.01577,28.105131],[78.016416,28.105816],[78.016453,28.105954],[78.016684,28.106826],[78.016817,28.107138],[78.016907,28.107349],[78.017521,28.107781],[78.018261,28.108153],[78.018932,28.108366],[78.019968,28.109103],[78.020982,28.110107],[78.02147,28.11068],[78.021424,28.111309],[78.021113,28.111888],[78.020696,28.112481],[78.019887,28.113069],[78.01928,28.113329],[78.018477,28.113524],[78.01787,28.113736],[78.017794,28.114066],[78.017817,28.114869],[78.01797,28.11528],[78.018422,28.115916],[78.018487,28.116279],[78.01839,28.116828],[78.01808,28.117344],[78.01741,28.118138],[78.017031,28.118527],[78.017572,28.119132],[78.018782,28.12006],[78.019885,28.121082],[78.02072,28.122131],[78.02087,28.122747],[78.020291,28.12348],[78.021859,28.124207],[78.022085,28.124541],[78.022373,28.124859],[78.02292,28.125071],[78.023812,28.125357],[78.024594,28.125879],[78.025707,28.126782],[78.026515,28.127374],[78.027024,28.127727],[78.027342,28.127857],[78.027928,28.127848],[78.029155,28.127738],[78.029919,28.127731],[78.030481,28.128069],[78.031305,28.128772],[78.031835,28.128952],[78.033508,28.128689],[78.036522,28.127845],[78.03876,28.126692],[78.041943,28.125267],[78.04274,28.124269],[78.043429,28.123396],[78.044102,28.123467],[78.044714,28.122971],[78.045703,28.123267],[78.046716,28.122083],[78.047532,28.122124],[78.048927,28.123207],[78.051322,28.125067],[78.053951,28.122707],[78.054614,28.121204],[78.055652,28.120681],[78.056849,28.120176],[78.057801,28.119479],[78.059492,28.118083],[78.059985,28.117192],[78.060448,28.114836],[78.060623,28.114066],[78.060734,28.11358],[78.061221,28.113067],[78.062071,28.113187],[78.063308,28.11358],[78.063984,28.11351],[78.064926,28.113411],[78.065695,28.113106],[78.066338,28.112862],[78.068244,28.11246],[78.070304,28.11239],[78.071546,28.112437],[78.072569,28.112921],[78.072626,28.113804],[78.073988,28.1153],[78.075247,28.116543],[78.076081,28.117718],[78.076953,28.118768],[78.077639,28.119185],[78.079073,28.119455],[78.08049,28.119661],[78.08233,28.118305],[78.083453,28.117477],[78.083746,28.116898],[78.082554,28.115955],[78.082953,28.115377],[78.081499,28.114116],[78.08145,28.113848],[78.081103,28.113277],[78.081927,28.11283],[78.082072,28.112596],[78.081618,28.112134],[78.081574,28.111535],[78.081315,28.111075],[78.080896,28.110566],[78.080157,28.110164],[78.078941,28.109583],[78.078119,28.10877],[78.077588,28.10752],[78.077427,28.105267],[78.077461,28.103079],[78.077145,28.101642],[78.077914,28.10129],[78.080263,28.100909],[78.080956,28.100917],[78.082101,28.101498],[78.08311,28.102832],[78.086039,28.101687],[78.087247,28.102788],[78.088409,28.102266],[78.088755,28.102884],[78.08932,28.103049],[78.090284,28.10273],[78.090879,28.103288],[78.091025,28.104218],[78.095464,28.107625],[78.09768,28.109021],[78.09831,28.109658],[78.098535,28.110007],[78.099103,28.11003],[78.099231,28.109795],[78.099611,28.10928],[78.10161,28.107431],[78.102734,28.105933],[78.104292,28.103873],[78.104907,28.103125],[78.104969,28.102543],[78.104686,28.1001],[78.105235,28.099052],[78.106369,28.097979],[78.107799,28.097351],[78.108651,28.097392],[78.110211,28.097521],[78.111143,28.096965],[78.112466,28.09632],[78.113731,28.094855],[78.115215,28.092952],[78.116371,28.091643],[78.117914,28.090528],[78.118401,28.090014],[78.118537,28.089292],[78.119839,28.08767],[78.120725,28.085445],[78.121497,28.083691],[78.120026,28.082351],[78.120374,28.080435],[78.121037,28.078868],[78.118028,28.075904],[78.115647,28.073704],[78.114151,28.071742],[78.113645,28.071114],[78.114132,28.070592],[78.11283,28.068719],[78.113658,28.06791],[78.113281,28.067055],[78.113965,28.066387],[78.11598,28.064616],[78.117864,28.063253],[78.119447,28.061831],[78.120379,28.061197],[78.121938,28.060247],[78.124526,28.059262],[78.125787,28.059198],[78.128194,28.059636],[78.131333,28.059799],[78.134599,28.059727],[78.135343,28.059846],[78.13758,28.06332],[78.139636,28.063549],[78.141098,28.064274],[78.142726,28.062596],[78.145316,28.060204],[78.147327,28.05838],[78.148718,28.057298],[78.150293,28.055748],[78.151687,28.054526],[78.152346,28.053802],[78.153695,28.052859],[78.154237,28.052099],[78.15364,28.049965],[78.152887,28.047743],[78.152145,28.046079],[78.151763,28.044035],[78.151694,28.042048],[78.15188,28.040133],[78.15194,28.038739],[78.151811,28.03682],[78.151513,28.035719],[78.150825,28.034404],[78.150113,28.033437],[78.149073,28.031359],[78.148185,28.030277],[78.147301,28.029648],[78.145715,28.028645],[78.143658,28.027636],[78.142682,28.02718],[78.141209,28.025891],[78.139749,28.025002],[78.138806,28.025008],[78.137435,28.026073],[78.13586,28.027606],[78.134144,28.029416],[78.132525,28.031314],[78.131584,28.032845],[78.131306,28.034315],[78.131052,28.034913],[78.130262,28.036525],[78.129769,28.037294],[78.128952,28.038095],[78.128156,28.039419],[78.127251,28.04082],[78.126299,28.042116],[78.125457,28.043239],[78.125367,28.04397],[78.123388,28.044975],[78.121387,28.046084],[78.120199,28.046697],[78.118189,28.048434],[78.116346,28.049458],[78.113541,28.05047],[78.112284,28.050508],[78.110582,28.049982],[78.109189,28.049861],[78.107193,28.049366],[78.106109,28.047001],[78.105568,28.045129],[78.105542,28.041661],[78.106055,28.04022],[78.106373,28.038638],[78.106557,28.034283],[78.106502,28.032731],[78.106609,28.030833],[78.10638,28.029139],[78.105969,28.027723],[78.105304,28.026251],[78.104277,28.024042],[78.103591,28.022657],[78.102794,28.020765],[78.102044,28.01971],[78.101678,28.019253],[78.100835,28.019173],[78.098905,28.019516],[78.097106,28.020244],[78.096488,28.020864],[78.09476,28.022133],[78.093074,28.023211],[78.09184,28.024312],[78.091353,28.025299],[78.090548,28.026562],[78.089296,28.02754],[78.088699,28.028056],[78.085811,28.035153],[78.076702,28.041666],[78.073527,28.038887],[78.067583,28.036246],[78.060777,28.035306],[78.063014,28.032136],[78.061218,28.027603],[78.065999,28.026348],[78.071089,28.023625],[78.06933,28.023098],[78.067687,28.022643],[78.066376,28.022295],[78.065299,28.022091],[78.064173,28.021275],[78.062699,28.018765],[78.061814,28.017586],[78.060419,28.016349],[78.057997,28.014263],[78.055284,28.011859],[78.054182,28.010782],[78.053218,28.009638],[78.053129,28.007737],[78.053387,28.005091],[78.053304,28.002841],[78.052822,28.00097],[78.059742,28.000284],[78.059914,28.000267],[78.060085,28.000268],[78.061583,28.000119],[78.062674,27.999433],[78.063431,27.998948],[78.064415,27.998423],[78.065142,27.997859],[78.065368,27.99755],[78.066199,27.997031],[78.066199,27.996521],[78.066064,27.994477],[78.066153,27.993568],[78.066895,27.992519],[78.067439,27.99103],[78.067772,27.990062],[78.067818,27.989697],[78.067167,27.989309],[78.06597,27.988745],[78.064417,27.987996],[78.061782,27.986744],[78.060999,27.986186],[78.060592,27.98546],[78.060379,27.985113],[78.060107,27.984722],[78.059789,27.984373],[78.059528,27.984136],[78.059319,27.984037],[78.058592,27.983752],[78.058171,27.983448],[78.057762,27.983179],[78.057383,27.982924],[78.057111,27.982683],[78.056208,27.982536],[78.05537,27.982211],[78.055462,27.981311],[78.056204,27.980975],[78.056128,27.979944],[78.056341,27.979164],[78.05643,27.978773],[78.056659,27.978518],[78.056992,27.978304],[78.057309,27.978088],[78.057505,27.977846],[78.057673,27.977551],[78.057658,27.97716],[78.057477,27.976536],[78.057175,27.976536],[78.057144,27.97636],[78.057508,27.97566],[78.057279,27.975259],[78.05716,27.974974],[78.05828,27.974223],[78.058491,27.97398],[78.058265,27.973752],[78.057447,27.973253],[78.056916,27.972811],[78.056751,27.972585],[78.056494,27.971845],[78.0561,27.970891],[78.055645,27.96972],[78.055148,27.968739],[78.054662,27.968112],[78.053786,27.967439],[78.052007,27.965989],[78.050523,27.967159],[78.049992,27.966715],[78.049705,27.966769],[78.048071,27.965424],[78.047739,27.965451],[78.04674,27.965517],[78.046163,27.965411],[78.044189,27.963782],[78.043587,27.963452],[78.042497,27.962954],[78.041951,27.962658],[78.041268,27.962092],[78.04047,27.962752],[78.039972,27.96321],[78.039547,27.963316],[78.039123,27.963276],[78.038247,27.963088],[78.037535,27.962901],[78.037187,27.962847],[78.036793,27.962887],[78.036293,27.962925],[78.035886,27.962765],[78.034743,27.961969],[78.034425,27.962399],[78.034077,27.962654],[78.033851,27.962774],[78.033442,27.962828],[78.03314,27.962798],[78.033018,27.963407],[78.032761,27.963744],[78.032217,27.964481],[78.031203,27.965584],[78.030672,27.965652],[78.030174,27.966215],[78.029673,27.966996],[78.029116,27.968079],[78.02845,27.969396],[78.028198,27.969635],[78.027891,27.96945],[78.026687,27.968509],[78.026308,27.968818],[78.025823,27.969463],[78.025551,27.969813],[78.025187,27.969988],[78.024763,27.969772],[78.02384,27.970351],[78.02275,27.969798],[78.02272,27.969557],[78.022268,27.969476],[78.021691,27.969489],[78.020375,27.968602],[78.018992,27.969847],[78.018675,27.969914],[78.01837,27.970129],[78.017857,27.969874],[78.017341,27.969646],[78.016797,27.969968],[78.016342,27.969645],[78.015933,27.96951],[78.015611,27.969519],[78.015117,27.970168],[78.01483,27.970168],[78.014312,27.970651],[78.012998,27.970005],[78.011882,27.970981],[78.010657,27.971883],[78.009295,27.973105],[78.008583,27.973793],[78.008356,27.975052],[78.007794,27.976047],[78.00743,27.976694],[78.006856,27.977271],[78.006106,27.978236],[78.00562,27.978225],[78.003925,27.978008],[78.003321,27.977901],[78.002139,27.977443],[78.001507,27.977098],[78.001156,27.976811],[78.000039,27.97591],[77.999417,27.975211],[77.998721,27.974281],[77.997506,27.972748],[77.994565,27.971044],[77.993948,27.970941],[77.991177,27.970478],[77.991084,27.970563],[77.989935,27.971617],[77.989452,27.971706],[77.98903,27.971313],[77.988872,27.97123],[77.988485,27.971308],[77.988049,27.970919],[77.987031,27.97041],[77.986328,27.969984],[77.98569,27.969154],[77.985367,27.968233],[77.985376,27.967411],[77.985484,27.966505],[77.985707,27.965744],[77.985316,27.965019],[77.985143,27.964052],[77.984951,27.963214],[77.984876,27.962406],[77.985001,27.96163],[77.985673,27.960888],[77.985347,27.960251],[77.985719,27.959519],[77.98611,27.958672],[77.986647,27.958146],[77.987051,27.957516],[77.987574,27.9568],[77.988095,27.956258],[77.988497,27.955773],[77.988769,27.955285],[77.989332,27.954834],[77.989354,27.954816],[77.989596,27.954607],[77.988617,27.953857],[77.988511,27.953804],[77.983362,27.957091],[77.983071,27.956522],[77.982278,27.954975],[77.98122,27.953005],[77.981163,27.953266],[77.981101,27.953485],[77.980916,27.953589],[77.980704,27.953734],[77.980613,27.953821],[77.980596,27.953845],[77.980555,27.953903],[77.980427,27.954129],[77.980263,27.954203],[77.980068,27.954326],[77.980012,27.954366],[77.979728,27.954569],[77.979404,27.95483],[77.979387,27.954844],[77.979305,27.954917],[77.979119,27.955086],[77.979102,27.955104],[77.979117,27.955266],[77.979136,27.955372],[77.979133,27.955403],[77.979124,27.95543],[77.979111,27.955438],[77.979063,27.955429],[77.978914,27.955414],[77.978869,27.955413],[77.978835,27.955424],[77.978819,27.955442],[77.978819,27.955464],[77.978836,27.955496],[77.978894,27.955561],[77.978901,27.955622],[77.9789,27.95568],[77.978826,27.955778],[77.978761,27.955844],[77.978687,27.955914],[77.978659,27.955969],[77.978647,27.95599],[77.978624,27.956175],[77.978578,27.956193],[77.97825,27.95624],[77.977932,27.95627],[77.977759,27.956096],[77.977697,27.956132],[77.97737,27.956367],[77.977086,27.956581],[77.97691,27.956698],[77.976642,27.956885],[77.976463,27.956977],[77.976354,27.957022],[77.976325,27.957013],[77.97623,27.956942],[77.97607,27.956802],[77.975907,27.956658],[77.975758,27.956526],[77.97554,27.956333],[77.975451,27.956398],[77.975375,27.956454],[77.975105,27.956654],[77.974982,27.956761],[77.974894,27.95684],[77.974744,27.956691],[77.974524,27.956473],[77.97428,27.956629],[77.974029,27.956789],[77.973578,27.957087],[77.973345,27.957258],[77.973274,27.957198],[77.973005,27.95698],[77.972907,27.957047],[77.97262,27.957318],[77.972561,27.957367],[77.972517,27.957316],[77.972304,27.957497],[77.971995,27.957711],[77.971905,27.957765],[77.971575,27.957962],[77.971571,27.957964],[77.971565,27.957784],[77.971285,27.957447],[77.970917,27.9574],[77.970464,27.957341],[77.969525,27.956569],[77.969406,27.95647],[77.969271,27.955961],[77.969655,27.955442],[77.971403,27.953464],[77.973162,27.951899],[77.974997,27.950097],[77.975571,27.949383],[77.975543,27.94893],[77.972747,27.947212],[77.972771,27.946799],[77.973136,27.946328],[77.972895,27.945801],[77.974763,27.944126],[77.97429,27.943533],[77.971864,27.942089],[77.970536,27.94131],[77.969164,27.939959],[77.968644,27.938984],[77.96863,27.937635],[77.96862,27.933857],[77.968463,27.930331],[77.968482,27.928029],[77.966857,27.927929],[77.964539,27.928693],[77.96176,27.929277],[77.959549,27.930058],[77.957386,27.930093],[77.954372,27.929658],[77.952933,27.930226],[77.951902,27.930959],[77.949808,27.931154],[77.947415,27.933251],[77.945797,27.934912],[77.94272,27.93488],[77.938924,27.938942],[77.941316,27.942057],[77.940864,27.947076],[77.941826,27.955026],[77.93765,27.958684],[77.934722,27.964642],[77.930658,27.962768],[77.93081,27.963309],[77.930408,27.963796],[77.930144,27.965745],[77.930923,27.967279],[77.931971,27.968753],[77.93286,27.971209],[77.934288,27.973513],[77.93512,27.97508],[77.931975,27.972816],[77.929058,27.974112],[77.927287,27.975231],[77.931012,27.977042],[77.93516,27.979038],[77.935994,27.981104],[77.936076,27.981167],[77.93682,27.981743],[77.931441,27.984185],[77.928624,27.985576],[77.926706,27.986522],[77.92164,27.985599],[77.919074,27.987107],[77.916848,27.989419],[77.918735,27.992014],[77.917231,27.993479],[77.91803,27.995716],[77.91612,27.998375],[77.914119,27.998805],[77.91238,27.995071],[77.909454,27.996917],[77.907726,27.99638],[77.905766,27.995226],[77.905354,27.994713],[77.905875,27.994069],[77.905111,27.992662],[77.904212,27.990864],[77.903786,27.990129],[77.903695,27.989175],[77.903209,27.987185],[77.902477,27.987143],[77.901628,27.986592],[77.897547,27.986824],[77.895512,27.986654],[77.892338,27.985072],[77.891397,27.984663],[77.889474,27.985225],[77.886261,27.987488],[77.883994,27.988371],[77.881862,27.988942],[77.87936,27.99045],[77.876787,27.9923],[77.874966,27.991591],[77.87266,27.991017],[77.871254,27.990485],[77.870633,27.991047],[77.869428,27.991916],[77.871608,27.99423],[77.872697,27.996386],[77.87289,27.999678],[77.872791,28.000381],[77.872786,28.000432],[77.872784,28.000432],[77.872783,28.000449],[77.872689,28.001298],[77.872205,28.001779],[77.87134,28.002549],[77.871126,28.002406],[77.870581,28.002818],[77.870278,28.003028],[77.870037,28.003182],[77.869911,28.003388],[77.869597,28.003887],[77.868797,28.003343],[77.868505,28.003268],[77.868106,28.003231],[77.867582,28.003184],[77.867057,28.003256],[77.866211,28.003347],[77.865544,28.003386],[77.865172,28.0033],[77.864666,28.003294],[77.864057,28.003057],[77.86387,28.003031],[77.863563,28.003334],[77.86262,28.003424],[77.862414,28.003484],[77.862075,28.003578],[77.861831,28.003571],[77.861485,28.003259],[77.861332,28.003383],[77.86106,28.003683],[77.860512,28.004058],[77.859954,28.004485],[77.859436,28.004872],[77.859248,28.004976],[77.858746,28.005226],[77.858142,28.005474],[77.857709,28.005626],[77.857149,28.005863],[77.856694,28.005964],[77.855931,28.00617],[77.855647,28.005906],[77.855179,28.005497],[77.855089,28.005528],[77.854831,28.005792],[77.85483,28.005793],[77.854535,28.005994],[77.853612,28.006671],[77.852733,28.007456],[77.8523,28.007841],[77.851936,28.008029],[77.851447,28.007798],[77.851295,28.007887],[77.850906,28.008019],[77.850395,28.008301],[77.850002,28.00865],[77.849264,28.009465],[77.848695,28.010266],[77.848118,28.011236],[77.847636,28.012145],[77.847074,28.013096],[77.846904,28.013374],[77.846563,28.013838],[77.846187,28.014519],[77.84577,28.01527],[77.845491,28.01546],[77.844582,28.015581],[77.843748,28.015631],[77.843134,28.015695],[77.842256,28.01575],[77.84158,28.015768],[77.841124,28.01574],[77.840965,28.015149],[77.840856,28.01453],[77.840831,28.014169],[77.840855,28.013524],[77.840879,28.012852],[77.840905,28.012424],[77.840467,28.012074],[77.840015,28.011784],[77.839824,28.011259],[77.839702,28.01068],[77.839509,28.010271],[77.839418,28.010103],[77.838693,28.00931],[77.838436,28.008978],[77.838269,28.008865],[77.837885,28.00866],[77.837449,28.008503],[77.837219,28.008434],[77.836983,28.008336],[77.8366,28.008036],[77.835548,28.008739],[77.834957,28.008197],[77.834568,28.007897],[77.833283,28.006896],[77.832762,28.007254],[77.832274,28.007648],[77.831922,28.007893],[77.831368,28.007879],[77.831058,28.007809],[77.830758,28.007654],[77.83039,28.007498],[77.829832,28.007255],[77.829391,28.007104],[77.82842,28.006749],[77.827421,28.006348],[77.826827,28.006057],[77.826688,28.005977],[77.826451,28.00596],[77.826159,28.005772],[77.826001,28.005895],[77.825657,28.00568],[77.825137,28.005351],[77.824727,28.005122],[77.824061,28.004699],[77.823826,28.004597],[77.82327,28.004261],[77.822691,28.003925],[77.821906,28.003539],[77.821365,28.003177],[77.820962,28.002942],[77.820493,28.002686],[77.820134,28.002471],[77.819995,28.002403],[77.819752,28.002327],[77.819612,28.002273],[77.819375,28.002296],[77.819211,28.002353],[77.818704,28.002589],[77.817889,28.00309],[77.817531,28.003236],[77.817008,28.003531],[77.81668,28.003711],[77.816482,28.00401],[77.816197,28.004236],[77.815963,28.004476],[77.814987,28.005304],[77.814806,28.005538],[77.814341,28.005886],[77.813746,28.006476],[77.813415,28.006807],[77.812949,28.007194],[77.81208,28.007826],[77.811763,28.008137],[77.811385,28.008612],[77.811091,28.008917],[77.810515,28.009316],[77.810007,28.009591],[77.809715,28.009784],[77.809565,28.009874],[77.808404,28.010686],[77.807938,28.011087],[77.80724,28.011656],[77.806616,28.012245],[77.806458,28.012401],[77.805684,28.013047],[77.80539,28.013352],[77.805056,28.013853],[77.804342,28.014875],[77.803995,28.01529],[77.80376,28.015583],[77.803739,28.015572],[77.802888,28.015137],[77.802161,28.014772],[77.801177,28.014384],[77.800765,28.014267],[77.799958,28.013848],[77.799554,28.013678],[77.799449,28.013756],[77.798966,28.01348],[77.798846,28.01355],[77.79837,28.013255],[77.798365,28.013259],[77.798099,28.013507],[77.797718,28.013712],[77.797354,28.013845],[77.796709,28.013882],[77.796154,28.013868],[77.795777,28.013889],[77.794964,28.014232],[77.794206,28.014432],[77.79278,28.014721],[77.792741,28.014858],[77.792246,28.014786],[77.791457,28.015038],[77.790937,28.015195],[77.790911,28.015378],[77.789902,28.015108],[77.789811,28.015258],[77.789713,28.015349],[77.78916,28.015269],[77.789016,28.015444],[77.788418,28.015344],[77.788418,28.015344],[77.787675,28.01555],[77.787581,28.015437],[77.787463,28.01537],[77.786827,28.015341],[77.786391,28.015315],[77.786383,28.015388],[77.785894,28.015381],[77.785695,28.015345],[77.785497,28.01527],[77.785268,28.015221],[77.784808,28.014919],[77.78435,28.015254],[77.783908,28.014762],[77.783548,28.014993],[77.783272,28.014707],[77.78297,28.01467],[77.782742,28.014575],[77.781802,28.014594],[77.781249,28.014909],[77.780503,28.014386],[77.779969,28.014056],[77.779602,28.013874],[77.779411,28.013825],[77.779237,28.013619],[77.778684,28.013887],[77.778123,28.014261],[77.777661,28.014431],[77.777322,28.015215],[77.776943,28.016136],[77.776703,28.016731],[77.776909,28.016799],[77.777025,28.016899],[77.777045,28.017051],[77.777248,28.017264],[77.777212,28.017625],[77.776783,28.018473],[77.777312,28.019072],[77.777786,28.019486],[77.778195,28.0198],[77.778515,28.020087],[77.778855,28.020532],[77.778755,28.021162],[77.778775,28.021306],[77.779036,28.021579],[77.779403,28.022195],[77.780106,28.023427],[77.780538,28.024117],[77.781055,28.024991],[77.78057,28.025628],[77.780773,28.026709],[77.780734,28.027234],[77.780654,28.027561],[77.780592,28.027731],[77.780793,28.028102],[77.780508,28.029123],[77.780445,28.029319],[77.780443,28.029464],[77.78063,28.029755],[77.780818,28.029994],[77.780719,28.030558],[77.781012,28.03072],[77.780627,28.031595],[77.780252,28.03268],[77.779752,28.034184],[77.779372,28.033995],[77.779089,28.033773],[77.778263,28.034636],[77.777803,28.035038],[77.777467,28.035481],[77.776969,28.035131],[77.776645,28.034841],[77.777083,28.034439],[77.777293,28.03415],[77.777456,28.034003],[77.777012,28.03351],[77.776409,28.032931],[77.775937,28.033171],[77.775767,28.033305],[77.77515,28.03353],[77.774944,28.033585],[77.774405,28.033078],[77.774546,28.032964],[77.77413,28.03253],[77.773702,28.032796],[77.773331,28.032305],[77.772902,28.03178],[77.772531,28.031302],[77.772369,28.030962],[77.772233,28.030798],[77.771831,28.03041],[77.771471,28.030146],[77.771392,28.03006],[77.771547,28.029939],[77.771369,28.029697],[77.771157,28.02972],[77.771002,28.029808],[77.770746,28.029416],[77.770915,28.029347],[77.770645,28.028526],[77.769908,28.028496],[77.769717,28.028163],[77.76943,28.028263],[77.76929,28.028351],[77.768843,28.028436],[77.768475,28.02858],[77.767801,28.02872],[77.767426,28.028831],[77.767097,28.028885],[77.766788,28.029004],[77.766459,28.028623],[77.766268,28.028244],[77.766076,28.027969],[77.765947,28.027818],[77.765674,28.027555],[77.765357,28.027311],[77.765104,28.027177],[77.764852,28.026992],[77.764722,28.026887],[77.764527,28.026793],[77.764347,28.026667],[77.764097,28.026353],[77.763926,28.026065],[77.763192,28.024667],[77.763059,28.024328],[77.763014,28.02401],[77.762575,28.024049],[77.762185,28.023771],[77.761863,28.023857],[77.761321,28.023921],[77.76083,28.024024],[77.759802,28.024354],[77.759597,28.024383],[77.759443,28.024018],[77.75928,28.023698],[77.759178,28.023301],[77.759047,28.022858],[77.758951,28.022494],[77.75884,28.02222],[77.758838,28.02222],[77.758516,28.022345],[77.758377,28.022375],[77.758247,28.022381],[77.75815,28.022385],[77.757752,28.022581],[77.757419,28.022848],[77.756804,28.023332],[77.756034,28.023918],[77.755233,28.024626],[77.754782,28.024931],[77.75393,28.02558],[77.753471,28.025918],[77.752339,28.026757],[77.75207,28.027091],[77.751914,28.027218],[77.750571,28.028431],[77.749353,28.029516],[77.749117,28.029681],[77.74873,28.030155],[77.748396,28.030458],[77.748091,28.030598],[77.747862,28.030783],[77.747516,28.030969],[77.747039,28.031222],[77.746632,28.031457],[77.746388,28.031619],[77.746617,28.03189],[77.746841,28.032106],[77.746963,28.032287],[77.747111,28.032503],[77.747264,28.03267],[77.747396,28.032891],[77.747412,28.033144],[77.747356,28.03332],[77.747305,28.033595],[77.747173,28.033839],[77.747138,28.034173],[77.747103,28.034367],[77.747047,28.034543],[77.746955,28.034642],[77.746788,28.034805],[77.746554,28.034922],[77.746376,28.035076],[77.746224,28.035211],[77.746036,28.035392],[77.745868,28.035559],[77.74566,28.035767],[77.745446,28.035938],[77.745268,28.036078],[77.745121,28.03625],[77.744974,28.036449],[77.744938,28.036584],[77.744954,28.036778],[77.745035,28.036963],[77.745132,28.037157],[77.745178,28.037297],[77.7453,28.037464],[77.745377,28.037572],[77.745774,28.037915],[77.746038,28.038104],[77.745957,28.038298],[77.745881,28.038411],[77.745678,28.038655],[77.745536,28.038907],[77.745327,28.039165],[77.74515,28.039372],[77.744901,28.03963],[77.744728,28.03986],[77.744545,28.040041],[77.744459,28.040158],[77.744337,28.040357],[77.744149,28.040497],[77.7439,28.040583],[77.743788,28.040714],[77.743696,28.04084],[77.743422,28.041093],[77.743239,28.041337],[77.743092,28.041563],[77.742945,28.041779],[77.742802,28.041928],[77.74266,28.042118],[77.742553,28.042312],[77.742508,28.042429],[77.742406,28.04265],[77.742269,28.042867],[77.74229,28.042966],[77.742391,28.043057],[77.742666,28.043174],[77.742463,28.043751],[77.744301,28.045212],[77.744332,28.045501],[77.744419,28.046096],[77.744592,28.046538],[77.744679,28.047116],[77.744868,28.047693],[77.745143,28.048487],[77.745194,28.048929],[77.745535,28.048857],[77.745718,28.048798],[77.745891,28.048604],[77.746175,28.04827],[77.746475,28.047963],[77.746805,28.047629],[77.746963,28.047484],[77.747227,28.04729],[77.74771,28.047086],[77.748051,28.046906],[77.7486,28.046702],[77.748732,28.046612],[77.749363,28.046055],[77.749803,28.045822],[77.750129,28.045542],[77.750573,28.045116],[77.750902,28.044643],[77.751516,28.044014],[77.752031,28.043885],[77.752673,28.043825],[77.753034,28.043739],[77.753893,28.043763],[77.754071,28.043834],[77.754259,28.044075],[77.754979,28.043983],[77.755535,28.043718],[77.755888,28.044064],[77.756224,28.04391],[77.756474,28.044277],[77.756978,28.044068],[77.756781,28.043622],[77.757247,28.043389],[77.75765,28.043042],[77.75769,28.04228],[77.7581,28.041568],[77.758361,28.041322],[77.759888,28.039806],[77.759936,28.039295],[77.760411,28.039267],[77.760806,28.038704],[77.761401,28.038405],[77.761972,28.03872],[77.762631,28.039185],[77.763742,28.038688],[77.764353,28.038275],[77.764077,28.03793],[77.764556,28.037629],[77.764948,28.037942],[77.765077,28.037899],[77.766112,28.037424],[77.76641,28.037246],[77.767402,28.036235],[77.767786,28.036309],[77.768228,28.035973],[77.768424,28.035783],[77.76892,28.035243],[77.769432,28.035307],[77.770328,28.035434],[77.771402,28.035597],[77.772309,28.03578],[77.773318,28.036022],[77.774097,28.036204],[77.774478,28.036369],[77.775386,28.036539],[77.775794,28.036647],[77.776575,28.036749],[77.777419,28.036829],[77.778621,28.037028],[77.780126,28.03731],[77.780569,28.037397],[77.781018,28.037419],[77.781094,28.037231],[77.781453,28.03724],[77.781851,28.036842],[77.782552,28.036575],[77.783485,28.037337],[77.784376,28.038007],[77.785195,28.03861],[77.786,28.03912],[77.786292,28.039334],[77.786562,28.039102],[77.787118,28.039504],[77.787815,28.040249],[77.788162,28.04074],[77.78864,28.041325],[77.789103,28.041897],[77.789434,28.042453],[77.789647,28.042942],[77.789716,28.043258],[77.789863,28.044955],[77.790112,28.045958],[77.790108,28.046181],[77.790076,28.046312],[77.790458,28.04729],[77.790779,28.048411],[77.790894,28.048623],[77.791097,28.048823],[77.791523,28.049013],[77.792418,28.049511],[77.793188,28.050284],[77.793901,28.05103],[77.794844,28.05212],[77.795513,28.052773],[77.796329,28.053494],[77.796663,28.053866],[77.796663,28.053867],[77.797005,28.053793],[77.797758,28.053921],[77.798865,28.054094],[77.799484,28.054274],[77.800086,28.054505],[77.800779,28.054686],[77.801557,28.055038],[77.802365,28.055431],[77.802951,28.055793],[77.803042,28.055919],[77.80307,28.056247],[77.803232,28.056631],[77.80335,28.057346],[77.803237,28.057394],[77.802947,28.057954],[77.802663,28.058165],[77.802838,28.059876],[77.802802,28.060888],[77.80266,28.061483],[77.803644,28.061894],[77.804103,28.062332],[77.803478,28.067083],[77.803242,28.067727],[77.803268,28.068374],[77.802851,28.069795],[77.803061,28.07061],[77.803258,28.071094],[77.803593,28.07221],[77.80399,28.073028],[77.804422,28.073993],[77.804818,28.074844],[77.804902,28.075376],[77.804987,28.075825],[77.80499,28.076753],[77.804863,28.077564],[77.804649,28.078058],[77.804279,28.078931],[77.803875,28.079539],[77.803411,28.080167],[77.803167,28.0805],[77.803841,28.080891],[77.804699,28.081163],[77.805153,28.081234],[77.80521,28.081711],[77.805374,28.082082],[77.805462,28.082639],[77.805618,28.083024],[77.805743,28.083321],[77.805894,28.083518],[77.806192,28.083717],[77.806627,28.083962],[77.807568,28.084567],[77.808358,28.085011],[77.808445,28.085163],[77.808531,28.085331],[77.808931,28.085741],[77.809404,28.086108],[77.810015,28.086564],[77.810844,28.087066],[77.811512,28.087465],[77.81186,28.087608],[77.812444,28.087731],[77.81289,28.087795],[77.813726,28.087908],[77.814717,28.088022],[77.814717,28.088024],[77.814723,28.088571],[77.814552,28.089045],[77.814382,28.089469],[77.814195,28.089936],[77.814009,28.090308],[77.813977,28.090799],[77.81392,28.091217],[77.813996,28.092019],[77.813566,28.092418],[77.81347,28.09277],[77.813069,28.093385],[77.81296,28.093528],[77.812674,28.093633],[77.812094,28.094231],[77.812106,28.09447],[77.81197,28.0948],[77.811919,28.095377],[77.811621,28.095675],[77.811405,28.095924],[77.811147,28.096274],[77.810699,28.096766],[77.810274,28.097098],[77.809744,28.097422],[77.808725,28.097939],[77.808033,28.098306],[77.807114,28.09878],[77.806938,28.098889],[77.806272,28.099156],[77.805008,28.099404],[77.804331,28.099616],[77.803554,28.099816],[77.803004,28.099874],[77.802592,28.099935],[77.802056,28.099894],[77.80157,28.099866],[77.800813,28.099667],[77.800591,28.099553],[77.800249,28.099825],[77.799587,28.099163],[77.798924,28.098579],[77.798751,28.09842],[77.798417,28.098163],[77.797673,28.097915],[77.79723,28.097783],[77.796226,28.097121],[77.794835,28.096217],[77.793245,28.096511],[77.792725,28.095682],[77.792724,28.095682],[77.792546,28.095711],[77.790433,28.096345],[77.788354,28.097059],[77.788107,28.096929],[77.787086,28.097231],[77.785883,28.097767],[77.785604,28.097447],[77.783799,28.095747],[77.782044,28.094088],[77.780605,28.093894],[77.778286,28.096074],[77.77783,28.096684],[77.777277,28.096975],[77.776524,28.097047],[77.776115,28.096952],[77.775742,28.097442],[77.774728,28.096925],[77.774089,28.096703],[77.773396,28.096446],[77.772682,28.096051],[77.772111,28.096359],[77.771105,28.095788],[77.769843,28.096582],[77.767813,28.095728],[77.767106,28.096248],[77.766668,28.096022],[77.76606,28.096653],[77.765345,28.097172],[77.764627,28.096626],[77.761978,28.096527],[77.761158,28.09516],[77.760646,28.093888],[77.760352,28.093403],[77.761111,28.092987],[77.761118,28.091729],[77.760412,28.091327],[77.760686,28.090767],[77.760723,28.090417],[77.760676,28.090038],[77.760775,28.089668],[77.760726,28.089385],[77.760508,28.088997],[77.760212,28.088656],[77.759419,28.08793],[77.759218,28.087507],[77.759136,28.087314],[77.758933,28.08694],[77.75859,28.087065],[77.757736,28.087569],[77.756726,28.086867],[77.756372,28.087172],[77.755411,28.087598],[77.755623,28.087897],[77.754652,28.088406],[77.754048,28.088404],[77.753693,28.088296],[77.753236,28.087891],[77.752832,28.087514],[77.751536,28.088039],[77.751107,28.088191],[77.750212,28.088384],[77.749971,28.088429],[77.749501,28.088299],[77.748779,28.088326],[77.748417,28.088336],[77.748056,28.088417],[77.747634,28.088449],[77.747258,28.088485],[77.746754,28.088517],[77.746306,28.088649],[77.745859,28.08882],[77.74564,28.088843],[77.745345,28.088712],[77.744958,28.088627],[77.744216,28.089137],[77.742314,28.090068],[77.742996,28.090866],[77.743414,28.091611],[77.743638,28.092084],[77.743654,28.092783],[77.74364,28.093415],[77.743462,28.094115],[77.743254,28.094589],[77.741993,28.094973],[77.740915,28.095574],[77.740366,28.096048],[77.739546,28.096134],[77.7389,28.096135],[77.738112,28.096221],[77.737792,28.096718],[77.737273,28.097449],[77.736984,28.098022],[77.736358,28.098424],[77.735972,28.098709],[77.735148,28.098867],[77.734374,28.099012],[77.733906,28.09857],[77.733504,28.09844],[77.733102,28.098526],[77.7321,28.098757],[77.731266,28.098983],[77.730731,28.098938],[77.72949,28.09879],[77.729296,28.098786],[77.728864,28.098926],[77.728864,28.099508],[77.728915,28.099715],[77.729252,28.10027],[77.729277,28.100396],[77.72915,28.100739],[77.729018,28.10096],[77.728708,28.101421],[77.728515,28.101637],[77.728515,28.101868],[77.728617,28.102134],[77.728918,28.102445],[77.72902,28.102756],[77.728852,28.102833],[77.728399,28.103063],[77.728023,28.103343],[77.727906,28.103515],[77.727957,28.103777],[77.728095,28.103957],[77.728303,28.104142],[77.728522,28.104304],[77.728629,28.104498],[77.728716,28.104787],[77.728716,28.104972],[77.728355,28.105234],[77.728279,28.105374],[77.728371,28.105603],[77.728432,28.105924],[77.728382,28.106294],[77.728305,28.106479],[77.728346,28.106799],[77.728357,28.107214],[77.728357,28.107327],[77.728632,28.107765],[77.728694,28.108143],[77.728526,28.108663],[77.728516,28.10887],[77.728206,28.109448],[77.72814,28.10989],[77.727973,28.110274],[77.727891,28.110377],[77.727724,28.110526],[77.727698,28.11063],[77.727764,28.11072],[77.727958,28.11095],[77.728141,28.111203],[77.728218,28.111478],[77.728142,28.111677],[77.727949,28.111812],[77.72774,28.111961],[77.726921,28.112562],[77.726285,28.112955],[77.725889,28.113014],[77.725573,28.112942],[77.72538,28.112838],[77.725196,28.11291],[77.725044,28.113014],[77.724795,28.112978],[77.724525,28.112911],[77.724428,28.112937],[77.724276,28.112978],[77.724225,28.113105],[77.724228,28.113114],[77.724276,28.113254],[77.724744,28.113714],[77.724938,28.113935],[77.72533,28.114498],[77.725916,28.115152],[77.726226,28.115486],[77.72641,28.115567],[77.726496,28.115589],[77.726613,28.115567],[77.726837,28.115427],[77.726929,28.115427],[77.727173,28.11553],[77.727652,28.1159],[77.727993,28.116071],[77.728655,28.116495],[77.729418,28.116946],[77.730391,28.117509],[77.73117,28.118117],[77.731389,28.118185],[77.731608,28.118289],[77.731664,28.118474],[77.731629,28.118543],[77.731522,28.118758],[77.731298,28.119038],[77.731181,28.119232],[77.731273,28.119439],[77.731701,28.119854],[77.732078,28.120418],[77.732587,28.121279],[77.732674,28.1216],[77.732883,28.121924],[77.73299,28.12229],[77.733143,28.122795],[77.73321,28.123151],[77.733353,28.123395],[77.733455,28.123954],[77.733639,28.124509],[77.733797,28.125131],[77.733976,28.125831],[77.734058,28.126521],[77.734171,28.126895],[77.734175,28.126909],[77.734241,28.127022],[77.73423,28.12703],[77.73414,28.127104],[77.733397,28.127703],[77.7327,28.128417],[77.732106,28.129017],[77.73179,28.129428],[77.731104,28.130132],[77.731079,28.130236],[77.731145,28.130371],[77.731507,28.130831],[77.731935,28.131332],[77.732028,28.131441],[77.732352,28.131787],[77.732546,28.131891],[77.732897,28.132098],[77.733091,28.132224],[77.733325,28.132418],[77.734053,28.132774],[77.734674,28.133108],[77.735367,28.133518],[77.735886,28.133887],[77.736029,28.133896],[77.736136,28.133874],[77.73638,28.133666],[77.736487,28.133666],[77.736721,28.133769],[77.737872,28.134608],[77.738564,28.135036],[77.739119,28.135275],[77.739369,28.135459],[77.740433,28.136036],[77.74108,28.136356],[77.74139,28.136446],[77.741589,28.136504],[77.741757,28.136631],[77.741884,28.136725],[77.741951,28.136802],[77.741758,28.137136],[77.741784,28.137966],[77.74237,28.138931],[77.742783,28.139571],[77.743068,28.139941],[77.743445,28.140306],[77.743848,28.140884],[77.744093,28.141307],[77.744108,28.141479],[77.743966,28.141664],[77.74363,28.141998],[77.74363,28.142093],[77.74364,28.142192],[77.743809,28.142354],[77.743952,28.142805],[77.743825,28.143369],[77.743825,28.143712],[77.743953,28.14406],[77.744019,28.144384],[77.744279,28.144763],[77.744463,28.145111],[77.74458,28.145282],[77.744555,28.145521],[77.744708,28.145846],[77.744983,28.146179],[77.745034,28.146351],[77.744851,28.146604],[77.744556,28.146766],[77.744073,28.147249],[77.744063,28.14734],[77.744205,28.147488],[77.744985,28.148183],[77.745061,28.148273],[77.745011,28.148458],[77.744401,28.149388],[77.744091,28.149871],[77.743831,28.150182],[77.743613,28.150512],[77.743465,28.1508],[77.743272,28.151143],[77.74312,28.151328],[77.743038,28.15141],[77.743054,28.151572],[77.743248,28.151983],[77.744002,28.152893],[77.744716,28.153664],[77.74495,28.153917],[77.745495,28.154444],[77.74603,28.154904],[77.746274,28.155125],[77.747003,28.155422],[77.74743,28.155737],[77.747976,28.156126],[77.748382,28.156378],[77.748747,28.156528],[77.748956,28.156675],[77.749986,28.157437],[77.751534,28.158874],[77.752342,28.159653],[77.753459,28.159953],[77.753966,28.160194],[77.753911,28.160652],[77.754259,28.160851],[77.755962,28.160122],[77.756686,28.16009],[77.75937,28.15969],[77.760635,28.159445],[77.759443,28.157822],[77.7598,28.157357],[77.76053,28.156389],[77.761657,28.154362],[77.762082,28.15332],[77.761679,28.152689],[77.761027,28.152034],[77.761029,28.151861],[77.761123,28.151581],[77.761322,28.150983],[77.761906,28.150581],[77.762091,28.150194],[77.762205,28.149803],[77.762164,28.148271],[77.762402,28.148097],[77.762788,28.147866],[77.763585,28.147356],[77.764038,28.146983],[77.76524,28.146122],[77.765709,28.145993],[77.765852,28.145645],[77.765658,28.144961],[77.766199,28.144645],[77.766387,28.144384],[77.76618,28.143574],[77.766469,28.143197],[77.766827,28.142748],[77.766307,28.141683],[77.766343,28.141342],[77.766782,28.141078],[77.767061,28.140924],[77.768512,28.139439],[77.770977,28.137161],[77.772636,28.136558],[77.773028,28.136994],[77.774465,28.138431],[77.775396,28.139478],[77.775854,28.140226],[77.776193,28.140442],[77.776963,28.141147],[77.77734,28.141733],[77.777885,28.142718],[77.778101,28.142963],[77.778607,28.14337],[77.778508,28.144857],[77.778876,28.145351],[77.780251,28.146397],[77.781086,28.147115],[77.782297,28.148008],[77.783923,28.148418],[77.785293,28.148755],[77.787208,28.147957],[77.791508,28.146096],[77.793058,28.145293],[77.793338,28.145344],[77.793753,28.145403],[77.794066,28.145484],[77.795139,28.145651],[77.795644,28.145773],[77.796635,28.145838],[77.797859,28.146174],[77.798958,28.146485],[77.799908,28.146843],[77.800483,28.147151],[77.800803,28.146879],[77.801526,28.146829],[77.802117,28.14699],[77.802746,28.14732],[77.803642,28.147756],[77.804515,28.148058],[77.805807,28.148061],[77.808031,28.147852],[77.808582,28.147925],[77.8083,28.149436],[77.807774,28.150888],[77.808632,28.151244],[77.809253,28.151502],[77.80985,28.151917],[77.809661,28.152858],[77.808948,28.153889],[77.807242,28.156319],[77.806975,28.156704],[77.806774,28.157238],[77.806628,28.158006],[77.806605,28.158962],[77.806649,28.159586],[77.806499,28.160307],[77.806176,28.161542],[77.805596,28.162272],[77.805395,28.162719],[77.806292,28.163061],[77.808774,28.164066],[77.808924,28.164126],[77.810911,28.16372],[77.81139,28.16359],[77.814366,28.16461],[77.815797,28.165256],[77.81699,28.165685],[77.818004,28.166665],[77.818758,28.167312],[77.819751,28.166604],[77.820639,28.167649],[77.822126,28.166482],[77.822491,28.166694],[77.823141,28.167072],[77.822435,28.168365],[77.822457,28.168573],[77.823075,28.169094],[77.822345,28.170054],[77.823134,28.170153],[77.823242,28.170298],[77.823012,28.170944],[77.822981,28.171138],[77.824388,28.17235],[77.826814,28.171814],[77.827596,28.17155],[77.827746,28.171511],[77.827829,28.171231],[77.827796,28.170716],[77.828734,28.170667],[77.829811,28.17063],[77.830644,28.171482],[77.831462,28.172351],[77.831575,28.172451],[77.832193,28.172473],[77.832812,28.172322],[77.833916,28.173077],[77.835544,28.174134],[77.836601,28.174929],[77.83688,28.175242],[77.837138,28.176048],[77.837404,28.176535],[77.838195,28.177133],[77.838468,28.177393],[77.83909,28.178471],[77.839539,28.179113],[77.83989,28.179721],[77.840876,28.178858],[77.842728,28.177252],[77.842581,28.176429],[77.843267,28.175736],[77.845969,28.173434]]]}},{"type":"Feature","properties":{"OBJECTID":2534,"state_lgd":"09","state_name":"UTTAR PRADESH","district_lgd":"143","district_name":"ALIGARH","district_name_source":"district_table","subdistrict_lgd":"756","subdistrict_name":"IGLAS","subdistrict_type":"Tehsil","name_corrupted":false,"remarks":""},"geometry":{"type":"Polygon","coordinates":[[[77.882538,27.908285],[77.883167,27.908103],[77.884766,27.908633],[77.885538,27.908421],[77.886574,27.907418],[77.887381,27.906143],[77.889539,27.904283],[77.891216,27.903385],[77.892435,27.902115],[77.89377,27.901339],[77.894459,27.900761],[77.894413,27.900316],[77.894462,27.899523],[77.897026,27.897922],[77.898539,27.897211],[77.899959,27.896722],[77.900975,27.896831],[77.901969,27.897241],[77.90307,27.898684],[77.903598,27.899215],[77.905083,27.897981],[77.90561,27.89748],[77.90637,27.897998],[77.90681,27.898353],[77.907527,27.898219],[77.90808,27.897195],[77.908678,27.89671],[77.909851,27.898155],[77.910754,27.897611],[77.910531,27.897037],[77.911183,27.896537],[77.913677,27.895903],[77.914297,27.896197],[77.915569,27.898135],[77.917561,27.900875],[77.919326,27.902192],[77.923984,27.897126],[77.924877,27.89609],[77.924869,27.895471],[77.924794,27.895376],[77.924274,27.894717],[77.91943,27.890558],[77.917907,27.888649],[77.917545,27.88785],[77.917607,27.887297],[77.917629,27.887105],[77.918461,27.886513],[77.920226,27.885647],[77.922201,27.883958],[77.922875,27.883189],[77.922863,27.883132],[77.922754,27.882598],[77.922693,27.882298],[77.923926,27.881251],[77.924063,27.880506],[77.924148,27.879714],[77.926511,27.8783],[77.92696,27.877099],[77.925493,27.875048],[77.923345,27.873163],[77.925812,27.870893],[77.925843,27.870131],[77.922628,27.86793],[77.922673,27.867359],[77.924578,27.865591],[77.927685,27.863536],[77.928108,27.863859],[77.929871,27.862001],[77.93115,27.861382],[77.932585,27.861036],[77.933836,27.861004],[77.93729,27.859494],[77.93851,27.85916],[77.941399,27.857277],[77.942053,27.856603],[77.942422,27.855893],[77.941984,27.855379],[77.94095,27.854731],[77.941061,27.854494],[77.942002,27.853745],[77.941759,27.853337],[77.94081,27.852896],[77.940041,27.852441],[77.937934,27.849675],[77.936527,27.848355],[77.936914,27.847646],[77.938634,27.846208],[77.939836,27.844516],[77.940042,27.844226],[77.940138,27.844217],[77.940972,27.844142],[77.942165,27.844364],[77.944025,27.843134],[77.948074,27.840186],[77.943904,27.837449],[77.942837,27.834991],[77.940949,27.832521],[77.940677,27.830581],[77.94002,27.829286],[77.936462,27.826287],[77.936027,27.825567],[77.93596,27.825296],[77.936164,27.824839],[77.937054,27.823945],[77.935438,27.822321],[77.935377,27.821653],[77.936695,27.819702],[77.938905,27.81673],[77.940415,27.815019],[77.940552,27.814275],[77.939567,27.813389],[77.93792,27.812018],[77.93882,27.810497],[77.939947,27.808726],[77.940548,27.808003],[77.941541,27.808429],[77.943329,27.809389],[77.94573,27.807737],[77.947728,27.806763],[77.948862,27.806238],[77.94952,27.805294],[77.949863,27.803996],[77.951756,27.802846],[77.953625,27.801915],[77.95505,27.801206],[77.957112,27.800708],[77.958962,27.79889],[77.9601,27.796968],[77.961279,27.795888],[77.962503,27.795221],[77.965818,27.795597],[77.968431,27.796329],[77.971389,27.797764],[77.971639,27.797751],[77.972791,27.797147],[77.973778,27.797969],[77.974447,27.798518],[77.975926,27.799822],[77.977157,27.800997],[77.977897,27.80157],[77.980005,27.802613],[77.981856,27.803018],[77.983864,27.803591],[77.986019,27.805016],[77.987167,27.805808],[77.987452,27.805875],[77.987916,27.805834],[77.988282,27.805298],[77.989455,27.80344],[77.99015,27.802401],[77.991358,27.801638],[77.992482,27.8017],[77.994495,27.803123],[77.998707,27.806637],[77.999579,27.807095],[78.000563,27.807747],[78.001994,27.808583],[78.003744,27.80968],[78.004545,27.810393],[78.00696,27.812393],[78.007508,27.812727],[78.00974,27.814296],[78.010783,27.813073],[78.011617,27.813782],[78.012256,27.814538],[78.013243,27.814588],[78.013391,27.81469],[78.013505,27.815017],[78.014022,27.815965],[78.015315,27.817747],[78.016398,27.819169],[78.017405,27.820453],[78.018054,27.821116],[78.018711,27.821514],[78.019513,27.82208],[78.020543,27.820853],[78.021439,27.820071],[78.022688,27.819072],[78.023929,27.818147],[78.023724,27.817529],[78.022745,27.815694],[78.022073,27.814228],[78.021199,27.812369],[78.020654,27.811231],[78.026171,27.80816],[78.025451,27.806509],[78.024754,27.804629],[78.023854,27.802441],[78.025503,27.801225],[78.024235,27.799007],[78.024705,27.79845],[78.023906,27.797602],[78.026355,27.794554],[78.027542,27.795403],[78.029374,27.793352],[78.031125,27.79139],[78.031235,27.791221],[78.031529,27.790766],[78.031093,27.790301],[78.031435,27.789933],[78.03243,27.788986],[78.033617,27.78793],[78.033285,27.78731],[78.034026,27.786795],[78.03496,27.786146],[78.035239,27.78627],[78.036058,27.786674],[78.036756,27.786397],[78.038379,27.785682],[78.038971,27.785349],[78.039564,27.785014],[78.040444,27.784381],[78.04046,27.783663],[78.041228,27.782691],[78.041031,27.780582],[78.040704,27.780354],[78.040704,27.77803],[78.040669,27.776561],[78.040565,27.775449],[78.042531,27.77426],[78.041695,27.771871],[78.041091,27.771991],[78.040718,27.771474],[78.039521,27.771846],[78.039034,27.771462],[78.038697,27.771823],[78.037568,27.771099],[78.036848,27.771597],[78.03665,27.771099],[78.036069,27.770882],[78.036105,27.770521],[78.036069,27.77023],[78.035826,27.769993],[78.034743,27.76933],[78.034185,27.769682],[78.031817,27.767996],[78.029963,27.766964],[78.028766,27.76746],[78.028104,27.767772],[78.0273,27.767855],[78.02594,27.769044],[78.025572,27.768955],[78.025205,27.768867],[78.024903,27.768547],[78.024588,27.76833],[78.024401,27.768175],[78.024368,27.767523],[78.024518,27.767407],[78.024508,27.76713],[78.023709,27.766255],[78.023704,27.76625],[78.022893,27.76565],[78.023461,27.765054],[78.022346,27.763565],[78.021567,27.762694],[78.020578,27.762445],[78.019927,27.76226],[78.019336,27.762073],[78.018398,27.760735],[78.018015,27.759855],[78.017805,27.75941],[78.017526,27.758402],[78.018224,27.75777],[78.018458,27.757533],[78.018597,27.757141],[78.018412,27.756945],[78.018981,27.755826],[78.018796,27.755724],[78.019214,27.755009],[78.019004,27.754824],[78.020255,27.752733],[78.020256,27.752732],[78.02041,27.752472],[78.020666,27.75216],[78.021153,27.751687],[78.023213,27.750259],[78.024779,27.75146],[78.026414,27.753012],[78.027404,27.752092],[78.027997,27.751585],[78.028867,27.750985],[78.029169,27.750861],[78.030013,27.751421],[78.032258,27.750573],[78.032872,27.750347],[78.033384,27.75014],[78.034671,27.749822],[78.037036,27.748527],[78.03793,27.748236],[78.038839,27.748003],[78.039614,27.748056],[78.040958,27.748964],[78.041807,27.749478],[78.042087,27.749165],[78.042826,27.748383],[78.043262,27.747381],[78.043614,27.746609],[78.043951,27.745721],[78.042485,27.74435],[78.041509,27.74331],[78.039887,27.742021],[78.038418,27.740837],[78.038765,27.740338],[78.037858,27.739391],[78.036679,27.738389],[78.035789,27.737464],[78.035501,27.737165],[78.034958,27.73677],[78.034433,27.736246],[78.033871,27.736008],[78.033063,27.735984],[78.032498,27.735891],[78.031944,27.73515],[78.030697,27.732802],[78.030121,27.733062],[78.028079,27.73439],[78.026122,27.735488],[78.024998,27.73602],[78.023775,27.736696],[78.022428,27.737298],[78.021846,27.737558],[78.020039,27.738298],[78.01953,27.737817],[78.01818,27.737297],[78.017246,27.738062],[78.01599,27.738795],[78.014551,27.739813],[78.013674,27.740328],[78.014008,27.740692],[78.013363,27.741017],[78.012334,27.740225],[78.011165,27.738512],[78.010482,27.737148],[78.010088,27.736362],[78.009469,27.734613],[78.008769,27.732877],[78.008192,27.731609],[78.007445,27.730808],[78.006843,27.730038],[78.006239,27.729354],[78.005984,27.729135],[78.005518,27.728971],[78.004449,27.728342],[78.00511,27.727444],[78.006098,27.726348],[78.006893,27.725135],[78.007597,27.724525],[78.008037,27.724133],[78.00873,27.724242],[78.009998,27.72479],[78.01115,27.725539],[78.012301,27.724344],[78.013515,27.723237],[78.013538,27.723212],[78.015238,27.721351],[78.015898,27.720525],[78.015343,27.719812],[78.014181,27.718704],[78.013881,27.71824],[78.014163,27.717797],[78.015294,27.716385],[78.014429,27.715258],[78.012824,27.713483],[78.011857,27.712334],[78.010824,27.711216],[78.010592,27.710609],[78.009798,27.709707],[78.009597,27.709308],[78.008492,27.709697],[78.006974,27.708613],[78.005807,27.707764],[78.005307,27.707447],[78.005144,27.707345],[78.004831,27.707147],[78.003378,27.706254],[78.001941,27.705143],[78.001003,27.704138],[78.001398,27.703671],[78.001497,27.703554],[78.002484,27.702487],[78.00306,27.701833],[78.002974,27.701234],[78.002219,27.699973],[78.001507,27.699014],[78.000858,27.698142],[77.999884,27.697382],[77.998717,27.696127],[77.998431,27.695599],[77.997593,27.696113],[77.997257,27.69591],[77.997023,27.695526],[77.996738,27.694935],[77.996334,27.695057],[77.996202,27.694924],[77.99524,27.6943],[77.994493,27.69387],[77.993716,27.693312],[77.993233,27.692829],[77.99248,27.692502],[77.991892,27.692255],[77.991873,27.692247],[77.991847,27.692236],[77.991293,27.692002],[77.991277,27.691851],[77.991646,27.690577],[77.991983,27.690145],[77.99217,27.690139],[77.992514,27.690374],[77.99354,27.690959],[77.994242,27.690031],[77.99486,27.689284],[77.995321,27.688932],[77.995291,27.688598],[77.995244,27.688185],[77.995478,27.688045],[77.996341,27.687643],[77.998451,27.685887],[78.00102,27.684927],[78.002891,27.684101],[78.004647,27.683476],[78.005329,27.68324],[78.006401,27.682893],[78.00705,27.6827],[78.006642,27.681976],[78.007133,27.681564],[78.007589,27.681326],[78.008303,27.681162],[78.008321,27.680692],[78.008915,27.679908],[78.009754,27.678925],[78.010211,27.678267],[78.011543,27.677207],[78.01187,27.676981],[78.012738,27.677251],[78.014274,27.675777],[78.01539,27.674654],[78.016344,27.673616],[78.016622,27.673207],[78.01731,27.673633],[78.018855,27.672976],[78.020521,27.67186],[78.021594,27.670435],[78.022504,27.668953],[78.022799,27.667732],[78.022558,27.666536],[78.021863,27.66552],[78.021421,27.664801],[78.02051,27.663192],[78.019917,27.661875],[78.019725,27.661406],[78.019481,27.660805],[78.018845,27.660213],[78.017864,27.659899],[78.017312,27.660108],[78.01582,27.659413],[78.014765,27.658665],[78.016284,27.656627],[78.017048,27.655327],[78.017617,27.653999],[78.018064,27.6533],[78.018641,27.652587],[78.018986,27.652218],[78.019718,27.651896],[78.021569,27.651103],[78.021863,27.650891],[78.02203,27.650472],[78.02235,27.649688],[78.02241,27.648998],[78.022374,27.648207],[78.02203,27.647502],[78.021522,27.646891],[78.021132,27.646256],[78.020415,27.646431],[78.01962,27.646623],[78.019265,27.646821],[78.01834,27.646075],[78.017749,27.64565],[78.017171,27.645442],[78.016537,27.645678],[78.015643,27.646013],[78.014194,27.646914],[78.013225,27.64791],[78.012242,27.647797],[78.011173,27.647941],[78.010396,27.648136],[78.009201,27.648434],[78.008537,27.648555],[78.007319,27.648971],[78.005748,27.64924],[78.00523,27.649262],[78.004113,27.648413],[78.003393,27.647958],[78.002269,27.646768],[78.001202,27.645833],[78.000393,27.644916],[77.999726,27.644174],[77.99932,27.6437],[77.999213,27.643574],[77.999092,27.643432],[77.998796,27.643031],[77.998701,27.642993],[77.998639,27.642954],[77.998625,27.642945],[77.998262,27.642801],[77.998167,27.642813],[77.997975,27.642925],[77.997741,27.642977],[77.997622,27.642713],[77.997521,27.642502],[77.997048,27.642026],[77.996688,27.641649],[77.99635,27.641416],[77.995607,27.640969],[77.994606,27.640516],[77.994272,27.640355],[77.993778,27.640016],[77.992704,27.639457],[77.991568,27.638852],[77.991202,27.638597],[77.990853,27.638402],[77.990449,27.638114],[77.989539,27.637419],[77.988735,27.636888],[77.988158,27.636504],[77.9879,27.636221],[77.987509,27.635994],[77.986958,27.635652],[77.986312,27.635369],[77.985811,27.635206],[77.985674,27.635141],[77.985576,27.635051],[77.985532,27.634849],[77.985384,27.634305],[77.985269,27.633728],[77.985193,27.633484],[77.984817,27.632903],[77.984373,27.632121],[77.984075,27.631457],[77.983664,27.630678],[77.983593,27.630424],[77.983393,27.629876],[77.983241,27.629232],[77.983086,27.628896],[77.982835,27.628237],[77.98307,27.628096],[77.983177,27.627915],[77.983176,27.627687],[77.983152,27.627422],[77.983177,27.626775],[77.98309,27.626278],[77.982924,27.625942],[77.982533,27.625433],[77.982386,27.625135],[77.982451,27.624942],[77.982061,27.624261],[77.981933,27.623754],[77.981867,27.623434],[77.981669,27.622515],[77.981559,27.62207],[77.981443,27.621528],[77.982202,27.621934],[77.982581,27.621415],[77.983019,27.620924],[77.983195,27.620742],[77.983523,27.620514],[77.98378,27.620303],[77.984192,27.619757],[77.984431,27.619435],[77.9847,27.619015],[77.984886,27.618648],[77.985012,27.618348],[77.985157,27.618088],[77.985263,27.617754],[77.985758,27.617159],[77.985958,27.616923],[77.987052,27.616007],[77.987551,27.615668],[77.988063,27.615187],[77.988272,27.614972],[77.988781,27.614498],[77.988445,27.614276],[77.988629,27.61413],[77.988969,27.613933],[77.989515,27.613497],[77.98979,27.613272],[77.990079,27.613088],[77.990552,27.612859],[77.991124,27.612389],[77.991474,27.612055],[77.991925,27.611651],[77.992234,27.61143],[77.992554,27.611209],[77.993101,27.610941],[77.993532,27.610721],[77.995046,27.609723],[77.995611,27.60927],[77.995803,27.609011],[77.996169,27.608515],[77.996463,27.608737],[77.996877,27.608407],[77.997307,27.608117],[77.997676,27.607947],[77.997617,27.607825],[77.997922,27.607635],[77.998512,27.607457],[77.998708,27.60744],[77.999531,27.60649],[78.000625,27.606045],[78.001498,27.605764],[78.001868,27.605262],[78.000626,27.60449],[78.000313,27.603772],[78.000016,27.603275],[77.998754,27.603446],[77.998598,27.603483],[77.998349,27.603429],[77.997818,27.603105],[77.996977,27.602433],[77.996289,27.60168],[77.995981,27.601822],[77.995687,27.601871],[77.995387,27.601886],[77.995103,27.6018],[77.994788,27.601572],[77.994576,27.601741],[77.994296,27.601909],[77.99389,27.602166],[77.993351,27.602286],[77.992956,27.602318],[77.992012,27.602366],[77.991253,27.602529],[77.99052,27.602729],[77.990387,27.602668],[77.990115,27.60238],[77.989814,27.602317],[77.98952,27.602388],[77.988806,27.602692],[77.987818,27.603162],[77.987317,27.603525],[77.987126,27.603807],[77.986773,27.603578],[77.986499,27.603392],[77.986031,27.603296],[77.985729,27.603311],[77.985332,27.603388],[77.984973,27.603521],[77.984135,27.603795],[77.983877,27.603907],[77.983701,27.603931],[77.983632,27.603919],[77.983404,27.603726],[77.983144,27.60345],[77.982583,27.602912],[77.98232,27.602838],[77.981944,27.602889],[77.981744,27.603062],[77.98146,27.603241],[77.981203,27.603298],[77.980856,27.603267],[77.980265,27.603099],[77.979654,27.602822],[77.979329,27.602665],[77.978643,27.60286],[77.978282,27.602491],[77.977629,27.601855],[77.97708,27.601329],[77.97698,27.601279],[77.976926,27.601289],[77.976837,27.60134],[77.976667,27.60148],[77.976406,27.60154],[77.976048,27.601506],[77.975786,27.601413],[77.9755,27.601204],[77.975219,27.600927],[77.974776,27.60044],[77.974285,27.599948],[77.974143,27.599636],[77.974073,27.599329],[77.974068,27.598996],[77.974177,27.598562],[77.97404,27.598387],[77.973246,27.597558],[77.973038,27.597365],[77.972891,27.597199],[77.97213,27.596434],[77.971471,27.595831],[77.970793,27.596197],[77.970482,27.596339],[77.969873,27.597168],[77.969564,27.597616],[77.968863,27.598728],[77.968779,27.598962],[77.968698,27.59914],[77.968363,27.599614],[77.968091,27.599887],[77.967822,27.600036],[77.967538,27.600235],[77.967337,27.600471],[77.966681,27.601251],[77.966269,27.601748],[77.965759,27.602218],[77.965284,27.602701],[77.964748,27.603154],[77.964527,27.603338],[77.964191,27.603771],[77.963889,27.604312],[77.96355,27.60491],[77.963367,27.605367],[77.963225,27.605964],[77.963076,27.60639],[77.962783,27.607335],[77.96273,27.607906],[77.962724,27.609438],[77.962885,27.611006],[77.96279,27.611953],[77.963008,27.612199],[77.963307,27.612509],[77.96293,27.612913],[77.961903,27.613782],[77.961012,27.61445],[77.960377,27.615304],[77.959997,27.615367],[77.958958,27.614793],[77.9587,27.614936],[77.958161,27.61494],[77.957883,27.614765],[77.957293,27.614421],[77.956847,27.614755],[77.956369,27.614398],[77.955591,27.61376],[77.954625,27.612959],[77.954066,27.612496],[77.953528,27.612048],[77.953665,27.611867],[77.953937,27.611564],[77.954924,27.610277],[77.954419,27.60987],[77.95361,27.609214],[77.953126,27.608838],[77.952537,27.608408],[77.951813,27.607838],[77.95163,27.607589],[77.951072,27.606857],[77.950673,27.606403],[77.949854,27.605735],[77.949298,27.605377],[77.948884,27.605035],[77.948088,27.604487],[77.947622,27.604242],[77.947276,27.604125],[77.946595,27.604709],[77.945467,27.605501],[77.945235,27.605326],[77.944378,27.606197],[77.94372,27.606973],[77.94289,27.607986],[77.942369,27.608524],[77.942108,27.608327],[77.941409,27.609057],[77.940999,27.609523],[77.941204,27.609809],[77.940894,27.610039],[77.940689,27.610012],[77.939556,27.609564],[77.939106,27.609379],[77.938359,27.609145],[77.937435,27.608751],[77.936945,27.608461],[77.936237,27.608146],[77.935904,27.608037],[77.935255,27.607714],[77.934601,27.607422],[77.93396,27.607137],[77.933747,27.607328],[77.933542,27.607057],[77.933083,27.607477],[77.932458,27.607222],[77.932065,27.607135],[77.931084,27.606853],[77.930399,27.606702],[77.929765,27.606499],[77.928833,27.606083],[77.928558,27.60596],[77.927922,27.605631],[77.927357,27.605302],[77.926775,27.604973],[77.926576,27.60491],[77.926241,27.604854],[77.925566,27.604613],[77.925267,27.604423],[77.924765,27.604087],[77.923844,27.603537],[77.923289,27.603111],[77.92311,27.603303],[77.922578,27.60302],[77.921887,27.602667],[77.921328,27.602286],[77.920803,27.60207],[77.920171,27.601748],[77.919587,27.601442],[77.919248,27.601295],[77.919025,27.601112],[77.918328,27.600633],[77.91776,27.600229],[77.917555,27.599957],[77.916836,27.599335],[77.917688,27.598517],[77.917414,27.598349],[77.917658,27.598031],[77.917083,27.597476],[77.916513,27.596945],[77.916093,27.596484],[77.916257,27.596195],[77.916395,27.595972],[77.916818,27.595485],[77.916825,27.594573],[77.916915,27.594208],[77.917686,27.594218],[77.918036,27.59438],[77.918372,27.594146],[77.917892,27.593937],[77.91771,27.593815],[77.917078,27.593448],[77.916422,27.593066],[77.91713,27.592604],[77.917005,27.592057],[77.917514,27.591675],[77.918023,27.591346],[77.9187,27.590951],[77.918913,27.590775],[77.918874,27.59061],[77.918693,27.590361],[77.918348,27.590192],[77.91739,27.589828],[77.917206,27.589796],[77.916768,27.590447],[77.91617,27.59109],[77.915884,27.591015],[77.915299,27.590663],[77.914977,27.590345],[77.914472,27.590604],[77.913515,27.591178],[77.913022,27.591586],[77.912661,27.591342],[77.912308,27.591024],[77.912055,27.59114],[77.911864,27.590973],[77.91125,27.59061],[77.910493,27.591407],[77.909932,27.591078],[77.909751,27.591375],[77.909477,27.591225],[77.908984,27.590857],[77.908782,27.591022],[77.908442,27.590547],[77.908246,27.590238],[77.908307,27.589749],[77.908387,27.589197],[77.908155,27.58906],[77.907762,27.588987],[77.907792,27.587954],[77.907488,27.588192],[77.906949,27.588588],[77.906703,27.588768],[77.90587,27.589325],[77.905705,27.589158],[77.905243,27.588677],[77.904736,27.588178],[77.904244,27.588646],[77.903753,27.588202],[77.903995,27.587996],[77.903705,27.587768],[77.903413,27.58757],[77.903095,27.587274],[77.902656,27.586734],[77.902418,27.58651],[77.902055,27.585941],[77.902559,27.585619],[77.902363,27.585419],[77.902076,27.584806],[77.902694,27.584201],[77.902638,27.584152],[77.902343,27.58376],[77.902124,27.583521],[77.901507,27.582736],[77.901142,27.582249],[77.900468,27.581284],[77.900054,27.581491],[77.899427,27.580369],[77.899219,27.57981],[77.899282,27.579758],[77.899772,27.579525],[77.899479,27.579449],[77.899233,27.579285],[77.898896,27.579075],[77.898364,27.578731],[77.898088,27.578574],[77.897891,27.578522],[77.897763,27.578531],[77.897589,27.5786],[77.897444,27.578703],[77.897134,27.578947],[77.897034,27.579018],[77.896982,27.579037],[77.896938,27.579036],[77.896815,27.578953],[77.896657,27.578774],[77.896407,27.578571],[77.896225,27.578494],[77.896071,27.578524],[77.895944,27.578624],[77.895683,27.578915],[77.895604,27.579051],[77.895602,27.579149],[77.895615,27.579241],[77.895709,27.57933],[77.895972,27.579624],[77.896502,27.580046],[77.896874,27.580561],[77.897227,27.580834],[77.897518,27.581181],[77.897614,27.581362],[77.89763,27.581512],[77.897666,27.58166],[77.897759,27.581802],[77.897848,27.581937],[77.897865,27.582032],[77.89782,27.582093],[77.897745,27.582177],[77.897696,27.582271],[77.897691,27.582343],[77.897781,27.582446],[77.897833,27.582606],[77.897829,27.582665],[77.897763,27.582736],[77.89731,27.583021],[77.897138,27.583218],[77.896995,27.583396],[77.896473,27.583719],[77.896129,27.584022],[77.895439,27.584689],[77.895057,27.585069],[77.894761,27.58548],[77.894517,27.585807],[77.894429,27.585898],[77.89434,27.585965],[77.894256,27.58597],[77.893933,27.585763],[77.893648,27.585694],[77.89337,27.585671],[77.893172,27.585646],[77.892909,27.585835],[77.892554,27.586101],[77.892179,27.586371],[77.8918,27.586713],[77.891576,27.586915],[77.891179,27.587312],[77.890844,27.587627],[77.890386,27.58803],[77.890118,27.588356],[77.889792,27.588777],[77.889458,27.589253],[77.889361,27.589373],[77.888149,27.588773],[77.887684,27.588546],[77.886797,27.588322],[77.885798,27.58811],[77.885129,27.587813],[77.884688,27.587427],[77.884287,27.587221],[77.883389,27.586736],[77.882735,27.586392],[77.882434,27.586268],[77.882411,27.586225],[77.882346,27.586105],[77.882177,27.5857],[77.882082,27.58486],[77.881862,27.58441],[77.881709,27.584209],[77.881474,27.583971],[77.881452,27.583879],[77.88147,27.583558],[77.88147,27.58337],[77.881399,27.58314],[77.881201,27.582676],[77.881175,27.582564],[77.881002,27.582394],[77.8809,27.582289],[77.88081,27.582148],[77.880827,27.582068],[77.88089,27.58189],[77.880928,27.581689],[77.880685,27.581395],[77.879788,27.580555],[77.878943,27.579789],[77.878296,27.579314],[77.877596,27.57867],[77.877129,27.578127],[77.876147,27.577124],[77.875762,27.576823],[77.875556,27.576543],[77.875284,27.576148],[77.875227,27.575913],[77.875162,27.575451],[77.874988,27.575079],[77.874884,27.574933],[77.874835,27.574854],[77.874818,27.574778],[77.874819,27.574714],[77.874864,27.574659],[77.874962,27.574618],[77.875065,27.574611],[77.875339,27.57457],[77.875427,27.574543],[77.875487,27.574521],[77.875519,27.574472],[77.875503,27.574312],[77.875275,27.573974],[77.87515,27.57381],[77.875095,27.57372],[77.875083,27.573664],[77.875083,27.57363],[77.875094,27.573594],[77.875126,27.573558],[77.875179,27.57355],[77.875241,27.573576],[77.875313,27.573611],[77.875428,27.573643],[77.875497,27.573647],[77.875548,27.573631],[77.875567,27.573617],[77.875567,27.573581],[77.875537,27.573499],[77.875329,27.572999],[77.874979,27.572385],[77.874734,27.572046],[77.874553,27.571798],[77.874499,27.571724],[77.874499,27.571724],[77.874286,27.571405],[77.874049,27.571248],[77.873713,27.571219],[77.873217,27.571252],[77.871467,27.571518],[77.869469,27.571918],[77.86884,27.572044],[77.868739,27.572041],[77.867419,27.573589],[77.866188,27.575142],[77.865894,27.57613],[77.865505,27.577198],[77.864822,27.579213],[77.86482,27.579371],[77.864794,27.580865],[77.864377,27.583585],[77.864059,27.585976],[77.863396,27.586793],[77.862638,27.587774],[77.862803,27.589016],[77.863154,27.590177],[77.8624,27.59091],[77.860236,27.592863],[77.857973,27.595146],[77.856459,27.597025],[77.85514,27.598288],[77.854202,27.598936],[77.852796,27.599908],[77.852702,27.600132],[77.852119,27.601551],[77.85003,27.604496],[77.849164,27.606384],[77.849798,27.607219],[77.850886,27.608638],[77.850765,27.610288],[77.852041,27.611545],[77.852305,27.612374],[77.853131,27.612799],[77.855053,27.614229],[77.85761,27.616411],[77.85911,27.617955],[77.859887,27.618755],[77.861893,27.620682],[77.862064,27.62151],[77.861203,27.623068],[77.860146,27.625136],[77.859434,27.626613],[77.858846,27.6282],[77.858605,27.628793],[77.858321,27.629605],[77.858054,27.630098],[77.857815,27.630538],[77.857577,27.630978],[77.857356,27.631344],[77.857429,27.631472],[77.857049,27.631857],[77.856595,27.632312],[77.856366,27.632706],[77.85611,27.632972],[77.85577,27.633308],[77.85436,27.634587],[77.853464,27.635312],[77.85282,27.635935],[77.852421,27.636497],[77.852216,27.636849],[77.852034,27.637244],[77.851985,27.637505],[77.85184,27.638085],[77.851762,27.638495],[77.851757,27.638786],[77.851877,27.638986],[77.852202,27.639487],[77.852451,27.639852],[77.852677,27.640132],[77.852705,27.640317],[77.852257,27.640708],[77.851683,27.641246],[77.851846,27.641482],[77.851327,27.642022],[77.851117,27.64221],[77.850709,27.642531],[77.850305,27.642887],[77.84999,27.643195],[77.849591,27.643679],[77.849383,27.643967],[77.848964,27.644309],[77.848729,27.644532],[77.848703,27.644681],[77.848737,27.644979],[77.848859,27.645286],[77.848954,27.645592],[77.849247,27.646107],[77.849235,27.646369],[77.849121,27.646517],[77.849159,27.646624],[77.849031,27.646672],[77.848598,27.646836],[77.848197,27.647029],[77.847854,27.647265],[77.847829,27.647336],[77.847875,27.647457],[77.848062,27.647715],[77.84813,27.647886],[77.848292,27.648222],[77.848543,27.648644],[77.84868,27.649028],[77.848839,27.649499],[77.849056,27.649863],[77.849135,27.650091],[77.849552,27.650863],[77.849814,27.651356],[77.849919,27.651967],[77.849905,27.652343],[77.849727,27.652468],[77.848461,27.65299],[77.847756,27.653222],[77.847686,27.653384],[77.847776,27.653711],[77.848069,27.654269],[77.848331,27.654747],[77.848099,27.654787],[77.847902,27.654671],[77.847654,27.654788],[77.84717,27.654916],[77.846707,27.654974],[77.846103,27.65493],[77.845148,27.654888],[77.844659,27.654889],[77.844054,27.654867],[77.843426,27.654823],[77.842837,27.654814],[77.842598,27.65484],[77.842222,27.654948],[77.841998,27.654987],[77.841776,27.654956],[77.841523,27.654839],[77.841261,27.654807],[77.841009,27.654875],[77.840799,27.655028],[77.840765,27.655198],[77.840844,27.655653],[77.840875,27.656632],[77.840974,27.657399],[77.840877,27.657469],[77.840605,27.657508],[77.840193,27.657445],[77.839507,27.657507],[77.838996,27.657571],[77.839048,27.658281],[77.838728,27.658347],[77.838703,27.658872],[77.838601,27.659253],[77.838186,27.659304],[77.837598,27.659254],[77.837622,27.6588],[77.837511,27.658316],[77.837133,27.657148],[77.835808,27.657329],[77.833846,27.657543],[77.833222,27.657719],[77.833188,27.657832],[77.833262,27.658173],[77.833483,27.658538],[77.83384,27.658564],[77.8339,27.658813],[77.833921,27.65897],[77.833769,27.659024],[77.833504,27.659134],[77.833095,27.659313],[77.832722,27.659499],[77.832175,27.659811],[77.831853,27.659991],[77.831195,27.660344],[77.830223,27.661075],[77.829923,27.661383],[77.829777,27.661551],[77.829622,27.661733],[77.829299,27.662006],[77.828958,27.662384],[77.828799,27.662616],[77.828657,27.662975],[77.828647,27.663124],[77.828755,27.663331],[77.828799,27.663495],[77.828843,27.663765],[77.829038,27.664193],[77.829191,27.664543],[77.829504,27.664874],[77.829714,27.665146],[77.829758,27.665359],[77.829581,27.665463],[77.829159,27.665713],[77.828558,27.665953],[77.828379,27.665723],[77.827994,27.665874],[77.827272,27.666205],[77.826783,27.666404],[77.826877,27.666689],[77.827311,27.667376],[77.827592,27.668174],[77.828771,27.668133],[77.828948,27.668277],[77.82915,27.668571],[77.829343,27.6689],[77.829551,27.668839],[77.829936,27.668674],[77.830257,27.668508],[77.830813,27.668161],[77.830941,27.668099],[77.831035,27.668171],[77.83125,27.66843],[77.831585,27.66886],[77.831834,27.669204],[77.831869,27.669438],[77.831818,27.669643],[77.831623,27.669874],[77.831397,27.670077],[77.831065,27.67037],[77.830928,27.670439],[77.830916,27.670241],[77.830942,27.670142],[77.83078,27.670267],[77.830773,27.67021],[77.830672,27.670074],[77.830525,27.669831],[77.830437,27.669844],[77.830372,27.669957],[77.830201,27.670146],[77.82985,27.670191],[77.82907,27.670393],[77.828839,27.670425],[77.82878,27.670155],[77.828649,27.669898],[77.828121,27.670025],[77.827696,27.670189],[77.827011,27.670223],[77.826585,27.670245],[77.826136,27.670402],[77.826031,27.670472],[77.825939,27.670733],[77.825849,27.67088],[77.825513,27.671003],[77.82512,27.671168],[77.824807,27.671299],[77.824479,27.671386],[77.824368,27.671349],[77.824285,27.671107],[77.824206,27.671063],[77.824082,27.67109],[77.823639,27.671389],[77.823235,27.671731],[77.822799,27.672087],[77.822405,27.67228],[77.822108,27.672439],[77.821742,27.672632],[77.821445,27.672763],[77.82123,27.672781],[77.820838,27.672896],[77.820358,27.67306],[77.819916,27.673274],[77.819373,27.673578],[77.819247,27.673513],[77.819183,27.673519],[77.81911,27.67361],[77.818971,27.673793],[77.818867,27.673834],[77.818718,27.67374],[77.818318,27.673344],[77.818151,27.673349],[77.817974,27.673453],[77.81774,27.673173],[77.817063,27.672497],[77.816893,27.672204],[77.816966,27.672127],[77.817306,27.671841],[77.818628,27.6711],[77.817622,27.669661],[77.81703,27.668936],[77.816167,27.667718],[77.815909,27.667453],[77.815711,27.667393],[77.815535,27.66744],[77.815217,27.667656],[77.814548,27.6681],[77.814032,27.668476],[77.8133,27.668899],[77.812484,27.669363],[77.811649,27.66977],[77.810974,27.670101],[77.810227,27.670516],[77.809748,27.670786],[77.809426,27.670987],[77.809104,27.671188],[77.808574,27.671472],[77.808027,27.671776],[77.807203,27.672268],[77.806735,27.672609],[77.806283,27.672958],[77.805928,27.673237],[77.805421,27.673754],[77.804993,27.674117],[77.804565,27.674452],[77.804305,27.674725],[77.803929,27.675053],[77.803437,27.675443],[77.80259,27.676077],[77.802274,27.67637],[77.801771,27.676675],[77.800637,27.677312],[77.799736,27.677846],[77.799375,27.677571],[77.798681,27.678065],[77.798755,27.678201],[77.798343,27.678493],[77.797521,27.679077],[77.796609,27.679561],[77.795854,27.679919],[77.795363,27.680218],[77.794839,27.680565],[77.79432,27.680912],[77.793668,27.681286],[77.793208,27.681634],[77.792951,27.681794],[77.792694,27.68189],[77.792432,27.681872],[77.792231,27.681961],[77.791441,27.682291],[77.7907,27.682777],[77.790184,27.683124],[77.790034,27.683044],[77.789003,27.683945],[77.788517,27.684449],[77.789609,27.685499],[77.79035,27.686382],[77.789163,27.687302],[77.789221,27.687416],[77.788776,27.6878],[77.788331,27.688191],[77.788707,27.68855],[77.788708,27.688742],[77.788479,27.689037],[77.78811,27.689216],[77.788512,27.689455],[77.789403,27.690184],[77.790142,27.690734],[77.790832,27.691339],[77.791596,27.692016],[77.792186,27.69245],[77.792325,27.692658],[77.792329,27.692899],[77.792384,27.692978],[77.792579,27.693179],[77.79308,27.693477],[77.793796,27.693948],[77.794372,27.694225],[77.795328,27.694884],[77.796294,27.69567],[77.79727,27.696989],[77.797962,27.697942],[77.798705,27.698952],[77.799444,27.69997],[77.799695,27.700377],[77.799817,27.700726],[77.799605,27.700993],[77.799335,27.701386],[77.799107,27.701908],[77.798997,27.702254],[77.799437,27.703281],[77.79989,27.704238],[77.79943,27.705281],[77.798651,27.706795],[77.798494,27.707133],[77.797863,27.708337],[77.796975,27.709722],[77.796681,27.710115],[77.796355,27.710543],[77.795717,27.711265],[77.794686,27.711946],[77.794338,27.712225],[77.794941,27.713041],[77.795261,27.713457],[77.795139,27.71359],[77.795089,27.713724],[77.795252,27.713954],[77.795644,27.714314],[77.795976,27.714637],[77.796324,27.71528],[77.796526,27.715546],[77.796545,27.715823],[77.796549,27.716035],[77.796615,27.716157],[77.796813,27.716642],[77.797094,27.717667],[77.797307,27.718223],[77.797598,27.71888],[77.797589,27.719411],[77.797622,27.719575],[77.797632,27.719902],[77.797768,27.720343],[77.798079,27.720801],[77.798358,27.721188],[77.79856,27.721475],[77.799017,27.721765],[77.799234,27.722136],[77.79922,27.722491],[77.799389,27.722805],[77.799933,27.723607],[77.800259,27.724066],[77.799419,27.724749],[77.798998,27.725112],[77.798797,27.725222],[77.798581,27.724837],[77.798394,27.724579],[77.798299,27.724549],[77.797282,27.725357],[77.796953,27.725041],[77.795342,27.726068],[77.795588,27.726525],[77.795428,27.726594],[77.795877,27.727324],[77.794753,27.727804],[77.794568,27.727944],[77.794496,27.728425],[77.794018,27.728432],[77.794232,27.728932],[77.794586,27.729618],[77.794781,27.730287],[77.794747,27.730442],[77.795003,27.730801],[77.79471,27.731179],[77.794927,27.731537],[77.795285,27.73201],[77.79514,27.732107],[77.795814,27.732741],[77.796141,27.733157],[77.796412,27.733586],[77.79628,27.733868],[77.795311,27.734578],[77.79481,27.734982],[77.794225,27.735201],[77.794443,27.735957],[77.794764,27.736713],[77.795242,27.737628],[77.795532,27.738313],[77.795954,27.73924],[77.796499,27.739986],[77.797073,27.740844],[77.797664,27.741675],[77.798134,27.742575],[77.799102,27.744411],[77.799529,27.745049],[77.800069,27.746248],[77.800414,27.747004],[77.801009,27.748303],[77.801648,27.749567],[77.802362,27.749293],[77.802786,27.749172],[77.803239,27.74971],[77.803212,27.750065],[77.803183,27.750297],[77.803319,27.750447],[77.803519,27.750523],[77.803838,27.750853],[77.804216,27.751394],[77.804559,27.751544],[77.804628,27.751647],[77.805015,27.752278],[77.805395,27.752886],[77.805486,27.753097],[77.806037,27.753086],[77.806409,27.7531],[77.806929,27.753192],[77.807853,27.753415],[77.809213,27.753508],[77.810265,27.753602],[77.810497,27.75354],[77.811149,27.752807],[77.811494,27.75304],[77.812201,27.753703],[77.813048,27.752945],[77.813204,27.753026],[77.813588,27.753372],[77.814768,27.752502],[77.814944,27.752495],[77.816111,27.75351],[77.817084,27.75287],[77.818122,27.753977],[77.819146,27.753132],[77.820346,27.752252],[77.820867,27.752633],[77.821488,27.752184],[77.821787,27.752486],[77.822444,27.751926],[77.823187,27.751427],[77.823518,27.751698],[77.824167,27.751156],[77.824336,27.75127],[77.825863,27.750591],[77.826512,27.751086],[77.827361,27.7505],[77.827717,27.750234],[77.827854,27.750194],[77.828357,27.750387],[77.829121,27.750767],[77.829578,27.751016],[77.830048,27.751456],[77.830292,27.751324],[77.830479,27.751271],[77.83082,27.751528],[77.831588,27.752182],[77.832383,27.752884],[77.832089,27.753216],[77.831742,27.752978],[77.831433,27.753259],[77.831391,27.753417],[77.831635,27.753845],[77.831967,27.754494],[77.832663,27.755343],[77.833222,27.756051],[77.833346,27.756202],[77.833435,27.756204],[77.833561,27.756163],[77.833708,27.756165],[77.833798,27.756255],[77.834333,27.756869],[77.83444,27.757067],[77.833836,27.757563],[77.832486,27.758744],[77.831116,27.759897],[77.830375,27.760559],[77.829792,27.761055],[77.829365,27.761512],[77.829677,27.761936],[77.829599,27.762056],[77.828949,27.762944],[77.828642,27.763304],[77.827398,27.76437],[77.826733,27.764935],[77.825895,27.765638],[77.825241,27.766151],[77.824516,27.766818],[77.824575,27.766913],[77.824743,27.76719],[77.824205,27.767673],[77.824291,27.767968],[77.823323,27.768781],[77.823125,27.769161],[77.82277,27.770132],[77.822321,27.771354],[77.821867,27.772571],[77.821444,27.773793],[77.82099,27.775201],[77.820439,27.77461],[77.820404,27.774665],[77.819564,27.775634],[77.81972,27.775841],[77.819088,27.776295],[77.819268,27.776484],[77.818811,27.776851],[77.818586,27.776652],[77.817506,27.777543],[77.817074,27.777163],[77.816734,27.777416],[77.815516,27.776736],[77.815048,27.777108],[77.814544,27.777586],[77.815223,27.778072],[77.815398,27.778214],[77.815371,27.778279],[77.815149,27.778519],[77.814892,27.778823],[77.815302,27.779058],[77.815463,27.779167],[77.815744,27.779283],[77.81607,27.779414],[77.8158,27.77998],[77.815356,27.780935],[77.814928,27.781849],[77.81451,27.782828],[77.814221,27.783445],[77.813967,27.783754],[77.813808,27.783938],[77.813517,27.784275],[77.813347,27.784422],[77.813114,27.78455],[77.813088,27.784671],[77.813064,27.784829],[77.813125,27.784919],[77.813244,27.785042],[77.813304,27.78522],[77.813295,27.785556],[77.813238,27.785835],[77.81316,27.786077],[77.81291,27.786456],[77.812711,27.786743],[77.812666,27.786869],[77.812684,27.787056],[77.812814,27.787547],[77.813032,27.788732],[77.813132,27.789368],[77.813223,27.789967],[77.813276,27.790247],[77.813468,27.790395],[77.813903,27.790695],[77.814413,27.791075],[77.81493,27.791503],[77.815282,27.791792],[77.815068,27.791999],[77.814858,27.792197],[77.814474,27.792533],[77.814535,27.792636],[77.814565,27.792711],[77.814549,27.792762],[77.814464,27.792808],[77.814426,27.792915],[77.81443,27.79298],[77.814492,27.793009],[77.814591,27.793052],[77.814592,27.793136],[77.814551,27.793369],[77.814461,27.793727],[77.814252,27.794163],[77.81378,27.795175],[77.813343,27.796153],[77.813026,27.796915],[77.812818,27.797126],[77.811921,27.797875],[77.811426,27.798251],[77.81044,27.799003],[77.809704,27.799702],[77.809522,27.799933],[77.809541,27.800003],[77.809811,27.800311],[77.81047,27.801048],[77.8107,27.801373],[77.810792,27.801519],[77.810772,27.801593],[77.810472,27.801949],[77.810461,27.802019],[77.810672,27.802232],[77.810901,27.802463],[77.811085,27.802765],[77.811161,27.802943],[77.811236,27.80315],[77.811281,27.803393],[77.811266,27.803953],[77.811284,27.804159],[77.811382,27.804384],[77.811493,27.804647],[77.811536,27.804886],[77.811526,27.805138],[77.811456,27.805389],[77.811358,27.805588],[77.811235,27.805759],[77.81112,27.806033],[77.811039,27.806284],[77.811009,27.806493],[77.811048,27.806662],[77.811104,27.806798],[77.811191,27.806911],[77.811555,27.807206],[77.811824,27.807443],[77.812358,27.808253],[77.812618,27.808682],[77.812842,27.809086],[77.813051,27.809266],[77.813935,27.810165],[77.814804,27.811036],[77.815046,27.811306],[77.814648,27.811571],[77.814022,27.811968],[77.813997,27.812029],[77.814151,27.812549],[77.814215,27.812769],[77.814168,27.812899],[77.814008,27.813079],[77.813183,27.813857],[77.813678,27.814354],[77.813001,27.814848],[77.812575,27.815211],[77.811965,27.815726],[77.812094,27.81647],[77.81142,27.816577],[77.811036,27.816632],[77.810748,27.816736],[77.810434,27.817002],[77.809822,27.81768],[77.809474,27.818035],[77.809266,27.81827],[77.808946,27.81856],[77.808577,27.818764],[77.807943,27.819068],[77.807062,27.819458],[77.806374,27.819775],[77.806989,27.820451],[77.808282,27.821692],[77.808638,27.82207],[77.807862,27.822778],[77.806636,27.824012],[77.805486,27.825126],[77.804356,27.826249],[77.803661,27.826982],[77.802924,27.827733],[77.802673,27.827972],[77.802632,27.827912],[77.802379,27.827543],[77.801918,27.826883],[77.801614,27.826435],[77.801454,27.826256],[77.801278,27.826141],[77.800378,27.825704],[77.799941,27.825493],[77.799727,27.825443],[77.799364,27.825466],[77.799212,27.825436],[77.799087,27.825392],[77.798841,27.825347],[77.798239,27.82531],[77.797607,27.825269],[77.796847,27.825202],[77.796543,27.825212],[77.796237,27.825311],[77.795983,27.825419],[77.795745,27.825546],[77.795417,27.825845],[77.794894,27.826319],[77.794672,27.826446],[77.794491,27.826556],[77.794259,27.826655],[77.793942,27.82673],[77.793792,27.826794],[77.793664,27.826894],[77.793365,27.827198],[77.792928,27.82758],[77.792656,27.8278],[77.792354,27.827959],[77.792493,27.828148],[77.792486,27.828227],[77.792411,27.828301],[77.792167,27.82847],[77.792014,27.828501],[77.791788,27.828507],[77.791636,27.828537],[77.791514,27.828596],[77.791239,27.828742],[77.790841,27.828979],[77.790376,27.829309],[77.789951,27.829606],[77.789755,27.829683],[77.789582,27.82969],[77.789389,27.82964],[77.788979,27.829396],[77.788744,27.829328],[77.78857,27.829493],[77.78812,27.830019],[77.787875,27.830235],[77.788038,27.830653],[77.788154,27.830939],[77.788248,27.831221],[77.788266,27.831408],[77.788271,27.831562],[77.78822,27.831762],[77.788126,27.832036],[77.788023,27.832217],[77.787906,27.83236],[77.787766,27.832549],[77.78761,27.832761],[77.787523,27.8329],[77.787454,27.833119],[77.78738,27.833458],[77.786849,27.834547],[77.786533,27.835299],[77.786304,27.835713],[77.785877,27.836464],[77.785548,27.836593],[77.785027,27.836819],[77.784452,27.837419],[77.783975,27.837851],[77.783667,27.837741],[77.783501,27.837689],[77.78314,27.837875],[77.782645,27.838454],[77.782319,27.838902],[77.782341,27.839009],[77.781668,27.83972],[77.780663,27.840767],[77.781073,27.841423],[77.780693,27.841757],[77.782019,27.84326],[77.78184,27.843498],[77.781413,27.843796],[77.781043,27.844045],[77.781351,27.844579],[77.780827,27.845017],[77.780244,27.845568],[77.780913,27.845987],[77.781708,27.846429],[77.782337,27.846424],[77.782736,27.846755],[77.782781,27.846889],[77.78288,27.847188],[77.7829,27.847365],[77.783223,27.84756],[77.783634,27.847708],[77.783964,27.847938],[77.784285,27.847745],[77.784729,27.848281],[77.785227,27.848946],[77.785377,27.848983],[77.78561,27.848859],[77.785782,27.849017],[77.786301,27.849788],[77.786518,27.85013],[77.786881,27.849845],[77.787115,27.849672],[77.78728,27.849738],[77.787491,27.84996],[77.787844,27.849802],[77.788399,27.84945],[77.788752,27.849257],[77.788872,27.849251],[77.789248,27.849546],[77.789728,27.849871],[77.79,27.849783],[77.790172,27.849905],[77.790438,27.850185],[77.790783,27.850472],[77.79101,27.850666],[77.791501,27.850808],[77.792387,27.851074],[77.793202,27.851319],[77.793581,27.851459],[77.794059,27.851847],[77.79442,27.852149],[77.794562,27.8522],[77.794905,27.852163],[77.79544,27.852446],[77.796055,27.852794],[77.796938,27.853223],[77.797386,27.853505],[77.797657,27.853502],[77.798178,27.853686],[77.798857,27.853999],[77.799259,27.854174],[77.800237,27.854676],[77.800695,27.854385],[77.800814,27.854415],[77.8012,27.854661],[77.802047,27.855295],[77.802841,27.855857],[77.803524,27.856347],[77.804168,27.85683],[77.804836,27.857305],[77.805558,27.857824],[77.806103,27.858072],[77.806736,27.858272],[77.807202,27.858448],[77.808268,27.858866],[77.808963,27.859179],[77.809619,27.857908],[77.811586,27.855745],[77.812534,27.854646],[77.811721,27.853111],[77.812377,27.852764],[77.813182,27.852337],[77.814954,27.851076],[77.816918,27.851135],[77.818059,27.85023],[77.819275,27.849135],[77.819721,27.849125],[77.819873,27.849651],[77.82158,27.851088],[77.822889,27.85182],[77.823643,27.851624],[77.825628,27.852509],[77.828074,27.853638],[77.829191,27.854066],[77.83008,27.853268],[77.832758,27.855448],[77.834742,27.857396],[77.835933,27.858809],[77.836713,27.859137],[77.837284,27.859161],[77.837651,27.859658],[77.83777,27.859789],[77.839965,27.862198],[77.840168,27.86383],[77.84031,27.864965],[77.842672,27.866807],[77.845793,27.869183],[77.849172,27.871602],[77.849172,27.871726],[77.849168,27.874468],[77.849528,27.875285],[77.849598,27.875442],[77.851016,27.877096],[77.853053,27.879188],[77.854512,27.880557],[77.855744,27.880573],[77.856509,27.880758],[77.86035,27.883953],[77.861288,27.884832],[77.86256,27.886333],[77.863477,27.885996],[77.865095,27.887168],[77.866089,27.887888],[77.86918,27.889962],[77.87018,27.891087],[77.869773,27.891859],[77.868632,27.892796],[77.868614,27.893859],[77.869286,27.895313],[77.870007,27.895937],[77.870554,27.89641],[77.872769,27.894328],[77.874427,27.893461],[77.875223,27.8929],[77.875645,27.892239],[77.87626,27.891787],[77.876578,27.89203],[77.877142,27.892497],[77.877666,27.892108],[77.878597,27.890977],[77.879685,27.890007],[77.880047,27.889742],[77.88025,27.889756],[77.88035,27.889762],[77.881697,27.892527],[77.882831,27.894129],[77.882905,27.895051],[77.88203,27.896071],[77.881257,27.897442],[77.880662,27.898815],[77.87993,27.899821],[77.878577,27.900565],[77.878678,27.900932],[77.8789,27.901522],[77.880085,27.902284],[77.881549,27.903383],[77.880045,27.904617],[77.880391,27.90532],[77.879794,27.905756],[77.878902,27.906729],[77.879206,27.907749],[77.880227,27.908635],[77.880938,27.908899],[77.881725,27.908814],[77.882538,27.908285]]]}},{"type":"Feature","properties":{"OBJECTID":2570,"state_lgd":"09","state_name":"UTTAR PRADESH","district_lgd":"143","district_name":"ALIGARH","district_name_source":"district_table","subdistrict_lgd":"752","subdistrict_name":"KHAIR","subdistrict_type":"Tehsil","name_corrupted":false,"remarks":""},"geometry":{"type":"Polygon","coordinates":[[[77.657238,28.119102],[77.657401,28.11898],[77.65762,28.119052],[77.658272,28.11898],[77.65875,28.11898],[77.658908,28.119101],[77.658908,28.119332],[77.659106,28.119332],[77.65962,28.11898],[77.660536,28.118573],[77.661091,28.119033],[77.661488,28.119453],[77.661824,28.119701],[77.662261,28.119331],[77.662638,28.118997],[77.662979,28.118767],[77.664027,28.117675],[77.664566,28.117129],[77.665217,28.117692],[77.665854,28.118202],[77.66619,28.11794],[77.666558,28.11748],[77.666627,28.117394],[77.666683,28.117316],[77.66676,28.117209],[77.666866,28.11706],[77.667105,28.116564],[77.667558,28.115914],[77.667899,28.115476],[77.668173,28.115174],[77.667557,28.114737],[77.66744,28.114506],[77.66744,28.114227],[77.66774,28.113951],[77.668453,28.113387],[77.668549,28.113071],[77.66863,28.112598],[77.668986,28.112191],[77.6698,28.111451],[77.670177,28.111541],[77.670615,28.111609],[77.670874,28.111609],[77.670971,28.111523],[77.671052,28.111257],[77.671708,28.110535],[77.672141,28.110183],[77.67266,28.109921],[77.673112,28.109745],[77.673265,28.109671],[77.673372,28.109618],[77.673417,28.109538],[77.673493,28.109403],[77.67357,28.109266],[77.67357,28.108865],[77.673433,28.108531],[77.673671,28.108075],[77.67357,28.107705],[77.673508,28.107245],[77.67335,28.106893],[77.673549,28.106699],[77.673849,28.106437],[77.673945,28.10628],[77.67393,28.106031],[77.673844,28.105765],[77.673767,28.10535],[77.673726,28.105192],[77.673675,28.104912],[77.673604,28.104651],[77.673446,28.104227],[77.673339,28.103961],[77.673232,28.103739],[77.673125,28.103546],[77.673059,28.103428],[77.673028,28.103279],[77.672801,28.103022],[77.672713,28.102923],[77.672855,28.10291],[77.672967,28.1029],[77.673619,28.102954],[77.674199,28.10295],[77.674779,28.102972],[77.675196,28.102886],[77.675684,28.102854],[77.675801,28.102854],[77.6763,28.102737],[77.676931,28.102583],[77.677297,28.10247],[77.677775,28.102254],[77.678126,28.102127],[77.678533,28.101951],[77.678829,28.101852],[77.679434,28.101576],[77.679856,28.101364],[77.679917,28.101332],[77.680319,28.100926],[77.680334,28.100859],[77.680299,28.100795],[77.679947,28.10048],[77.67981,28.100349],[77.679708,28.100241],[77.679657,28.100164],[77.679616,28.100114],[77.679616,28.100069],[77.679693,28.100006],[77.679794,28.099911],[77.67984,28.099798],[77.679932,28.09965],[77.680318,28.099279],[77.680415,28.099189],[77.680715,28.098792],[77.680801,28.098693],[77.680847,28.098634],[77.680827,28.098535],[77.680847,28.09835],[77.680979,28.098228],[77.681452,28.097763],[77.682047,28.097253],[77.682551,28.096842],[77.682597,28.096802],[77.682541,28.096702],[77.682434,28.096567],[77.682434,28.096504],[77.682459,28.09645],[77.682591,28.096346],[77.682891,28.096161],[77.683024,28.09608],[77.683507,28.095682],[77.683685,28.095538],[77.683853,28.095245],[77.683903,28.095114],[77.683919,28.094978],[77.684071,28.094707],[77.684356,28.094401],[77.684681,28.094112],[77.685124,28.093692],[77.685363,28.093471],[77.685663,28.09315],[77.68579,28.092992],[77.685943,28.092713],[77.686059,28.092595],[77.686258,28.092324],[77.686629,28.091882],[77.686731,28.091837],[77.686853,28.091778],[77.68701,28.091652],[77.687209,28.091507],[77.687402,28.091413],[77.687677,28.091304],[77.688424,28.090947],[77.688953,28.090618],[77.689172,28.090482],[77.689447,28.090365],[77.689665,28.090234],[77.689976,28.090044],[77.690261,28.08994],[77.69053,28.089746],[77.690886,28.089539],[77.691319,28.089232],[77.691649,28.089001],[77.691842,28.088897],[77.692244,28.088609],[77.692737,28.088306],[77.693338,28.087949],[77.693861,28.08762],[77.69423,28.087387],[77.694355,28.087308],[77.69465,28.087137],[77.694889,28.087019],[77.695128,28.086947],[77.695336,28.086848],[77.695377,28.086861],[77.695438,28.087227],[77.695576,28.087727],[77.695688,28.088151],[77.695739,28.08816],[77.69606,28.088043],[77.696614,28.087898],[77.696762,28.087925],[77.697169,28.08825],[77.697658,28.088665],[77.6978,28.088805],[77.697876,28.088805],[77.698085,28.088701],[77.698298,28.088592],[77.698365,28.088579],[77.698461,28.088624],[77.699398,28.089571],[77.69981,28.090081],[77.70008,28.09041],[77.700269,28.090559],[77.700569,28.090355],[77.701494,28.08975],[77.702028,28.089421],[77.702374,28.089195],[77.702736,28.089443],[77.703183,28.089745],[77.703372,28.089907],[77.703911,28.089731],[77.704374,28.089456],[77.704476,28.089392],[77.704725,28.089316],[77.705055,28.089153],[77.7056,28.088882],[77.705747,28.08881],[77.706271,28.088394],[77.707013,28.08788],[77.707191,28.087798],[77.707502,28.087762],[77.708046,28.087667],[77.708153,28.087708],[77.708219,28.087798],[77.70825,28.087951],[77.708341,28.08819],[77.708458,28.088312],[77.708555,28.088393],[77.708774,28.088519],[77.708896,28.088587],[77.709023,28.088587],[77.70912,28.08851],[77.709313,28.088257],[77.709476,28.088176],[77.70999,28.087919],[77.710676,28.087607],[77.711215,28.087449],[77.711633,28.087304],[77.711841,28.087218],[77.711849,28.087205],[77.711927,28.087074],[77.712019,28.087074],[77.712075,28.087093],[77.71296,28.087403],[77.713429,28.08756],[77.713571,28.087592],[77.714085,28.087804],[77.714309,28.087903],[77.714726,28.088074],[77.715017,28.088245],[77.715388,28.088575],[77.715714,28.08884],[77.716193,28.089278],[77.716488,28.089548],[77.717602,28.089918],[77.717969,28.09008],[77.718824,28.090301],[77.719048,28.090382],[77.719536,28.090521],[77.719684,28.090566],[77.719862,28.090611],[77.720279,28.0908],[77.720569,28.09094],[77.720686,28.090967],[77.720803,28.090967],[77.72089,28.090868],[77.720864,28.090732],[77.720951,28.090565],[77.721103,28.09038],[77.721235,28.090272],[77.721118,28.09015],[77.721052,28.09006],[77.721174,28.08997],[77.721276,28.089956],[77.721439,28.090114],[77.721647,28.090321],[77.722009,28.090642],[77.722391,28.090957],[77.722813,28.091413],[77.723526,28.092206],[77.723688,28.092383],[77.724051,28.092779],[77.724229,28.092991],[77.724438,28.093189],[77.724647,28.0935],[77.724723,28.093789],[77.724749,28.094028],[77.724795,28.094263],[77.724897,28.09457],[77.725106,28.094818],[77.725421,28.095215],[77.725961,28.095778],[77.726613,28.096432],[77.726745,28.09654],[77.726893,28.096648],[77.726959,28.096856],[77.727087,28.096987],[77.727219,28.097122],[77.727351,28.097343],[77.727513,28.097537],[77.727525,28.09755],[77.727637,28.097672],[77.727718,28.097807],[77.727718,28.097807],[77.727861,28.097947],[77.728008,28.098064],[77.728115,28.098091],[77.728024,28.098263],[77.727785,28.098426],[77.727622,28.098511],[77.727607,28.09862],[77.727668,28.098741],[77.727734,28.098841],[77.727826,28.098877],[77.727953,28.098877],[77.728279,28.098809],[77.728864,28.098795],[77.728864,28.098926],[77.729296,28.098786],[77.72949,28.09879],[77.730731,28.098938],[77.731266,28.098983],[77.7321,28.098757],[77.733102,28.098526],[77.733504,28.09844],[77.733906,28.09857],[77.734374,28.099012],[77.735148,28.098867],[77.735972,28.098709],[77.736358,28.098424],[77.736984,28.098022],[77.737273,28.097449],[77.737792,28.096718],[77.738112,28.096221],[77.7389,28.096135],[77.739546,28.096134],[77.740366,28.096048],[77.740915,28.095574],[77.741993,28.094973],[77.743254,28.094589],[77.743462,28.094115],[77.74364,28.093415],[77.743654,28.092783],[77.743638,28.092084],[77.743414,28.091611],[77.742996,28.090866],[77.742314,28.090068],[77.744216,28.089137],[77.744958,28.088627],[77.745345,28.088712],[77.74564,28.088843],[77.745859,28.08882],[77.746306,28.088649],[77.746754,28.088517],[77.747258,28.088485],[77.747634,28.088449],[77.748056,28.088417],[77.748417,28.088336],[77.748779,28.088326],[77.749501,28.088299],[77.749971,28.088429],[77.750212,28.088384],[77.751107,28.088191],[77.751536,28.088039],[77.752832,28.087514],[77.753236,28.087891],[77.753693,28.088296],[77.754048,28.088404],[77.754652,28.088406],[77.755623,28.087897],[77.755411,28.087598],[77.756372,28.087172],[77.756726,28.086867],[77.757736,28.087569],[77.75859,28.087065],[77.758933,28.08694],[77.759136,28.087314],[77.759218,28.087507],[77.759419,28.08793],[77.760212,28.088656],[77.760508,28.088997],[77.760726,28.089385],[77.760775,28.089668],[77.760676,28.090038],[77.760723,28.090417],[77.760686,28.090767],[77.760412,28.091327],[77.761118,28.091729],[77.761111,28.092987],[77.760352,28.093403],[77.760646,28.093888],[77.761158,28.09516],[77.761978,28.096527],[77.764627,28.096626],[77.765345,28.097172],[77.76606,28.096653],[77.766668,28.096022],[77.767106,28.096248],[77.767813,28.095728],[77.769843,28.096582],[77.771105,28.095788],[77.772111,28.096359],[77.772682,28.096051],[77.773396,28.096446],[77.774089,28.096703],[77.774728,28.096925],[77.775742,28.097442],[77.776115,28.096952],[77.776524,28.097047],[77.777277,28.096975],[77.77783,28.096684],[77.778286,28.096074],[77.780605,28.093894],[77.782044,28.094088],[77.783799,28.095747],[77.785604,28.097447],[77.785883,28.097767],[77.787086,28.097231],[77.788107,28.096929],[77.788354,28.097059],[77.790433,28.096345],[77.792546,28.095711],[77.792724,28.095682],[77.792725,28.095682],[77.793245,28.096511],[77.794835,28.096217],[77.796226,28.097121],[77.79723,28.097783],[77.797673,28.097915],[77.798417,28.098163],[77.798751,28.09842],[77.798924,28.098579],[77.799587,28.099163],[77.800249,28.099825],[77.800591,28.099553],[77.800813,28.099667],[77.80157,28.099866],[77.802056,28.099894],[77.802592,28.099935],[77.803004,28.099874],[77.803554,28.099816],[77.804331,28.099616],[77.805008,28.099404],[77.806272,28.099156],[77.806938,28.098889],[77.807114,28.09878],[77.808033,28.098306],[77.808725,28.097939],[77.809744,28.097422],[77.810274,28.097098],[77.810699,28.096766],[77.811147,28.096274],[77.811405,28.095924],[77.811621,28.095675],[77.811919,28.095377],[77.81197,28.0948],[77.812106,28.09447],[77.812094,28.094231],[77.812674,28.093633],[77.81296,28.093528],[77.813069,28.093385],[77.81347,28.09277],[77.813566,28.092418],[77.813996,28.092019],[77.81392,28.091217],[77.813977,28.090799],[77.814009,28.090308],[77.814195,28.089936],[77.814382,28.089469],[77.814552,28.089045],[77.814723,28.088571],[77.814717,28.088024],[77.814717,28.088022],[77.813726,28.087908],[77.81289,28.087795],[77.812444,28.087731],[77.81186,28.087608],[77.811512,28.087465],[77.810844,28.087066],[77.810015,28.086564],[77.809404,28.086108],[77.808931,28.085741],[77.808531,28.085331],[77.808445,28.085163],[77.808358,28.085011],[77.807568,28.084567],[77.806627,28.083962],[77.806192,28.083717],[77.805894,28.083518],[77.805743,28.083321],[77.805618,28.083024],[77.805462,28.082639],[77.805374,28.082082],[77.80521,28.081711],[77.805153,28.081234],[77.804699,28.081163],[77.803841,28.080891],[77.803167,28.0805],[77.803411,28.080167],[77.803875,28.079539],[77.804279,28.078931],[77.804649,28.078058],[77.804863,28.077564],[77.80499,28.076753],[77.804987,28.075825],[77.804902,28.075376],[77.804818,28.074844],[77.804422,28.073993],[77.80399,28.073028],[77.803593,28.07221],[77.803258,28.071094],[77.803061,28.07061],[77.802851,28.069795],[77.803268,28.068374],[77.803242,28.067727],[77.803478,28.067083],[77.804103,28.062332],[77.803644,28.061894],[77.80266,28.061483],[77.802802,28.060888],[77.802838,28.059876],[77.802663,28.058165],[77.802947,28.057954],[77.803237,28.057394],[77.80335,28.057346],[77.803232,28.056631],[77.80307,28.056247],[77.803042,28.055919],[77.802951,28.055793],[77.802365,28.055431],[77.801557,28.055038],[77.800779,28.054686],[77.800086,28.054505],[77.799484,28.054274],[77.798865,28.054094],[77.797758,28.053921],[77.797005,28.053793],[77.796663,28.053867],[77.796663,28.053866],[77.796329,28.053494],[77.795513,28.052773],[77.794844,28.05212],[77.793901,28.05103],[77.793188,28.050284],[77.792418,28.049511],[77.791523,28.049013],[77.791097,28.048823],[77.790894,28.048623],[77.790779,28.048411],[77.790458,28.04729],[77.790076,28.046312],[77.790108,28.046181],[77.790112,28.045958],[77.789863,28.044955],[77.789716,28.043258],[77.789647,28.042942],[77.789434,28.042453],[77.789103,28.041897],[77.78864,28.041325],[77.788162,28.04074],[77.787815,28.040249],[77.787118,28.039504],[77.786562,28.039102],[77.786292,28.039334],[77.786,28.03912],[77.785195,28.03861],[77.784376,28.038007],[77.783485,28.037337],[77.782552,28.036575],[77.781851,28.036842],[77.781453,28.03724],[77.781094,28.037231],[77.781018,28.037419],[77.780569,28.037397],[77.780126,28.03731],[77.778621,28.037028],[77.777419,28.036829],[77.776575,28.036749],[77.775794,28.036647],[77.775386,28.036539],[77.774478,28.036369],[77.774097,28.036204],[77.773318,28.036022],[77.772309,28.03578],[77.771402,28.035597],[77.770328,28.035434],[77.769432,28.035307],[77.76892,28.035243],[77.768424,28.035783],[77.768228,28.035973],[77.767786,28.036309],[77.767402,28.036235],[77.76641,28.037246],[77.766112,28.037424],[77.765077,28.037899],[77.764948,28.037942],[77.764556,28.037629],[77.764077,28.03793],[77.764353,28.038275],[77.763742,28.038688],[77.762631,28.039185],[77.761972,28.03872],[77.761401,28.038405],[77.760806,28.038704],[77.760411,28.039267],[77.759936,28.039295],[77.759888,28.039806],[77.758361,28.041322],[77.7581,28.041568],[77.75769,28.04228],[77.75765,28.043042],[77.757247,28.043389],[77.756781,28.043622],[77.756978,28.044068],[77.756474,28.044277],[77.756224,28.04391],[77.755888,28.044064],[77.755535,28.043718],[77.754979,28.043983],[77.754259,28.044075],[77.754071,28.043834],[77.753893,28.043763],[77.753034,28.043739],[77.752673,28.043825],[77.752031,28.043885],[77.751516,28.044014],[77.750902,28.044643],[77.750573,28.045116],[77.750129,28.045542],[77.749803,28.045822],[77.749363,28.046055],[77.748732,28.046612],[77.7486,28.046702],[77.748051,28.046906],[77.74771,28.047086],[77.747227,28.04729],[77.746963,28.047484],[77.746805,28.047629],[77.746475,28.047963],[77.746175,28.04827],[77.745891,28.048604],[77.745718,28.048798],[77.745535,28.048857],[77.745194,28.048929],[77.745143,28.048487],[77.744868,28.047693],[77.744679,28.047116],[77.744592,28.046538],[77.744419,28.046096],[77.744332,28.045501],[77.744301,28.045212],[77.742463,28.043751],[77.742666,28.043174],[77.742391,28.043057],[77.74229,28.042966],[77.742269,28.042867],[77.742406,28.04265],[77.742508,28.042429],[77.742553,28.042312],[77.74266,28.042118],[77.742802,28.041928],[77.742945,28.041779],[77.743092,28.041563],[77.743239,28.041337],[77.743422,28.041093],[77.743696,28.04084],[77.743788,28.040714],[77.7439,28.040583],[77.744149,28.040497],[77.744337,28.040357],[77.744459,28.040158],[77.744545,28.040041],[77.744728,28.03986],[77.744901,28.03963],[77.74515,28.039372],[77.745327,28.039165],[77.745536,28.038907],[77.745678,28.038655],[77.745881,28.038411],[77.745957,28.038298],[77.746038,28.038104],[77.745774,28.037915],[77.745377,28.037572],[77.7453,28.037464],[77.745178,28.037297],[77.745132,28.037157],[77.745035,28.036963],[77.744954,28.036778],[77.744938,28.036584],[77.744974,28.036449],[77.745121,28.03625],[77.745268,28.036078],[77.745446,28.035938],[77.74566,28.035767],[77.745868,28.035559],[77.746036,28.035392],[77.746224,28.035211],[77.746376,28.035076],[77.746554,28.034922],[77.746788,28.034805],[77.746955,28.034642],[77.747047,28.034543],[77.747103,28.034367],[77.747138,28.034173],[77.747173,28.033839],[77.747305,28.033595],[77.747356,28.03332],[77.747412,28.033144],[77.747396,28.032891],[77.747264,28.03267],[77.747111,28.032503],[77.746963,28.032287],[77.746841,28.032106],[77.746617,28.03189],[77.746388,28.031619],[77.746632,28.031457],[77.747039,28.031222],[77.747516,28.030969],[77.747862,28.030783],[77.748091,28.030598],[77.748396,28.030458],[77.74873,28.030155],[77.749117,28.029681],[77.749353,28.029516],[77.750571,28.028431],[77.751914,28.027218],[77.75207,28.027091],[77.752339,28.026757],[77.753471,28.025918],[77.75393,28.02558],[77.754782,28.024931],[77.755233,28.024626],[77.756034,28.023918],[77.756804,28.023332],[77.757419,28.022848],[77.757752,28.022581],[77.75815,28.022385],[77.758247,28.022381],[77.758377,28.022375],[77.758516,28.022345],[77.758838,28.02222],[77.75884,28.02222],[77.758951,28.022494],[77.759047,28.022858],[77.759178,28.023301],[77.75928,28.023698],[77.759443,28.024018],[77.759597,28.024383],[77.759802,28.024354],[77.76083,28.024024],[77.761321,28.023921],[77.761863,28.023857],[77.762185,28.023771],[77.762575,28.024049],[77.763014,28.02401],[77.763059,28.024328],[77.763192,28.024667],[77.763926,28.026065],[77.764097,28.026353],[77.764347,28.026667],[77.764527,28.026793],[77.764722,28.026887],[77.764852,28.026992],[77.765104,28.027177],[77.765357,28.027311],[77.765674,28.027555],[77.765947,28.027818],[77.766076,28.027969],[77.766268,28.028244],[77.766459,28.028623],[77.766788,28.029004],[77.767097,28.028885],[77.767426,28.028831],[77.767801,28.02872],[77.768475,28.02858],[77.768843,28.028436],[77.76929,28.028351],[77.76943,28.028263],[77.769717,28.028163],[77.769908,28.028496],[77.770645,28.028526],[77.770915,28.029347],[77.770746,28.029416],[77.771002,28.029808],[77.771157,28.02972],[77.771369,28.029697],[77.771547,28.029939],[77.771392,28.03006],[77.771471,28.030146],[77.771831,28.03041],[77.772233,28.030798],[77.772369,28.030962],[77.772531,28.031302],[77.772902,28.03178],[77.773331,28.032305],[77.773702,28.032796],[77.77413,28.03253],[77.774546,28.032964],[77.774405,28.033078],[77.774944,28.033585],[77.77515,28.03353],[77.775767,28.033305],[77.775937,28.033171],[77.776409,28.032931],[77.777012,28.03351],[77.777456,28.034003],[77.777293,28.03415],[77.777083,28.034439],[77.776645,28.034841],[77.776969,28.035131],[77.777467,28.035481],[77.777803,28.035038],[77.778263,28.034636],[77.779089,28.033773],[77.779372,28.033995],[77.779752,28.034184],[77.780252,28.03268],[77.780627,28.031595],[77.781012,28.03072],[77.780719,28.030558],[77.780818,28.029994],[77.78063,28.029755],[77.780443,28.029464],[77.780445,28.029319],[77.780508,28.029123],[77.780793,28.028102],[77.780592,28.027731],[77.780654,28.027561],[77.780734,28.027234],[77.780773,28.026709],[77.78057,28.025628],[77.781055,28.024991],[77.780538,28.024117],[77.780106,28.023427],[77.779403,28.022195],[77.779036,28.021579],[77.778775,28.021306],[77.778755,28.021162],[77.778855,28.020532],[77.778515,28.020087],[77.778195,28.0198],[77.777786,28.019486],[77.777312,28.019072],[77.776783,28.018473],[77.777212,28.017625],[77.777248,28.017264],[77.777045,28.017051],[77.777025,28.016899],[77.776909,28.016799],[77.776703,28.016731],[77.776943,28.016136],[77.777322,28.015215],[77.777661,28.014431],[77.778123,28.014261],[77.778684,28.013887],[77.779237,28.013619],[77.779411,28.013825],[77.779602,28.013874],[77.779969,28.014056],[77.780503,28.014386],[77.781249,28.014909],[77.781802,28.014594],[77.782742,28.014575],[77.78297,28.01467],[77.783272,28.014707],[77.783548,28.014993],[77.783908,28.014762],[77.78435,28.015254],[77.784808,28.014919],[77.785268,28.015221],[77.785497,28.01527],[77.785695,28.015345],[77.785894,28.015381],[77.786383,28.015388],[77.786391,28.015315],[77.786827,28.015341],[77.787463,28.01537],[77.787581,28.015437],[77.787675,28.01555],[77.788418,28.015344],[77.788418,28.015344],[77.789016,28.015444],[77.78916,28.015269],[77.789713,28.015349],[77.789811,28.015258],[77.789902,28.015108],[77.790911,28.015378],[77.790937,28.015195],[77.791457,28.015038],[77.792246,28.014786],[77.792741,28.014858],[77.79278,28.014721],[77.794206,28.014432],[77.794964,28.014232],[77.795777,28.013889],[77.796154,28.013868],[77.796709,28.013882],[77.797354,28.013845],[77.797718,28.013712],[77.798099,28.013507],[77.798365,28.013259],[77.79837,28.013255],[77.798846,28.01355],[77.798966,28.01348],[77.799449,28.013756],[77.799554,28.013678],[77.799958,28.013848],[77.800765,28.014267],[77.801177,28.014384],[77.802161,28.014772],[77.802888,28.015137],[77.803739,28.015572],[77.80376,28.015583],[77.803995,28.01529],[77.804342,28.014875],[77.805056,28.013853],[77.80539,28.013352],[77.805684,28.013047],[77.806458,28.012401],[77.806616,28.012245],[77.80724,28.011656],[77.807938,28.011087],[77.808404,28.010686],[77.809565,28.009874],[77.809715,28.009784],[77.810007,28.009591],[77.810515,28.009316],[77.811091,28.008917],[77.811385,28.008612],[77.811763,28.008137],[77.81208,28.007826],[77.812949,28.007194],[77.813415,28.006807],[77.813746,28.006476],[77.814341,28.005886],[77.814806,28.005538],[77.814987,28.005304],[77.815963,28.004476],[77.816197,28.004236],[77.816482,28.00401],[77.81668,28.003711],[77.817008,28.003531],[77.817531,28.003236],[77.817889,28.00309],[77.818704,28.002589],[77.819211,28.002353],[77.819375,28.002296],[77.819612,28.002273],[77.819752,28.002327],[77.819995,28.002403],[77.820134,28.002471],[77.820493,28.002686],[77.820962,28.002942],[77.821365,28.003177],[77.821906,28.003539],[77.822691,28.003925],[77.82327,28.004261],[77.823826,28.004597],[77.824061,28.004699],[77.824727,28.005122],[77.825137,28.005351],[77.825657,28.00568],[77.826001,28.005895],[77.826159,28.005772],[77.826451,28.00596],[77.826688,28.005977],[77.826827,28.006057],[77.827421,28.006348],[77.82842,28.006749],[77.829391,28.007104],[77.829832,28.007255],[77.83039,28.007498],[77.830758,28.007654],[77.831058,28.007809],[77.831368,28.007879],[77.831922,28.007893],[77.832274,28.007648],[77.832762,28.007254],[77.833283,28.006896],[77.834568,28.007897],[77.834957,28.008197],[77.835548,28.008739],[77.8366,28.008036],[77.836983,28.008336],[77.837219,28.008434],[77.837449,28.008503],[77.837885,28.00866],[77.838269,28.008865],[77.838436,28.008978],[77.838693,28.00931],[77.839418,28.010103],[77.839509,28.010271],[77.839702,28.01068],[77.839824,28.011259],[77.840015,28.011784],[77.840467,28.012074],[77.840905,28.012424],[77.840879,28.012852],[77.840855,28.013524],[77.840831,28.014169],[77.840856,28.01453],[77.840965,28.015149],[77.841124,28.01574],[77.84158,28.015768],[77.842256,28.01575],[77.843134,28.015695],[77.843748,28.015631],[77.844582,28.015581],[77.845491,28.01546],[77.84577,28.01527],[77.846187,28.014519],[77.846563,28.013838],[77.846904,28.013374],[77.847074,28.013096],[77.847636,28.012145],[77.848118,28.011236],[77.848695,28.010266],[77.849264,28.009465],[77.850002,28.00865],[77.850395,28.008301],[77.850906,28.008019],[77.851295,28.007887],[77.851447,28.007798],[77.851936,28.008029],[77.8523,28.007841],[77.852733,28.007456],[77.853612,28.006671],[77.854535,28.005994],[77.85483,28.005793],[77.854831,28.005792],[77.855089,28.005528],[77.855179,28.005497],[77.855647,28.005906],[77.855931,28.00617],[77.856694,28.005964],[77.857149,28.005863],[77.857709,28.005626],[77.858142,28.005474],[77.858746,28.005226],[77.859248,28.004976],[77.859436,28.004872],[77.859954,28.004485],[77.860512,28.004058],[77.86106,28.003683],[77.861332,28.003383],[77.861485,28.003259],[77.861831,28.003571],[77.862075,28.003578],[77.862414,28.003484],[77.86262,28.003424],[77.863563,28.003334],[77.86387,28.003031],[77.864057,28.003057],[77.864666,28.003294],[77.865172,28.0033],[77.865544,28.003386],[77.866211,28.003347],[77.867057,28.003256],[77.867582,28.003184],[77.868106,28.003231],[77.868505,28.003268],[77.868797,28.003343],[77.869597,28.003887],[77.869911,28.003388],[77.870037,28.003182],[77.870278,28.003028],[77.870581,28.002818],[77.871126,28.002406],[77.87134,28.002549],[77.872205,28.001779],[77.872689,28.001298],[77.872783,28.000449],[77.872784,28.000432],[77.872786,28.000432],[77.872791,28.000381],[77.87289,27.999678],[77.872697,27.996386],[77.871608,27.99423],[77.869428,27.991916],[77.870633,27.991047],[77.871254,27.990485],[77.87266,27.991017],[77.874966,27.991591],[77.876787,27.9923],[77.87936,27.99045],[77.881862,27.988942],[77.883994,27.988371],[77.886261,27.987488],[77.889474,27.985225],[77.891397,27.984663],[77.892338,27.985072],[77.895512,27.986654],[77.897547,27.986824],[77.901628,27.986592],[77.902477,27.987143],[77.903209,27.987185],[77.903695,27.989175],[77.903786,27.990129],[77.904212,27.990864],[77.905111,27.992662],[77.905875,27.994069],[77.905354,27.994713],[77.905766,27.995226],[77.907726,27.99638],[77.909454,27.996917],[77.91238,27.995071],[77.914119,27.998805],[77.91612,27.998375],[77.91803,27.995716],[77.917231,27.993479],[77.918735,27.992014],[77.916848,27.989419],[77.919074,27.987107],[77.92164,27.985599],[77.926706,27.986522],[77.928624,27.985576],[77.931441,27.984185],[77.93682,27.981743],[77.936076,27.981167],[77.935994,27.981104],[77.93516,27.979038],[77.931012,27.977042],[77.927287,27.975231],[77.929058,27.974112],[77.931975,27.972816],[77.93512,27.97508],[77.934288,27.973513],[77.93286,27.971209],[77.931971,27.968753],[77.930923,27.967279],[77.930144,27.965745],[77.930408,27.963796],[77.93081,27.963309],[77.930658,27.962768],[77.934722,27.964642],[77.93765,27.958684],[77.941826,27.955026],[77.940864,27.947076],[77.941316,27.942057],[77.938924,27.938942],[77.94272,27.93488],[77.945797,27.934912],[77.942734,27.932047],[77.943828,27.930696],[77.944751,27.930041],[77.945037,27.929458],[77.944962,27.929131],[77.944436,27.929045],[77.944313,27.928932],[77.944284,27.928559],[77.945131,27.92811],[77.946259,27.927418],[77.94657,27.927001],[77.94608,27.926368],[77.947227,27.925105],[77.946539,27.924509],[77.944959,27.923314],[77.94237,27.921574],[77.939573,27.919966],[77.937682,27.915401],[77.937261,27.914388],[77.935334,27.912609],[77.934185,27.911308],[77.928875,27.90823],[77.928267,27.908222],[77.927496,27.908387],[77.927187,27.908153],[77.926368,27.907444],[77.925926,27.90716],[77.925195,27.907055],[77.9239,27.907038],[77.92291,27.906946],[77.921,27.905738],[77.920189,27.905045],[77.920054,27.904567],[77.920711,27.90375],[77.92104,27.903294],[77.919326,27.902192],[77.917561,27.900875],[77.915569,27.898135],[77.914297,27.896197],[77.913677,27.895903],[77.911183,27.896537],[77.910531,27.897037],[77.910754,27.897611],[77.909851,27.898155],[77.908678,27.89671],[77.90808,27.897195],[77.907527,27.898219],[77.90681,27.898353],[77.90637,27.897998],[77.90561,27.89748],[77.905083,27.897981],[77.903598,27.899215],[77.90307,27.898684],[77.901969,27.897241],[77.900975,27.896831],[77.899959,27.896722],[77.898539,27.897211],[77.897026,27.897922],[77.894462,27.899523],[77.894413,27.900316],[77.894459,27.900761],[77.89377,27.901339],[77.892435,27.902115],[77.891216,27.903385],[77.889539,27.904283],[77.887381,27.906143],[77.886574,27.907418],[77.885538,27.908421],[77.884766,27.908633],[77.883167,27.908103],[77.882538,27.908285],[77.881725,27.908814],[77.880938,27.908899],[77.880227,27.908635],[77.879206,27.907749],[77.878902,27.906729],[77.879794,27.905756],[77.880391,27.90532],[77.880045,27.904617],[77.881549,27.903383],[77.880085,27.902284],[77.8789,27.901522],[77.878678,27.900932],[77.878577,27.900565],[77.87993,27.899821],[77.880662,27.898815],[77.881257,27.897442],[77.88203,27.896071],[77.882905,27.895051],[77.882831,27.894129],[77.881697,27.892527],[77.88035,27.889762],[77.88025,27.889756],[77.880047,27.889742],[77.879685,27.890007],[77.878597,27.890977],[77.877666,27.892108],[77.877142,27.892497],[77.876578,27.89203],[77.87626,27.891787],[77.875645,27.892239],[77.875223,27.8929],[77.874427,27.893461],[77.872769,27.894328],[77.870554,27.89641],[77.870007,27.895937],[77.869286,27.895313],[77.868614,27.893859],[77.868632,27.892796],[77.869773,27.891859],[77.87018,27.891087],[77.86918,27.889962],[77.866089,27.887888],[77.865095,27.887168],[77.863477,27.885996],[77.86256,27.886333],[77.861288,27.884832],[77.86035,27.883953],[77.856509,27.880758],[77.855744,27.880573],[77.854512,27.880557],[77.853053,27.879188],[77.851016,27.877096],[77.849598,27.875442],[77.849528,27.875285],[77.849168,27.874468],[77.849172,27.871726],[77.849172,27.871602],[77.845793,27.869183],[77.842672,27.866807],[77.84031,27.864965],[77.840168,27.86383],[77.839965,27.862198],[77.83777,27.859789],[77.837651,27.859658],[77.837284,27.859161],[77.836713,27.859137],[77.835933,27.858809],[77.834742,27.857396],[77.832758,27.855448],[77.83008,27.853268],[77.829191,27.854066],[77.828074,27.853638],[77.825628,27.852509],[77.823643,27.851624],[77.822889,27.85182],[77.82158,27.851088],[77.819873,27.849651],[77.819721,27.849125],[77.819275,27.849135],[77.818059,27.85023],[77.816918,27.851135],[77.814954,27.851076],[77.813182,27.852337],[77.812377,27.852764],[77.811721,27.853111],[77.812534,27.854646],[77.811586,27.855745],[77.809619,27.857908],[77.808963,27.859179],[77.808533,27.859647],[77.807858,27.860472],[77.807566,27.8608],[77.807259,27.861107],[77.806998,27.860976],[77.806402,27.861406],[77.805716,27.862004],[77.805183,27.862464],[77.804294,27.863229],[77.804083,27.863494],[77.803893,27.863457],[77.803565,27.863551],[77.803102,27.863636],[77.802999,27.863642],[77.802652,27.863446],[77.802255,27.863858],[77.801539,27.863431],[77.800846,27.863025],[77.800051,27.862513],[77.799609,27.862796],[77.799045,27.863227],[77.798234,27.862763],[77.797373,27.862878],[77.796358,27.863112],[77.795671,27.863279],[77.794936,27.863467],[77.794367,27.86372],[77.793966,27.863934],[77.793828,27.864073],[77.793158,27.863732],[77.792226,27.86333],[77.792072,27.863511],[77.791979,27.863807],[77.791839,27.864074],[77.791625,27.864064],[77.791305,27.86372],[77.791069,27.863985],[77.790548,27.864699],[77.790233,27.86449],[77.789839,27.864265],[77.789513,27.86426],[77.789144,27.86446],[77.788849,27.864527],[77.788579,27.864452],[77.788145,27.864284],[77.788035,27.864226],[77.787749,27.864186],[77.787642,27.864383],[77.787138,27.864524],[77.786149,27.864694],[77.785804,27.864442],[77.785588,27.864503],[77.785441,27.864691],[77.785224,27.86483],[77.784994,27.864805],[77.784699,27.864858],[77.784241,27.865113],[77.784063,27.865273],[77.78398,27.865441],[77.783815,27.865368],[77.783689,27.865268],[77.78361,27.865224],[77.783373,27.86515],[77.78307,27.864729],[77.782983,27.864707],[77.782372,27.865108],[77.781976,27.865421],[77.781553,27.865089],[77.781348,27.864938],[77.780801,27.86486],[77.780198,27.864781],[77.77969,27.864703],[77.77942,27.864699],[77.779122,27.864921],[77.778929,27.865024],[77.778559,27.864807],[77.778228,27.864612],[77.777788,27.86433],[77.777408,27.864233],[77.776755,27.864725],[77.775868,27.865377],[77.7744,27.866551],[77.773648,27.867248],[77.772945,27.867818],[77.772421,27.868213],[77.771945,27.868623],[77.771629,27.868944],[77.770969,27.86938],[77.770224,27.869653],[77.769775,27.869851],[77.769275,27.870268],[77.768907,27.870369],[77.76849,27.871438],[77.768202,27.871512],[77.767741,27.871986],[77.767388,27.872582],[77.767,27.872449],[77.766666,27.87289],[77.766176,27.87272],[77.765238,27.873597],[77.764071,27.874811],[77.763884,27.875459],[77.764199,27.875647],[77.763774,27.876305],[77.763577,27.876628],[77.763686,27.876771],[77.764364,27.877077],[77.764458,27.877177],[77.763982,27.87797],[77.763817,27.878321],[77.763449,27.878867],[77.763213,27.879196],[77.763094,27.879639],[77.763035,27.880232],[77.762954,27.880747],[77.762972,27.88108],[77.762812,27.882011],[77.762727,27.882766],[77.762704,27.883168],[77.762728,27.883621],[77.762861,27.884181],[77.762853,27.884648],[77.762726,27.885056],[77.762617,27.885372],[77.762385,27.885878],[77.761822,27.886697],[77.761163,27.887494],[77.760529,27.888277],[77.76025,27.888739],[77.760995,27.889336],[77.761497,27.889746],[77.761471,27.889873],[77.761195,27.890187],[77.761177,27.890293],[77.761675,27.890887],[77.762105,27.891338],[77.762082,27.891734],[77.76198,27.892072],[77.762117,27.892455],[77.762443,27.892912],[77.762618,27.893325],[77.762634,27.893756],[77.763001,27.89461],[77.763289,27.89542],[77.763626,27.896124],[77.763803,27.896473],[77.763524,27.89695],[77.76305,27.897671],[77.762754,27.898176],[77.762574,27.898498],[77.762271,27.898947],[77.762049,27.899332],[77.762423,27.899797],[77.763338,27.900693],[77.764352,27.901832],[77.764877,27.902291],[77.764762,27.902502],[77.764787,27.902877],[77.764677,27.903215],[77.764256,27.903626],[77.764133,27.903857],[77.764144,27.904133],[77.763768,27.904665],[77.76323,27.905414],[77.762992,27.905778],[77.762739,27.906142],[77.762537,27.906309],[77.761959,27.905721],[77.761428,27.90606],[77.761067,27.906238],[77.760793,27.905966],[77.760663,27.905681],[77.760036,27.906026],[77.759141,27.906685],[77.758464,27.907177],[77.7574,27.907933],[77.756787,27.907959],[77.756017,27.908274],[77.754404,27.909078],[77.753014,27.909828],[77.750975,27.91081],[77.749232,27.911698],[77.748681,27.912045],[77.74696,27.912574],[77.745726,27.912887],[77.744568,27.913308],[77.743909,27.913639],[77.743868,27.91366],[77.743502,27.913918],[77.743472,27.914107],[77.743533,27.914247],[77.743899,27.914896],[77.744235,27.915492],[77.744297,27.915771],[77.744175,27.915988],[77.743612,27.916449],[77.742896,27.916964],[77.742698,27.917194],[77.742729,27.917465],[77.742927,27.917938],[77.743661,27.919986],[77.743738,27.92046],[77.743692,27.920618],[77.74351,27.920861],[77.743083,27.921241],[77.742292,27.921851],[77.74214,27.922094],[77.742155,27.92227],[77.742353,27.922473],[77.742963,27.923014],[77.742979,27.923149],[77.742872,27.923312],[77.742202,27.923831],[77.740786,27.924997],[77.73934,27.926333],[77.738579,27.927051],[77.737346,27.928153],[77.735842,27.929408],[77.735305,27.929856],[77.734772,27.930222],[77.734391,27.930344],[77.733934,27.930466],[77.733584,27.930602],[77.733173,27.93094],[77.732472,27.931555],[77.731665,27.9323],[77.731269,27.932733],[77.73092,27.93341],[77.730737,27.933595],[77.730432,27.933785],[77.729777,27.933921],[77.729213,27.933989],[77.728863,27.933949],[77.728299,27.933882],[77.727323,27.933963],[77.726378,27.933883],[77.725875,27.933829],[77.725387,27.933708],[77.724747,27.933316],[77.724015,27.933018],[77.723875,27.932991],[77.723604,27.932937],[77.723116,27.93306],[77.722659,27.933317],[77.722309,27.933575],[77.722035,27.9339],[77.721745,27.934225],[77.72138,27.934541],[77.720893,27.934907],[77.720299,27.935286],[77.719842,27.935543],[77.719278,27.935909],[77.718897,27.936099],[77.71873,27.936235],[77.718395,27.936681],[77.717984,27.937219],[77.716552,27.938533],[77.715029,27.939941],[77.714237,27.940718],[77.714106,27.940823],[77.714013,27.940897],[77.71378,27.941084],[77.713582,27.941151],[77.713384,27.941152],[77.71314,27.941098],[77.712972,27.941125],[77.712866,27.94126],[77.712714,27.941436],[77.712561,27.941463],[77.712409,27.941382],[77.712287,27.941247],[77.712119,27.94122],[77.711936,27.941342],[77.711799,27.941505],[77.711662,27.941681],[77.711236,27.942069],[77.710535,27.942624],[77.709834,27.943274],[77.709027,27.944087],[77.708372,27.944561],[77.707991,27.94485],[77.707865,27.944909],[77.707641,27.945013],[77.707214,27.945243],[77.706712,27.945595],[77.706377,27.94588],[77.706102,27.94611],[77.705798,27.946368],[77.704716,27.946896],[77.704244,27.947316],[77.703954,27.947397],[77.70375,27.947384],[77.703741,27.947384],[77.702628,27.946884],[77.702048,27.9466],[77.701515,27.946465],[77.701332,27.946343],[77.701164,27.946167],[77.700965,27.945951],[77.700523,27.945585],[77.700233,27.945396],[77.69938,27.944855],[77.698161,27.944218],[77.698129,27.944202],[77.696772,27.94335],[77.695903,27.942998],[77.695659,27.942944],[77.695354,27.943025],[77.695095,27.943188],[77.694303,27.943892],[77.69412,27.943919],[77.693663,27.943798],[77.693465,27.943811],[77.693267,27.944015],[77.693069,27.944042],[77.692932,27.943988],[77.691513,27.942919],[77.6913,27.942892],[77.691117,27.942973],[77.690493,27.943434],[77.690066,27.943651],[77.689792,27.943651],[77.689548,27.943475],[77.689166,27.94315],[77.688953,27.943083],[77.688602,27.943151],[77.688328,27.943191],[77.688185,27.943157],[77.688099,27.943137],[77.687566,27.942813],[77.687291,27.942542],[77.687017,27.942339],[77.686849,27.942353],[77.686407,27.942597],[77.685722,27.943192],[77.685325,27.943341],[77.684853,27.943612],[77.684335,27.943762],[77.683756,27.943843],[77.683283,27.943843],[77.683039,27.94383],[77.682811,27.943762],[77.682536,27.943532],[77.682338,27.94341],[77.682155,27.943424],[77.681866,27.943546],[77.681546,27.943695],[77.681119,27.943858],[77.680708,27.943939],[77.680464,27.943993],[77.680311,27.943993],[77.680098,27.943939],[77.679854,27.943831],[77.679518,27.943682],[77.67932,27.943628],[77.679077,27.943669],[77.678863,27.943696],[77.678665,27.943669],[77.678482,27.943561],[77.678299,27.943534],[77.678162,27.943548],[77.67801,27.943629],[77.677857,27.943791],[77.677796,27.943927],[77.677644,27.943967],[77.677537,27.94394],[77.677369,27.943832],[77.677187,27.943805],[77.677004,27.943859],[77.676806,27.943995],[77.676608,27.944306],[77.676516,27.944536],[77.676364,27.944631],[77.676242,27.944591],[77.676044,27.944482],[77.67583,27.944374],[77.675617,27.944347],[77.675403,27.944456],[77.675205,27.944591],[77.675023,27.944632],[77.674824,27.944618],[77.674443,27.944605],[77.674411,27.944613],[77.674032,27.944704],[77.673407,27.944894],[77.67295,27.945029],[77.672691,27.945205],[77.672401,27.945445],[77.67202,27.945851],[77.671609,27.946203],[77.671228,27.946501],[77.670679,27.946826],[77.670207,27.947192],[77.669811,27.947598],[77.669506,27.948044],[77.669095,27.948766],[77.668501,27.949782],[77.668075,27.950378],[77.667785,27.950716],[77.667556,27.950892],[77.667267,27.951068],[77.666962,27.951213],[77.666383,27.951524],[77.665941,27.951781],[77.665591,27.952133],[77.665316,27.952436],[77.665088,27.95272],[77.664737,27.953126],[77.664524,27.953357],[77.664326,27.953546],[77.664067,27.953763],[77.663777,27.954002],[77.663366,27.954435],[77.663137,27.954787],[77.663,27.955044],[77.662741,27.955302],[77.662193,27.955572],[77.661766,27.955708],[77.661248,27.955843],[77.661234,27.955855],[77.660927,27.956128],[77.660714,27.956399],[77.660684,27.956751],[77.660821,27.957378],[77.660806,27.957797],[77.660776,27.958244],[77.660776,27.95888],[77.660715,27.95934],[77.660639,27.959679],[77.660527,27.959909],[77.659816,27.960884],[77.659532,27.961394],[77.659512,27.961529],[77.659547,27.961664],[77.659639,27.962007],[77.659568,27.962327],[77.659431,27.962567],[77.659314,27.962765],[77.659253,27.963036],[77.659253,27.963365],[77.659182,27.963555],[77.65909,27.963717],[77.658811,27.964006],[77.657932,27.964773],[77.657363,27.965292],[77.656647,27.96578],[77.656386,27.965842],[77.656342,27.965852],[77.655808,27.965875],[77.65499,27.965852],[77.654716,27.965861],[77.653583,27.966123],[77.652038,27.966453],[77.651067,27.966634],[77.650625,27.966747],[77.650193,27.966891],[77.650016,27.966954],[77.649888,27.966923],[77.649761,27.96681],[77.649609,27.966756],[77.649492,27.966796],[77.649268,27.966923],[77.64908,27.966945],[77.648918,27.966891],[77.64873,27.966747],[77.648567,27.966652],[77.648389,27.966675],[77.648064,27.966869],[77.647841,27.966964],[77.647607,27.966955],[77.647434,27.966914],[77.647165,27.96681],[77.646956,27.966788],[77.646392,27.966851],[77.645904,27.966914],[77.64534,27.966964],[77.644416,27.967226],[77.643257,27.967628],[77.643023,27.967659],[77.642896,27.967615],[77.642861,27.967578],[77.64261,27.967315],[77.642535,27.967163],[77.642332,27.966635],[77.642184,27.966455],[77.642134,27.966292],[77.642159,27.966116],[77.642088,27.966008],[77.641844,27.965864],[77.641026,27.965264],[77.640523,27.964849],[77.640106,27.96456],[77.639404,27.963951],[77.639115,27.963576],[77.638856,27.963297],[77.638048,27.962539],[77.637372,27.961853],[77.636914,27.961253],[77.63667,27.960784],[77.636426,27.960278],[77.636111,27.959755],[77.635771,27.959164],[77.635618,27.958944],[77.635288,27.958469],[77.633977,27.956895],[77.633311,27.956186],[77.632935,27.955704],[77.632534,27.955013],[77.631024,27.95292],[77.629962,27.951368],[77.629703,27.950971],[77.629413,27.950389],[77.628942,27.949548],[77.628804,27.949302],[77.628357,27.948309],[77.628245,27.947957],[77.628128,27.947745],[77.628006,27.947519],[77.628377,27.946802],[77.628534,27.946315],[77.628692,27.945836],[77.628682,27.945651],[77.62868,27.945648],[77.628595,27.945498],[77.62825,27.945164],[77.628006,27.944943],[77.627691,27.94474],[77.627284,27.94451],[77.626929,27.944262],[77.626685,27.944077],[77.626588,27.943932],[77.626593,27.943913],[77.626685,27.943522],[77.626685,27.94326],[77.626553,27.94303],[77.626355,27.942845],[77.626075,27.942642],[77.625841,27.942466],[77.625979,27.942313],[77.62637,27.942019],[77.626415,27.941902],[77.626431,27.941686],[77.626405,27.941541],[77.626273,27.941248],[77.625623,27.940088],[77.626014,27.93984],[77.625806,27.939502],[77.625684,27.939154],[77.625552,27.938721],[77.625425,27.938374],[77.625059,27.937557],[77.624922,27.93711],[77.624835,27.936655],[77.624724,27.935825],[77.624637,27.935545],[77.62449,27.935297],[77.624358,27.935121],[77.624053,27.934882],[77.623906,27.934733],[77.623601,27.934403],[77.623123,27.934078],[77.622656,27.933893],[77.622534,27.933839],[77.622387,27.933708],[77.621914,27.933429],[77.621604,27.933298],[77.621254,27.933135],[77.620324,27.932874],[77.619969,27.932774],[77.619639,27.932698],[77.618404,27.932251],[77.617962,27.932188],[77.617535,27.932242],[77.617401,27.932273],[77.616936,27.932382],[77.616687,27.932472],[77.616174,27.932427],[77.615564,27.932481],[77.61467,27.932643],[77.614106,27.93286],[77.613217,27.93327],[77.612638,27.9336],[77.612262,27.933749],[77.611835,27.933893],[77.611627,27.934042],[77.611444,27.934249],[77.61121,27.934457],[77.610276,27.934989],[77.608965,27.935706],[77.607583,27.936509],[77.60585,27.937596],[77.605017,27.936726],[77.604778,27.93654],[77.604154,27.936337],[77.603803,27.936216],[77.603386,27.936184],[77.60337,27.936174],[77.603082,27.93599],[77.602691,27.935575],[77.602421,27.935236],[77.601858,27.934758],[77.601258,27.935195],[77.600999,27.935313],[77.600806,27.935304],[77.600521,27.935304],[77.600196,27.935412],[77.599693,27.935696],[77.599363,27.935867],[77.598667,27.93612],[77.598408,27.936183],[77.597747,27.936192],[77.597331,27.936214],[77.596381,27.936444],[77.595629,27.936661],[77.594577,27.936922],[77.593715,27.937207],[77.593662,27.937224],[77.593159,27.937486],[77.592743,27.937788],[77.592473,27.93805],[77.592464,27.938039],[77.592082,27.937625],[77.591732,27.937201],[77.590691,27.935681],[77.590473,27.935473],[77.5903,27.93541],[77.589213,27.935378],[77.588659,27.935346],[77.588232,27.935247],[77.587348,27.934917],[77.586724,27.934678],[77.58649,27.934669],[77.586078,27.934854],[77.585906,27.934831],[77.585377,27.934502],[77.584636,27.933743],[77.584402,27.933427],[77.583935,27.933048],[77.583717,27.932633],[77.583621,27.932069],[77.583621,27.931604],[77.583606,27.931352],[77.583509,27.931149],[77.583194,27.930801],[77.582692,27.930332],[77.582397,27.929885],[77.582311,27.929659],[77.582286,27.929461],[77.582474,27.928658],[77.582632,27.928049],[77.582563,27.92805],[77.582286,27.928058],[77.581991,27.928089],[77.580609,27.928635],[77.57908,27.929261],[77.578039,27.929721],[77.577708,27.929838],[77.577464,27.929807],[77.576733,27.929522],[77.575788,27.92922],[77.574737,27.929097],[77.574198,27.929142],[77.573192,27.929372],[77.572827,27.929444],[77.572695,27.92939],[77.572461,27.929164],[77.572156,27.928934],[77.571384,27.928433],[77.571019,27.928153],[77.570602,27.92776],[77.570272,27.927282],[77.5701,27.927097],[77.569369,27.926794],[77.569064,27.926695],[77.568759,27.926663],[77.568413,27.926685],[77.568256,27.926595],[77.56818,27.926464],[77.567987,27.926162],[77.567865,27.926054],[77.567523,27.925771],[77.567302,27.925589],[77.56718,27.92535],[77.567205,27.925124],[77.567317,27.924916],[77.567536,27.924709],[77.567902,27.924601],[77.568415,27.924339],[77.568674,27.923992],[77.568771,27.923775],[77.568796,27.923491],[77.568619,27.922043],[77.568437,27.921235],[77.568275,27.92079],[77.568132,27.9204],[77.567701,27.919592],[77.567534,27.919092],[77.567046,27.918464],[77.566336,27.91771],[77.56559,27.916668],[77.564513,27.915544],[77.563234,27.914379],[77.561051,27.912889],[77.559807,27.912117],[77.558596,27.911737],[77.557694,27.911453],[77.557349,27.911421],[77.557054,27.911453],[77.556617,27.911628],[77.555296,27.912278],[77.554392,27.912755],[77.553777,27.913093],[77.553472,27.913179],[77.553239,27.913147],[77.552883,27.913025],[77.552198,27.912723],[77.551771,27.912691],[77.551512,27.912754],[77.551283,27.912916],[77.551085,27.913078],[77.550755,27.913317],[77.548773,27.914309],[77.548206,27.914586],[77.547,27.915174],[77.545384,27.915967],[77.544419,27.916436],[77.54421,27.916608],[77.543793,27.917239],[77.543341,27.918073],[77.542969,27.918727],[77.542802,27.918881],[77.542619,27.918912],[77.542248,27.91888],[77.541761,27.918736],[77.541187,27.918618],[77.540882,27.918541],[77.540161,27.91855],[77.539744,27.918495],[77.538739,27.918355],[77.537088,27.9182],[77.536697,27.918245],[77.535828,27.918745],[77.534933,27.919417],[77.534211,27.919927],[77.533332,27.920481],[77.532245,27.921089],[77.531935,27.921166],[77.531752,27.921166],[77.531528,27.921111],[77.531092,27.921003],[77.530502,27.920948],[77.5294,27.920902],[77.528191,27.920902],[77.527912,27.920965],[77.527739,27.921194],[77.527627,27.921434],[77.527408,27.921627],[77.526824,27.922105],[77.526565,27.922367],[77.526478,27.922606],[77.526365,27.923847],[77.526195,27.925374],[77.529301,27.925261],[77.530659,27.926537],[77.533023,27.928759],[77.533498,27.929206],[77.53614,27.93326],[77.536609,27.93398],[77.536624,27.934158],[77.536664,27.934621],[77.536883,27.937161],[77.536952,27.937973],[77.540064,27.942747],[77.542576,27.948587],[77.544986,27.953304],[77.5452,27.954213],[77.545688,27.956282],[77.546077,27.95793],[77.545635,27.958957],[77.545059,27.960291],[77.54423,27.962213],[77.54415,27.962222],[77.537811,27.962959],[77.532772,27.961493],[77.526299,27.961753],[77.518724,27.962125],[77.518635,27.964092],[77.518602,27.964807],[77.518563,27.96567],[77.518426,27.966181],[77.518287,27.966697],[77.517299,27.969716],[77.517078,27.970689],[77.516973,27.971151],[77.517494,27.97204],[77.518846,27.97421],[77.521193,27.976512],[77.525191,27.976268],[77.529456,27.976073],[77.537011,27.978753],[77.537324,27.978864],[77.537766,27.979021],[77.541202,27.981817],[77.542566,27.984953],[77.542588,27.985897],[77.542564,27.986395],[77.542503,27.987638],[77.542434,27.989032],[77.542431,27.989093],[77.542428,27.989095],[77.534484,27.993862],[77.524247,28.000002],[77.523822,28.001211],[77.523834,28.001712],[77.523779,28.002403],[77.524009,28.003103],[77.523986,28.003498],[77.523962,28.003925],[77.523987,28.005002],[77.523865,28.006087],[77.524033,28.006743],[77.523963,28.007037],[77.523249,28.008661],[77.522892,28.009944],[77.522794,28.01051],[77.522763,28.01176],[77.522762,28.011778],[77.522522,28.012148],[77.522129,28.012728],[77.521725,28.013299],[77.521504,28.013858],[77.521328,28.014137],[77.520915,28.014501],[77.52063,28.014948],[77.520433,28.0152],[77.520039,28.01555],[77.519735,28.015781],[77.519726,28.015784],[77.5191,28.016014],[77.518271,28.016015],[77.518256,28.016022],[77.518098,28.016096],[77.517695,28.016284],[77.517567,28.016344],[77.517023,28.016787],[77.5163,28.017369],[77.51619,28.017441],[77.516119,28.017488],[77.515884,28.017642],[77.515871,28.017649],[77.515115,28.017999],[77.515104,28.018009],[77.514961,28.018135],[77.514786,28.01829],[77.514069,28.018718],[77.514064,28.01872],[77.513345,28.019083],[77.513342,28.019086],[77.512993,28.019437],[77.512796,28.019575],[77.512337,28.0199],[77.511879,28.020192],[77.511311,28.020555],[77.511304,28.02056],[77.510568,28.021195],[77.509585,28.021994],[77.509475,28.022073],[77.5091,28.022341],[77.508388,28.022773],[77.508387,28.022776],[77.508122,28.023356],[77.507882,28.02396],[77.507883,28.024208],[77.508146,28.025065],[77.508206,28.025235],[77.508713,28.025591],[77.509476,28.026056],[77.510353,28.026387],[77.510676,28.026737],[77.51133,28.027321],[77.511925,28.027752],[77.511885,28.028646],[77.512209,28.029267],[77.512562,28.029793],[77.512884,28.030315],[77.512929,28.030901],[77.512758,28.031887],[77.512745,28.031893],[77.512074,28.032179],[77.51096,28.032583],[77.510954,28.032594],[77.510809,28.032879],[77.510796,28.032888],[77.510133,28.033343],[77.508645,28.03319],[77.507574,28.033493],[77.507138,28.033533],[77.506045,28.033963],[77.505212,28.033997],[77.504559,28.034153],[77.503596,28.034247],[77.502633,28.034404],[77.502623,28.034407],[77.50106,28.034749],[77.5,28.034979],[77.499997,28.034979],[77.497694,28.035115],[77.495982,28.035216],[77.494187,28.035498],[77.493394,28.035697],[77.491635,28.036222],[77.490263,28.036363],[77.488956,28.036544],[77.488412,28.036698],[77.487701,28.037035],[77.487248,28.03725],[77.486496,28.037598],[77.486166,28.037774],[77.485053,28.038772],[77.484185,28.039779],[77.483641,28.040451],[77.483418,28.04097],[77.483408,28.041358],[77.483541,28.041828],[77.483542,28.041829],[77.483938,28.042536],[77.484509,28.043568],[77.48484,28.044168],[77.485344,28.044641],[77.486229,28.044911],[77.486982,28.045087],[77.487735,28.045262],[77.488594,28.045618],[77.489241,28.045933],[77.489694,28.046276],[77.490075,28.04665],[77.490605,28.046907],[77.49124,28.047041],[77.49153,28.047041],[77.491993,28.046842],[77.49244,28.046711],[77.493061,28.046828],[77.493565,28.047134],[77.494186,28.048302],[77.494188,28.048305],[77.495312,28.049943],[77.495882,28.050701],[77.496967,28.051638],[77.497547,28.051859],[77.498076,28.051998],[77.498605,28.052251],[77.498921,28.052602],[77.498922,28.052605],[77.499028,28.052931],[77.499029,28.052933],[77.499268,28.0534],[77.499599,28.053797],[77.5,28.054352],[77.500582,28.055209],[77.500871,28.055766],[77.500898,28.055817],[77.501109,28.056239],[77.501321,28.056661],[77.501321,28.056661],[77.501363,28.057419],[77.501242,28.05852],[77.500968,28.059296],[77.500822,28.059655],[77.500704,28.059946],[77.500456,28.061074],[77.500204,28.062468],[77.5,28.063],[77.499981,28.063051],[77.499793,28.063308],[77.499371,28.063728],[77.498964,28.06399],[77.498803,28.064139],[77.498751,28.064187],[77.498065,28.064821],[77.497338,28.065259],[77.496662,28.065612],[77.49666,28.065614],[77.496058,28.06619],[77.495438,28.066962],[77.494737,28.067693],[77.493761,28.068457],[77.492836,28.069306],[77.492216,28.069839],[77.490773,28.071365],[77.489996,28.072263],[77.489666,28.072593],[77.489371,28.07272],[77.488501,28.072946],[77.487428,28.073308],[77.486981,28.073407],[77.486594,28.073525],[77.485593,28.074302],[77.484734,28.075029],[77.483966,28.075499],[77.483453,28.075856],[77.482528,28.076984],[77.481563,28.077784],[77.480622,28.078448],[77.479209,28.079586],[77.478248,28.080394],[77.477771,28.081022],[77.477603,28.081387],[77.477126,28.082042],[77.476994,28.08243],[77.476862,28.082917],[77.476253,28.083901],[77.475897,28.084641],[77.475727,28.08492],[77.475608,28.085115],[77.475606,28.085117],[77.475609,28.085118],[77.475609,28.085119],[77.476576,28.085398],[77.479874,28.086609],[77.481187,28.087235],[77.48219,28.087739],[77.483172,28.088091],[77.484138,28.088144],[77.485146,28.08799],[77.486269,28.087623],[77.487418,28.086887],[77.488044,28.086607],[77.488715,28.08643],[77.489631,28.086172],[77.491126,28.085999],[77.49281,28.085705],[77.495099,28.085486],[77.496742,28.085354],[77.497535,28.085385],[77.498238,28.085547],[77.498537,28.085672],[77.498782,28.085762],[77.498888,28.085789],[77.499122,28.085875],[77.499351,28.085975],[77.499814,28.086201],[77.500175,28.086427],[77.50105,28.086197],[77.501777,28.08659],[77.50254,28.087038],[77.503435,28.087539],[77.503832,28.087752],[77.503989,28.087837],[77.504172,28.087887],[77.504401,28.087982],[77.504635,28.088113],[77.504879,28.088276],[77.50524,28.088492],[77.50555,28.088727],[77.506013,28.089044],[77.506232,28.089215],[77.506511,28.089423],[77.506811,28.089685],[77.506969,28.089816],[77.507096,28.089911],[77.507329,28.089961],[77.507452,28.089988],[77.507634,28.089949],[77.507834,28.089907],[77.507996,28.089866],[77.508195,28.089817],[77.508449,28.089758],[77.50875,28.089673],[77.508953,28.08965],[77.509213,28.089623],[77.509493,28.089624],[77.509879,28.089669],[77.510047,28.089678],[77.510322,28.089715],[77.510602,28.089778],[77.510856,28.089796],[77.510973,28.089756],[77.511151,28.089647],[77.511283,28.089517],[77.511538,28.08926],[77.511706,28.089142],[77.511884,28.089007],[77.512022,28.088881],[77.512297,28.088696],[77.51251,28.088615],[77.512673,28.088602],[77.512821,28.088629],[77.513248,28.088372],[77.513335,28.088449],[77.513472,28.088503],[77.513589,28.088503],[77.513732,28.088481],[77.513869,28.088427],[77.514052,28.088409],[77.514312,28.08835],[77.514744,28.088292],[77.515039,28.08826],[77.515396,28.088211],[77.515742,28.088144],[77.516296,28.088049],[77.516703,28.087977],[77.517365,28.087924],[77.517599,28.087915],[77.517721,28.087892],[77.517874,28.087861],[77.518001,28.087838],[77.518047,28.087816],[77.518072,28.087775],[77.518174,28.087658],[77.518367,28.087351],[77.518571,28.087099],[77.518668,28.087018],[77.518739,28.086991],[77.518866,28.087004],[77.518983,28.087027],[77.519385,28.087126],[77.519655,28.087167],[77.519975,28.08723],[77.520296,28.087213],[77.520952,28.087195],[77.521425,28.087209],[77.521608,28.087223],[77.521725,28.087286],[77.52199,28.087408],[77.522346,28.087602],[77.52289,28.087896],[77.52319,28.088063],[77.523388,28.088158],[77.523541,28.088221],[77.523785,28.08832],[77.524014,28.088487],[77.524075,28.088528],[77.524156,28.088623],[77.524248,28.088745],[77.524288,28.088826],[77.524426,28.089007],[77.524593,28.089183],[77.524817,28.089404],[77.524954,28.089503],[77.525142,28.08958],[77.525259,28.089621],[77.525672,28.089702],[77.525773,28.089702],[77.526012,28.089725],[77.526287,28.089766],[77.526755,28.089825],[77.527076,28.089866],[77.527401,28.089893],[77.52761,28.089934],[77.5279,28.090019],[77.528037,28.090056],[77.528225,28.090114],[77.528551,28.090137],[77.528912,28.090178],[77.529507,28.090246],[77.529868,28.090287],[77.530108,28.090355],[77.530342,28.090382],[77.530769,28.090463],[77.530937,28.090509],[77.531217,28.090581],[77.531634,28.090622],[77.531954,28.090685],[77.532102,28.090721],[77.532534,28.090758],[77.532865,28.090789],[77.53315,28.090763],[77.533358,28.090704],[77.533526,28.090653],[77.533699,28.0906],[77.533832,28.090575],[77.533933,28.090555],[77.534315,28.090741],[77.534427,28.09079],[77.53459,28.090903],[77.534757,28.091061],[77.534981,28.091165],[77.535083,28.091138],[77.535276,28.091107],[77.5355,28.091116],[77.535892,28.091107],[77.536416,28.091026],[77.536757,28.090895],[77.536915,28.090855],[77.537149,28.090792],[77.53753,28.090688],[77.538029,28.090472],[77.538482,28.090305],[77.538894,28.090125],[77.539332,28.0899],[77.539805,28.089679],[77.540111,28.089544],[77.540803,28.089224],[77.540844,28.089207],[77.540881,28.089192],[77.541197,28.089065],[77.541373,28.088994],[77.541765,28.088962],[77.541963,28.089003],[77.542105,28.089066],[77.542273,28.08917],[77.542472,28.089224],[77.542792,28.089198],[77.543382,28.089225],[77.543565,28.089293],[77.543764,28.089397],[77.543932,28.089473],[77.544049,28.089559],[77.544104,28.089667],[77.544196,28.089839],[77.544333,28.090155],[77.544409,28.090326],[77.544496,28.090624],[77.544694,28.090954],[77.54477,28.091039],[77.544918,28.091134],[77.545192,28.091234],[77.545457,28.091225],[77.545808,28.09113],[77.546083,28.090999],[77.546449,28.090869],[77.546856,28.090684],[77.547075,28.090625],[77.547406,28.090495],[77.547869,28.090364],[77.548383,28.090122],[77.548556,28.09004],[77.548556,28.090041],[77.548688,28.08998],[77.548734,28.089958],[77.549721,28.089598],[77.550078,28.089377],[77.550398,28.089228],[77.550897,28.088994],[77.551655,28.088629],[77.552068,28.088584],[77.552358,28.088566],[77.552597,28.088584],[77.552988,28.088539],[77.553487,28.08849],[77.554047,28.088404],[77.554525,28.08835],[77.55484,28.088287],[77.555339,28.088238],[77.555807,28.088202],[77.556306,28.088211],[77.556769,28.088284],[77.557247,28.088343],[77.557542,28.088361],[77.558168,28.088532],[77.558697,28.088641],[77.55917,28.088772],[77.559943,28.088989],[77.560345,28.089066],[77.560609,28.089093],[77.560991,28.089057],[77.561337,28.088953],[77.561602,28.088908],[77.561922,28.088841],[77.562406,28.088814],[77.56296,28.088719],[77.563393,28.088665],[77.563932,28.088652],[77.564471,28.088589],[77.564756,28.088571],[77.565179,28.088513],[77.56554,28.088355],[77.56585,28.088278],[77.566079,28.088224],[77.56644,28.088157],[77.566746,28.088103],[77.566893,28.088026],[77.567168,28.087994],[77.567351,28.087972],[77.567473,28.088073],[77.567667,28.088234],[77.56787,28.088432],[77.568206,28.088739],[77.568409,28.088902],[77.568567,28.089078],[77.568862,28.089416],[77.569095,28.089845],[77.569406,28.090333],[77.569614,28.090689],[77.569741,28.091027],[77.570153,28.09147],[77.570392,28.091727],[77.570575,28.091944],[77.570921,28.092354],[77.571135,28.092526],[77.571155,28.092512],[77.571262,28.092336],[77.57142,28.092206],[77.571684,28.09203],[77.571791,28.092025],[77.571867,28.09212],[77.571939,28.092233],[77.572055,28.092459],[77.572244,28.092824],[77.57233,28.092946],[77.572533,28.093284],[77.572772,28.093695],[77.573027,28.094052],[77.573281,28.094363],[77.573428,28.094548],[77.573555,28.094701],[77.573662,28.094981],[77.573866,28.09532],[77.573978,28.095311],[77.574349,28.09532],[77.574339,28.09555],[77.574395,28.095685],[77.574639,28.095992],[77.574837,28.096186],[77.574913,28.09629],[77.57504,28.096475],[77.575168,28.096552],[77.575407,28.09657],[77.575758,28.096615],[77.576022,28.096647],[77.57619,28.096737],[77.576384,28.096841],[77.57649,28.096936],[77.576562,28.097152],[77.576551,28.097292],[77.576561,28.097468],[77.576658,28.097874],[77.576688,28.097996],[77.576658,28.098091],[77.576454,28.098154],[77.576073,28.098203],[77.575956,28.098258],[77.576118,28.098578],[77.576256,28.098754],[77.576413,28.099291],[77.576718,28.099896],[77.576929,28.100383],[77.576972,28.100482],[77.57712,28.100653],[77.577257,28.100812],[77.577659,28.10124],[77.57799,28.101565],[77.578386,28.101985],[77.578829,28.1025],[77.579485,28.103244],[77.579933,28.103714],[77.580272,28.104072],[77.580314,28.104115],[77.58042,28.104208],[77.580564,28.104334],[77.58064,28.1044],[77.581062,28.10472],[77.581392,28.105004],[77.581891,28.105492],[77.582196,28.10569],[77.582318,28.105722],[77.582405,28.105636],[77.582573,28.105578],[77.58268,28.105578],[77.582746,28.1056],[77.582781,28.105655],[77.582842,28.105731],[77.582893,28.105799],[77.583026,28.105862],[77.583087,28.10588],[77.583234,28.105903],[77.583356,28.105894],[77.583489,28.105853],[77.583657,28.105763],[77.583804,28.105759],[77.583947,28.105772],[77.584089,28.105795],[77.584211,28.105844],[77.584333,28.105885],[77.584435,28.105962],[77.584506,28.106084],[77.584888,28.106404],[77.584989,28.106445],[77.585051,28.10653],[77.585173,28.106576],[77.585346,28.106616],[77.585493,28.106576],[77.585748,28.106431],[77.58589,28.1063],[77.58644,28.105976],[77.58675,28.105895],[77.586832,28.105863],[77.58702,28.105823],[77.587152,28.105841],[77.587218,28.105863],[77.587269,28.105917],[77.587356,28.106048],[77.587473,28.106364],[77.58759,28.106612],[77.587793,28.107118],[77.588022,28.107794],[77.588123,28.108056],[77.588276,28.108237],[77.588378,28.108232],[77.588505,28.108128],[77.588754,28.107966],[77.589101,28.107754],[77.589345,28.107641],[77.589538,28.107488],[77.58961,28.107425],[77.589599,28.107249],[77.589661,28.107064],[77.589757,28.106938],[77.589773,28.106921],[77.589803,28.106888],[77.589853,28.106834],[77.589895,28.106789],[77.590093,28.106762],[77.590164,28.106798],[77.590276,28.106893],[77.590307,28.107014],[77.590358,28.107087],[77.590546,28.107448],[77.590612,28.10752],[77.590698,28.107569],[77.590765,28.107538],[77.590856,28.107488],[77.590973,28.107479],[77.591177,28.107583],[77.591533,28.107737],[77.59192,28.108012],[77.592148,28.108265],[77.592779,28.108851],[77.593161,28.10919],[77.593517,28.10947],[77.593893,28.109767],[77.594331,28.110056],[77.594753,28.110417],[77.59517,28.110774],[77.595537,28.111112],[77.595898,28.111351],[77.596336,28.111681],[77.596737,28.111983],[77.596839,28.112078],[77.597124,28.112371],[77.597211,28.112475],[77.597348,28.112687],[77.59748,28.11294],[77.597694,28.113229],[77.597745,28.113332],[77.597872,28.113558],[77.59806,28.113878],[77.598091,28.114],[77.598228,28.114262],[77.59837,28.114524],[77.598426,28.114691],[77.598533,28.114961],[77.598665,28.115246],[77.598737,28.115394],[77.598828,28.115607],[77.599001,28.115981],[77.599108,28.116161],[77.59921,28.116392],[77.599291,28.116518],[77.599449,28.116631],[77.599601,28.116726],[77.599841,28.116856],[77.600156,28.117005],[77.600451,28.117208],[77.600802,28.117484],[77.601103,28.117804],[77.601286,28.118043],[77.601504,28.118328],[77.601728,28.118639],[77.601835,28.118815],[77.601983,28.118986],[77.60241,28.118639],[77.602852,28.118386],[77.602883,28.118368],[77.602894,28.118201],[77.602819,28.118116],[77.602756,28.118043],[77.602644,28.117949],[77.602573,28.117859],[77.602594,28.117773],[77.60267,28.117683],[77.602782,28.117669],[77.602894,28.117637],[77.602991,28.117534],[77.603113,28.117389],[77.603352,28.11715],[77.603454,28.117028],[77.603591,28.116812],[77.604222,28.11614],[77.604889,28.115458],[77.605301,28.11508],[77.60549,28.114773],[77.6058,28.114371],[77.605988,28.11411],[77.606334,28.113663],[77.606584,28.113289],[77.607149,28.112517],[77.607444,28.112066],[77.607627,28.111867],[77.607948,28.111525],[77.608187,28.111358],[77.60893,28.110803],[77.610365,28.109783],[77.610798,28.109463],[77.611067,28.109251],[77.611276,28.109165],[77.611469,28.109039],[77.611648,28.108813],[77.612075,28.108254],[77.612177,28.108266],[77.612294,28.108281],[77.612482,28.108186],[77.612777,28.108037],[77.613016,28.107866],[77.613647,28.107379],[77.613706,28.107328],[77.613753,28.107287],[77.613856,28.107198],[77.614044,28.107744],[77.614079,28.107835],[77.614119,28.107943],[77.614299,28.108416],[77.614533,28.1088],[77.614604,28.108841],[77.615037,28.108732],[77.615479,28.108574],[77.615886,28.108471],[77.616655,28.108191],[77.617164,28.108024],[77.617169,28.108029],[77.617276,28.108376],[77.617393,28.108561],[77.61755,28.108791],[77.617733,28.10894],[77.618069,28.1088],[77.618148,28.108772],[77.618324,28.10871],[77.619174,28.108372],[77.619764,28.108083],[77.620069,28.10797],[77.62019,28.107925],[77.620191,28.107925],[77.62039,28.107839],[77.620456,28.107966],[77.62054,28.108265],[77.620554,28.108314],[77.620558,28.108326],[77.620629,28.108475],[77.620949,28.108164],[77.621011,28.10811],[77.621107,28.108119],[77.621798,28.10843],[77.621972,28.108508],[77.622079,28.108557],[77.622445,28.10871],[77.622598,28.108701],[77.622659,28.10865],[77.622878,28.108466],[77.623107,28.10829],[77.62385,28.107704],[77.62384,28.107699],[77.62442,28.107517],[77.624572,28.107469],[77.624763,28.107585],[77.624823,28.107622],[77.624832,28.107627],[77.626119,28.109459],[77.626187,28.10942],[77.626312,28.109349],[77.627071,28.108913],[77.627071,28.108809],[77.626755,28.108421],[77.626577,28.108155],[77.626638,28.107893],[77.627112,28.107451],[77.627727,28.107383],[77.627822,28.10731],[77.628048,28.107135],[77.628432,28.10643],[77.62848,28.106341],[77.62874,28.10608],[77.629157,28.1058],[77.629574,28.105673],[77.629773,28.105782],[77.629992,28.105674],[77.630567,28.105182],[77.630745,28.105127],[77.630964,28.105412],[77.631203,28.106025],[77.631518,28.106201],[77.631656,28.106273],[77.632032,28.106097],[77.632629,28.105698],[77.632884,28.105526],[77.632928,28.105497],[77.633223,28.105285],[77.633441,28.104902],[77.633509,28.104707],[77.633564,28.10455],[77.63392,28.104302],[77.634044,28.104228],[77.634175,28.104151],[77.634506,28.103956],[77.634606,28.103897],[77.634636,28.10388],[77.634693,28.103846],[77.635467,28.103368],[77.635884,28.103192],[77.636321,28.103155],[77.637481,28.103015],[77.63762,28.102999],[77.637629,28.102997],[77.637636,28.103005],[77.637731,28.10311],[77.639039,28.104563],[77.639833,28.105357],[77.640886,28.106291],[77.642214,28.107346],[77.643008,28.108032],[77.643863,28.108614],[77.644438,28.109002],[77.644815,28.109282],[77.644199,28.109846],[77.643762,28.110058],[77.643146,28.110617],[77.642968,28.110848],[77.64279,28.111497],[77.64279,28.112079],[77.642806,28.112153],[77.642827,28.112243],[77.642867,28.112423],[77.642912,28.112625],[77.643706,28.113451],[77.643905,28.113663],[77.644576,28.113803],[77.645151,28.113875],[77.64565,28.113753],[77.646225,28.113541],[77.647416,28.112995],[77.648825,28.114262],[77.649579,28.11493],[77.650134,28.115422],[77.650729,28.115895],[77.651269,28.116671],[77.652078,28.118061],[77.652496,28.118945],[77.653056,28.119982],[77.653549,28.120758],[77.654063,28.12125],[77.654026,28.121549],[77.654008,28.121692],[77.654185,28.121761],[77.654323,28.121814],[77.654644,28.121954],[77.654939,28.121868],[77.655295,28.121164],[77.655636,28.12088],[77.656547,28.120316],[77.657238,28.119102]]]}},{"type":"Feature","properties":{"OBJECTID":2579,"state_lgd":"09","state_name":"UTTAR PRADESH","district_lgd":"143","district_name":"ALIGARH","district_name_source":"district_table","subdistrict_lgd":"755","subdistrict_name":"KOIL","subdistrict_type":"Tehsil","name_corrupted":false,"remarks":""},"geometry":{"type":"Polygon","coordinates":[[[78.205629,28.100154],[78.206113,28.099782],[78.206069,28.099151],[78.205972,28.098473],[78.206157,28.097972],[78.205722,28.097353],[78.205693,28.096896],[78.205719,28.09633],[78.205779,28.095889],[78.206083,28.095688],[78.206795,28.095555],[78.207438,28.095294],[78.20812,28.094782],[78.208602,28.09463],[78.2087,28.095182],[78.208816,28.095798],[78.20929,28.096165],[78.209647,28.096012],[78.209775,28.095714],[78.209608,28.09502],[78.209508,28.09453],[78.209781,28.094061],[78.21039,28.093737],[78.210909,28.093444],[78.21153,28.093451],[78.211954,28.093613],[78.212593,28.093621],[78.213127,28.093501],[78.213252,28.092649],[78.213203,28.091934],[78.212795,28.091615],[78.21194,28.092338],[78.211642,28.092561],[78.211189,28.092643],[78.209883,28.091879],[78.209615,28.091405],[78.209349,28.090775],[78.209215,28.090477],[78.209357,28.090182],[78.209794,28.089856],[78.210896,28.089729],[78.211509,28.08951],[78.212066,28.088993],[78.212461,28.087533],[78.212851,28.08637],[78.213602,28.086013],[78.214231,28.086037],[78.214727,28.085677],[78.215185,28.085264],[78.215527,28.084727],[78.21638,28.084144],[78.216072,28.08374],[78.214651,28.082783],[78.213952,28.082183],[78.213193,28.081634],[78.212752,28.080897],[78.213326,28.080607],[78.214265,28.080931],[78.214989,28.081079],[78.215174,28.080558],[78.214735,28.079664],[78.214608,28.078913],[78.214834,28.078219],[78.215448,28.077842],[78.216505,28.078168],[78.216879,28.078137],[78.217117,28.077931],[78.217051,28.077059],[78.216943,28.076378],[78.216495,28.076129],[78.215589,28.076241],[78.215204,28.075696],[78.215703,28.075127],[78.216198,28.074888],[78.216946,28.074774],[78.219362,28.074836],[78.220287,28.074725],[78.22061,28.074136],[78.22072,28.073335],[78.220332,28.07293],[78.219438,28.072275],[78.218993,28.071782],[78.21932,28.07088],[78.219859,28.070328],[78.22022,28.069774],[78.219697,28.069228],[78.219265,28.067829],[78.219858,28.066233],[78.220384,28.065193],[78.220685,28.064726],[78.221028,28.064119],[78.221042,28.063074],[78.221408,28.062207],[78.222302,28.062914],[78.223055,28.062469],[78.2232,28.061948],[78.223232,28.061094],[78.223749,28.060629],[78.224225,28.060304],[78.224561,28.060168],[78.224761,28.059944],[78.224855,28.059509],[78.225114,28.059259],[78.22509,28.058902],[78.225321,28.058547],[78.225687,28.058385],[78.22612,28.058286],[78.226466,28.058167],[78.226753,28.057988],[78.2268,28.057483],[78.226715,28.057194],[78.226192,28.056718],[78.226038,28.056481],[78.226395,28.056241],[78.226997,28.056038],[78.227636,28.055993],[78.227737,28.055846],[78.227712,28.055497],[78.227322,28.055293],[78.227,28.055115],[78.226914,28.054948],[78.226956,28.054774],[78.227204,28.054577],[78.227539,28.054502],[78.228451,28.054634],[78.229215,28.054808],[78.229889,28.055042],[78.230466,28.055267],[78.230789,28.055305],[78.231134,28.055239],[78.231354,28.05498],[78.231266,28.054273],[78.231535,28.053954],[78.231852,28.053801],[78.232187,28.053709],[78.232337,28.053501],[78.232302,28.053231],[78.232266,28.052969],[78.23177,28.052615],[78.231234,28.052347],[78.230609,28.052088],[78.230134,28.051638],[78.229884,28.051269],[78.229926,28.051043],[78.230614,28.051051],[78.231406,28.051295],[78.232244,28.051749],[78.232996,28.052079],[78.233427,28.052163],[78.233022,28.050912],[78.23261,28.050228],[78.232274,28.049623],[78.232164,28.049098],[78.232579,28.048894],[78.233263,28.04918],[78.234915,28.050401],[78.235277,28.049822],[78.235188,28.04915],[78.235453,28.048525],[78.236165,28.048132],[78.236918,28.048419],[78.237329,28.049234],[78.237492,28.049454],[78.238119,28.049574],[78.238868,28.049408],[78.240113,28.049631],[78.241003,28.049885],[78.241892,28.049538],[78.243082,28.049385],[78.243681,28.049435],[78.244478,28.049305],[78.245131,28.049007],[78.245673,28.048891],[78.246079,28.049296],[78.246201,28.04976],[78.246592,28.04986],[78.247461,28.049538],[78.247963,28.049457],[78.248068,28.049693],[78.247617,28.050298],[78.247256,28.05086],[78.247203,28.051139],[78.247317,28.051436],[78.248277,28.050872],[78.249134,28.050036],[78.249428,28.049377],[78.248857,28.048734],[78.248355,28.048101],[78.248102,28.047245],[78.248479,28.046987],[78.249729,28.046801],[78.250622,28.046837],[78.251074,28.046842],[78.25128,28.046147],[78.251195,28.045222],[78.250864,28.044338],[78.250512,28.043489],[78.25018,28.042666],[78.249807,28.041948],[78.249422,28.041394],[78.248744,28.040664],[78.248319,28.040154],[78.24771,28.040217],[78.247029,28.040436],[78.24641,28.04042],[78.245258,28.039954],[78.244397,28.039727],[78.243472,28.039804],[78.24261,28.039664],[78.242486,28.039401],[78.242661,28.03881],[78.243469,28.038671],[78.244025,28.038233],[78.244356,28.037713],[78.24413,28.037049],[78.243254,28.036481],[78.242191,28.03592],[78.241488,28.035651],[78.241587,28.03492],[78.242025,28.034481],[78.24271,28.033931],[78.242376,28.032567],[78.242397,28.031792],[78.243321,28.03168],[78.24435,28.031892],[78.24436,28.031117],[78.244178,28.030156],[78.24399,28.029535],[78.243801,28.029002],[78.243205,28.028751],[78.242388,28.028899],[78.241771,28.029467],[78.24119,28.029574],[78.240835,28.028995],[78.241001,28.028369],[78.240981,28.027733],[78.241066,28.027237],[78.240859,28.026599],[78.240776,28.026188],[78.240269,28.025947],[78.239128,28.026074],[78.238216,28.025968],[78.237855,28.025842],[78.237563,28.024959],[78.237238,28.024319],[78.23621,28.02341],[78.23548,28.022199],[78.235321,28.021692],[78.235427,28.021092],[78.236573,28.019954],[78.236651,28.019267],[78.236296,28.018705],[78.235363,28.018023],[78.234732,28.017511],[78.2337,28.016829],[78.233135,28.016543],[78.232286,28.015479],[78.232034,28.014553],[78.231831,28.013627],[78.231319,28.012976],[78.231456,28.012316],[78.23094,28.012057],[78.230115,28.012039],[78.229721,28.011451],[78.230443,28.011067],[78.230535,28.010841],[78.230445,28.01023],[78.230149,28.009608],[78.22955,28.009654],[78.228799,28.009994],[78.228263,28.010371],[78.227709,28.010644],[78.226691,28.011129],[78.226436,28.011806],[78.226472,28.012704],[78.225896,28.013212],[78.225378,28.013032],[78.224778,28.01238],[78.224272,28.012035],[78.223521,28.011739],[78.222782,28.011905],[78.222052,28.012115],[78.221468,28.012465],[78.220948,28.013087],[78.220713,28.013755],[78.220325,28.014135],[78.219393,28.014019],[78.218012,28.013777],[78.217265,28.013874],[78.217401,28.014633],[78.217523,28.015053],[78.217144,28.015423],[78.216733,28.015306],[78.215691,28.014736],[78.214972,28.01417],[78.214361,28.013667],[78.213334,28.01335],[78.213017,28.012876],[78.212257,28.012458],[78.211907,28.012192],[78.211244,28.012603],[78.210741,28.012693],[78.209878,28.012658],[78.209199,28.012737],[78.208655,28.013001],[78.208993,28.013441],[78.209063,28.014043],[78.208251,28.014478],[78.207539,28.014853],[78.206521,28.015278],[78.206021,28.015228],[78.206108,28.01468],[78.206166,28.014054],[78.206152,28.013609],[78.20572,28.012977],[78.205043,28.012943],[78.204062,28.012871],[78.203338,28.012645],[78.20247,28.012225],[78.201993,28.011932],[78.201994,28.011218],[78.201245,28.011357],[78.200839,28.010969],[78.200936,28.010334],[78.200903,28.009881],[78.201261,28.009615],[78.201455,28.009077],[78.200947,28.008914],[78.200166,28.0086],[78.199831,28.007986],[78.199427,28.00738],[78.198557,28.0071],[78.198351,28.006418],[78.198072,28.005352],[78.197872,28.004931],[78.197322,28.004925],[78.196444,28.005211],[78.196036,28.005555],[78.195715,28.006057],[78.195167,28.005911],[78.194408,28.005476],[78.194966,28.004855],[78.19524,28.004239],[78.19552,28.003902],[78.195241,28.003524],[78.195011,28.003103],[78.193549,28.003069],[78.193212,28.002595],[78.192845,28.00219],[78.192804,28.001632],[78.193421,28.001064],[78.194026,28.000635],[78.19408,28.0006],[78.194107,28.0006],[78.194135,28.000582],[78.194492,28.000353],[78.195727,28.000117],[78.195991,27.999919],[78.196451,27.999714],[78.197049,27.999648],[78.197458,27.99963],[78.197867,27.999601],[78.198068,27.999553],[78.198182,27.99947],[78.198057,27.998576],[78.198047,27.997209],[78.198004,27.996271],[78.198057,27.995813],[78.198423,27.99531],[78.19857,27.995012],[78.198906,27.994322],[78.198901,27.994319],[78.198342,27.994044],[78.197292,27.992955],[78.196204,27.991737],[78.195815,27.991383],[78.195647,27.991013],[78.195668,27.990733],[78.196161,27.990435],[78.196768,27.989941],[78.197009,27.989745],[78.196989,27.989447],[78.196936,27.989402],[78.195144,27.990006],[78.19488,27.99023],[78.194125,27.98942],[78.193739,27.98919],[78.193454,27.988723],[78.193749,27.988315],[78.193802,27.987922],[78.193779,27.987708],[78.193421,27.987096],[78.192864,27.986519],[78.1932,27.986126],[78.193713,27.985847],[78.193965,27.985587],[78.194219,27.985325],[78.194343,27.984998],[78.194282,27.984055],[78.194114,27.983719],[78.194094,27.983243],[78.193937,27.982826],[78.193987,27.982675],[78.194765,27.982796],[78.195949,27.982826],[78.196526,27.98302],[78.196915,27.98332],[78.197009,27.983886],[78.197103,27.984685],[78.197093,27.984962],[78.197687,27.983159],[78.197952,27.982144],[78.1988,27.980006],[78.19895,27.97964],[78.199367,27.979128],[78.199964,27.978675],[78.200312,27.978354],[78.201702,27.977156],[78.202027,27.976867],[78.20255,27.976653],[78.203282,27.97709],[78.203923,27.977772],[78.204332,27.978582],[78.20453,27.978814],[78.204815,27.97873],[78.206136,27.977602],[78.207414,27.976352],[78.207139,27.975734],[78.206865,27.975109],[78.208125,27.974376],[78.208989,27.973753],[78.209431,27.973464],[78.209723,27.973372],[78.209924,27.97311],[78.209967,27.972824],[78.210584,27.972422],[78.211987,27.971585],[78.212302,27.9714],[78.212459,27.971174],[78.213016,27.970793],[78.214042,27.970149],[78.214494,27.969944],[78.216205,27.970327],[78.216982,27.970537],[78.217658,27.970309],[78.217711,27.969946],[78.218097,27.969395],[78.218529,27.968939],[78.218664,27.968669],[78.218486,27.968335],[78.21751,27.968094],[78.21705,27.967776],[78.216809,27.967582],[78.216943,27.967338],[78.217533,27.967302],[78.218003,27.967302],[78.218938,27.967674],[78.219545,27.967906],[78.219924,27.968084],[78.220226,27.968093],[78.220173,27.967265],[78.220183,27.966884],[78.220142,27.966455],[78.220142,27.966119],[78.220246,27.96569],[78.220937,27.965625],[78.221295,27.965602],[78.221704,27.965988],[78.221034,27.967387],[78.221169,27.967509],[78.221369,27.967554],[78.221756,27.967479],[78.222218,27.967005],[78.222825,27.966349],[78.222853,27.965787],[78.222718,27.964975],[78.222832,27.964546],[78.222832,27.963941],[78.222529,27.963971],[78.221899,27.963971],[78.221701,27.963691],[78.221271,27.963229],[78.22102,27.962476],[78.22106,27.961478],[78.221103,27.961248],[78.221408,27.960959],[78.222079,27.961284],[78.223377,27.96213],[78.223649,27.962224],[78.224142,27.961338],[78.224373,27.961153],[78.224688,27.960873],[78.221847,27.959653],[78.220411,27.958835],[78.220002,27.958602],[78.221018,27.957837],[78.221628,27.957519],[78.222339,27.957334],[78.223051,27.957252],[78.223333,27.957252],[78.223668,27.957243],[78.22392,27.957139],[78.223889,27.956851],[78.223416,27.954723],[78.222714,27.954554],[78.222869,27.954248],[78.223207,27.953819],[78.223332,27.953744],[78.223741,27.953884],[78.223783,27.952407],[78.223887,27.951603],[78.224934,27.951391],[78.225386,27.95128],[78.225637,27.950983],[78.223706,27.950051],[78.223747,27.949688],[78.223864,27.949429],[78.224417,27.949223],[78.224806,27.949158],[78.22508,27.949137],[78.225416,27.949027],[78.225037,27.948756],[78.223548,27.948066],[78.223495,27.947698],[78.224188,27.947389],[78.224574,27.947175],[78.224815,27.947026],[78.225151,27.946877],[78.225874,27.946448],[78.226126,27.946281],[78.22577,27.94548],[78.226667,27.944997],[78.226982,27.944896],[78.227632,27.945649],[78.228585,27.945371],[78.228091,27.944365],[78.228647,27.943629],[78.228962,27.943314],[78.229496,27.942846],[78.23066,27.943945],[78.230241,27.944804],[78.23066,27.945316],[78.231059,27.945679],[78.234305,27.944029],[78.234651,27.944029],[78.235029,27.94455],[78.235418,27.944038],[78.23573,27.943636],[78.236578,27.943268],[78.237018,27.942903],[78.237406,27.942587],[78.238066,27.941943],[78.238754,27.941284],[78.239006,27.941144],[78.239583,27.941433],[78.239951,27.941683],[78.240464,27.9409],[78.241175,27.940113],[78.241479,27.939804],[78.2417,27.939645],[78.242114,27.939386],[78.24173,27.938928],[78.241636,27.938267],[78.24171,27.937949],[78.241877,27.937529],[78.241778,27.937074],[78.241709,27.93639],[78.241876,27.936004],[78.242044,27.935743],[78.242313,27.935447],[78.2431,27.935555],[78.243677,27.935519],[78.244066,27.935498],[78.244307,27.935498],[78.244675,27.935182],[78.245013,27.934798],[78.245244,27.93492],[78.245432,27.935301],[78.245452,27.935563],[78.245526,27.935863],[78.24592,27.935621],[78.246121,27.935818],[78.246299,27.936406],[78.246489,27.93663],[78.246784,27.936668],[78.247025,27.936668],[78.247246,27.936525],[78.247287,27.93621],[78.247434,27.935984],[78.247665,27.935826],[78.248013,27.935948],[78.248224,27.935966],[78.248486,27.935993],[78.248669,27.936024],[78.249161,27.936063],[78.249261,27.936639],[78.249409,27.937648],[78.249805,27.938324],[78.250538,27.938021],[78.2515,27.938799],[78.251886,27.938179],[78.250879,27.936801],[78.251453,27.936352],[78.252733,27.935574],[78.253199,27.935052],[78.252299,27.933795],[78.252894,27.933729],[78.253516,27.933664],[78.254223,27.933312],[78.254736,27.932601],[78.255144,27.931187],[78.25486,27.930225],[78.25457,27.929742],[78.253617,27.930259],[78.25363,27.929372],[78.254374,27.928325],[78.255637,27.926779],[78.256198,27.927217],[78.257224,27.927253],[78.257101,27.926364],[78.256948,27.925762],[78.257357,27.925455],[78.258225,27.925177],[78.259468,27.925118],[78.260586,27.924363],[78.261635,27.92272],[78.262206,27.922414],[78.263539,27.921709],[78.264012,27.920755],[78.264892,27.919565],[78.266532,27.920135],[78.268137,27.920862],[78.267077,27.919733],[78.266008,27.918954],[78.265016,27.918439],[78.264808,27.917861],[78.265327,27.917435],[78.266279,27.916942],[78.267171,27.91688],[78.267241,27.915681],[78.267226,27.914817],[78.266662,27.914643],[78.266305,27.915047],[78.265838,27.915594],[78.265366,27.914605],[78.265242,27.913836],[78.265518,27.913407],[78.26688,27.912511],[78.267645,27.911895],[78.266796,27.910783],[78.265882,27.910533],[78.266736,27.909295],[78.266529,27.908621],[78.266709,27.907947],[78.266754,27.907781],[78.266842,27.907449],[78.267516,27.905586],[78.268016,27.90456],[78.269199,27.904956],[78.269582,27.904553],[78.26994,27.904077],[78.270764,27.903054],[78.271477,27.902629],[78.271698,27.901889],[78.271588,27.900137],[78.271793,27.898964],[78.272367,27.898466],[78.27291,27.898232],[78.273397,27.898142],[78.274089,27.898893],[78.274207,27.898151],[78.274769,27.898492],[78.275934,27.898241],[78.276609,27.898201],[78.275786,27.897184],[78.274662,27.8965],[78.274264,27.895968],[78.274463,27.895275],[78.274524,27.892757],[78.273626,27.891356],[78.273607,27.890756],[78.273568,27.889652],[78.273013,27.888807],[78.27169,27.888792],[78.270939,27.888472],[78.271215,27.888019],[78.271732,27.887689],[78.272358,27.887336],[78.274003,27.88745],[78.274566,27.887792],[78.275317,27.888088],[78.276264,27.887591],[78.275919,27.8856],[78.275275,27.885281],[78.274922,27.885445],[78.274573,27.885297],[78.273903,27.88493],[78.272922,27.883672],[78.272341,27.882682],[78.272268,27.882106],[78.273493,27.8814],[78.273979,27.881381],[78.273109,27.879908],[78.272582,27.878919],[78.272756,27.878081],[78.273656,27.877395],[78.274228,27.877042],[78.273935,27.876751],[78.272918,27.876092],[78.272367,27.874959],[78.272669,27.874602],[78.273531,27.874707],[78.274339,27.87486],[78.274933,27.874867],[78.2758,27.874588],[78.276186,27.873993],[78.275413,27.873313],[78.274605,27.873184],[78.273203,27.873073],[78.272449,27.872921],[78.272725,27.872492],[78.273029,27.871991],[78.273687,27.871231],[78.27494,27.870453],[78.276111,27.86965],[78.277143,27.869205],[78.278407,27.867612],[78.278769,27.866776],[78.279297,27.865655],[78.279444,27.864793],[78.279779,27.863981],[78.280326,27.863507],[78.280676,27.863511],[78.281836,27.863619],[78.284751,27.863603],[78.286294,27.86326],[78.288213,27.862621],[78.289251,27.862668],[78.290028,27.863108],[78.290825,27.864016],[78.29129,27.865181],[78.291821,27.864219],[78.292098,27.863742],[78.292628,27.863412],[78.293223,27.863394],[78.293897,27.86339],[78.294123,27.86368],[78.294343,27.864366],[78.294364,27.864774],[78.294833,27.865079],[78.295509,27.864942],[78.296506,27.865097],[78.297005,27.866134],[78.297522,27.866787],[78.298291,27.867815],[78.29862,27.868406],[78.298666,27.869018],[78.298337,27.869374],[78.297803,27.869932],[78.298435,27.870143],[78.299085,27.869994],[78.299657,27.869616],[78.301559,27.869625],[78.302058,27.869666],[78.302935,27.869712],[78.303787,27.869589],[78.304242,27.868886],[78.304414,27.868156],[78.304285,27.867675],[78.304838,27.867717],[78.306023,27.867897],[78.306737,27.867977],[78.307226,27.866807],[78.30777,27.866441],[78.308785,27.865992],[78.309591,27.865561],[78.310354,27.865041],[78.311565,27.865306],[78.312257,27.865037],[78.313111,27.864735],[78.314386,27.864244],[78.315359,27.864135],[78.316876,27.863743],[78.316875,27.862796],[78.316819,27.861991],[78.317447,27.861446],[78.318175,27.861466],[78.31899,27.862074],[78.319764,27.862778],[78.320921,27.86303],[78.322014,27.863018],[78.323096,27.862874],[78.324424,27.86248],[78.323625,27.861656],[78.32273,27.860987],[78.323075,27.860391],[78.323834,27.860195],[78.324277,27.860367],[78.325002,27.860603],[78.325614,27.861281],[78.326416,27.861817],[78.327858,27.861988],[78.32933,27.861944],[78.329951,27.861938],[78.330442,27.861512],[78.331334,27.861401],[78.331505,27.861775],[78.331698,27.862509],[78.332027,27.863124],[78.332541,27.864029],[78.33358,27.864052],[78.334187,27.86407],[78.334956,27.864078],[78.335512,27.863892],[78.335439,27.863315],[78.335117,27.862149],[78.334223,27.861348],[78.335204,27.860626],[78.33552,27.861253],[78.335991,27.86235],[78.336641,27.863232],[78.337322,27.863755],[78.337951,27.864205],[78.338447,27.864438],[78.338959,27.864516],[78.339808,27.864549],[78.340606,27.864473],[78.341538,27.864631],[78.342257,27.864083],[78.342774,27.863764],[78.343679,27.863762],[78.34396,27.863908],[78.344811,27.863845],[78.345747,27.863471],[78.346053,27.863834],[78.34663,27.865076],[78.347641,27.866226],[78.348955,27.865844],[78.349615,27.86597],[78.350222,27.865989],[78.351035,27.865709],[78.351298,27.86624],[78.350564,27.866628],[78.349898,27.866993],[78.349259,27.867358],[78.35033,27.868029],[78.351878,27.867313],[78.352611,27.866961],[78.353468,27.866442],[78.354737,27.865424],[78.355263,27.866485],[78.355703,27.866909],[78.356055,27.866769],[78.35659,27.866175],[78.357534,27.866233],[78.358922,27.866355],[78.35948,27.865989],[78.360241,27.865589],[78.360505,27.865004],[78.360459,27.86444],[78.360974,27.864217],[78.361577,27.864595],[78.36209,27.8646],[78.362743,27.864175],[78.362803,27.863744],[78.363337,27.86309],[78.363963,27.863732],[78.364052,27.864165],[78.364166,27.864754],[78.364158,27.865329],[78.363739,27.865445],[78.363021,27.865654],[78.362381,27.866031],[78.36319,27.867119],[78.363984,27.868374],[78.365318,27.869563],[78.365318,27.869564],[78.365319,27.869564],[78.36567,27.870467],[78.366299,27.871984],[78.366923,27.872648],[78.367913,27.873392],[78.36849,27.873674],[78.368847,27.873234],[78.369245,27.872734],[78.369562,27.872186],[78.369161,27.871894],[78.36879,27.871338],[78.369239,27.871103],[78.369778,27.871144],[78.370475,27.871487],[78.371173,27.871806],[78.371601,27.872123],[78.371767,27.872868],[78.371657,27.872987],[78.370863,27.873842],[78.36996,27.874792],[78.370356,27.875444],[78.371478,27.877411],[78.372507,27.878287],[78.373198,27.879072],[78.373749,27.879257],[78.374473,27.879636],[78.375298,27.880496],[78.374061,27.881191],[78.374978,27.882304],[78.375387,27.88202],[78.3769,27.881916],[78.377464,27.882114],[78.379002,27.882201],[78.380967,27.882581],[78.383061,27.883609],[78.384275,27.88355],[78.385513,27.883875],[78.386632,27.885038],[78.389271,27.886392],[78.390024,27.885744],[78.392017,27.884061],[78.392215,27.883924],[78.394931,27.882052],[78.396732,27.880583],[78.394886,27.879245],[78.397009,27.877875],[78.394867,27.876486],[78.395225,27.875986],[78.396096,27.874947],[78.396321,27.874677],[78.397196,27.873847],[78.399297,27.872667],[78.399616,27.871412],[78.400191,27.864438],[78.400783,27.863493],[78.401326,27.86217],[78.401846,27.859537],[78.401552,27.857183],[78.400929,27.855234],[78.401482,27.854208],[78.402069,27.852607],[78.402835,27.851823],[78.404026,27.851571],[78.405169,27.850767],[78.406833,27.849416],[78.40848,27.847937],[78.406936,27.845746],[78.405996,27.84383],[78.405521,27.841857],[78.405688,27.839889],[78.405965,27.837827],[78.40653,27.835546],[78.40669,27.83415],[78.406349,27.832877],[78.405545,27.831503],[78.404154,27.831298],[78.401877,27.830608],[78.398964,27.829277],[78.397548,27.828278],[78.395852,27.826768],[78.394026,27.824272],[78.392848,27.822642],[78.390973,27.820048],[78.389942,27.819625],[78.388807,27.81901],[78.38768,27.81776],[78.385911,27.81644],[78.384288,27.814851],[78.383358,27.813507],[78.3821,27.811351],[78.381234,27.809277],[78.380744,27.807105],[78.380444,27.805426],[78.380316,27.804345],[78.379864,27.803387],[78.379252,27.802349],[78.378368,27.801625],[78.377441,27.801552],[78.376378,27.800874],[78.375712,27.799914],[78.375582,27.798865],[78.373271,27.798047],[78.371962,27.797081],[78.369744,27.794612],[78.368783,27.793644],[78.36777,27.792623],[78.366507,27.790895],[78.36652,27.789878],[78.365417,27.789549],[78.364575,27.788365],[78.363443,27.786178],[78.363317,27.784858],[78.363718,27.784259],[78.365169,27.782527],[78.366268,27.780442],[78.366686,27.778541],[78.366616,27.775649],[78.365796,27.77375],[78.365541,27.773161],[78.364685,27.770388],[78.364845,27.769088],[78.365834,27.76716],[78.366761,27.764534],[78.368529,27.757595],[78.369135,27.754934],[78.37002,27.752814],[78.371625,27.750163],[78.370592,27.748258],[78.366468,27.746945],[78.360619,27.74644],[78.355988,27.745693],[78.354352,27.745067],[78.352577,27.744387],[78.348611,27.741932],[78.347422,27.740881],[78.343882,27.737753],[78.340787,27.734226],[78.339435,27.732648],[78.337271,27.730123],[78.331189,27.725803],[78.326984,27.722481],[78.32695,27.722454],[78.325101,27.721863],[78.31739,27.721908],[78.312395,27.721728],[78.308532,27.722322],[78.305815,27.722674],[78.303609,27.722143],[78.298992,27.720378],[78.296925,27.71925],[78.295235,27.718327],[78.294598,27.71798],[78.291269,27.716038],[78.291644,27.71474],[78.291511,27.714008],[78.289994,27.71272],[78.287552,27.711169],[78.285318,27.710129],[78.285207,27.710099],[78.282579,27.7094],[78.279201,27.708506],[78.274719,27.707409],[78.271307,27.706323],[78.269402,27.704682],[78.266932,27.702622],[78.266595,27.702233],[78.265316,27.700762],[78.26402,27.699001],[78.261969,27.695102],[78.259934,27.689966],[78.258908,27.686778],[78.258495,27.68607],[78.256816,27.683197],[78.253654,27.679667],[78.250842,27.676649],[78.248982,27.674654],[78.248145,27.673745],[78.246621,27.671743],[78.240357,27.665062],[78.239896,27.665662],[78.238929,27.666639],[78.238399,27.66754],[78.23807,27.667968],[78.237159,27.668418],[78.236135,27.66881],[78.234655,27.669527],[78.23212,27.670789],[78.230315,27.671603],[78.228459,27.672647],[78.227523,27.673673],[78.226716,27.674743],[78.225681,27.676122],[78.225189,27.676678],[78.224744,27.677291],[78.224185,27.677976],[78.223496,27.678716],[78.223197,27.679274],[78.223062,27.679714],[78.223341,27.680538],[78.22327,27.680998],[78.222681,27.681509],[78.221569,27.682475],[78.221045,27.68293],[78.220342,27.683707],[78.220377,27.684628],[78.220222,27.685303],[78.220118,27.685777],[78.21982,27.686277],[78.218952,27.685994],[78.218565,27.685932],[78.218106,27.686416],[78.217694,27.686944],[78.217268,27.687356],[78.216876,27.687891],[78.216169,27.688732],[78.215886,27.689362],[78.215714,27.690094],[78.215811,27.691174],[78.216206,27.691797],[78.216311,27.692432],[78.216074,27.693134],[78.215769,27.694152],[78.215714,27.694641],[78.215098,27.694763],[78.214241,27.694783],[78.213455,27.6944],[78.213058,27.693906],[78.212774,27.693385],[78.212327,27.693005],[78.211715,27.692855],[78.209928,27.693003],[78.209005,27.693194],[78.208241,27.693444],[78.207625,27.69361],[78.206701,27.693815],[78.205828,27.693806],[78.205251,27.693526],[78.203804,27.692977],[78.203326,27.693633],[78.202534,27.694761],[78.201857,27.695804],[78.201411,27.696446],[78.200501,27.696796],[78.199708,27.697128],[78.199026,27.697365],[78.198375,27.69766],[78.198721,27.698326],[78.198614,27.699044],[78.198415,27.699358],[78.197919,27.700144],[78.197038,27.700767],[78.194992,27.702706],[78.194285,27.70359],[78.193183,27.704901],[78.192477,27.705655],[78.192086,27.706205],[78.191572,27.706484],[78.191337,27.706585],[78.190751,27.706809],[78.189922,27.707202],[78.18864,27.707562],[78.18786,27.70784],[78.18637,27.708483],[78.185832,27.708765],[78.185263,27.709003],[78.184677,27.709284],[78.183814,27.70972],[78.182719,27.710571],[78.182003,27.710951],[78.181254,27.711302],[78.180586,27.711796],[78.180256,27.711174],[78.178838,27.712007],[78.17794,27.712572],[78.177103,27.712789],[78.176399,27.713414],[78.17589,27.713927],[78.174686,27.714488],[78.173739,27.715125],[78.173263,27.715594],[78.172997,27.716124],[78.173967,27.717214],[78.175692,27.718658],[78.177114,27.719797],[78.178441,27.72082],[78.179296,27.720769],[78.180522,27.720898],[78.181751,27.720855],[78.182184,27.721119],[78.182417,27.721769],[78.182344,27.722344],[78.181326,27.723454],[78.180588,27.72418],[78.179225,27.725812],[78.178616,27.726525],[78.178433,27.726925],[78.177854,27.727811],[78.177021,27.72842],[78.176909,27.729],[78.176254,27.731166],[78.176064,27.732013],[78.175777,27.732888],[78.175444,27.733531],[78.174917,27.73423],[78.174265,27.734583],[78.172964,27.735071],[78.171812,27.735615],[78.172125,27.736294],[78.172934,27.737397],[78.173807,27.738515],[78.174602,27.739417],[78.175797,27.740344],[78.177028,27.741294],[78.17871,27.742335],[78.179974,27.743299],[78.180425,27.743911],[78.180954,27.74463],[78.181508,27.745471],[78.181824,27.745978],[78.18193,27.746483],[78.181356,27.746994],[78.180763,27.74775],[78.180109,27.748289],[78.179635,27.748615],[78.179792,27.749071],[78.17933,27.749713],[78.178841,27.750141],[78.17837,27.750843],[78.179607,27.751653],[78.179767,27.751788],[78.179752,27.751969],[78.179744,27.752185],[78.179858,27.752339],[78.180596,27.753074],[78.180469,27.753284],[78.180122,27.753638],[78.179549,27.753947],[78.179427,27.754028],[78.179117,27.754358],[78.17862,27.754624],[78.178177,27.754739],[78.178085,27.754899],[78.178032,27.755055],[78.177867,27.755242],[78.1777,27.755384],[78.17739,27.755659],[78.177172,27.755815],[78.17663,27.756194],[78.175813,27.756652],[78.174895,27.757134],[78.174345,27.757401],[78.173551,27.757913],[78.17315,27.758235],[78.172939,27.758436],[78.172742,27.758625],[78.172493,27.758833],[78.17125,27.7602],[78.170555,27.761014],[78.169764,27.761786],[78.169515,27.761867],[78.168965,27.761914],[78.16861,27.761914],[78.168557,27.761657],[78.168481,27.761637],[78.168366,27.761691],[78.168301,27.761722],[78.16701,27.762489],[78.165095,27.763349],[78.164838,27.763437],[78.162853,27.761428],[78.162577,27.761629],[78.162138,27.761904],[78.161603,27.762188],[78.16127,27.762267],[78.16074,27.76224],[78.16016,27.762254],[78.159307,27.762215],[78.158252,27.762086],[78.157755,27.761991],[78.157304,27.761741],[78.157324,27.761635],[78.157294,27.761461],[78.157167,27.76138],[78.156901,27.761339],[78.156467,27.761213],[78.155689,27.760822],[78.155146,27.760581],[78.155047,27.760479],[78.154971,27.760136],[78.153248,27.759128],[78.152754,27.758839],[78.152677,27.758793],[78.152593,27.758915],[78.152553,27.758933],[78.152459,27.758976],[78.152352,27.758963],[78.152283,27.758908],[78.151967,27.758674],[78.151424,27.758216],[78.150681,27.758942],[78.150488,27.759203],[78.150216,27.75954],[78.149643,27.760309],[78.149047,27.761256],[78.148633,27.761867],[78.148369,27.762118],[78.14821,27.762244],[78.147923,27.76246],[78.147922,27.762461],[78.147743,27.762634],[78.147627,27.762777],[78.147223,27.763277],[78.146829,27.763821],[78.1467,27.764024],[78.14652,27.764299],[78.146271,27.764763],[78.146196,27.764832],[78.14606,27.764955],[78.145563,27.765332],[78.14465,27.76611],[78.143594,27.767064],[78.142861,27.767654],[78.142232,27.76816],[78.141808,27.768541],[78.141537,27.768717],[78.141248,27.76873],[78.141075,27.76875],[78.140781,27.768798],[78.140548,27.76901],[78.140441,27.769207],[78.140284,27.769501],[78.139913,27.769695],[78.139882,27.769701],[78.139604,27.769749],[78.139256,27.76981],[78.139041,27.769943],[78.138224,27.770475],[78.137939,27.770718],[78.13777,27.770863],[78.137348,27.771301],[78.136855,27.771651],[78.136473,27.771923],[78.136374,27.771957],[78.136202,27.771889],[78.136042,27.77197],[78.135862,27.772126],[78.135623,27.772275],[78.135408,27.772126],[78.135332,27.772017],[78.135339,27.771817],[78.135258,27.771681],[78.135015,27.77146],[78.134804,27.771124],[78.13464,27.770862],[78.134239,27.770485],[78.134019,27.770223],[78.1339,27.770027],[78.133575,27.769483],[78.133266,27.769081],[78.132708,27.768483],[78.13228,27.768],[78.132189,27.76796],[78.132006,27.76812],[78.131833,27.768348],[78.131704,27.768415],[78.131493,27.768469],[78.13123,27.768584],[78.131153,27.76869],[78.131032,27.768826],[78.130844,27.768893],[78.130616,27.768934],[78.130562,27.768974],[78.130534,27.769046],[78.130324,27.769414],[78.130187,27.769567],[78.129215,27.770077],[78.128317,27.770521],[78.127396,27.771017],[78.126406,27.771689],[78.125922,27.772031],[78.12581,27.77197],[78.125582,27.771736],[78.125235,27.771305],[78.124708,27.770659],[78.12454,27.77054],[78.124284,27.770578],[78.124013,27.770679],[78.123718,27.771481],[78.123696,27.771539],[78.123255,27.771239],[78.122823,27.770082],[78.121976,27.769511],[78.120994,27.7687],[78.120641,27.76833],[78.120001,27.767651],[78.119623,27.767191],[78.119349,27.76683],[78.119034,27.766262],[78.119001,27.766025],[78.118999,27.766],[78.118902,27.765932],[78.118565,27.765619],[78.118258,27.765373],[78.118052,27.765274],[78.117918,27.76524],[78.117783,27.765224],[78.117609,27.765266],[78.117604,27.765267],[78.117312,27.765394],[78.11631,27.766102],[78.115317,27.766784],[78.114754,27.767195],[78.114084,27.767572],[78.113699,27.767847],[78.113172,27.768094],[78.11254,27.76836],[78.11202,27.76857],[78.111785,27.768708],[78.111759,27.768685],[78.111521,27.768523],[78.1113,27.768315],[78.111115,27.768252],[78.110813,27.768252],[78.109953,27.767975],[78.109649,27.767923],[78.109139,27.767777],[78.108522,27.767716],[78.108127,27.767716],[78.107848,27.76782],[78.107615,27.768129],[78.107442,27.768348],[78.107255,27.768452],[78.106907,27.768452],[78.10622,27.768297],[78.105464,27.768193],[78.104698,27.768153],[78.104077,27.767963],[78.10325,27.76758],[78.102669,27.767404],[78.102017,27.767323],[78.101134,27.767168],[78.100054,27.76662],[78.097162,27.765082],[78.095744,27.765599],[78.094522,27.7662],[78.093711,27.766768],[78.092653,27.767768],[78.091449,27.767252],[78.089856,27.766528],[78.088529,27.76595],[78.088237,27.765788],[78.086931,27.765231],[78.086467,27.765809],[78.086305,27.766161],[78.085387,27.767496],[78.085002,27.768293],[78.084723,27.768706],[78.084261,27.769033],[78.083739,27.769259],[78.083262,27.769581],[78.082879,27.770066],[78.082565,27.770387],[78.081601,27.77108],[78.080891,27.771691],[78.080343,27.772158],[78.079483,27.771711],[78.078636,27.771256],[78.078159,27.770956],[78.077835,27.770699],[78.077474,27.770263],[78.077008,27.769519],[78.076589,27.768878],[78.076427,27.768702],[78.076241,27.76865],[78.074958,27.768908],[78.073548,27.769136],[78.071154,27.769456],[78.069886,27.769644],[78.069016,27.769756],[78.066398,27.77023],[78.066383,27.770988],[78.066454,27.771649],[78.066487,27.771785],[78.066652,27.771733],[78.066792,27.771764],[78.066802,27.771909],[78.066814,27.772746],[78.066792,27.774724],[78.070566,27.778052],[78.071791,27.779245],[78.071561,27.779938],[78.07135,27.779913],[78.070795,27.780858],[78.070259,27.781594],[78.069494,27.782462],[78.069215,27.782803],[78.069412,27.783186],[78.069225,27.783446],[78.068005,27.785018],[78.067749,27.78537],[78.067508,27.785652],[78.06731,27.785788],[78.067041,27.785923],[78.066856,27.78644],[78.066518,27.787028],[78.06609,27.78764],[78.065275,27.78856],[78.064717,27.789336],[78.064415,27.789273],[78.063857,27.789946],[78.063604,27.790291],[78.063789,27.790415],[78.062579,27.791863],[78.062194,27.7923],[78.061427,27.793169],[78.058434,27.791554],[78.056262,27.790552],[78.054563,27.78962],[78.053515,27.789343],[78.052731,27.789178],[78.052234,27.788806],[78.052017,27.788484],[78.051998,27.788456],[78.05038,27.785711],[78.049054,27.785106],[78.045619,27.783725],[78.044417,27.783118],[78.043948,27.782813],[78.043405,27.783007],[78.041264,27.784133],[78.040444,27.784381],[78.039564,27.785014],[78.038971,27.785349],[78.038379,27.785682],[78.036756,27.786397],[78.036058,27.786674],[78.035239,27.78627],[78.03496,27.786146],[78.034026,27.786795],[78.033285,27.78731],[78.033617,27.78793],[78.03243,27.788986],[78.031435,27.789933],[78.031093,27.790301],[78.031529,27.790766],[78.031235,27.791221],[78.031125,27.79139],[78.029374,27.793352],[78.027542,27.795403],[78.026355,27.794554],[78.023906,27.797602],[78.024705,27.79845],[78.024235,27.799007],[78.025503,27.801225],[78.023854,27.802441],[78.024754,27.804629],[78.025451,27.806509],[78.026171,27.80816],[78.020654,27.811231],[78.021199,27.812369],[78.022073,27.814228],[78.022745,27.815694],[78.023724,27.817529],[78.023929,27.818147],[78.022688,27.819072],[78.021439,27.820071],[78.020543,27.820853],[78.019513,27.82208],[78.018711,27.821514],[78.018054,27.821116],[78.017405,27.820453],[78.016398,27.819169],[78.015315,27.817747],[78.014022,27.815965],[78.013505,27.815017],[78.013391,27.81469],[78.013243,27.814588],[78.012256,27.814538],[78.011617,27.813782],[78.010783,27.813073],[78.00974,27.814296],[78.007508,27.812727],[78.00696,27.812393],[78.004545,27.810393],[78.003744,27.80968],[78.001994,27.808583],[78.000563,27.807747],[77.999579,27.807095],[77.998707,27.806637],[77.994495,27.803123],[77.992482,27.8017],[77.991358,27.801638],[77.99015,27.802401],[77.989455,27.80344],[77.988282,27.805298],[77.987916,27.805834],[77.987452,27.805875],[77.987167,27.805808],[77.986019,27.805016],[77.983864,27.803591],[77.981856,27.803018],[77.980005,27.802613],[77.977897,27.80157],[77.977157,27.800997],[77.975926,27.799822],[77.974447,27.798518],[77.973778,27.797969],[77.972791,27.797147],[77.971639,27.797751],[77.971389,27.797764],[77.968431,27.796329],[77.965818,27.795597],[77.962503,27.795221],[77.961279,27.795888],[77.9601,27.796968],[77.958962,27.79889],[77.957112,27.800708],[77.95505,27.801206],[77.953625,27.801915],[77.951756,27.802846],[77.949863,27.803996],[77.94952,27.805294],[77.948862,27.806238],[77.947728,27.806763],[77.94573,27.807737],[77.943329,27.809389],[77.941541,27.808429],[77.940548,27.808003],[77.939947,27.808726],[77.93882,27.810497],[77.93792,27.812018],[77.939567,27.813389],[77.940552,27.814275],[77.940415,27.815019],[77.938905,27.81673],[77.936695,27.819702],[77.935377,27.821653],[77.935438,27.822321],[77.937054,27.823945],[77.936164,27.824839],[77.93596,27.825296],[77.936027,27.825567],[77.936462,27.826287],[77.94002,27.829286],[77.940677,27.830581],[77.940949,27.832521],[77.942837,27.834991],[77.943904,27.837449],[77.948074,27.840186],[77.944025,27.843134],[77.942165,27.844364],[77.940972,27.844142],[77.940138,27.844217],[77.940042,27.844226],[77.939836,27.844516],[77.938634,27.846208],[77.936914,27.847646],[77.936527,27.848355],[77.937934,27.849675],[77.940041,27.852441],[77.94081,27.852896],[77.941759,27.853337],[77.942002,27.853745],[77.941061,27.854494],[77.94095,27.854731],[77.941984,27.855379],[77.942422,27.855893],[77.942053,27.856603],[77.941399,27.857277],[77.93851,27.85916],[77.93729,27.859494],[77.933836,27.861004],[77.932585,27.861036],[77.93115,27.861382],[77.929871,27.862001],[77.928108,27.863859],[77.927685,27.863536],[77.924578,27.865591],[77.922673,27.867359],[77.922628,27.86793],[77.925843,27.870131],[77.925812,27.870893],[77.923345,27.873163],[77.925493,27.875048],[77.92696,27.877099],[77.926511,27.8783],[77.924148,27.879714],[77.924063,27.880506],[77.923926,27.881251],[77.922693,27.882298],[77.922754,27.882598],[77.922863,27.883132],[77.922875,27.883189],[77.922201,27.883958],[77.920226,27.885647],[77.918461,27.886513],[77.917629,27.887105],[77.917607,27.887297],[77.917545,27.88785],[77.917907,27.888649],[77.91943,27.890558],[77.924274,27.894717],[77.924794,27.895376],[77.924869,27.895471],[77.924877,27.89609],[77.923984,27.897126],[77.919326,27.902192],[77.92104,27.903294],[77.920711,27.90375],[77.920054,27.904567],[77.920189,27.905045],[77.921,27.905738],[77.92291,27.906946],[77.9239,27.907038],[77.925195,27.907055],[77.925926,27.90716],[77.926368,27.907444],[77.927187,27.908153],[77.927496,27.908387],[77.928267,27.908222],[77.928875,27.90823],[77.934185,27.911308],[77.935334,27.912609],[77.937261,27.914388],[77.937682,27.915401],[77.939573,27.919966],[77.94237,27.921574],[77.944959,27.923314],[77.946539,27.924509],[77.947227,27.925105],[77.94608,27.926368],[77.94657,27.927001],[77.946259,27.927418],[77.945131,27.92811],[77.944284,27.928559],[77.944313,27.928932],[77.944436,27.929045],[77.944962,27.929131],[77.945037,27.929458],[77.944751,27.930041],[77.943828,27.930696],[77.942734,27.932047],[77.945797,27.934912],[77.947415,27.933251],[77.949808,27.931154],[77.951902,27.930959],[77.952933,27.930226],[77.954372,27.929658],[77.957386,27.930093],[77.959549,27.930058],[77.96176,27.929277],[77.964539,27.928693],[77.966857,27.927929],[77.968482,27.928029],[77.968463,27.930331],[77.96862,27.933857],[77.96863,27.937635],[77.968644,27.938984],[77.969164,27.939959],[77.970536,27.94131],[77.971864,27.942089],[77.97429,27.943533],[77.974763,27.944126],[77.972895,27.945801],[77.973136,27.946328],[77.972771,27.946799],[77.972747,27.947212],[77.975543,27.94893],[77.975571,27.949383],[77.974997,27.950097],[77.973162,27.951899],[77.971403,27.953464],[77.969655,27.955442],[77.969271,27.955961],[77.969406,27.95647],[77.969525,27.956569],[77.970464,27.957341],[77.970917,27.9574],[77.971285,27.957447],[77.971565,27.957784],[77.971571,27.957964],[77.971575,27.957962],[77.971905,27.957765],[77.971995,27.957711],[77.972304,27.957497],[77.972517,27.957316],[77.972561,27.957367],[77.97262,27.957318],[77.972907,27.957047],[77.973005,27.95698],[77.973274,27.957198],[77.973345,27.957258],[77.973578,27.957087],[77.974029,27.956789],[77.97428,27.956629],[77.974524,27.956473],[77.974744,27.956691],[77.974894,27.95684],[77.974982,27.956761],[77.975105,27.956654],[77.975375,27.956454],[77.975451,27.956398],[77.97554,27.956333],[77.975758,27.956526],[77.975907,27.956658],[77.97607,27.956802],[77.97623,27.956942],[77.976325,27.957013],[77.976354,27.957022],[77.976463,27.956977],[77.976642,27.956885],[77.97691,27.956698],[77.977086,27.956581],[77.97737,27.956367],[77.977697,27.956132],[77.977759,27.956096],[77.977932,27.95627],[77.97825,27.95624],[77.978578,27.956193],[77.978624,27.956175],[77.978647,27.95599],[77.978659,27.955969],[77.978687,27.955914],[77.978761,27.955844],[77.978826,27.955778],[77.9789,27.95568],[77.978901,27.955622],[77.978894,27.955561],[77.978836,27.955496],[77.978819,27.955464],[77.978819,27.955442],[77.978835,27.955424],[77.978869,27.955413],[77.978914,27.955414],[77.979063,27.955429],[77.979111,27.955438],[77.979124,27.95543],[77.979133,27.955403],[77.979136,27.955372],[77.979117,27.955266],[77.979102,27.955104],[77.979119,27.955086],[77.979305,27.954917],[77.979387,27.954844],[77.979404,27.95483],[77.979728,27.954569],[77.980012,27.954366],[77.980068,27.954326],[77.980263,27.954203],[77.980427,27.954129],[77.980555,27.953903],[77.980596,27.953845],[77.980613,27.953821],[77.980704,27.953734],[77.980916,27.953589],[77.981101,27.953485],[77.981163,27.953266],[77.98122,27.953005],[77.982278,27.954975],[77.983071,27.956522],[77.983362,27.957091],[77.988511,27.953804],[77.988617,27.953857],[77.989596,27.954607],[77.989354,27.954816],[77.989332,27.954834],[77.988769,27.955285],[77.988497,27.955773],[77.988095,27.956258],[77.987574,27.9568],[77.987051,27.957516],[77.986647,27.958146],[77.98611,27.958672],[77.985719,27.959519],[77.985347,27.960251],[77.985673,27.960888],[77.985001,27.96163],[77.984876,27.962406],[77.984951,27.963214],[77.985143,27.964052],[77.985316,27.965019],[77.985707,27.965744],[77.985484,27.966505],[77.985376,27.967411],[77.985367,27.968233],[77.98569,27.969154],[77.986328,27.969984],[77.987031,27.97041],[77.988049,27.970919],[77.988485,27.971308],[77.988872,27.97123],[77.98903,27.971313],[77.989452,27.971706],[77.989935,27.971617],[77.991084,27.970563],[77.991177,27.970478],[77.993948,27.970941],[77.994565,27.971044],[77.997506,27.972748],[77.998721,27.974281],[77.999417,27.975211],[78.000039,27.97591],[78.001156,27.976811],[78.001507,27.977098],[78.002139,27.977443],[78.003321,27.977901],[78.003925,27.978008],[78.00562,27.978225],[78.006106,27.978236],[78.006856,27.977271],[78.00743,27.976694],[78.007794,27.976047],[78.008356,27.975052],[78.008583,27.973793],[78.009295,27.973105],[78.010657,27.971883],[78.011882,27.970981],[78.012998,27.970005],[78.014312,27.970651],[78.01483,27.970168],[78.015117,27.970168],[78.015611,27.969519],[78.015933,27.96951],[78.016342,27.969645],[78.016797,27.969968],[78.017341,27.969646],[78.017857,27.969874],[78.01837,27.970129],[78.018675,27.969914],[78.018992,27.969847],[78.020375,27.968602],[78.021691,27.969489],[78.022268,27.969476],[78.02272,27.969557],[78.02275,27.969798],[78.02384,27.970351],[78.024763,27.969772],[78.025187,27.969988],[78.025551,27.969813],[78.025823,27.969463],[78.026308,27.968818],[78.026687,27.968509],[78.027891,27.96945],[78.028198,27.969635],[78.02845,27.969396],[78.029116,27.968079],[78.029673,27.966996],[78.030174,27.966215],[78.030672,27.965652],[78.031203,27.965584],[78.032217,27.964481],[78.032761,27.963744],[78.033018,27.963407],[78.03314,27.962798],[78.033442,27.962828],[78.033851,27.962774],[78.034077,27.962654],[78.034425,27.962399],[78.034743,27.961969],[78.035886,27.962765],[78.036293,27.962925],[78.036793,27.962887],[78.037187,27.962847],[78.037535,27.962901],[78.038247,27.963088],[78.039123,27.963276],[78.039547,27.963316],[78.039972,27.96321],[78.04047,27.962752],[78.041268,27.962092],[78.041951,27.962658],[78.042497,27.962954],[78.043587,27.963452],[78.044189,27.963782],[78.046163,27.965411],[78.04674,27.965517],[78.047739,27.965451],[78.048071,27.965424],[78.049705,27.966769],[78.049992,27.966715],[78.050523,27.967159],[78.052007,27.965989],[78.053786,27.967439],[78.054662,27.968112],[78.055148,27.968739],[78.055645,27.96972],[78.0561,27.970891],[78.056494,27.971845],[78.056751,27.972585],[78.056916,27.972811],[78.057447,27.973253],[78.058265,27.973752],[78.058491,27.97398],[78.05828,27.974223],[78.05716,27.974974],[78.057279,27.975259],[78.057508,27.97566],[78.057144,27.97636],[78.057175,27.976536],[78.057477,27.976536],[78.057658,27.97716],[78.057673,27.977551],[78.057505,27.977846],[78.057309,27.978088],[78.056992,27.978304],[78.056659,27.978518],[78.05643,27.978773],[78.056341,27.979164],[78.056128,27.979944],[78.056204,27.980975],[78.055462,27.981311],[78.05537,27.982211],[78.056208,27.982536],[78.057111,27.982683],[78.057383,27.982924],[78.057762,27.983179],[78.058171,27.983448],[78.058592,27.983752],[78.059319,27.984037],[78.059528,27.984136],[78.059789,27.984373],[78.060107,27.984722],[78.060379,27.985113],[78.060592,27.98546],[78.060999,27.986186],[78.061782,27.986744],[78.064417,27.987996],[78.06597,27.988745],[78.067167,27.989309],[78.067818,27.989697],[78.067772,27.990062],[78.067439,27.99103],[78.066895,27.992519],[78.066153,27.993568],[78.066064,27.994477],[78.066199,27.996521],[78.066199,27.997031],[78.065368,27.99755],[78.065142,27.997859],[78.064415,27.998423],[78.063431,27.998948],[78.062674,27.999433],[78.061583,28.000119],[78.060085,28.000268],[78.059914,28.000267],[78.059742,28.000284],[78.052822,28.00097],[78.053304,28.002841],[78.053387,28.005091],[78.053129,28.007737],[78.053218,28.009638],[78.054182,28.010782],[78.055284,28.011859],[78.057997,28.014263],[78.060419,28.016349],[78.061814,28.017586],[78.062699,28.018765],[78.064173,28.021275],[78.065299,28.022091],[78.066376,28.022295],[78.067687,28.022643],[78.06933,28.023098],[78.071089,28.023625],[78.065999,28.026348],[78.061218,28.027603],[78.063014,28.032136],[78.060777,28.035306],[78.067583,28.036246],[78.073527,28.038887],[78.076702,28.041666],[78.085811,28.035153],[78.088699,28.028056],[78.089296,28.02754],[78.090548,28.026562],[78.091353,28.025299],[78.09184,28.024312],[78.093074,28.023211],[78.09476,28.022133],[78.096488,28.020864],[78.097106,28.020244],[78.098905,28.019516],[78.100835,28.019173],[78.101678,28.019253],[78.102044,28.01971],[78.102794,28.020765],[78.103591,28.022657],[78.104277,28.024042],[78.105304,28.026251],[78.105969,28.027723],[78.10638,28.029139],[78.106609,28.030833],[78.106502,28.032731],[78.106557,28.034283],[78.106373,28.038638],[78.106055,28.04022],[78.105542,28.041661],[78.105568,28.045129],[78.106109,28.047001],[78.107193,28.049366],[78.109189,28.049861],[78.110582,28.049982],[78.112284,28.050508],[78.113541,28.05047],[78.116346,28.049458],[78.118189,28.048434],[78.120199,28.046697],[78.121387,28.046084],[78.123388,28.044975],[78.125367,28.04397],[78.125457,28.043239],[78.126299,28.042116],[78.127251,28.04082],[78.128156,28.039419],[78.128952,28.038095],[78.129769,28.037294],[78.130262,28.036525],[78.131052,28.034913],[78.131306,28.034315],[78.131584,28.032845],[78.132525,28.031314],[78.134144,28.029416],[78.13586,28.027606],[78.137435,28.026073],[78.138806,28.025008],[78.139749,28.025002],[78.141209,28.025891],[78.142682,28.02718],[78.143658,28.027636],[78.145715,28.028645],[78.147301,28.029648],[78.148185,28.030277],[78.149073,28.031359],[78.150113,28.033437],[78.150825,28.034404],[78.151513,28.035719],[78.151811,28.03682],[78.15194,28.038739],[78.15188,28.040133],[78.151694,28.042048],[78.151763,28.044035],[78.152145,28.046079],[78.152887,28.047743],[78.15364,28.049965],[78.154237,28.052099],[78.153695,28.052859],[78.152346,28.053802],[78.151687,28.054526],[78.150293,28.055748],[78.148718,28.057298],[78.147327,28.05838],[78.145316,28.060204],[78.142726,28.062596],[78.141098,28.064274],[78.143116,28.065809],[78.143932,28.065819],[78.146056,28.067465],[78.148193,28.069379],[78.148688,28.070707],[78.149029,28.071593],[78.149032,28.072616],[78.14927,28.074555],[78.149531,28.074858],[78.150849,28.073393],[78.151313,28.073194],[78.15353,28.07451],[78.154292,28.075779],[78.157423,28.078948],[78.158752,28.080301],[78.159365,28.078419],[78.160466,28.077204],[78.161961,28.075694],[78.162948,28.075013],[78.164549,28.074764],[78.166253,28.074737],[78.16776,28.074833],[78.169126,28.07488],[78.170165,28.074231],[78.171068,28.074367],[78.172083,28.075402],[78.172895,28.075695],[78.173624,28.075577],[78.174771,28.07485],[78.177633,28.076961],[78.178269,28.077205],[78.179975,28.07702],[78.181217,28.078278],[78.183258,28.080772],[78.183479,28.08142],[78.184598,28.082582],[78.185172,28.083423],[78.185872,28.084124],[78.1899,28.087901],[78.192296,28.090337],[78.194055,28.092718],[78.195594,28.09431],[78.198908,28.097134],[78.201706,28.098897],[78.203842,28.100952],[78.205629,28.100154]]]}}]}