{"type":"FeatureCollection","name":"JHANSI, UTTAR PRADESH - Sub-district boundaries","crs_note":"RFC 7946 WGS84 lon/lat (EPSG:4326); source CRS was LCC_WGS84","features":[{"type":"Feature","properties":{"OBJECTID":2505,"state_lgd":"09","state_name":"UTTAR PRADESH","district_lgd":"166","district_name":"JHANSI","district_name_source":"district_table","subdistrict_lgd":"857","subdistrict_name":"GARAUTHA","subdistrict_type":"Tehsil","name_corrupted":false,"remarks":""},"geometry":{"type":"Polygon","coordinates":[[[79.11519,25.824217],[79.11528,25.82415],[79.117325,25.82332],[79.120192,25.821952],[79.120835,25.821532],[79.124032,25.819443],[79.125123,25.818629],[79.126979,25.817245],[79.128733,25.815338],[79.129652,25.814338],[79.131432,25.812212],[79.131586,25.812027],[79.133102,25.810515],[79.133476,25.810001],[79.134329,25.809261],[79.135141,25.808914],[79.135196,25.80889],[79.136423,25.808863],[79.137963,25.809003],[79.138472,25.808944],[79.139758,25.808547],[79.140676,25.808691],[79.142595,25.809003],[79.14458,25.809287],[79.146739,25.809517],[79.149287,25.809372],[79.151526,25.809768],[79.152029,25.80987],[79.152533,25.809971],[79.153286,25.80994],[79.153824,25.809998],[79.15532,25.810395],[79.156547,25.810341],[79.159319,25.811107],[79.162092,25.812023],[79.163069,25.812162],[79.163777,25.812135],[79.164126,25.812018],[79.16463,25.811733],[79.164899,25.811431],[79.165163,25.811133],[79.165572,25.810081],[79.166234,25.80814],[79.166643,25.807513],[79.167116,25.80717],[79.167416,25.807169],[79.167838,25.807326],[79.168268,25.807485],[79.168957,25.808054],[79.169685,25.808225],[79.170283,25.808112],[79.17135,25.807254],[79.172267,25.806884],[79.172925,25.806653],[79.173653,25.806084],[79.17434,25.805457],[79.176046,25.805172],[79.178299,25.804914],[79.180094,25.804313],[79.182357,25.8034],[79.183459,25.802917],[79.184436,25.802745],[79.185348,25.802745],[79.186424,25.803043],[79.187507,25.803344],[79.18842,25.803542],[79.189492,25.803397],[79.191251,25.802142],[79.192133,25.801487],[79.192482,25.801058],[79.193045,25.79983],[79.193169,25.799632],[79.193927,25.799518],[79.194964,25.799373],[79.197123,25.799431],[79.19797,25.7992],[79.198508,25.799029],[79.198977,25.798428],[79.199793,25.79683],[79.200675,25.795462],[79.201061,25.795103],[79.201871,25.794351],[79.203366,25.793723],[79.203934,25.793321],[79.204751,25.792409],[79.205174,25.792002],[79.206794,25.79044],[79.208149,25.789415],[79.209674,25.788814],[79.21087,25.788759],[79.213139,25.788726],[79.214904,25.789126],[79.21632,25.789978],[79.217612,25.790776],[79.218729,25.791376],[79.220619,25.792002],[79.223232,25.792912],[79.225472,25.793822],[79.227078,25.794936],[79.228135,25.79545],[79.229013,25.795878],[79.231093,25.796558],[79.23207,25.797013],[79.233522,25.7981],[79.235349,25.800007],[79.236627,25.80183],[79.237289,25.802859],[79.23795,25.803887],[79.238389,25.804568],[79.239083,25.805312],[79.239762,25.805794],[79.240959,25.806254],[79.24225,25.806478],[79.243477,25.806279],[79.244987,25.805849],[79.247095,25.804448],[79.248026,25.803802],[79.248557,25.802957],[79.249365,25.801672],[79.249809,25.800918],[79.251282,25.799299],[79.253078,25.797793],[79.254196,25.796463],[79.25516,25.794956],[79.25577,25.793449],[79.256788,25.791898],[79.259028,25.790248],[79.261108,25.789351],[79.262928,25.789325],[79.264498,25.789584],[79.265265,25.789787],[79.265903,25.790339],[79.266446,25.791066],[79.269137,25.793724],[79.269673,25.794254],[79.271646,25.7963],[79.272253,25.797199],[79.272826,25.798215],[79.273373,25.799808],[79.273851,25.800937],[79.274263,25.802706],[79.274581,25.803718],[79.2747,25.804304],[79.274869,25.80514],[79.276173,25.807735],[79.277229,25.809736],[79.278069,25.811274],[79.278762,25.812544],[79.279704,25.81337],[79.283731,25.815603],[79.286586,25.817472],[79.287409,25.81801],[79.289488,25.819519],[79.290618,25.819866],[79.290618,25.819866],[79.291856,25.820247],[79.292459,25.82036],[79.2923,25.819318],[79.292149,25.817719],[79.292062,25.816809],[79.292048,25.816655],[79.292038,25.816598],[79.29176,25.814944],[79.292403,25.814886],[79.293749,25.814226],[79.294288,25.813961],[79.295536,25.812974],[79.297347,25.811359],[79.29805,25.810637],[79.298276,25.810039],[79.298308,25.809955],[79.298565,25.809274],[79.298855,25.80751],[79.298886,25.804987],[79.298663,25.803683],[79.298601,25.803475],[79.298596,25.803458],[79.298539,25.803263],[79.29985,25.80251],[79.299858,25.802505],[79.301855,25.801186],[79.302439,25.8008],[79.299817,25.799495],[79.299736,25.799464],[79.298282,25.798916],[79.296906,25.798685],[79.295471,25.798247],[79.294065,25.798075],[79.292913,25.798015],[79.291762,25.79764],[79.291119,25.797202],[79.290481,25.796362],[79.290469,25.796336],[79.289919,25.795139],[79.289893,25.795053],[79.289493,25.794858],[79.289278,25.793269],[79.289531,25.792625],[79.289909,25.79157],[79.290636,25.790779],[79.291049,25.790475],[79.291089,25.789528],[79.291111,25.788996],[79.291105,25.788838],[79.29104,25.787058],[79.290993,25.785778],[79.291077,25.785625],[79.291303,25.785215],[79.291332,25.785057],[79.291333,25.785054],[79.291639,25.784536],[79.291905,25.784086],[79.292055,25.783832],[79.292759,25.782639],[79.293403,25.781944],[79.293852,25.781638],[79.294295,25.781335],[79.295577,25.78093],[79.296858,25.780813],[79.29791,25.78038],[79.299416,25.7796],[79.300086,25.779467],[79.30159,25.779168],[79.304023,25.77879],[79.30658,25.777776],[79.307969,25.777249],[79.308584,25.777016],[79.310032,25.776466],[79.31213,25.775671],[79.312992,25.774746],[79.31389,25.773297],[79.314476,25.772565],[79.314723,25.772255],[79.315427,25.771619],[79.316803,25.770518],[79.318304,25.769386],[79.321091,25.767419],[79.322187,25.766869],[79.322591,25.766666],[79.324062,25.766405],[79.326654,25.766636],[79.329509,25.767689],[79.331622,25.768619],[79.332933,25.76963],[79.334308,25.771106],[79.334946,25.77224],[79.335179,25.773392],[79.335229,25.773643],[79.335583,25.774713],[79.336156,25.775584],[79.336669,25.776018],[79.337118,25.776279],[79.337885,25.7766],[79.338747,25.777526],[79.340347,25.779205],[79.341223,25.78014],[79.34233,25.781322],[79.344415,25.78319],[79.346058,25.784663],[79.348107,25.785967],[79.350121,25.787069],[79.35044,25.787389],[79.350918,25.787967],[79.351237,25.788545],[79.35204,25.789588],[79.352707,25.790341],[79.35335,25.790689],[79.354083,25.790779],[79.355554,25.790721],[79.357314,25.790374],[79.359607,25.789599],[79.361347,25.789011],[79.364712,25.788027],[79.365764,25.787753],[79.366821,25.787477],[79.368421,25.787012],[79.369703,25.786317],[79.370819,25.785388],[79.372036,25.784318],[79.372898,25.783826],[79.373541,25.783709],[79.375715,25.783853],[79.37709,25.784088],[79.378785,25.784634],[79.389424,25.789986],[79.391184,25.79106],[79.392271,25.79184],[79.393677,25.793],[79.39627,25.79555],[79.397925,25.79429],[79.398469,25.793605],[79.399809,25.791916],[79.40106,25.790061],[79.401847,25.788973],[79.402231,25.788075],[79.402391,25.787583],[79.40239,25.787294],[79.40236,25.787064],[79.401942,25.786107],[79.399613,25.782917],[79.399583,25.782881],[79.399189,25.782339],[79.396601,25.779212],[79.395843,25.778192],[79.39514,25.777032],[79.394662,25.776075],[79.393764,25.775064],[79.392134,25.773787],[79.390245,25.772835],[79.389447,25.772488],[79.388839,25.772456],[79.387782,25.77266],[79.386536,25.772804],[79.383082,25.774023],[79.380909,25.774632],[79.379847,25.77489],[79.378661,25.77512],[79.377479,25.77512],[79.375914,25.775206],[79.374379,25.775151],[79.373671,25.775237],[79.372554,25.775382],[79.371468,25.775526],[79.370346,25.77544],[79.369354,25.775237],[79.368013,25.774831],[79.366767,25.774601],[79.365486,25.774136],[79.363821,25.773468],[79.36264,25.77289],[79.361808,25.77266],[79.361199,25.772628],[79.360402,25.772456],[79.359569,25.772077],[79.358672,25.771382],[79.358428,25.770412],[79.358239,25.769279],[79.358304,25.767947],[79.358558,25.767194],[79.359037,25.766323],[79.360064,25.765718],[79.361629,25.765483],[79.365402,25.765227],[79.367864,25.765024],[79.370072,25.765168],[79.371413,25.765024],[79.372759,25.764617],[79.374269,25.763679],[79.375231,25.762636],[79.376447,25.760786],[79.377115,25.759337],[79.377534,25.758466],[79.377628,25.757568],[79.377788,25.756611],[79.377693,25.755482],[79.377309,25.753601],[79.37705,25.752179],[79.376666,25.750365],[79.376432,25.749624],[79.375819,25.748735],[79.375355,25.748067],[79.375096,25.747191],[79.375341,25.746135],[79.375799,25.745187],[79.375812,25.745173],[79.376477,25.744438],[79.377274,25.743937],[79.377733,25.743829],[79.3785,25.743802],[79.379571,25.743937],[79.380703,25.744077],[79.381714,25.744271],[79.383847,25.744397],[79.385043,25.744203],[79.38596,25.744095],[79.387066,25.744009],[79.388292,25.744009],[79.389364,25.744036],[79.39056,25.743873],[79.391507,25.743647],[79.392628,25.743246],[79.39355,25.742803],[79.394501,25.742189],[79.3964,25.741024],[79.398084,25.739801],[79.398941,25.739079],[79.399663,25.738203],[79.399997,25.737147],[79.400061,25.736285],[79.399967,25.735229],[79.399418,25.73448],[79.399019,25.733591],[79.398695,25.732575],[79.398142,25.731492],[79.397654,25.731131],[79.397285,25.73091],[79.396672,25.730743],[79.396273,25.730684],[79.395541,25.730436],[79.395107,25.730215],[79.394743,25.729935],[79.39425,25.729466],[79.394066,25.729159],[79.393547,25.728518],[79.392795,25.727589],[79.392306,25.727147],[79.391305,25.726432],[79.391295,25.726425],[79.390468,25.726032],[79.390084,25.725867],[79.3897,25.725703],[79.388813,25.725423],[79.38835,25.725256],[79.387737,25.724841],[79.38694,25.72434],[79.385993,25.723699],[79.384015,25.722742],[79.382824,25.722408],[79.381872,25.7223],[79.380801,25.722047],[79.37979,25.721826],[79.379022,25.721551],[79.378195,25.72105],[79.377244,25.720269],[79.376476,25.719633],[79.375589,25.718992],[79.374807,25.718423],[79.372999,25.717205],[79.372017,25.716451],[79.37119,25.715729],[79.370607,25.715093],[79.370298,25.714592],[79.369795,25.713355],[79.369457,25.712633],[79.368814,25.711604],[79.36857,25.710854],[79.36863,25.710381],[79.368814,25.710019],[79.369183,25.709103],[79.369277,25.708629],[79.369168,25.708255],[79.368859,25.70742],[79.368675,25.706337],[79.368739,25.704585],[79.368814,25.70274],[79.368844,25.700961],[79.369029,25.70018],[79.369457,25.69907],[79.370299,25.697278],[79.371006,25.69536],[79.371465,25.694525],[79.371863,25.693609],[79.372018,25.693388],[79.372506,25.69286],[79.373333,25.692084],[79.373791,25.691777],[79.374284,25.69175],[79.376351,25.691623],[79.377517,25.691483],[79.378404,25.691235],[79.38058,25.6904],[79.381502,25.690039],[79.382692,25.689565],[79.383644,25.68901],[79.384655,25.688179],[79.385267,25.687624],[79.385651,25.686997],[79.386293,25.685859],[79.38706,25.684221],[79.387429,25.6833],[79.387583,25.682637],[79.387443,25.681621],[79.38714,25.680678],[79.386741,25.679789],[79.386313,25.67897],[79.385884,25.67815],[79.385207,25.677203],[79.384718,25.676733],[79.383936,25.676079],[79.38317,25.67547],[79.382741,25.675136],[79.382402,25.674608],[79.38182,25.674026],[79.381361,25.67347],[79.380993,25.673303],[79.38047,25.672857],[79.379922,25.67255],[79.379583,25.672189],[79.379339,25.671719],[79.37917,25.671232],[79.378956,25.670758],[79.378557,25.669788],[79.378129,25.668867],[79.377701,25.668036],[79.377302,25.667229],[79.377317,25.666299],[79.377501,25.665577],[79.377865,25.664633],[79.378298,25.663771],[79.378941,25.662824],[79.379737,25.662101],[79.38162,25.660978],[79.382845,25.660341],[79.383641,25.660201],[79.383945,25.660201],[79.384652,25.660422],[79.385813,25.660702],[79.386978,25.66109],[79.388173,25.661284],[79.389398,25.661505],[79.390579,25.661464],[79.39153,25.661351],[79.392815,25.661184],[79.39389,25.661076],[79.394687,25.660936],[79.395972,25.660547],[79.396709,25.660046],[79.397685,25.659491],[79.398481,25.658963],[79.399417,25.658281],[79.401041,25.656949],[79.401653,25.656367],[79.402449,25.655478],[79.403002,25.654476],[79.403445,25.653239],[79.403664,25.651795],[79.403664,25.651795],[79.403444,25.650377],[79.402801,25.648933],[79.402373,25.648211],[79.401531,25.64739],[79.400705,25.646749],[79.399355,25.645915],[79.39813,25.645499],[79.39706,25.645279],[79.395924,25.645193],[79.394884,25.645279],[79.392877,25.645681],[79.391807,25.645816],[79.390611,25.646096],[79.389571,25.646178],[79.3885,25.646124],[79.387335,25.64593],[79.384104,25.645943],[79.38251,25.646165],[79.381529,25.646467],[79.379662,25.646995],[79.378557,25.647523],[79.377733,25.647965],[79.377362,25.648164],[79.376351,25.648859],[79.374837,25.650123],[79.373702,25.651039],[79.371989,25.651928],[79.370669,25.652235],[79.368065,25.652844],[79.36669,25.653011],[79.365953,25.652871],[79.365142,25.65261],[79.364071,25.65186],[79.362816,25.651084],[79.361069,25.649748],[79.360093,25.649053],[79.35836,25.647568],[79.357011,25.646344],[79.356339,25.645563],[79.355602,25.644733],[79.355358,25.644178],[79.355269,25.643898],[79.355453,25.643203],[79.355627,25.64266],[79.355742,25.6423],[79.35623,25.641303],[79.356539,25.640522],[79.356997,25.639579],[79.357395,25.638775],[79.357595,25.637259],[79.357625,25.636451],[79.357715,25.635341],[79.357994,25.634619],[79.358576,25.633648],[79.359478,25.632132],[79.360304,25.630602],[79.360917,25.629492],[79.361375,25.628544],[79.361803,25.627795],[79.36254,25.627159],[79.363242,25.626658],[79.363675,25.626351],[79.364347,25.626211],[79.36487,25.626075],[79.365373,25.626143],[79.366413,25.626062],[79.367548,25.625809],[79.368375,25.625507],[79.369386,25.625173],[79.370521,25.625006],[79.371651,25.624758],[79.372388,25.624478],[79.373488,25.62381],[79.37424,25.62288],[79.374608,25.622294],[79.375126,25.621405],[79.375404,25.620461],[79.375494,25.619378],[79.375265,25.617613],[79.375205,25.616724],[79.375051,25.615754],[79.374932,25.615194],[79.374503,25.614639],[79.374011,25.614142],[79.373309,25.613447],[79.372373,25.612793],[79.371512,25.612071],[79.370626,25.61129],[79.369859,25.610514],[79.369187,25.609624],[79.368635,25.60865],[79.368545,25.607873],[79.368406,25.607332],[79.368438,25.606622],[79.368525,25.604718],[79.368774,25.603721],[79.368924,25.602746],[79.369202,25.602331],[79.369446,25.602024],[79.369845,25.601803],[79.370516,25.601609],[79.371159,25.601442],[79.371467,25.601162],[79.371806,25.600914],[79.372308,25.600205],[79.372707,25.599844],[79.374175,25.598567],[79.374912,25.597903],[79.37534,25.597344],[79.375434,25.596874],[79.375464,25.596066],[79.375509,25.595137],[79.375693,25.59436],[79.375817,25.59408],[79.376121,25.593692],[79.376828,25.592997],[79.377226,25.592415],[79.377529,25.591607],[79.377778,25.590831],[79.378251,25.589982],[79.378679,25.589319],[79.379351,25.588457],[79.379874,25.587735],[79.380426,25.586927],[79.380943,25.58615],[79.381282,25.585288],[79.38136,25.585001],[79.381481,25.584553],[79.38173,25.583582],[79.381824,25.582905],[79.382187,25.582106],[79.382615,25.581303],[79.383043,25.580608],[79.383317,25.580328],[79.383899,25.579773],[79.384651,25.578843],[79.384865,25.578342],[79.385263,25.577539],[79.385447,25.576925],[79.385994,25.576261],[79.386701,25.57562],[79.387342,25.575011],[79.387984,25.574343],[79.388845,25.573869],[79.389855,25.573648],[79.390756,25.573634],[79.391891,25.573607],[79.393085,25.573692],[79.39406,25.573719],[79.395071,25.573859],[79.395683,25.574107],[79.395932,25.574301],[79.396693,25.574748],[79.397584,25.575244],[79.398624,25.575772],[79.399435,25.576232],[79.400351,25.576706],[79.401391,25.577094],[79.402402,25.577487],[79.403292,25.577983],[79.404054,25.578484],[79.405034,25.579039],[79.405985,25.579625],[79.406906,25.580149],[79.408817,25.580776],[79.410868,25.581195],[79.411908,25.581361],[79.412888,25.581221],[79.413809,25.581054],[79.414938,25.580553],[79.415829,25.580191],[79.416655,25.579722],[79.417511,25.579027],[79.418152,25.578246],[79.418719,25.577483],[79.419366,25.576345],[79.419823,25.57523],[79.420007,25.574481],[79.419639,25.573872],[79.419116,25.573425],[79.418598,25.573258],[79.41829,25.572924],[79.417772,25.572595],[79.417205,25.572135],[79.416593,25.571968],[79.41601,25.571914],[79.41497,25.571968],[79.414114,25.572081],[79.413378,25.57205],[79.41295,25.572082],[79.412457,25.571915],[79.412094,25.571775],[79.411631,25.571608],[79.411019,25.571468],[79.410044,25.571414],[79.409337,25.571329],[79.408312,25.571261],[79.407302,25.571068],[79.406411,25.570955],[79.405495,25.570653],[79.40439,25.570346],[79.403659,25.570012],[79.403012,25.569457],[79.402524,25.569236],[79.401758,25.568902],[79.401146,25.568541],[79.400747,25.568153],[79.400444,25.567846],[79.400165,25.567679],[79.399553,25.567097],[79.398866,25.566276],[79.398408,25.565635],[79.398224,25.565274],[79.397736,25.564385],[79.397457,25.563744],[79.397308,25.563302],[79.397427,25.562828],[79.397552,25.562553],[79.39792,25.562106],[79.398407,25.561469],[79.398576,25.561009],[79.398671,25.560589],[79.39873,25.56012],[79.398756,25.560066],[79.399099,25.559339],[79.399556,25.558923],[79.399954,25.558784],[79.400506,25.558643],[79.40075,25.558562],[79.401273,25.558174],[79.401486,25.557921],[79.40182,25.557452],[79.402785,25.556102],[79.403426,25.555434],[79.404008,25.554852],[79.40456,25.554125],[79.405202,25.553515],[79.405784,25.552739],[79.406839,25.551195],[79.407356,25.550441],[79.407878,25.549692],[79.40846,25.548888],[79.408917,25.54808],[79.40941,25.547191],[79.409698,25.546288],[79.409976,25.545345],[79.410339,25.544397],[79.410647,25.543508],[79.410891,25.542592],[79.411059,25.540606],[79.411086,25.540248],[79.411178,25.539021],[79.410994,25.537717],[79.410904,25.537383],[79.41066,25.536828],[79.410138,25.536219],[79.409695,25.535591],[79.409147,25.534675],[79.408809,25.533674],[79.408719,25.532784],[79.40838,25.531895],[79.408012,25.531394],[79.407614,25.531227],[79.40737,25.531173],[79.406699,25.531119],[79.405868,25.531093],[79.40544,25.531007],[79.404739,25.530867],[79.404127,25.530646],[79.403346,25.530272],[79.402948,25.530136],[79.401998,25.529717],[79.400988,25.529329],[79.400072,25.528914],[79.399426,25.528634],[79.398784,25.528273],[79.397898,25.527718],[79.396948,25.52719],[79.396535,25.526926],[79.396122,25.526662],[79.394699,25.525927],[79.394087,25.525507],[79.393565,25.525232],[79.393321,25.524871],[79.393107,25.524649],[79.392709,25.524455],[79.392401,25.524455],[79.391884,25.524483],[79.391118,25.524456],[79.39069,25.524257],[79.390446,25.524036],[79.389834,25.523454],[79.389008,25.522899],[79.388931,25.522815],[79.388854,25.522732],[79.388272,25.522371],[79.387874,25.522091],[79.387536,25.521676],[79.387416,25.521482],[79.387247,25.5208],[79.387003,25.519717],[79.386909,25.518995],[79.386789,25.517939],[79.386665,25.517077],[79.386391,25.5163],[79.386008,25.515398],[79.3857,25.514454],[79.385272,25.513231],[79.385152,25.512816],[79.385212,25.512067],[79.385441,25.510329],[79.385287,25.509941],[79.385073,25.509693],[79.384889,25.50944],[79.384829,25.509079],[79.385013,25.508745],[79.38547,25.507969],[79.385625,25.50758],[79.385595,25.506773],[79.385346,25.50619],[79.384659,25.505482],[79.383983,25.504872],[79.383436,25.504259],[79.382914,25.50387],[79.382456,25.503564],[79.38175,25.503288],[79.381233,25.503067],[79.380835,25.50276],[79.380586,25.502508],[79.380257,25.502141],[79.380039,25.501898],[79.379029,25.500386],[79.378631,25.500327],[79.377448,25.499067],[79.376776,25.498449],[79.375936,25.497867],[79.3752,25.497402],[79.374369,25.496869],[79.372818,25.495786],[79.372221,25.495303],[79.371788,25.494897],[79.37148,25.494644],[79.371371,25.494577],[79.371201,25.4945],[79.371008,25.494387],[79.370754,25.494288],[79.370615,25.494252],[79.369421,25.494085],[79.369242,25.494048],[79.369098,25.494026],[79.368954,25.493981],[79.368804,25.49394],[79.368695,25.493908],[79.368506,25.493823],[79.368352,25.493728],[79.368228,25.493647],[79.368078,25.493543],[79.367949,25.493448],[79.36784,25.493331],[79.36778,25.493263],[79.367662,25.49311],[79.367651,25.493096],[79.367606,25.492992],[79.367551,25.492834],[79.367512,25.492672],[79.367482,25.492383],[79.367502,25.492112],[79.367636,25.491873],[79.367691,25.491751],[79.367745,25.491643],[79.367775,25.491543],[79.36779,25.491431],[79.3678,25.491236],[79.367785,25.49106],[79.367745,25.490907],[79.367626,25.490731],[79.367437,25.490519],[79.367124,25.490257],[79.366676,25.489864],[79.366423,25.489612],[79.365955,25.489264],[79.365667,25.489088],[79.365508,25.489002],[79.365358,25.488934],[79.365259,25.488876],[79.365145,25.488799],[79.365055,25.488718],[79.364961,25.488596],[79.364941,25.488497],[79.364896,25.488303],[79.364921,25.488099],[79.364981,25.487802],[79.365016,25.487508],[79.364996,25.487143],[79.364921,25.486949],[79.364792,25.486772],[79.364578,25.486506],[79.364389,25.486321],[79.364165,25.486168],[79.363951,25.486082],[79.363698,25.486041],[79.363355,25.486023],[79.363141,25.486014],[79.363012,25.485982],[79.362897,25.485946],[79.362748,25.485888],[79.362639,25.48582],[79.362509,25.485712],[79.36235,25.485549],[79.362221,25.485373],[79.362107,25.485211],[79.362022,25.485007],[79.361938,25.484746],[79.361848,25.484376],[79.361828,25.484145],[79.361873,25.483834],[79.361923,25.483653],[79.361968,25.483459],[79.361998,25.483234],[79.361968,25.482981],[79.361779,25.482462],[79.361446,25.481853],[79.361262,25.481388],[79.361162,25.481148],[79.361113,25.480927],[79.361093,25.480607],[79.361088,25.479997],[79.361113,25.47979],[79.361167,25.479587],[79.361381,25.479199],[79.36169,25.478815],[79.362147,25.478278],[79.363087,25.477556],[79.363574,25.477217],[79.363768,25.477073],[79.363898,25.476947],[79.364097,25.47673],[79.36429,25.476382],[79.364385,25.476076],[79.364589,25.475561],[79.364887,25.474731],[79.365027,25.474442],[79.365315,25.474027],[79.366135,25.472979],[79.366359,25.472709],[79.366533,25.47246],[79.366797,25.472063],[79.367234,25.471337],[79.367692,25.470524],[79.367955,25.469983],[79.368214,25.469351],[79.368542,25.468209],[79.368617,25.467893],[79.368711,25.467455],[79.368756,25.466616],[79.368701,25.465627],[79.368443,25.464273],[79.368296,25.46384],[79.368239,25.463673],[79.367921,25.462599],[79.367454,25.461371],[79.36734,25.461124],[79.367056,25.460509],[79.366803,25.46008],[79.366445,25.459647],[79.365957,25.459191],[79.365723,25.458966],[79.365664,25.45891],[79.365421,25.458676],[79.364834,25.458071],[79.364431,25.457728],[79.364163,25.457548],[79.36379,25.457331],[79.363353,25.457132],[79.363064,25.456983],[79.362179,25.456609],[79.361319,25.456306],[79.360703,25.456162],[79.359922,25.456062],[79.358963,25.455995],[79.358366,25.455936],[79.35777,25.455841],[79.357272,25.455742],[79.356875,25.455656],[79.356388,25.455529],[79.356074,25.455426],[79.355811,25.455308],[79.355587,25.455182],[79.355393,25.455073],[79.35516,25.454929],[79.354901,25.454699],[79.354628,25.454455],[79.354026,25.453945],[79.353763,25.45371],[79.353569,25.453539],[79.353336,25.453322],[79.353027,25.452965],[79.352769,25.452523],[79.352451,25.452076],[79.352232,25.451701],[79.35175,25.450957],[79.351422,25.450532],[79.351079,25.450162],[79.350597,25.449575],[79.3501,25.449155],[79.349658,25.44884],[79.348798,25.448411],[79.34838,25.448257],[79.348186,25.448162],[79.348037,25.448054],[79.347958,25.44795],[79.347843,25.447774],[79.347769,25.447598],[79.347694,25.447332],[79.347416,25.446564],[79.347098,25.445923],[79.346467,25.444822],[79.345891,25.444118],[79.345016,25.443382],[79.344211,25.442858],[79.343276,25.442339],[79.342774,25.442185],[79.342486,25.442099],[79.342317,25.442032],[79.342148,25.44195],[79.342044,25.441883],[79.341938,25.441794],[79.34183,25.441702],[79.341269,25.440881],[79.34095,25.440506],[79.340483,25.440018],[79.339952,25.439585],[79.339723,25.439413],[79.339042,25.438881],[79.338446,25.438402],[79.337954,25.438009],[79.337591,25.437747],[79.337104,25.437377],[79.336786,25.437115],[79.335981,25.436411],[79.335211,25.435774],[79.334475,25.435219],[79.334093,25.434962],[79.333879,25.434835],[79.333635,25.434668],[79.333452,25.434505],[79.333293,25.434361],[79.333163,25.434194],[79.333029,25.433955],[79.332826,25.433585],[79.332726,25.433228],[79.332677,25.432939],[79.332667,25.43279],[79.332682,25.43256],[79.332717,25.432208],[79.332831,25.431648],[79.332851,25.431278],[79.332822,25.430886],[79.332767,25.430398],[79.332663,25.429856],[79.332579,25.429364],[79.332514,25.428755],[79.332504,25.428556],[79.332534,25.428241],[79.332559,25.428055],[79.332629,25.427861],[79.332813,25.427582],[79.33322,25.427216],[79.333902,25.426761],[79.3341,25.426603],[79.334434,25.426287],[79.334836,25.425908],[79.33514,25.425493],[79.335373,25.42519],[79.335711,25.424563],[79.33598,25.424107],[79.336398,25.423277],[79.336751,25.422717],[79.337094,25.422293],[79.337606,25.421625],[79.337879,25.42126],[79.338138,25.42084],[79.338392,25.42033],[79.33865,25.419748],[79.338919,25.419098],[79.339187,25.418547],[79.339411,25.418028],[79.339615,25.417554],[79.33969,25.417216],[79.339824,25.41671],[79.339859,25.416507],[79.339869,25.416205],[79.339869,25.415839],[79.339839,25.415559],[79.339765,25.41528],[79.33969,25.415009],[79.339616,25.414724],[79.339571,25.41435],[79.339487,25.413885],[79.339422,25.413515],[79.339378,25.413226],[79.339358,25.412928],[79.339348,25.41254],[79.339378,25.412084],[79.339433,25.411764],[79.339527,25.411407],[79.339771,25.41078],[79.340114,25.409976],[79.340234,25.409683],[79.340298,25.409462],[79.340338,25.409141],[79.340264,25.408785],[79.34022,25.408612],[79.340179,25.408446],[79.340035,25.40804],[79.339906,25.407688],[79.339812,25.407449],[79.339757,25.407178],[79.339713,25.406848],[79.339703,25.40646],[79.339748,25.406063],[79.339852,25.405404],[79.339947,25.405075],[79.340066,25.404668],[79.34025,25.40414],[79.340384,25.403797],[79.340449,25.403531],[79.340494,25.403305],[79.340514,25.402967],[79.340469,25.402601],[79.340414,25.402358],[79.34035,25.402195],[79.340191,25.401942],[79.340002,25.401775],[79.339818,25.401649],[79.339595,25.401554],[79.339396,25.40152],[79.339202,25.401486],[79.338338,25.401427],[79.337433,25.401387],[79.336752,25.401323],[79.336092,25.4013],[79.335555,25.401318],[79.335321,25.401323],[79.335197,25.401323],[79.335142,25.4013],[79.335152,25.401214],[79.335321,25.401097],[79.33562,25.400917],[79.335684,25.400799],[79.335704,25.4007],[79.335684,25.400574],[79.3356,25.400488],[79.335356,25.40037],[79.334949,25.400244],[79.334353,25.400131],[79.333935,25.400081],[79.333627,25.400045],[79.332917,25.399977],[79.332653,25.400013],[79.332161,25.400121],[79.331376,25.400284],[79.330407,25.400504],[79.329806,25.400622],[79.329363,25.400703],[79.328688,25.400856],[79.328305,25.40096],[79.328186,25.400991],[79.327987,25.401018],[79.327624,25.401077],[79.327077,25.401135],[79.326292,25.401185],[79.325661,25.40123],[79.324851,25.401261],[79.324598,25.401261],[79.3242,25.401247],[79.323743,25.40122],[79.323351,25.401202],[79.323221,25.401188],[79.323052,25.401129],[79.322948,25.401053],[79.322725,25.400863],[79.322392,25.400628],[79.321935,25.400262],[79.321488,25.39991],[79.321219,25.399612],[79.320847,25.399107],[79.320841,25.399097],[79.320724,25.398925],[79.32041,25.398461],[79.320047,25.397919],[79.319556,25.397219],[79.319005,25.396389],[79.318925,25.396199],[79.318866,25.395924],[79.318856,25.395685],[79.318926,25.395391],[79.319045,25.39499],[79.31914,25.39466],[79.319229,25.394263],[79.319259,25.393979],[79.31923,25.393586],[79.319165,25.393324],[79.318981,25.393004],[79.318405,25.392362],[79.317611,25.391717],[79.317332,25.391473],[79.317054,25.391193],[79.316885,25.391021],[79.316533,25.390656],[79.316314,25.390489],[79.316066,25.390371],[79.315852,25.390326],[79.315544,25.390294],[79.315107,25.390258],[79.314695,25.390258],[79.314426,25.390244],[79.314332,25.390217],[79.314193,25.39014],[79.314034,25.390045],[79.313915,25.389955],[79.313711,25.38977],[79.313582,25.389607],[79.313443,25.389386],[79.313309,25.389102],[79.313051,25.38861],[79.312937,25.388298],[79.312872,25.388163],[79.312808,25.387982],[79.312783,25.387689],[79.312733,25.387341],[79.312649,25.386966],[79.31256,25.386682],[79.312341,25.386334],[79.31186,25.385725],[79.31106,25.384872],[79.31038,25.384284],[79.310052,25.384081],[79.309486,25.383869],[79.309103,25.383733],[79.30877,25.383661],[79.308005,25.383624],[79.307737,25.383633],[79.307474,25.383606],[79.30727,25.383516],[79.306962,25.383371],[79.30649,25.383109],[79.306182,25.382947],[79.305914,25.382847],[79.305586,25.382788],[79.304886,25.382693],[79.304583,25.382684],[79.30418,25.382657],[79.303847,25.382616],[79.303658,25.382584],[79.303529,25.382539],[79.30339,25.382498],[79.303276,25.38244],[79.303231,25.382381],[79.303177,25.382259],[79.303157,25.38211],[79.303202,25.381957],[79.303371,25.381803],[79.303455,25.381659],[79.303485,25.381533],[79.30352,25.38128],[79.303466,25.380874],[79.303282,25.380481],[79.302994,25.380016],[79.302582,25.379501],[79.302369,25.379271],[79.301753,25.378833],[79.30144,25.378711],[79.300859,25.378498],[79.300486,25.378331],[79.299985,25.378141],[79.299493,25.377888],[79.29924,25.377744],[79.29911,25.377644],[79.298961,25.377473],[79.298822,25.377256],[79.298703,25.377066],[79.298609,25.376881],[79.298485,25.376534],[79.298302,25.37606],[79.298207,25.375739],[79.298143,25.375477],[79.294208,25.376057],[79.291475,25.376331],[79.287302,25.376794],[79.284832,25.37755],[79.280389,25.379015],[79.277159,25.380046],[79.273904,25.380802],[79.269386,25.382347],[79.26793,25.383104],[79.266846,25.383347],[79.26553,25.383391],[79.263523,25.383313],[79.262812,25.383665],[79.261211,25.384647],[79.258278,25.386324],[79.254674,25.3881],[79.24856,25.390595],[79.246583,25.391642],[79.243292,25.393566],[79.241816,25.393805],[79.240802,25.394006],[79.240495,25.394067],[79.239661,25.393971],[79.237193,25.394664],[79.237193,25.394664],[79.236978,25.393887],[79.237291,25.393386],[79.2371,25.392129],[79.236965,25.390401],[79.23543,25.390764],[79.23423,25.389484],[79.233429,25.38866],[79.232351,25.387297],[79.230297,25.387688],[79.22923,25.387665],[79.226291,25.388245],[79.223842,25.389088],[79.221529,25.390439],[79.221015,25.390462],[79.220443,25.390389],[79.219967,25.39044],[79.219617,25.390579],[79.21921,25.390594],[79.218716,25.390398],[79.21756,25.389806],[79.217009,25.389609],[79.216313,25.389174],[79.215645,25.388844],[79.214773,25.388761],[79.213701,25.388707],[79.212816,25.389064],[79.212359,25.389211],[79.211804,25.389622],[79.210809,25.390384],[79.210468,25.390718],[79.209774,25.390763],[79.209161,25.390989],[79.208685,25.391154],[79.208451,25.391249],[79.208247,25.391398],[79.208168,25.391609],[79.208001,25.391891],[79.207826,25.392022],[79.207612,25.392012],[79.207496,25.391932],[79.207235,25.391869],[79.207002,25.391868],[79.206807,25.391999],[79.206748,25.39221],[79.20666,25.39236],[79.206485,25.392359],[79.206135,25.392507],[79.205818,25.392801],[79.205196,25.392974],[79.204617,25.392354],[79.2038,25.392667],[79.203226,25.39292],[79.20274,25.393146],[79.202553,25.393639],[79.202292,25.39347],[79.201885,25.392609],[79.201925,25.392309],[79.201976,25.392027],[79.202258,25.391782],[79.202386,25.391597],[79.202289,25.391535],[79.202017,25.391534],[79.201795,25.391436],[79.201506,25.391187],[79.201129,25.390815],[79.200811,25.390576],[79.200822,25.390338],[79.200519,25.389961],[79.200239,25.389713],[79.19992,25.3895],[79.19969,25.38912],[79.199594,25.388934],[79.199498,25.388704],[79.199412,25.388492],[79.199229,25.388341],[79.198803,25.388207],[79.198571,25.388056],[79.198515,25.387747],[79.198079,25.387525],[79.197746,25.387369],[79.197583,25.386998],[79.197275,25.386696],[79.196898,25.386386],[79.196726,25.385979],[79.196527,25.385176],[79.196376,25.384576],[79.196,25.384265],[79.195526,25.383963],[79.19506,25.383313],[79.194634,25.383134],[79.194035,25.382743],[79.193382,25.381682],[79.191234,25.38079],[79.18923,25.381749],[79.187581,25.38256],[79.187244,25.382726],[79.18763,25.383063],[79.187629,25.383327],[79.187783,25.383504],[79.187781,25.383822],[79.18774,25.384103],[79.187699,25.384438],[79.187852,25.384792],[79.188228,25.38519],[79.188323,25.38542],[79.188321,25.385737],[79.188319,25.386108],[79.188336,25.38646],[79.188566,25.386867],[79.188582,25.387484],[79.188597,25.388101],[79.188808,25.388525],[79.189098,25.388756],[79.189465,25.38897],[79.189948,25.389307],[79.190553,25.390201],[79.190801,25.390925],[79.191206,25.391262],[79.191534,25.391687],[79.191765,25.391882],[79.191958,25.392077],[79.192015,25.392306],[79.192014,25.3925],[79.192129,25.39273],[79.192283,25.39289],[79.192417,25.393084],[79.19263,25.393173],[79.192844,25.393192],[79.193271,25.393089],[79.193582,25.39309],[79.193833,25.393285],[79.194006,25.39341],[79.19422,25.393411],[79.194569,25.393395],[79.194821,25.393537],[79.194975,25.393662],[79.195031,25.393962],[79.19503,25.394244],[79.195144,25.394491],[79.195123,25.394756],[79.194987,25.394825],[79.194735,25.394824],[79.194695,25.394982],[79.194801,25.395133],[79.194896,25.395398],[79.194895,25.395609],[79.194893,25.395909],[79.195164,25.396016],[79.195182,25.396263],[79.194983,25.397055],[79.194089,25.397192],[79.194372,25.400094],[79.194083,25.402754],[79.194217,25.406223],[79.194217,25.406228],[79.194899,25.406738],[79.19627,25.40782],[79.197391,25.408743],[79.197915,25.409295],[79.196836,25.409491],[79.195336,25.409716],[79.193456,25.410321],[79.192562,25.411013],[79.191258,25.411843],[79.191676,25.412451],[79.191828,25.413127],[79.192379,25.413695],[79.194048,25.415035],[79.195237,25.416514],[79.196828,25.418747],[79.1978,25.41963],[79.199379,25.421892],[79.19963,25.42263],[79.199151,25.423742],[79.197886,25.424118],[79.198018,25.424508],[79.198304,25.425303],[79.199242,25.42574],[79.199259,25.42611],[79.199041,25.426885],[79.199038,25.427431],[79.199365,25.427821],[79.199381,25.427824],[79.200044,25.427948],[79.200724,25.42781],[79.201056,25.427389],[79.201583,25.426986],[79.202166,25.426848],[79.202943,25.426817],[79.203894,25.426769],[79.204553,25.426913],[79.204862,25.427126],[79.204407,25.428517],[79.203992,25.429678],[79.204455,25.430227],[79.205435,25.430258],[79.206311,25.429734],[79.207051,25.429438],[79.207556,25.429282],[79.208507,25.429287],[79.208698,25.429852],[79.208381,25.430926],[79.208083,25.431912],[79.208058,25.432811],[79.208132,25.433534],[79.208837,25.435635],[79.209173,25.436148],[79.211276,25.437778],[79.211337,25.437825],[79.211775,25.439097],[79.211996,25.441161],[79.212584,25.441807],[79.213745,25.44236],[79.215412,25.442809],[79.216027,25.443782],[79.216274,25.444682],[79.216189,25.445863],[79.216164,25.446709],[79.216144,25.448463],[79.216284,25.44871],[79.216585,25.449241],[79.217494,25.449792],[79.218248,25.450413],[79.218554,25.451049],[79.218254,25.452458],[79.218214,25.453461],[79.218197,25.453859],[79.218717,25.454549],[79.219839,25.45526],[79.220669,25.455952],[79.221365,25.456555],[79.221746,25.457773],[79.221877,25.460039],[79.222102,25.461398],[79.222328,25.46251],[79.222633,25.46341],[79.222642,25.463482],[79.222793,25.464782],[79.222864,25.465395],[79.223225,25.466631],[79.224425,25.467236],[79.2256,25.468107],[79.22603,25.468425],[79.226348,25.468806],[79.226655,25.469336],[79.22702,25.470061],[79.227093,25.470766],[79.227105,25.471319],[79.227108,25.471454],[79.226522,25.472121],[79.224843,25.473629],[79.224244,25.474692],[79.224374,25.475716],[79.224775,25.476828],[79.224985,25.477446],[79.225506,25.477995],[79.226144,25.478422],[79.227404,25.478798],[79.228459,25.479271],[79.229406,25.479981],[79.23047,25.480603],[79.231011,25.481064],[79.231474,25.48163],[79.231451,25.4823],[79.231193,25.483092],[79.230453,25.483459],[79.230096,25.483654],[79.229051,25.484227],[79.228627,25.485186],[79.228176,25.48603],[79.227279,25.486643],[79.226325,25.486938],[79.224754,25.486648],[79.223826,25.486079],[79.223226,25.485794],[79.222624,25.485773],[79.222078,25.48607],[79.221727,25.486749],[79.221705,25.486791],[79.221576,25.490519],[79.221625,25.492018],[79.221897,25.492934],[79.2223,25.494287],[79.222819,25.495171],[79.223745,25.496233],[79.224437,25.497365],[79.225764,25.49954],[79.226671,25.500347],[79.222074,25.511086],[79.221924,25.51867],[79.218383,25.51704],[79.217107,25.516766],[79.215671,25.516458],[79.213606,25.516724],[79.21068,25.52148],[79.20186,25.525524],[79.192596,25.531609],[79.19001,25.533504],[79.186454,25.536017],[79.186005,25.53913],[79.182344,25.541253],[79.179756,25.543381],[79.17878,25.545031],[79.175216,25.548614],[79.176494,25.550081],[79.182468,25.55537],[79.184708,25.557426],[79.184804,25.559179],[79.182086,25.564812],[79.181752,25.56666],[79.181085,25.570356],[79.18151,25.571079],[79.181393,25.572538],[79.180743,25.573509],[79.174613,25.575618],[79.165035,25.579851],[79.166616,25.58424],[79.169267,25.589122],[79.16968,25.590964],[79.168675,25.590918],[79.165611,25.5894],[79.160418,25.588085],[79.15641,25.58624],[79.14945,25.58395],[79.143175,25.58531],[79.14068,25.587119],[79.134022,25.592659],[79.12712,25.599163],[79.121838,25.602314],[79.121065,25.602776],[79.123272,25.608472],[79.126438,25.612351],[79.126432,25.61333],[79.126414,25.61589],[79.12675,25.617668],[79.127327,25.620722],[79.127359,25.620764],[79.128768,25.620563],[79.129535,25.621165],[79.131155,25.619503],[79.131798,25.620594],[79.13441,25.619384],[79.13484,25.620144],[79.137103,25.62008],[79.137683,25.621234],[79.137589,25.621247],[79.137549,25.621248],[79.137512,25.621256],[79.137468,25.62126],[79.137031,25.621356],[79.136385,25.621486],[79.136432,25.621736],[79.13656,25.622239],[79.136639,25.622554],[79.136703,25.62278],[79.136741,25.622898],[79.136903,25.623424],[79.13694,25.623543],[79.136964,25.623654],[79.137005,25.623777],[79.137057,25.624024],[79.137142,25.624424],[79.137194,25.624786],[79.137259,25.625069],[79.137304,25.625397],[79.137329,25.625739],[79.137331,25.625837],[79.137335,25.62609],[79.137325,25.626176],[79.137312,25.62641],[79.13731,25.626651],[79.137318,25.626758],[79.137315,25.626936],[79.137317,25.627157],[79.13732,25.627218],[79.137369,25.627496],[79.137375,25.627537],[79.137389,25.627613],[79.140128,25.6278],[79.140363,25.627817],[79.142019,25.627718],[79.143021,25.627659],[79.141699,25.63372],[79.141332,25.638882],[79.141881,25.641984],[79.134315,25.644868],[79.134171,25.645169],[79.134306,25.646202],[79.137831,25.651429],[79.138867,25.652597],[79.138712,25.654447],[79.135885,25.654835],[79.129557,25.656995],[79.126039,25.657836],[79.121751,25.660136],[79.119708,25.660455],[79.120319,25.661363],[79.121546,25.662359],[79.124903,25.664358],[79.127454,25.666051],[79.12934,25.667998],[79.129503,25.671915],[79.128671,25.675611],[79.127203,25.678486],[79.125284,25.684931],[79.123737,25.688924],[79.122399,25.688119],[79.119045,25.687157],[79.116565,25.68707],[79.113751,25.687317],[79.110167,25.68678],[79.105169,25.684893],[79.099771,25.683159],[79.095227,25.681589],[79.092104,25.680228],[79.090225,25.680269],[79.087654,25.681441],[79.083643,25.684876],[79.080723,25.687078],[79.079461,25.688305],[79.074359,25.692967],[79.070707,25.693977],[79.069471,25.691647],[79.066983,25.689154],[79.065746,25.687031],[79.064951,25.686664],[79.064281,25.684802],[79.063658,25.684334],[79.061602,25.685251],[79.059035,25.685751],[79.056357,25.686045],[79.053,25.685611],[79.054185,25.687064],[79.054332,25.690317],[79.054263,25.691865],[79.051169,25.694427],[79.044531,25.698619],[79.040638,25.701279],[79.038009,25.702554],[79.03407,25.703716],[79.031845,25.704167],[79.029112,25.704099],[79.025292,25.704642],[79.022554,25.70509],[79.018892,25.705166],[79.020062,25.706397],[79.020993,25.707241],[79.02183,25.707734],[79.022746,25.708082],[79.023535,25.708277],[79.024325,25.708471],[79.025949,25.708739],[79.027677,25.708663],[79.028515,25.708497],[79.029775,25.708123],[79.031848,25.707691],[79.033268,25.707439],[79.035087,25.707418],[79.036133,25.707342],[79.037528,25.707388],[79.037851,25.707474],[79.038175,25.707559],[79.038548,25.708029],[79.038468,25.708557],[79.038254,25.709135],[79.038682,25.709735],[79.03917,25.710124],[79.040629,25.711393],[79.041594,25.712151],[79.042112,25.712657],[79.042869,25.713574],[79.043018,25.714138],[79.043282,25.714766],[79.043426,25.715443],[79.043296,25.716065],[79.043031,25.716797],[79.042143,25.71824],[79.041903,25.71926],[79.042087,25.719838],[79.04263,25.720199],[79.043158,25.720439],[79.04393,25.720728],[79.044448,25.721076],[79.046436,25.722025],[79.048149,25.72277],[79.04928,25.723529],[79.049623,25.72399],[79.050006,25.724604],[79.050086,25.72501],[79.049886,25.72635],[79.049915,25.727876],[79.050203,25.728761],[79.050442,25.729158],[79.051094,25.730111],[79.051557,25.731022],[79.051637,25.731302],[79.051651,25.731785],[79.051691,25.732277],[79.05193,25.732842],[79.053384,25.734047],[79.054405,25.735275],[79.054898,25.736047],[79.055375,25.737072],[79.055774,25.737519],[79.0567,25.739117],[79.057288,25.739397],[79.057559,25.739625],[79.05783,25.739854],[79.05795,25.740427],[79.057925,25.740977],[79.057924,25.741496],[79.058043,25.742219],[79.058332,25.742918],[79.059049,25.743749],[79.059169,25.744363],[79.059418,25.744557],[79.060056,25.744499],[79.060668,25.744607],[79.061266,25.744883],[79.061585,25.745271],[79.062541,25.74663],[79.063482,25.749171],[79.063658,25.750219],[79.063631,25.750463],[79.063505,25.751559],[79.063351,25.752123],[79.062977,25.752719],[79.062448,25.75317],[79.061825,25.753594],[79.061326,25.753874],[79.060703,25.754411],[79.059796,25.75534],[79.058613,25.756892],[79.057741,25.757767],[79.05609,25.759066],[79.055063,25.759797],[79.054031,25.760532],[79.053378,25.760929],[79.052819,25.761236],[79.052321,25.761632],[79.051912,25.762025],[79.052101,25.762734],[79.052534,25.763045],[79.053347,25.763014],[79.054,25.763046],[79.055026,25.763778],[79.055434,25.764256],[79.056241,25.765268],[79.05652,25.765746],[79.056554,25.766622],[79.056554,25.767159],[79.056863,25.767949],[79.057331,25.76854],[79.058203,25.76933],[79.058482,25.769841],[79.058747,25.770124],[79.05901,25.770405],[79.059383,25.770685],[79.060006,25.771195],[79.060694,25.771475],[79.061282,25.772071],[79.062248,25.773539],[79.062776,25.774613],[79.063119,25.775683],[79.063249,25.776193],[79.063587,25.77752],[79.064145,25.778675],[79.064892,25.779863],[79.065983,25.781389],[79.066267,25.781714],[79.066825,25.78235],[79.068444,25.783678],[79.068581,25.78381],[79.070428,25.785594],[79.070871,25.786021],[79.072153,25.787363],[79.072302,25.787518],[79.073517,25.788789],[79.075978,25.791159],[79.0775,25.792577],[79.07846,25.793471],[79.079676,25.794518],[79.08151,25.796098],[79.082697,25.797141],[79.084097,25.798157],[79.085001,25.798964],[79.085902,25.799769],[79.086649,25.800446],[79.087461,25.801602],[79.088304,25.803182],[79.088956,25.805669],[79.088969,25.80622],[79.088985,25.806937],[79.088706,25.808561],[79.08883,25.809807],[79.088897,25.810241],[79.089139,25.811811],[79.089345,25.813435],[79.088859,25.813318],[79.088092,25.813092],[79.089208,25.815055],[79.092414,25.81886],[79.091574,25.819552],[79.092592,25.821087],[79.094033,25.822311],[79.094122,25.822387],[79.094911,25.822935],[79.096108,25.823768],[79.096271,25.823881],[79.097423,25.824585],[79.098859,25.825069],[79.101128,25.825402],[79.101537,25.825462],[79.104339,25.825597],[79.105087,25.825634],[79.10777,25.825575],[79.109281,25.825398],[79.109919,25.825323],[79.111196,25.82507],[79.113246,25.824587],[79.114742,25.824308],[79.115186,25.824218],[79.11519,25.824217]]]}},{"type":"Feature","properties":{"OBJECTID":2549,"state_lgd":"09","state_name":"UTTAR PRADESH","district_lgd":"166","district_name":"JHANSI","district_name_source":"district_table","subdistrict_lgd":"860","subdistrict_name":"JHANSI","subdistrict_type":"Tehsil","name_corrupted":false,"remarks":""},"geometry":{"type":"Polygon","coordinates":[[[78.693909,25.587817],[78.693914,25.587817],[78.694227,25.587821],[78.694776,25.58783],[78.695079,25.587834],[78.695132,25.587864],[78.695517,25.588082],[78.69552,25.588084],[78.695522,25.588082],[78.695555,25.58806],[78.695557,25.588059],[78.69599,25.587771],[78.697372,25.585612],[78.697949,25.584624],[78.69854,25.583247],[78.698405,25.581329],[78.698273,25.578039],[78.699194,25.577799],[78.700184,25.577677],[78.700318,25.577974],[78.700582,25.578155],[78.701374,25.578213],[78.702229,25.577973],[78.703612,25.576777],[78.704636,25.576297],[78.705657,25.575819],[78.706448,25.575818],[78.707045,25.576174],[78.707439,25.576833],[78.710604,25.576894],[78.711858,25.577192],[78.712649,25.577011],[78.712644,25.576496],[78.71205,25.573924],[78.712313,25.573382],[78.712776,25.572903],[78.71284,25.572547],[78.712641,25.571888],[78.71376,25.571346],[78.714023,25.57051],[78.714485,25.569729],[78.715675,25.57009],[78.717584,25.568473],[78.718509,25.567691],[78.71831,25.567032],[78.719299,25.566197],[78.7191,25.565836],[78.719498,25.565475],[78.719826,25.564937],[78.720025,25.564698],[78.72187,25.564218],[78.724243,25.563197],[78.724715,25.562768],[78.724466,25.562565],[78.724686,25.562281],[78.724505,25.561341],[78.72345,25.561342],[78.723474,25.560894],[78.723514,25.560146],[78.723951,25.559599],[78.724041,25.559487],[78.726484,25.559246],[78.726284,25.55805],[78.726677,25.557987],[78.729184,25.556911],[78.729314,25.557448],[78.730238,25.55691],[78.730503,25.557569],[78.731229,25.557085],[78.731209,25.556932],[78.731442,25.556543],[78.731571,25.555943],[78.732297,25.555523],[78.731704,25.554444],[78.732032,25.554205],[78.731967,25.553546],[78.731703,25.552711],[78.73203,25.552233],[78.732359,25.55193],[78.732423,25.55151],[78.732557,25.550734],[78.733019,25.550612],[78.733148,25.550016],[78.733566,25.549866],[78.733684,25.549734],[78.733765,25.549645],[78.733082,25.548355],[78.73341,25.548115],[78.733738,25.547637],[78.7342,25.546919],[78.734264,25.546318],[78.734662,25.54584],[78.735124,25.545483],[78.734526,25.544761],[78.734924,25.544585],[78.735053,25.543984],[78.734136,25.541968],[78.733539,25.542149],[78.733474,25.541607],[78.731955,25.540231],[78.732482,25.539875],[78.732351,25.538259],[78.733605,25.538077],[78.733469,25.53676],[78.733932,25.53652],[78.734658,25.536578],[78.735117,25.537954],[78.736684,25.53775],[78.737232,25.538431],[78.738087,25.538372],[78.738481,25.538733],[78.739997,25.537531],[78.740132,25.53819],[78.740923,25.538009],[78.741451,25.538789],[78.742043,25.538608],[78.742506,25.538905],[78.744152,25.538967],[78.745869,25.538727],[78.747057,25.538125],[78.747584,25.537525],[78.747712,25.536568],[78.748029,25.534708],[78.747799,25.534121],[78.74858,25.534197],[78.75154,25.533931],[78.752261,25.533866],[78.754749,25.533345],[78.756088,25.533017],[78.757496,25.532625],[78.755948,25.528183],[78.764937,25.52234],[78.766271,25.521475],[78.767429,25.523046],[78.768328,25.523638],[78.771179,25.52387],[78.772656,25.523903],[78.774895,25.52348],[78.775073,25.524153],[78.77659,25.523924],[78.778177,25.524056],[78.77951,25.524219],[78.780852,25.519995],[78.782043,25.517112],[78.782501,25.515469],[78.782721,25.514847],[78.781747,25.513077],[78.780952,25.511961],[78.7797,25.510936],[78.778899,25.510281],[78.777953,25.509632],[78.777955,25.509631],[78.778478,25.509211],[78.779975,25.508151],[78.780677,25.507646],[78.782155,25.50679],[78.78419,25.505112],[78.785858,25.503624],[78.787106,25.502988],[78.788341,25.501892],[78.789142,25.501238],[78.789878,25.500828],[78.790169,25.500579],[78.786953,25.500463],[78.786024,25.500411],[78.782857,25.500401],[78.77967,25.500738],[78.778956,25.501435],[78.777742,25.502702],[78.777085,25.503429],[78.776408,25.504119],[78.77579,25.504624],[78.775133,25.505291],[78.774307,25.505891],[78.772725,25.507149],[78.772722,25.507151],[78.769557,25.506158],[78.766201,25.505371],[78.762358,25.504564],[78.762124,25.504514],[78.760214,25.50417],[78.758732,25.504363],[78.756822,25.504853],[78.755379,25.504821],[78.754116,25.504589],[78.752744,25.504227],[78.751551,25.503662],[78.748668,25.501688],[78.748651,25.501692],[78.748522,25.501719],[78.746412,25.500633],[78.745994,25.500331],[78.745123,25.499911],[78.744929,25.499424],[78.743307,25.499104],[78.742982,25.498889],[78.742692,25.498696],[78.740968,25.497689],[78.739047,25.496287],[78.738922,25.496172],[78.738212,25.495521],[78.73635,25.493816],[78.733591,25.489631],[78.733456,25.489426],[78.733319,25.488553],[78.733315,25.488526],[78.732736,25.484845],[78.732624,25.482294],[78.732526,25.480054],[78.732505,25.479582],[78.73249,25.479231],[78.732447,25.478247],[78.732361,25.476759],[78.732245,25.474739],[78.73206,25.471544],[78.732057,25.471478],[78.732,25.470495],[78.731986,25.470257],[78.731858,25.468026],[78.73178,25.466684],[78.731596,25.462287],[78.731572,25.461728],[78.731704,25.459282],[78.731716,25.459056],[78.731743,25.458551],[78.731793,25.458261],[78.731827,25.458059],[78.732098,25.457899],[78.732404,25.45772],[78.732555,25.457683],[78.733149,25.457539],[78.733702,25.457558],[78.733781,25.457561],[78.734477,25.457515],[78.735073,25.457334],[78.73557,25.457018],[78.735918,25.456656],[78.736067,25.45634],[78.736265,25.456069],[78.736414,25.455799],[78.736563,25.455573],[78.736612,25.455393],[78.736662,25.455212],[78.736735,25.455162],[78.736861,25.455076],[78.73706,25.454986],[78.737059,25.45467],[78.737208,25.454354],[78.737456,25.454083],[78.737456,25.453699],[78.737456,25.453541],[78.737555,25.453451],[78.737655,25.453225],[78.737605,25.453044],[78.737485,25.452893],[78.73748,25.452887],[78.737356,25.452729],[78.737294,25.45259],[78.737256,25.452503],[78.737281,25.452277],[78.737305,25.452052],[78.737368,25.451918],[78.737371,25.451912],[78.73738,25.451894],[78.737454,25.451736],[78.737504,25.45151],[78.737553,25.451284],[78.737553,25.450923],[78.737434,25.450665],[78.737428,25.450652],[78.737364,25.450513],[78.737304,25.450382],[78.737303,25.450021],[78.737452,25.449795],[78.737559,25.449737],[78.737701,25.449659],[78.737946,25.449631],[78.738099,25.449614],[78.738347,25.449614],[78.738745,25.449478],[78.738993,25.449342],[78.739072,25.449343],[78.739634,25.449351],[78.74012,25.449425],[78.740221,25.449441],[78.741007,25.44967],[78.741812,25.44973],[78.742183,25.449757],[78.742657,25.449792],[78.742995,25.449818],[78.743601,25.449761],[78.744109,25.449713],[78.74419,25.449679],[78.745694,25.449057],[78.74629,25.448899],[78.747046,25.448699],[78.747467,25.448681],[78.747518,25.448679],[78.747585,25.448676],[78.747776,25.448667],[78.749089,25.448614],[78.749715,25.448589],[78.749999,25.448578],[78.75,25.448578],[78.75,25.448577],[78.750205,25.448515],[78.750678,25.448244],[78.751081,25.447946],[78.751324,25.447766],[78.75166,25.447347],[78.751696,25.447303],[78.751827,25.447139],[78.75183,25.447137],[78.751957,25.447035],[78.752323,25.44674],[78.752364,25.446707],[78.752377,25.446688],[78.752514,25.446485],[78.752522,25.446283],[78.752529,25.44612],[78.752524,25.445899],[78.752521,25.445763],[78.75252,25.445721],[78.752517,25.445598],[78.752515,25.445515],[78.752534,25.445458],[78.752549,25.445414],[78.7526,25.445266],[78.752618,25.445211],[78.752695,25.444987],[78.752744,25.444843],[78.753043,25.444383],[78.753481,25.443823],[78.753829,25.443174],[78.754196,25.442755],[78.754437,25.442479],[78.754531,25.442406],[78.755297,25.441812],[78.75573,25.441442],[78.755789,25.441398],[78.75587,25.441339],[78.756347,25.440987],[78.756646,25.440826],[78.757122,25.44057],[78.757242,25.440506],[78.757496,25.440369],[78.757545,25.440347],[78.757754,25.440252],[78.757737,25.440173],[78.757596,25.439525],[78.757129,25.439313],[78.757069,25.439262],[78.756935,25.43915],[78.756794,25.439037],[78.756737,25.438992],[78.756614,25.438814],[78.756578,25.438762],[78.756539,25.438702],[78.756424,25.438527],[78.756111,25.438242],[78.756226,25.437994],[78.756504,25.437814],[78.756449,25.437607],[78.756415,25.43748],[78.75642,25.437426],[78.75643,25.437313],[78.756445,25.437146],[78.756465,25.437134],[78.756913,25.436862],[78.757122,25.436627],[78.757122,25.436328],[78.757122,25.436293],[78.757227,25.435819],[78.7573,25.435651],[78.757356,25.435522],[78.757516,25.43526],[78.757534,25.435207],[78.757617,25.434962],[78.757645,25.434881],[78.757624,25.434609],[78.757621,25.434561],[78.757605,25.434354],[78.757596,25.43424],[78.757747,25.434188],[78.757805,25.434168],[78.757875,25.434093],[78.757892,25.434074],[78.757934,25.434028],[78.757935,25.433766],[78.758081,25.433579],[78.758232,25.433384],[78.758303,25.433293],[78.758257,25.433222],[78.758199,25.43313],[78.758042,25.432885],[78.757985,25.432796],[78.757921,25.432545],[78.757916,25.432527],[78.757897,25.432453],[78.757881,25.43239],[78.757971,25.432126],[78.757986,25.432083],[78.75804,25.432046],[78.758105,25.432002],[78.758169,25.431956],[78.758225,25.431916],[78.758437,25.431907],[78.758548,25.431903],[78.758636,25.431871],[78.75865,25.431867],[78.758851,25.431795],[78.758887,25.431716],[78.758921,25.431641],[78.758951,25.431432],[78.758956,25.431398],[78.758971,25.431073],[78.758971,25.431072],[78.758966,25.430995],[78.758927,25.430364],[78.759026,25.43034],[78.75919,25.430301],[78.759295,25.430269],[78.759303,25.430265],[78.759686,25.430027],[78.759688,25.430026],[78.759913,25.429834],[78.759951,25.429801],[78.759997,25.429759],[78.76018,25.429593],[78.760409,25.429291],[78.760812,25.42903],[78.761269,25.428768],[78.761543,25.428403],[78.761575,25.428361],[78.761726,25.428162],[78.761817,25.428042],[78.762245,25.427762],[78.762217,25.42719],[78.762215,25.427157],[78.76236,25.4269],[78.762603,25.426742],[78.762847,25.426589],[78.763112,25.426536],[78.76325,25.426508],[78.763906,25.426432],[78.764033,25.426405],[78.764239,25.426361],[78.764393,25.426329],[78.764607,25.426198],[78.764943,25.425983],[78.765105,25.42588],[78.765179,25.425833],[78.765537,25.425603],[78.766198,25.425314],[78.766418,25.425344],[78.766576,25.425364],[78.766577,25.425364],[78.766659,25.425302],[78.766894,25.425125],[78.766842,25.425022],[78.766781,25.424901],[78.766606,25.424552],[78.76653,25.4244],[78.766448,25.424238],[78.766443,25.424227],[78.766989,25.424105],[78.767512,25.423988],[78.768181,25.423797],[78.769465,25.42343],[78.770653,25.422874],[78.770698,25.422853],[78.771085,25.423544],[78.771431,25.424224],[78.771706,25.424763],[78.772325,25.425603],[78.772329,25.425607],[78.772872,25.426344],[78.772879,25.426352],[78.773233,25.426771],[78.773344,25.426902],[78.773399,25.426967],[78.774059,25.427536],[78.774214,25.427643],[78.774481,25.427828],[78.774725,25.427997],[78.775684,25.428566],[78.775721,25.428588],[78.775823,25.428648],[78.776345,25.42882],[78.776692,25.42882],[78.776694,25.42882],[78.776793,25.428813],[78.777085,25.428793],[78.77804,25.42899],[78.778065,25.428995],[78.778155,25.429013],[78.778163,25.429015],[78.778227,25.429047],[78.778233,25.42905],[78.778476,25.429173],[78.778478,25.429174],[78.778993,25.429611],[78.779269,25.430009],[78.77935,25.430125],[78.779351,25.430126],[78.779654,25.430445],[78.780746,25.431594],[78.781074,25.43196],[78.78108,25.431965],[78.781471,25.432348],[78.78168,25.432556],[78.781828,25.432704],[78.781829,25.432705],[78.781968,25.433039],[78.782027,25.433296],[78.781893,25.433754],[78.781883,25.433788],[78.781886,25.433793],[78.782002,25.433942],[78.7821,25.434155],[78.782121,25.434199],[78.782349,25.434389],[78.782634,25.434463],[78.782663,25.43447],[78.7831,25.434642],[78.783428,25.434872],[78.783706,25.435044],[78.783836,25.435068],[78.783969,25.435094],[78.784097,25.435058],[78.784198,25.435031],[78.784355,25.435049],[78.784476,25.435062],[78.784535,25.435093],[78.78472,25.435189],[78.784816,25.435329],[78.784894,25.435442],[78.784979,25.435557],[78.78508,25.435692],[78.785142,25.435776],[78.785385,25.435871],[78.785439,25.435871],[78.785594,25.435871],[78.785873,25.435763],[78.786188,25.435763],[78.786206,25.435763],[78.78642,25.435787],[78.786484,25.435795],[78.78657,25.435844],[78.786817,25.435985],[78.786913,25.435989],[78.7871,25.435998],[78.787309,25.435922],[78.787552,25.436017],[78.787726,25.436269],[78.787728,25.436281],[78.787736,25.436354],[78.787747,25.436447],[78.787756,25.436518],[78.787784,25.436467],[78.787865,25.436324],[78.788199,25.435728],[78.788901,25.435992],[78.78919,25.4361],[78.789983,25.436397],[78.790969,25.436842],[78.791086,25.436894],[78.792368,25.437134],[78.79381,25.43725],[78.794079,25.437272],[78.794177,25.43728],[78.794269,25.437236],[78.794394,25.437177],[78.794579,25.437089],[78.794928,25.436923],[78.79504,25.436891],[78.795346,25.436802],[78.796229,25.436495],[78.79637,25.436446],[78.797155,25.436379],[78.797637,25.436402],[78.797763,25.436409],[78.798075,25.436424],[78.79907,25.436549],[78.799279,25.436575],[78.799412,25.436592],[78.800893,25.436918],[78.802013,25.437049],[78.802874,25.437151],[78.802971,25.437162],[78.803726,25.436788],[78.804438,25.436519],[78.804751,25.4364],[78.804969,25.436215],[78.805139,25.436071],[78.805147,25.436025],[78.805152,25.435994],[78.805193,25.435764],[78.805243,25.43515],[78.805302,25.435157],[78.806829,25.435341],[78.806876,25.435347],[78.806978,25.435359],[78.807333,25.435033],[78.807416,25.434957],[78.807602,25.434842],[78.807714,25.434772],[78.808088,25.434539],[78.808127,25.434515],[78.808364,25.434551],[78.808423,25.434559],[78.808756,25.434609],[78.808798,25.434615],[78.808855,25.434624],[78.808857,25.434624],[78.809514,25.434218],[78.809518,25.434214],[78.80978,25.433974],[78.809897,25.433866],[78.809916,25.433835],[78.81032,25.433179],[78.810324,25.433172],[78.810324,25.433171],[78.81031,25.433131],[78.81029,25.433077],[78.810091,25.43253],[78.809937,25.432032],[78.809936,25.43203],[78.809803,25.4316],[78.810042,25.430951],[78.810465,25.43035],[78.810744,25.430093],[78.810784,25.430066],[78.811286,25.429732],[78.811897,25.429381],[78.812946,25.42865],[78.813991,25.427662],[78.814008,25.427647],[78.814816,25.426986],[78.815587,25.426354],[78.815658,25.426317],[78.81592,25.426182],[78.816268,25.426002],[78.819251,25.423909],[78.819501,25.423758],[78.819789,25.423586],[78.820016,25.423449],[78.820811,25.423037],[78.821346,25.422601],[78.821374,25.422578],[78.821372,25.422564],[78.82131,25.422082],[78.821275,25.421811],[78.821158,25.421362],[78.821153,25.421342],[78.821127,25.421242],[78.821126,25.421237],[78.821121,25.421231],[78.821114,25.421222],[78.820664,25.420632],[78.81974,25.419905],[78.819104,25.420333],[78.818895,25.420474],[78.818876,25.420474],[78.818114,25.420497],[78.817624,25.420512],[78.817105,25.420527],[78.816544,25.420549],[78.815614,25.420585],[78.814436,25.420714],[78.813885,25.420774],[78.813605,25.420799],[78.811752,25.420963],[78.810753,25.421121],[78.810293,25.421194],[78.810271,25.421197],[78.810261,25.4212],[78.808967,25.42164],[78.808785,25.421702],[78.808775,25.421705],[78.806748,25.422452],[78.806164,25.422591],[78.80523,25.422814],[78.804828,25.42291],[78.803958,25.422986],[78.803952,25.422985],[78.803852,25.422968],[78.802959,25.422814],[78.802233,25.422494],[78.801992,25.422389],[78.80192,25.422357],[78.801911,25.422353],[78.801538,25.422501],[78.801175,25.422646],[78.799098,25.422889],[78.798998,25.422706],[78.798814,25.42237],[78.798808,25.422358],[78.798735,25.422225],[78.79866,25.421997],[78.798653,25.421977],[78.798619,25.421873],[78.798527,25.421593],[78.798391,25.421339],[78.798327,25.421221],[78.798201,25.420986],[78.798125,25.420844],[78.798278,25.420527],[78.798284,25.420514],[78.798652,25.420338],[78.799104,25.420099],[78.799223,25.420038],[78.799383,25.419955],[78.799522,25.419766],[78.799771,25.419495],[78.799771,25.419345],[78.799771,25.419274],[78.799592,25.419021],[78.799461,25.418966],[78.799156,25.418837],[78.79913,25.418827],[78.798946,25.418831],[78.798215,25.418849],[78.798101,25.418805],[78.797584,25.418609],[78.796919,25.418075],[78.796904,25.418063],[78.79687,25.417917],[78.796866,25.417897],[78.796696,25.41716],[78.795806,25.416446],[78.795651,25.416479],[78.795376,25.416536],[78.794403,25.416739],[78.793823,25.41686],[78.793207,25.417031],[78.793181,25.417038],[78.793172,25.417041],[78.793166,25.417044],[78.793108,25.417074],[78.792205,25.417546],[78.790313,25.418533],[78.789646,25.418903],[78.788061,25.419781],[78.787922,25.419858],[78.787889,25.419837],[78.787855,25.419814],[78.787329,25.419468],[78.78731,25.419456],[78.786989,25.419245],[78.786988,25.419244],[78.786807,25.419099],[78.785076,25.417713],[78.784242,25.417075],[78.783576,25.416566],[78.78307,25.416157],[78.782513,25.415707],[78.781813,25.416516],[78.781555,25.416814],[78.780881,25.417593],[78.780711,25.417799],[78.78015,25.418482],[78.779782,25.418883],[78.779691,25.418937],[78.779637,25.418969],[78.77917,25.419248],[78.778822,25.419433],[78.778405,25.419523],[78.778186,25.419464],[78.777975,25.419382],[78.777924,25.419362],[78.777908,25.419356],[78.77788,25.419399],[78.777799,25.419524],[78.777793,25.419532],[78.777758,25.419556],[78.777746,25.419565],[78.777644,25.419635],[78.777326,25.419622],[78.777237,25.419495],[78.777227,25.419461],[78.777226,25.419459],[78.777187,25.419324],[78.777019,25.419291],[78.777003,25.419288],[78.776998,25.419287],[78.776848,25.419324],[78.776755,25.419346],[78.776724,25.419413],[78.776715,25.419432],[78.776699,25.419477],[78.77662,25.419702],[78.776426,25.419779],[78.776148,25.419765],[78.77592,25.419675],[78.775854,25.419633],[78.775781,25.419585],[78.775672,25.419576],[78.775616,25.419571],[78.775249,25.419837],[78.775248,25.419837],[78.77512,25.41985],[78.774945,25.419868],[78.774791,25.419778],[78.774692,25.419665],[78.774478,25.41957],[78.774443,25.419572],[78.774275,25.419584],[78.774145,25.419511],[78.774116,25.419406],[78.774111,25.419385],[78.774069,25.419341],[78.774046,25.419317],[78.773589,25.419281],[78.77339,25.419366],[78.773322,25.419302],[78.773191,25.419179],[78.773183,25.419171],[78.773172,25.419161],[78.773157,25.419147],[78.773145,25.419135],[78.773133,25.419124],[78.773067,25.419062],[78.772978,25.418978],[78.772939,25.418976],[78.772667,25.418967],[78.7726,25.418964],[78.772257,25.418928],[78.772088,25.418774],[78.77205,25.418689],[78.772009,25.418598],[78.7718,25.41853],[78.771727,25.418527],[78.771612,25.418521],[78.771388,25.418512],[78.771518,25.418101],[78.771577,25.417912],[78.771577,25.417704],[78.771235,25.41741],[78.770818,25.417117],[78.770663,25.417007],[78.770455,25.416859],[78.770326,25.416834],[78.770018,25.416773],[78.769644,25.416741],[78.7696,25.416737],[78.769451,25.416651],[78.769451,25.416496],[78.769451,25.416479],[78.76949,25.416421],[78.769566,25.416308],[78.769539,25.416238],[78.769526,25.416204],[78.769402,25.416161],[78.769397,25.416159],[78.769394,25.416159],[78.76891,25.416262],[78.768597,25.416208],[78.768348,25.415758],[78.768254,25.415589],[78.768087,25.415452],[78.767957,25.415345],[78.767842,25.415251],[78.767789,25.415218],[78.767375,25.414961],[78.766079,25.41459],[78.765725,25.414603],[78.76517,25.414623],[78.764965,25.41463],[78.764946,25.414635],[78.764261,25.4148],[78.763703,25.414935],[78.763492,25.414986],[78.763141,25.415071],[78.76113,25.415226],[78.760989,25.415236],[78.760695,25.415248],[78.760578,25.415253],[78.760399,25.41526],[78.75998,25.415276],[78.759156,25.415331],[78.758255,25.415391],[78.758106,25.415401],[78.758106,25.4154],[78.758031,25.415277],[78.757925,25.415103],[78.757848,25.414977],[78.757635,25.414994],[78.757475,25.415007],[78.75668,25.41507],[78.756631,25.41493],[78.756486,25.41452],[78.756462,25.414452],[78.756435,25.414445],[78.756088,25.414352],[78.755537,25.414205],[78.754713,25.413986],[78.754612,25.413958],[78.753585,25.413682],[78.753391,25.413615],[78.753027,25.413487],[78.752537,25.413316],[78.75216,25.413185],[78.751882,25.412998],[78.751404,25.412678],[78.751176,25.412525],[78.751141,25.41249],[78.751055,25.412405],[78.750915,25.412266],[78.750907,25.412258],[78.750904,25.412255],[78.750896,25.412247],[78.750888,25.412239],[78.750858,25.412209],[78.750838,25.412189],[78.750834,25.412186],[78.750823,25.412174],[78.750822,25.412174],[78.750015,25.411373],[78.75,25.411359],[78.74974,25.41106],[78.748153,25.40811],[78.748038,25.407897],[78.748097,25.406849],[78.747873,25.406069],[78.747738,25.405595],[78.747568,25.405106],[78.747454,25.404776],[78.74728,25.404273],[78.747118,25.403807],[78.746915,25.40322],[78.746861,25.403064],[78.746599,25.403013],[78.746466,25.402987],[78.745934,25.402884],[78.745841,25.402866],[78.745563,25.402812],[78.745576,25.402735],[78.745678,25.402098],[78.745716,25.40186],[78.745859,25.400962],[78.745988,25.400158],[78.746006,25.40004],[78.746496,25.396741],[78.746513,25.396564],[78.746689,25.394732],[78.746719,25.394418],[78.746728,25.39433],[78.746811,25.393459],[78.746956,25.393401],[78.747416,25.393218],[78.747685,25.393111],[78.747366,25.392289],[78.747188,25.391832],[78.747132,25.391689],[78.747172,25.391662],[78.748145,25.390989],[78.748325,25.391266],[78.748347,25.391301],[78.748535,25.39159],[78.748631,25.391738],[78.748707,25.391856],[78.749378,25.392891],[78.749866,25.393644],[78.749996,25.393844],[78.75,25.393851],[78.750131,25.39387],[78.750887,25.393974],[78.75147,25.394069],[78.751613,25.394092],[78.75189,25.394399],[78.752074,25.394652],[78.752259,25.394913],[78.752337,25.395022],[78.752541,25.395176],[78.75265,25.395127],[78.752695,25.395041],[78.752745,25.394955],[78.752784,25.394829],[78.752819,25.394702],[78.75295,25.3946],[78.752969,25.394585],[78.753018,25.394589],[78.753207,25.394603],[78.753356,25.394536],[78.753451,25.394432],[78.753454,25.394401],[78.753461,25.394337],[78.753495,25.394141],[78.753506,25.39408],[78.7536,25.394044],[78.753692,25.394114],[78.753861,25.394243],[78.753933,25.394297],[78.754082,25.394333],[78.754157,25.394198],[78.754306,25.394144],[78.754668,25.39446],[78.754807,25.394605],[78.755125,25.394871],[78.75516,25.394899],[78.755377,25.395071],[78.755543,25.395203],[78.755552,25.39521],[78.755795,25.395228],[78.756039,25.395247],[78.756404,25.395027],[78.756407,25.395026],[78.756408,25.395026],[78.75664,25.39505],[78.756764,25.395062],[78.756788,25.395094],[78.756983,25.395365],[78.757206,25.395577],[78.757429,25.395789],[78.757622,25.395856],[78.757653,25.395866],[78.757937,25.396077],[78.758557,25.396535],[78.759248,25.397017],[78.759282,25.397041],[78.759324,25.397072],[78.760076,25.397624],[78.760473,25.397936],[78.761124,25.398324],[78.762003,25.398844],[78.762617,25.399292],[78.762778,25.399409],[78.762908,25.399568],[78.763775,25.400633],[78.763788,25.400648],[78.764793,25.401875],[78.764817,25.401864],[78.765835,25.401411],[78.766304,25.401201],[78.766309,25.401199],[78.766698,25.400977],[78.767047,25.400778],[78.767567,25.400482],[78.767811,25.400311],[78.767909,25.400153],[78.767974,25.400048],[78.767985,25.400031],[78.768,25.39981],[78.767916,25.399518],[78.767906,25.39948],[78.767623,25.398839],[78.767388,25.398385],[78.767331,25.398276],[78.767291,25.398199],[78.767206,25.398036],[78.767159,25.397879],[78.767112,25.397728],[78.767086,25.397642],[78.76671,25.396409],[78.76657,25.395951],[78.766498,25.395717],[78.766488,25.395684],[78.766402,25.395502],[78.766181,25.395039],[78.766181,25.395038],[78.765834,25.393801],[78.765512,25.392736],[78.765318,25.391704],[78.765309,25.391657],[78.765171,25.390908],[78.765171,25.390907],[78.764956,25.39066],[78.764647,25.390304],[78.764272,25.389873],[78.762867,25.388622],[78.762272,25.387867],[78.761924,25.387317],[78.761547,25.386554],[78.761344,25.38594],[78.761258,25.385899],[78.761012,25.385781],[78.760445,25.38588],[78.760386,25.385898],[78.760323,25.385917],[78.759938,25.386033],[78.75981,25.386091],[78.75966,25.386159],[78.759545,25.386197],[78.759511,25.386209],[78.759509,25.386209],[78.759357,25.386263],[78.758922,25.386469],[78.758919,25.38647],[78.758745,25.386457],[78.758542,25.386154],[78.758541,25.386154],[78.758224,25.386],[78.758075,25.38597],[78.757891,25.385932],[78.757608,25.385864],[78.757404,25.385629],[78.757126,25.385444],[78.757056,25.385444],[78.756979,25.385444],[78.756923,25.385444],[78.756949,25.385381],[78.757007,25.385239],[78.757248,25.38465],[78.757276,25.384582],[78.757535,25.383905],[78.75759,25.38381],[78.757894,25.383278],[78.75854,25.382575],[78.758715,25.382453],[78.759858,25.38166],[78.760996,25.381168],[78.761816,25.380916],[78.761821,25.380915],[78.762462,25.380772],[78.764563,25.380313],[78.764579,25.380309],[78.765781,25.379919],[78.766105,25.379814],[78.766587,25.37971],[78.767292,25.379557],[78.76738,25.37953],[78.768798,25.379084],[78.768827,25.379065],[78.769202,25.378818],[78.769578,25.378569],[78.769671,25.378507],[78.769716,25.378473],[78.769979,25.378267],[78.770116,25.37816],[78.770755,25.37766],[78.770842,25.377606],[78.771143,25.377421],[78.771286,25.377334],[78.771999,25.376895],[78.772183,25.376782],[78.772348,25.376681],[78.772644,25.376565],[78.77366,25.376168],[78.773658,25.376145],[78.773656,25.376112],[78.773654,25.376086],[78.773643,25.375915],[78.773639,25.375853],[78.773611,25.375405],[78.773601,25.375251],[78.773588,25.375248],[78.773409,25.375199],[78.773213,25.375145],[78.773188,25.375138],[78.772578,25.374971],[78.77257,25.374969],[78.771097,25.374532],[78.77105,25.374457],[78.771045,25.374449],[78.770593,25.37373],[78.770591,25.373728],[78.770279,25.373299],[78.769718,25.372513],[78.769407,25.37232],[78.769384,25.372306],[78.768919,25.372016],[78.768575,25.371778],[78.767941,25.371339],[78.767938,25.371336],[78.767295,25.370697],[78.767003,25.370435],[78.766717,25.370178],[78.766475,25.36996],[78.766474,25.369959],[78.766471,25.369956],[78.76647,25.369955],[78.766221,25.369589],[78.765952,25.369194],[78.76592,25.369148],[78.76625,25.367939],[78.76634,25.367802],[78.766419,25.367682],[78.766682,25.367466],[78.766717,25.367437],[78.766936,25.367258],[78.767066,25.367099],[78.767123,25.36703],[78.767378,25.366721],[78.76797,25.366202],[78.768049,25.366135],[78.768825,25.365476],[78.769476,25.364881],[78.770018,25.364204],[78.770212,25.363809],[78.770341,25.363546],[78.770456,25.363311],[78.770525,25.363097],[78.770705,25.362539],[78.77081,25.362065],[78.770835,25.36195],[78.770962,25.361373],[78.770999,25.361203],[78.771128,25.360228],[78.771131,25.36021],[78.771136,25.360173],[78.771155,25.36003],[78.771204,25.359886],[78.771348,25.359468],[78.771389,25.359349],[78.772149,25.358365],[78.772191,25.35831],[78.772532,25.357869],[78.773268,25.357197],[78.773272,25.357194],[78.774119,25.356428],[78.774441,25.356137],[78.774442,25.356135],[78.774486,25.355822],[78.774656,25.354621],[78.774606,25.353517],[78.774588,25.353104],[78.773655,25.352933],[78.773646,25.352932],[78.773525,25.352909],[78.772951,25.352861],[78.772938,25.352859],[78.771275,25.352718],[78.770252,25.352568],[78.770249,25.352568],[78.770177,25.352557],[78.769234,25.352419],[78.769025,25.352389],[78.768866,25.352365],[78.768767,25.352351],[78.76714,25.352296],[78.766959,25.352289],[78.766596,25.352277],[78.766211,25.352236],[78.764569,25.352061],[78.764376,25.352041],[78.763677,25.351861],[78.762653,25.351597],[78.761914,25.351453],[78.761332,25.351339],[78.761207,25.351254],[78.760558,25.350812],[78.760409,25.350711],[78.759974,25.350449],[78.759967,25.350444],[78.759843,25.350464],[78.75941,25.350534],[78.75889,25.350562],[78.758506,25.350583],[78.757874,25.351025],[78.757706,25.351142],[78.75753,25.351149],[78.757265,25.351161],[78.757085,25.351169],[78.756583,25.351106],[78.756131,25.35105],[78.755229,25.351331],[78.754968,25.351412],[78.754785,25.351469],[78.754785,25.351466],[78.754558,25.349803],[78.754517,25.349339],[78.75443,25.34835],[78.754421,25.348202],[78.754386,25.347657],[78.754377,25.347506],[78.754121,25.347023],[78.75397,25.346737],[78.753916,25.346634],[78.753712,25.346459],[78.75332,25.346119],[78.753003,25.345995],[78.75287,25.345942],[78.752779,25.345907],[78.752559,25.345924],[78.752269,25.345947],[78.751745,25.345988],[78.751641,25.345996],[78.75163,25.345999],[78.750792,25.346234],[78.750646,25.346262],[78.75,25.346383],[78.74987,25.346367],[78.747697,25.346109],[78.747022,25.346029],[78.745343,25.345829],[78.742105,25.34516],[78.741815,25.345101],[78.74105,25.344984],[78.741048,25.344992],[78.740946,25.345348],[78.740838,25.345729],[78.740495,25.346221],[78.739895,25.346614],[78.739244,25.346705],[78.739051,25.346755],[78.738892,25.346796],[78.738878,25.346804],[78.738633,25.346954],[78.738515,25.347319],[78.73852,25.347371],[78.73855,25.347671],[78.738004,25.347943],[78.737482,25.348056],[78.737366,25.348081],[78.737058,25.348148],[78.736961,25.348169],[78.736315,25.348305],[78.735719,25.34826],[78.735322,25.348374],[78.734924,25.348487],[78.734881,25.348487],[78.734428,25.348487],[78.734154,25.348374],[78.733881,25.348262],[78.733558,25.348194],[78.73336,25.348153],[78.733251,25.34813],[78.733235,25.348127],[78.733179,25.348137],[78.732987,25.348172],[78.732197,25.348308],[78.7318,25.348579],[78.73152,25.348693],[78.731353,25.34876],[78.730956,25.348715],[78.730707,25.348535],[78.730534,25.348467],[78.729962,25.348265],[78.729711,25.348058],[78.729689,25.348039],[78.729553,25.347927],[78.729415,25.347814],[78.729167,25.347475],[78.728918,25.347137],[78.728819,25.346844],[78.728719,25.34655],[78.728595,25.346325],[78.72847,25.346099],[78.728172,25.345833],[78.727923,25.345517],[78.727675,25.345021],[78.727536,25.344353],[78.727525,25.344299],[78.727498,25.344282],[78.727401,25.344222],[78.72728,25.344148],[78.727108,25.344042],[78.726081,25.344108],[78.725749,25.344129],[78.72548,25.344147],[78.725404,25.344151],[78.725166,25.344117],[78.724856,25.344073],[78.724461,25.344016],[78.724122,25.343967],[78.721566,25.345081],[78.720657,25.345477],[78.718739,25.346384],[78.71828,25.346601],[78.717464,25.346987],[78.717383,25.347028],[78.716746,25.347356],[78.716593,25.347435],[78.713432,25.349061],[78.710885,25.350367],[78.709852,25.351003],[78.709366,25.351302],[78.709145,25.351563],[78.708911,25.35184],[78.708785,25.351988],[78.708652,25.352634],[78.708715,25.353654],[78.708718,25.353705],[78.708737,25.354015],[78.70879,25.354195],[78.709043,25.355059],[78.709081,25.355188],[78.709081,25.355939],[78.709081,25.356073],[78.709053,25.356132],[78.70903,25.35618],[78.708989,25.356265],[78.708957,25.356332],[78.708934,25.35638],[78.708899,25.356453],[78.708891,25.356469],[78.708733,25.3568],[78.708609,25.357059],[78.70859,25.357098],[78.708541,25.357292],[78.708521,25.357369],[78.708486,25.357509],[78.708457,25.357623],[78.708402,25.357838],[78.708365,25.357985],[78.708349,25.358046],[78.708323,25.358148],[78.708291,25.358276],[78.708256,25.35841],[78.708199,25.358637],[78.707879,25.360196],[78.707809,25.360484],[78.707713,25.360876],[78.707744,25.361471],[78.707769,25.361968],[78.707781,25.362061],[78.707914,25.363092],[78.708722,25.363047],[78.708887,25.363037],[78.709101,25.364024],[78.709136,25.364188],[78.709417,25.364184],[78.709434,25.364184],[78.709527,25.36424],[78.709777,25.364391],[78.71024,25.364783],[78.710395,25.36552],[78.710429,25.365681],[78.710409,25.365979],[78.710484,25.366184],[78.710547,25.366359],[78.710668,25.366692],[78.710917,25.366963],[78.711165,25.367234],[78.711538,25.367437],[78.711911,25.367639],[78.712184,25.36791],[78.712213,25.367938],[78.712458,25.368181],[78.712644,25.368456],[78.712657,25.368474],[78.712856,25.368767],[78.713253,25.369264],[78.713554,25.369575],[78.713601,25.369624],[78.7138,25.369936],[78.713813,25.370029],[78.71385,25.370297],[78.714,25.370658],[78.714041,25.370862],[78.714099,25.371154],[78.7141,25.371696],[78.71405,25.372147],[78.713999,25.372287],[78.713902,25.372553],[78.713246,25.372473],[78.712456,25.372351],[78.711959,25.372279],[78.711592,25.372226],[78.711591,25.372225],[78.711089,25.37214],[78.710588,25.372059],[78.707607,25.37193],[78.707566,25.371939],[78.707145,25.372035],[78.706574,25.372165],[78.704695,25.372711],[78.704597,25.372739],[78.703086,25.373726],[78.703012,25.373774],[78.702981,25.373845],[78.702219,25.375557],[78.701487,25.377549],[78.700727,25.378368],[78.700619,25.378524],[78.700256,25.379048],[78.700209,25.379116],[78.700165,25.379178],[78.700083,25.38007],[78.700387,25.380633],[78.700478,25.380801],[78.700482,25.380808],[78.700235,25.381335],[78.700099,25.381455],[78.699604,25.381889],[78.698945,25.381743],[78.698822,25.381715],[78.698735,25.381696],[78.698644,25.381676],[78.698626,25.381654],[78.698501,25.3815],[78.697828,25.380667],[78.697804,25.380249],[78.69778,25.379807],[78.697439,25.379323],[78.697188,25.378965],[78.696935,25.378605],[78.696537,25.378038],[78.696469,25.377941],[78.696268,25.377654],[78.695969,25.376558],[78.695939,25.37641],[78.69576,25.375497],[78.695394,25.374706],[78.695364,25.374641],[78.695327,25.374563],[78.695258,25.374489],[78.695054,25.374273],[78.69485,25.374056],[78.694747,25.373946],[78.69474,25.373938],[78.694666,25.373859],[78.694581,25.373898],[78.694165,25.374085],[78.693955,25.374179],[78.692699,25.374745],[78.692349,25.374838],[78.692337,25.374841],[78.691115,25.375165],[78.690362,25.375416],[78.689366,25.375748],[78.688445,25.375954],[78.688149,25.37602],[78.684675,25.377051],[78.684488,25.377106],[78.684021,25.377245],[78.683556,25.377351],[78.683437,25.377379],[78.68221,25.37766],[78.681835,25.377746],[78.681797,25.377775],[78.681481,25.378015],[78.680802,25.378528],[78.680573,25.378701],[78.679769,25.379309],[78.678314,25.379959],[78.678255,25.379985],[78.67737,25.380375],[78.676964,25.380458],[78.67653,25.380546],[78.676481,25.380556],[78.676289,25.380658],[78.676224,25.380692],[78.675893,25.380868],[78.675451,25.381103],[78.675358,25.381152],[78.675309,25.381156],[78.675241,25.381162],[78.675053,25.381179],[78.674429,25.381235],[78.674071,25.381267],[78.672751,25.381384],[78.671978,25.381453],[78.671641,25.381483],[78.671475,25.381497],[78.670745,25.381562],[78.670581,25.381577],[78.670315,25.381601],[78.669238,25.381662],[78.669034,25.381673],[78.668746,25.381695],[78.667405,25.381797],[78.666729,25.381849],[78.666654,25.381854],[78.666511,25.381865],[78.66626,25.381884],[78.665938,25.381909],[78.665695,25.382105],[78.665638,25.382152],[78.665163,25.382536],[78.665097,25.382538],[78.6642,25.382556],[78.663842,25.382564],[78.663142,25.383046],[78.662378,25.383574],[78.662008,25.383658],[78.66141,25.383976],[78.660829,25.384285],[78.659878,25.384792],[78.65918,25.385164],[78.659,25.38526],[78.658978,25.385271],[78.658949,25.385287],[78.658987,25.385384],[78.658988,25.385387],[78.658995,25.385404],[78.658996,25.385407],[78.658997,25.385409],[78.658998,25.385412],[78.659237,25.386018],[78.659705,25.386831],[78.659809,25.387011],[78.660041,25.387275],[78.661017,25.388387],[78.661756,25.38898],[78.662478,25.38956],[78.666295,25.392727],[78.665245,25.393639],[78.664771,25.39405],[78.66399,25.394729],[78.663742,25.394944],[78.662564,25.396102],[78.662336,25.396326],[78.662213,25.396722],[78.662078,25.397161],[78.66237,25.398506],[78.662451,25.39888],[78.662783,25.399872],[78.662834,25.400022],[78.663585,25.400833],[78.663624,25.400875],[78.663584,25.400978],[78.663169,25.402036],[78.663093,25.402229],[78.662222,25.403058],[78.66221,25.403069],[78.662183,25.403095],[78.661823,25.403437],[78.661811,25.403448],[78.660515,25.404627],[78.659223,25.405736],[78.659158,25.405791],[78.659156,25.405839],[78.659134,25.406311],[78.658907,25.408401],[78.658896,25.408504],[78.658924,25.408624],[78.659011,25.408984],[78.65902,25.409023],[78.659598,25.409449],[78.659755,25.409565],[78.660213,25.409903],[78.661476,25.410918],[78.662107,25.411726],[78.662912,25.412741],[78.663598,25.413418],[78.663708,25.413491],[78.664463,25.413991],[78.664822,25.414307],[78.665029,25.41449],[78.665171,25.414616],[78.665237,25.414674],[78.665265,25.414698],[78.665348,25.414772],[78.665723,25.415363],[78.665881,25.415612],[78.66601,25.415814],[78.666084,25.415766],[78.666526,25.415476],[78.667043,25.413887],[78.667143,25.413539],[78.667234,25.413222],[78.667514,25.412253],[78.667405,25.411763],[78.667347,25.411504],[78.667297,25.41128],[78.667285,25.411228],[78.667229,25.410976],[78.667215,25.410917],[78.667241,25.41077],[78.667442,25.409611],[78.667483,25.409373],[78.667716,25.407929],[78.668307,25.406484],[78.669296,25.406236],[78.670528,25.405793],[78.671277,25.405184],[78.671422,25.405066],[78.671815,25.404619],[78.671945,25.404287],[78.672212,25.403603],[78.672877,25.402195],[78.673342,25.401591],[78.674569,25.399996],[78.674644,25.399899],[78.674899,25.399567],[78.674995,25.399633],[78.675627,25.400064],[78.675954,25.400286],[78.676701,25.400795],[78.677642,25.401435],[78.678107,25.401752],[78.678343,25.401913],[78.678759,25.402171],[78.682432,25.404451],[78.682872,25.404723],[78.682895,25.404741],[78.683461,25.405159],[78.684105,25.405635],[78.684292,25.405773],[78.684471,25.405906],[78.684964,25.406271],[78.685423,25.40661],[78.686472,25.407386],[78.686817,25.407641],[78.687431,25.408095],[78.68752,25.408161],[78.688616,25.409016],[78.689326,25.409569],[78.689328,25.40957],[78.690296,25.410325],[78.692397,25.411963],[78.693442,25.412653],[78.693484,25.41268],[78.693859,25.412927],[78.695222,25.413827],[78.696185,25.414462],[78.69645,25.414611],[78.697392,25.415144],[78.698224,25.415614],[78.698308,25.415662],[78.698615,25.415873],[78.698781,25.415987],[78.699233,25.416298],[78.699479,25.416467],[78.700454,25.417139],[78.70075,25.417342],[78.701716,25.418007],[78.703071,25.41894],[78.704153,25.419801],[78.706741,25.421859],[78.708963,25.423926],[78.709059,25.424015],[78.709717,25.424999],[78.709895,25.425265],[78.710353,25.426659],[78.711035,25.427447],[78.711243,25.427688],[78.711375,25.427985],[78.711427,25.428101],[78.711428,25.428103],[78.711199,25.428455],[78.710487,25.428845],[78.709803,25.429218],[78.707453,25.430754],[78.706093,25.431022],[78.705957,25.431049],[78.705743,25.431091],[78.705659,25.431107],[78.705093,25.431443],[78.704256,25.431939],[78.7041,25.432032],[78.702574,25.432937],[78.701475,25.434259],[78.700975,25.43486],[78.700953,25.434887],[78.700885,25.434969],[78.70092,25.435084],[78.700955,25.435198],[78.701204,25.436007],[78.701042,25.436115],[78.700511,25.43647],[78.700114,25.436736],[78.699832,25.436925],[78.699698,25.437014],[78.699651,25.438569],[78.699625,25.439458],[78.699606,25.44008],[78.699606,25.440088],[78.698848,25.440558],[78.698034,25.441064],[78.697817,25.441199],[78.697595,25.44146],[78.697479,25.441597],[78.697482,25.441774],[78.697484,25.441869],[78.697487,25.442048],[78.697489,25.442183],[78.697446,25.44222],[78.697299,25.442346],[78.697127,25.442492],[78.696545,25.442987],[78.69334,25.444284],[78.689866,25.445748],[78.689765,25.445579],[78.689689,25.445452],[78.688478,25.443424],[78.687079,25.441309],[78.687068,25.441291],[78.687025,25.441227],[78.686672,25.440793],[78.686356,25.440404],[78.685205,25.438989],[78.684871,25.438445],[78.684683,25.438137],[78.684472,25.437792],[78.684327,25.437556],[78.684259,25.437446],[78.684182,25.437294],[78.682692,25.434386],[78.682638,25.434278],[78.682557,25.434117],[78.682436,25.433875],[78.682306,25.433616],[78.68216,25.433326],[78.681927,25.433272],[78.681712,25.433222],[78.680899,25.43357],[78.680734,25.433641],[78.680565,25.433713],[78.679243,25.434279],[78.679026,25.434391],[78.677707,25.435071],[78.677518,25.435168],[78.677438,25.435209],[78.676693,25.435593],[78.676042,25.435803],[78.675361,25.436023],[78.674427,25.436556],[78.674196,25.43671],[78.67326,25.437337],[78.673239,25.43735],[78.673229,25.43736],[78.672554,25.437975],[78.671778,25.438682],[78.671321,25.439098],[78.671176,25.439244],[78.670407,25.440019],[78.67032,25.440016],[78.669174,25.439974],[78.669154,25.439972],[78.668756,25.439929],[78.668091,25.439859],[78.667907,25.439839],[78.667784,25.439828],[78.667076,25.439762],[78.666703,25.439766],[78.665818,25.439773],[78.665446,25.439776],[78.664613,25.440064],[78.664313,25.440168],[78.66304,25.440608],[78.661604,25.441159],[78.661109,25.441299],[78.659835,25.44166],[78.658746,25.441353],[78.658634,25.44108],[78.658109,25.439792],[78.657848,25.439458],[78.657646,25.4392],[78.657262,25.438708],[78.657188,25.438614],[78.657123,25.43853],[78.657065,25.438456],[78.657007,25.438408],[78.656985,25.438391],[78.656757,25.438204],[78.65625,25.437788],[78.655969,25.437816],[78.655852,25.437827],[78.655745,25.437838],[78.655415,25.43787],[78.655347,25.437895],[78.655253,25.43793],[78.655229,25.437939],[78.654636,25.438162],[78.654575,25.438185],[78.653983,25.438407],[78.653585,25.438176],[78.6527,25.437663],[78.651201,25.436703],[78.650999,25.436573],[78.650677,25.436368],[78.65038,25.436324],[78.648634,25.436064],[78.648174,25.435996],[78.648054,25.435978],[78.647746,25.435933],[78.647123,25.43584],[78.645115,25.43557],[78.644758,25.435521],[78.643211,25.435308],[78.643205,25.435304],[78.642147,25.434527],[78.641702,25.433945],[78.641357,25.433494],[78.641372,25.432672],[78.64138,25.432586],[78.641506,25.431332],[78.641515,25.431237],[78.64153,25.43038],[78.641217,25.429829],[78.641169,25.429753],[78.641126,25.429685],[78.640959,25.429418],[78.641033,25.429312],[78.641132,25.42917],[78.64148,25.428809],[78.641573,25.428725],[78.64177,25.428546],[78.641779,25.428538],[78.641878,25.428403],[78.641876,25.428392],[78.641828,25.428132],[78.641729,25.427906],[78.641729,25.427726],[78.641738,25.427713],[78.641927,25.427455],[78.641977,25.427229],[78.64195,25.427008],[78.641927,25.426823],[78.642027,25.426417],[78.642089,25.426349],[78.642275,25.426146],[78.642325,25.425875],[78.642217,25.425729],[78.642154,25.425642],[78.642126,25.425604],[78.642126,25.425112],[78.642126,25.424747],[78.642179,25.424592],[78.642302,25.424236],[78.642374,25.424024],[78.642389,25.423998],[78.642472,25.423846],[78.64249,25.423815],[78.642516,25.423768],[78.642523,25.423754],[78.642672,25.423167],[78.642672,25.423],[78.642672,25.422994],[78.642672,25.422896],[78.642921,25.422219],[78.643119,25.421813],[78.643204,25.421723],[78.643209,25.421718],[78.643418,25.421497],[78.643666,25.421113],[78.643915,25.420729],[78.644213,25.420278],[78.644411,25.419736],[78.64456,25.419466],[78.644511,25.418969],[78.644436,25.418698],[78.644381,25.418497],[78.644361,25.418427],[78.644142,25.418228],[78.643914,25.418021],[78.6439,25.417979],[78.643765,25.41757],[78.643774,25.417528],[78.643841,25.417226],[78.643864,25.417123],[78.644162,25.416897],[78.64422,25.416853],[78.644484,25.416647],[78.644494,25.416639],[78.64451,25.416627],[78.64458,25.416595],[78.644659,25.416559],[78.644981,25.416413],[78.645007,25.416401],[78.645128,25.416225],[78.645256,25.41604],[78.645305,25.415588],[78.645305,25.415002],[78.645057,25.41446],[78.644993,25.414333],[78.644986,25.414319],[78.644808,25.413964],[78.644787,25.413808],[78.644758,25.413603],[78.644773,25.413523],[78.644774,25.413516],[78.644827,25.413236],[78.644877,25.412969],[78.644922,25.412728],[78.644932,25.412673],[78.644654,25.412369],[78.64435,25.412036],[78.642834,25.410398],[78.642477,25.4101],[78.64186,25.409641],[78.64162,25.409462],[78.641617,25.40946],[78.641182,25.408913],[78.640799,25.408431],[78.640737,25.408354],[78.640379,25.407656],[78.6403,25.407501],[78.639927,25.405799],[78.639469,25.40506],[78.639449,25.405028],[78.63908,25.404433],[78.639077,25.404427],[78.638566,25.403313],[78.63846,25.403082],[78.637954,25.402757],[78.637273,25.402405],[78.637078,25.402263],[78.637069,25.402256],[78.63681,25.402067],[78.636353,25.401485],[78.636353,25.401483],[78.636353,25.40148],[78.636361,25.401262],[78.636363,25.401191],[78.636309,25.401161],[78.636115,25.401056],[78.635966,25.400921],[78.635891,25.400808],[78.635817,25.400695],[78.635518,25.400605],[78.635121,25.400559],[78.634574,25.400424],[78.634177,25.400289],[78.633779,25.400244],[78.633337,25.400108],[78.632939,25.400199],[78.63269,25.400199],[78.632641,25.400199],[78.632393,25.400108],[78.632325,25.400068],[78.632244,25.400018],[78.631747,25.399747],[78.631697,25.399702],[78.631498,25.399522],[78.631299,25.399409],[78.631201,25.399353],[78.631195,25.399349],[78.631163,25.399331],[78.631101,25.399296],[78.631001,25.399296],[78.630931,25.399328],[78.630803,25.399386],[78.630659,25.399517],[78.630658,25.399518],[78.630604,25.399567],[78.63056,25.39958],[78.630531,25.399589],[78.630157,25.399702],[78.629901,25.399702],[78.629809,25.399702],[78.629401,25.399739],[78.629312,25.399747],[78.629209,25.399806],[78.628968,25.399943],[78.628961,25.399947],[78.628914,25.399973],[78.628751,25.400146],[78.628616,25.400289],[78.628361,25.400469],[78.628169,25.400605],[78.627871,25.40065],[78.627853,25.400653],[78.627644,25.400685],[78.627554,25.400698],[78.627486,25.400709],[78.62717,25.400757],[78.626981,25.400786],[78.626633,25.400831],[78.626346,25.400961],[78.626084,25.40108],[78.625749,25.401232],[78.625728,25.401298],[78.625644,25.40156],[78.625317,25.402586],[78.625217,25.403053],[78.624825,25.404902],[78.62444,25.406575],[78.624318,25.407109],[78.624308,25.407371],[78.624305,25.407444],[78.624287,25.407932],[78.624283,25.40804],[78.624283,25.408043],[78.62393,25.409352],[78.62373,25.410515],[78.623719,25.410581],[78.623565,25.411473],[78.623547,25.411577],[78.623553,25.41168],[78.623585,25.412211],[78.623607,25.412593],[78.623611,25.412658],[78.623647,25.413274],[78.623638,25.41333],[78.623617,25.413468],[78.62234,25.414118],[78.621296,25.414759],[78.620301,25.415257],[78.620274,25.415271],[78.620123,25.415346],[78.619506,25.415548],[78.619378,25.41559],[78.618888,25.41555],[78.618762,25.41554],[78.618558,25.415484],[78.618038,25.41534],[78.617539,25.415201],[78.617227,25.41515],[78.616335,25.415003],[78.615621,25.414885],[78.615511,25.414867],[78.615034,25.414803],[78.61491,25.414786],[78.614721,25.414746],[78.614519,25.414704],[78.614135,25.414623],[78.613921,25.414578],[78.613548,25.414759],[78.613282,25.415011],[78.612957,25.415319],[78.612017,25.415711],[78.611911,25.415729],[78.611785,25.415749],[78.611684,25.415766],[78.611681,25.415767],[78.610909,25.415893],[78.610787,25.415913],[78.61045,25.415969],[78.610069,25.416031],[78.609667,25.416022],[78.608578,25.415566],[78.606332,25.41451],[78.605737,25.414193],[78.605477,25.414054],[78.605429,25.414029],[78.60493,25.413763],[78.604459,25.413512],[78.604487,25.413491],[78.60485,25.413215],[78.604884,25.41319],[78.605143,25.412993],[78.605731,25.412547],[78.60614,25.41218],[78.606333,25.412008],[78.606735,25.411648],[78.606695,25.411433],[78.606679,25.411346],[78.606671,25.411301],[78.606373,25.411346],[78.606372,25.411346],[78.606349,25.411353],[78.606223,25.411391],[78.605875,25.411436],[78.60572,25.41142],[78.605692,25.411418],[78.605652,25.411414],[78.605428,25.411391],[78.605254,25.411301],[78.60508,25.41121],[78.6049,25.411101],[78.604857,25.411075],[78.604781,25.411029],[78.604633,25.41094],[78.604335,25.410849],[78.603967,25.410849],[78.603957,25.410849],[78.603942,25.410849],[78.603937,25.410849],[78.603909,25.410828],[78.60389,25.410814],[78.603885,25.410811],[78.603689,25.410669],[78.603633,25.410605],[78.60349,25.410443],[78.603321,25.410243],[78.60324,25.410147],[78.603182,25.410079],[78.602993,25.409856],[78.602964,25.409836],[78.602949,25.409827],[78.602452,25.409495],[78.602375,25.409468],[78.602355,25.409461],[78.602129,25.409382],[78.601806,25.409269],[78.601309,25.409134],[78.60111,25.408998],[78.60106,25.408773],[78.60111,25.408547],[78.601259,25.408321],[78.601359,25.408118],[78.601458,25.407915],[78.601508,25.407622],[78.601531,25.407487],[78.601558,25.407328],[78.601555,25.407306],[78.601554,25.407293],[78.601548,25.407243],[78.601535,25.407133],[78.601508,25.4069],[78.601493,25.406766],[78.601458,25.406471],[78.601309,25.405839],[78.60131,25.405387],[78.601459,25.405026],[78.601717,25.404647],[78.601856,25.404395],[78.602005,25.404124],[78.602055,25.403808],[78.602055,25.403447],[78.602055,25.403357],[78.60203,25.403329],[78.601841,25.403123],[78.601807,25.403086],[78.601455,25.402766],[78.60136,25.402679],[78.601062,25.402318],[78.601001,25.402097],[78.600962,25.401957],[78.601062,25.401596],[78.601125,25.40151],[78.601261,25.401325],[78.601385,25.401145],[78.601807,25.400513],[78.601907,25.400152],[78.602031,25.399836],[78.602142,25.399555],[78.602155,25.39952],[78.602168,25.399474],[78.602255,25.399159],[78.602156,25.398843],[78.602056,25.398662],[78.601783,25.398459],[78.601745,25.398431],[78.601642,25.398355],[78.60151,25.398256],[78.601504,25.398253],[78.601162,25.398076],[78.600615,25.39785],[78.600367,25.397669],[78.599976,25.39738],[78.599961,25.397369],[78.599572,25.397082],[78.59904,25.396748],[78.599032,25.396743],[78.598926,25.396676],[78.598844,25.396564],[78.598798,25.396502],[78.598727,25.396405],[78.598686,25.396386],[78.598429,25.39627],[78.598452,25.396033],[78.598459,25.395963],[78.598431,25.395083],[78.598431,25.395075],[78.59842,25.394717],[78.598733,25.39404],[78.598783,25.393932],[78.599309,25.392791],[78.599414,25.392564],[78.599399,25.392555],[78.599096,25.392382],[78.59768,25.391571],[78.596219,25.3907],[78.595708,25.39042],[78.594939,25.389951],[78.594714,25.389815],[78.593781,25.38934],[78.593234,25.389061],[78.592906,25.388794],[78.59143,25.387769],[78.590551,25.387042],[78.590437,25.386839],[78.590437,25.386549],[78.590437,25.386433],[78.590205,25.386045],[78.590194,25.386027],[78.589051,25.386027],[78.588619,25.386138],[78.588355,25.386207],[78.587759,25.386342],[78.587014,25.386297],[78.586417,25.386297],[78.585722,25.386297],[78.585526,25.386385],[78.585225,25.386522],[78.584927,25.386793],[78.584443,25.387539],[78.584429,25.38756],[78.58438,25.387582],[78.58428,25.387628],[78.584131,25.387695],[78.58395,25.387695],[78.583639,25.387695],[78.583242,25.387469],[78.582994,25.387266],[78.582871,25.387166],[78.582745,25.387063],[78.582348,25.386679],[78.581951,25.386295],[78.581944,25.386288],[78.581701,25.386],[78.581454,25.385709],[78.581423,25.38572],[78.581216,25.385795],[78.581157,25.385817],[78.580922,25.385903],[78.58048,25.386588],[78.579644,25.387661],[78.579446,25.387915],[78.57943,25.387929],[78.578899,25.388411],[78.578655,25.388549],[78.578511,25.388631],[78.578006,25.388917],[78.577592,25.389151],[78.577461,25.389279],[78.577444,25.389295],[78.576905,25.389819],[78.576901,25.389823],[78.576633,25.390234],[78.576618,25.390257],[78.576116,25.390735],[78.57591,25.390842],[78.575892,25.390851],[78.575395,25.391109],[78.57371,25.391664],[78.572821,25.391979],[78.572593,25.392059],[78.572513,25.392088],[78.571926,25.392295],[78.571437,25.392443],[78.5708,25.392636],[78.570629,25.392687],[78.57045,25.392722],[78.569134,25.392976],[78.569044,25.392994],[78.568457,25.393101],[78.567593,25.393259],[78.566505,25.393534],[78.566456,25.393202],[78.566425,25.392993],[78.56634,25.39242],[78.566303,25.392168],[78.566253,25.391832],[78.566183,25.391359],[78.566158,25.391192],[78.566228,25.389825],[78.566243,25.389517],[78.566284,25.387933],[78.566165,25.387102],[78.565974,25.386537],[78.565773,25.385942],[78.565227,25.385261],[78.564323,25.384389],[78.563712,25.383739],[78.563543,25.383265],[78.563296,25.382042],[78.56277,25.379992],[78.56274,25.379564],[78.562652,25.378313],[78.562593,25.377851],[78.562592,25.377848],[78.562792,25.377456],[78.562891,25.377262],[78.563338,25.376991],[78.563884,25.376856],[78.563942,25.376861],[78.564431,25.376901],[78.564729,25.376969],[78.565027,25.377037],[78.565618,25.377127],[78.566314,25.377128],[78.567059,25.376993],[78.567254,25.377005],[78.567755,25.377038],[78.568549,25.377129],[78.568897,25.377219],[78.569245,25.377309],[78.569543,25.37749],[78.569735,25.377606],[78.569841,25.377671],[78.570189,25.377942],[78.570536,25.378213],[78.570785,25.378438],[78.571033,25.378664],[78.571629,25.37907],[78.572021,25.379341],[78.57222,25.379522],[78.572568,25.379748],[78.572965,25.379929],[78.573611,25.380335],[78.573983,25.380493],[78.574356,25.380651],[78.574728,25.380764],[78.575101,25.380877],[78.575598,25.3809],[78.576095,25.380923],[78.576284,25.380923],[78.576343,25.380923],[78.577088,25.381058],[78.577436,25.381149],[78.577784,25.381239],[78.577842,25.38114],[78.577954,25.380951],[78.578047,25.380792],[78.578564,25.380007],[78.579663,25.378861],[78.581144,25.377733],[78.582416,25.376775],[78.582501,25.376711],[78.583104,25.376258],[78.583128,25.376239],[78.583499,25.37596],[78.583906,25.375629],[78.584555,25.375103],[78.584652,25.375024],[78.584696,25.374988],[78.584756,25.37494],[78.585094,25.374665],[78.585701,25.374173],[78.585727,25.373931],[78.5858,25.373271],[78.585836,25.371889],[78.586228,25.371217],[78.586238,25.370698],[78.586283,25.369899],[78.586691,25.369312],[78.586925,25.368414],[78.587248,25.368031],[78.587685,25.367733],[78.588048,25.367106],[78.588475,25.366501],[78.588613,25.366251],[78.588634,25.366213],[78.588769,25.365968],[78.588772,25.365602],[78.588774,25.365458],[78.588757,25.365375],[78.588681,25.364994],[78.588579,25.364476],[78.58856,25.364384],[78.588431,25.363734],[78.588104,25.361419],[78.587889,25.359773],[78.587817,25.35922],[78.587628,25.357772],[78.587619,25.357243],[78.58777,25.356781],[78.587859,25.356506],[78.587882,25.356436],[78.587865,25.356332],[78.587793,25.355885],[78.587776,25.355866],[78.587355,25.355391],[78.587231,25.355251],[78.58676,25.35472],[78.586378,25.354224],[78.585831,25.353826],[78.585141,25.35374],[78.584749,25.353384],[78.584342,25.352309],[78.584342,25.351947],[78.584342,25.35165],[78.584393,25.351536],[78.584705,25.350833],[78.584702,25.349959],[78.584701,25.349509],[78.5847,25.349371],[78.584693,25.349356],[78.584427,25.348852],[78.58412,25.348342],[78.583873,25.347608],[78.583792,25.347367],[78.583317,25.346995],[78.583291,25.346974],[78.583144,25.346892],[78.582963,25.34679],[78.582492,25.346527],[78.582441,25.346498],[78.582148,25.346334],[78.581687,25.346075],[78.580661,25.345702],[78.580162,25.34552],[78.579066,25.344827],[78.577754,25.343997],[78.577557,25.343873],[78.577505,25.34384],[78.577148,25.343786],[78.577088,25.343777],[78.576936,25.343793],[78.576358,25.343858],[78.575032,25.344205],[78.574472,25.344191],[78.57446,25.344191],[78.573403,25.343514],[78.573163,25.343412],[78.57304,25.34336],[78.572268,25.34341],[78.571836,25.343438],[78.571664,25.34345],[78.570835,25.3433],[78.569991,25.342889],[78.569751,25.34272],[78.568681,25.341964],[78.568452,25.341801],[78.567407,25.340867],[78.567271,25.340746],[78.567265,25.34074],[78.567191,25.340745],[78.566822,25.340773],[78.566815,25.340774],[78.566669,25.340785],[78.566187,25.340992],[78.565819,25.34115],[78.565725,25.341174],[78.56426,25.341551],[78.563515,25.341777],[78.563265,25.341821],[78.563235,25.341826],[78.563187,25.341835],[78.56275,25.341727],[78.561881,25.341356],[78.561379,25.341216],[78.561126,25.34136],[78.560246,25.342335],[78.559732,25.342878],[78.559424,25.343203],[78.559345,25.343286],[78.55914,25.343503],[78.558886,25.343771],[78.558447,25.344234],[78.558,25.345078],[78.557599,25.346169],[78.557463,25.346537],[78.557447,25.346581],[78.557421,25.34662],[78.556613,25.347839],[78.556523,25.347975],[78.555897,25.348905],[78.55582,25.349019],[78.555779,25.34908],[78.555773,25.349089],[78.555046,25.350168],[78.554311,25.351039],[78.55419,25.351168],[78.553466,25.351946],[78.553322,25.352164],[78.553102,25.3525],[78.552814,25.352938],[78.552595,25.353827],[78.552355,25.354774],[78.552275,25.35509],[78.552222,25.355298],[78.552068,25.356037],[78.551998,25.356373],[78.551973,25.356422],[78.551839,25.356698],[78.550557,25.356507],[78.548501,25.356565],[78.547578,25.35681],[78.547005,25.356961],[78.546813,25.357021],[78.545828,25.357326],[78.545055,25.357646],[78.543954,25.358102],[78.542186,25.358597],[78.541961,25.35866],[78.541455,25.358803],[78.541373,25.358826],[78.541164,25.358884],[78.540938,25.358948],[78.540248,25.359142],[78.53757,25.359858],[78.536492,25.360201],[78.536055,25.360101],[78.535226,25.359442],[78.534218,25.358601],[78.533022,25.357499],[78.532732,25.357239],[78.532394,25.356934],[78.531999,25.356578],[78.530942,25.355282],[78.5305,25.354704],[78.530441,25.354096],[78.530421,25.353901],[78.530435,25.35356],[78.53046,25.35292],[78.530472,25.352616],[78.530477,25.352479],[78.530553,25.35202],[78.530568,25.351923],[78.530642,25.351477],[78.530905,25.351337],[78.531164,25.351202],[78.531403,25.351074],[78.531668,25.350932],[78.531685,25.350922],[78.532058,25.350769],[78.532431,25.35062],[78.532453,25.35062],[78.53258,25.350621],[78.533136,25.350395],[78.533693,25.35017],[78.534075,25.349845],[78.534131,25.349798],[78.534458,25.34952],[78.535025,25.348812],[78.535179,25.348677],[78.535656,25.348271],[78.536153,25.348082],[78.53665,25.347892],[78.537271,25.347703],[78.53744,25.347651],[78.53815,25.347433],[78.538404,25.347347],[78.538677,25.347216],[78.538955,25.34709],[78.539233,25.346964],[78.539512,25.346833],[78.539596,25.346781],[78.539835,25.34663],[78.540157,25.346432],[78.540485,25.346229],[78.540718,25.346083],[78.540809,25.346026],[78.540896,25.345925],[78.541147,25.345635],[78.541226,25.345543],[78.541218,25.345533],[78.540278,25.344284],[78.539464,25.343119],[78.53877,25.341656],[78.538677,25.341497],[78.538284,25.34083],[78.538266,25.340797],[78.537516,25.339427],[78.537489,25.339378],[78.537401,25.339218],[78.5373,25.338936],[78.537049,25.338234],[78.537059,25.337968],[78.53709,25.337155],[78.537985,25.335558],[78.53879,25.334452],[78.539184,25.333942],[78.53956,25.333456],[78.539571,25.333442],[78.539572,25.333438],[78.53968,25.333017],[78.539685,25.332942],[78.539706,25.332622],[78.53973,25.332259],[78.539741,25.331693],[78.539746,25.331415],[78.53987,25.331023],[78.540006,25.330871],[78.540223,25.33063],[78.540366,25.330336],[78.540477,25.330107],[78.540551,25.329768],[78.54053,25.329536],[78.540517,25.329389],[78.540395,25.329178],[78.54018,25.328807],[78.539912,25.328486],[78.539747,25.328289],[78.539723,25.32826],[78.539545,25.327949],[78.539644,25.327746],[78.539709,25.327692],[78.539951,25.327492],[78.540191,25.327295],[78.540557,25.327063],[78.540832,25.326889],[78.541084,25.326755],[78.541428,25.326573],[78.541875,25.326393],[78.54198,25.326345],[78.542173,25.326258],[78.542719,25.326168],[78.542872,25.326188],[78.543067,25.326213],[78.543415,25.326123],[78.5435,25.326097],[78.543713,25.326033],[78.543961,25.325762],[78.543911,25.325627],[78.543729,25.325527],[78.543663,25.325491],[78.543564,25.325311],[78.543564,25.32513],[78.543713,25.324679],[78.543723,25.324653],[78.543813,25.324408],[78.543847,25.324252],[78.543863,25.324182],[78.543962,25.324092],[78.544111,25.324047],[78.544459,25.323867],[78.544691,25.323762],[78.544851,25.323689],[78.544956,25.323641],[78.545502,25.323461],[78.54585,25.323371],[78.546049,25.3231],[78.546186,25.322883],[78.546219,25.322829],[78.546247,25.322784],[78.546269,25.32275],[78.546446,25.322469],[78.546528,25.322394],[78.546541,25.322382],[78.546695,25.322243],[78.546707,25.322229],[78.546775,25.322155],[78.546897,25.322022],[78.546938,25.321977],[78.547137,25.321977],[78.547401,25.322114],[78.547484,25.322158],[78.547782,25.322244],[78.548477,25.322244],[78.548775,25.322244],[78.549073,25.322289],[78.549232,25.322326],[78.549471,25.32238],[78.549818,25.322425],[78.549932,25.322404],[78.550066,25.32238],[78.550216,25.32229],[78.550414,25.321798],[78.550549,25.321658],[78.550652,25.321551],[78.550762,25.321437],[78.551217,25.321093],[78.551358,25.320986],[78.552402,25.32049],[78.552799,25.320265],[78.552801,25.320263],[78.552987,25.32006],[78.553047,25.319994],[78.553065,25.319693],[78.553065,25.319692],[78.553066,25.319669],[78.553066,25.319667],[78.553068,25.319642],[78.553043,25.319629],[78.553,25.319606],[78.552993,25.319602],[78.55203,25.319082],[78.55066,25.318454],[78.549955,25.318074],[78.549156,25.317437],[78.548158,25.316683],[78.547106,25.316182],[78.546048,25.315621],[78.5451,25.314858],[78.544443,25.314362],[78.544316,25.314266],[78.543582,25.313833],[78.541904,25.313015],[78.54163,25.312896],[78.540727,25.312504],[78.540088,25.312199],[78.539656,25.311994],[78.538925,25.311645],[78.538077,25.311031],[78.537541,25.310661],[78.537114,25.310656],[78.536195,25.310836],[78.53544,25.310826],[78.534708,25.310628],[78.534705,25.310627],[78.533996,25.310135],[78.533529,25.309489],[78.533252,25.308812],[78.53304,25.307259],[78.533041,25.307209],[78.53305,25.306922],[78.533091,25.305562],[78.533095,25.3054],[78.533093,25.304759],[78.533091,25.304402],[78.532948,25.304134],[78.532884,25.304014],[78.532824,25.303901],[78.532617,25.303517],[78.532611,25.303505],[78.532607,25.303497],[78.532603,25.303491],[78.532596,25.303477],[78.532581,25.30345],[78.532576,25.303441],[78.532546,25.303385],[78.532481,25.303264],[78.532219,25.302013],[78.53214,25.301635],[78.531776,25.300639],[78.531739,25.300538],[78.531571,25.300378],[78.53133,25.300148],[78.531193,25.300018],[78.530518,25.29972],[78.530507,25.299718],[78.529396,25.299512],[78.528363,25.299475],[78.528113,25.299467],[78.52771,25.299453],[78.526551,25.299415],[78.524615,25.299508],[78.523274,25.299575],[78.521243,25.299637],[78.520201,25.299456],[78.519168,25.299238],[78.518161,25.298836],[78.517059,25.298185],[78.517013,25.298155],[78.516032,25.297525],[78.515834,25.297379],[78.51535,25.29702],[78.515307,25.296988],[78.514871,25.296735],[78.51467,25.296687],[78.514633,25.296678],[78.514272,25.296592],[78.514206,25.296576],[78.514194,25.296576],[78.513818,25.296576],[78.51356,25.296837],[78.512597,25.296453],[78.511773,25.296236],[78.510498,25.295788],[78.510235,25.295685],[78.510098,25.295631],[78.509897,25.295553],[78.509719,25.295836],[78.509698,25.295869],[78.509355,25.296184],[78.508858,25.296455],[78.508524,25.296796],[78.508461,25.296861],[78.508015,25.297486],[78.507914,25.297628],[78.507685,25.29825],[78.507665,25.298304],[78.507367,25.29871],[78.507068,25.299112],[78.506572,25.299518],[78.506216,25.299702],[78.505876,25.299878],[78.505454,25.2999],[78.505347,25.299906],[78.505032,25.299923],[78.504585,25.299922],[78.504152,25.300029],[78.504039,25.300057],[78.503746,25.30026],[78.503448,25.300463],[78.502752,25.300869],[78.502751,25.301997],[78.502899,25.30281],[78.503246,25.303532],[78.503546,25.304007],[78.503588,25.304074],[78.503476,25.304293],[78.503413,25.304418],[78.50339,25.304462],[78.50325,25.304738],[78.50317,25.304895],[78.502811,25.306529],[78.502666,25.307332],[78.502476,25.308266],[78.502422,25.308532],[78.502168,25.309381],[78.501899,25.309895],[78.50165,25.310459],[78.501559,25.310666],[78.501401,25.311023],[78.500904,25.312196],[78.500829,25.312557],[78.500754,25.312918],[78.500604,25.313776],[78.500802,25.314408],[78.501,25.314588],[78.501447,25.31495],[78.501695,25.315537],[78.502041,25.316395],[78.502338,25.317568],[78.502983,25.318697],[78.503031,25.319465],[78.503031,25.320067],[78.503031,25.320458],[78.503179,25.320909],[78.502633,25.320864],[78.5023,25.320899],[78.50167,25.320718],[78.500851,25.320325],[78.500002,25.319956],[78.5,25.319956],[78.499692,25.319885],[78.499192,25.319769],[78.499071,25.319741],[78.499013,25.319754],[78.498641,25.319836],[78.49853,25.319968],[78.498404,25.320039],[78.498289,25.320071],[78.498245,25.320057],[78.498008,25.319957],[78.497927,25.319922],[78.497514,25.319674],[78.497171,25.319426],[78.497057,25.319047],[78.496887,25.317978],[78.496613,25.316854],[78.495812,25.31523],[78.495359,25.3144],[78.494777,25.313078],[78.494215,25.312654],[78.49349,25.312063],[78.492724,25.311545],[78.492175,25.311038],[78.4918,25.310692],[78.49091,25.309646],[78.490165,25.308948],[78.490125,25.308911],[78.489318,25.308061],[78.489299,25.308042],[78.488977,25.307702],[78.488132,25.306723],[78.487381,25.305564],[78.487361,25.305532],[78.486845,25.304734],[78.486832,25.304714],[78.486461,25.304138],[78.48572,25.303123],[78.485402,25.302586],[78.485312,25.302442],[78.484795,25.301553],[78.484343,25.300899],[78.483022,25.300909],[78.482267,25.300765],[78.480832,25.300414],[78.48043,25.300306],[78.479744,25.299955],[78.478711,25.299138],[78.478035,25.29852],[78.477548,25.297744],[78.477215,25.297253],[78.476932,25.296632],[78.476931,25.29663],[78.477045,25.296288],[78.477045,25.296287],[78.477098,25.296228],[78.477401,25.295885],[78.477746,25.295496],[78.47775,25.295492],[78.477774,25.29536],[78.477774,25.295357],[78.477749,25.295318],[78.47768,25.295212],[78.477364,25.294934],[78.477362,25.294933],[78.477922,25.294034],[78.477941,25.293204],[78.477976,25.292712],[78.478,25.29245],[78.478123,25.292132],[78.478124,25.292129],[78.477473,25.291376],[78.477383,25.290678],[78.477383,25.290676],[78.477398,25.290342],[78.477555,25.289488],[78.477556,25.289485],[78.477337,25.289133],[78.475479,25.287685],[78.474575,25.287067],[78.474238,25.286809],[78.474199,25.286779],[78.47387,25.286526],[78.473467,25.286116],[78.473058,25.285635],[78.472945,25.285502],[78.472868,25.28551],[78.472866,25.28551],[78.472735,25.285524],[78.472731,25.285524],[78.472684,25.285529],[78.472669,25.285588],[78.472668,25.285593],[78.472606,25.285852],[78.472469,25.28636],[78.472363,25.286712],[78.472257,25.287064],[78.472155,25.287349],[78.472114,25.287464],[78.472112,25.287469],[78.472053,25.287633],[78.471992,25.287839],[78.47193,25.288044],[78.471766,25.288396],[78.471722,25.288863],[78.471722,25.288865],[78.471717,25.28892],[78.471643,25.289227],[78.471568,25.289534],[78.471455,25.28999],[78.471182,25.290342],[78.47112,25.290375],[78.471099,25.290386],[78.470985,25.290448],[78.470983,25.290449],[78.470904,25.290491],[78.470616,25.29055],[78.470612,25.29055],[78.470253,25.290543],[78.469981,25.290537],[78.469789,25.29051],[78.469788,25.29051],[78.469623,25.290487],[78.469266,25.290438],[78.468995,25.290404],[78.468724,25.290371],[78.468405,25.290334],[78.468337,25.290326],[78.468018,25.290406],[78.467996,25.290412],[78.467925,25.29043],[78.467086,25.29076],[78.467013,25.290809],[78.466446,25.291189],[78.466272,25.291306],[78.465995,25.291546],[78.465992,25.29155],[78.465434,25.292295],[78.465433,25.292297],[78.465032,25.292783],[78.464735,25.293135],[78.464734,25.293137],[78.464407,25.293623],[78.464095,25.294034],[78.464092,25.294038],[78.463842,25.29435],[78.463559,25.29449],[78.462934,25.294879],[78.462348,25.29534],[78.46206,25.295547],[78.46142,25.295832],[78.460923,25.296011],[78.460318,25.29623],[78.460168,25.296274],[78.460028,25.296315],[78.459455,25.296483],[78.458978,25.296628],[78.458891,25.296672],[78.458828,25.296704],[78.45873,25.296754],[78.45857,25.296954],[78.458556,25.296971],[78.458467,25.297459],[78.458319,25.297973],[78.458105,25.298334],[78.458102,25.298339],[78.457818,25.2987],[78.457676,25.298824],[78.457227,25.299215],[78.456473,25.299811],[78.456066,25.300046],[78.455733,25.300331],[78.455484,25.300627],[78.455322,25.300819],[78.454969,25.301103],[78.454938,25.30112],[78.454929,25.301124],[78.454706,25.301243],[78.454408,25.301275],[78.454227,25.301275],[78.453793,25.301266],[78.453227,25.30119],[78.453192,25.301185],[78.452972,25.301137],[78.452968,25.301136],[78.452318,25.30114],[78.452278,25.301141],[78.451526,25.301082],[78.45054,25.301006],[78.449671,25.300957],[78.449473,25.300889],[78.449289,25.300745],[78.448474,25.29982],[78.447997,25.29922],[78.447861,25.299125],[78.447734,25.299035],[78.447451,25.299053],[78.447317,25.299053],[78.447084,25.299157],[78.447064,25.299166],[78.446941,25.299207],[78.446642,25.299306],[78.446528,25.299337],[78.446339,25.299388],[78.445768,25.29942],[78.445455,25.299411],[78.445187,25.299307],[78.444958,25.299122],[78.44464,25.298775],[78.444417,25.298581],[78.444124,25.298364],[78.443707,25.297994],[78.443453,25.29766],[78.443235,25.2972],[78.442946,25.29679],[78.442653,25.296523],[78.442455,25.296411],[78.442152,25.296307],[78.44168,25.296145],[78.441059,25.295915],[78.440633,25.295708],[78.440622,25.295703],[78.440339,25.295468],[78.44024,25.295261],[78.44016,25.294891],[78.44011,25.294227],[78.440072,25.293959],[78.44001,25.293528],[78.439963,25.293172],[78.439821,25.292101],[78.439617,25.290987],[78.439565,25.290723],[78.439564,25.290718],[78.439555,25.290692],[78.439494,25.290513],[78.439458,25.290408],[78.439446,25.290374],[78.439443,25.290364],[78.439125,25.28994],[78.438995,25.289719],[78.438961,25.28948],[78.438961,25.289479],[78.43897,25.288918],[78.43897,25.288915],[78.43893,25.288658],[78.438929,25.288657],[78.438603,25.288478],[78.438374,25.288297],[78.438061,25.287914],[78.437866,25.287552],[78.437833,25.287489],[78.437654,25.287043],[78.437172,25.28651],[78.436576,25.285996],[78.43588,25.285486],[78.435488,25.285188],[78.435448,25.285134],[78.43517,25.284719],[78.435051,25.284417],[78.435031,25.284168],[78.435031,25.284164],[78.435122,25.284],[78.435142,25.283963],[78.435147,25.283955],[78.435169,25.283918],[78.43517,25.283916],[78.435368,25.283717],[78.436058,25.283216],[78.436487,25.282928],[78.43649,25.282927],[78.436492,25.282922],[78.436589,25.282696],[78.436593,25.282565],[78.436608,25.282101],[78.436657,25.281341],[78.436707,25.280543],[78.43684,25.279469],[78.436959,25.278878],[78.437138,25.278481],[78.43743,25.277853],[78.437569,25.277406],[78.437574,25.276824],[78.437643,25.276066],[78.438064,25.275009],[78.438286,25.274588],[78.438287,25.274585],[78.438446,25.274472],[78.438868,25.274318],[78.439181,25.274124],[78.439455,25.273821],[78.439459,25.273817],[78.439658,25.273479],[78.439771,25.273289],[78.440085,25.2729],[78.440089,25.272896],[78.44055,25.272562],[78.441165,25.272228],[78.441597,25.271916],[78.442034,25.27164],[78.442465,25.271378],[78.442831,25.27101],[78.442833,25.271008],[78.443135,25.270611],[78.443254,25.270277],[78.443413,25.270051],[78.443487,25.26987],[78.443596,25.26932],[78.443616,25.268859],[78.44371,25.268575],[78.443918,25.268345],[78.444244,25.268048],[78.444246,25.268047],[78.444325,25.26793],[78.444325,25.267929],[78.44431,25.267753],[78.44423,25.267527],[78.444216,25.267373],[78.444215,25.267369],[78.444253,25.267292],[78.444255,25.267288],[78.444285,25.267275],[78.444359,25.267288],[78.444493,25.267396],[78.444573,25.267455],[78.444692,25.267469],[78.444805,25.26742],[78.444806,25.267419],[78.444876,25.267297],[78.444955,25.267071],[78.445057,25.266894],[78.445059,25.266891],[78.445178,25.266823],[78.445332,25.266823],[78.445689,25.266629],[78.446175,25.266186],[78.44687,25.265459],[78.447297,25.265066],[78.447559,25.26489],[78.447798,25.264709],[78.447963,25.264546],[78.447966,25.264542],[78.447981,25.264363],[78.447981,25.264362],[78.447951,25.264045],[78.447951,25.264041],[78.448006,25.263743],[78.448093,25.263579],[78.448095,25.263576],[78.448214,25.26349],[78.448318,25.263468],[78.448452,25.263504],[78.448571,25.263608],[78.44874,25.26368],[78.448899,25.263693],[78.449068,25.263671],[78.449179,25.263539],[78.449248,25.263458],[78.449251,25.263454],[78.44932,25.26331],[78.449321,25.263309],[78.449335,25.263294],[78.449425,25.263201],[78.449514,25.263142],[78.449618,25.263083],[78.449709,25.263014],[78.449713,25.263011],[78.449727,25.262903],[78.449727,25.262736],[78.449767,25.262619],[78.449767,25.262618],[78.449831,25.262546],[78.44999,25.262451],[78.450174,25.26232],[78.450303,25.262253],[78.450488,25.26211],[78.450491,25.262108],[78.450854,25.262108],[78.451291,25.262266],[78.452651,25.262861],[78.453555,25.26319],[78.453659,25.263213],[78.454289,25.263356],[78.455853,25.263459],[78.456401,25.263475],[78.456761,25.263486],[78.457228,25.263639],[78.457695,25.263982],[78.458465,25.264591],[78.45915,25.265006],[78.460292,25.265456],[78.461096,25.265695],[78.461846,25.265952],[78.461849,25.265952],[78.462531,25.266037],[78.463782,25.266235],[78.464531,25.266406],[78.464953,25.266591],[78.465346,25.266889],[78.465942,25.267443],[78.466533,25.267994],[78.467472,25.269031],[78.469389,25.270759],[78.470815,25.27208],[78.472156,25.27319],[78.472886,25.273735],[78.473557,25.274119],[78.474088,25.274362],[78.474793,25.274574],[78.475995,25.274943],[78.47742,25.275452],[78.479262,25.276119],[78.480638,25.276632],[78.481402,25.276884],[78.481998,25.277015],[78.482644,25.277118],[78.483175,25.27719],[78.483642,25.277361],[78.484113,25.277659],[78.484645,25.278182],[78.484647,25.278185],[78.485003,25.278696],[78.485426,25.279563],[78.485428,25.279565],[78.485674,25.279885],[78.485818,25.280072],[78.486116,25.28037],[78.486554,25.280726],[78.486976,25.280997],[78.487648,25.281169],[78.487696,25.281181],[78.488436,25.281312],[78.488952,25.28141],[78.48928,25.281496],[78.489513,25.281667],[78.489767,25.28201],[78.490038,25.282551],[78.490065,25.282606],[78.490314,25.282863],[78.490612,25.283034],[78.490858,25.283122],[78.491391,25.283313],[78.492891,25.284025],[78.493581,25.284477],[78.494754,25.285247],[78.496036,25.286067],[78.496511,25.28638],[78.497099,25.286766],[78.497749,25.28713],[78.498202,25.2872],[78.498485,25.287243],[78.498602,25.287261],[78.49863,25.287266],[78.499025,25.287327],[78.499355,25.287379],[78.499542,25.287472],[78.5,25.2877],[78.500001,25.287701],[78.500997,25.288207],[78.501097,25.288257],[78.502833,25.289133],[78.503434,25.289527],[78.503535,25.289548],[78.503925,25.289631],[78.504078,25.289558],[78.504185,25.289507],[78.504345,25.28943],[78.504407,25.289401],[78.504463,25.289278],[78.504563,25.289059],[78.504624,25.288926],[78.504641,25.288889],[78.504934,25.288248],[78.505108,25.287867],[78.505541,25.287019],[78.50569,25.286748],[78.505939,25.286477],[78.506095,25.286288],[78.506476,25.285828],[78.506508,25.285788],[78.506525,25.285768],[78.506958,25.285237],[78.507529,25.284538],[78.507742,25.284152],[78.507769,25.284102],[78.507828,25.283996],[78.507878,25.283771],[78.507828,25.283545],[78.507735,25.283332],[78.507729,25.283319],[78.507709,25.283246],[78.507704,25.283228],[78.50763,25.282958],[78.50773,25.282507],[78.507929,25.282101],[78.508078,25.281514],[78.508384,25.28107],[78.50844,25.28099],[78.508451,25.280973],[78.508575,25.280792],[78.508591,25.280656],[78.508594,25.280626],[78.508626,25.280341],[78.508725,25.280115],[78.509142,25.279821],[78.509172,25.2798],[78.509272,25.279755],[78.50959,25.27961],[78.509669,25.279575],[78.509704,25.279474],[78.509763,25.279304],[78.509813,25.279078],[78.509813,25.279033],[78.509813,25.278818],[78.509813,25.278807],[78.509863,25.278446],[78.509913,25.278176],[78.510063,25.277769],[78.510262,25.277363],[78.510305,25.277285],[78.510476,25.276975],[78.51051,25.276912],[78.51056,25.276777],[78.510985,25.276875],[78.511252,25.276937],[78.511384,25.276967],[78.511758,25.277108],[78.511955,25.277182],[78.51257,25.277414],[78.512704,25.277465],[78.513424,25.277429],[78.514858,25.277453],[78.516649,25.277892],[78.51665,25.277892],[78.519191,25.278887],[78.519955,25.279256],[78.520977,25.27975],[78.523776,25.280849],[78.526198,25.282155],[78.529661,25.283777],[78.530426,25.284308],[78.530532,25.284382],[78.530892,25.284632],[78.530893,25.284632],[78.530914,25.284647],[78.530919,25.284651],[78.53092,25.284651],[78.530914,25.284473],[78.530905,25.284181],[78.530905,25.284177],[78.530902,25.284081],[78.530864,25.284007],[78.530759,25.283805],[78.530744,25.283521],[78.530958,25.283286],[78.531032,25.28321],[78.531415,25.282957],[78.531544,25.282871],[78.531723,25.282578],[78.531787,25.282479],[78.531797,25.282181],[78.531802,25.282077],[78.531763,25.281802],[78.531803,25.281621],[78.531932,25.281531],[78.532061,25.281531],[78.532304,25.281595],[78.532458,25.281581],[78.532482,25.281579],[78.532607,25.281568],[78.532875,25.281374],[78.532995,25.281166],[78.533331,25.280886],[78.533352,25.280868],[78.533662,25.28067],[78.533725,25.280629],[78.533707,25.280516],[78.53368,25.280345],[78.533572,25.280207],[78.533507,25.280124],[78.533162,25.279902],[78.532847,25.279699],[78.532477,25.279442],[78.532212,25.279256],[78.532114,25.279109],[78.531899,25.278787],[78.531795,25.278633],[78.531651,25.278335],[78.531508,25.278033],[78.531349,25.27793],[78.531195,25.277829],[78.530878,25.27741],[78.530838,25.277107],[78.530968,25.276796],[78.531133,25.276588],[78.531355,25.276309],[78.531484,25.276146],[78.531609,25.275957],[78.531651,25.275695],[78.531693,25.275483],[78.531768,25.275338],[78.531847,25.275194],[78.531997,25.274901],[78.532086,25.274671],[78.532171,25.274445],[78.532275,25.274233],[78.532598,25.273601],[78.532812,25.273055],[78.532887,25.27287],[78.533061,25.272053],[78.533086,25.271955],[78.533138,25.271752],[78.533175,25.271607],[78.533251,25.270708],[78.533276,25.269806],[78.533303,25.269539],[78.533326,25.269318],[78.533456,25.268673],[78.533615,25.268371],[78.533972,25.26815],[78.534315,25.268073],[78.534618,25.268131],[78.534623,25.268132],[78.534628,25.268135],[78.535235,25.268475],[78.535253,25.268484],[78.535997,25.26876],[78.536811,25.268937],[78.537307,25.268887],[78.53765,25.268725],[78.538504,25.268319],[78.538733,25.268211],[78.538838,25.268113],[78.539991,25.267038],[78.540054,25.26698],[78.540203,25.266894],[78.540651,25.266636],[78.540799,25.266551],[78.540853,25.26652],[78.540891,25.266422],[78.541036,25.266048],[78.541169,25.265708],[78.541181,25.265676],[78.541326,25.265709],[78.542045,25.265875],[78.542591,25.265865],[78.54279,25.265862],[78.543589,25.265565],[78.543832,25.265474],[78.544516,25.265111],[78.544752,25.264986],[78.545038,25.264834],[78.545267,25.264712],[78.545534,25.264955],[78.546215,25.265575],[78.546436,25.265704],[78.546874,25.26596],[78.547004,25.266036],[78.547713,25.266185],[78.547952,25.266362],[78.548217,25.266559],[78.548439,25.266723],[78.549115,25.267225],[78.549347,25.267397],[78.549758,25.267702],[78.549832,25.267757],[78.550001,25.26769],[78.55033,25.26756],[78.550358,25.267549],[78.550442,25.267516],[78.550808,25.267372],[78.552255,25.266802],[78.553228,25.266418],[78.55362,25.266247],[78.553837,25.266214],[78.554514,25.266112],[78.555209,25.265977],[78.555344,25.265901],[78.555854,25.265616],[78.5565,25.26521],[78.556651,25.26509],[78.556897,25.264894],[78.557116,25.264902],[78.557364,25.264912],[78.557492,25.264917],[78.557691,25.26494],[78.557876,25.264839],[78.558188,25.264669],[78.55856,25.264443],[78.558932,25.264218],[78.559004,25.264163],[78.559225,25.263992],[78.55933,25.263913],[78.559523,25.263767],[78.559705,25.263602],[78.559722,25.263586],[78.55992,25.263541],[78.560119,25.263541],[78.560466,25.263632],[78.560814,25.263858],[78.561211,25.263948],[78.561915,25.263839],[78.562077,25.263813],[78.562079,25.263813],[78.562411,25.263764],[78.562756,25.263714],[78.562998,25.263678],[78.563445,25.263453],[78.563842,25.26319],[78.563991,25.263092],[78.564109,25.262807],[78.564129,25.262757],[78.56414,25.262731],[78.564232,25.262647],[78.564488,25.262415],[78.564768,25.262258],[78.564803,25.262238],[78.565133,25.262054],[78.565282,25.261828],[78.565344,25.261771],[78.565525,25.261603],[78.56608,25.261282],[78.566344,25.261129],[78.566618,25.260971],[78.566712,25.260911],[78.566851,25.260821],[78.566885,25.260799],[78.566954,25.260755],[78.566964,25.260748],[78.566992,25.26073],[78.567039,25.2607],[78.567064,25.260684],[78.567085,25.26067],[78.567116,25.26065],[78.567168,25.260617],[78.568024,25.260064],[78.568175,25.259967],[78.568465,25.25978],[78.568477,25.259779],[78.568604,25.259766],[78.568804,25.259746],[78.568809,25.259746],[78.568956,25.259731],[78.569042,25.259761],[78.56986,25.260047],[78.570327,25.260211],[78.570415,25.260242],[78.572043,25.259574],[78.571818,25.259391],[78.570495,25.258314],[78.57043,25.258001],[78.570416,25.257935],[78.570767,25.25764],[78.57127,25.257218],[78.572094,25.256686],[78.57412,25.255379],[78.574725,25.254989],[78.574908,25.254983],[78.574982,25.25498],[78.576403,25.254931],[78.577157,25.254783],[78.577664,25.254868],[78.577902,25.254819],[78.578071,25.254408],[78.578098,25.254353],[78.57826,25.254025],[78.578066,25.253523],[78.57795,25.253352],[78.577912,25.253298],[78.577471,25.252724],[78.576275,25.251388],[78.57514,25.250013],[78.575136,25.250001],[78.574892,25.249387],[78.57422,25.248028],[78.574217,25.248023],[78.573563,25.246692],[78.573541,25.246652],[78.573409,25.246409],[78.573101,25.245843],[78.572303,25.244795],[78.571822,25.244123],[78.570636,25.243179],[78.56945,25.242307],[78.569334,25.242202],[78.568493,25.24144],[78.568076,25.240844],[78.567888,25.240244],[78.567795,25.239742],[78.567794,25.239735],[78.567706,25.23926],[78.567626,25.238822],[78.567534,25.237593],[78.567512,25.237306],[78.567512,25.237305],[78.567532,25.23638],[78.567836,25.235338],[78.568288,25.233889],[78.568288,25.233887],[78.568402,25.233325],[78.568422,25.232896],[78.568269,25.232246],[78.568061,25.231519],[78.567826,25.23089],[78.567799,25.230819],[78.567798,25.230815],[78.567441,25.229944],[78.567233,25.229479],[78.566896,25.229036],[78.566107,25.228309],[78.565145,25.227487],[78.564073,25.226593],[78.563473,25.226097],[78.563057,25.225672],[78.56206,25.224394],[78.56084,25.222959],[78.560121,25.221997],[78.559145,25.220277],[78.558411,25.218886],[78.557415,25.216688],[78.556458,25.214769],[78.556416,25.214689],[78.556047,25.213988],[78.555985,25.213812],[78.555819,25.213338],[78.555651,25.212552],[78.555557,25.211848],[78.55554,25.21148],[78.555537,25.211419],[78.555561,25.211364],[78.555564,25.211355],[78.555686,25.211067],[78.555946,25.210724],[78.555933,25.210617],[78.555932,25.210615],[78.555755,25.209214],[78.555112,25.20816],[78.553392,25.20657],[78.552182,25.205613],[78.550774,25.204024],[78.550015,25.202723],[78.549367,25.200908],[78.548539,25.199364],[78.546551,25.196899],[78.544102,25.194361],[78.543066,25.193178],[78.541649,25.191561],[78.540489,25.189606],[78.537888,25.185032],[78.53763,25.184527],[78.537269,25.184039],[78.535529,25.182544],[78.53476,25.181934],[78.533952,25.181333],[78.533422,25.181017],[78.532524,25.181192],[78.529805,25.18152],[78.526184,25.181816],[78.524031,25.181963],[78.522484,25.181867],[78.521943,25.182291],[78.52159,25.182954],[78.520944,25.183645],[78.520235,25.184104],[78.519257,25.185047],[78.518879,25.185471],[78.51817,25.186075],[78.517351,25.186156],[78.517157,25.1863],[78.517147,25.186308],[78.515109,25.185839],[78.513899,25.18554],[78.514208,25.184565],[78.514059,25.184281],[78.513623,25.183897],[78.512597,25.183137],[78.51172,25.182324],[78.511021,25.18148],[78.510223,25.180901],[78.508904,25.180368],[78.507833,25.179627],[78.507164,25.179166],[78.505341,25.177504],[78.505018,25.17721],[78.504448,25.17678],[78.50367,25.176216],[78.503065,25.175773],[78.502431,25.175028],[78.501554,25.173916],[78.499671,25.172236],[78.498855,25.171375],[78.498912,25.171089],[78.498962,25.171077],[78.498994,25.171047],[78.499012,25.171011],[78.499039,25.170948],[78.499082,25.170821],[78.499097,25.170706],[78.499156,25.170424],[78.499191,25.170268],[78.499232,25.17016],[78.499256,25.170117],[78.499275,25.170077],[78.499329,25.16996],[78.499428,25.169779],[78.49931,25.169671],[78.499502,25.169473],[78.499685,25.169281],[78.499875,25.169076],[78.499926,25.169022],[78.50007,25.168894],[78.500378,25.168458],[78.500784,25.167882],[78.501078,25.1676],[78.503394,25.165374],[78.504522,25.164286],[78.503062,25.1632],[78.50033,25.158477],[78.499515,25.157611],[78.498657,25.156698],[78.496645,25.153684],[78.494261,25.152649],[78.493663,25.153029],[78.493543,25.153029],[78.492967,25.152573],[78.492392,25.152118],[78.491424,25.151388],[78.49064,25.150657],[78.48998,25.149967],[78.48928,25.149205],[78.488213,25.147933],[78.486738,25.146106],[78.486127,25.14514],[78.485263,25.143931],[78.485217,25.14389],[78.48436,25.143115],[78.483398,25.142556],[78.482242,25.142038],[78.480595,25.141344],[78.479285,25.140812],[78.476979,25.139866],[78.475709,25.139334],[78.474221,25.138672],[78.472822,25.138054],[78.471785,25.137509],[78.470694,25.136832],[78.468635,25.135407],[78.46801,25.134956],[78.467295,25.134407],[78.467266,25.134384],[78.46671,25.133748],[78.465484,25.132706],[78.464696,25.132083],[78.4635,25.131276],[78.461546,25.130153],[78.460598,25.129621],[78.45918,25.128719],[78.457037,25.127452],[78.456204,25.126925],[78.454334,25.125838],[78.452687,25.124927],[78.451432,25.124156],[78.44927,25.122974],[78.448562,25.122628],[78.448148,25.122425],[78.44682,25.121775],[78.447555,25.123621],[78.447711,25.124157],[78.447903,25.124817],[78.448196,25.125913],[78.448213,25.126059],[78.44831,25.12687],[78.448302,25.1269],[78.448197,25.127258],[78.447958,25.12808],[78.447949,25.128112],[78.447901,25.128141],[78.447711,25.128255],[78.447597,25.128324],[78.447274,25.128518],[78.447243,25.128536],[78.447221,25.128544],[78.445991,25.128995],[78.445937,25.129015],[78.445491,25.129195],[78.44502,25.129386],[78.443676,25.130014],[78.443424,25.130114],[78.442685,25.130407],[78.442684,25.130408],[78.442031,25.130935],[78.441947,25.131053],[78.441184,25.132132],[78.440629,25.133035],[78.439509,25.134277],[78.439085,25.134649],[78.438685,25.135001],[78.437814,25.135767],[78.437159,25.13641],[78.436485,25.137071],[78.436059,25.137489],[78.43595,25.137596],[78.434836,25.138485],[78.434706,25.138589],[78.432679,25.140549],[78.432678,25.14055],[78.431747,25.141637],[78.42975,25.143701],[78.428902,25.144617],[78.427371,25.145886],[78.42692,25.146482],[78.426746,25.146857],[78.426816,25.147588],[78.426831,25.14771],[78.426843,25.147812],[78.427018,25.149275],[78.42702,25.149294],[78.427169,25.150648],[78.427259,25.151911],[78.427329,25.152887],[78.4273,25.153988],[78.427337,25.154059],[78.427359,25.154101],[78.427362,25.154101],[78.427381,25.154104],[78.428872,25.154281],[78.428905,25.154285],[78.428907,25.154285],[78.429953,25.154565],[78.431063,25.155029],[78.431064,25.155029],[78.432056,25.155169],[78.433911,25.154929],[78.435413,25.154798],[78.436683,25.154842],[78.437541,25.154738],[78.438885,25.154417],[78.440035,25.153924],[78.44066,25.153572],[78.442455,25.153517],[78.443288,25.153557],[78.444091,25.15353],[78.445227,25.153218],[78.445983,25.153009],[78.446045,25.152992],[78.446122,25.152956],[78.446441,25.152807],[78.446937,25.152684],[78.447018,25.152678],[78.447448,25.152644],[78.447851,25.152711],[78.447855,25.152711],[78.448306,25.153049],[78.448795,25.153976],[78.448833,25.154049],[78.448937,25.154245],[78.448952,25.154275],[78.449195,25.154742],[78.449721,25.155757],[78.451081,25.157981],[78.451489,25.158857],[78.451774,25.159705],[78.451775,25.15971],[78.451866,25.159981],[78.452323,25.160323],[78.453752,25.160946],[78.45457,25.161424],[78.455533,25.161816],[78.456743,25.162253],[78.457591,25.162771],[78.458058,25.163326],[78.458261,25.163723],[78.458336,25.16422],[78.458247,25.164608],[78.458222,25.164627],[78.458029,25.164775],[78.457638,25.165073],[78.456646,25.165629],[78.455769,25.166293],[78.454906,25.167043],[78.454093,25.167883],[78.453675,25.168194],[78.453364,25.168425],[78.45314,25.168505],[78.452553,25.168716],[78.452546,25.168719],[78.451555,25.168927],[78.450999,25.168977],[78.450022,25.168928],[78.450019,25.168927],[78.44906,25.168689],[78.448241,25.168396],[78.447715,25.168256],[78.446842,25.168284],[78.446084,25.16823],[78.446083,25.168229],[78.445483,25.167725],[78.444694,25.167025],[78.444272,25.166493],[78.44385,25.16601],[78.443369,25.165478],[78.443366,25.165478],[78.442333,25.165663],[78.441048,25.165917],[78.440729,25.165948],[78.440627,25.165958],[78.440522,25.165959],[78.44042,25.16596],[78.440374,25.165961],[78.439258,25.165976],[78.437591,25.166018],[78.436803,25.166058],[78.435637,25.16624],[78.434715,25.166303],[78.433723,25.16648],[78.432686,25.166802],[78.432617,25.166823],[78.431844,25.167135],[78.431616,25.167202],[78.431287,25.167299],[78.431236,25.167314],[78.430078,25.167655],[78.428987,25.167971],[78.428417,25.168152],[78.427648,25.168378],[78.427635,25.168381],[78.427604,25.168388],[78.427186,25.168485],[78.426745,25.168587],[78.426691,25.168599],[78.42601,25.168781],[78.425984,25.168788],[78.425982,25.168789],[78.425162,25.168892],[78.425159,25.168893],[78.424831,25.168934],[78.423837,25.169198],[78.423403,25.169313],[78.424366,25.171489],[78.424743,25.172084],[78.424712,25.172093],[78.424709,25.172093],[78.42459,25.172125],[78.424341,25.172179],[78.424173,25.172215],[78.424069,25.172238],[78.42366,25.172329],[78.42321,25.172428],[78.423171,25.172437],[78.423099,25.172461],[78.422437,25.172681],[78.422099,25.172823],[78.422061,25.172839],[78.42206,25.172839],[78.421287,25.173263],[78.420047,25.173914],[78.419318,25.174411],[78.418604,25.174998],[78.418156,25.175421],[78.417959,25.175607],[78.417706,25.175805],[78.417568,25.175914],[78.416839,25.176194],[78.416358,25.176443],[78.416458,25.177846],[78.416476,25.17811],[78.416517,25.178681],[78.416537,25.179641],[78.416547,25.180166],[78.416593,25.182139],[78.416626,25.182815],[78.416653,25.183362],[78.41665,25.183386],[78.416638,25.183529],[78.415982,25.183652],[78.415938,25.18366],[78.415561,25.183719],[78.415528,25.183724],[78.41524,25.183769],[78.415205,25.183775],[78.414579,25.183873],[78.412992,25.183968],[78.412042,25.184018],[78.410823,25.184082],[78.410801,25.184083],[78.410571,25.184095],[78.409183,25.18419],[78.407521,25.184434],[78.406598,25.184755],[78.405651,25.185152],[78.404808,25.185527],[78.403742,25.185879],[78.40265,25.186091],[78.401743,25.186371],[78.401103,25.186385],[78.400269,25.186259],[78.399585,25.185993],[78.399277,25.185903],[78.399276,25.185903],[78.398975,25.185966],[78.398931,25.185993],[78.398637,25.186178],[78.39838,25.186332],[78.398216,25.186431],[78.397744,25.186616],[78.397385,25.186655],[78.397248,25.18667],[78.397102,25.186717],[78.397081,25.186723],[78.396723,25.186837],[78.396476,25.186982],[78.396078,25.187216],[78.395917,25.187401],[78.395903,25.187418],[78.39576,25.187582],[78.395453,25.187943],[78.39535,25.188107],[78.395329,25.18814],[78.3952,25.188345],[78.395106,25.188733],[78.394967,25.188945],[78.394889,25.189016],[78.394883,25.189022],[78.394828,25.189072],[78.394838,25.189207],[78.394813,25.189501],[78.394908,25.189767],[78.394953,25.189937],[78.394961,25.189966],[78.395007,25.190137],[78.395007,25.190231],[78.395007,25.19025],[78.395007,25.190263],[78.395013,25.19028],[78.395022,25.190302],[78.395086,25.190462],[78.395106,25.190512],[78.39526,25.190814],[78.394902,25.191218],[78.394897,25.191223],[78.394868,25.191256],[78.394876,25.191445],[78.394878,25.191476],[78.394888,25.191708],[78.394878,25.191922],[78.394868,25.192137],[78.394794,25.192295],[78.394661,25.192367],[78.394652,25.192372],[78.394595,25.192403],[78.394571,25.19246],[78.394567,25.192469],[78.394565,25.192474],[78.394551,25.192506],[78.394541,25.192529],[78.394541,25.19254],[78.394541,25.192555],[78.394541,25.192687],[78.394576,25.192863],[78.394576,25.193044],[78.394402,25.193202],[78.394375,25.193217],[78.394367,25.193222],[78.394243,25.193292],[78.394129,25.193504],[78.394175,25.193549],[78.394178,25.193553],[78.394362,25.193734],[78.394519,25.193913],[78.394675,25.194091],[78.394675,25.194484],[78.394634,25.194637],[78.39463,25.194651],[78.394581,25.194831],[78.394636,25.194906],[78.39464,25.194912],[78.394973,25.195366],[78.394978,25.195373],[78.394974,25.195401],[78.394968,25.195452],[78.394947,25.195612],[78.394914,25.195878],[78.394923,25.196294],[78.394814,25.196804],[78.394734,25.197093],[78.394703,25.197204],[78.394699,25.197219],[78.394661,25.197354],[78.394423,25.197779],[78.394151,25.197965],[78.39411,25.197994],[78.394049,25.198036],[78.394048,25.198037],[78.393996,25.198072],[78.393684,25.198072],[78.393577,25.198072],[78.393568,25.198072],[78.393371,25.198072],[78.393161,25.19812],[78.393152,25.198122],[78.392942,25.198169],[78.392788,25.198204],[78.392513,25.198266],[78.392347,25.198365],[78.391976,25.198585],[78.391957,25.198596],[78.391942,25.198605],[78.391906,25.198637],[78.391857,25.198679],[78.391758,25.198767],[78.391625,25.198883],[78.391556,25.198943],[78.391393,25.199259],[78.391322,25.199395],[78.391321,25.199402],[78.39132,25.199404],[78.391189,25.200015],[78.391189,25.200018],[78.391189,25.200144],[78.391189,25.200243],[78.391189,25.200749],[78.391242,25.200872],[78.39126,25.200912],[78.391271,25.200938],[78.391314,25.201035],[78.391382,25.201191],[78.391655,25.201471],[78.391683,25.2015],[78.391695,25.201512],[78.391698,25.201513],[78.391706,25.201517],[78.392166,25.201742],[78.392258,25.201808],[78.392265,25.201812],[78.392513,25.20199],[78.392885,25.202347],[78.393203,25.202816],[78.393334,25.202973],[78.393357,25.203001],[78.393392,25.203003],[78.393425,25.203005],[78.393569,25.203015],[78.394047,25.203046],[78.394459,25.203073],[78.394556,25.20308],[78.394589,25.203082],[78.394728,25.203091],[78.394731,25.203091],[78.394739,25.203093],[78.394901,25.20313],[78.395128,25.203181],[78.395168,25.203191],[78.39552,25.203276],[78.396011,25.203502],[78.396497,25.203727],[78.396506,25.203736],[78.396795,25.20403],[78.397093,25.204328],[78.397356,25.204576],[78.397357,25.204577],[78.39772,25.204892],[78.397817,25.204977],[78.397842,25.204998],[78.397876,25.205028],[78.398223,25.205327],[78.398289,25.205384],[78.398363,25.20565],[78.398319,25.206115],[78.398274,25.20658],[78.398284,25.207054],[78.398289,25.20753],[78.398289,25.207532],[78.398582,25.208123],[78.399013,25.20838],[78.399014,25.20838],[78.399302,25.208624],[78.400051,25.208439],[78.40018,25.20899],[78.400209,25.208999],[78.400293,25.209024],[78.400562,25.209107],[78.400693,25.209144],[78.401013,25.209233],[78.401157,25.209274],[78.401615,25.209389],[78.401897,25.209461],[78.401906,25.209463],[78.402005,25.209488],[78.402261,25.209552],[78.402334,25.20957],[78.402608,25.209639],[78.402932,25.20972],[78.402988,25.209734],[78.403717,25.209914],[78.404065,25.21],[78.404105,25.210014],[78.404725,25.210225],[78.405331,25.210434],[78.40538,25.210451],[78.406312,25.210717],[78.406318,25.210719],[78.407176,25.21097],[78.408034,25.211227],[78.408863,25.211579],[78.409697,25.211931],[78.410069,25.212183],[78.410429,25.212428],[78.410441,25.212436],[78.410952,25.212666],[78.410923,25.212697],[78.410614,25.213025],[78.410612,25.213026],[78.41059,25.21305],[78.410292,25.213091],[78.410273,25.213093],[78.409196,25.213242],[78.408789,25.213371],[78.408375,25.213549],[78.40796,25.213727],[78.4074,25.213953],[78.407137,25.214125],[78.407123,25.214135],[78.406993,25.21422],[78.406452,25.214567],[78.406026,25.214816],[78.405371,25.214897],[78.405117,25.214887],[78.405111,25.214887],[78.404899,25.214879],[78.404789,25.214955],[78.404706,25.215012],[78.404513,25.215145],[78.404475,25.215201],[78.40447,25.215208],[78.404395,25.215318],[78.404389,25.215326],[78.404366,25.21536],[78.404358,25.215372],[78.404271,25.2155],[78.40422,25.215574],[78.404179,25.21561],[78.40411,25.215669],[78.404099,25.215679],[78.404043,25.215727],[78.404038,25.215732],[78.404029,25.215739],[78.404024,25.215743],[78.403838,25.215904],[78.403602,25.216037],[78.403544,25.21607],[78.403519,25.216084],[78.403367,25.21617],[78.403317,25.216225],[78.403309,25.216234],[78.403163,25.216396],[78.40296,25.216622],[78.402848,25.21696],[78.402737,25.217299],[78.402655,25.217409],[78.402597,25.217488],[78.402536,25.21757],[78.402523,25.217588],[78.402504,25.217597],[78.402503,25.217597],[78.402497,25.217597],[78.402487,25.217598],[78.402438,25.217601],[78.402403,25.217604],[78.40232,25.21761],[78.401851,25.217516],[78.401849,25.217516],[78.401846,25.217515],[78.401213,25.217482],[78.400896,25.217466],[78.400486,25.217445],[78.40036,25.217439],[78.399849,25.217529],[78.399615,25.217592],[78.399293,25.217678],[78.398678,25.218008],[78.397964,25.218216],[78.397963,25.218214],[78.397423,25.217552],[78.39707,25.217137],[78.396984,25.217084],[78.396768,25.216952],[78.396723,25.216912],[78.39672,25.216912],[78.396611,25.21694],[78.396038,25.217088],[78.395319,25.21739],[78.394401,25.217828],[78.393642,25.218189],[78.393191,25.218368],[78.391538,25.21902],[78.390839,25.2193],[78.390184,25.219499],[78.389064,25.219916],[78.388973,25.21995],[78.387266,25.220636],[78.385759,25.221171],[78.384989,25.221445],[78.382538,25.222275],[78.382057,25.222591],[78.381946,25.222692],[78.38166,25.222952],[78.381124,25.223498],[78.380409,25.224315],[78.379948,25.224755],[78.379561,25.225123],[78.378569,25.226148],[78.377313,25.22743],[78.37714,25.227841],[78.37711,25.228612],[78.377254,25.230039],[78.377532,25.231659],[78.37778,25.233496],[78.378028,25.23476],[78.378282,25.236395],[78.37842,25.237288],[78.378451,25.23771],[78.378524,25.238687],[78.377994,25.2387],[78.377968,25.2387],[78.377803,25.238726],[78.377194,25.238822],[78.376991,25.238858],[78.376787,25.23889],[78.376142,25.239116],[78.376141,25.239116],[78.376083,25.239129],[78.375541,25.239251],[78.375504,25.23926],[78.375502,25.23926],[78.375467,25.239259],[78.375129,25.239247],[78.37512,25.239246],[78.374882,25.239238],[78.37442,25.239093],[78.374276,25.238809],[78.374132,25.238524],[78.374028,25.238326],[78.373925,25.238125],[78.373924,25.238123],[78.373487,25.237608],[78.372961,25.237193],[78.372943,25.237189],[78.37251,25.237094],[78.372058,25.236994],[78.372056,25.236994],[78.372018,25.236998],[78.371994,25.237001],[78.371269,25.237075],[78.37114,25.237107],[78.371077,25.237123],[78.370956,25.237152],[78.370947,25.237155],[78.370933,25.23716],[78.370799,25.237207],[78.370222,25.237409],[78.369795,25.237585],[78.369229,25.237743],[78.368778,25.237716],[78.368531,25.237514],[78.36847,25.237464],[78.36847,25.237463],[78.368415,25.237411],[78.368036,25.237052],[78.368021,25.237037],[78.368009,25.237026],[78.367965,25.236995],[78.367909,25.236955],[78.367873,25.236929],[78.36778,25.236863],[78.367682,25.23683],[78.367388,25.236854],[78.367011,25.23712],[78.366599,25.237522],[78.366192,25.237924],[78.365909,25.238127],[78.365873,25.238152],[78.365525,25.238394],[78.365488,25.23842],[78.365487,25.23842],[78.365472,25.238427],[78.365036,25.238617],[78.365011,25.238628],[78.364674,25.238759],[78.364287,25.238912],[78.364172,25.238979],[78.364162,25.238984],[78.363815,25.239359],[78.363591,25.239728],[78.363507,25.239865],[78.36318,25.240099],[78.362852,25.240334],[78.362311,25.240627],[78.361875,25.240839],[78.361873,25.24084],[78.361715,25.240903],[78.361616,25.240943],[78.361521,25.240984],[78.36137,25.241049],[78.361363,25.241051],[78.361041,25.241318],[78.361035,25.241324],[78.360694,25.241671],[78.360673,25.241692],[78.36044,25.24185],[78.360177,25.24194],[78.360078,25.242008],[78.3598,25.242193],[78.360763,25.243593],[78.361363,25.244549],[78.362003,25.245452],[78.36224,25.245766],[78.362762,25.246454],[78.363518,25.247523],[78.36371,25.247795],[78.364365,25.248671],[78.36471,25.249055],[78.365561,25.250001],[78.365789,25.250595],[78.366055,25.251113],[78.366062,25.251128],[78.366286,25.251566],[78.366618,25.252211],[78.366951,25.252717],[78.367313,25.253195],[78.36842,25.254689],[78.369263,25.255623],[78.370708,25.257375],[78.372003,25.25895],[78.372484,25.259659],[78.3725,25.259785],[78.372514,25.259907],[78.37251,25.259909],[78.37237,25.259975],[78.372142,25.260142],[78.371953,25.260331],[78.371745,25.260476],[78.371606,25.260543],[78.371328,25.260606],[78.370777,25.260624],[78.370335,25.260656],[78.370087,25.260688],[78.369834,25.260796],[78.369576,25.260958],[78.369352,25.261094],[78.368985,25.261225],[78.368767,25.261383],[78.368766,25.261384],[78.368737,25.261477],[78.368697,25.261685],[78.368652,25.26192],[78.368543,25.262182],[78.368464,25.262344],[78.368439,25.262498],[78.368439,25.2625],[78.368464,25.262687],[78.368528,25.262953],[78.368563,25.263152],[78.368563,25.263155],[78.368543,25.263328],[78.368494,25.263549],[78.368374,25.26373],[78.368371,25.263733],[78.36824,25.263865],[78.367972,25.264028],[78.367466,25.264298],[78.367104,25.264456],[78.366786,25.264601],[78.366783,25.264605],[78.366677,25.26475],[78.366672,25.264903],[78.366672,25.264904],[78.366721,25.265003],[78.366831,25.265165],[78.36692,25.265296],[78.36698,25.265463],[78.36698,25.265467],[78.36698,25.265621],[78.366965,25.265765],[78.36689,25.265959],[78.366746,25.266131],[78.366622,25.26633],[78.366618,25.266334],[78.366468,25.266492],[78.366374,25.266727],[78.36624,25.266907],[78.366237,25.266909],[78.366066,25.267061],[78.365877,25.267142],[78.36556,25.267322],[78.365138,25.267494],[78.36488,25.267665],[78.364878,25.267669],[78.364701,25.267927],[78.364636,25.268153],[78.364635,25.268156],[78.364547,25.268397],[78.364398,25.268649],[78.364224,25.268889],[78.364046,25.269092],[78.364045,25.269092],[78.363693,25.269385],[78.363691,25.269388],[78.363425,25.269742],[78.363102,25.270238],[78.363098,25.270242],[78.362889,25.270464],[78.362681,25.270581],[78.362522,25.270662],[78.362358,25.270775],[78.362357,25.270777],[78.362234,25.271068],[78.361876,25.271542],[78.361875,25.271543],[78.361439,25.271818],[78.361256,25.271903],[78.361092,25.271953],[78.360958,25.272016],[78.360956,25.27202],[78.360869,25.272179],[78.36071,25.272522],[78.360546,25.272725],[78.360545,25.272725],[78.360402,25.272806],[78.360258,25.272824],[78.35998,25.272914],[78.359856,25.27295],[78.359667,25.272977],[78.359374,25.272968],[78.35863,25.273],[78.357736,25.273049],[78.357091,25.27314],[78.356704,25.273334],[78.356336,25.273564],[78.356332,25.273568],[78.355959,25.273988],[78.355958,25.273989],[78.355457,25.274421],[78.355115,25.274624],[78.354931,25.274728],[78.354753,25.274778],[78.354564,25.274796],[78.354375,25.274868],[78.354371,25.274873],[78.354246,25.275008],[78.354043,25.275292],[78.353899,25.275473],[78.353897,25.275474],[78.353789,25.275545],[78.35365,25.275568],[78.353606,25.275577],[78.353571,25.275572],[78.353536,25.275554],[78.353496,25.27554],[78.353452,25.275504],[78.353407,25.275432],[78.353353,25.275373],[78.353263,25.275324],[78.35305,25.275292],[78.352831,25.275292],[78.352529,25.275306],[78.35232,25.275346],[78.352121,25.275441],[78.351943,25.275603],[78.351941,25.275606],[78.351759,25.275852],[78.35158,25.27614],[78.351352,25.276483],[78.351349,25.276486],[78.351188,25.276632],[78.350994,25.276727],[78.350691,25.276862],[78.350384,25.277002],[78.35023,25.27716],[78.350229,25.277161],[78.350111,25.277327],[78.350051,25.277625],[78.349932,25.278519],[78.349842,25.279169],[78.349843,25.279171],[78.349843,25.279174],[78.349877,25.279367],[78.35011,25.279909],[78.350646,25.281196],[78.351415,25.282857],[78.352358,25.284834],[78.353355,25.286901],[78.353797,25.288111],[78.353872,25.288192],[78.353961,25.288513],[78.35417,25.28918],[78.354184,25.289226],[78.354195,25.289258],[78.354353,25.289731],[78.354556,25.290156],[78.3548,25.290458],[78.354874,25.290729],[78.354874,25.290733],[78.354874,25.290986],[78.354725,25.291307],[78.354501,25.291848],[78.354502,25.291851],[78.354586,25.292254],[78.354585,25.292254],[78.35458,25.292253],[78.354387,25.292218],[78.354223,25.292299],[78.354064,25.292385],[78.353811,25.292417],[78.353126,25.292466],[78.35255,25.292466],[78.352228,25.292417],[78.3519,25.292299],[78.351652,25.292155],[78.351344,25.291956],[78.351091,25.291793],[78.350857,25.291645],[78.350659,25.291613],[78.350311,25.291518],[78.349884,25.291563],[78.349576,25.29168],[78.349323,25.291807],[78.349,25.292154],[78.348623,25.292398],[78.348335,25.292479],[78.348027,25.292497],[78.347759,25.292465],[78.347635,25.292429],[78.347397,25.292298],[78.347238,25.292186],[78.347129,25.292073],[78.347074,25.291924],[78.34702,25.291775],[78.34693,25.291725],[78.346717,25.291711],[78.346588,25.291793],[78.346584,25.291797],[78.346424,25.291987],[78.346422,25.291989],[78.346101,25.292316],[78.345887,25.292479],[78.345689,25.292628],[78.34558,25.292659],[78.345401,25.292677],[78.345401,25.292664],[78.345401,25.292659],[78.345202,25.292627],[78.345093,25.29256],[78.344929,25.292496],[78.344805,25.292496],[78.344517,25.292496],[78.344284,25.292447],[78.344031,25.292316],[78.343941,25.292216],[78.343708,25.292004],[78.343564,25.291955],[78.34338,25.291941],[78.343296,25.291887],[78.342968,25.291941],[78.342884,25.292],[78.342571,25.291941],[78.342338,25.291954],[78.342005,25.292099],[78.341826,25.292261],[78.341702,25.292347],[78.341484,25.292424],[78.341141,25.292491],[78.340779,25.292509],[78.340531,25.292491],[78.340332,25.292441],[78.340168,25.292392],[78.339989,25.292392],[78.339845,25.292328],[78.339751,25.292301],[78.339483,25.292211],[78.33923,25.292116],[78.338982,25.291981],[78.338619,25.291886],[78.338277,25.291899],[78.338043,25.291935],[78.33779,25.292066],[78.337378,25.292147],[78.33707,25.292161],[78.336837,25.292179],[78.336603,25.29226],[78.33635,25.292328],[78.336008,25.292508],[78.335556,25.292688],[78.335178,25.292914],[78.33496,25.293045],[78.334836,25.293081],[78.334712,25.293081],[78.334647,25.293049],[78.334548,25.2929],[78.334404,25.292638],[78.33426,25.292521],[78.334116,25.292422],[78.333972,25.292408],[78.333883,25.29244],[78.333773,25.292521],[78.333772,25.292523],[78.333664,25.292715],[78.333465,25.293081],[78.333197,25.293405],[78.332835,25.293897],[78.332378,25.294448],[78.332376,25.294449],[78.331906,25.294822],[78.331474,25.29507],[78.331186,25.295251],[78.331184,25.295254],[78.331062,25.295463],[78.331007,25.295594],[78.331003,25.295599],[78.330888,25.295725],[78.330887,25.295725],[78.330411,25.29605],[78.330212,25.296185],[78.33021,25.296189],[78.330088,25.296347],[78.330086,25.296349],[78.329909,25.296492],[78.329711,25.296541],[78.329423,25.29651],[78.329135,25.296491],[78.328882,25.296491],[78.328663,25.296527],[78.328415,25.296609],[78.328196,25.296789],[78.327834,25.297051],[78.327422,25.297245],[78.32697,25.297344],[78.326503,25.297425],[78.325952,25.297452],[78.325366,25.297361],[78.325033,25.297361],[78.324636,25.297375],[78.324368,25.297424],[78.323847,25.297573],[78.323519,25.297753],[78.323266,25.297848],[78.322779,25.297916],[78.322387,25.298096],[78.322158,25.298236],[78.321811,25.298421],[78.32116,25.298719],[78.320872,25.298813],[78.320654,25.298813],[78.320207,25.298781],[78.319899,25.298799],[78.3197,25.298831],[78.319432,25.298962],[78.319179,25.299174],[78.318945,25.299404],[78.318944,25.299405],[78.318786,25.299629],[78.318657,25.299864],[78.318583,25.300175],[78.318513,25.300388],[78.318509,25.30039],[78.318349,25.3005],[78.318131,25.300532],[78.317897,25.300532],[78.317644,25.300617],[78.317207,25.300951],[78.316864,25.301312],[78.316685,25.301687],[78.316596,25.301836],[78.316594,25.301837],[78.316412,25.301917],[78.316124,25.301917],[78.316,25.301867],[78.315856,25.301718],[78.315767,25.301506],[78.315623,25.301406],[78.315494,25.301361],[78.315102,25.301375],[78.314828,25.301505],[78.314416,25.301623],[78.313959,25.30183],[78.313751,25.301934],[78.312976,25.302385],[78.312484,25.302768],[78.312176,25.303003],[78.311898,25.303152],[78.311734,25.303301],[78.311734,25.303302],[78.31166,25.303535],[78.311451,25.304045],[78.311237,25.304623],[78.311167,25.305006],[78.311168,25.305008],[78.31117,25.305011],[78.311262,25.305192],[78.311425,25.305341],[78.3122,25.305675],[78.313217,25.306181],[78.313763,25.306551],[78.314374,25.307084],[78.314746,25.307527],[78.314885,25.307757],[78.314999,25.308276],[78.315098,25.308601],[78.315316,25.30903],[78.31553,25.309364],[78.315788,25.30963],[78.316244,25.309919],[78.316974,25.310339],[78.317788,25.310886],[78.318478,25.311243],[78.319034,25.311685],[78.320216,25.312674],[78.320632,25.313184],[78.320866,25.313667],[78.32095,25.313938],[78.321034,25.314214],[78.321138,25.314385],[78.321238,25.314557],[78.321466,25.31476],[78.321689,25.314963],[78.321952,25.315238],[78.322211,25.315509],[78.322399,25.315753],[78.322588,25.316001],[78.322662,25.316164],[78.322737,25.316327],[78.322836,25.316385],[78.32294,25.316444],[78.323064,25.316462],[78.323183,25.31648],[78.323457,25.316376],[78.32373,25.316273],[78.324008,25.316146],[78.324291,25.31602],[78.32444,25.315971],[78.324589,25.315916],[78.324743,25.315935],[78.324892,25.315953],[78.324919,25.315972],[78.324921,25.315973],[78.324985,25.316018],[78.324994,25.316025],[78.325001,25.316029],[78.325115,25.316106],[78.325319,25.316309],[78.325527,25.316513],[78.325984,25.31705],[78.326798,25.318066],[78.327031,25.318242],[78.327195,25.318278],[78.327498,25.318382],[78.328501,25.31914],[78.32935,25.319601],[78.329454,25.319615],[78.329551,25.319557],[78.329553,25.319556],[78.329658,25.319393],[78.329822,25.319141],[78.329971,25.31897],[78.329976,25.318965],[78.330279,25.318956],[78.330547,25.319001],[78.330864,25.319209],[78.331833,25.319904],[78.332403,25.320207],[78.332557,25.320392],[78.332761,25.320852],[78.332979,25.321304],[78.333322,25.321845],[78.333699,25.322604],[78.334384,25.322974],[78.334945,25.323195],[78.336221,25.323115],[78.337061,25.323268],[78.337776,25.32358],[78.338704,25.324063],[78.339374,25.324551],[78.340482,25.325408],[78.341192,25.326153],[78.342155,25.326813],[78.342919,25.327088],[78.342922,25.327092],[78.343401,25.327982],[78.343793,25.328456],[78.34379,25.328457],[78.343787,25.328459],[78.343769,25.328467],[78.343761,25.328471],[78.34354,25.328578],[78.342422,25.329327],[78.342169,25.329437],[78.341916,25.329548],[78.341176,25.329809],[78.340704,25.329899],[78.340192,25.329967],[78.339842,25.330021],[78.339492,25.330075],[78.338675,25.33011],[78.338672,25.33011],[78.338648,25.330111],[78.337545,25.330246],[78.337544,25.330251],[78.337456,25.330675],[78.33744,25.332295],[78.337413,25.334337],[78.337411,25.334445],[78.3374,25.335315],[78.3373,25.336394],[78.33647,25.337576],[78.335337,25.339377],[78.334378,25.340748],[78.333613,25.341989],[78.332529,25.343582],[78.33162,25.345139],[78.330954,25.346019],[78.330432,25.346944],[78.330179,25.347441],[78.330079,25.347766],[78.329975,25.348014],[78.329885,25.348908],[78.329835,25.349219],[78.329831,25.349222],[78.32917,25.349729],[78.329167,25.349732],[78.328628,25.350568],[78.328614,25.350605],[78.328046,25.352053],[78.328052,25.352311],[78.328058,25.352543],[78.3276,25.352603],[78.327596,25.352603],[78.327594,25.352604],[78.327182,25.352847],[78.3266,25.352933],[78.326431,25.352991],[78.32587,25.353185],[78.325843,25.353201],[78.325828,25.35321],[78.325552,25.353375],[78.325371,25.353433],[78.325361,25.353437],[78.325343,25.353442],[78.325313,25.353452],[78.325311,25.353453],[78.32514,25.35351],[78.325015,25.35351],[78.325013,25.35351],[78.324969,25.35351],[78.324948,25.35351],[78.32494,25.35351],[78.324842,25.35351],[78.324747,25.353489],[78.324739,25.353487],[78.324698,25.353478],[78.324151,25.353374],[78.323955,25.353367],[78.323287,25.353351],[78.322537,25.353775],[78.322354,25.353846],[78.322319,25.35386],[78.322268,25.353879],[78.321747,25.3541],[78.321181,25.354424],[78.321061,25.354493],[78.320718,25.354641],[78.320192,25.354713],[78.319914,25.354849],[78.319556,25.354979],[78.319342,25.354979],[78.319094,25.354957],[78.31909,25.354962],[78.318741,25.355467],[78.318577,25.356247],[78.318573,25.356251],[78.318348,25.356455],[78.317662,25.356721],[78.316758,25.35724],[78.316053,25.357551],[78.315606,25.357366],[78.314806,25.357284],[78.313673,25.357432],[78.312297,25.357653],[78.311164,25.357987],[78.309579,25.358654],[78.307796,25.359321],[78.307135,25.359564],[78.306549,25.359424],[78.306545,25.359429],[78.306295,25.359749],[78.306295,25.35975],[78.305416,25.360317],[78.304984,25.360502],[78.304512,25.360371],[78.303454,25.359978],[78.30246,25.359838],[78.301934,25.359797],[78.301542,25.359801],[78.301055,25.359805],[78.300995,25.359835],[78.300801,25.359932],[78.300799,25.359936],[78.300712,25.360078],[78.300533,25.360374],[78.300534,25.360377],[78.300663,25.360769],[78.300681,25.360825],[78.300711,25.360914],[78.300841,25.361303],[78.30085,25.361331],[78.300913,25.361685],[78.300974,25.362026],[78.301266,25.362726],[78.301569,25.363326],[78.301635,25.36343],[78.30209,25.364175],[78.302218,25.364437],[78.302343,25.364694],[78.302512,25.365443],[78.302765,25.366093],[78.302953,25.366951],[78.303221,25.367764],[78.303573,25.368445],[78.303867,25.368928],[78.304109,25.369326],[78.304387,25.3698],[78.304645,25.370274],[78.304672,25.370393],[78.304809,25.371001],[78.304849,25.371327],[78.304867,25.371478],[78.304872,25.371515],[78.304883,25.371596],[78.304996,25.372892],[78.304996,25.373479],[78.304996,25.373759],[78.305279,25.37426],[78.305755,25.374865],[78.306113,25.375181],[78.306111,25.375183],[78.305263,25.376277],[78.305263,25.376281],[78.305312,25.376751],[78.305436,25.377076],[78.305932,25.377979],[78.306657,25.37886],[78.307112,25.379588],[78.307227,25.379773],[78.307382,25.38002],[78.307844,25.380991],[78.307905,25.381118],[78.307943,25.381198],[78.307967,25.381176],[78.308271,25.3809],[78.308606,25.380724],[78.309125,25.380449],[78.309543,25.380228],[78.31004,25.380008],[78.310244,25.379814],[78.310438,25.379778],[78.310616,25.379836],[78.310741,25.379927],[78.310959,25.379963],[78.311054,25.379933],[78.311146,25.379905],[78.311148,25.379904],[78.311402,25.379453],[78.311517,25.379309],[78.311521,25.379304],[78.31167,25.379214],[78.311784,25.379164],[78.312013,25.3792],[78.312142,25.379246],[78.312271,25.379282],[78.31242,25.379282],[78.312689,25.379201],[78.312942,25.379088],[78.313081,25.378926],[78.31327,25.378881],[78.313489,25.378903],[78.313717,25.379007],[78.314249,25.379192],[78.314474,25.379223],[78.314924,25.379283],[78.31556,25.379225],[78.315578,25.379216],[78.315703,25.379157],[78.315704,25.379157],[78.315779,25.379053],[78.315844,25.378913],[78.315908,25.378787],[78.315989,25.378675],[78.315993,25.37867],[78.316187,25.37867],[78.3164,25.378719],[78.316683,25.37867],[78.316847,25.37867],[78.316851,25.378675],[78.317418,25.3796],[78.318004,25.380467],[78.318625,25.38137],[78.318918,25.381961],[78.319757,25.383546],[78.320355,25.384523],[78.320363,25.384536],[78.320635,25.384981],[78.32138,25.386029],[78.322373,25.387406],[78.322617,25.387609],[78.322855,25.387807],[78.323903,25.388304],[78.324142,25.38845],[78.324253,25.388517],[78.324475,25.388652],[78.324648,25.388769],[78.3252,25.38914],[78.325796,25.389673],[78.326014,25.389822],[78.326471,25.389822],[78.327401,25.389682],[78.328106,25.389669],[78.328767,25.389773],[78.329264,25.389913],[78.329761,25.390053],[78.330585,25.390328],[78.330848,25.390468],[78.331375,25.390748],[78.331472,25.390826],[78.331545,25.390884],[78.331748,25.391046],[78.331789,25.391081],[78.332637,25.391805],[78.333298,25.392658],[78.333501,25.392997],[78.333514,25.393],[78.334291,25.393169],[78.334545,25.393331],[78.335011,25.393688],[78.335507,25.394087],[78.335824,25.394344],[78.336296,25.394724],[78.336462,25.394857],[78.337467,25.395612],[78.337833,25.395887],[78.338499,25.396731],[78.338981,25.397485],[78.33982,25.39855],[78.34053,25.399521],[78.340534,25.399526],[78.340913,25.400126],[78.341052,25.400437],[78.341131,25.400771],[78.341156,25.401141],[78.341156,25.401144],[78.341131,25.401615],[78.341002,25.402355],[78.340912,25.402829],[78.340673,25.403429],[78.340012,25.404675],[78.339082,25.406169],[78.338829,25.40671],[78.338829,25.406715],[78.338839,25.406977],[78.338928,25.407198],[78.339236,25.40787],[78.339703,25.408891],[78.339817,25.409644],[78.339867,25.409883],[78.340176,25.41134],[78.340224,25.411585],[78.340442,25.412592],[78.340511,25.414158],[78.340804,25.415025],[78.341008,25.415706],[78.341072,25.416171],[78.341122,25.416365],[78.341123,25.416367],[78.341214,25.416469],[78.341226,25.416483],[78.341619,25.416749],[78.342001,25.41702],[78.342454,25.41735],[78.342652,25.417494],[78.342816,25.417679],[78.342817,25.417684],[78.34293,25.418248],[78.343084,25.41915],[78.343084,25.419155],[78.343094,25.420017],[78.343044,25.420274],[78.342905,25.420595],[78.342685,25.420889],[78.342418,25.421245],[78.342416,25.421246],[78.342232,25.421498],[78.34205,25.421745],[78.341954,25.422002],[78.341886,25.422183],[78.341836,25.422589],[78.341833,25.422644],[78.341811,25.423131],[78.341602,25.423605],[78.341314,25.423998],[78.341312,25.423999],[78.340896,25.424521],[78.340678,25.424732],[78.340339,25.425058],[78.339827,25.425536],[78.339824,25.425541],[78.339727,25.425688],[78.339569,25.425929],[78.339394,25.42638],[78.339342,25.426809],[78.3393,25.427148],[78.339158,25.428775],[78.339155,25.428804],[78.339066,25.429252],[78.338992,25.42962],[78.338992,25.429621],[78.338991,25.429624],[78.338991,25.429625],[78.338946,25.429851],[78.33894,25.429931],[78.338892,25.430543],[78.338886,25.430614],[78.338886,25.430617],[78.338901,25.43102],[78.339015,25.430997],[78.339706,25.430664],[78.340315,25.430642],[78.340343,25.430641],[78.34071,25.430628],[78.340769,25.430638],[78.341232,25.430723],[78.341794,25.430976],[78.341915,25.431041],[78.342321,25.43126],[78.342793,25.431621],[78.343205,25.431976],[78.343732,25.432429],[78.344661,25.43326],[78.34573,25.434258],[78.346341,25.434745],[78.346778,25.435057],[78.346918,25.435212],[78.346977,25.435278],[78.347017,25.43549],[78.347131,25.43586],[78.347345,25.436632],[78.347459,25.437535],[78.347538,25.437896],[78.347777,25.438275],[78.348313,25.439006],[78.348616,25.439444],[78.349019,25.439783],[78.349348,25.440119],[78.349531,25.440306],[78.349769,25.440597],[78.349804,25.44064],[78.349914,25.440961],[78.349913,25.440965],[78.349899,25.441236],[78.349774,25.441426],[78.349773,25.441426],[78.34954,25.441623],[78.349307,25.441818],[78.349068,25.44208],[78.349068,25.442082],[78.349057,25.442147],[78.349012,25.442412],[78.349012,25.442417],[78.349012,25.442427],[78.349015,25.442605],[78.349018,25.442807],[78.349024,25.442812],[78.349123,25.442909],[78.349334,25.443115],[78.349342,25.443123],[78.349346,25.443127],[78.349948,25.444166],[78.350266,25.44454],[78.350728,25.44496],[78.35106,25.445562],[78.35122,25.445849],[78.351821,25.446982],[78.351926,25.447215],[78.352189,25.447799],[78.352625,25.448698],[78.352835,25.449131],[78.352863,25.449175],[78.353332,25.449898],[78.353694,25.450574],[78.353872,25.450905],[78.354059,25.451255],[78.354062,25.451261],[78.354264,25.451615],[78.354366,25.451794],[78.354545,25.451979],[78.354607,25.452014],[78.354922,25.452191],[78.356155,25.452385],[78.357309,25.452422],[78.358134,25.452323],[78.358148,25.45232],[78.359009,25.452174],[78.359536,25.45198],[78.360197,25.451465],[78.361037,25.45063],[78.361759,25.449692],[78.361763,25.449687],[78.361798,25.449461],[78.361848,25.448292],[78.361849,25.448222],[78.361883,25.446708],[78.362002,25.446311],[78.362184,25.445985],[78.362186,25.445981],[78.362425,25.445742],[78.362827,25.445467],[78.365303,25.442908],[78.366392,25.441631],[78.36678,25.44113],[78.369076,25.438589],[78.369459,25.438327],[78.370826,25.437962],[78.371417,25.437853],[78.372123,25.437835],[78.372889,25.437953],[78.374057,25.438124],[78.374847,25.43839],[78.375991,25.438485],[78.376428,25.438648],[78.376432,25.438647],[78.376435,25.438646],[78.376691,25.438598],[78.37689,25.438309],[78.377134,25.437883],[78.377377,25.437456],[78.377457,25.437066],[78.37754,25.436794],[78.377541,25.436788],[78.377661,25.436811],[78.37779,25.436874],[78.378024,25.437054],[78.378834,25.437952],[78.379798,25.439076],[78.380628,25.440051],[78.380946,25.440349],[78.381601,25.440376],[78.382055,25.440394],[78.383509,25.440488],[78.384154,25.440529],[78.384461,25.440547],[78.385311,25.440588],[78.386564,25.44103],[78.387185,25.441287],[78.388497,25.44163],[78.389178,25.44182],[78.390615,25.442519],[78.391714,25.443083],[78.392464,25.44353],[78.393145,25.443905],[78.394219,25.444139],[78.39496,25.444207],[78.39496,25.444211],[78.394975,25.444699],[78.394975,25.444701],[78.39496,25.445416],[78.39496,25.445417],[78.395055,25.445814],[78.395234,25.446423],[78.395413,25.447235],[78.395612,25.448129],[78.395691,25.448522],[78.395801,25.449027],[78.39593,25.449393],[78.396139,25.449776],[78.396552,25.450386],[78.396756,25.450774],[78.39686,25.451094],[78.396895,25.451406],[78.396895,25.451408],[78.39686,25.451771],[78.396696,25.452177],[78.396542,25.452543],[78.396543,25.452547],[78.396567,25.452809],[78.396662,25.453035],[78.397029,25.453229],[78.397228,25.453581],[78.397288,25.454159],[78.397284,25.454159],[78.396731,25.454172],[78.396732,25.454177],[78.396733,25.454178],[78.396935,25.455016],[78.396937,25.455026],[78.39698,25.455214],[78.397121,25.455839],[78.397198,25.456176],[78.397219,25.456271],[78.39722,25.456276],[78.397223,25.456284],[78.397325,25.456604],[78.397557,25.457336],[78.397796,25.457923],[78.398085,25.458966],[78.398159,25.459232],[78.39826,25.459659],[78.398303,25.459841],[78.398373,25.459958],[78.398433,25.460044],[78.398622,25.460152],[78.398766,25.460219],[78.398855,25.460261],[78.39896,25.460355],[78.399054,25.460482],[78.399184,25.461028],[78.399268,25.46121],[78.399303,25.461285],[78.399449,25.461483],[78.399492,25.461542],[78.39977,25.461845],[78.400079,25.462233],[78.400183,25.462427],[78.400183,25.462431],[78.400173,25.463005],[78.400174,25.463005],[78.400218,25.463325],[78.400313,25.463551],[78.400835,25.464033],[78.40087,25.464065],[78.400913,25.4641],[78.401242,25.464368],[78.402212,25.465157],[78.403282,25.466105],[78.403504,25.466415],[78.403635,25.466597],[78.403669,25.466689],[78.403746,25.466899],[78.403755,25.466923],[78.403757,25.466928],[78.403779,25.466974],[78.403789,25.466994],[78.403858,25.467102],[78.403988,25.467143],[78.405027,25.46712],[78.405072,25.467119],[78.406359,25.467102],[78.406702,25.467165],[78.406986,25.467408],[78.40712,25.46758],[78.407652,25.467963],[78.408065,25.468166],[78.408667,25.468437],[78.409278,25.468694],[78.409786,25.468906],[78.410362,25.468983],[78.411198,25.469055],[78.411695,25.469109],[78.411943,25.46914],[78.412083,25.46924],[78.412227,25.469411],[78.412401,25.469583],[78.412615,25.4697],[78.412804,25.469722],[78.413087,25.469722],[78.413734,25.4697],[78.413992,25.469709],[78.414111,25.469794],[78.41411,25.469798],[78.414072,25.469903],[78.414072,25.469906],[78.414117,25.470164],[78.414151,25.470358],[78.414176,25.470435],[78.414211,25.470489],[78.414271,25.470489],[78.41447,25.470476],[78.414512,25.470476],[78.414882,25.47048],[78.415041,25.470543],[78.415126,25.470625],[78.415216,25.47076],[78.41526,25.470999],[78.41529,25.471067],[78.415355,25.471112],[78.415544,25.471202],[78.415618,25.471319],[78.415753,25.471631],[78.415753,25.471635],[78.415753,25.471825],[78.415703,25.472019],[78.415614,25.47224],[78.415614,25.472439],[78.415723,25.472687],[78.415843,25.47284],[78.415888,25.473062],[78.415887,25.473063],[78.415828,25.473202],[78.415826,25.473204],[78.415724,25.473314],[78.41554,25.473409],[78.415445,25.473549],[78.415445,25.473703],[78.415445,25.473707],[78.415445,25.473915],[78.41552,25.474217],[78.415615,25.47442],[78.415615,25.474425],[78.415615,25.474628],[78.41558,25.474795],[78.41549,25.474948],[78.415489,25.47495],[78.415396,25.475075],[78.415395,25.475076],[78.415336,25.475242],[78.415336,25.475355],[78.415337,25.475355],[78.415431,25.47549],[78.415565,25.475589],[78.415814,25.475589],[78.415938,25.475603],[78.416197,25.475508],[78.416371,25.47549],[78.416515,25.47553],[78.416536,25.475548],[78.416619,25.475616],[78.416648,25.47569],[78.416674,25.475756],[78.416674,25.47576],[78.416664,25.475891],[78.416605,25.476036],[78.416515,25.47618],[78.416476,25.476253],[78.416451,25.476302],[78.416451,25.476306],[78.416453,25.47632],[78.416461,25.476388],[78.416464,25.476401],[78.416485,25.476478],[78.417065,25.476408],[78.417471,25.476358],[78.417525,25.476351],[78.417674,25.476333],[78.417902,25.476297],[78.418254,25.476242],[78.418611,25.476186],[78.418797,25.476157],[78.418908,25.476135],[78.41941,25.476033],[78.419603,25.475994],[78.419921,25.475872],[78.420339,25.47552],[78.420721,25.475136],[78.421348,25.474689],[78.421835,25.474287],[78.421944,25.474202],[78.422054,25.474156],[78.422247,25.474107],[78.422451,25.474098],[78.422764,25.473989],[78.422993,25.473904],[78.423237,25.473813],[78.423397,25.473689],[78.42347,25.473632],[78.423639,25.473492],[78.423752,25.473323],[78.423754,25.473321],[78.423964,25.472974],[78.423967,25.472969],[78.425687,25.471736],[78.425968,25.471665],[78.42716,25.471363],[78.42781,25.471198],[78.428596,25.471622],[78.431307,25.47363],[78.431307,25.473634],[78.431335,25.473819],[78.431391,25.474189],[78.431391,25.474194],[78.431391,25.474259],[78.431391,25.474478],[78.431359,25.474685],[78.431307,25.47502],[78.431054,25.475941],[78.430036,25.478369],[78.429765,25.479032],[78.429697,25.479196],[78.429531,25.479599],[78.429301,25.480156],[78.429057,25.480745],[78.428834,25.481285],[78.428289,25.482651],[78.42812,25.483074],[78.42808,25.483176],[78.427413,25.484847],[78.427414,25.484849],[78.428688,25.487853],[78.428686,25.487854],[78.428684,25.487858],[78.428156,25.488643],[78.427464,25.48947],[78.426501,25.490623],[78.42579,25.491473],[78.424264,25.493342],[78.424259,25.493349],[78.423952,25.493764],[78.423506,25.494367],[78.422934,25.49513],[78.422772,25.495341],[78.422649,25.4955],[78.421143,25.497275],[78.421115,25.497305],[78.420168,25.498336],[78.419577,25.499645],[78.419575,25.499651],[78.419444,25.5],[78.419439,25.500012],[78.419439,25.500014],[78.419427,25.500047],[78.4193,25.500394],[78.417746,25.50104],[78.417722,25.50105],[78.417651,25.501092],[78.417016,25.501461],[78.41698,25.501503],[78.416913,25.501581],[78.41682,25.501689],[78.41681,25.5017],[78.416812,25.501713],[78.416846,25.501901],[78.416868,25.50202],[78.41688,25.502088],[78.416882,25.502102],[78.417201,25.502431],[78.417209,25.502441],[78.41728,25.502515],[78.417355,25.502592],[78.417501,25.502743],[78.417678,25.502927],[78.417678,25.502928],[78.417723,25.503298],[78.417728,25.503354],[78.417758,25.503433],[78.417843,25.504042],[78.417843,25.504521],[78.417843,25.50467],[78.417884,25.504786],[78.4179,25.504832],[78.417977,25.505049],[78.41805,25.505146],[78.418276,25.505451],[78.418488,25.505609],[78.41856,25.505663],[78.418873,25.505929],[78.41899,25.506092],[78.419032,25.50615],[78.419042,25.506179],[78.41909,25.506326],[78.419117,25.506407],[78.419127,25.506705],[78.419033,25.507021],[78.418998,25.507115],[78.418933,25.507287],[78.418808,25.507419],[78.418771,25.507459],[78.41869,25.507545],[78.418627,25.507655],[78.418598,25.507706],[78.418525,25.507834],[78.41851,25.507876],[78.418446,25.508048],[78.418406,25.508154],[78.418392,25.508351],[78.418476,25.508641],[78.418477,25.508643],[78.41874,25.508933],[78.418814,25.509016],[78.418816,25.509016],[78.419043,25.509056],[78.419317,25.508889],[78.419794,25.508582],[78.420132,25.508375],[78.42059,25.508126],[78.420591,25.508133],[78.420628,25.508334],[78.420704,25.508745],[78.420709,25.508749],[78.421019,25.509017],[78.42103,25.509027],[78.421157,25.509137],[78.421266,25.509199],[78.421962,25.509598],[78.421965,25.5096],[78.422023,25.509633],[78.422475,25.510026],[78.423602,25.509629],[78.423771,25.509569],[78.424163,25.509431],[78.424296,25.509384],[78.425186,25.5095],[78.425212,25.509503],[78.425615,25.509556],[78.426802,25.509709],[78.428528,25.509933],[78.428529,25.509937],[78.428733,25.510965],[78.428847,25.511545],[78.428705,25.511666],[78.428574,25.511777],[78.427969,25.512291],[78.427694,25.512525],[78.426853,25.512854],[78.42611,25.513568],[78.424964,25.514669],[78.424962,25.514671],[78.423671,25.515559],[78.423588,25.515562],[78.422055,25.515623],[78.421734,25.515853],[78.421318,25.516152],[78.420648,25.516634],[78.420076,25.516675],[78.420012,25.516766],[78.419057,25.518138],[78.419191,25.518661],[78.419893,25.519567],[78.419942,25.519631],[78.419956,25.519665],[78.419991,25.519755],[78.420127,25.520105],[78.420083,25.522457],[78.420307,25.524027],[78.420232,25.524293],[78.420039,25.524975],[78.419263,25.526144],[78.419292,25.526406],[78.419338,25.526828],[78.419429,25.527662],[78.419518,25.528473],[78.419531,25.528922],[78.419537,25.529133],[78.419538,25.529177],[78.41922,25.529778],[78.419228,25.529921],[78.419232,25.529993],[78.419277,25.530796],[78.419295,25.531127],[78.41934,25.532964],[78.419421,25.533251],[78.41948,25.533461],[78.420456,25.534593],[78.42061,25.534853],[78.42078,25.535139],[78.420799,25.535171],[78.420796,25.535269],[78.420774,25.536164],[78.420714,25.53653],[78.420526,25.537667],[78.42065,25.538658],[78.420661,25.53875],[78.420661,25.538751],[78.421072,25.539917],[78.421074,25.539923],[78.421075,25.539924],[78.421604,25.540337],[78.421686,25.540401],[78.422378,25.54064],[78.422642,25.540731],[78.422704,25.540795],[78.423284,25.54139],[78.42331,25.541416],[78.423324,25.54143],[78.423343,25.541442],[78.423467,25.541514],[78.423998,25.541828],[78.424078,25.541875],[78.424234,25.541967],[78.425692,25.5424],[78.426173,25.542687],[78.426349,25.542792],[78.426416,25.543154],[78.426436,25.543265],[78.426473,25.543464],[78.426541,25.543835],[78.426603,25.544173],[78.42695,25.544422],[78.426964,25.544432],[78.427157,25.544571],[78.427259,25.544644],[78.42735,25.54471],[78.427354,25.544716],[78.427454,25.544858],[78.427828,25.545391],[78.427893,25.546059],[78.428162,25.546533],[78.428146,25.546768],[78.428117,25.547215],[78.428117,25.547216],[78.428113,25.547334],[78.428082,25.548134],[78.428069,25.548461],[78.428037,25.549291],[78.428029,25.549503],[78.428121,25.549848],[78.428237,25.550281],[78.428278,25.550433],[78.429258,25.551195],[78.429427,25.551379],[78.429445,25.551397],[78.429736,25.551714],[78.429916,25.552373],[78.429964,25.552418],[78.433669,25.555847],[78.435032,25.556631],[78.436601,25.558016],[78.436601,25.558017],[78.438014,25.559749],[78.438017,25.559751],[78.438838,25.560268],[78.438868,25.560287],[78.439732,25.560831],[78.442255,25.562211],[78.443599,25.563204],[78.444281,25.563429],[78.444698,25.563452],[78.447605,25.563612],[78.447824,25.563608],[78.448764,25.563591],[78.448884,25.563589],[78.449017,25.563508],[78.449371,25.563291],[78.449341,25.562776],[78.449341,25.562772],[78.448167,25.562584],[78.448162,25.562583],[78.448255,25.561792],[78.448256,25.561789],[78.44804,25.561749],[78.447025,25.561562],[78.446492,25.561463],[78.446484,25.561462],[78.446474,25.56146],[78.446868,25.561205],[78.447618,25.560719],[78.447558,25.560255],[78.447558,25.560254],[78.446568,25.559438],[78.446563,25.559433],[78.447616,25.556567],[78.448053,25.55562],[78.448813,25.553976],[78.44886,25.553927],[78.450228,25.552512],[78.450688,25.552036],[78.450956,25.551758],[78.450976,25.551743],[78.451247,25.551524],[78.451955,25.550953],[78.453945,25.549347],[78.456141,25.548144],[78.456297,25.548059],[78.456511,25.547973],[78.459251,25.546867],[78.459287,25.546852],[78.462301,25.546036],[78.462425,25.546002],[78.464162,25.545624],[78.464694,25.545509],[78.464695,25.545514],[78.464897,25.546189],[78.464961,25.546405],[78.465118,25.54693],[78.4652,25.547082],[78.465327,25.547314],[78.465357,25.547837],[78.465362,25.547841],[78.46584,25.548166],[78.46584,25.548167],[78.465902,25.548713],[78.465905,25.548739],[78.465858,25.548767],[78.465482,25.548988],[78.465545,25.549388],[78.465572,25.549561],[78.465577,25.549562],[78.465736,25.549604],[78.466085,25.549696],[78.466427,25.549942],[78.4665,25.549994],[78.466657,25.550107],[78.466658,25.550108],[78.466687,25.550219],[78.466086,25.550658],[78.466265,25.551177],[78.466269,25.551177],[78.467385,25.551257],[78.467838,25.551559],[78.46829,25.551586],[78.468292,25.55159],[78.46838,25.551834],[78.468172,25.552547],[78.468178,25.552549],[78.468358,25.552612],[78.468953,25.552818],[78.469829,25.553476],[78.469828,25.553476],[78.469427,25.553463],[78.46657,25.55337],[78.466554,25.55355],[78.466494,25.554204],[78.466427,25.554941],[78.466035,25.555789],[78.465672,25.556367],[78.466339,25.557188],[78.466592,25.557431],[78.466722,25.557555],[78.466852,25.55768],[78.466911,25.55807],[78.466936,25.558239],[78.466942,25.55828],[78.46658,25.558831],[78.466854,25.559323],[78.466858,25.559326],[78.466954,25.559393],[78.467484,25.559765],[78.46767,25.559895],[78.467672,25.559898],[78.468213,25.560581],[78.468214,25.560581],[78.468929,25.560172],[78.469029,25.560116],[78.46903,25.560122],[78.469041,25.560175],[78.469148,25.560689],[78.469512,25.561375],[78.469515,25.561375],[78.470418,25.561568],[78.47099,25.561238],[78.471199,25.561385],[78.47143,25.561546],[78.471866,25.561851],[78.471935,25.561899],[78.472062,25.561988],[78.472319,25.562167],[78.472772,25.562248],[78.473404,25.562798],[78.473414,25.5628],[78.473593,25.562825],[78.473937,25.562874],[78.474161,25.562906],[78.474162,25.56291],[78.474525,25.564003],[78.47453,25.564006],[78.474735,25.564165],[78.474894,25.564288],[78.475035,25.564396],[78.475186,25.564513],[78.475241,25.564555],[78.475299,25.564601],[78.475372,25.564657],[78.475419,25.56462],[78.476217,25.564002],[78.476218,25.564009],[78.476356,25.564788],[78.476367,25.56485],[78.476371,25.56485],[78.476474,25.564841],[78.478327,25.564682],[78.478331,25.564686],[78.47873,25.565133],[78.478872,25.565294],[78.479094,25.565543],[78.478986,25.56574],[78.478921,25.56586],[78.478878,25.565937],[78.478742,25.566186],[78.478553,25.566532],[78.47861,25.567087],[78.478621,25.567195],[78.478633,25.567313],[78.478643,25.567408],[78.478669,25.567432],[78.478814,25.567569],[78.479277,25.568007],[78.479379,25.568104],[78.479459,25.568179],[78.479764,25.568467],[78.480003,25.568693],[78.480005,25.568695],[78.480161,25.568833],[78.480929,25.569512],[78.481203,25.569754],[78.481273,25.569816],[78.481965,25.570528],[78.482146,25.570967],[78.48219,25.571074],[78.482269,25.571264],[78.482272,25.571263],[78.482308,25.571246],[78.482426,25.571194],[78.483324,25.570798],[78.483325,25.570804],[78.483354,25.570938],[78.483117,25.571203],[78.482925,25.571418],[78.482707,25.571662],[78.482692,25.571679],[78.48267,25.572101],[78.482663,25.572225],[78.482668,25.572228],[78.483066,25.572448],[78.483205,25.572525],[78.483241,25.572545],[78.483264,25.572534],[78.483767,25.572298],[78.483867,25.572251],[78.483871,25.572256],[78.4841,25.572627],[78.484163,25.572729],[78.484171,25.572743],[78.484175,25.572745],[78.484198,25.57276],[78.484249,25.572793],[78.484311,25.572834],[78.484595,25.573018],[78.485351,25.57332],[78.485923,25.573152],[78.485924,25.573158],[78.485946,25.573704],[78.485954,25.573892],[78.485979,25.573922],[78.486347,25.574357],[78.486348,25.574356],[78.486467,25.574166],[78.486525,25.574073],[78.487103,25.573151],[78.487103,25.573163],[78.487125,25.573612],[78.487141,25.573939],[78.487154,25.574221],[78.487162,25.574368],[78.487164,25.57441],[78.487169,25.574414],[78.487397,25.574577],[78.487509,25.574656],[78.487648,25.574755],[78.487719,25.574805],[78.488115,25.575087],[78.488118,25.57509],[78.48854,25.575511],[78.488541,25.575512],[78.48862,25.575591],[78.488747,25.575718],[78.488752,25.575722],[78.488763,25.575732],[78.488851,25.575811],[78.48903,25.575974],[78.489475,25.576377],[78.489504,25.576404],[78.489513,25.576397],[78.489533,25.576381],[78.490106,25.575934],[78.490107,25.575942],[78.490162,25.576853],[78.490167,25.576922],[78.490171,25.576919],[78.490331,25.576807],[78.490437,25.576732],[78.490464,25.576713],[78.490492,25.576694],[78.490952,25.576371],[78.490954,25.576378],[78.491008,25.576739],[78.491046,25.576997],[78.491053,25.577046],[78.491087,25.577273],[78.491133,25.577576],[78.491137,25.577575],[78.491288,25.577546],[78.491465,25.577513],[78.49171,25.577467],[78.491821,25.577457],[78.49209,25.577432],[78.492884,25.577358],[78.492885,25.577363],[78.493005,25.578287],[78.493339,25.578698],[78.49334,25.578697],[78.493791,25.578557],[78.49391,25.578095],[78.493947,25.57795],[78.494029,25.577628],[78.494034,25.577633],[78.494727,25.57834],[78.496568,25.578063],[78.496735,25.578021],[78.497,25.577954],[78.497067,25.577937],[78.497395,25.577854],[78.497657,25.577787],[78.497948,25.577574],[78.498028,25.577514],[78.498438,25.577213],[78.498469,25.57511],[78.49847,25.575085],[78.4985,25.575086],[78.498649,25.575092],[78.498853,25.575056],[78.499087,25.575074],[78.499211,25.574993],[78.49962,25.574551],[78.499859,25.574158],[78.499999,25.574194],[78.5,25.574194],[78.500065,25.574211],[78.500073,25.574213],[78.500162,25.574229],[78.500247,25.574245],[78.500242,25.574375],[78.500284,25.574558],[78.500287,25.57457],[78.500307,25.57462],[78.500386,25.574822],[78.500485,25.574825],[78.500651,25.574829],[78.500789,25.574832],[78.500927,25.574836],[78.5011,25.574841],[78.501169,25.574843],[78.501416,25.57485],[78.501525,25.574911],[78.50166,25.574986],[78.501808,25.574966],[78.502058,25.574932],[78.502134,25.574915],[78.502264,25.574886],[78.502382,25.57486],[78.502466,25.574675],[78.502462,25.574596],[78.502457,25.574477],[78.502622,25.574403],[78.50272,25.57436],[78.502784,25.574331],[78.502935,25.574265],[78.503124,25.574284],[78.503208,25.574292],[78.503457,25.574375],[78.503646,25.574437],[78.503856,25.574299],[78.503899,25.574271],[78.503975,25.57422],[78.504001,25.574204],[78.504064,25.574162],[78.504171,25.574043],[78.504194,25.574018],[78.504228,25.573964],[78.504255,25.57392],[78.504318,25.573819],[78.504317,25.573738],[78.504314,25.573535],[78.504622,25.573368],[78.504841,25.573346],[78.504993,25.573363],[78.505146,25.57338],[78.505165,25.573383],[78.505239,25.573391],[78.505508,25.573504],[78.505614,25.573514],[78.505662,25.573518],[78.505782,25.573367],[78.505796,25.57335],[78.505931,25.57318],[78.506029,25.573113],[78.506111,25.573058],[78.506303,25.573031],[78.506316,25.573029],[78.506537,25.572999],[78.506557,25.572996],[78.506723,25.572973],[78.506797,25.572901],[78.506917,25.572784],[78.506922,25.572779],[78.506917,25.572752],[78.50691,25.572712],[78.506881,25.572553],[78.506877,25.572535],[78.506831,25.572526],[78.506789,25.572518],[78.506693,25.572499],[78.506632,25.572467],[78.506555,25.572428],[78.506534,25.572417],[78.506517,25.572412],[78.506487,25.572402],[78.506404,25.572375],[78.50634,25.572354],[78.506304,25.572308],[78.50623,25.572215],[78.506201,25.572178],[78.506135,25.572096],[78.50612,25.572077],[78.506077,25.572024],[78.506605,25.571524],[78.507023,25.57142],[78.507212,25.571515],[78.507271,25.571759],[78.507286,25.571788],[78.507371,25.571953],[78.507408,25.571955],[78.507452,25.571956],[78.507714,25.571967],[78.507851,25.572003],[78.507928,25.572024],[78.508087,25.572066],[78.508261,25.572133],[78.508332,25.572161],[78.508381,25.57218],[78.508501,25.57227],[78.50853,25.572291],[78.508744,25.572451],[78.508834,25.572618],[78.508843,25.572636],[78.50885,25.572633],[78.509015,25.572576],[78.509117,25.572541],[78.509285,25.572426],[78.509335,25.572392],[78.509341,25.572388],[78.509344,25.572373],[78.509376,25.572235],[78.509476,25.571932],[78.509516,25.571708],[78.509551,25.571513],[78.509771,25.571406],[78.509914,25.571337],[78.509988,25.571265],[78.510123,25.571134],[78.510387,25.570796],[78.510582,25.57052],[78.510667,25.570533],[78.51086,25.570561],[78.510974,25.570542],[78.511129,25.570516],[78.51131,25.570391],[78.511323,25.570382],[78.511468,25.570282],[78.511786,25.570151],[78.511853,25.570163],[78.512135,25.57021],[78.512194,25.570233],[78.512389,25.570286],[78.51242,25.570295],[78.512508,25.570319],[78.512519,25.570309],[78.512699,25.570149],[78.512712,25.570138],[78.512808,25.570061],[78.512941,25.569953],[78.512923,25.569837],[78.512916,25.569791],[78.512752,25.569606],[78.512709,25.569428],[78.512708,25.569421],[78.512747,25.569308],[78.512818,25.569307],[78.51292,25.569305],[78.51323,25.569299],[78.513419,25.569295],[78.513854,25.569337],[78.514061,25.569363],[78.514416,25.569304],[78.514432,25.569301],[78.514653,25.569264],[78.514972,25.56917],[78.515116,25.569152],[78.515216,25.569165],[78.515629,25.569382],[78.516101,25.569554],[78.516279,25.569569],[78.516441,25.569583],[78.516705,25.569605],[78.516862,25.569618],[78.516952,25.569585],[78.517008,25.569565],[78.517484,25.56939],[78.517515,25.569379],[78.517619,25.569319],[78.517833,25.569194],[78.517851,25.569195],[78.517916,25.569198],[78.518072,25.569204],[78.518216,25.569317],[78.518236,25.569484],[78.518162,25.569849],[78.518156,25.569876],[78.518157,25.569906],[78.518161,25.570025],[78.518202,25.570093],[78.51828,25.570224],[78.518353,25.570224],[78.5184,25.570224],[78.518547,25.570087],[78.518599,25.570039],[78.518759,25.569998],[78.518793,25.569989],[78.518843,25.570066],[78.518856,25.570078],[78.518947,25.570161],[78.519017,25.570202],[78.519061,25.570229],[78.519121,25.570288],[78.519209,25.570253],[78.519226,25.570247],[78.519289,25.570204],[78.51931,25.570189],[78.51946,25.570087],[78.519575,25.570009],[78.519609,25.569986],[78.51961,25.569966],[78.519611,25.569949],[78.519619,25.569791],[78.519634,25.56967],[78.519634,25.569579],[78.519634,25.569546],[78.519634,25.569503],[78.519724,25.569322],[78.520087,25.5693],[78.520401,25.569268],[78.520695,25.568971],[78.520924,25.56861],[78.521247,25.568452],[78.521349,25.568421],[78.52148,25.568381],[78.521541,25.568362],[78.521745,25.568498],[78.521846,25.568593],[78.521927,25.568669],[78.521994,25.568732],[78.522058,25.568733],[78.522073,25.568733],[78.522228,25.568655],[78.522284,25.568627],[78.522369,25.568584],[78.522456,25.56854],[78.522457,25.56854],[78.522476,25.56853],[78.522548,25.568492],[78.522588,25.568471],[78.522596,25.568467],[78.52275,25.568435],[78.522899,25.568507],[78.522969,25.568507],[78.522973,25.568486],[78.522999,25.568313],[78.523059,25.568187],[78.523057,25.568179],[78.523043,25.568116],[78.523039,25.568097],[78.523129,25.567975],[78.523288,25.567958],[78.523502,25.567935],[78.523578,25.567775],[78.523584,25.567762],[78.523642,25.567641],[78.52368,25.567592],[78.523721,25.567538],[78.52366,25.567414],[78.523552,25.567199],[78.523598,25.567109],[78.523657,25.566991],[78.524023,25.566932],[78.524051,25.566927],[78.524082,25.566922],[78.524404,25.56687],[78.524473,25.566893],[78.524479,25.566895],[78.524528,25.566911],[78.524581,25.567014],[78.524598,25.567046],[78.524638,25.567092],[78.524742,25.567212],[78.524747,25.567218],[78.524745,25.567225],[78.524736,25.56726],[78.524702,25.567403],[78.524799,25.567424],[78.524931,25.567453],[78.524979,25.567454],[78.525165,25.567461],[78.525179,25.567462],[78.525223,25.567426],[78.525289,25.567372],[78.525332,25.567336],[78.525493,25.5672],[78.525758,25.567144],[78.525841,25.567127],[78.526006,25.567092],[78.526073,25.567129],[78.526192,25.567192],[78.526413,25.567311],[78.526722,25.567476],[78.526842,25.567614],[78.526971,25.567761],[78.527239,25.567937],[78.527274,25.56796],[78.527328,25.567974],[78.527458,25.56801],[78.527485,25.567998],[78.527648,25.567932],[78.527657,25.567928],[78.527792,25.567872],[78.527831,25.567856],[78.527834,25.567844],[78.527841,25.567815],[78.527896,25.56759],[78.527886,25.567567],[78.527762,25.567292],[78.527548,25.567125],[78.527434,25.566908],[78.527501,25.566813],[78.527593,25.566683],[78.527852,25.566584],[78.528054,25.566622],[78.528104,25.566631],[78.528116,25.566633],[78.528375,25.566661],[78.528458,25.566705],[78.52858,25.566771],[78.528703,25.566837],[78.52894,25.567034],[78.529111,25.567175],[78.52916,25.567216],[78.530224,25.568381],[78.530362,25.568679],[78.530637,25.569271],[78.531114,25.57007],[78.532023,25.571646],[78.532109,25.571648],[78.532659,25.571663],[78.532695,25.571664],[78.533408,25.571218],[78.533661,25.57106],[78.5351,25.570181],[78.535674,25.569707],[78.535915,25.569508],[78.536165,25.569301],[78.536285,25.568318],[78.536739,25.567781],[78.537769,25.5671],[78.539551,25.566329],[78.539668,25.566297],[78.540832,25.565976],[78.54112,25.565896],[78.541288,25.56585],[78.541394,25.565821],[78.541706,25.565735],[78.54183,25.565635],[78.541831,25.565635],[78.542189,25.565347],[78.54223,25.565214],[78.542329,25.564895],[78.542297,25.564765],[78.54215,25.56416],[78.542209,25.563946],[78.542377,25.56334],[78.542378,25.563337],[78.542484,25.562955],[78.542927,25.562675],[78.543632,25.562229],[78.54466,25.561579],[78.545209,25.56153],[78.546231,25.561439],[78.546864,25.561382],[78.548909,25.561433],[78.549621,25.561451],[78.54996,25.561354],[78.550078,25.56132],[78.5501,25.561307],[78.550459,25.561085],[78.551975,25.560143],[78.552594,25.559933],[78.55263,25.559921],[78.552815,25.559858],[78.552995,25.559796],[78.553283,25.559715],[78.554294,25.559431],[78.55498,25.559357],[78.55546,25.559304],[78.555652,25.559283],[78.555653,25.559283],[78.555799,25.559331],[78.556259,25.559481],[78.557125,25.559763],[78.55714,25.559768],[78.557274,25.559812],[78.557275,25.559812],[78.558163,25.560289],[78.558209,25.560313],[78.558414,25.560423],[78.558697,25.560575],[78.558986,25.56037],[78.559014,25.56035],[78.559212,25.560209],[78.559463,25.56003],[78.559976,25.5596],[78.560633,25.559051],[78.560827,25.559165],[78.561001,25.559267],[78.561001,25.559268],[78.561167,25.559588],[78.561876,25.560956],[78.562398,25.561886],[78.562706,25.562233],[78.563159,25.562744],[78.563392,25.562813],[78.563691,25.562903],[78.564204,25.563056],[78.564323,25.563092],[78.564326,25.563091],[78.564567,25.563025],[78.565951,25.562646],[78.566321,25.562608],[78.566556,25.562584],[78.566752,25.562565],[78.566775,25.562577],[78.567115,25.562763],[78.567538,25.562994],[78.568522,25.564122],[78.569124,25.564555],[78.569214,25.564619],[78.569218,25.564619],[78.56938,25.564594],[78.569565,25.564567],[78.569966,25.564507],[78.57009,25.564489],[78.570153,25.564452],[78.571458,25.56369],[78.57223,25.563325],[78.572427,25.563232],[78.572678,25.563113],[78.572786,25.563097],[78.573272,25.563025],[78.573587,25.562979],[78.573683,25.562964],[78.573685,25.562965],[78.573807,25.56299],[78.574743,25.563181],[78.575187,25.563237],[78.575888,25.563326],[78.575927,25.563331],[78.575929,25.56333],[78.575953,25.563327],[78.576024,25.563316],[78.576242,25.563284],[78.577042,25.563164],[78.578355,25.562817],[78.580829,25.561911],[78.581036,25.561834],[78.582267,25.561378],[78.582578,25.561108],[78.582946,25.560787],[78.583417,25.560377],[78.583698,25.560082],[78.586276,25.557389],[78.586676,25.556971],[78.586776,25.556866],[78.586871,25.55684],[78.587144,25.556765],[78.587742,25.5566],[78.587745,25.556601],[78.589438,25.556817],[78.590185,25.557282],[78.591135,25.558343],[78.591647,25.559237],[78.59203,25.560374],[78.592064,25.561683],[78.592432,25.563191],[78.593503,25.565072],[78.593581,25.565209],[78.593994,25.565675],[78.596183,25.568146],[78.596944,25.569005],[78.597818,25.570372],[78.598023,25.570693],[78.598251,25.570638],[78.598818,25.5705],[78.599042,25.570446],[78.599043,25.570445],[78.599047,25.570445],[78.599269,25.570449],[78.600133,25.570463],[78.600158,25.570463],[78.600166,25.570443],[78.600271,25.570178],[78.600322,25.570048],[78.600677,25.569555],[78.600845,25.569321],[78.60087,25.569286],[78.600934,25.56927],[78.601547,25.569123],[78.601863,25.569108],[78.602625,25.569073],[78.602885,25.56906],[78.602887,25.56906],[78.604047,25.569178],[78.604529,25.569226],[78.605109,25.569285],[78.605763,25.569351],[78.606154,25.56939],[78.60807,25.569675],[78.608415,25.569767],[78.608926,25.569905],[78.609504,25.569939],[78.609828,25.569957],[78.61025,25.569982],[78.610252,25.569982],[78.611131,25.569913],[78.611693,25.569869],[78.611693,25.56987],[78.611748,25.570794],[78.611734,25.571342],[78.611733,25.57139],[78.611622,25.571417],[78.610906,25.571589],[78.611111,25.572475],[78.611125,25.572536],[78.611125,25.572537],[78.610864,25.572528],[78.610548,25.572519],[78.610543,25.572518],[78.610817,25.573065],[78.611384,25.57422],[78.611314,25.574868],[78.611287,25.575119],[78.611165,25.576283],[78.611273,25.577822],[78.611274,25.577835],[78.611206,25.577854],[78.610781,25.577971],[78.611219,25.578648],[78.612185,25.579379],[78.612677,25.580024],[78.612726,25.580348],[78.612826,25.581013],[78.612831,25.581012],[78.613337,25.580942],[78.613484,25.580922],[78.614073,25.580841],[78.614394,25.580796],[78.614394,25.580797],[78.614438,25.580873],[78.614898,25.581674],[78.615761,25.583178],[78.615961,25.583527],[78.616125,25.583587],[78.616146,25.583595],[78.616658,25.583612],[78.61734,25.583635],[78.618136,25.583663],[78.618137,25.583662],[78.619067,25.583527],[78.61907,25.583528],[78.619375,25.583563],[78.619377,25.583563],[78.619815,25.583451],[78.620004,25.583402],[78.620243,25.583341],[78.621346,25.583058],[78.626019,25.580819],[78.626881,25.580474],[78.627502,25.580225],[78.627955,25.580043],[78.628435,25.579826],[78.629503,25.579343],[78.629766,25.57926],[78.630797,25.578933],[78.63078,25.578898],[78.630551,25.578439],[78.63049,25.578315],[78.630297,25.577926],[78.630013,25.577355],[78.629866,25.57706],[78.62912,25.575372],[78.628463,25.573963],[78.627696,25.572781],[78.627005,25.572086],[78.625805,25.570998],[78.625802,25.570995],[78.625791,25.570985],[78.62578,25.570976],[78.625778,25.570972],[78.625775,25.570966],[78.625772,25.57096],[78.624939,25.569382],[78.624283,25.568042],[78.624229,25.567646],[78.624214,25.567534],[78.624193,25.567381],[78.624193,25.567378],[78.625791,25.566899],[78.626074,25.566814],[78.628139,25.565817],[78.628301,25.565776],[78.628568,25.565708],[78.629209,25.565546],[78.629667,25.565395],[78.631164,25.5649],[78.632617,25.564571],[78.633126,25.564498],[78.633364,25.564464],[78.6341,25.564359],[78.63447,25.564129],[78.635011,25.563794],[78.635015,25.563795],[78.636396,25.563873],[78.636518,25.56388],[78.636519,25.56388],[78.636618,25.563858],[78.637867,25.563582],[78.638485,25.563423],[78.639021,25.563284],[78.639504,25.563112],[78.640608,25.56272],[78.642654,25.561916],[78.64331,25.561659],[78.644223,25.561391],[78.644702,25.56125],[78.645171,25.561112],[78.64601,25.560843],[78.646295,25.560751],[78.646486,25.560741],[78.647063,25.560709],[78.647317,25.560695],[78.648249,25.560644],[78.64845,25.560633],[78.649094,25.56058],[78.649945,25.56051],[78.650475,25.560466],[78.652147,25.560353],[78.654739,25.559888],[78.654744,25.559887],[78.656884,25.559738],[78.656886,25.559738],[78.658275,25.559854],[78.658284,25.559854],[78.658675,25.559887],[78.659183,25.560234],[78.660019,25.560938],[78.661423,25.563637],[78.661811,25.564345],[78.662469,25.567076],[78.662539,25.567142],[78.664569,25.569065],[78.664993,25.569821],[78.665759,25.570579],[78.666359,25.571383],[78.666446,25.5715],[78.666554,25.571679],[78.666884,25.572227],[78.667138,25.572872],[78.667211,25.573248],[78.667338,25.57391],[78.6675,25.574691],[78.667502,25.574704],[78.667806,25.57507],[78.667866,25.575142],[78.668463,25.575322],[78.668687,25.57539],[78.669508,25.575539],[78.670179,25.575779],[78.67029,25.575818],[78.670843,25.57594],[78.671783,25.576147],[78.673072,25.576521],[78.674017,25.57695],[78.6744,25.577115],[78.674837,25.577304],[78.674867,25.577317],[78.674877,25.577322],[78.674893,25.577329],[78.675283,25.577722],[78.6756,25.578042],[78.675805,25.579445],[78.675806,25.579462],[78.675875,25.580817],[78.675897,25.580899],[78.676094,25.581641],[78.676095,25.581643],[78.676097,25.581646],[78.676214,25.581813],[78.676314,25.581954],[78.676717,25.582333],[78.677299,25.582848],[78.677384,25.582916],[78.677633,25.583119],[78.677827,25.583276],[78.678191,25.583606],[78.67837,25.583885],[78.678709,25.584558],[78.678771,25.585156],[78.678851,25.585286],[78.678863,25.585305],[78.680431,25.586134],[78.681088,25.586364],[78.682183,25.586563],[78.683462,25.58681],[78.685015,25.587108],[78.686324,25.587653],[78.686469,25.588199],[78.687213,25.588814],[78.68731,25.588894],[78.687371,25.588898],[78.688119,25.588955],[78.689097,25.589028],[78.689099,25.589028],[78.690067,25.588921],[78.690985,25.58882],[78.691187,25.588797],[78.691341,25.588746],[78.692576,25.588332],[78.693047,25.58815],[78.693755,25.587876],[78.693909,25.587817]]]}},{"type":"Feature","properties":{"OBJECTID":2620,"state_lgd":"09","state_name":"UTTAR PRADESH","district_lgd":"166","district_name":"JHANSI","district_name_source":"district_table","subdistrict_lgd":"859","subdistrict_name":"MAURANIPUR","subdistrict_type":"Tehsil","name_corrupted":false,"remarks":""},"geometry":{"type":"MultiPolygon","coordinates":[[[[79.134327,25.422804],[79.135091,25.423242],[79.135825,25.422887],[79.136916,25.422259],[79.137461,25.422033],[79.137947,25.421982],[79.138551,25.421633],[79.138727,25.421423],[79.138845,25.421229],[79.139021,25.420966],[79.139216,25.420826],[79.139684,25.420547],[79.140213,25.419756],[79.140252,25.419455],[79.140657,25.419314],[79.140766,25.419146],[79.140809,25.419079],[79.140835,25.419009],[79.140796,25.418968],[79.140746,25.418916],[79.140773,25.418916],[79.140843,25.418917],[79.140887,25.418919],[79.140947,25.418911],[79.140984,25.418901],[79.141033,25.418879],[79.141067,25.418857],[79.141134,25.418827],[79.141186,25.418811],[79.14123,25.418823],[79.141283,25.418837],[79.141321,25.418853],[79.141365,25.418884],[79.141416,25.418919],[79.141474,25.418959],[79.141544,25.419024],[79.141608,25.419076],[79.141663,25.419118],[79.141795,25.419202],[79.141945,25.419296],[79.142041,25.419355],[79.142092,25.419377],[79.142195,25.419423],[79.142293,25.419455],[79.142328,25.419463],[79.142345,25.419418],[79.142364,25.419301],[79.14238,25.419185],[79.14239,25.419114],[79.142389,25.419037],[79.142514,25.419041],[79.142708,25.41906],[79.142854,25.41907],[79.142851,25.419123],[79.14285,25.419159],[79.14286,25.419201],[79.142872,25.419235],[79.142891,25.419273],[79.142928,25.419307],[79.142972,25.419329],[79.143025,25.419325],[79.143147,25.419329],[79.143259,25.419323],[79.143308,25.419305],[79.143334,25.419292],[79.143347,25.419269],[79.143357,25.41925],[79.143371,25.419226],[79.143377,25.419198],[79.143366,25.419157],[79.143353,25.419119],[79.143319,25.419084],[79.143298,25.419041],[79.143257,25.418996],[79.143245,25.418975],[79.143222,25.418907],[79.143217,25.418866],[79.143217,25.418787],[79.143219,25.418738],[79.143224,25.418689],[79.143231,25.418646],[79.143238,25.418606],[79.143243,25.418558],[79.143248,25.418474],[79.143259,25.418424],[79.143295,25.418392],[79.143366,25.418332],[79.143437,25.418277],[79.143488,25.418231],[79.143562,25.418165],[79.143622,25.418115],[79.143718,25.418027],[79.143745,25.417994],[79.143783,25.417945],[79.143818,25.417894],[79.143869,25.4178],[79.143901,25.417731],[79.14392,25.41769],[79.143959,25.417597],[79.143975,25.417547],[79.144014,25.417402],[79.144061,25.417184],[79.144089,25.41704],[79.144128,25.416843],[79.144178,25.416645],[79.144217,25.416473],[79.144269,25.416304],[79.144302,25.416171],[79.144348,25.416146],[79.144451,25.41608],[79.144612,25.415974],[79.144683,25.415927],[79.144772,25.41597],[79.144901,25.416031],[79.14504,25.416107],[79.145083,25.416127],[79.145206,25.416203],[79.145247,25.416196],[79.145299,25.416173],[79.145336,25.416148],[79.145348,25.416122],[79.145346,25.41608],[79.14532,25.415972],[79.145298,25.415894],[79.145267,25.415789],[79.145245,25.415694],[79.145234,25.415579],[79.145237,25.415534],[79.1453,25.415489],[79.145364,25.41544],[79.145427,25.415389],[79.145553,25.41529],[79.145597,25.415266],[79.145639,25.415256],[79.145693,25.415244],[79.145749,25.415234],[79.145832,25.415226],[79.145928,25.41522],[79.145965,25.415215],[79.146036,25.415207],[79.146126,25.415196],[79.14623,25.415173],[79.146287,25.415158],[79.146348,25.41513],[79.14642,25.415099],[79.146478,25.41507],[79.146515,25.415053],[79.146547,25.415045],[79.146591,25.415045],[79.146693,25.415038],[79.146755,25.415029],[79.146807,25.415019],[79.146909,25.415],[79.147018,25.414989],[79.147115,25.414984],[79.147142,25.414972],[79.147179,25.414961],[79.147203,25.414954],[79.147222,25.414998],[79.147338,25.415253],[79.147433,25.415437],[79.147502,25.415568],[79.147592,25.415741],[79.147659,25.415879],[79.147718,25.416011],[79.147821,25.416228],[79.147882,25.416348],[79.147994,25.416587],[79.148037,25.416692],[79.148135,25.416901],[79.148288,25.417193],[79.148429,25.417472],[79.148525,25.417622],[79.148542,25.417654],[79.148565,25.417698],[79.148586,25.417714],[79.148768,25.417659],[79.148948,25.417606],[79.149249,25.417534],[79.149324,25.417517],[79.149369,25.417507],[79.149421,25.417637],[79.14947,25.417763],[79.149626,25.41773],[79.149933,25.417653],[79.150164,25.417593],[79.150319,25.41756],[79.150475,25.41754],[79.150508,25.417594],[79.150573,25.417672],[79.150673,25.417762],[79.150755,25.417856],[79.150862,25.417981],[79.150912,25.418056],[79.150972,25.418153],[79.15102,25.418266],[79.151035,25.418342],[79.151038,25.418446],[79.151051,25.418507],[79.151189,25.418482],[79.151292,25.418468],[79.15148,25.418432],[79.151572,25.418416],[79.151665,25.418389],[79.151725,25.418371],[79.151832,25.418339],[79.151904,25.418314],[79.15195,25.418291],[79.152148,25.418212],[79.152379,25.418131],[79.152455,25.418108],[79.152484,25.418111],[79.152504,25.418113],[79.152541,25.418187],[79.152584,25.418334],[79.152614,25.418461],[79.152704,25.418617],[79.152856,25.418857],[79.152954,25.41899],[79.153052,25.419093],[79.153095,25.419076],[79.153123,25.41906],[79.15321,25.418987],[79.15338,25.418885],[79.153439,25.418841],[79.153645,25.41873],[79.153728,25.418686],[79.153975,25.418547],[79.154446,25.41832],[79.154825,25.418148],[79.155201,25.417963],[79.155736,25.41771],[79.15624,25.417449],[79.156757,25.417181],[79.157149,25.417027],[79.157275,25.416978],[79.158015,25.416694],[79.158929,25.416362],[79.158776,25.416027],[79.158645,25.415709],[79.158611,25.415628],[79.158413,25.415246],[79.15813,25.414684],[79.158022,25.41447],[79.157743,25.413762],[79.157696,25.413652],[79.157611,25.413486],[79.157539,25.413347],[79.157403,25.412976],[79.157215,25.412642],[79.157183,25.412581],[79.157369,25.412381],[79.157607,25.412158],[79.157679,25.41209],[79.157913,25.411866],[79.158182,25.411595],[79.15843,25.411363],[79.158445,25.411349],[79.158498,25.411312],[79.15854,25.411278],[79.158515,25.4112],[79.158494,25.411144],[79.158387,25.410854],[79.158358,25.410794],[79.158129,25.410294],[79.157985,25.409957],[79.157832,25.409532],[79.157672,25.409082],[79.157577,25.408781],[79.157475,25.408554],[79.157255,25.408059],[79.157107,25.407809],[79.157003,25.407689],[79.156921,25.407624],[79.156832,25.407472],[79.156667,25.407211],[79.156475,25.406955],[79.156318,25.406767],[79.156188,25.40664],[79.15604,25.406487],[79.155896,25.40631],[79.155777,25.406137],[79.155602,25.405886],[79.155269,25.40537],[79.155225,25.405308],[79.155222,25.405294],[79.155218,25.405278],[79.155337,25.405253],[79.155328,25.405222],[79.155258,25.405064],[79.155092,25.404744],[79.155066,25.40471],[79.154867,25.404736],[79.154814,25.40473],[79.15466,25.404527],[79.15449,25.404271],[79.154407,25.404146],[79.154272,25.403921],[79.154094,25.403651],[79.153939,25.403361],[79.153895,25.403248],[79.153902,25.403213],[79.153922,25.403097],[79.153913,25.403048],[79.153848,25.402966],[79.153689,25.402782],[79.153562,25.402641],[79.153425,25.402481],[79.15331,25.402306],[79.153133,25.40199],[79.152994,25.401661],[79.15294,25.401575],[79.152748,25.401267],[79.152598,25.401008],[79.152439,25.400773],[79.152195,25.400442],[79.152086,25.400321],[79.151922,25.400099],[79.151683,25.399691],[79.151387,25.399236],[79.151167,25.398932],[79.151044,25.398757],[79.150982,25.398656],[79.150838,25.398421],[79.150705,25.398201],[79.150675,25.398147],[79.150993,25.39791],[79.151025,25.397899],[79.152202,25.397114],[79.15263,25.396923],[79.152962,25.396519],[79.15345,25.396063],[79.153704,25.395853],[79.15419,25.39575],[79.154654,25.395982],[79.155023,25.396001],[79.155528,25.395933],[79.155779,25.395988],[79.156436,25.39645],[79.156823,25.396681],[79.157131,25.396982],[79.157905,25.397339],[79.158736,25.397855],[79.159723,25.398266],[79.160226,25.398498],[79.160933,25.398616],[79.161706,25.399202],[79.162941,25.400161],[79.163536,25.401257],[79.164933,25.401282],[79.168231,25.400888],[79.168262,25.40088],[79.169789,25.40048],[79.171537,25.400172],[79.174041,25.400097],[79.175615,25.399735],[79.17686,25.399301],[79.177975,25.397896],[79.178838,25.39791],[79.179283,25.398159],[79.179766,25.398461],[79.179938,25.398867],[79.180402,25.399134],[79.181299,25.399258],[79.182036,25.399192],[79.182569,25.399397],[79.183093,25.3994],[79.18348,25.39949],[79.183741,25.399588],[79.184033,25.39959],[79.184352,25.39968],[79.184604,25.39976],[79.184982,25.399762],[79.185254,25.399764],[79.185429,25.399774],[79.185756,25.40011],[79.186674,25.400714],[79.187014,25.400725],[79.187578,25.401191],[79.188229,25.40115],[79.188672,25.401646],[79.188796,25.401955],[79.189365,25.402505],[79.190388,25.403312],[79.191087,25.404052],[79.19117,25.404678],[79.191672,25.405157],[79.192087,25.405468],[79.192465,25.405593],[79.19294,25.405604],[79.193628,25.405731],[79.194158,25.406178],[79.194217,25.406228],[79.194217,25.406223],[79.194083,25.402754],[79.194372,25.400094],[79.194089,25.397192],[79.194983,25.397055],[79.195182,25.396263],[79.195164,25.396016],[79.194893,25.395909],[79.194895,25.395609],[79.194896,25.395398],[79.194801,25.395133],[79.194695,25.394982],[79.194735,25.394824],[79.194987,25.394825],[79.195123,25.394756],[79.195144,25.394491],[79.19503,25.394244],[79.195031,25.393962],[79.194975,25.393662],[79.194821,25.393537],[79.194569,25.393395],[79.19422,25.393411],[79.194006,25.39341],[79.193833,25.393285],[79.193582,25.39309],[79.193271,25.393089],[79.192844,25.393192],[79.19263,25.393173],[79.192417,25.393084],[79.192283,25.39289],[79.192129,25.39273],[79.192014,25.3925],[79.192015,25.392306],[79.191958,25.392077],[79.191765,25.391882],[79.191534,25.391687],[79.191206,25.391262],[79.190801,25.390925],[79.190553,25.390201],[79.189948,25.389307],[79.189465,25.38897],[79.189098,25.388756],[79.188808,25.388525],[79.188597,25.388101],[79.188582,25.387484],[79.188566,25.386867],[79.188336,25.38646],[79.188319,25.386108],[79.188321,25.385737],[79.188323,25.38542],[79.188228,25.38519],[79.187852,25.384792],[79.187699,25.384438],[79.18774,25.384103],[79.187781,25.383822],[79.187783,25.383504],[79.187629,25.383327],[79.18763,25.383063],[79.187244,25.382726],[79.187581,25.38256],[79.18923,25.381749],[79.191234,25.38079],[79.193382,25.381682],[79.194035,25.382743],[79.194634,25.383134],[79.19506,25.383313],[79.195526,25.383963],[79.196,25.384265],[79.196376,25.384576],[79.196527,25.385176],[79.196726,25.385979],[79.196898,25.386386],[79.197275,25.386696],[79.197583,25.386998],[79.197746,25.387369],[79.198079,25.387525],[79.198515,25.387747],[79.198571,25.388056],[79.198803,25.388207],[79.199229,25.388341],[79.199412,25.388492],[79.199498,25.388704],[79.199594,25.388934],[79.19969,25.38912],[79.19992,25.3895],[79.200239,25.389713],[79.200519,25.389961],[79.200822,25.390338],[79.200811,25.390576],[79.201129,25.390815],[79.201506,25.391187],[79.201795,25.391436],[79.202017,25.391534],[79.202289,25.391535],[79.202386,25.391597],[79.202258,25.391782],[79.201976,25.392027],[79.201925,25.392309],[79.201885,25.392609],[79.202292,25.39347],[79.202553,25.393639],[79.20274,25.393146],[79.203226,25.39292],[79.2038,25.392667],[79.204617,25.392354],[79.205196,25.392974],[79.205818,25.392801],[79.206135,25.392507],[79.206485,25.392359],[79.20666,25.39236],[79.206748,25.39221],[79.206807,25.391999],[79.207002,25.391868],[79.207235,25.391869],[79.207496,25.391932],[79.207612,25.392012],[79.207826,25.392022],[79.208001,25.391891],[79.208168,25.391609],[79.208247,25.391398],[79.208451,25.391249],[79.208685,25.391154],[79.209161,25.390989],[79.209774,25.390763],[79.210468,25.390718],[79.210809,25.390384],[79.211804,25.389622],[79.212359,25.389211],[79.212816,25.389064],[79.213701,25.388707],[79.214773,25.388761],[79.215645,25.388844],[79.216313,25.389174],[79.217009,25.389609],[79.21756,25.389806],[79.218716,25.390398],[79.21921,25.390594],[79.219617,25.390579],[79.219967,25.39044],[79.220443,25.390389],[79.221015,25.390462],[79.221529,25.390439],[79.223842,25.389088],[79.226291,25.388245],[79.22923,25.387665],[79.230297,25.387688],[79.232351,25.387297],[79.233429,25.38866],[79.23423,25.389484],[79.23543,25.390764],[79.236965,25.390401],[79.2371,25.392129],[79.237291,25.393386],[79.236978,25.393887],[79.237193,25.394664],[79.237193,25.394664],[79.239661,25.393971],[79.240495,25.394067],[79.240802,25.394006],[79.241816,25.393805],[79.243292,25.393566],[79.246583,25.391642],[79.24856,25.390595],[79.254674,25.3881],[79.258278,25.386324],[79.261211,25.384647],[79.262812,25.383665],[79.263523,25.383313],[79.26553,25.383391],[79.266846,25.383347],[79.26793,25.383104],[79.269386,25.382347],[79.273904,25.380802],[79.277159,25.380046],[79.280389,25.379015],[79.284832,25.37755],[79.287302,25.376794],[79.291475,25.376331],[79.294208,25.376057],[79.298143,25.375477],[79.298079,25.375215],[79.298004,25.37471],[79.29795,25.374268],[79.297896,25.37383],[79.297836,25.373545],[79.297737,25.373126],[79.297663,25.372602],[79.297356,25.370494],[79.297272,25.369885],[79.297228,25.369108],[79.297193,25.368603],[79.297134,25.368084],[79.296812,25.367429],[79.296658,25.367176],[79.296474,25.366923],[79.296117,25.366544],[79.29563,25.366142],[79.295317,25.365839],[79.295129,25.365596],[79.295025,25.365415],[79.295035,25.364932],[79.29507,25.364594],[79.295115,25.36412],[79.295165,25.363664],[79.295245,25.36338],[79.295369,25.362806],[79.295509,25.362125],[79.295574,25.361371],[79.295569,25.36055],[79.295495,25.359949],[79.295411,25.359543],[79.295257,25.35911],[79.294979,25.35873],[79.294493,25.358008],[79.293962,25.357317],[79.293436,25.356689],[79.292786,25.355908],[79.291495,25.354368],[79.290557,25.353519],[79.290482,25.353465],[79.290418,25.353452],[79.290199,25.353488],[79.289365,25.353604],[79.289275,25.3536],[79.289211,25.3536],[79.289062,25.353464],[79.288858,25.353202],[79.288834,25.353144],[79.288858,25.35304],[79.289137,25.352634],[79.289187,25.35244],[79.289122,25.352219],[79.288983,25.351844],[79.288894,25.351636],[79.288418,25.350914],[79.288125,25.350345],[79.287818,25.349762],[79.287515,25.349036],[79.287391,25.348656],[79.287352,25.348507],[79.287347,25.348291],[79.287223,25.347758],[79.287124,25.347424],[79.287025,25.347072],[79.286891,25.346751],[79.286663,25.346101],[79.286137,25.344742],[79.286008,25.344435],[79.285986,25.344395],[79.285964,25.344354],[79.285954,25.344341],[79.28576,25.344124],[79.285612,25.343912],[79.285358,25.343523],[79.284441,25.342146],[79.283672,25.341148],[79.28318,25.340489],[79.282689,25.339979],[79.282476,25.339726],[79.282113,25.339188],[79.282009,25.338994],[79.281776,25.33861],[79.281558,25.338222],[79.281409,25.337825],[79.281261,25.337364],[79.280934,25.336421],[79.280775,25.335906],[79.280671,25.335477],[79.280473,25.33461],[79.280374,25.333798],[79.28032,25.333162],[79.280201,25.33257],[79.280008,25.331843],[79.279716,25.331247],[79.279454,25.329695],[79.279292,25.327366],[79.278953,25.323985],[79.278898,25.32399],[79.278895,25.323962],[79.278882,25.323838],[79.278794,25.322996],[79.278661,25.321726],[79.278631,25.321447],[79.27863,25.321431],[79.278616,25.321296],[79.278602,25.321167],[79.278572,25.320879],[79.278339,25.320181],[79.278329,25.320152],[79.274872,25.315488],[79.274425,25.31492],[79.273711,25.314012],[79.273482,25.313721],[79.273143,25.313291],[79.272679,25.312701],[79.270543,25.309753],[79.270517,25.309716],[79.269897,25.30833],[79.269774,25.307897],[79.268981,25.305116],[79.268838,25.30381],[79.268454,25.300313],[79.268346,25.298345],[79.268094,25.293742],[79.268,25.292021],[79.268001,25.290462],[79.268004,25.287413],[79.267817,25.286316],[79.267742,25.28587],[79.26753,25.284623],[79.267376,25.284174],[79.267154,25.283525],[79.266777,25.282424],[79.26624,25.281209],[79.266205,25.28113],[79.265521,25.279583],[79.264728,25.277792],[79.264403,25.277042],[79.26427,25.276735],[79.264082,25.276311],[79.264081,25.276308],[79.264081,25.276308],[79.263737,25.275515],[79.262819,25.273394],[79.262946,25.272694],[79.263038,25.272185],[79.263039,25.272184],[79.263636,25.270824],[79.26375,25.270565],[79.264051,25.269883],[79.264466,25.268945],[79.264925,25.268343],[79.266762,25.265932],[79.26735,25.265375],[79.268303,25.264475],[79.269519,25.263325],[79.271734,25.261638],[79.272995,25.260921],[79.273506,25.260631],[79.273542,25.260611],[79.273543,25.260613],[79.273547,25.26061],[79.274632,25.259841],[79.275479,25.25924],[79.27684,25.257607],[79.27771,25.255468],[79.278208,25.25327],[79.278085,25.251636],[79.277718,25.25052],[79.277371,25.250122],[79.277035,25.24907],[79.277221,25.248018],[79.278022,25.246692],[79.279333,25.244762],[79.279252,25.244729],[79.280559,25.243128],[79.281433,25.242032],[79.282297,25.240714],[79.283446,25.238213],[79.283448,25.238209],[79.283555,25.237975],[79.283972,25.236642],[79.28398,25.236618],[79.284475,25.235033],[79.285286,25.23191],[79.285534,25.230894],[79.285537,25.230881],[79.285595,25.230642],[79.28562,25.230436],[79.285621,25.230424],[79.285683,25.229918],[79.285815,25.228824],[79.285959,25.227636],[79.286009,25.226313],[79.286071,25.224693],[79.285963,25.223271],[79.285733,25.221974],[79.285693,25.221746],[79.285434,25.220279],[79.285416,25.220223],[79.285413,25.220215],[79.284959,25.218829],[79.28456,25.217911],[79.28456,25.217911],[79.284383,25.217502],[79.284081,25.216803],[79.283151,25.214644],[79.282596,25.213272],[79.282235,25.21175],[79.28182,25.208907],[79.281763,25.205864],[79.281849,25.204393],[79.282018,25.202922],[79.28209,25.20234],[79.282097,25.202284],[79.282383,25.199979],[79.282407,25.199815],[79.282556,25.198816],[79.282727,25.197673],[79.28273,25.197652],[79.282831,25.196969],[79.282967,25.196335],[79.282971,25.196316],[79.283184,25.195319],[79.283185,25.195314],[79.283444,25.194103],[79.284617,25.191188],[79.284627,25.191178],[79.284627,25.191177],[79.285467,25.19033],[79.285649,25.190146],[79.285675,25.190118],[79.285685,25.190106],[79.287714,25.187904],[79.290027,25.185797],[79.290189,25.185673],[79.290194,25.18567],[79.290994,25.185055],[79.291029,25.185029],[79.292008,25.184277],[79.292095,25.184241],[79.292098,25.184239],[79.292245,25.184178],[79.292213,25.184154],[79.292215,25.184153],[79.294741,25.182501],[79.297655,25.181047],[79.302331,25.179],[79.30442,25.178132],[79.304473,25.178165],[79.304475,25.178164],[79.304899,25.177901],[79.305071,25.177797],[79.305084,25.177789],[79.305316,25.177648],[79.305711,25.177407],[79.305719,25.177402],[79.306322,25.177036],[79.30644,25.176929],[79.306753,25.176645],[79.306758,25.176639],[79.307464,25.175998],[79.308665,25.174653],[79.309122,25.174008],[79.309824,25.173014],[79.310396,25.172203],[79.310397,25.172203],[79.310447,25.172131],[79.310521,25.171983],[79.310521,25.171983],[79.310974,25.171073],[79.311125,25.170769],[79.311127,25.170766],[79.311256,25.170506],[79.311299,25.170191],[79.3113,25.170188],[79.31145,25.169085],[79.311494,25.168911],[79.311703,25.168072],[79.311843,25.16751],[79.312375,25.164847],[79.312822,25.163579],[79.313626,25.161877],[79.313997,25.161356],[79.314544,25.160587],[79.317279,25.157185],[79.319288,25.154829],[79.320342,25.153522],[79.321293,25.152343],[79.321946,25.151451],[79.322409,25.150818],[79.322826,25.150271],[79.322833,25.150261],[79.322911,25.150159],[79.322953,25.150096],[79.322957,25.15009],[79.323134,25.14983],[79.323079,25.149778],[79.322839,25.149556],[79.322574,25.14931],[79.322545,25.149292],[79.3218,25.148831],[79.32143,25.148357],[79.321383,25.14828],[79.321382,25.148278],[79.321359,25.14824],[79.320873,25.14819],[79.320719,25.148211],[79.320679,25.148216],[79.32067,25.148217],[79.320353,25.14819],[79.320105,25.148176],[79.319901,25.148131],[79.319698,25.148032],[79.319653,25.148008],[79.31943,25.147887],[79.319366,25.147747],[79.319313,25.147712],[79.319305,25.147707],[79.319257,25.147675],[79.319215,25.147675],[79.319208,25.147675],[79.319103,25.147675],[79.319036,25.147686],[79.319026,25.147687],[79.318929,25.147702],[79.318724,25.147783],[79.318711,25.147788],[79.3187,25.14779],[79.318692,25.147792],[79.318483,25.147841],[79.318476,25.147842],[79.318458,25.147846],[79.31827,25.14786],[79.318161,25.147826],[79.318153,25.147823],[79.318037,25.147787],[79.317902,25.147742],[79.317887,25.147736],[79.317879,25.147734],[79.317784,25.147702],[79.31742,25.147479],[79.317414,25.147475],[79.317392,25.147462],[79.317194,25.147412],[79.316989,25.147372],[79.316847,25.147345],[79.316631,25.147338],[79.316609,25.147337],[79.316262,25.147326],[79.316138,25.147331],[79.315543,25.1472],[79.31526,25.147145],[79.315116,25.146906],[79.315082,25.146689],[79.315082,25.146364],[79.315082,25.146252],[79.315082,25.146241],[79.315082,25.14608],[79.315056,25.145997],[79.315054,25.145991],[79.314973,25.145737],[79.314899,25.145421],[79.314974,25.14492],[79.315048,25.144748],[79.315049,25.144745],[79.315133,25.14455],[79.315117,25.144447],[79.315116,25.144446],[79.315068,25.144135],[79.31488,25.143737],[79.314865,25.143394],[79.31488,25.143024],[79.314879,25.142998],[79.314875,25.142948],[79.314866,25.142794],[79.314861,25.142785],[79.31486,25.142782],[79.314618,25.142297],[79.314554,25.141968],[79.314633,25.141295],[79.31449,25.140979],[79.314351,25.140641],[79.314302,25.140298],[79.314322,25.139842],[79.314287,25.139314],[79.314099,25.138998],[79.314087,25.138903],[79.314025,25.138411],[79.313946,25.137599],[79.313832,25.136976],[79.313723,25.136506],[79.313654,25.136235],[79.313193,25.136059],[79.312972,25.136031],[79.312918,25.136024],[79.3123,25.135946],[79.311547,25.135882],[79.311235,25.135808],[79.311234,25.135808],[79.311225,25.135805],[79.311076,25.135133],[79.310888,25.133928],[79.310264,25.134075],[79.310244,25.13408],[79.309688,25.134211],[79.309515,25.133115],[79.309474,25.133072],[79.309472,25.13307],[79.309391,25.132988],[79.309139,25.132834],[79.309055,25.132609],[79.309,25.132368],[79.308999,25.132362],[79.308866,25.131771],[79.308863,25.131758],[79.308827,25.131598],[79.308683,25.130984],[79.308623,25.130782],[79.308621,25.130774],[79.308599,25.130704],[79.308426,25.130441],[79.308408,25.130413],[79.308332,25.130297],[79.30831,25.130244],[79.308304,25.130231],[79.308253,25.130108],[79.308039,25.129878],[79.307924,25.129846],[79.307919,25.129844],[79.307628,25.129765],[79.307306,25.129466],[79.306974,25.129313],[79.306007,25.129525],[79.30511,25.129703],[79.304995,25.129726],[79.304807,25.129763],[79.304723,25.129784],[79.30461,25.129811],[79.30442,25.129858],[79.3044,25.129949],[79.304361,25.130125],[79.304357,25.130143],[79.304208,25.13035],[79.303797,25.13039],[79.303764,25.130394],[79.303192,25.13045],[79.303176,25.130452],[79.303165,25.130453],[79.302223,25.130498],[79.301311,25.130642],[79.300777,25.130806],[79.300312,25.130949],[79.300296,25.130954],[79.300081,25.13102],[79.299243,25.131327],[79.299188,25.131361],[79.299182,25.131365],[79.298935,25.131521],[79.297993,25.131877],[79.297965,25.13188],[79.29661,25.132016],[79.296388,25.132012],[79.296351,25.132011],[79.295875,25.132002],[79.295867,25.132002],[79.295643,25.131997],[79.295517,25.131889],[79.295512,25.131885],[79.295375,25.131767],[79.295251,25.131767],[79.295147,25.131757],[79.295141,25.131756],[79.294969,25.13174],[79.294765,25.131622],[79.294619,25.131518],[79.29461,25.131512],[79.294468,25.13141],[79.294324,25.131365],[79.294216,25.131341],[79.294205,25.131338],[79.294141,25.131324],[79.294082,25.131285],[79.294071,25.131278],[79.293903,25.131166],[79.293821,25.131106],[79.29381,25.131097],[79.29367,25.130994],[79.293579,25.130868],[79.293484,25.130773],[79.292884,25.130772],[79.29275,25.1307],[79.292413,25.130528],[79.292413,25.130528],[79.29218,25.130695],[79.292055,25.130707],[79.291964,25.130759],[79.291523,25.130813],[79.290993,25.130898],[79.290953,25.130924],[79.29095,25.130926],[79.290774,25.131042],[79.29068,25.131178],[79.290678,25.131181],[79.290561,25.131349],[79.290318,25.131484],[79.289817,25.13157],[79.289475,25.131484],[79.289071,25.131344],[79.289063,25.131341],[79.289019,25.131326],[79.288989,25.131326],[79.28885,25.131326],[79.288821,25.131326],[79.288706,25.131326],[79.28833,25.131384],[79.287864,25.131537],[79.28711,25.131862],[79.286786,25.131542],[79.28658,25.131471],[79.286432,25.131391],[79.286376,25.131229],[79.286399,25.131204],[79.2864,25.131202],[79.286565,25.131017],[79.286803,25.13086],[79.286972,25.130688],[79.287081,25.13049],[79.287103,25.130449],[79.287105,25.130446],[79.287186,25.130299],[79.287273,25.130242],[79.287275,25.130241],[79.287458,25.13012],[79.287582,25.129948],[79.287647,25.12979],[79.287915,25.129434],[79.287904,25.129129],[79.287903,25.129105],[79.2879,25.129005],[79.287865,25.128734],[79.288035,25.128317],[79.287896,25.127782],[79.287475,25.127019],[79.286148,25.124757],[79.284617,25.12197],[79.284598,25.121935],[79.284578,25.121896],[79.284203,25.121156],[79.284078,25.120911],[79.283616,25.120002],[79.283414,25.119605],[79.283306,25.119393],[79.283081,25.118766],[79.283079,25.118761],[79.283059,25.118702],[79.283057,25.118697],[79.282965,25.11844],[79.28281,25.118105],[79.282575,25.117595],[79.282549,25.117537],[79.282506,25.117533],[79.282362,25.117521],[79.282269,25.117513],[79.282239,25.11751],[79.282021,25.117491],[79.282018,25.117491],[79.281992,25.117489],[79.281974,25.117487],[79.281813,25.117532],[79.281701,25.117564],[79.281342,25.117606],[79.280873,25.117662],[79.280851,25.117712],[79.28085,25.117714],[79.280823,25.117775],[79.280699,25.11782],[79.280655,25.117824],[79.280576,25.117832],[79.280571,25.117832],[79.280494,25.11784],[79.280448,25.117844],[79.280445,25.117844],[79.280417,25.117847],[79.280278,25.117648],[79.280157,25.117562],[79.280155,25.11756],[79.280139,25.117549],[79.279996,25.11759],[79.279739,25.117675],[79.279706,25.117686],[79.279698,25.117689],[79.279697,25.117689],[79.279691,25.117688],[79.279668,25.117687],[79.279586,25.117683],[79.279168,25.117661],[79.279124,25.117647],[79.279115,25.117644],[79.278558,25.117462],[79.278521,25.117459],[79.278514,25.117459],[79.278345,25.117444],[79.27834,25.117444],[79.278181,25.11743],[79.278098,25.117506],[79.278098,25.117506],[79.277978,25.117615],[79.277898,25.117886],[79.277906,25.11803],[79.277906,25.11803],[79.277913,25.118143],[79.277838,25.118251],[79.277838,25.118252],[79.277812,25.118289],[79.277811,25.118291],[79.277804,25.118301],[79.277738,25.118322],[79.277722,25.118327],[79.277571,25.118373],[79.277552,25.118398],[79.27755,25.1184],[79.277532,25.118423],[79.277471,25.118501],[79.27747,25.118503],[79.277461,25.118513],[79.277491,25.11873],[79.277597,25.118916],[79.2776,25.118922],[79.27763,25.118974],[79.277773,25.119145],[79.277782,25.119214],[79.277791,25.119291],[79.277791,25.119295],[79.277798,25.119353],[79.277799,25.119363],[79.277832,25.119642],[79.27781,25.119705],[79.277809,25.119707],[79.277761,25.11984],[79.27776,25.119841],[79.277723,25.119944],[79.277676,25.11997],[79.277676,25.11997],[79.277555,25.120035],[79.277551,25.120038],[79.277498,25.120067],[79.27744,25.120098],[79.277014,25.120151],[79.276877,25.120225],[79.276871,25.120228],[79.276771,25.120282],[79.276738,25.120334],[79.276736,25.120337],[79.276597,25.120553],[79.276438,25.120604],[79.276436,25.120605],[79.27627,25.120659],[79.276267,25.12066],[79.276235,25.12067],[79.275953,25.120539],[79.275546,25.12034],[79.275325,25.120376],[79.275323,25.120376],[79.275298,25.120381],[79.275296,25.120406],[79.275296,25.120408],[79.27529,25.120462],[79.27529,25.120465],[79.275283,25.120525],[79.275358,25.120696],[79.275409,25.120975],[79.27541,25.120979],[79.275437,25.121125],[79.275174,25.121197],[79.274971,25.121241],[79.274961,25.121243],[79.274921,25.121251],[79.274921,25.121436],[79.274896,25.121651],[79.274896,25.121653],[79.274891,25.121694],[79.274623,25.121739],[79.27439,25.121608],[79.274305,25.121533],[79.274303,25.121531],[79.274287,25.121517],[79.274261,25.121495],[79.274121,25.121511],[79.273873,25.121539],[79.273861,25.121541],[79.27379,25.121549],[79.273462,25.12199],[79.273454,25.122001],[79.273418,25.122049],[79.273363,25.122111],[79.27335,25.122126],[79.27315,25.122352],[79.272945,25.122473],[79.272835,25.122539],[79.272832,25.12254],[79.272793,25.122563],[79.272669,25.122559],[79.272668,25.122533],[79.272668,25.122531],[79.272659,25.122333],[79.2726,25.12204],[79.272557,25.12194],[79.272555,25.121935],[79.272515,25.121841],[79.272511,25.121833],[79.272476,25.121751],[79.272352,25.121579],[79.272312,25.121543],[79.272306,25.121538],[79.272261,25.121498],[79.272249,25.121487],[79.272164,25.121412],[79.271887,25.121222],[79.271765,25.121156],[79.271747,25.121146],[79.271515,25.121019],[79.271208,25.120838],[79.270975,25.120725],[79.270633,25.120585],[79.270511,25.120562],[79.270416,25.120544],[79.270408,25.120543],[79.270321,25.120526],[79.270207,25.120531],[79.270008,25.120539],[79.269681,25.120598],[79.269413,25.120697],[79.269229,25.120791],[79.269218,25.120796],[79.269165,25.120823],[79.268977,25.120936],[79.2689,25.120941],[79.268895,25.120941],[79.268759,25.120949],[79.268663,25.120921],[79.268642,25.120915],[79.268555,25.120889],[79.268534,25.120883],[79.268481,25.120868],[79.268468,25.120853],[79.268456,25.12084],[79.268453,25.120836],[79.268445,25.120827],[79.268432,25.120813],[79.268417,25.120795],[79.268394,25.120804],[79.268353,25.120818],[79.268119,25.120904],[79.267901,25.121021],[79.267727,25.121143],[79.267454,25.121305],[79.267293,25.121371],[79.267246,25.12139],[79.267038,25.121453],[79.26679,25.121462],[79.266408,25.121453],[79.266253,25.121453],[79.2661,25.121452],[79.266036,25.121453],[79.266031,25.121453],[79.265983,25.121459],[79.265973,25.121461],[79.265959,25.121463],[79.265902,25.121471],[79.265873,25.121489],[79.265797,25.121537],[79.265797,25.121537],[79.265694,25.121601],[79.265674,25.121796],[79.265665,25.121886],[79.265665,25.121886],[79.265644,25.122107],[79.265571,25.122181],[79.265571,25.122181],[79.265515,25.122238],[79.265252,25.122319],[79.264597,25.122837],[79.263263,25.123595],[79.261837,25.12417],[79.261441,25.124329],[79.261319,25.124379],[79.26073,25.124744],[79.259905,25.125258],[79.260231,25.125768],[79.260723,25.126065],[79.26191,25.126784],[79.26203,25.126857],[79.2624,25.12708],[79.263562,25.127779],[79.263993,25.128181],[79.264042,25.128244],[79.264285,25.12866],[79.264354,25.128922],[79.264368,25.12936],[79.264432,25.129752],[79.264596,25.130208],[79.264774,25.130696],[79.264978,25.131515],[79.265055,25.131843],[79.265109,25.132285],[79.265054,25.132659],[79.265049,25.132935],[79.264975,25.133219],[79.264945,25.133427],[79.264927,25.133553],[79.264915,25.133639],[79.26489,25.133774],[79.2649,25.133874],[79.264916,25.133903],[79.264954,25.133973],[79.265058,25.134063],[79.265232,25.134203],[79.265455,25.134389],[79.265503,25.134408],[79.265732,25.134502],[79.266124,25.134633],[79.26656,25.134818],[79.266714,25.134985],[79.266718,25.134989],[79.266718,25.13499],[79.266719,25.134991],[79.26672,25.134997],[79.266763,25.135202],[79.266842,25.135572],[79.266876,25.136014],[79.266906,25.136285],[79.267114,25.136601],[79.267451,25.136927],[79.267842,25.137184],[79.268008,25.137287],[79.268025,25.137298],[79.26809,25.137338],[79.268248,25.13741],[79.268452,25.137636],[79.268484,25.137681],[79.268496,25.137698],[79.268625,25.13788],[79.268719,25.13811],[79.268809,25.138433],[79.268809,25.138435],[79.268813,25.138449],[79.268654,25.138454],[79.268634,25.138454],[79.268342,25.138463],[79.267935,25.138475],[79.267533,25.138585],[79.267521,25.138589],[79.26731,25.138646],[79.266863,25.138772],[79.266497,25.138876],[79.266136,25.138905],[79.266125,25.138906],[79.265842,25.13893],[79.265541,25.139042],[79.265528,25.139047],[79.265415,25.139089],[79.26541,25.139091],[79.265153,25.139186],[79.264667,25.139529],[79.264185,25.140183],[79.263967,25.14044],[79.26359,25.140693],[79.26354,25.140711],[79.263857,25.141167],[79.264342,25.142165],[79.265758,25.14473],[79.266441,25.146229],[79.266442,25.146229],[79.266456,25.14626],[79.265928,25.147259],[79.265925,25.147265],[79.26586,25.147388],[79.26578,25.147754],[79.265703,25.148223],[79.265702,25.148229],[79.265614,25.148767],[79.265613,25.148778],[79.265546,25.149189],[79.265031,25.151177],[79.264889,25.151725],[79.264432,25.152339],[79.264018,25.152597],[79.264013,25.1526],[79.263941,25.152645],[79.263905,25.152631],[79.263902,25.15263],[79.26384,25.152607],[79.263833,25.152604],[79.263633,25.152528],[79.263272,25.15227],[79.262797,25.152124],[79.262795,25.152124],[79.262652,25.15208],[79.262265,25.152387],[79.262115,25.15251],[79.262106,25.152517],[79.262007,25.152599],[79.261597,25.152729],[79.26157,25.152737],[79.260567,25.153056],[79.260533,25.153067],[79.260474,25.153113],[79.260474,25.153113],[79.260439,25.15314],[79.260237,25.153297],[79.259078,25.154196],[79.259077,25.154197],[79.258813,25.154401],[79.25826,25.15483],[79.257877,25.155116],[79.257816,25.155162],[79.257253,25.155583],[79.257094,25.155804],[79.257064,25.156079],[79.257064,25.156269],[79.25694,25.156463],[79.256791,25.156544],[79.256642,25.156652],[79.256458,25.156927],[79.256368,25.157092],[79.256367,25.157094],[79.256339,25.157144],[79.25619,25.157198],[79.25599,25.157198],[79.255984,25.157198],[79.255952,25.157198],[79.255679,25.157279],[79.25562,25.1575],[79.25556,25.157689],[79.255582,25.157841],[79.255582,25.157842],[79.255556,25.157864],[79.255554,25.157865],[79.255485,25.157884],[79.255479,25.157886],[79.255198,25.157964],[79.25496,25.157824],[79.254657,25.157716],[79.25427,25.157824],[79.253968,25.157796],[79.253714,25.157771],[79.25371,25.15777],[79.2537,25.157769],[79.253687,25.157776],[79.25368,25.157779],[79.253427,25.157909],[79.253249,25.158044],[79.252916,25.158319],[79.252766,25.158334],[79.252723,25.158339],[79.252648,25.158346],[79.252512,25.158368],[79.252434,25.158381],[79.252316,25.1584],[79.252226,25.158617],[79.252077,25.158919],[79.251834,25.159189],[79.251506,25.159383],[79.251328,25.159383],[79.251321,25.159383],[79.251317,25.159382],[79.250996,25.159356],[79.250867,25.159395],[79.250861,25.159397],[79.250728,25.159437],[79.250366,25.159328],[79.250236,25.159254],[79.250223,25.159246],[79.250123,25.159188],[79.25,25.159143],[79.25,25.159143],[79.249974,25.159134],[79.249955,25.159134],[79.24995,25.159134],[79.249903,25.159134],[79.2499,25.159134],[79.249825,25.159134],[79.249767,25.159187],[79.249764,25.159189],[79.249677,25.159269],[79.249493,25.159436],[79.249195,25.159544],[79.248952,25.159489],[79.248714,25.159214],[79.248603,25.159064],[79.248599,25.159058],[79.24854,25.15898],[79.248412,25.158807],[79.248235,25.15851],[79.248071,25.158384],[79.248054,25.15837],[79.247702,25.158447],[79.247473,25.158547],[79.247265,25.158632],[79.247087,25.158718],[79.246571,25.1588],[79.246323,25.158877],[79.245976,25.159017],[79.245861,25.159031],[79.245823,25.159035],[79.245736,25.159031],[79.245475,25.159018],[79.245282,25.158968],[79.245004,25.158968],[79.244761,25.159005],[79.244598,25.15905],[79.244503,25.159032],[79.244394,25.158969],[79.244211,25.158856],[79.243933,25.158685],[79.243685,25.158527],[79.243471,25.158405],[79.243312,25.158387],[79.243129,25.158388],[79.242802,25.15846],[79.242435,25.158546],[79.242217,25.15856],[79.242033,25.158528],[79.241845,25.158438],[79.241681,25.158317],[79.241527,25.158172],[79.241289,25.158037],[79.240971,25.157915],[79.240272,25.15778],[79.23992,25.157668],[79.239756,25.1576],[79.239552,25.157397],[79.239354,25.157122],[79.239324,25.157059],[79.239011,25.156721],[79.238659,25.156468],[79.238222,25.15618],[79.237954,25.156067],[79.237686,25.155991],[79.23719,25.15577],[79.236813,25.155648],[79.236631,25.155544],[79.236625,25.15554],[79.236511,25.15545],[79.236089,25.155197],[79.235548,25.154986],[79.234923,25.154806],[79.234601,25.15477],[79.234491,25.154711],[79.234318,25.154504],[79.233995,25.154323],[79.233663,25.15422],[79.233445,25.154157],[79.233345,25.154103],[79.233132,25.153913],[79.232829,25.153683],[79.232502,25.153485],[79.232338,25.153386],[79.232293,25.153259],[79.232268,25.153101],[79.232248,25.152731],[79.232253,25.15246],[79.232238,25.152072],[79.232019,25.151639],[79.231682,25.151265],[79.231334,25.150981],[79.230863,25.150638],[79.230213,25.150304],[79.229518,25.149998],[79.229136,25.149754],[79.228655,25.149403],[79.228268,25.149173],[79.22803,25.149069],[79.227474,25.148916],[79.227182,25.14884],[79.226844,25.148691],[79.226581,25.148552],[79.226507,25.148524],[79.226003,25.14823],[79.225951,25.148199],[79.225485,25.147839],[79.225284,25.147664],[79.224929,25.147356],[79.224765,25.147018],[79.224626,25.146801],[79.224591,25.146706],[79.224396,25.14641],[79.224323,25.1463],[79.224159,25.146048],[79.224189,25.146045],[79.224358,25.146029],[79.224764,25.145668],[79.22577,25.145366],[79.226088,25.14527],[79.226088,25.14527],[79.226412,25.145212],[79.227704,25.14498],[79.228032,25.144908],[79.228592,25.144785],[79.229543,25.14446],[79.229543,25.14446],[79.231204,25.143493],[79.232457,25.142774],[79.232464,25.14277],[79.232527,25.142733],[79.232907,25.142488],[79.23385,25.141879],[79.234099,25.141729],[79.234663,25.141387],[79.235654,25.140795],[79.235654,25.140795],[79.235846,25.140711],[79.236338,25.140496],[79.236495,25.140463],[79.236765,25.140406],[79.237057,25.140333],[79.237334,25.140297],[79.237335,25.140297],[79.237352,25.140297],[79.237806,25.140297],[79.238617,25.1403],[79.238629,25.1403],[79.238718,25.14044],[79.238912,25.140612],[79.239112,25.140728],[79.23916,25.140756],[79.239179,25.140759],[79.239287,25.140774],[79.239314,25.140778],[79.239596,25.140778],[79.239745,25.140786],[79.239914,25.140796],[79.240915,25.14075],[79.241241,25.140633],[79.241252,25.140629],[79.241292,25.140614],[79.241351,25.140609],[79.241368,25.140607],[79.241535,25.140592],[79.241535,25.140592],[79.241763,25.140591],[79.242002,25.140479],[79.242009,25.140476],[79.24216,25.140406],[79.24216,25.140406],[79.242516,25.14023],[79.242735,25.140243],[79.242735,25.140243],[79.242803,25.140266],[79.242897,25.140298],[79.243002,25.140333],[79.243169,25.140326],[79.243221,25.140324],[79.243553,25.140206],[79.243682,25.14014],[79.243781,25.140089],[79.244038,25.140052],[79.24408,25.140059],[79.244629,25.140151],[79.24502,25.140133],[79.245241,25.140113],[79.245287,25.140109],[79.245377,25.140101],[79.245377,25.140101],[79.24562,25.140087],[79.24562,25.140087],[79.245824,25.140146],[79.246004,25.140215],[79.246082,25.140245],[79.246144,25.140252],[79.246313,25.140271],[79.24632,25.140272],[79.246513,25.140317],[79.246682,25.140271],[79.246803,25.140174],[79.24682,25.140161],[79.246845,25.14014],[79.246852,25.140138],[79.247014,25.140072],[79.247153,25.140081],[79.247153,25.140081],[79.247172,25.140086],[79.247181,25.140088],[79.247306,25.140116],[79.24751,25.140162],[79.247708,25.140187],[79.247746,25.140191],[79.247802,25.140198],[79.247802,25.140198],[79.247842,25.14018],[79.247981,25.140117],[79.24806,25.140117],[79.248159,25.140139],[79.248237,25.140183],[79.248263,25.140198],[79.248292,25.14025],[79.248406,25.140453],[79.248486,25.140631],[79.248744,25.140545],[79.248823,25.140356],[79.248823,25.140239],[79.248888,25.140198],[79.249061,25.14027],[79.24922,25.140298],[79.249304,25.140095],[79.24924,25.139873],[79.249141,25.139643],[79.249077,25.13944],[79.2491,25.139367],[79.249142,25.139232],[79.249285,25.139133],[79.24937,25.139116],[79.249593,25.13907],[79.24994,25.138714],[79.249514,25.13824],[79.249436,25.138178],[79.249419,25.138164],[79.24893,25.137779],[79.248928,25.137778],[79.248653,25.137596],[79.248533,25.137517],[79.247501,25.136412],[79.247094,25.1361],[79.246508,25.135374],[79.246252,25.135001],[79.246111,25.134797],[79.245713,25.133587],[79.24539,25.132346],[79.245145,25.13116],[79.245042,25.130713],[79.245025,25.130636],[79.244872,25.129973],[79.244623,25.128804],[79.2444,25.128042],[79.244239,25.127491],[79.244031,25.126725],[79.243886,25.126191],[79.243661,25.125104],[79.243617,25.124891],[79.243407,25.124282],[79.243397,25.124252],[79.24319,25.12365],[79.243035,25.122982],[79.243094,25.12259],[79.243238,25.122274],[79.243475,25.121921],[79.243649,25.121777],[79.244615,25.121058],[79.244724,25.120964],[79.245351,25.120401],[79.245688,25.120098],[79.245962,25.119852],[79.246116,25.119668],[79.246982,25.118633],[79.247755,25.117458],[79.247762,25.117446],[79.248091,25.116862],[79.248175,25.11642],[79.24814,25.116276],[79.247942,25.115924],[79.247678,25.115707],[79.247375,25.115564],[79.247113,25.115441],[79.246783,25.115221],[79.246647,25.11513],[79.24648,25.114963],[79.246266,25.114749],[79.245823,25.114305],[79.245436,25.113976],[79.245143,25.11385],[79.24443,25.113605],[79.244315,25.113566],[79.243745,25.113485],[79.243341,25.113441],[79.242505,25.113351],[79.242167,25.113333],[79.241443,25.113296],[79.240855,25.113266],[79.240373,25.113262],[79.240369,25.113262],[79.240178,25.113429],[79.240002,25.113583],[79.23991,25.113752],[79.239905,25.113762],[79.23978,25.113993],[79.239779,25.113994],[79.239773,25.113998],[79.239625,25.114082],[79.23947,25.114172],[79.239433,25.114193],[79.239415,25.114213],[79.239386,25.114246],[79.23923,25.114423],[79.239051,25.11446],[79.238902,25.114491],[79.238463,25.114658],[79.237881,25.11488],[79.237398,25.11507],[79.237344,25.115091],[79.237079,25.115196],[79.237019,25.115219],[79.236504,25.115522],[79.235533,25.116249],[79.2355,25.116278],[79.235047,25.11667],[79.234582,25.11736],[79.234235,25.11766],[79.233967,25.117891],[79.233844,25.117997],[79.233392,25.118296],[79.233289,25.118364],[79.233122,25.118475],[79.232908,25.118616],[79.232907,25.118617],[79.232515,25.118863],[79.232194,25.119064],[79.232122,25.119095],[79.231913,25.119186],[79.231758,25.119254],[79.231465,25.119462],[79.231179,25.119645],[79.230073,25.120356],[79.229201,25.120893],[79.228899,25.121079],[79.227708,25.121798],[79.227372,25.122001],[79.227364,25.121997],[79.227129,25.121893],[79.226881,25.121613],[79.225988,25.120749],[79.225874,25.120639],[79.225755,25.120219],[79.225367,25.119552],[79.225124,25.11907],[79.224891,25.118609],[79.224052,25.117372],[79.22382,25.117056],[79.223352,25.116416],[79.22289,25.115708],[79.222523,25.115306],[79.22228,25.11504],[79.221963,25.11481],[79.221298,25.114302],[79.221018,25.114088],[79.220995,25.11407],[79.220903,25.114054],[79.220723,25.114021],[79.220706,25.114022],[79.220119,25.114054],[79.220065,25.114057],[79.219964,25.114062],[79.219937,25.114055],[79.219716,25.113999],[79.219582,25.11384],[79.219387,25.11361],[79.219334,25.113548],[79.219295,25.113538],[79.218898,25.113435],[79.218392,25.113175],[79.218337,25.113147],[79.218261,25.113087],[79.218035,25.112912],[79.217717,25.112529],[79.217543,25.112123],[79.217414,25.111753],[79.217221,25.110986],[79.217194,25.11088],[79.217186,25.110846],[79.217176,25.110805],[79.217018,25.110826],[79.216805,25.110854],[79.216646,25.110876],[79.216635,25.110877],[79.216531,25.110891],[79.216522,25.110894],[79.216409,25.110933],[79.215337,25.111298],[79.215029,25.111407],[79.214569,25.111813],[79.213717,25.112585],[79.213598,25.11268],[79.213522,25.112741],[79.212859,25.113272],[79.212834,25.113302],[79.21257,25.113622],[79.212471,25.113741],[79.212463,25.113751],[79.212409,25.113985],[79.212455,25.114169],[79.212488,25.114301],[79.212473,25.114497],[79.212459,25.114676],[79.212509,25.114987],[79.212667,25.115456],[79.212743,25.115681],[79.212752,25.115808],[79.212752,25.115809],[79.212777,25.116069],[79.212811,25.116433],[79.212817,25.116499],[79.212768,25.117198],[79.212763,25.117271],[79.212757,25.117592],[79.212757,25.117592],[79.212756,25.117652],[79.212754,25.117786],[79.212749,25.11807],[79.212784,25.118246],[79.212833,25.118499],[79.212833,25.118499],[79.212923,25.118842],[79.213019,25.119103],[79.213059,25.11921],[79.213454,25.120275],[79.213598,25.120665],[79.213598,25.120665],[79.213271,25.120728],[79.213092,25.120771],[79.212642,25.120878],[79.212518,25.120912],[79.212505,25.120915],[79.212427,25.120937],[79.212032,25.121046],[79.211968,25.121063],[79.211747,25.12111],[79.211546,25.121154],[79.210867,25.121195],[79.210866,25.121196],[79.210674,25.121425],[79.210263,25.121904],[79.209772,25.122288],[79.209415,25.122441],[79.208905,25.122676],[79.208652,25.122803],[79.20854,25.122864],[79.208532,25.122868],[79.208355,25.122966],[79.208112,25.12311],[79.208112,25.12311],[79.207934,25.123286],[79.207841,25.123403],[79.207701,25.12358],[79.207433,25.123887],[79.207305,25.123986],[79.207304,25.123986],[79.207175,25.124086],[79.206908,25.12423],[79.206779,25.124254],[79.206763,25.124258],[79.206645,25.12428],[79.206209,25.124298],[79.205878,25.12429],[79.205704,25.124285],[79.205703,25.124285],[79.205481,25.124251],[79.205326,25.124227],[79.204915,25.12441],[79.20491,25.124412],[79.20487,25.12443],[79.20487,25.12443],[79.204617,25.124651],[79.204144,25.125143],[79.204127,25.125161],[79.203845,25.125609],[79.203845,25.125852],[79.203949,25.126066],[79.203959,25.126087],[79.204336,25.126633],[79.204416,25.127044],[79.204595,25.127525],[79.20467,25.127727],[79.204808,25.1281],[79.205099,25.128813],[79.205235,25.129147],[79.204799,25.129372],[79.204641,25.129424],[79.204389,25.129506],[79.204051,25.129617],[79.203839,25.129765],[79.203704,25.12986],[79.203436,25.130064],[79.203356,25.130203],[79.203355,25.130205],[79.203218,25.130443],[79.203175,25.130662],[79.203085,25.131129],[79.203085,25.131432],[79.203045,25.131608],[79.202756,25.131939],[79.202564,25.132159],[79.20249,25.132244],[79.202459,25.132488],[79.202456,25.132511],[79.202531,25.13319],[79.202541,25.133278],[79.202679,25.133998],[79.202779,25.134524],[79.20286,25.135108],[79.202964,25.135859],[79.202964,25.13586],[79.203257,25.137028],[79.20343,25.137524],[79.203486,25.137683],[79.2039,25.138603],[79.204072,25.138987],[79.204131,25.139118],[79.204305,25.139917],[79.204082,25.139992],[79.204042,25.140006],[79.203904,25.140052],[79.203904,25.140052],[79.203744,25.140076],[79.203723,25.140079],[79.202758,25.14022],[79.202319,25.140337],[79.202224,25.140362],[79.201112,25.140658],[79.200379,25.140903],[79.198257,25.141793],[79.197812,25.142003],[79.197224,25.14228],[79.197073,25.142352],[79.196301,25.142716],[79.196046,25.142837],[79.1956,25.143147],[79.195278,25.143371],[79.19524,25.143397],[79.195164,25.143451],[79.195164,25.143451],[79.194881,25.143785],[79.194876,25.143793],[79.194454,25.144435],[79.194304,25.144663],[79.194267,25.14472],[79.194267,25.14472],[79.193907,25.145148],[79.193642,25.145465],[79.193132,25.145835],[79.192958,25.145918],[79.192819,25.145984],[79.192591,25.146093],[79.192577,25.146094],[79.192403,25.146111],[79.19221,25.146214],[79.192131,25.146173],[79.192011,25.146111],[79.191768,25.145976],[79.191661,25.145938],[79.191659,25.145937],[79.191421,25.145854],[79.191284,25.145784],[79.191104,25.145692],[79.190801,25.145444],[79.190697,25.145231],[79.190687,25.145166],[79.190647,25.144906],[79.190617,25.144313],[79.190587,25.14371],[79.190555,25.143561],[79.190542,25.143498],[79.190542,25.143498],[79.190339,25.143313],[79.19014,25.143255],[79.189734,25.143277],[79.189395,25.143334],[79.189269,25.143355],[79.188983,25.143403],[79.188975,25.143404],[79.188411,25.143446],[79.188203,25.143462],[79.188003,25.143477],[79.188003,25.143477],[79.187736,25.143517],[79.187398,25.143567],[79.187248,25.143648],[79.186436,25.144087],[79.186363,25.144112],[79.186124,25.144195],[79.18597,25.144132],[79.185787,25.143988],[79.185702,25.143721],[79.185709,25.143585],[79.185732,25.143117],[79.185727,25.142656],[79.185682,25.142485],[79.185523,25.14225],[79.185439,25.142188],[79.185325,25.142106],[79.185205,25.142048],[79.185146,25.14202],[79.185042,25.141999],[79.184948,25.141979],[79.184779,25.142016],[79.184779,25.142016],[79.184531,25.142205],[79.184175,25.142625],[79.184175,25.142625],[79.183744,25.143197],[79.183719,25.14323],[79.18355,25.143339],[79.183513,25.143345],[79.183451,25.143356],[79.183347,25.143375],[79.183282,25.143367],[79.183153,25.143352],[79.182935,25.143235],[79.182737,25.142865],[79.182737,25.142865],[79.182216,25.141972],[79.181981,25.141714],[79.181964,25.141695],[79.181928,25.141656],[79.18164,25.141444],[79.181313,25.141358],[79.180514,25.141277],[79.180242,25.141241],[79.180038,25.141137],[79.1798,25.140948],[79.1797,25.140876],[79.179632,25.140826],[79.179526,25.140793],[79.179488,25.140781],[79.179439,25.140784],[79.179334,25.14079],[79.179027,25.140944],[79.178703,25.141172],[79.178459,25.141344],[79.178219,25.141513],[79.177932,25.141649],[79.177887,25.141671],[79.177887,25.141671],[79.177604,25.14168],[79.177392,25.141653],[79.177316,25.141644],[79.177137,25.14156],[79.176949,25.141472],[79.176604,25.141348],[79.17664,25.141027],[79.176652,25.140922],[79.176274,25.140317],[79.17618,25.14006],[79.176185,25.139965],[79.176225,25.139708],[79.176294,25.139392],[79.176351,25.139275],[79.176368,25.139238],[79.176532,25.139031],[79.176584,25.138961],[79.176814,25.138656],[79.176891,25.138567],[79.177017,25.138421],[79.177107,25.138286],[79.177216,25.138065],[79.177265,25.137888],[79.17727,25.137762],[79.177245,25.137658],[79.177196,25.137527],[79.177035,25.137289],[79.177032,25.137284],[79.177008,25.137235],[79.17697,25.137155],[79.176918,25.137045],[79.176848,25.136706],[79.176848,25.136706],[79.176749,25.136377],[79.176664,25.136155],[79.176625,25.136061],[79.176595,25.135925],[79.176461,25.135646],[79.176367,25.135452],[79.176367,25.135451],[79.176029,25.135307],[79.175578,25.134526],[79.175399,25.133749],[79.175315,25.13338],[79.174808,25.130487],[79.174808,25.130487],[79.174575,25.128447],[79.174574,25.128438],[79.174574,25.128438],[79.174623,25.128208],[79.174799,25.12802],[79.174886,25.127928],[79.175407,25.127995],[79.176839,25.127828],[79.177101,25.127791],[79.17843,25.127603],[79.17865,25.127571],[79.178733,25.12756],[79.178822,25.127547],[79.180325,25.127325],[79.180325,25.127325],[79.182967,25.126868],[79.182967,25.126868],[79.184578,25.126425],[79.185124,25.126363],[79.185142,25.126361],[79.185495,25.126321],[79.186401,25.126351],[79.186404,25.126351],[79.186451,25.126352],[79.186665,25.126359],[79.187009,25.12637],[79.187175,25.126376],[79.18729,25.126379],[79.18729,25.126379],[79.187186,25.125955],[79.187121,25.125746],[79.186871,25.124946],[79.186701,25.124399],[79.186695,25.124382],[79.186479,25.123687],[79.186471,25.123662],[79.186471,25.123662],[79.186257,25.12295],[79.186051,25.122263],[79.186029,25.122191],[79.185448,25.120657],[79.185447,25.118666],[79.185533,25.118391],[79.185625,25.118097],[79.185631,25.117605],[79.185631,25.117604],[79.185635,25.117316],[79.185986,25.116537],[79.185987,25.116534],[79.18609,25.116305],[79.186165,25.116043],[79.1861,25.115502],[79.186022,25.115077],[79.185996,25.114933],[79.185995,25.114933],[79.185921,25.114915],[79.185827,25.114892],[79.185555,25.114881],[79.1855,25.114879],[79.185496,25.11488],[79.185361,25.114906],[79.18535,25.114906],[79.185322,25.114907],[79.18494,25.114911],[79.18494,25.114911],[79.184936,25.114909],[79.184433,25.114661],[79.18431,25.1146],[79.184245,25.114601],[79.184121,25.114604],[79.184021,25.11465],[79.183973,25.114672],[79.183932,25.114724],[79.183893,25.114771],[79.183893,25.114771],[79.183879,25.114952],[79.183968,25.115318],[79.183953,25.115525],[79.183902,25.115567],[79.183859,25.115602],[79.183854,25.115603],[79.183777,25.11562],[79.183735,25.115629],[79.183717,25.115635],[79.183482,25.11571],[79.183406,25.115779],[79.183403,25.115781],[79.18315,25.116008],[79.18315,25.116009],[79.183041,25.116076],[79.182813,25.116126],[79.1827,25.116124],[79.182694,25.116124],[79.182223,25.116117],[79.18204,25.116144],[79.181982,25.116188],[79.181979,25.11619],[79.181932,25.116226],[79.181871,25.116271],[79.181534,25.116438],[79.181341,25.116479],[79.181014,25.116465],[79.181006,25.116462],[79.180751,25.116343],[79.180617,25.116316],[79.179759,25.116127],[79.179407,25.115969],[79.178986,25.115663],[79.17845,25.115636],[79.177905,25.115582],[79.177905,25.115582],[79.177736,25.115212],[79.177436,25.114672],[79.177434,25.114668],[79.1773,25.114426],[79.1773,25.114426],[79.176739,25.113664],[79.176647,25.113463],[79.176295,25.112689],[79.176283,25.112662],[79.176173,25.112396],[79.176134,25.112301],[79.175832,25.111422],[79.175632,25.110839],[79.175503,25.110351],[79.175455,25.109203],[79.175443,25.108932],[79.175394,25.108929],[79.175334,25.108918],[79.17518,25.108889],[79.174962,25.108776],[79.174732,25.108619],[79.174601,25.108529],[79.174243,25.108284],[79.174073,25.108202],[79.173846,25.108094],[79.173604,25.107978],[79.173509,25.107932],[79.17343,25.107908],[79.173167,25.107829],[79.173158,25.107824],[79.173087,25.108004],[79.173078,25.108027],[79.173004,25.108208],[79.172895,25.108348],[79.172801,25.10838],[79.172687,25.10838],[79.172568,25.108353],[79.172565,25.108351],[79.17235,25.108262],[79.171913,25.107996],[79.171797,25.107953],[79.171779,25.107947],[79.17172,25.10796],[79.171561,25.108082],[79.171428,25.108159],[79.171413,25.108168],[79.171333,25.108168],[79.171324,25.108163],[79.171229,25.108118],[79.171066,25.108109],[79.170976,25.108154],[79.170853,25.108258],[79.170796,25.108337],[79.170748,25.108403],[79.170639,25.108443],[79.170515,25.108457],[79.170478,25.108456],[79.170317,25.108453],[79.170154,25.108408],[79.169865,25.108373],[79.169812,25.108367],[79.169678,25.108385],[79.169635,25.108402],[79.169528,25.108446],[79.1694,25.108498],[79.169266,25.108552],[79.169128,25.108579],[79.16887,25.108575],[79.168761,25.10853],[79.168414,25.108246],[79.16825,25.108142],[79.168057,25.108106],[79.168009,25.108086],[79.167992,25.108079],[79.167878,25.108061],[79.167759,25.108088],[79.167655,25.108119],[79.167477,25.108106],[79.1674,25.108069],[79.167363,25.108052],[79.167248,25.107948],[79.167223,25.107866],[79.16719,25.107757],[79.167125,25.107544],[79.167114,25.10751],[79.166981,25.107321],[79.166857,25.107262],[79.166683,25.107262],[79.16649,25.107312],[79.166463,25.107313],[79.166321,25.107321],[79.166222,25.10728],[79.166197,25.107269],[79.166068,25.107213],[79.165954,25.107195],[79.165796,25.107195],[79.165687,25.107262],[79.165624,25.107351],[79.165538,25.107474],[79.165469,25.107646],[79.165474,25.107687],[79.165449,25.107754],[79.165325,25.107822],[79.165077,25.107908],[79.164844,25.108048],[79.164765,25.108201],[79.164701,25.108531],[79.164608,25.108661],[79.164601,25.108671],[79.164468,25.108757],[79.164294,25.108802],[79.16422,25.108788],[79.164215,25.108783],[79.164101,25.108648],[79.163937,25.108378],[79.163818,25.108278],[79.163501,25.108057],[79.163059,25.107719],[79.16297,25.107651],[79.162809,25.107566],[79.162578,25.107444],[79.16237,25.107376],[79.162256,25.107372],[79.162245,25.107378],[79.162197,25.107408],[79.162177,25.107458],[79.162162,25.107493],[79.162097,25.107823],[79.162095,25.107833],[79.16208,25.107907],[79.162073,25.107945],[79.162014,25.108067],[79.1618,25.108283],[79.161715,25.108459],[79.161647,25.108599],[79.16158,25.108728],[79.161528,25.10883],[79.161454,25.108897],[79.161362,25.108913],[79.16127,25.108929],[79.161112,25.108915],[79.160905,25.108794],[79.160844,25.108758],[79.160789,25.108703],[79.160646,25.108676],[79.160576,25.108669],[79.160403,25.108649],[79.160383,25.108636],[79.160303,25.108582],[79.160264,25.108454],[79.160239,25.10837],[79.16016,25.108288],[79.159872,25.108072],[79.159718,25.107954],[79.159545,25.107562],[79.159431,25.107476],[79.159312,25.107445],[79.159212,25.107521],[79.159102,25.107738],[79.159024,25.107891],[79.158955,25.107932],[79.158847,25.107941],[79.158786,25.107946],[79.158588,25.107941],[79.158507,25.107926],[79.15834,25.107896],[79.158205,25.107867],[79.158164,25.107953],[79.158133,25.108019],[79.158078,25.108135],[79.158062,25.108341],[79.158043,25.108587],[79.157994,25.109471],[79.157955,25.109637],[79.157865,25.110018],[79.157865,25.110095],[79.157865,25.111133],[79.157821,25.111229],[79.157721,25.111444],[79.1573,25.111643],[79.157089,25.111697],[79.156983,25.111724],[79.156492,25.111805],[79.15627,25.11183],[79.155862,25.111875],[79.154985,25.111973],[79.154202,25.112153],[79.154055,25.112184],[79.153217,25.112359],[79.152516,25.112506],[79.152149,25.112598],[79.151693,25.112714],[79.151034,25.113012],[79.149835,25.113423],[79.149036,25.11363],[79.14808,25.113861],[79.146503,25.11424],[79.146196,25.114258],[79.145567,25.114489],[79.144942,25.114719],[79.144643,25.114762],[79.143911,25.114868],[79.143592,25.11481],[79.143449,25.11466],[79.143008,25.1142],[79.142468,25.113545],[79.142126,25.113099],[79.141813,25.112638],[79.141541,25.112338],[79.141397,25.112178],[79.141181,25.111863],[79.141094,25.111736],[79.140945,25.111393],[79.140831,25.110946],[79.140717,25.110382],[79.140628,25.109831],[79.140549,25.109625],[79.140475,25.109429],[79.140415,25.109271],[79.140187,25.108684],[79.140173,25.108585],[79.13991,25.108538],[79.139798,25.108518],[79.139022,25.108522],[79.136702,25.108721],[79.134028,25.108892],[79.134019,25.108893],[79.133263,25.108941],[79.131887,25.109014],[79.131868,25.109017],[79.130996,25.109155],[79.13051,25.109322],[79.128844,25.109669],[79.128715,25.109696],[79.128474,25.109756],[79.12764,25.109963],[79.126995,25.110115],[79.126606,25.110207],[79.126093,25.110328],[79.125647,25.110412],[79.125245,25.110488],[79.125101,25.110515],[79.124818,25.110568],[79.12459,25.110611],[79.124363,25.110653],[79.124021,25.11078],[79.123952,25.110963],[79.123758,25.111475],[79.123716,25.111733],[79.123679,25.111967],[79.123718,25.112179],[79.123847,25.112436],[79.123927,25.112581],[79.124204,25.113172],[79.124254,25.113533],[79.124205,25.113769],[79.124189,25.113844],[79.123783,25.114391],[79.123525,25.114881],[79.12351,25.11491],[79.123514,25.115084],[79.123515,25.115153],[79.123567,25.115361],[79.12357,25.11537],[79.123597,25.115457],[79.123609,25.115496],[79.123612,25.1155],[79.123666,25.115561],[79.123733,25.115636],[79.123892,25.115749],[79.124224,25.11586],[79.124422,25.115925],[79.124586,25.11602],[79.12466,25.116178],[79.124685,25.11635],[79.124651,25.116549],[79.12464,25.116615],[79.124636,25.116643],[79.124576,25.116873],[79.124467,25.117293],[79.124293,25.118101],[79.124296,25.118147],[79.124299,25.118203],[79.124314,25.11845],[79.124314,25.118457],[79.124323,25.118615],[79.124353,25.118719],[79.124372,25.118783],[79.124373,25.118787],[79.124395,25.118808],[79.124566,25.118972],[79.124859,25.119203],[79.124898,25.119234],[79.125034,25.119357],[79.125111,25.119428],[79.125131,25.119446],[79.125198,25.119474],[79.125262,25.1195],[79.125359,25.119541],[79.125528,25.119559],[79.125815,25.119523],[79.125925,25.119509],[79.126177,25.119478],[79.126256,25.119488],[79.126316,25.119496],[79.12646,25.119586],[79.126534,25.119693],[79.126604,25.119793],[79.126703,25.120227],[79.126768,25.120603],[79.126832,25.120972],[79.126856,25.121024],[79.12699,25.121319],[79.1271,25.121444],[79.127225,25.121587],[79.127342,25.121721],[79.127556,25.121978],[79.127578,25.122135],[79.127595,25.122258],[79.127572,25.122514],[79.127562,25.122618],[79.127556,25.122691],[79.12764,25.122976],[79.127657,25.122994],[79.127805,25.123157],[79.127998,25.123369],[79.128042,25.123418],[79.128114,25.123506],[79.128334,25.123775],[79.128567,25.124537],[79.128756,25.124876],[79.129271,25.125449],[79.129683,25.125779],[79.130169,25.12632],[79.130466,25.126564],[79.130535,25.12663],[79.130788,25.126875],[79.1312,25.127011],[79.132038,25.127065],[79.132132,25.12711],[79.132017,25.127309],[79.132002,25.127335],[79.131974,25.127385],[79.131968,25.127394],[79.131602,25.127764],[79.131269,25.128022],[79.130818,25.12818],[79.130724,25.128239],[79.130395,25.128446],[79.129569,25.128965],[79.128855,25.129344],[79.126758,25.130513],[79.125439,25.131342],[79.125153,25.131522],[79.12466,25.131831],[79.123609,25.13254],[79.122687,25.133186],[79.121482,25.134088],[79.121264,25.134251],[79.12103,25.134461],[79.120793,25.134675],[79.120624,25.134851],[79.120597,25.134898],[79.120523,25.135025],[79.120485,25.13509],[79.120262,25.13551],[79.120243,25.13553],[79.120069,25.135713],[79.119622,25.135961],[79.119338,25.136143],[79.118705,25.136548],[79.118229,25.136864],[79.117983,25.137118],[79.11752,25.137595],[79.117456,25.137664],[79.116812,25.138358],[79.116682,25.138498],[79.116504,25.13874],[79.1163,25.139017],[79.116231,25.139112],[79.116158,25.139283],[79.116003,25.139649],[79.11603,25.139746],[79.116062,25.139861],[79.116071,25.139891],[79.116206,25.140353],[79.116528,25.141026],[79.116905,25.142005],[79.117153,25.142678],[79.117345,25.143101],[79.117673,25.143824],[79.117941,25.144456],[79.118333,25.145368],[79.118542,25.145916],[79.118615,25.146108],[79.119349,25.147002],[79.11991,25.147598],[79.120827,25.148415],[79.12106,25.148717],[79.121164,25.148983],[79.121209,25.149286],[79.121407,25.149773],[79.122002,25.150848],[79.122058,25.150973],[79.122201,25.15129],[79.122603,25.151884],[79.122741,25.152089],[79.123023,25.152712],[79.123282,25.153285],[79.123678,25.154394],[79.123728,25.154535],[79.123803,25.155139],[79.123892,25.155853],[79.124214,25.15695],[79.124298,25.157614],[79.124621,25.15844],[79.124818,25.158853],[79.125107,25.159455],[79.125746,25.160561],[79.126094,25.16122],[79.125957,25.161213],[79.125904,25.16121],[79.125474,25.161188],[79.124626,25.161197],[79.123842,25.161337],[79.123158,25.161518],[79.122592,25.161694],[79.122057,25.162063],[79.122042,25.162073],[79.121293,25.162479],[79.12098,25.162624],[79.120787,25.162714],[79.120257,25.162806],[79.120033,25.162845],[79.119274,25.162958],[79.118753,25.163057],[79.118163,25.163179],[79.117226,25.163409],[79.116175,25.163693],[79.11582,25.163782],[79.115777,25.163793],[79.114984,25.163991],[79.113972,25.164248],[79.113347,25.164455],[79.113288,25.164474],[79.113174,25.164515],[79.113184,25.164607],[79.113199,25.164756],[79.113204,25.164796],[79.113256,25.165292],[79.113258,25.165313],[79.113236,25.165388],[79.113223,25.165431],[79.113219,25.165436],[79.113201,25.16546],[79.113144,25.165535],[79.112956,25.16562],[79.112942,25.165626],[79.112756,25.165704],[79.112698,25.165729],[79.112531,25.165808],[79.112231,25.16595],[79.111795,25.16618],[79.111284,25.166545],[79.110902,25.166925],[79.110738,25.167031],[79.110238,25.167358],[79.10997,25.167504],[79.109921,25.167531],[79.109642,25.167683],[79.10929,25.167786],[79.108859,25.167913],[79.108308,25.168084],[79.106413,25.168919],[79.103626,25.170426],[79.103209,25.170641],[79.101389,25.171577],[79.100719,25.171942],[79.099717,25.172425],[79.099191,25.172606],[79.098328,25.173075],[79.096626,25.174117],[79.09659,25.174145],[79.095848,25.174704],[79.095233,25.175282],[79.094979,25.175611],[79.094831,25.175773],[79.094698,25.176131],[79.094677,25.176189],[79.094636,25.176444],[79.094607,25.176626],[79.094652,25.176956],[79.094701,25.177141],[79.094787,25.177269],[79.09484,25.177349],[79.094908,25.177444],[79.095042,25.177632],[79.095098,25.17771],[79.095117,25.177743],[79.095435,25.178292],[79.095559,25.178527],[79.095559,25.17864],[79.095524,25.178811],[79.095514,25.178829],[79.09539,25.179046],[79.095379,25.179063],[79.095263,25.179234],[79.095217,25.179303],[79.095197,25.179398],[79.095152,25.17961],[79.095154,25.179656],[79.095156,25.179735],[79.095167,25.180034],[79.095206,25.18036],[79.09531,25.181222],[79.095449,25.181872],[79.095479,25.182341],[79.095449,25.182463],[79.095427,25.182496],[79.095389,25.182553],[79.095131,25.182901],[79.094919,25.183245],[79.094675,25.183641],[79.094437,25.184164],[79.094238,25.184765],[79.094208,25.184855],[79.094015,25.185148],[79.093948,25.185179],[79.093861,25.18522],[79.093697,25.185243],[79.093582,25.185239],[79.093544,25.185238],[79.093444,25.185283],[79.09332,25.185383],[79.093072,25.185694],[79.092913,25.185924],[79.0929,25.185954],[79.092814,25.18615],[79.092675,25.186673],[79.092546,25.187161],[79.092404,25.187516],[79.092367,25.187608],[79.092209,25.187859],[79.09196,25.188253],[79.091464,25.188966],[79.091181,25.189675],[79.090927,25.190211],[79.090913,25.190239],[79.090863,25.190345],[79.090811,25.190455],[79.090665,25.190762],[79.090642,25.190792],[79.09063,25.190807],[79.09059,25.190798],[79.090556,25.190789],[79.090524,25.190745],[79.090522,25.190743],[79.09048,25.190685],[79.090422,25.190605],[79.090382,25.19055],[79.089822,25.189607],[79.089386,25.188957],[79.088746,25.187923],[79.088435,25.187415],[79.088151,25.186952],[79.088101,25.186757],[79.088097,25.18674],[79.088146,25.186487],[79.088206,25.186411],[79.088266,25.186335],[79.08832,25.186266],[79.088752,25.185707],[79.088826,25.185381],[79.088876,25.185161],[79.088811,25.184632],[79.088623,25.184348],[79.088385,25.184166],[79.08834,25.184131],[79.088073,25.184073],[79.087715,25.184095],[79.087582,25.184136],[79.087444,25.184177],[79.087373,25.184199],[79.086991,25.184348],[79.086857,25.184352],[79.086694,25.184357],[79.086589,25.184311],[79.086519,25.184244],[79.086386,25.184117],[79.085818,25.183656],[79.085602,25.183481],[79.085407,25.183344],[79.085255,25.183237],[79.085109,25.183187],[79.084818,25.183088],[79.084764,25.18307],[79.084214,25.182934],[79.083341,25.182622],[79.083054,25.182433],[79.082389,25.181995],[79.081407,25.181345],[79.080371,25.180022],[79.079329,25.178555],[79.078174,25.177128],[79.078117,25.176995],[79.078036,25.176806],[79.077872,25.176425],[79.07778,25.176209],[79.077773,25.176193],[79.077501,25.175605],[79.077485,25.17557],[79.077368,25.175318],[79.077367,25.175315],[79.077362,25.175304],[79.077054,25.174672],[79.076777,25.174293],[79.07583,25.173539],[79.075094,25.17296],[79.075031,25.172911],[79.074939,25.172885],[79.074819,25.172852],[79.074754,25.172834],[79.07454,25.172879],[79.074411,25.173024],[79.074335,25.17317],[79.074233,25.173367],[79.074142,25.173499],[79.074079,25.173592],[79.07397,25.173642],[79.07388,25.173637],[79.073618,25.173371],[79.072334,25.171664],[79.071868,25.170861],[79.071486,25.170202],[79.07111,25.169373],[79.071045,25.169231],[79.070859,25.168574],[79.070844,25.168519],[79.070837,25.168495],[79.070862,25.168427],[79.071066,25.167854],[79.071265,25.16728],[79.071309,25.167153],[79.071382,25.166941],[79.071417,25.166841],[79.071433,25.166794],[79.071465,25.166549],[79.071498,25.166293],[79.071483,25.1653],[79.071434,25.165011],[79.071389,25.164745],[79.071196,25.164271],[79.071132,25.163918],[79.071107,25.16339],[79.071212,25.162303],[79.071219,25.16222],[79.071272,25.161598],[79.071237,25.161125],[79.071226,25.16108],[79.071109,25.160601],[79.071069,25.160434],[79.071042,25.160364],[79.07092,25.160048],[79.070881,25.159946],[79.070866,25.15988],[79.070816,25.159653],[79.070712,25.158881],[79.070699,25.158818],[79.070607,25.158392],[79.070569,25.158213],[79.070297,25.157283],[79.070227,25.157044],[79.070207,25.156541],[79.070198,25.156317],[79.070223,25.155762],[79.070238,25.155708],[79.070253,25.155654],[79.070253,25.155637],[79.070258,25.155541],[79.070242,25.155486],[79.070228,25.155432],[79.070005,25.155134],[79.0694,25.154597],[79.06909,25.154347],[79.069053,25.154317],[79.068885,25.154119],[79.068845,25.154045],[79.06881,25.153979],[79.068781,25.153599],[79.068835,25.153211],[79.069019,25.15253],[79.069094,25.15216],[79.069094,25.152153],[79.069095,25.152144],[79.069114,25.151975],[79.069084,25.151767],[79.068851,25.151428],[79.068514,25.151135],[79.068261,25.15081],[79.068217,25.150571],[79.068202,25.150273],[79.068153,25.149993],[79.068004,25.149699],[79.067898,25.149556],[79.067724,25.149319],[79.067692,25.149275],[79.067325,25.148859],[79.067122,25.148598],[79.067033,25.148404],[79.066993,25.148336],[79.0669,25.148447],[79.066775,25.148597],[79.066586,25.148737],[79.066555,25.148758],[79.066457,25.148823],[79.066377,25.148843],[79.066368,25.148846],[79.066269,25.148823],[79.066214,25.148755],[79.066213,25.148754],[79.06616,25.148706],[79.06606,25.148683],[79.065867,25.148668],[79.065832,25.148665],[79.065758,25.148688],[79.065718,25.148701],[79.065621,25.148737],[79.065574,25.148755],[79.065465,25.148764],[79.065376,25.148728],[79.065222,25.148628],[79.065118,25.148547],[79.065019,25.148511],[79.064826,25.14852],[79.064727,25.14852],[79.064657,25.14852],[79.064563,25.148565],[79.064526,25.148571],[79.064419,25.148587],[79.064255,25.148587],[79.064146,25.148583],[79.064092,25.148565],[79.06407,25.148547],[79.064037,25.14852],[79.063978,25.148411],[79.063916,25.148277],[79.063904,25.148249],[79.063849,25.148158],[79.063765,25.148077],[79.06369,25.148023],[79.063606,25.148005],[79.063403,25.148005],[79.063175,25.148014],[79.06308,25.148009],[79.063003,25.147986],[79.062991,25.147982],[79.062968,25.147957],[79.062942,25.147928],[79.062813,25.147738],[79.062719,25.147598],[79.062695,25.147543],[79.062664,25.147472],[79.062639,25.147341],[79.062639,25.147341],[79.062639,25.147317],[79.062639,25.147237],[79.06264,25.146966],[79.06263,25.146885],[79.062595,25.146813],[79.062476,25.146569],[79.062418,25.146466],[79.062337,25.146325],[79.062227,25.14619],[79.062164,25.146113],[79.062043,25.145968],[79.061943,25.145849],[79.061926,25.145829],[79.061728,25.145567],[79.061615,25.145385],[79.061579,25.145327],[79.06157,25.145313],[79.061523,25.14524],[79.061386,25.145029],[79.061247,25.144889],[79.061098,25.144795],[79.060955,25.144763],[79.06087,25.144768],[79.060806,25.144772],[79.060729,25.14479],[79.060626,25.144814],[79.060613,25.144817],[79.06054,25.144865],[79.060503,25.144889],[79.060414,25.144939],[79.06036,25.144943],[79.060285,25.144903],[79.060112,25.144763],[79.060008,25.144708],[79.059889,25.144681],[79.05971,25.14465],[79.059621,25.144627],[79.059522,25.144573],[79.059433,25.144464],[79.059378,25.144343],[79.059363,25.144221],[79.059353,25.144139],[79.059334,25.144094],[79.059205,25.143995],[79.059021,25.143774],[79.058957,25.143616],[79.058947,25.143536],[79.058944,25.143508],[79.058941,25.143486],[79.058937,25.143458],[79.058939,25.143373],[79.058939,25.143327],[79.05894,25.143248],[79.058942,25.143124],[79.058942,25.143119],[79.058933,25.142916],[79.058923,25.142853],[79.058893,25.142803],[79.058779,25.142695],[79.05861,25.142595],[79.058487,25.142496],[79.058353,25.142356],[79.058229,25.142257],[79.05814,25.14223],[79.057907,25.14222],[79.057815,25.142223],[79.057624,25.142229],[79.05749,25.142226],[79.057455,25.142225],[79.057391,25.142216],[79.057282,25.142157],[79.05717,25.142082],[79.056954,25.141939],[79.05695,25.141936],[79.056676,25.141788],[79.056573,25.141732],[79.056304,25.141651],[79.056261,25.141637],[79.056132,25.141615],[79.056032,25.141619],[79.055948,25.141583],[79.055735,25.141448],[79.055591,25.141326],[79.055423,25.141132],[79.055244,25.140933],[79.055182,25.140863],[79.05518,25.140861],[79.055145,25.140793],[79.05515,25.140739],[79.055153,25.140725],[79.05517,25.140621],[79.055215,25.140518],[79.055282,25.140454],[79.055411,25.14033],[79.055532,25.140215],[79.055587,25.140143],[79.055599,25.140108],[79.055617,25.140057],[79.055617,25.139977],[79.055617,25.139945],[79.055597,25.139823],[79.055557,25.139701],[79.055538,25.139659],[79.055488,25.139552],[79.055487,25.139521],[79.055483,25.139416],[79.055486,25.139308],[79.055488,25.139223],[79.055488,25.1392],[79.055488,25.139051],[79.055485,25.139031],[79.055478,25.138997],[79.055434,25.138947],[79.055356,25.1389],[79.055324,25.138881],[79.055186,25.138798],[79.054904,25.138608],[79.054723,25.13849],[79.05471,25.138482],[79.054443,25.138373],[79.054105,25.138319],[79.053872,25.138323],[79.053778,25.138335],[79.053614,25.138355],[79.053451,25.138377],[79.053282,25.138382],[79.053203,25.138364],[79.053142,25.13834],[79.052995,25.138282],[79.052871,25.138214],[79.052813,25.138173],[79.052801,25.138165],[79.052777,25.138111],[79.052774,25.138059],[79.052772,25.138025],[79.052806,25.137926],[79.052821,25.137871],[79.052836,25.137817],[79.052836,25.137734],[79.052836,25.137727],[79.052827,25.137619],[79.052807,25.137546],[79.052761,25.137456],[79.052718,25.13737],[79.052611,25.137214],[79.052567,25.137149],[79.052564,25.137145],[79.052467,25.136991],[79.05243,25.136932],[79.052272,25.136603],[79.052118,25.136273],[79.052049,25.136059],[79.051999,25.135908],[79.051982,25.135865],[79.051871,25.135601],[79.051722,25.135244],[79.051588,25.135005],[79.051455,25.134779],[79.051227,25.134413],[79.051118,25.134269],[79.050999,25.134156],[79.050806,25.133984],[79.050647,25.13388],[79.050538,25.133799],[79.050404,25.133758],[79.050265,25.133713],[79.050226,25.133691],[79.05014,25.133722],[79.050026,25.133763],[79.050012,25.133769],[79.049755,25.133862],[79.048991,25.134308],[79.048721,25.134411],[79.048554,25.134475],[79.048402,25.134493],[79.048128,25.134524],[79.04781,25.134452],[79.047558,25.134317],[79.04731,25.134222],[79.047163,25.134211],[79.046799,25.134185],[79.046581,25.134221],[79.046417,25.134248],[79.046229,25.134284],[79.045843,25.134475],[79.045348,25.13472],[79.045042,25.134872],[79.044071,25.135353],[79.04358,25.135452],[79.042881,25.135618],[79.042735,25.135618],[79.042425,25.135618],[79.040719,25.135942],[79.03937,25.136126],[79.03795,25.136565],[79.037925,25.136573],[79.037431,25.136726],[79.037407,25.136726],[79.036534,25.136739],[79.035671,25.13663],[79.03547,25.136643],[79.035329,25.136652],[79.03505,25.136754],[79.034783,25.136852],[79.033836,25.137197],[79.032516,25.137797],[79.032172,25.137931],[79.030763,25.13848],[79.03072,25.138627],[79.030706,25.138676],[79.030681,25.138762],[79.030552,25.139042],[79.030408,25.139254],[79.030155,25.139583],[79.029912,25.139849],[79.029624,25.140093],[79.029415,25.140259],[79.029381,25.140287],[79.029331,25.140368],[79.029296,25.140508],[79.029246,25.140742],[79.029147,25.140963],[79.029033,25.141148],[79.02881,25.141397],[79.028808,25.141455],[79.028804,25.141582],[79.0288,25.141669],[79.028794,25.141776],[79.028809,25.141881],[79.028829,25.142019],[79.028866,25.142123],[79.028893,25.1422],[79.028996,25.142372],[79.029012,25.142399],[79.029185,25.142679],[79.029279,25.1429],[79.029299,25.14295],[79.029314,25.143126],[79.029329,25.143514],[79.029393,25.143785],[79.029487,25.144006],[79.029566,25.144177],[79.029606,25.144227],[79.02972,25.144286],[79.029844,25.14434],[79.030087,25.144426],[79.030282,25.144467],[79.030409,25.144494],[79.030494,25.144526],[79.030563,25.144553],[79.030667,25.144621],[79.03079,25.144711],[79.030855,25.144783],[79.03089,25.144891],[79.030924,25.144982],[79.030939,25.145086],[79.030944,25.145175],[79.030949,25.145271],[79.030944,25.145424],[79.031008,25.145591],[79.031087,25.145727],[79.031137,25.145794],[79.031242,25.145878],[79.031295,25.145921],[79.031419,25.146011],[79.031514,25.14616],[79.031528,25.146183],[79.031642,25.146318],[79.031677,25.1464],[79.031697,25.146508],[79.03169,25.14665],[79.031686,25.146729],[79.031686,25.146734],[79.031676,25.146797],[79.031648,25.146982],[79.031642,25.147022],[79.031637,25.147225],[79.031656,25.147338],[79.03166,25.147346],[79.031696,25.14742],[79.031845,25.147599],[79.031849,25.147605],[79.031853,25.147609],[79.031968,25.147763],[79.03197,25.147765],[79.032028,25.147876],[79.032062,25.147958],[79.032065,25.147964],[79.032082,25.148007],[79.032085,25.148023],[79.032122,25.148219],[79.032141,25.148431],[79.03214,25.148522],[79.032137,25.148676],[79.032133,25.148861],[79.032133,25.148878],[79.032131,25.148967],[79.032131,25.148977],[79.032121,25.149113],[79.032119,25.14912],[79.032107,25.149163],[79.032064,25.149321],[79.032051,25.149365],[79.032041,25.149416],[79.032029,25.149473],[79.032007,25.149582],[79.032007,25.149584],[79.03201,25.149706],[79.032011,25.149789],[79.032016,25.14981],[79.032032,25.149884],[79.03205,25.149968],[79.032056,25.149993],[79.032058,25.150002],[79.032105,25.150178],[79.03217,25.150304],[79.032289,25.150458],[79.032332,25.150512],[79.032482,25.150702],[79.032485,25.150706],[79.032626,25.150909],[79.03271,25.151067],[79.032749,25.151176],[79.032758,25.151224],[79.032769,25.151279],[79.032833,25.1516],[79.032854,25.15165],[79.032898,25.151753],[79.033007,25.151916],[79.033012,25.151923],[79.03313,25.152101],[79.033319,25.1523],[79.033383,25.152395],[79.033423,25.152499],[79.033442,25.152616],[79.033452,25.152905],[79.033467,25.15314],[79.033492,25.153257],[79.033496,25.153274],[79.033502,25.1533],[79.033526,25.153401],[79.033526,25.153672],[79.033526,25.153675],[79.033526,25.15388],[79.033519,25.15393],[79.033496,25.154115],[79.033446,25.154277],[79.033434,25.15439],[79.033416,25.154566],[79.033408,25.154702],[79.033408,25.154704],[79.033396,25.154891],[79.033386,25.155062],[79.033377,25.155093],[79.033356,25.155166],[79.033312,25.155234],[79.033113,25.155446],[79.033056,25.155495],[79.032815,25.155703],[79.032632,25.155956],[79.032408,25.156226],[79.032361,25.156356],[79.032359,25.156362],[79.032359,25.156447],[79.032369,25.156472],[79.032378,25.156492],[79.032422,25.156512],[79.032428,25.156515],[79.032482,25.156529],[79.032512,25.156532],[79.032572,25.156538],[79.032864,25.156583],[79.032967,25.156599],[79.033241,25.156642],[79.033285,25.156656],[79.033464,25.156714],[79.033529,25.156751],[79.033568,25.156818],[79.033583,25.156872],[79.033583,25.156963],[79.033608,25.157057],[79.033657,25.157166],[79.033702,25.157246],[79.03373,25.157299],[79.033741,25.157319],[79.033775,25.157367],[79.033798,25.1574],[79.033801,25.157405],[79.033801,25.157405],[79.033826,25.157477],[79.033845,25.157631],[79.033855,25.157816],[79.03384,25.158078],[79.033875,25.158236],[79.033959,25.158389],[79.033994,25.158461],[79.034004,25.158534],[79.034028,25.158723],[79.034078,25.158877],[79.034142,25.158958],[79.034166,25.158976],[79.034241,25.159035],[79.034376,25.159122],[79.03441,25.159143],[79.034476,25.159194],[79.034519,25.159226],[79.034588,25.159279],[79.034656,25.159344],[79.034801,25.159486],[79.034955,25.159613],[79.035114,25.159703],[79.035218,25.159771],[79.035282,25.159825],[79.035371,25.159961],[79.035465,25.160074],[79.035545,25.160227],[79.03561,25.160289],[79.035703,25.160376],[79.035936,25.160512],[79.035966,25.160526],[79.03611,25.160598],[79.036397,25.160742],[79.036528,25.160855],[79.036576,25.160896],[79.036685,25.16104],[79.036688,25.161047],[79.036779,25.161221],[79.036876,25.161386],[79.036734,25.161422],[79.0366,25.161456],[79.036588,25.161469],[79.036337,25.161744],[79.035535,25.162173],[79.035332,25.162282],[79.035314,25.162291],[79.034263,25.162853],[79.034001,25.162977],[79.033174,25.163367],[79.032923,25.163486],[79.031837,25.163998],[79.03199,25.164008],[79.032294,25.164028],[79.032537,25.164044],[79.032755,25.164058],[79.033469,25.164144],[79.033799,25.164289],[79.033838,25.164306],[79.033984,25.16437],[79.034312,25.164505],[79.034896,25.165047],[79.035828,25.165878],[79.036859,25.166601],[79.037201,25.166931],[79.037207,25.166944],[79.037335,25.167256],[79.037374,25.167626],[79.038068,25.168881],[79.038766,25.169929],[79.04004,25.170905],[79.040019,25.170932],[79.039895,25.171094],[79.039842,25.171162],[79.03884,25.171762],[79.037371,25.172424],[79.036157,25.17304],[79.035463,25.173391],[79.035107,25.173572],[79.034667,25.173795],[79.034389,25.174097],[79.03432,25.174263],[79.034304,25.1743],[79.034297,25.174384],[79.034286,25.174502],[79.034239,25.175032],[79.034224,25.175194],[79.034195,25.175292],[79.034011,25.175902],[79.034,25.176055],[79.03397,25.17648],[79.034045,25.176782],[79.034654,25.177794],[79.034693,25.177988],[79.034597,25.17804],[79.034176,25.178266],[79.033981,25.178371],[79.033978,25.178373],[79.033527,25.178615],[79.032773,25.17912],[79.032386,25.179412],[79.032103,25.179625],[79.031616,25.180291],[79.031572,25.180351],[79.031559,25.180382],[79.031174,25.18129],[79.031122,25.181443],[79.031005,25.181782],[79.030993,25.181954],[79.030985,25.182058],[79.03097,25.182265],[79.030923,25.184137],[79.030922,25.184146],[79.030914,25.184481],[79.030954,25.184572],[79.030993,25.184661],[79.032004,25.185939],[79.032772,25.186886],[79.032978,25.187141],[79.033099,25.18729],[79.033547,25.187824],[79.033579,25.187863],[79.034278,25.188698],[79.034786,25.189304],[79.034811,25.189334],[79.035077,25.189651],[79.036314,25.191177],[79.03698,25.192],[79.038219,25.193508],[79.03865,25.19409],[79.038744,25.194217],[79.039549,25.194758],[79.039766,25.194904],[79.040559,25.195437],[79.041077,25.19577],[79.041571,25.196087],[79.04223,25.196701],[79.042468,25.197076],[79.043018,25.198593],[79.043496,25.199653],[79.043826,25.200386],[79.044033,25.200846],[79.044504,25.20174],[79.044719,25.20193],[79.044806,25.202006],[79.04489,25.202057],[79.045218,25.202259],[79.046748,25.203058],[79.047043,25.203213],[79.04726,25.203334],[79.04739,25.203407],[79.047466,25.203697],[79.047469,25.203709],[79.047515,25.203891],[79.047593,25.204201],[79.047623,25.204255],[79.047972,25.20489],[79.048208,25.205319],[79.048475,25.205804],[79.048728,25.206093],[79.049207,25.206173],[79.049299,25.206188],[79.049811,25.206324],[79.049818,25.206326],[79.049894,25.206347],[79.049933,25.206358],[79.050489,25.206527],[79.051398,25.207086],[79.051401,25.207088],[79.051479,25.207136],[79.051511,25.207155],[79.052192,25.207396],[79.052329,25.207445],[79.052355,25.207312],[79.052389,25.207142],[79.052399,25.207094],[79.052548,25.206407],[79.052556,25.206372],[79.052564,25.206334],[79.052653,25.205928],[79.053119,25.205107],[79.053231,25.204911],[79.053427,25.204565],[79.053659,25.204179],[79.053998,25.203613],[79.054018,25.203495],[79.054063,25.20323],[79.054033,25.202163],[79.054029,25.20204],[79.054026,25.201925],[79.054019,25.201686],[79.053727,25.200919],[79.053554,25.200639],[79.053113,25.200166],[79.052745,25.199772],[79.052411,25.199404],[79.052411,25.199404],[79.052339,25.199325],[79.051908,25.198674],[79.05108,25.197651],[79.050728,25.197216],[79.050641,25.197094],[79.050638,25.19709],[79.050426,25.196791],[79.050307,25.19643],[79.050208,25.195925],[79.049519,25.194819],[79.049275,25.194471],[79.04927,25.194464],[79.048841,25.193854],[79.048671,25.193613],[79.048635,25.193544],[79.048587,25.193455],[79.048593,25.193444],[79.048801,25.193044],[79.049482,25.191812],[79.049491,25.191796],[79.049933,25.190996],[79.050962,25.189237],[79.050962,25.189236],[79.051482,25.188347],[79.052063,25.187431],[79.052099,25.187431],[79.052172,25.187431],[79.052333,25.187535],[79.052529,25.187661],[79.053502,25.188052],[79.0537,25.188131],[79.054268,25.188351],[79.054305,25.188366],[79.055907,25.188986],[79.058396,25.189889],[79.058893,25.190093],[79.058972,25.190125],[79.059666,25.190409],[79.059666,25.190495],[79.059557,25.190649],[79.059453,25.190797],[79.059448,25.190928],[79.059483,25.190957],[79.060543,25.191809],[79.061451,25.192641],[79.061464,25.192653],[79.062001,25.193145],[79.06209,25.193326],[79.062034,25.193568],[79.062006,25.193687],[79.061514,25.19435],[79.061169,25.194785],[79.061063,25.194919],[79.061013,25.195083],[79.061004,25.195113],[79.060983,25.19518],[79.061001,25.195239],[79.061062,25.195433],[79.06115,25.195664],[79.061414,25.196363],[79.061523,25.196713],[79.061532,25.196741],[79.061731,25.197379],[79.061825,25.197785],[79.062031,25.198948],[79.062048,25.19904],[79.062241,25.199148],[79.062851,25.19928],[79.063683,25.199331],[79.063831,25.199341],[79.064149,25.19936],[79.064149,25.19936],[79.06424,25.199366],[79.06432,25.199474],[79.064375,25.199969],[79.064384,25.200043],[79.064374,25.20027],[79.064363,25.200555],[79.064349,25.200884],[79.064319,25.201618],[79.064284,25.201633],[79.064263,25.201641],[79.064234,25.201654],[79.064145,25.20169],[79.063872,25.201724],[79.063872,25.201724],[79.063852,25.201726],[79.063828,25.201706],[79.063485,25.201415],[79.063287,25.201162],[79.062956,25.200738],[79.062702,25.200412],[79.062424,25.200281],[79.062269,25.200281],[79.062241,25.200281],[79.06032,25.201075],[79.06032,25.20121],[79.060361,25.201306],[79.060423,25.201452],[79.060467,25.201557],[79.060499,25.20163],[79.061038,25.20358],[79.061107,25.203797],[79.061245,25.204234],[79.061283,25.204352],[79.061454,25.204894],[79.061382,25.204972],[79.061358,25.204998],[79.06132,25.205038],[79.061286,25.205082],[79.061185,25.205211],[79.061161,25.205241],[79.061193,25.20541],[79.061201,25.205449],[79.061316,25.205599],[79.061564,25.205921],[79.06163,25.206008],[79.061905,25.206366],[79.061955,25.206655],[79.061954,25.206835],[79.061898,25.206854],[79.060764,25.207245],[79.060545,25.207376],[79.060548,25.207614],[79.060558,25.208607],[79.060558,25.208622],[79.060567,25.209468],[79.060569,25.209642],[79.062364,25.211159],[79.062715,25.211448],[79.062934,25.211629],[79.063093,25.211968],[79.063219,25.212671],[79.063221,25.212685],[79.06339,25.213629],[79.063523,25.214288],[79.063732,25.21487],[79.063731,25.215303],[79.063572,25.21571],[79.063554,25.215754],[79.063374,25.216193],[79.063304,25.216362],[79.063249,25.216495],[79.063248,25.21653],[79.063243,25.216676],[79.063235,25.216916],[79.063209,25.21765],[79.063228,25.217813],[79.063231,25.217842],[79.063328,25.218697],[79.063452,25.219144],[79.063576,25.220548],[79.063577,25.220555],[79.063683,25.221758],[79.063641,25.221771],[79.063617,25.221779],[79.063297,25.221881],[79.062939,25.221996],[79.061078,25.222592],[79.060673,25.222763],[79.05809,25.223854],[79.056517,25.224422],[79.054993,25.225397],[79.054541,25.225635],[79.053931,25.225771],[79.052799,25.226009],[79.051718,25.22637],[79.051232,25.226586],[79.05002,25.227127],[79.048457,25.227573],[79.04796,25.227776],[79.045618,25.228398],[79.045111,25.22857],[79.042117,25.229478],[79.041831,25.229565],[79.041791,25.229577],[79.04128,25.229736],[79.041197,25.229802],[79.038549,25.231901],[79.038307,25.232081],[79.038102,25.232234],[79.037378,25.232772],[79.036931,25.233105],[79.036325,25.233421],[79.035805,25.233413],[79.035144,25.233404],[79.034395,25.233393],[79.03439,25.233392],[79.034383,25.233394],[79.033913,25.233537],[79.033655,25.233717],[79.033766,25.233871],[79.034041,25.234252],[79.034105,25.23434],[79.034205,25.23448],[79.035384,25.235279],[79.035872,25.23561],[79.036626,25.236287],[79.037443,25.237903],[79.0377,25.238605],[79.037702,25.23861],[79.037828,25.238955],[79.037998,25.23942],[79.038719,25.24068],[79.03895,25.241082],[79.039986,25.242676],[79.039926,25.242692],[79.0398,25.242725],[79.039529,25.242796],[79.039266,25.242865],[79.038996,25.243029],[79.03871,25.243203],[79.038569,25.24327],[79.0385,25.243303],[79.037995,25.243541],[79.037544,25.243428],[79.03742,25.243397],[79.035936,25.242651],[79.035598,25.242703],[79.034859,25.242817],[79.034809,25.242819],[79.033867,25.242853],[79.03339,25.242758],[79.033202,25.242708],[79.033136,25.242666],[79.032765,25.242432],[79.031932,25.241561],[79.031669,25.241443],[79.031362,25.241357],[79.031044,25.241342],[79.030602,25.241321],[79.030166,25.241293],[79.029888,25.241234],[79.029838,25.241213],[79.029605,25.241112],[79.028891,25.240679],[79.028469,25.240597],[79.028087,25.240606],[79.02761,25.240669],[79.027449,25.240706],[79.026995,25.240812],[79.026765,25.240865],[79.026642,25.240894],[79.026642,25.241018],[79.026642,25.241142],[79.026642,25.24115],[79.026642,25.241485],[79.026587,25.241823],[79.026585,25.241826],[79.026368,25.242112],[79.02634,25.242125],[79.02613,25.24222],[79.02603,25.242216],[79.025535,25.242197],[79.025422,25.24191],[79.025124,25.24115],[79.024846,25.24087],[79.024648,25.240884],[79.023308,25.240977],[79.02228,25.241049],[79.022069,25.241267],[79.02204,25.241296],[79.021997,25.241341],[79.021773,25.241572],[79.021782,25.241783],[79.021785,25.24186],[79.021821,25.242778],[79.021828,25.242963],[79.021828,25.242966],[79.021846,25.243423],[79.02184,25.243465],[79.021687,25.244497],[79.021677,25.244526],[79.021393,25.245381],[79.020971,25.245859],[79.020971,25.245859],[79.020534,25.246193],[79.020469,25.246248],[79.020325,25.246369],[79.019583,25.247127],[79.01957,25.24714],[79.018298,25.248696],[79.018012,25.249048],[79.017985,25.24908],[79.017995,25.249274],[79.017997,25.249276],[79.018073,25.249349],[79.018456,25.249716],[79.018514,25.249771],[79.018575,25.24983],[79.018432,25.250001],[79.018442,25.250011],[79.018529,25.250097],[79.018839,25.250331],[79.019137,25.250556],[79.019256,25.25119],[79.019442,25.251507],[79.019867,25.252227],[79.019873,25.252237],[79.019955,25.252377],[79.020135,25.252682],[79.020811,25.253242],[79.021646,25.254101],[79.022128,25.254598],[79.022153,25.254623],[79.022197,25.254688],[79.022342,25.254903],[79.022713,25.255453],[79.023016,25.255903],[79.023081,25.256096],[79.023088,25.256116],[79.023208,25.256471],[79.023449,25.257182],[79.023499,25.257331],[79.023528,25.257328],[79.024065,25.257261],[79.024303,25.257232],[79.024325,25.257229],[79.024393,25.257389],[79.02454,25.257733],[79.025049,25.258546],[79.025309,25.258962],[79.025311,25.25898],[79.025334,25.259164],[79.025348,25.259274],[79.025349,25.259279],[79.025343,25.259282],[79.024902,25.259557],[79.024998,25.259766],[79.025065,25.259931],[79.025205,25.260278],[79.025562,25.261164],[79.025592,25.26124],[79.025595,25.261246],[79.025609,25.261282],[79.024764,25.26169],[79.023803,25.262153],[79.023203,25.262441],[79.023182,25.262446],[79.022826,25.262537],[79.022453,25.262632],[79.022395,25.262647],[79.022299,25.262772],[79.022231,25.26286],[79.022203,25.262897],[79.022145,25.263122],[79.022359,25.263508],[79.022415,25.263609],[79.022394,25.263628],[79.022384,25.263637],[79.02228,25.263734],[79.02223,25.26378],[79.022223,25.263787],[79.022206,25.263795],[79.021791,25.263989],[79.021413,25.264166],[79.021409,25.264168],[79.02108,25.264322],[79.020957,25.26438],[79.020838,25.264436],[79.021041,25.264873],[79.021187,25.265186],[79.02149,25.265835],[79.022033,25.26666],[79.022792,25.267812],[79.022851,25.267902],[79.022631,25.267998],[79.022486,25.26806],[79.022261,25.268206],[79.022182,25.268257],[79.021877,25.268454],[79.02166,25.268594],[79.021563,25.268657],[79.021676,25.268833],[79.021707,25.268882],[79.021776,25.268989],[79.02173,25.269019],[79.02172,25.269025],[79.021524,25.26915],[79.021097,25.269423],[79.020994,25.269489],[79.020288,25.269915],[79.020288,25.269915],[79.020286,25.269916],[79.020284,25.269917],[79.020283,25.269917],[79.020283,25.269918],[79.020283,25.269918],[79.016556,25.272164],[79.015726,25.272664],[79.015348,25.272892],[79.015342,25.272896],[79.015089,25.273049],[79.01394,25.273741],[79.013732,25.273819],[79.013424,25.273935],[79.013416,25.27394],[79.013416,25.27394],[79.013222,25.27405],[79.01215,25.272426],[79.011218,25.272655],[79.010322,25.272875],[79.009379,25.273106],[79.009112,25.27304],[79.008741,25.272949],[79.008699,25.272945],[79.007906,25.27288],[79.007116,25.272815],[79.006838,25.272792],[79.0067,25.272738],[79.005596,25.272306],[79.005422,25.272238],[79.005361,25.272214],[79.005225,25.272161],[79.004943,25.272205],[79.004351,25.2723],[79.003259,25.272473],[79.001891,25.272618],[79.001655,25.272643],[79.00031,25.272785],[79.0,25.272845],[78.999874,25.272869],[78.998915,25.273052],[78.998675,25.273098],[78.998634,25.273106],[78.998634,25.273106],[78.99713,25.273159],[78.996544,25.27318],[78.99502,25.273168],[78.994406,25.273164],[78.994375,25.273163],[78.994375,25.273163],[78.994376,25.273151],[78.994488,25.272346],[78.994562,25.271845],[78.994749,25.27059],[78.994749,25.27059],[78.994972,25.26975],[78.995016,25.269584],[78.995113,25.269002],[78.995204,25.26846],[78.995279,25.268118],[78.995298,25.268031],[78.995298,25.268031],[78.995261,25.267932],[78.995089,25.267462],[78.994988,25.267212],[78.994935,25.267079],[78.994691,25.2667],[78.994289,25.26637],[78.993637,25.2662],[78.993221,25.266092],[78.992919,25.265932],[78.992404,25.265659],[78.992089,25.265492],[78.991911,25.265416],[78.991452,25.265219],[78.991364,25.265181],[78.990819,25.265015],[78.99075,25.264994],[78.99045,25.264902],[78.990278,25.264882],[78.989687,25.264814],[78.989289,25.264768],[78.988923,25.264818],[78.988658,25.264854],[78.988534,25.264858],[78.988048,25.264872],[78.987767,25.264873],[78.98767,25.264873],[78.987551,25.264751],[78.987481,25.26461],[78.987466,25.26458],[78.987457,25.264561],[78.987457,25.264561],[78.987439,25.264554],[78.98706,25.264386],[78.986826,25.264138],[78.986572,25.26351],[78.986569,25.263504],[78.986404,25.263131],[78.9864,25.26312],[78.986076,25.26239],[78.986055,25.262342],[78.985413,25.260769],[78.985254,25.260379],[78.985254,25.260379],[78.985283,25.259833],[78.985243,25.259375],[78.985242,25.259365],[78.985223,25.259156],[78.984508,25.258872],[78.984436,25.258869],[78.983871,25.258842],[78.98355,25.258828],[78.98355,25.258827],[78.98336,25.258171],[78.983346,25.258124],[78.983266,25.257947],[78.982693,25.256689],[78.98266,25.256617],[78.98231,25.256679],[78.982203,25.256698],[78.982032,25.256211],[78.982029,25.256202],[78.981675,25.256128],[78.981662,25.256125],[78.981572,25.255629],[78.981386,25.254674],[78.981373,25.254604],[78.98064,25.254779],[78.980177,25.25489],[78.980152,25.254851],[78.980151,25.254848],[78.980067,25.254715],[78.979948,25.254524],[78.979659,25.253536],[78.979659,25.253536],[78.979618,25.253327],[78.97946,25.252525],[78.979028,25.251744],[78.97863,25.251068],[78.978611,25.25083],[78.978565,25.250269],[78.978599,25.25],[78.978564,25.249866],[78.978524,25.249667],[78.978524,25.249667],[78.978517,25.249614],[78.97849,25.249401],[78.978489,25.249401],[78.978481,25.24938],[78.978435,25.249265],[78.978434,25.249265],[78.978271,25.249153],[78.978122,25.249053],[78.978122,25.249053],[78.978121,25.249052],[78.977989,25.248829],[78.977943,25.248751],[78.977595,25.247971],[78.977423,25.2476],[78.977422,25.247598],[78.977353,25.247449],[78.977023,25.246739],[78.976606,25.245791],[78.976605,25.245791],[78.976268,25.244977],[78.975064,25.242073],[78.975064,25.242073],[78.974894,25.240981],[78.974894,25.240981],[78.974894,25.240981],[78.974894,25.240981],[78.974869,25.240737],[78.974844,25.240493],[78.974829,25.23988],[78.974766,25.239416],[78.974704,25.238954],[78.974664,25.238038],[78.974664,25.238038],[78.974664,25.238038],[78.974664,25.238038],[78.974706,25.237447],[78.974718,25.237293],[78.97505,25.236991],[78.975073,25.236981],[78.975318,25.236882],[78.975625,25.236747],[78.975829,25.23671],[78.976082,25.236665],[78.976365,25.236678],[78.976593,25.236723],[78.976796,25.2368],[78.976871,25.23684],[78.976871,25.23684],[78.976871,25.23684],[78.976896,25.236901],[78.97698,25.237102],[78.977014,25.237313],[78.97703,25.237414],[78.977053,25.23759],[78.977065,25.237684],[78.977154,25.237823],[78.977155,25.237824],[78.977323,25.237892],[78.977567,25.237892],[78.97783,25.23786],[78.978048,25.237869],[78.978237,25.2379],[78.978455,25.237986],[78.978639,25.238126],[78.978803,25.238293],[78.978842,25.238324],[78.979289,25.23836],[78.979622,25.238409],[78.979835,25.23845],[78.979979,25.238486],[78.980053,25.238522],[78.980149,25.238651],[78.980158,25.238662],[78.980158,25.238662],[78.980261,25.238801],[78.980262,25.238802],[78.980297,25.239009],[78.98035,25.239294],[78.98036,25.23935],[78.980372,25.239411],[78.980372,25.239411],[78.980372,25.239411],[78.980372,25.239411],[78.980378,25.239509],[78.980387,25.239668],[78.980387,25.239668],[78.980531,25.239853],[78.980615,25.239943],[78.981459,25.23983],[78.982372,25.239743],[78.9846,25.239584],[78.9846,25.239584],[78.984462,25.238649],[78.984196,25.236835],[78.984219,25.235508],[78.984219,25.235508],[78.984218,25.235508],[78.983574,25.235373],[78.983162,25.234922],[78.983161,25.234921],[78.982963,25.234579],[78.982963,25.234579],[78.982951,25.23453],[78.982888,25.234254],[78.982888,25.234254],[78.984719,25.234122],[78.986738,25.233875],[78.986907,25.233854],[78.987676,25.233682],[78.988649,25.233465],[78.989552,25.23322],[78.991189,25.23284],[78.993908,25.232395],[78.994662,25.232219],[78.995406,25.232372],[78.995759,25.232552],[78.995978,25.232683],[78.996136,25.232863],[78.99631,25.232994],[78.996807,25.233228],[78.997149,25.23335],[78.997636,25.23348],[78.997758,25.233513],[78.998162,25.233624],[78.998405,25.233714],[78.998533,25.23373],[78.998589,25.233737],[78.998655,25.233741],[78.999152,25.233773],[78.999861,25.23376],[78.999931,25.233751],[79.0,25.233742],[79.000035,25.233738],[79.000084,25.233733],[79.000207,25.233722],[79.000422,25.233702],[79.000764,25.233928],[79.000764,25.233928],[79.001186,25.233698],[79.001385,25.233396],[79.00146,25.23312],[79.001206,25.232979],[79.001177,25.232962],[79.000809,25.232747],[79.000721,25.232696],[79.000721,25.232696],[79.000426,25.232408],[79.000284,25.232271],[79.0,25.231959],[78.999873,25.231819],[78.99959,25.231598],[78.999468,25.231568],[78.999233,25.231512],[78.999233,25.231512],[78.999316,25.230975],[78.999363,25.230672],[78.999538,25.230645],[78.999974,25.230578],[79.0,25.230569],[79.000472,25.230411],[79.000712,25.23033],[79.001085,25.230204],[79.001085,25.230204],[79.001122,25.230188],[79.001134,25.230182],[79.001919,25.229821],[79.001887,25.229746],[79.001804,25.229548],[79.001802,25.229544],[79.001553,25.228954],[79.001519,25.228796],[79.001519,25.228508],[79.001526,25.228504],[79.001947,25.228268],[79.002512,25.227953],[79.002481,25.227903],[79.002397,25.227767],[79.00164,25.226544],[79.0016,25.226409],[79.00159,25.226374],[79.001516,25.226124],[79.001498,25.226052],[79.00124,25.225036],[79.001216,25.224585],[79.001201,25.224301],[79.001242,25.224071],[79.001298,25.22376],[79.00133,25.223585],[79.001345,25.223497],[79.001297,25.22333],[79.001244,25.223143],[79.001207,25.223014],[79.00095,25.221869],[79.000943,25.221836],[79.000938,25.221817],[79.000915,25.221714],[79.000929,25.221635],[79.000972,25.221373],[79.001025,25.221051],[79.001177,25.22079],[79.001179,25.220787],[79.001225,25.220707],[79.001403,25.220401],[79.0015,25.220198],[79.001502,25.220193],[79.001539,25.220117],[79.001603,25.219983],[79.001627,25.219932],[79.001627,25.219932],[79.001843,25.219718],[79.002144,25.21942],[79.002174,25.21939],[79.002238,25.219328],[79.002992,25.218714],[79.003286,25.21834],[79.003286,25.21834],[79.003988,25.217485],[79.004234,25.217185],[79.005134,25.215945],[79.00522,25.21579],[79.005293,25.21566],[79.005889,25.214596],[79.006974,25.212888],[79.007007,25.212836],[79.007008,25.212836],[79.007011,25.212832],[79.007325,25.212516],[79.00732,25.212494],[79.007315,25.212471],[79.00734,25.212304],[79.00742,25.211998],[79.00742,25.211997],[79.007425,25.211785],[79.00741,25.211654],[79.007326,25.2116],[79.007326,25.2116],[79.007235,25.211733],[79.007137,25.211875],[79.006881,25.212124],[79.006717,25.212284],[79.006566,25.21243],[79.006501,25.212696],[79.006501,25.212696],[79.006501,25.212695],[79.00614,25.21224],[79.006115,25.21214],[79.006119,25.211987],[79.00612,25.211943],[79.006125,25.211777],[79.006126,25.211759],[79.006127,25.211714],[79.006129,25.211648],[79.006135,25.211418],[79.006121,25.211369],[79.006116,25.211353],[79.006101,25.211301],[79.006093,25.21129],[79.006036,25.211211],[79.005995,25.211179],[79.005984,25.211171],[79.005947,25.211143],[79.005935,25.211139],[79.005854,25.211113],[79.005803,25.211098],[79.005739,25.211093],[79.005795,25.210971],[79.005878,25.210791],[79.005878,25.21079],[79.005908,25.210687],[79.005918,25.210574],[79.005915,25.210527],[79.005913,25.21048],[79.005913,25.210479],[79.005908,25.210389],[79.005884,25.210309],[79.005874,25.210276],[79.005804,25.209965],[79.005804,25.209964],[79.005795,25.20954],[79.005796,25.209526],[79.005802,25.20939],[79.005815,25.209143],[79.005801,25.20881],[79.005801,25.208808],[79.005786,25.208475],[79.005761,25.208331],[79.005761,25.208331],[79.005758,25.208321],[79.005726,25.208239],[79.005682,25.208128],[79.005677,25.208116],[79.005675,25.208112],[79.005519,25.207766],[79.005415,25.207419],[79.005366,25.20708],[79.005559,25.207026],[79.005559,25.207026],[79.005644,25.206936],[79.005822,25.206746],[79.005903,25.205893],[79.005789,25.205438],[79.005679,25.205259],[79.00563,25.20518],[79.005398,25.204905],[79.005383,25.204887],[79.005333,25.204575],[79.005294,25.204336],[79.005263,25.204258],[79.005195,25.204087],[79.005121,25.203641],[79.005121,25.203641],[79.005121,25.20364],[79.005121,25.203434],[79.005121,25.203361],[79.005151,25.203261],[79.005151,25.20302],[79.005151,25.202815],[79.00516,25.202471],[79.005162,25.202399],[79.005114,25.202158],[79.005103,25.202105],[79.005085,25.20201],[79.004977,25.201468],[79.004901,25.201084],[79.004895,25.201054],[79.004831,25.200562],[79.004862,25.200114],[79.004877,25.199899],[79.004957,25.19964],[79.004984,25.199555],[79.005021,25.199438],[79.005004,25.199158],[79.004987,25.198856],[79.004993,25.198789],[79.004995,25.198762],[79.005002,25.198684],[79.005056,25.198545],[79.00513,25.198393],[79.005191,25.198269],[79.005251,25.198079],[79.005269,25.198023],[79.005282,25.197982],[79.00529,25.197958],[79.005308,25.197723],[79.00531,25.197696],[79.005355,25.197416],[79.005383,25.197243],[79.0054,25.197132],[79.00544,25.197019],[79.005539,25.196893],[79.005551,25.196864],[79.005609,25.196722],[79.005629,25.196518],[79.005684,25.196148],[79.005799,25.195566],[79.005829,25.195352],[79.005872,25.195055],[79.005873,25.195047],[79.005873,25.195047],[79.005601,25.195146],[79.005601,25.195146],[79.005501,25.195182],[79.005491,25.195185],[79.004485,25.195457],[79.00435,25.195493],[79.004225,25.195529],[79.003786,25.195656],[79.002619,25.195994],[79.002593,25.196001],[79.001955,25.19617],[79.001383,25.196321],[79.001383,25.196321],[79.001136,25.196375],[79.000904,25.196426],[79.000235,25.196573],[79.00016,25.19659],[79.000157,25.196591],[79.000133,25.196597],[79.0,25.196633],[78.999666,25.196721],[78.999308,25.196757],[78.998998,25.196758],[78.998907,25.196759],[78.998602,25.19676],[78.998209,25.196756],[78.997603,25.19675],[78.99743,25.196748],[78.997388,25.196748],[78.995799,25.196727],[78.99421,25.196706],[78.994203,25.196706],[78.994172,25.196705],[78.994161,25.196704],[78.994097,25.196703],[78.994032,25.196701],[78.993774,25.196693],[78.993359,25.196686],[78.993247,25.196684],[78.993233,25.196684],[78.992955,25.196752],[78.992772,25.196861],[78.992497,25.19708],[78.992257,25.197271],[78.991592,25.1978],[78.991191,25.198058],[78.986143,25.201343],[78.985707,25.201709],[78.985235,25.201969],[78.985181,25.201998],[78.985051,25.202065],[78.98441,25.20239],[78.984353,25.202419],[78.9837,25.202824],[78.983671,25.202841],[78.983581,25.202897],[78.983254,25.203099],[78.982961,25.203281],[78.982904,25.203316],[78.982832,25.203361],[78.982809,25.203375],[78.982541,25.203541],[78.98247,25.203585],[78.982332,25.203671],[78.982325,25.203675],[78.982281,25.203702],[78.982151,25.203839],[78.982132,25.203858],[78.982034,25.203962],[78.98184,25.204166],[78.981146,25.204896],[78.981111,25.204933],[78.981089,25.204956],[78.98108,25.204965],[78.98074,25.205322],[78.980712,25.205358],[78.980609,25.205492],[78.980596,25.205508],[78.980595,25.205509],[78.980554,25.206363],[78.980496,25.207587],[78.980463,25.208265],[78.980451,25.208517],[78.980396,25.209666],[78.980601,25.211462],[78.980601,25.211462],[78.979396,25.211517],[78.979393,25.211517],[78.979367,25.211517],[78.978998,25.211518],[78.978621,25.211414],[78.978224,25.211347],[78.978189,25.211347],[78.978182,25.211347],[78.977944,25.211347],[78.977806,25.211347],[78.977793,25.211347],[78.977753,25.211347],[78.977376,25.211379],[78.977253,25.211401],[78.977238,25.211404],[78.977073,25.211433],[78.976917,25.211538],[78.976888,25.211558],[78.976862,25.211575],[78.976853,25.211582],[78.976845,25.211587],[78.976562,25.211741],[78.976255,25.211894],[78.97595,25.211973],[78.975947,25.211974],[78.975942,25.211976],[78.975889,25.212017],[78.975844,25.212052],[78.975744,25.212129],[78.975575,25.212436],[78.975378,25.212586],[78.975287,25.212655],[78.975065,25.212825],[78.974828,25.213042],[78.974761,25.213103],[78.974296,25.21353],[78.974262,25.213547],[78.972486,25.21493],[78.971316,25.215793],[78.970605,25.216243],[78.970559,25.216272],[78.970297,25.216437],[78.970295,25.216439],[78.968701,25.216476],[78.968498,25.216481],[78.968399,25.216546],[78.968278,25.216625],[78.968057,25.21677],[78.967587,25.21677],[78.96747,25.21677],[78.967216,25.21677],[78.967212,25.21677],[78.967095,25.21677],[78.966727,25.216834],[78.966713,25.216838],[78.966712,25.216838],[78.966558,25.216868],[78.966556,25.216868],[78.964981,25.217178],[78.964867,25.21705],[78.964752,25.216922],[78.96364,25.21568],[78.96364,25.21568],[78.963679,25.214812],[78.963704,25.214254],[78.963705,25.214235],[78.963721,25.213768],[78.963761,25.212625],[78.963772,25.212371],[78.963777,25.212277],[78.963774,25.212272],[78.96356,25.211903],[78.963342,25.211527],[78.963081,25.211077],[78.961405,25.212107],[78.961405,25.212107],[78.961226,25.212282],[78.961188,25.212318],[78.960096,25.213385],[78.959828,25.213791],[78.959823,25.213803],[78.959768,25.213911],[78.959764,25.21392],[78.959712,25.214023],[78.958934,25.215569],[78.958746,25.215876],[78.95873,25.215901],[78.958721,25.215916],[78.958277,25.216595],[78.958208,25.216678],[78.958093,25.216813],[78.958018,25.2169],[78.95781,25.21714],[78.957788,25.217161],[78.957718,25.217226],[78.957708,25.217235],[78.95768,25.217261],[78.95767,25.217271],[78.957666,25.217274],[78.957466,25.217455],[78.957415,25.217486],[78.957348,25.217527],[78.957338,25.217533],[78.957071,25.217695],[78.957065,25.217699],[78.957053,25.217706],[78.957038,25.217712],[78.956747,25.217826],[78.956234,25.218028],[78.955668,25.218251],[78.954359,25.218766],[78.954218,25.218821],[78.953858,25.218963],[78.953855,25.218958],[78.953853,25.218956],[78.953852,25.218955],[78.953105,25.217932],[78.953093,25.217916],[78.952812,25.216863],[78.952775,25.216727],[78.952714,25.216499],[78.952696,25.21643],[78.952619,25.216144],[78.952596,25.216057],[78.952596,25.216056],[78.952596,25.216056],[78.952596,25.216056],[78.952596,25.216055],[78.952585,25.21599],[78.952449,25.215128],[78.952425,25.21497],[78.952407,25.214851],[78.952405,25.214834],[78.952395,25.214734],[78.952365,25.214489],[78.952362,25.21446],[78.952362,25.214459],[78.95234,25.214188],[78.952331,25.214101],[78.952299,25.214002],[78.952298,25.213997],[78.952196,25.213682],[78.952175,25.213618],[78.952158,25.213565],[78.952157,25.213563],[78.952155,25.213561],[78.951875,25.213069],[78.951671,25.212896],[78.951668,25.212893],[78.951666,25.212891],[78.951646,25.212875],[78.951616,25.212862],[78.951612,25.212861],[78.951562,25.21284],[78.951483,25.212807],[78.951473,25.212803],[78.951461,25.212798],[78.951398,25.212771],[78.951389,25.212775],[78.951387,25.212776],[78.951314,25.212807],[78.951243,25.212833],[78.951126,25.212874],[78.950928,25.212945],[78.950802,25.212989],[78.950509,25.213094],[78.94922,25.213549],[78.949116,25.213583],[78.948803,25.213686],[78.948476,25.213793],[78.947549,25.214094],[78.947229,25.214167],[78.947167,25.214181],[78.947076,25.214198],[78.94695,25.214221],[78.946673,25.214273],[78.946614,25.214284],[78.946599,25.214287],[78.946587,25.214289],[78.946557,25.214295],[78.946554,25.214294],[78.946551,25.214293],[78.946549,25.214292],[78.946529,25.214283],[78.946515,25.214278],[78.946352,25.21421],[78.946304,25.21419],[78.946274,25.214178],[78.946055,25.214087],[78.946041,25.214076],[78.946039,25.214075],[78.945782,25.213874],[78.945646,25.213768],[78.945565,25.213704],[78.945524,25.213672],[78.945515,25.213666],[78.945489,25.213649],[78.945454,25.213625],[78.944859,25.213221],[78.94479,25.213187],[78.944787,25.213185],[78.944113,25.212846],[78.944084,25.212831],[78.943937,25.212758],[78.942831,25.212475],[78.942704,25.212443],[78.942681,25.212437],[78.942545,25.212397],[78.941841,25.21219],[78.940185,25.211703],[78.940171,25.2117],[78.940165,25.211699],[78.94007,25.211684],[78.939616,25.211611],[78.938031,25.211356],[78.937172,25.211151],[78.936419,25.210971],[78.935292,25.210702],[78.93433,25.21189],[78.934326,25.211886],[78.934326,25.211886],[78.934325,25.211885],[78.933934,25.211494],[78.933149,25.210708],[78.932498,25.210004],[78.932497,25.210003],[78.932433,25.20994],[78.92957,25.207134],[78.929522,25.207172],[78.92926,25.207378],[78.929019,25.207568],[78.928893,25.207464],[78.928392,25.207055],[78.92827,25.206955],[78.927847,25.206609],[78.927221,25.206098],[78.926747,25.205709],[78.926094,25.205176],[78.925561,25.20474],[78.925213,25.204455],[78.925207,25.20445],[78.925203,25.204446],[78.921734,25.201274],[78.921093,25.200645],[78.921091,25.200644],[78.920786,25.200344],[78.920644,25.200167],[78.920155,25.199552],[78.919849,25.199169],[78.919776,25.199079],[78.919613,25.19888],[78.919565,25.198822],[78.919442,25.198672],[78.919366,25.198579],[78.919041,25.198183],[78.918966,25.198091],[78.918947,25.198069],[78.918493,25.197514],[78.918401,25.197402],[78.917687,25.196495],[78.916921,25.195519],[78.916741,25.19529],[78.91645,25.19496],[78.915418,25.193785],[78.914905,25.193201],[78.914646,25.192908],[78.913366,25.191434],[78.913363,25.191431],[78.913133,25.191166],[78.912823,25.190697],[78.91282,25.190693],[78.912532,25.190259],[78.912322,25.19004],[78.91232,25.190037],[78.91152,25.189203],[78.910885,25.188413],[78.910036,25.187366],[78.90939,25.186596],[78.909382,25.186586],[78.908969,25.186094],[78.908926,25.186054],[78.908925,25.186053],[78.908577,25.185736],[78.90765,25.184894],[78.907536,25.184789],[78.907832,25.184622],[78.907942,25.184559],[78.908429,25.184275],[78.909469,25.183668],[78.909695,25.183536],[78.910192,25.183246],[78.910192,25.183246],[78.910263,25.183205],[78.911265,25.182374],[78.911529,25.18173],[78.91171,25.181289],[78.911895,25.180839],[78.911894,25.180839],[78.911893,25.180839],[78.911314,25.180826],[78.911091,25.180812],[78.910927,25.180753],[78.910302,25.180217],[78.910301,25.180215],[78.909999,25.179842],[78.90991,25.17958],[78.90988,25.179228],[78.90993,25.178781],[78.909925,25.178244],[78.909925,25.178244],[78.909815,25.178005],[78.909814,25.178004],[78.909647,25.177865],[78.909414,25.17773],[78.908977,25.177545],[78.908317,25.177333],[78.90733,25.177161],[78.906746,25.177023],[78.906452,25.176954],[78.906035,25.176827],[78.905564,25.176683],[78.904983,25.176465],[78.904855,25.176417],[78.904565,25.176226],[78.904389,25.17611],[78.903496,25.175424],[78.903494,25.175423],[78.903387,25.175302],[78.903146,25.175032],[78.903049,25.174924],[78.902816,25.174585],[78.902803,25.174529],[78.902756,25.174328],[78.902732,25.174093],[78.90273,25.174067],[78.902702,25.173795],[78.902701,25.173096],[78.902701,25.173096],[78.902701,25.173095],[78.902701,25.173095],[78.902741,25.172631],[78.90283,25.171899],[78.902909,25.17148],[78.902909,25.171479],[78.903038,25.17101],[78.903038,25.17101],[78.903038,25.17101],[78.903038,25.17101],[78.903061,25.170706],[78.903068,25.170613],[78.903068,25.170613],[78.903028,25.170428],[78.903027,25.170427],[78.902964,25.17036],[78.902646,25.170211],[78.902314,25.170035],[78.901946,25.169861],[78.901753,25.169769],[78.901318,25.169622],[78.901019,25.169521],[78.900484,25.169368],[78.899772,25.169193],[78.899268,25.16907],[78.898321,25.168745],[78.898063,25.168619],[78.89783,25.168425],[78.897707,25.168296],[78.897532,25.168113],[78.896987,25.167486],[78.896461,25.166827],[78.896461,25.166827],[78.895796,25.166015],[78.895795,25.166014],[78.89535,25.165577],[78.894863,25.165117],[78.894477,25.164846],[78.89403,25.164638],[78.893544,25.164413],[78.892919,25.164052],[78.892498,25.163727],[78.892496,25.163725],[78.892066,25.163248],[78.891629,25.162657],[78.891557,25.162542],[78.891292,25.162116],[78.890965,25.161461],[78.890617,25.160987],[78.890617,25.160987],[78.89028,25.160658],[78.890092,25.160554],[78.889834,25.160504],[78.889645,25.160518],[78.889397,25.160554],[78.889246,25.160623],[78.889149,25.160667],[78.888728,25.160829],[78.888326,25.161006],[78.887954,25.161073],[78.887706,25.161006],[78.887543,25.160866],[78.887542,25.160865],[78.887525,25.16083],[78.887443,25.160665],[78.887374,25.160527],[78.88724,25.160351],[78.88724,25.160351],[78.887172,25.160327],[78.886905,25.160229],[78.886893,25.160225],[78.886892,25.160224],[78.886308,25.15999],[78.885856,25.159841],[78.885316,25.159611],[78.885186,25.159508],[78.884955,25.159325],[78.88495,25.159321],[78.884889,25.159273],[78.884855,25.159253],[78.884852,25.159251],[78.884799,25.159219],[78.884289,25.158916],[78.884178,25.15883],[78.883357,25.158194],[78.882096,25.157062],[78.881908,25.156894],[78.881516,25.157031],[78.881026,25.157201],[78.880396,25.157616],[78.880153,25.158948],[78.879978,25.159702],[78.87997,25.159738],[78.879608,25.161588],[78.879389,25.16269],[78.879383,25.162731],[78.879363,25.162854],[78.879362,25.16286],[78.879148,25.164186],[78.879146,25.164197],[78.878677,25.166674],[78.878662,25.166757],[78.878646,25.166842],[78.878647,25.166848],[78.878733,25.167114],[78.87874,25.167136],[78.878741,25.16714],[78.878839,25.167434],[78.879049,25.168068],[78.879164,25.168415],[78.879222,25.168589],[78.879458,25.169302],[78.879464,25.169321],[78.879592,25.169707],[78.879595,25.169716],[78.87968,25.169972],[78.879798,25.170392],[78.879802,25.170408],[78.879985,25.171058],[78.879964,25.171065],[78.879939,25.171074],[78.879938,25.171074],[78.879858,25.171101],[78.879538,25.171211],[78.879516,25.171219],[78.879181,25.171333],[78.878999,25.171358],[78.878987,25.17136],[78.878914,25.17137],[78.87837,25.171443],[78.87815,25.171473],[78.87815,25.171473],[78.877927,25.171604],[78.877643,25.17173],[78.877454,25.171814],[78.877098,25.171972],[78.876893,25.172063],[78.876886,25.172067],[78.876667,25.172164],[78.876244,25.172164],[78.875981,25.172164],[78.875977,25.172164],[78.875971,25.172163],[78.875826,25.172139],[78.875328,25.172056],[78.875134,25.172066],[78.87513,25.172066],[78.874638,25.172092],[78.874638,25.172092],[78.87437,25.172408],[78.87437,25.172808],[78.87437,25.173274],[78.874249,25.173814],[78.874182,25.174109],[78.87412,25.174168],[78.874117,25.174171],[78.873845,25.17443],[78.873423,25.174687],[78.872991,25.175017],[78.872853,25.175409],[78.872853,25.17543],[78.872853,25.175639],[78.872855,25.175668],[78.872856,25.175676],[78.872865,25.175777],[78.872866,25.175791],[78.872882,25.175978],[78.872907,25.176026],[78.872909,25.17603],[78.873051,25.176312],[78.873012,25.17658],[78.873011,25.176583],[78.873135,25.176854],[78.873135,25.176937],[78.873135,25.17694],[78.873135,25.177201],[78.873175,25.177266],[78.873196,25.177301],[78.873348,25.177548],[78.873349,25.177549],[78.873351,25.177556],[78.873405,25.177722],[78.873463,25.177901],[78.873568,25.178097],[78.873656,25.178262],[78.873665,25.178278],[78.873672,25.178289],[78.873869,25.178627],[78.873978,25.179043],[78.873978,25.179223],[78.873978,25.179229],[78.873978,25.179279],[78.873978,25.179293],[78.873978,25.179431],[78.873942,25.179611],[78.873938,25.179628],[78.873894,25.179842],[78.873894,25.180375],[78.873894,25.180411],[78.873894,25.180446],[78.873894,25.180681],[78.873869,25.181241],[78.873827,25.181342],[78.873801,25.181406],[78.873599,25.181893],[78.873581,25.181935],[78.873547,25.182017],[78.873418,25.182383],[78.873418,25.182537],[78.873418,25.182557],[78.873418,25.182748],[78.873431,25.182932],[78.873433,25.182969],[78.873443,25.1831],[78.873467,25.18348],[78.873443,25.18389],[78.873441,25.183892],[78.87344,25.183894],[78.873314,25.184089],[78.872937,25.184881],[78.872932,25.184892],[78.872798,25.185319],[78.872795,25.185329],[78.872773,25.185398],[78.872762,25.185434],[78.872761,25.185439],[78.872738,25.185515],[78.872738,25.186179],[78.872545,25.186562],[78.872177,25.186738],[78.872167,25.186743],[78.871895,25.186874],[78.871207,25.18695],[78.870976,25.186976],[78.870941,25.18698],[78.87083,25.186992],[78.870635,25.187014],[78.870646,25.187024],[78.870647,25.187025],[78.870761,25.187132],[78.871151,25.187501],[78.871156,25.187506],[78.871665,25.187987],[78.871813,25.188231],[78.871855,25.188301],[78.87186,25.188309],[78.872406,25.189532],[78.872723,25.190015],[78.873016,25.190449],[78.873982,25.191364],[78.873983,25.191365],[78.874683,25.191667],[78.875403,25.192205],[78.875933,25.192601],[78.875933,25.192602],[78.876245,25.192913],[78.876652,25.193344],[78.876965,25.193676],[78.876965,25.193676],[78.877548,25.194193],[78.877922,25.194525],[78.878309,25.194664],[78.879053,25.195007],[78.879782,25.195386],[78.879783,25.195387],[78.880115,25.19577],[78.880561,25.196393],[78.880561,25.196393],[78.880819,25.19661],[78.881182,25.196727],[78.881613,25.196908],[78.88198,25.197106],[78.882352,25.197381],[78.882352,25.197381],[78.88261,25.197643],[78.88261,25.197643],[78.882829,25.197941],[78.882954,25.198149],[78.882978,25.198189],[78.883058,25.198435],[78.883121,25.198627],[78.883608,25.199769],[78.883828,25.20038],[78.883876,25.200514],[78.88399,25.200843],[78.88399,25.200843],[78.884104,25.201155],[78.884263,25.201525],[78.884585,25.202148],[78.884585,25.202148],[78.884774,25.202549],[78.884862,25.202717],[78.884947,25.202879],[78.885409,25.203673],[78.88586,25.204206],[78.886421,25.205239],[78.886422,25.205241],[78.886798,25.206038],[78.886967,25.206693],[78.886982,25.207036],[78.886917,25.20755],[78.886784,25.208069],[78.886536,25.208882],[78.886377,25.209473],[78.886361,25.209757],[78.886347,25.209997],[78.886347,25.209997],[78.887166,25.210638],[78.887503,25.210507],[78.887568,25.21052],[78.887622,25.210538],[78.887622,25.210538],[78.887692,25.210633],[78.888203,25.211464],[78.888836,25.21225],[78.888866,25.212288],[78.890585,25.214424],[78.890585,25.214424],[78.89015,25.21483],[78.888764,25.216122],[78.888514,25.216299],[78.887702,25.216875],[78.885991,25.217796],[78.885991,25.217796],[78.884793,25.21859],[78.884527,25.218767],[78.883138,25.219652],[78.882715,25.219961],[78.882397,25.220194],[78.881778,25.220647],[78.881523,25.220833],[78.880954,25.22125],[78.88093,25.221268],[78.8808,25.221359],[78.880001,25.221917],[78.879645,25.222166],[78.878475,25.22293],[78.878151,25.223141],[78.877858,25.22333],[78.877341,25.223662],[78.877218,25.223741],[78.877218,25.223741],[78.877013,25.223822],[78.876776,25.223916],[78.87634,25.224089],[78.875234,25.224581],[78.874921,25.224707],[78.873626,25.22519],[78.872698,25.225574],[78.872138,25.225757],[78.872117,25.225763],[78.871651,25.225881],[78.870356,25.226427],[78.870376,25.226584],[78.870471,25.227337],[78.870624,25.228553],[78.870624,25.228553],[78.869766,25.229995],[78.869765,25.229997],[78.869765,25.229997],[78.869677,25.230264],[78.869542,25.230674],[78.869537,25.230688],[78.869537,25.230688],[78.869534,25.230926],[78.869532,25.231107],[78.869532,25.231107],[78.870202,25.232462],[78.870276,25.232877],[78.870519,25.23331],[78.870896,25.234145],[78.871085,25.234565],[78.871085,25.234565],[78.871253,25.235758],[78.871312,25.236175],[78.871403,25.236817],[78.871348,25.237814],[78.871348,25.237814],[78.871348,25.237815],[78.871348,25.237815],[78.871393,25.238238],[78.871398,25.238279],[78.871398,25.238279],[78.871398,25.238279],[78.871398,25.23828],[78.87158,25.238817],[78.871596,25.238866],[78.871596,25.238866],[78.87176,25.239223],[78.872549,25.240541],[78.872595,25.240706],[78.872683,25.241024],[78.872998,25.241414],[78.873025,25.241448],[78.873025,25.241448],[78.873246,25.241619],[78.873461,25.241786],[78.873462,25.241787],[78.873507,25.2418],[78.874082,25.242044],[78.875094,25.242761],[78.875095,25.242762],[78.875982,25.243777],[78.877115,25.245073],[78.877884,25.246386],[78.878211,25.247049],[78.878212,25.24705],[78.878304,25.247406],[78.87832,25.247467],[78.878321,25.247469],[78.878321,25.247469],[78.87834,25.247631],[78.87837,25.247889],[78.878368,25.248037],[78.878365,25.248205],[78.878424,25.248342],[78.878547,25.248627],[78.878842,25.249311],[78.878842,25.249311],[78.878943,25.249509],[78.878955,25.249533],[78.879194,25.25],[78.879194,25.250001],[78.879052,25.250152],[78.878877,25.250342],[78.879135,25.251041],[78.879135,25.251041],[78.879376,25.251657],[78.879418,25.251763],[78.879418,25.251763],[78.879443,25.251913],[78.879502,25.252255],[78.879502,25.252255],[78.879623,25.252398],[78.879733,25.252528],[78.879785,25.252589],[78.879798,25.252597],[78.8798,25.252598],[78.879827,25.252615],[78.879948,25.252688],[78.880006,25.252724],[78.880008,25.252724],[78.880465,25.253002],[78.880466,25.253002],[78.88047,25.253004],[78.880471,25.253008],[78.880472,25.253009],[78.880693,25.253496],[78.880712,25.25354],[78.880793,25.253721],[78.880829,25.253802],[78.880922,25.254011],[78.880922,25.254011],[78.88095,25.254015],[78.880951,25.254016],[78.881919,25.254169],[78.882169,25.254204],[78.882193,25.254208],[78.882617,25.254268],[78.882941,25.254313],[78.883195,25.254349],[78.883651,25.25437],[78.883846,25.254378],[78.883857,25.254379],[78.884307,25.254399],[78.884357,25.254221],[78.884535,25.2536],[78.88538,25.253702],[78.885386,25.253702],[78.88581,25.253753],[78.885921,25.253628],[78.885925,25.253623],[78.88634,25.253152],[78.886879,25.252541],[78.887175,25.252205],[78.887572,25.251609],[78.887814,25.251246],[78.887969,25.251013],[78.888196,25.250848],[78.888688,25.250489],[78.888727,25.250466],[78.889371,25.250084],[78.889373,25.250082],[78.889373,25.250082],[78.889412,25.250001],[78.889532,25.249748],[78.889706,25.249143],[78.889875,25.248552],[78.890108,25.248109],[78.890495,25.247574],[78.890748,25.247225],[78.891072,25.246874],[78.891909,25.24597],[78.892326,25.245545],[78.893383,25.244706],[78.893383,25.244706],[78.894286,25.244096],[78.894852,25.243794],[78.895889,25.243419],[78.896097,25.243363],[78.896306,25.243306],[78.89637,25.243294],[78.896846,25.243208],[78.896852,25.243207],[78.897132,25.243188],[78.897292,25.243177],[78.897378,25.243171],[78.89738,25.24317],[78.897398,25.243168],[78.898483,25.243046],[78.898782,25.243012],[78.898949,25.24303],[78.899775,25.243116],[78.899844,25.243256],[78.899891,25.243349],[78.899893,25.243354],[78.899954,25.243477],[78.899988,25.243545],[78.900116,25.243669],[78.901187,25.244716],[78.902386,25.245887],[78.902849,25.24697],[78.902986,25.247291],[78.903285,25.248721],[78.903334,25.249037],[78.903374,25.249222],[78.903374,25.249222],[78.903503,25.249674],[78.903514,25.25],[78.903668,25.250436],[78.903891,25.251309],[78.903855,25.252243],[78.903846,25.252473],[78.903846,25.252474],[78.904121,25.252701],[78.904384,25.25292],[78.904723,25.253201],[78.905767,25.254066],[78.906773,25.254877],[78.907644,25.255578],[78.908413,25.256472],[78.908602,25.257331],[78.908796,25.258218],[78.909002,25.258848],[78.909348,25.259902],[78.909904,25.261337],[78.910842,25.263007],[78.910979,25.263927],[78.911056,25.264447],[78.911186,25.266541],[78.911412,25.267024],[78.911916,25.268102],[78.911986,25.268292],[78.911989,25.268301],[78.912081,25.26855],[78.912334,25.269235],[78.913312,25.270557],[78.913774,25.271004],[78.914638,25.271839],[78.914868,25.272018],[78.915469,25.272486],[78.916132,25.273003],[78.91699,25.273562],[78.917026,25.273585],[78.917386,25.27365],[78.917401,25.273653],[78.918106,25.27378],[78.91852,25.273855],[78.918638,25.273836],[78.920143,25.273584],[78.920492,25.273429],[78.92057,25.273395],[78.921722,25.272884],[78.922913,25.272495],[78.922933,25.272493],[78.92394,25.272378],[78.92394,25.272378],[78.923954,25.272339],[78.923955,25.272338],[78.923968,25.272301],[78.924019,25.27216],[78.924109,25.271913],[78.9259,25.271253],[78.926346,25.271083],[78.926382,25.27107],[78.928139,25.270399],[78.929251,25.269817],[78.929645,25.269393],[78.929872,25.269149],[78.930065,25.268942],[78.930149,25.268852],[78.930188,25.26881],[78.930199,25.268782],[78.930235,25.268689],[78.930977,25.266792],[78.931601,25.265667],[78.931778,25.265349],[78.932593,25.26388],[78.932702,25.263693],[78.932886,25.263378],[78.932931,25.263302],[78.934789,25.261888],[78.934802,25.261878],[78.934937,25.261775],[78.935019,25.261713],[78.935606,25.26122],[78.93583,25.261032],[78.935947,25.260934],[78.936068,25.260832],[78.936166,25.26075],[78.936248,25.260681],[78.936687,25.260313],[78.937254,25.259926],[78.937595,25.259694],[78.938345,25.259617],[78.938407,25.259611],[78.941004,25.259345],[78.943642,25.259392],[78.944175,25.259402],[78.945144,25.25942],[78.945155,25.259487],[78.945155,25.259488],[78.945181,25.259636],[78.945288,25.260266],[78.945338,25.260557],[78.94537,25.260821],[78.945403,25.261089],[78.945403,25.261089],[78.945512,25.261106],[78.94583,25.261153],[78.946188,25.261207],[78.946425,25.261242],[78.946673,25.261393],[78.947086,25.261643],[78.947324,25.261788],[78.947444,25.261777],[78.947934,25.26173],[78.948393,25.261685],[78.95063,25.261471],[78.952591,25.261509],[78.952635,25.26151],[78.953561,25.261437],[78.953641,25.261431],[78.954253,25.261383],[78.954595,25.261356],[78.954609,25.261406],[78.954609,25.261407],[78.954939,25.262673],[78.954978,25.263744],[78.955025,25.265002],[78.955004,25.265052],[78.954767,25.265612],[78.954636,25.265779],[78.95443,25.266041],[78.954458,25.266419],[78.95447,25.266582],[78.954528,25.266842],[78.95454,25.2669],[78.954599,25.267165],[78.954599,25.267165],[78.954386,25.268253],[78.953916,25.269341],[78.953823,25.269447],[78.953665,25.269629],[78.953501,25.269817],[78.953406,25.269926],[78.953276,25.270077],[78.952124,25.270619],[78.951187,25.27159],[78.950036,25.272796],[78.949089,25.273758],[78.948857,25.273994],[78.948721,25.274132],[78.948677,25.274177],[78.948677,25.274177],[78.948743,25.274292],[78.948771,25.274341],[78.949705,25.275964],[78.949768,25.276046],[78.951241,25.277981],[78.95247,25.279206],[78.952475,25.279211],[78.953034,25.279767],[78.954619,25.281671],[78.954671,25.281735],[78.954673,25.281737],[78.955474,25.282711],[78.955485,25.282725],[78.955513,25.282759],[78.95729,25.281943],[78.957738,25.281738],[78.95812,25.281563],[78.958734,25.281281],[78.960312,25.280698],[78.960899,25.280581],[78.961181,25.280526],[78.961295,25.280503],[78.961338,25.280473],[78.961607,25.280287],[78.962362,25.279767],[78.96243,25.279748],[78.962837,25.279641],[78.963985,25.279337],[78.965095,25.279105],[78.966125,25.278891],[78.966242,25.278866],[78.966417,25.27883],[78.966472,25.278816],[78.96668,25.278763],[78.966858,25.278717],[78.966979,25.278687],[78.967041,25.278671],[78.967165,25.278639],[78.96741,25.278576],[78.969007,25.278169],[78.969494,25.278131],[78.970502,25.278051],[78.971326,25.277651],[78.971777,25.277432],[78.971827,25.277424],[78.973529,25.27716],[78.974045,25.277186],[78.97453,25.277211],[78.974762,25.277222],[78.975023,25.277235],[78.975085,25.277261],[78.975678,25.277502],[78.975742,25.277527],[78.975878,25.277582],[78.975942,25.277544],[78.976272,25.277348],[78.976461,25.277236],[78.976762,25.277058],[78.976989,25.276923],[78.97748,25.276749],[78.97754,25.276728],[78.97757,25.276754],[78.977594,25.276775],[78.977706,25.27687],[78.978425,25.277486],[78.978617,25.277649],[78.978971,25.277952],[78.97908,25.278045],[78.979623,25.278689],[78.979842,25.278949],[78.979925,25.279047],[78.979925,25.279047],[78.979942,25.279293],[78.97997,25.279669],[78.979966,25.279685],[78.979956,25.279723],[78.97981,25.280297],[78.979802,25.280329],[78.979725,25.280395],[78.978775,25.281223],[78.978247,25.281674],[78.978021,25.281867],[78.977971,25.28191],[78.977662,25.282134],[78.977559,25.282208],[78.977065,25.282716],[78.976925,25.28286],[78.97687,25.282917],[78.976459,25.283915],[78.976246,25.285133],[78.976065,25.286242],[78.975945,25.286975],[78.975621,25.288091],[78.975608,25.288135],[78.975438,25.288234],[78.975309,25.288309],[78.974874,25.288561],[78.974489,25.288784],[78.974218,25.288941],[78.974189,25.288958],[78.973221,25.289428],[78.972249,25.289898],[78.971241,25.290679],[78.970234,25.291461],[78.969569,25.292026],[78.968899,25.292595],[78.968279,25.293322],[78.967655,25.294049],[78.967326,25.29445],[78.967076,25.294753],[78.96701,25.294835],[78.96636,25.295616],[78.965715,25.296546],[78.96507,25.297476],[78.96447,25.29842],[78.963865,25.299359],[78.96329,25.299603],[78.962555,25.299915],[78.962277,25.300057],[78.961681,25.300363],[78.961473,25.300466],[78.959974,25.301212],[78.958286,25.301926],[78.957536,25.302199],[78.957428,25.302238],[78.957442,25.302273],[78.957543,25.302513],[78.957684,25.30285],[78.957736,25.302974],[78.957736,25.302974],[78.957961,25.303506],[78.958079,25.303787],[78.958169,25.303998],[78.958314,25.304228],[78.958795,25.304986],[78.95956,25.306245],[78.960286,25.307368],[78.96011,25.307935],[78.959815,25.308885],[78.959447,25.310399],[78.95939,25.310632],[78.958964,25.312496],[78.958964,25.312497],[78.958453,25.313621],[78.957853,25.314867],[78.957726,25.315334],[78.957698,25.315435],[78.957658,25.315585],[78.957477,25.316248],[78.957483,25.316273],[78.957483,25.316276],[78.957932,25.318145],[78.957944,25.318198],[78.957947,25.31821],[78.957999,25.318423],[78.958074,25.318739],[78.958074,25.318739],[78.958289,25.319868],[78.958289,25.319868],[78.957649,25.321032],[78.957609,25.321274],[78.957606,25.321288],[78.957604,25.321305],[78.957601,25.321322],[78.957596,25.321349],[78.957595,25.321356],[78.957565,25.321538],[78.957565,25.321538],[78.957595,25.321601],[78.957751,25.321923],[78.958167,25.322783],[78.958167,25.322783],[78.957892,25.323241],[78.957635,25.32367],[78.957398,25.324066],[78.957288,25.324813],[78.957269,25.324941],[78.957269,25.324941],[78.957278,25.325038],[78.957288,25.325161],[78.957439,25.326882],[78.957525,25.327585],[78.957532,25.327642],[78.957654,25.328633],[78.957751,25.329303],[78.957829,25.329842],[78.957914,25.330425],[78.957956,25.330545],[78.957962,25.330563],[78.958177,25.331173],[78.958297,25.331513],[78.958943,25.333029],[78.958943,25.333029],[78.959199,25.334411],[78.959204,25.334438],[78.959372,25.335344],[78.959372,25.335344],[78.959587,25.336743],[78.959524,25.337236],[78.959522,25.337251],[78.959414,25.338106],[78.959414,25.338106],[78.959673,25.338923],[78.959673,25.338923],[78.959752,25.339139],[78.960175,25.340293],[78.960185,25.340322],[78.960332,25.340669],[78.961459,25.343336],[78.961508,25.343453],[78.961508,25.343454],[78.960368,25.34392],[78.960207,25.343986],[78.960183,25.343996],[78.960183,25.343996],[78.960316,25.344331],[78.960553,25.344926],[78.960616,25.345083],[78.960484,25.345121],[78.959497,25.345398],[78.959295,25.345455],[78.957706,25.345902],[78.957706,25.345902],[78.956314,25.343411],[78.956313,25.343409],[78.956227,25.343254],[78.956209,25.343222],[78.955876,25.343292],[78.955479,25.343376],[78.955012,25.343223],[78.954624,25.34264],[78.954624,25.34264],[78.954586,25.342521],[78.954365,25.341824],[78.954365,25.341824],[78.95361,25.341246],[78.95348,25.341011],[78.953182,25.34047],[78.952283,25.340547],[78.950913,25.340941],[78.94993,25.341447],[78.948233,25.342259],[78.948221,25.342265],[78.948122,25.342265],[78.947715,25.342134],[78.9476,25.341958],[78.9476,25.34186],[78.9476,25.341728],[78.9476,25.341728],[78.947491,25.341426],[78.947183,25.341196],[78.947183,25.341195],[78.947113,25.340866],[78.947302,25.340771],[78.947495,25.340469],[78.947495,25.340469],[78.947326,25.340211],[78.94725,25.340128],[78.947048,25.339909],[78.947048,25.339602],[78.947066,25.339558],[78.947163,25.339314],[78.947241,25.339119],[78.947263,25.339058],[78.947325,25.338889],[78.947319,25.338759],[78.947315,25.338699],[78.9473,25.33851],[78.947156,25.338329],[78.946808,25.338],[78.9466,25.337847],[78.946292,25.337621],[78.946292,25.337621],[78.946289,25.33761],[78.946237,25.337418],[78.946237,25.337418],[78.946346,25.337238],[78.946515,25.33721],[78.946606,25.337198],[78.946684,25.337188],[78.946738,25.337012],[78.946738,25.337012],[78.946624,25.336858],[78.946531,25.33682],[78.946376,25.336755],[78.946315,25.336707],[78.946152,25.336579],[78.946152,25.336579],[78.946152,25.336272],[78.946231,25.336145],[78.946315,25.336019],[78.946598,25.335739],[78.946822,25.335563],[78.946961,25.335333],[78.946945,25.335255],[78.946943,25.33524],[78.946909,25.335069],[78.946906,25.335053],[78.946784,25.334741],[78.946767,25.334696],[78.946767,25.334696],[78.946669,25.334517],[78.946564,25.334326],[78.946438,25.334096],[78.946314,25.333898],[78.946056,25.333692],[78.945993,25.333642],[78.94535,25.333131],[78.945134,25.332994],[78.944873,25.332829],[78.944859,25.332822],[78.944406,25.332635],[78.944337,25.332607],[78.944317,25.332599],[78.944308,25.3326],[78.944119,25.332621],[78.94387,25.332648],[78.943858,25.33265],[78.943655,25.33268],[78.943649,25.33268],[78.943339,25.332725],[78.943284,25.332707],[78.943115,25.332649],[78.943031,25.332446],[78.942971,25.332116],[78.942747,25.331864],[78.942439,25.331606],[78.942215,25.331354],[78.942131,25.331173],[78.941882,25.330997],[78.941659,25.330844],[78.941321,25.330641],[78.941043,25.330258],[78.940675,25.330109],[78.940342,25.329906],[78.940176,25.329723],[78.940158,25.329703],[78.940015,25.329539],[78.93998,25.3295],[78.939928,25.329488],[78.939294,25.329347],[78.938971,25.32927],[78.938718,25.329067],[78.938608,25.32876],[78.938479,25.32862],[78.938479,25.32862],[78.938472,25.328612],[78.938355,25.32848],[78.938171,25.328354],[78.937992,25.328228],[78.937992,25.328228],[78.937878,25.327975],[78.937908,25.327695],[78.937901,25.327651],[78.937889,25.32757],[78.937883,25.327528],[78.937873,25.327502],[78.937811,25.327327],[78.937793,25.327276],[78.937771,25.327238],[78.937739,25.327181],[78.937724,25.327182],[78.93766,25.327188],[78.937576,25.327196],[78.937488,25.327205],[78.937406,25.327213],[78.937238,25.32719],[78.937104,25.327172],[78.937038,25.327163],[78.936819,25.327202],[78.93676,25.327213],[78.936537,25.327366],[78.936506,25.327382],[78.936487,25.327393],[78.936398,25.327439],[78.936005,25.327312],[78.935933,25.32728],[78.93588,25.327255],[78.935837,25.327236],[78.935686,25.327276],[78.935444,25.32734],[78.935082,25.327389],[78.934943,25.327367],[78.934943,25.327367],[78.934931,25.327294],[78.934913,25.327186],[78.934936,25.327162],[78.935052,25.327038],[78.935057,25.327033],[78.935111,25.326857],[78.935111,25.326857],[78.935027,25.326681],[78.934858,25.326627],[78.93455,25.326654],[78.934193,25.326514],[78.934158,25.326501],[78.934019,25.326451],[78.93384,25.326564],[78.933403,25.326822],[78.933228,25.32692],[78.933155,25.326961],[78.932956,25.326971],[78.932762,25.326984],[78.932678,25.326944],[78.932593,25.326908],[78.932579,25.326844],[78.932564,25.326781],[78.932663,25.326664],[78.932847,25.326424],[78.932931,25.326298],[78.932901,25.326113],[78.932883,25.325819],[78.932881,25.325788],[78.932807,25.325595],[78.932772,25.325504],[78.932255,25.325165],[78.931699,25.324859],[78.931578,25.324811],[78.931033,25.324597],[78.930816,25.324575],[78.930368,25.32453],[78.929454,25.324544],[78.929021,25.32449],[78.928773,25.324459],[78.928768,25.324458],[78.928305,25.324173],[78.928292,25.324165],[78.928161,25.324152],[78.927934,25.324129],[78.92763,25.324168],[78.927512,25.324183],[78.927462,25.324211],[78.927209,25.324355],[78.927204,25.324411],[78.92714,25.3251],[78.927122,25.325258],[78.927066,25.325754],[78.926978,25.32595],[78.926893,25.326142],[78.92689,25.326148],[78.926714,25.326544],[78.926703,25.326567],[78.926682,25.326687],[78.926667,25.326775],[78.926649,25.326878],[78.926674,25.327002],[78.926724,25.327244],[78.926724,25.327244],[78.927201,25.327695],[78.927583,25.327731],[78.927707,25.328051],[78.927737,25.328421],[78.927737,25.328421],[78.927797,25.328764],[78.927797,25.328764],[78.927976,25.328882],[78.928661,25.328994],[78.929021,25.328948],[78.929026,25.328947],[78.929191,25.328925],[78.929195,25.328925],[78.929356,25.328904],[78.929399,25.32892],[78.9294,25.328921],[78.929739,25.329053],[78.930057,25.329504],[78.930111,25.329653],[78.930286,25.330139],[78.9303,25.330177],[78.930501,25.330733],[78.930591,25.33098],[78.930648,25.331139],[78.93069,25.331255],[78.930722,25.331345],[78.930768,25.331471],[78.930987,25.332037],[78.931395,25.333087],[78.931947,25.334748],[78.932215,25.335944],[78.932215,25.335944],[78.932136,25.336156],[78.932136,25.336156],[78.931933,25.33633],[78.931496,25.336706],[78.931049,25.337091],[78.930329,25.3378],[78.92985,25.338213],[78.928994,25.338953],[78.928447,25.339425],[78.927996,25.339904],[78.927971,25.339931],[78.927577,25.340158],[78.925265,25.341494],[78.923497,25.342343],[78.922959,25.342656],[78.922543,25.342898],[78.922241,25.343026],[78.922064,25.343101],[78.922041,25.343111],[78.921456,25.343358],[78.921075,25.343519],[78.92091,25.343589],[78.920909,25.343589],[78.920909,25.343589],[78.920694,25.343128],[78.920607,25.342942],[78.919632,25.340854],[78.917962,25.338029],[78.916993,25.336351],[78.9164,25.335307],[78.916199,25.334954],[78.916193,25.334943],[78.915743,25.334949],[78.915398,25.334954],[78.914442,25.334967],[78.913893,25.334975],[78.913441,25.334428],[78.912691,25.333522],[78.912263,25.333037],[78.911842,25.332561],[78.91181,25.33258],[78.911643,25.332682],[78.909652,25.333897],[78.90828,25.334754],[78.908256,25.334769],[78.908218,25.33477],[78.907568,25.334786],[78.907511,25.334787],[78.907279,25.334756],[78.906449,25.334647],[78.905401,25.334977],[78.905039,25.33524],[78.904288,25.335786],[78.90409,25.33593],[78.902516,25.336891],[78.90238,25.336976],[78.901378,25.3376],[78.900539,25.338034],[78.899149,25.338517],[78.898403,25.33881],[78.897033,25.339348],[78.896864,25.339403],[78.896556,25.339506],[78.896518,25.339519],[78.896407,25.339555],[78.896104,25.33967],[78.896015,25.339704],[78.895741,25.339695],[78.89543,25.339684],[78.895364,25.339682],[78.894813,25.339411],[78.894346,25.339064],[78.894008,25.33877],[78.893499,25.33855],[78.893298,25.338463],[78.892831,25.338596],[78.892662,25.338644],[78.892561,25.338715],[78.892363,25.338855],[78.891982,25.339123],[78.891913,25.339204],[78.891594,25.339583],[78.891093,25.340468],[78.89083,25.340991],[78.890755,25.34114],[78.890631,25.341352],[78.890239,25.341551],[78.88996,25.341697],[78.889851,25.341754],[78.88984,25.341755],[78.889686,25.341768],[78.889459,25.341788],[78.889405,25.341794],[78.88913,25.341825],[78.888923,25.341848],[78.888588,25.341887],[78.888441,25.341903],[78.888365,25.341937],[78.888348,25.341945],[78.888253,25.341987],[78.888148,25.342034],[78.887946,25.342187],[78.887726,25.342355],[78.887555,25.342546],[78.887512,25.342594],[78.887429,25.342687],[78.887299,25.342833],[78.887095,25.343],[78.886939,25.343128],[78.886891,25.343167],[78.886651,25.343335],[78.886599,25.343371],[78.886569,25.343393],[78.886434,25.343429],[78.88643,25.34343],[78.886418,25.343433],[78.886166,25.3435],[78.886,25.343544],[78.885923,25.343565],[78.885906,25.34357],[78.885785,25.343608],[78.885746,25.343621],[78.88547,25.343708],[78.885132,25.343815],[78.884825,25.343912],[78.884161,25.344129],[78.884135,25.344138],[78.883643,25.344088],[78.882784,25.343881],[78.882004,25.343637],[78.882004,25.343637],[78.881968,25.343595],[78.881607,25.343168],[78.88141,25.342471],[78.881358,25.342287],[78.881358,25.342287],[78.881351,25.342273],[78.881185,25.341923],[78.880996,25.341525],[78.880816,25.341071],[78.880787,25.340997],[78.880767,25.340528],[78.880747,25.340062],[78.880736,25.339429],[78.880732,25.339196],[78.880705,25.339051],[78.880647,25.338751],[78.880633,25.338677],[78.880673,25.338185],[78.881035,25.337634],[78.881282,25.337407],[78.881472,25.337232],[78.881569,25.337106],[78.881714,25.336916],[78.88172,25.336907],[78.881721,25.336905],[78.881733,25.336713],[78.88174,25.336591],[78.88174,25.336591],[78.881616,25.336332],[78.881567,25.33623],[78.881318,25.335657],[78.881125,25.335164],[78.88109,25.335075],[78.880961,25.334348],[78.880889,25.334027],[78.880806,25.333658],[78.880504,25.332791],[78.880369,25.332114],[78.880369,25.332114],[78.880707,25.33145],[78.881035,25.330803],[78.881109,25.330656],[78.881109,25.330656],[78.881113,25.330624],[78.881136,25.330421],[78.881164,25.330169],[78.881142,25.329998],[78.881089,25.329582],[78.880983,25.329307],[78.880861,25.328991],[78.880692,25.328395],[78.880483,25.327772],[78.880483,25.327772],[78.880483,25.327339],[78.880558,25.326941],[78.880786,25.326404],[78.881074,25.326007],[78.881303,25.325158],[78.881284,25.325071],[78.881275,25.325026],[78.881253,25.324924],[78.880907,25.324942],[78.879977,25.324992],[78.879931,25.324992],[78.879611,25.324999],[78.878095,25.325028],[78.876035,25.325239],[78.875542,25.32529],[78.874199,25.325436],[78.874175,25.325439],[78.873804,25.325479],[78.873804,25.325479],[78.873795,25.325434],[78.873762,25.325269],[78.87369,25.32491],[78.87369,25.32491],[78.87199,25.325058],[78.871922,25.325064],[78.871662,25.325107],[78.871257,25.325173],[78.870551,25.325289],[78.869206,25.325604],[78.869141,25.325619],[78.868786,25.325604],[78.868297,25.325582],[78.868162,25.325577],[78.867945,25.325567],[78.867571,25.325551],[78.867571,25.325551],[78.867574,25.325542],[78.86784,25.324432],[78.86784,25.324432],[78.867785,25.32406],[78.867761,25.323894],[78.867761,25.323892],[78.867725,25.323651],[78.867189,25.322387],[78.866146,25.319995],[78.865541,25.318438],[78.864915,25.31716],[78.864521,25.316399],[78.864513,25.316384],[78.8645,25.316388],[78.86419,25.316488],[78.864141,25.316432],[78.864105,25.316391],[78.863799,25.316045],[78.863414,25.315609],[78.863257,25.315432],[78.862616,25.314452],[78.863053,25.312895],[78.863679,25.310823],[78.863967,25.310218],[78.865889,25.309943],[78.868019,25.309578],[78.869725,25.309216],[78.869871,25.309185],[78.869871,25.309185],[78.871473,25.308704],[78.871483,25.308701],[78.871748,25.308621],[78.872751,25.308517],[78.873107,25.308679],[78.873108,25.308679],[78.873207,25.308724],[78.873437,25.308829],[78.873508,25.308836],[78.873508,25.308836],[78.873617,25.308848],[78.873823,25.30887],[78.874161,25.308905],[78.874464,25.308449],[78.874494,25.308201],[78.874219,25.30789],[78.874107,25.307763],[78.874047,25.307723],[78.873816,25.307565],[78.87365,25.307452],[78.873607,25.307417],[78.873287,25.307157],[78.873268,25.307141],[78.873065,25.306873],[78.872925,25.306689],[78.872923,25.306686],[78.872912,25.306669],[78.872911,25.306668],[78.872909,25.306664],[78.872896,25.306644],[78.872889,25.306633],[78.872884,25.306625],[78.87288,25.306618],[78.872876,25.306613],[78.872872,25.306606],[78.87271,25.306354],[78.872528,25.306071],[78.872381,25.305842],[78.872369,25.305823],[78.872189,25.305523],[78.872021,25.305245],[78.871912,25.305061],[78.871747,25.304786],[78.871456,25.304299],[78.871289,25.30402],[78.871282,25.304008],[78.871179,25.303839],[78.870884,25.303354],[78.871027,25.302883],[78.871073,25.302731],[78.871351,25.302054],[78.87154,25.3013],[78.87157,25.300912],[78.871601,25.300511],[78.871606,25.300445],[78.87161,25.3004],[78.871639,25.300027],[78.871657,25.2998],[78.871664,25.299711],[78.871664,25.299707],[78.871749,25.299209],[78.871763,25.299124],[78.871891,25.298985],[78.871947,25.298924],[78.872041,25.298822],[78.872122,25.298734],[78.872319,25.29852],[78.872319,25.298168],[78.872622,25.297667],[78.872871,25.297391],[78.873149,25.296841],[78.873437,25.296488],[78.873725,25.296136],[78.874027,25.295857],[78.874335,25.295581],[78.874499,25.295107],[78.874473,25.294776],[78.874445,25.294426],[78.87439,25.293952],[78.874852,25.293248],[78.87503,25.29299],[78.875211,25.292678],[78.875289,25.292544],[78.875389,25.292368],[78.875436,25.292286],[78.875541,25.292102],[78.875547,25.292092],[78.875845,25.291794],[78.876147,25.291501],[78.876228,25.291352],[78.876272,25.291268],[78.876313,25.291191],[78.876351,25.291121],[78.876381,25.291065],[78.87643,25.290973],[78.876708,25.290445],[78.876864,25.290077],[78.876946,25.289884],[78.877056,25.289623],[78.87714,25.289231],[78.877225,25.288838],[78.877845,25.288057],[78.877872,25.288023],[78.878017,25.287839],[78.878238,25.287561],[78.878278,25.287515],[78.878381,25.2874],[78.878605,25.28715],[78.87934,25.286563],[78.879363,25.286539],[78.879422,25.286476],[78.879763,25.286116],[78.879795,25.286082],[78.879797,25.28608],[78.879896,25.285976],[78.879895,25.285976],[78.879846,25.285896],[78.87859,25.283855],[78.877791,25.282677],[78.875167,25.278671],[78.874976,25.27838],[78.874163,25.27929],[78.874029,25.27944],[78.873645,25.27987],[78.873581,25.280103],[78.873551,25.280212],[78.873551,25.280213],[78.872806,25.280425],[78.872741,25.280436],[78.872736,25.280437],[78.871397,25.280668],[78.87096,25.280727],[78.870448,25.280795],[78.870326,25.280811],[78.869843,25.280876],[78.86894,25.28096],[78.868778,25.280974],[78.868646,25.280987],[78.868527,25.280998],[78.867884,25.280982],[78.867787,25.28098],[78.86765,25.280961],[78.867539,25.280946],[78.867357,25.280921],[78.867291,25.280912],[78.867015,25.280699],[78.866929,25.280632],[78.866606,25.280388],[78.866606,25.280388],[78.866456,25.280029],[78.866417,25.279937],[78.866417,25.279937],[78.866406,25.279738],[78.866367,25.279095],[78.866288,25.277766],[78.866374,25.27664],[78.866383,25.276529],[78.866398,25.276336],[78.866482,25.275297],[78.866482,25.275297],[78.866377,25.274087],[78.866289,25.273081],[78.86621,25.272176],[78.86619,25.271946],[78.866187,25.271912],[78.866095,25.270865],[78.866061,25.270494],[78.865966,25.269488],[78.865966,25.269488],[78.865837,25.268107],[78.865609,25.267019],[78.865386,25.265931],[78.865192,25.265317],[78.865182,25.265286],[78.864999,25.264699],[78.864976,25.264675],[78.863966,25.263584],[78.86281,25.262672],[78.862507,25.261878],[78.862334,25.261079],[78.862334,25.261079],[78.862303,25.260936],[78.862295,25.260897],[78.862165,25.26028],[78.861856,25.259575],[78.861823,25.259499],[78.861133,25.258835],[78.86077,25.258524],[78.86017,25.25796],[78.859932,25.257702],[78.859271,25.257402],[78.859247,25.257391],[78.859117,25.257386],[78.859107,25.257386],[78.858965,25.257381],[78.858328,25.257357],[78.858135,25.25735],[78.857494,25.25735],[78.85749,25.25735],[78.856934,25.257079],[78.856458,25.256962],[78.856457,25.256962],[78.856407,25.256869],[78.856407,25.256868],[78.856392,25.256841],[78.856391,25.256839],[78.856362,25.256785],[78.856289,25.25665],[78.856289,25.25665],[78.856308,25.256597],[78.856458,25.256181],[78.856458,25.256181],[78.856463,25.256077],[78.856497,25.255399],[78.856502,25.255283],[78.856502,25.255283],[78.856461,25.255127],[78.856397,25.254885],[78.856329,25.254628],[78.856174,25.254022],[78.85616,25.253969],[78.855864,25.253463],[78.855828,25.253401],[78.855828,25.2534],[78.855793,25.25324],[78.855784,25.253199],[78.855639,25.252534],[78.855639,25.252534],[78.855942,25.251609],[78.856195,25.251263],[78.856309,25.251108],[78.856399,25.250986],[78.856878,25.250598],[78.857087,25.250429],[78.857124,25.250399],[78.857293,25.250057],[78.857321,25.250001],[78.857503,25.249681],[78.857511,25.249666],[78.857511,25.249666],[78.857483,25.249533],[78.857426,25.249258],[78.85742,25.249238],[78.857396,25.249148],[78.85729,25.248747],[78.857154,25.248233],[78.857084,25.247969],[78.857044,25.247771],[78.85702,25.247655],[78.856905,25.247085],[78.856905,25.247085],[78.856915,25.246987],[78.856954,25.246638],[78.856954,25.246634],[78.856965,25.24657],[78.857056,25.246022],[78.857109,25.245703],[78.857198,25.245409],[78.857235,25.245286],[78.857302,25.245065],[78.857447,25.244584],[78.857447,25.244583],[78.857408,25.244276],[78.857392,25.244151],[78.857388,25.24412],[78.857385,25.244096],[78.857368,25.243963],[78.857368,25.243961],[78.857368,25.243957],[78.857367,25.243956],[78.857146,25.243646],[78.857081,25.243556],[78.856797,25.243158],[78.856501,25.242937],[78.856218,25.242727],[78.856213,25.242723],[78.855075,25.241874],[78.854465,25.24142],[78.854465,25.24142],[78.853926,25.241073],[78.853924,25.241072],[78.853924,25.241072],[78.853897,25.240311],[78.85387,25.239524],[78.853744,25.239364],[78.852138,25.237321],[78.852138,25.237321],[78.852215,25.237222],[78.852944,25.236288],[78.852997,25.23622],[78.852997,25.23622],[78.852788,25.235362],[78.852709,25.234866],[78.852709,25.234866],[78.852565,25.234253],[78.852535,25.234125],[78.852506,25.233999],[78.852373,25.233488],[78.852362,25.233444],[78.852362,25.233444],[78.852362,25.233444],[78.852362,25.233444],[78.85236,25.233399],[78.852277,25.231678],[78.852273,25.231593],[78.852257,25.231471],[78.852169,25.230817],[78.85207,25.230542],[78.851851,25.230248],[78.851009,25.229575],[78.850834,25.229435],[78.850834,25.229435],[78.850679,25.22935],[78.849965,25.228957],[78.849654,25.228785],[78.848995,25.22875],[78.84851,25.228724],[78.847798,25.228686],[78.846819,25.228565],[78.846182,25.228486],[78.846041,25.228469],[78.844647,25.228202],[78.842801,25.227692],[78.842521,25.228131],[78.842369,25.228369],[78.842369,25.228369],[78.842191,25.228648],[78.842133,25.228738],[78.842081,25.22882],[78.841992,25.228951],[78.841928,25.229109],[78.841902,25.229174],[78.841262,25.230759],[78.841255,25.230776],[78.840999,25.231411],[78.84026,25.233097],[78.840249,25.233121],[78.840031,25.233779],[78.840027,25.233789],[78.839628,25.234994],[78.839216,25.236452],[78.83886,25.237175],[78.838858,25.237179],[78.83856,25.237783],[78.837553,25.23897],[78.837045,25.239577],[78.836813,25.239855],[78.836774,25.239926],[78.836131,25.241101],[78.835999,25.241343],[78.835814,25.241682],[78.835675,25.241936],[78.835596,25.24208],[78.835554,25.242157],[78.83514,25.242914],[78.835045,25.243257],[78.834976,25.244353],[78.834955,25.244679],[78.834955,25.244679],[78.83492,25.245045],[78.834811,25.245433],[78.834666,25.245789],[78.834617,25.245907],[78.834617,25.245907],[78.834027,25.247193],[78.833989,25.247499],[78.833899,25.248228],[78.833892,25.248285],[78.833868,25.24862],[78.833852,25.248845],[78.833852,25.248845],[78.834012,25.25],[78.834035,25.250172],[78.834035,25.250172],[78.834033,25.250174],[78.833679,25.250493],[78.833589,25.250692],[78.833519,25.250845],[78.833127,25.251703],[78.833081,25.2518],[78.832739,25.25252],[78.832223,25.253066],[78.83128,25.253612],[78.830297,25.254117],[78.829051,25.254469],[78.827095,25.255005],[78.826925,25.25504],[78.825466,25.25534],[78.825383,25.255357],[78.825141,25.2554],[78.825001,25.255425],[78.824032,25.25566],[78.824018,25.255663],[78.823469,25.255928],[78.823006,25.256152],[78.822906,25.2562],[78.822464,25.256764],[78.822121,25.257148],[78.821778,25.257536],[78.821674,25.257855],[78.821525,25.258312],[78.821354,25.258757],[78.821272,25.258971],[78.820868,25.259419],[78.820715,25.259589],[78.82072,25.259801],[78.820363,25.260347],[78.820363,25.260577],[78.820362,25.260857],[78.820362,25.260857],[78.820285,25.260988],[78.820139,25.261232],[78.819851,25.261602],[78.819569,25.261792],[78.819389,25.261913],[78.818974,25.262135],[78.818436,25.262423],[78.818219,25.262525],[78.818083,25.26259],[78.818083,25.26259],[78.818282,25.262901],[78.818456,25.263039],[78.818743,25.263267],[78.818743,25.263267],[78.818688,25.263443],[78.818658,25.263539],[78.818655,25.263548],[78.818654,25.263551],[78.818625,25.263578],[78.818197,25.263966],[78.818001,25.264185],[78.817685,25.264539],[78.816826,25.265216],[78.81481,25.266714],[78.813639,25.267336],[78.813598,25.267359],[78.812581,25.267936],[78.811991,25.268194],[78.811692,25.268324],[78.811229,25.268745],[78.810947,25.269001],[78.810361,25.269565],[78.809785,25.27016],[78.809634,25.270374],[78.809472,25.270602],[78.809457,25.270678],[78.809412,25.2709],[78.809373,25.271261],[78.80937,25.271291],[78.809333,25.271635],[78.809332,25.271637],[78.809328,25.271681],[78.809328,25.271681],[78.80952,25.271926],[78.809528,25.271935],[78.80968,25.272128],[78.809822,25.272451],[78.809827,25.272462],[78.809899,25.272627],[78.809905,25.272641],[78.810067,25.273008],[78.810124,25.273327],[78.810128,25.27335],[78.81022,25.273857],[78.810299,25.274047],[78.81039,25.274265],[78.810393,25.274271],[78.810433,25.274367],[78.810597,25.274795],[78.810765,25.275234],[78.810865,25.275542],[78.810879,25.275586],[78.810879,25.275586],[78.811266,25.276186],[78.811614,25.276462],[78.811772,25.27659],[78.811961,25.276742],[78.812359,25.276876],[78.812482,25.276918],[78.81326,25.2773],[78.813296,25.277317],[78.813375,25.277356],[78.813559,25.277491],[78.813743,25.277623],[78.813743,25.277623],[78.813751,25.277734],[78.813762,25.277864],[78.813762,25.277871],[78.813777,25.278059],[78.813782,25.278119],[78.813529,25.278683],[78.813161,25.279125],[78.812928,25.279351],[78.8128,25.279587],[78.812774,25.279635],[78.812774,25.279635],[78.812795,25.279695],[78.812918,25.280034],[78.812927,25.28006],[78.812953,25.280084],[78.813354,25.280466],[78.813707,25.280795],[78.813891,25.280966],[78.813981,25.281049],[78.814009,25.281076],[78.814085,25.281121],[78.814216,25.281199],[78.814305,25.281251],[78.814624,25.281442],[78.814889,25.28154],[78.815311,25.281697],[78.815438,25.281744],[78.81551,25.281797],[78.815809,25.282014],[78.816064,25.2822],[78.816155,25.282265],[78.816707,25.282653],[78.816719,25.282661],[78.816856,25.282688],[78.817009,25.282719],[78.817331,25.282784],[78.81796,25.28291],[78.818053,25.283079],[78.818079,25.283126],[78.817905,25.28384],[78.817879,25.284134],[78.81785,25.284462],[78.817861,25.284798],[78.817869,25.285036],[78.817969,25.285374],[78.817972,25.285384],[78.817986,25.285428],[78.81799,25.285444],[78.818078,25.28574],[78.818211,25.286209],[78.818215,25.286305],[78.818221,25.286445],[78.818226,25.286557],[78.818176,25.286856],[78.818171,25.286886],[78.818171,25.286886],[78.818087,25.287055],[78.817963,25.287301],[78.817942,25.287514],[78.817925,25.287682],[78.817923,25.287703],[78.817876,25.288027],[78.817788,25.288637],[78.817721,25.28942],[78.817708,25.289563],[78.817535,25.289984],[78.817518,25.290026],[78.817515,25.290034],[78.81746,25.290167],[78.817449,25.290352],[78.817448,25.290372],[78.817428,25.290714],[78.817426,25.290741],[78.817405,25.291106],[78.817463,25.291352],[78.817465,25.291357],[78.817534,25.291649],[78.817599,25.291919],[78.817653,25.292144],[78.8177,25.292229],[78.817703,25.292235],[78.818076,25.292907],[78.818084,25.292921],[78.818107,25.29295],[78.81864,25.293648],[78.818665,25.293679],[78.818718,25.293745],[78.819064,25.294175],[78.819171,25.294307],[78.819305,25.294445],[78.819761,25.294917],[78.820069,25.29535],[78.820257,25.295734],[78.820258,25.295734],[78.8203,25.295822],[78.820415,25.296061],[78.820431,25.296095],[78.820332,25.296393],[78.820293,25.29643],[78.819726,25.296975],[78.819249,25.29734],[78.818866,25.297579],[78.818768,25.297669],[78.818724,25.297709],[78.818638,25.297787],[78.818484,25.297999],[78.818424,25.298106],[78.818396,25.298155],[78.81835,25.298238],[78.81835,25.298427],[78.81835,25.298658],[78.818449,25.298951],[78.818449,25.298951],[78.818603,25.299066],[78.81894,25.299317],[78.819243,25.299514],[78.819291,25.299546],[78.819551,25.299714],[78.819749,25.299809],[78.820127,25.29999],[78.820251,25.300099],[78.820252,25.300099],[78.820297,25.300138],[78.820531,25.300342],[78.820578,25.300383],[78.821035,25.300834],[78.821049,25.301119],[78.821054,25.301231],[78.821054,25.301232],[78.821039,25.30126],[78.821034,25.301269],[78.821013,25.301309],[78.82099,25.301353],[78.82099,25.301353],[78.82165,25.301561],[78.821779,25.301554],[78.821912,25.301547],[78.823205,25.301474],[78.823969,25.301431],[78.825861,25.301382],[78.826388,25.30139],[78.826573,25.301392],[78.827566,25.301407],[78.827797,25.30141],[78.828052,25.301849],[78.828566,25.302737],[78.828566,25.302737],[78.828482,25.302764],[78.827508,25.303075],[78.827424,25.303335],[78.827364,25.303518],[78.826977,25.303741],[78.826505,25.304014],[78.825968,25.304505],[78.825879,25.304587],[78.824876,25.305444],[78.82419,25.30598],[78.824184,25.305984],[78.823674,25.306382],[78.82273,25.306797],[78.821697,25.306978],[78.820953,25.307059],[78.820618,25.30704],[78.820477,25.307032],[78.820307,25.307022],[78.820307,25.307022],[78.820266,25.306894],[78.82019,25.306655],[78.820049,25.306214],[78.819915,25.306131],[78.819588,25.30593],[78.819528,25.305933],[78.819076,25.305957],[78.818924,25.305984],[78.818777,25.306011],[78.818386,25.306083],[78.817815,25.306398],[78.817264,25.306635],[78.817154,25.306682],[78.817154,25.306682],[78.816782,25.306236],[78.816782,25.306236],[78.816535,25.30594],[78.816281,25.305636],[78.816154,25.305484],[78.815928,25.305213],[78.815809,25.305071],[78.815502,25.304633],[78.814703,25.303495],[78.814276,25.302876],[78.814276,25.302876],[78.8142,25.302778],[78.813996,25.302514],[78.813934,25.302434],[78.813477,25.302073],[78.813426,25.302045],[78.813415,25.302039],[78.81304,25.301838],[78.812847,25.301734],[78.812728,25.301681],[78.812593,25.301621],[78.812586,25.301617],[78.812492,25.301576],[78.811904,25.301314],[78.811015,25.300821],[78.810554,25.300341],[78.810234,25.300008],[78.809814,25.299571],[78.809506,25.299222],[78.808216,25.29776],[78.807291,25.296639],[78.807075,25.296378],[78.806272,25.295204],[78.806155,25.29498],[78.805701,25.294112],[78.80522,25.29357],[78.804616,25.292847],[78.80459,25.292816],[78.804584,25.29281],[78.804247,25.292501],[78.804168,25.292429],[78.803905,25.292188],[78.802788,25.291483],[78.80237,25.291236],[78.801642,25.290806],[78.800987,25.290395],[78.800962,25.290377],[78.800128,25.289794],[78.799752,25.289539],[78.799444,25.289329],[78.798813,25.289171],[78.798659,25.289162],[78.798297,25.289143],[78.798046,25.289156],[78.797661,25.289174],[78.797521,25.289238],[78.796201,25.289837],[78.796103,25.28989],[78.796094,25.289895],[78.795258,25.290347],[78.794786,25.290852],[78.793927,25.291167],[78.793924,25.29117],[78.793518,25.291659],[78.79341,25.29179],[78.793295,25.292086],[78.793107,25.292571],[78.793106,25.292571],[78.792571,25.294077],[78.792549,25.294137],[78.792033,25.294917],[78.791826,25.295222],[78.79169,25.295423],[78.791614,25.295491],[78.791532,25.295566],[78.791173,25.295892],[78.790617,25.296049],[78.790453,25.296071],[78.790427,25.296074],[78.789832,25.296153],[78.789455,25.296202],[78.78877,25.296202],[78.788194,25.296088],[78.787782,25.296007],[78.787782,25.296007],[78.787792,25.296073],[78.788212,25.298837],[78.788212,25.298837],[78.788464,25.300088],[78.789109,25.301108],[78.789137,25.301146],[78.789186,25.301213],[78.790056,25.302395],[78.791386,25.30435],[78.79209,25.305545],[78.79212,25.305596],[78.792342,25.305973],[78.792368,25.306016],[78.792526,25.306403],[78.79267,25.306757],[78.792407,25.307762],[78.792322,25.308087],[78.792322,25.308088],[78.793084,25.309211],[78.793088,25.309216],[78.793469,25.309778],[78.793582,25.309944],[78.793904,25.310418],[78.79441,25.310897],[78.795021,25.311475],[78.795103,25.311542],[78.795218,25.311635],[78.796266,25.312491],[78.79634,25.312545],[78.797108,25.313108],[78.797125,25.313121],[78.797891,25.313683],[78.797962,25.313735],[78.798154,25.313876],[78.798237,25.313936],[78.798327,25.313903],[78.798328,25.313903],[78.798882,25.313699],[78.798891,25.313696],[78.799096,25.313621],[78.799166,25.313588],[78.799776,25.313301],[78.801828,25.312339],[78.802086,25.312218],[78.802265,25.312151],[78.804634,25.311245],[78.804918,25.311095],[78.80531,25.310889],[78.805674,25.310697],[78.806362,25.310334],[78.808896,25.308597],[78.81032,25.307821],[78.810336,25.307813],[78.81036,25.307809],[78.811538,25.307614],[78.81241,25.307548],[78.812512,25.307541],[78.812535,25.307539],[78.812932,25.307509],[78.813119,25.307495],[78.813554,25.307462],[78.814025,25.308067],[78.814178,25.308263],[78.814335,25.308465],[78.814373,25.308514],[78.816305,25.307851],[78.817345,25.307535],[78.818872,25.30707],[78.819269,25.30695],[78.819299,25.306941],[78.819273,25.307367],[78.819244,25.307825],[78.81905,25.307904],[78.818895,25.307966],[78.818832,25.307992],[78.818241,25.308218],[78.817799,25.308371],[78.817554,25.308467],[78.817536,25.308475],[78.817287,25.308596],[78.817188,25.308772],[78.817188,25.308772],[78.817271,25.308922],[78.817362,25.309084],[78.81761,25.309535],[78.817632,25.30959],[78.817686,25.30972],[78.817714,25.309786],[78.817724,25.309811],[78.817875,25.309899],[78.817884,25.309905],[78.817932,25.309933],[78.818374,25.309883],[78.818879,25.309675],[78.818965,25.30964],[78.819181,25.309615],[78.819406,25.30959],[78.819442,25.309586],[78.819476,25.309598],[78.819523,25.309615],[78.81969,25.309676],[78.819847,25.309814],[78.819864,25.309829],[78.819864,25.309829],[78.819864,25.310073],[78.819864,25.310141],[78.819864,25.310141],[78.820015,25.310408],[78.820039,25.310452],[78.820052,25.310475],[78.820224,25.310618],[78.820479,25.310832],[78.820608,25.31094],[78.820871,25.311119],[78.821004,25.311209],[78.82104,25.311234],[78.821059,25.311255],[78.821246,25.311462],[78.821288,25.311509],[78.821288,25.311509],[78.821303,25.31182],[78.821303,25.31182],[78.821114,25.312168],[78.820925,25.312448],[78.820893,25.312497],[78.820712,25.312777],[78.820617,25.313282],[78.820617,25.313283],[78.820845,25.314244],[78.820921,25.314435],[78.821049,25.314761],[78.821093,25.314871],[78.821093,25.314872],[78.821206,25.315057],[78.821393,25.315366],[78.821515,25.315567],[78.821897,25.316104],[78.822468,25.316709],[78.823102,25.317065],[78.823143,25.317088],[78.824682,25.317951],[78.826112,25.318602],[78.826222,25.318652],[78.827313,25.319153],[78.827701,25.319337],[78.828044,25.3195],[78.828904,25.319908],[78.829079,25.319991],[78.829121,25.320011],[78.829291,25.320085],[78.829856,25.320334],[78.83,25.320397],[78.830413,25.320579],[78.83061,25.320666],[78.830959,25.320804],[78.831727,25.321108],[78.832214,25.321474],[78.832597,25.321765],[78.83273,25.321867],[78.832782,25.32191],[78.833004,25.322096],[78.833103,25.322178],[78.83338,25.32243],[78.833415,25.322463],[78.833573,25.322593],[78.833733,25.322725],[78.8343,25.323118],[78.834448,25.323221],[78.834788,25.323664],[78.834844,25.323738],[78.834905,25.323817],[78.835476,25.324544],[78.835962,25.325167],[78.836295,25.325716],[78.836365,25.325831],[78.836389,25.325871],[78.836406,25.325948],[78.836473,25.326258],[78.836503,25.326395],[78.836543,25.326604],[78.836617,25.326991],[78.836703,25.32725],[78.83681,25.327573],[78.836825,25.327618],[78.836878,25.327809],[78.836979,25.328173],[78.836991,25.328265],[78.837,25.32834],[78.837011,25.328428],[78.837016,25.328466],[78.837039,25.328643],[78.837247,25.32904],[78.837669,25.329406],[78.838086,25.329762],[78.838429,25.33006],[78.838925,25.330232],[78.839154,25.330548],[78.839173,25.331067],[78.839173,25.331067],[78.839193,25.331469],[78.839193,25.331469],[78.839362,25.331798],[78.83952,25.331865],[78.83965,25.33192],[78.839702,25.331928],[78.840087,25.331988],[78.840837,25.33197],[78.8413,25.332038],[78.841334,25.332043],[78.841684,25.332202],[78.84179,25.33225],[78.841826,25.332296],[78.842073,25.332616],[78.842242,25.333239],[78.84244,25.334003],[78.842445,25.334024],[78.842445,25.334024],[78.842432,25.334079],[78.842326,25.334494],[78.842311,25.335101],[78.842309,25.335191],[78.842309,25.335207],[78.842308,25.335237],[78.842308,25.335242],[78.842301,25.335509],[78.842523,25.336248],[78.842614,25.336552],[78.842783,25.336538],[78.842854,25.336532],[78.84359,25.336472],[78.844427,25.336403],[78.844536,25.336394],[78.844618,25.336403],[78.844965,25.336441],[78.845738,25.336525],[78.845957,25.336564],[78.846436,25.33665],[78.846587,25.336677],[78.847158,25.336778],[78.847163,25.336709],[78.847248,25.335632],[78.847248,25.335632],[78.847255,25.335029],[78.847273,25.333624],[78.847278,25.332489],[78.847278,25.332468],[78.84713,25.332479],[78.846674,25.332512],[78.845857,25.332571],[78.845788,25.332576],[78.845773,25.332219],[78.845762,25.331963],[78.845749,25.331651],[78.845729,25.331168],[78.845729,25.329608],[78.845729,25.32951],[78.845729,25.329263],[78.845729,25.329263],[78.845775,25.327439],[78.845786,25.326999],[78.84579,25.326844],[78.846157,25.326979],[78.846157,25.32698],[78.846219,25.327104],[78.846296,25.327259],[78.846371,25.327573],[78.846375,25.327593],[78.84642,25.327796],[78.846444,25.327903],[78.846445,25.327909],[78.846499,25.328175],[78.846499,25.328176],[78.846569,25.328541],[78.846708,25.329042],[78.846708,25.329521],[78.846987,25.329881],[78.847095,25.330022],[78.847095,25.330022],[78.847102,25.33006],[78.847157,25.330369],[78.847199,25.330608],[78.847214,25.330932],[78.847219,25.331052],[78.847229,25.33126],[78.847229,25.331263],[78.847229,25.331263],[78.847338,25.331665],[78.847405,25.33181],[78.847475,25.331962],[78.847477,25.331967],[78.847919,25.332094],[78.847933,25.332097],[78.848114,25.332141],[78.8484,25.332212],[78.848416,25.332215],[78.848416,25.332216],[78.84855,25.332427],[78.848604,25.332513],[78.848689,25.332802],[78.848768,25.333087],[78.848897,25.333335],[78.849026,25.333588],[78.849142,25.333872],[78.849155,25.333904],[78.849278,25.334045],[78.84934,25.334117],[78.849359,25.334138],[78.849361,25.33414],[78.849472,25.334202],[78.849495,25.334215],[78.849543,25.334242],[78.849609,25.334229],[78.849726,25.334206],[78.849738,25.334245],[78.849843,25.334605],[78.849927,25.334892],[78.849927,25.334894],[78.84994,25.334937],[78.84994,25.334937],[78.849483,25.335515],[78.849436,25.335567],[78.84903,25.336015],[78.849019,25.336028],[78.848887,25.336174],[78.848251,25.336842],[78.847292,25.337943],[78.846905,25.338532],[78.846661,25.338904],[78.846095,25.339448],[78.846068,25.339474],[78.845819,25.339712],[78.84455,25.34093],[78.844805,25.341911],[78.844805,25.341912],[78.844832,25.342018],[78.844832,25.342018],[78.843203,25.342384],[78.842436,25.342489],[78.842196,25.342522],[78.841367,25.342636],[78.841301,25.342645],[78.841271,25.342837],[78.841102,25.343931],[78.841068,25.34451],[78.841042,25.344969],[78.841101,25.345078],[78.841157,25.34518],[78.841417,25.345656],[78.841469,25.34575],[78.842382,25.346969],[78.843125,25.34807],[78.843241,25.348242],[78.843241,25.348242],[78.843384,25.348735],[78.843574,25.349398],[78.843594,25.349465],[78.843896,25.349529],[78.843973,25.349545],[78.844119,25.349576],[78.84415,25.349583],[78.844382,25.349639],[78.844761,25.349732],[78.844914,25.349846],[78.844972,25.349889],[78.845029,25.349932],[78.845064,25.349958],[78.845153,25.34996],[78.845635,25.349971],[78.845814,25.349958],[78.846008,25.350134],[78.846008,25.35031],[78.846008,25.35031],[78.84609,25.350421],[78.846102,25.350436],[78.846121,25.350461],[78.846179,25.350534],[78.846201,25.350563],[78.846201,25.350563],[78.846292,25.350573],[78.846395,25.350585],[78.846482,25.350533],[78.846549,25.350493],[78.846643,25.350436],[78.846673,25.350402],[78.846782,25.350274],[78.846882,25.350296],[78.847135,25.350351],[78.847314,25.350513],[78.847396,25.350897],[78.847403,25.350933],[78.847403,25.350933],[78.847425,25.351043],[78.847476,25.351296],[78.847478,25.351303],[78.847199,25.351858],[78.847133,25.35212],[78.847116,25.35219],[78.84709,25.352292],[78.84709,25.352298],[78.84709,25.352896],[78.847059,25.353067],[78.847029,25.35323],[78.847027,25.353239],[78.846995,25.353415],[78.846737,25.353885],[78.84629,25.354408],[78.845952,25.354754],[78.845857,25.35485],[78.845764,25.355029],[78.845722,25.355109],[78.845708,25.355135],[78.845708,25.355135],[78.845743,25.35555],[78.845743,25.355554],[78.845743,25.355555],[78.845815,25.355635],[78.845953,25.355787],[78.846061,25.355907],[78.846181,25.356005],[78.846205,25.356024],[78.846816,25.356327],[78.847591,25.356394],[78.847689,25.356401],[78.848116,25.356427],[78.84853,25.356453],[78.848688,25.356458],[78.848843,25.356462],[78.849225,25.356749],[78.84929,25.356796],[78.849786,25.357149],[78.850849,25.35732],[78.851614,25.357456],[78.852001,25.35773],[78.852131,25.357821],[78.852273,25.357997],[78.852702,25.358526],[78.853059,25.35895],[78.853586,25.359429],[78.85381,25.359508],[78.853854,25.359524],[78.854222,25.359654],[78.854828,25.359803],[78.855439,25.360259],[78.855717,25.361085],[78.855717,25.361366],[78.855717,25.361564],[78.85599,25.362069],[78.856061,25.362121],[78.856242,25.362252],[78.856337,25.362322],[78.856685,25.36257],[78.856805,25.3627],[78.857008,25.362918],[78.857374,25.363028],[78.857505,25.363067],[78.857617,25.36307],[78.858379,25.36309],[78.858871,25.363031],[78.859169,25.362995],[78.859237,25.363018],[78.859527,25.363117],[78.859506,25.363224],[78.859472,25.363397],[78.859347,25.363508],[78.858766,25.364024],[78.858339,25.364403],[78.858339,25.364403],[78.8584,25.36451],[78.858508,25.364701],[78.858592,25.36485],[78.858592,25.36485],[78.858687,25.364941],[78.859392,25.365613],[78.859502,25.365737],[78.860481,25.366846],[78.860987,25.367418],[78.86194,25.368596],[78.861873,25.368725],[78.861834,25.368802],[78.861819,25.368831],[78.861687,25.369086],[78.861586,25.369279],[78.861538,25.369373],[78.861538,25.369373],[78.862016,25.369348],[78.862177,25.369339],[78.862393,25.369328],[78.862566,25.369319],[78.862577,25.369384],[78.862798,25.370718],[78.862799,25.370723],[78.862852,25.371041],[78.862861,25.371095],[78.862868,25.371136],[78.862874,25.371174],[78.862874,25.371174],[78.862958,25.371172],[78.863932,25.371149],[78.864178,25.371144],[78.864245,25.371142],[78.864308,25.371125],[78.86431,25.371124],[78.864662,25.371025],[78.864911,25.371196],[78.864911,25.371196],[78.864906,25.371215],[78.864895,25.371261],[78.864862,25.371404],[78.864816,25.371594],[78.864816,25.371594],[78.865234,25.371562],[78.865865,25.371368],[78.866605,25.37149],[78.867072,25.371779],[78.867276,25.371905],[78.86729,25.371919],[78.867382,25.372003],[78.86762,25.372221],[78.867775,25.372363],[78.867862,25.372442],[78.867927,25.372695],[78.868006,25.373002],[78.868006,25.373002],[78.867959,25.373487],[78.867946,25.373625],[78.867946,25.373625],[78.867958,25.373699],[78.867972,25.373785],[78.867995,25.373925],[78.868036,25.374171],[78.868607,25.374979],[78.868661,25.375056],[78.868793,25.375247],[78.869317,25.376013],[78.86972,25.376482],[78.870291,25.377055],[78.870509,25.377255],[78.870713,25.377444],[78.870821,25.377748],[78.870859,25.377856],[78.870876,25.377904],[78.870887,25.377935],[78.870887,25.377935],[78.87091,25.378139],[78.870942,25.378432],[78.870914,25.378526],[78.870798,25.378924],[78.870803,25.379042],[78.870817,25.379353],[78.870817,25.379619],[78.870882,25.379827],[78.871021,25.380025],[78.871174,25.38022],[78.871176,25.380223],[78.871256,25.380325],[78.871261,25.380332],[78.871289,25.380368],[78.871439,25.380634],[78.871692,25.380842],[78.871781,25.38095],[78.871985,25.381081],[78.872201,25.38107],[78.872202,25.38107],[78.872238,25.381068],[78.872556,25.380874],[78.872611,25.38083],[78.872939,25.380571],[78.873099,25.380366],[78.873099,25.380366],[78.873145,25.380307],[78.873217,25.380215],[78.873406,25.380052],[78.87359,25.379892],[78.873635,25.379854],[78.874146,25.379637],[78.874638,25.379696],[78.874716,25.379737],[78.874727,25.379743],[78.875021,25.379899],[78.875249,25.38007],[78.875484,25.380263],[78.875503,25.380278],[78.875634,25.380391],[78.875691,25.380441],[78.875865,25.380594],[78.875921,25.380628],[78.876063,25.380716],[78.876114,25.380747],[78.876285,25.380896],[78.876352,25.380955],[78.876565,25.380999],[78.876655,25.381018],[78.877038,25.381018],[78.877416,25.381],[78.877451,25.381003],[78.877909,25.381046],[78.878149,25.381069],[78.878393,25.381092],[78.878474,25.381099],[78.878658,25.381133],[78.878861,25.38117],[78.87914,25.381221],[78.879551,25.381374],[78.879979,25.381533],[78.880724,25.381808],[78.881038,25.381978],[78.881142,25.382034],[78.881158,25.382046],[78.88145,25.382259],[78.881454,25.382265],[78.881545,25.382385],[78.881579,25.382431],[78.881564,25.382589],[78.881564,25.382589],[78.881514,25.382638],[78.881435,25.382715],[78.881132,25.382878],[78.881004,25.382922],[78.880764,25.383004],[78.880446,25.383153],[78.880243,25.383352],[78.880064,25.383627],[78.880024,25.383916],[78.880024,25.383916],[78.880155,25.384443],[78.880193,25.384597],[78.880193,25.384597],[78.880208,25.384846],[78.880228,25.385157],[78.880212,25.385391],[78.880207,25.385476],[78.880203,25.385536],[78.880243,25.385893],[78.880312,25.385883],[78.880373,25.385874],[78.881212,25.385751],[78.882061,25.385626],[78.88238,25.385616],[78.882598,25.38561],[78.884727,25.385543],[78.884791,25.385541],[78.884808,25.38554],[78.88512,25.385531],[78.885792,25.38551],[78.885962,25.385504],[78.886372,25.385524],[78.88697,25.385554],[78.888078,25.385608],[78.890076,25.385788],[78.890092,25.385786],[78.892376,25.385504],[78.894661,25.385296],[78.895646,25.385285],[78.895664,25.385285],[78.896318,25.385278],[78.89726,25.385268],[78.898053,25.385331],[78.899605,25.385453],[78.901252,25.385434],[78.901754,25.385428],[78.902005,25.385425],[78.902403,25.3854],[78.905677,25.385194],[78.90834,25.384925],[78.909275,25.38483],[78.909562,25.384801],[78.910577,25.384676],[78.911362,25.38458],[78.912106,25.384489],[78.912139,25.384484],[78.912406,25.384446],[78.913167,25.384339],[78.913417,25.384303],[78.913765,25.384254],[78.913796,25.384337],[78.914322,25.385788],[78.914322,25.385788],[78.91463,25.38657],[78.915038,25.387607],[78.915042,25.387615],[78.915078,25.387698],[78.915115,25.387783],[78.916714,25.391443],[78.916882,25.391969],[78.917211,25.393],[78.917212,25.393],[78.917212,25.393],[78.917212,25.393],[78.917353,25.393785],[78.917401,25.394046],[78.917404,25.394062],[78.917495,25.394571],[78.917749,25.396034],[78.917759,25.396096],[78.917791,25.396082],[78.917959,25.396007],[78.918191,25.395904],[78.918763,25.395649],[78.918774,25.395663],[78.918828,25.395732],[78.919554,25.396647],[78.919807,25.396967],[78.91987,25.396952],[78.923203,25.396169],[78.92327,25.396153],[78.924268,25.395966],[78.924569,25.39591],[78.925347,25.395764],[78.926411,25.395435],[78.926778,25.395321],[78.926917,25.395764],[78.926917,25.395764],[78.926664,25.396129],[78.926664,25.396129],[78.92692,25.396133],[78.927492,25.396142],[78.927493,25.396142],[78.927713,25.396146],[78.92809,25.396151],[78.92969,25.395894],[78.930132,25.396578],[78.930262,25.396778],[78.930433,25.397122],[78.930973,25.398206],[78.930993,25.398246],[78.931037,25.398335],[78.931659,25.399883],[78.931659,25.399883],[78.931758,25.399856],[78.934544,25.399113],[78.935049,25.398978],[78.935063,25.398974],[78.935045,25.398763],[78.934996,25.398184],[78.93496,25.397754],[78.934942,25.397543],[78.934894,25.396968],[78.934781,25.395635],[78.934743,25.395178],[78.935975,25.395128],[78.935975,25.395128],[78.935987,25.395172],[78.936373,25.396658],[78.936373,25.396658],[78.936705,25.396658],[78.936975,25.396658],[78.937063,25.396748],[78.937203,25.396893],[78.937204,25.397231],[78.937057,25.397559],[78.93703,25.397619],[78.937042,25.397756],[78.937054,25.397892],[78.93706,25.397958],[78.93706,25.397958],[78.937174,25.398116],[78.937255,25.398135],[78.937487,25.398192],[78.937704,25.398122],[78.937974,25.398034],[78.93811,25.398124],[78.938173,25.398165],[78.938317,25.39853],[78.938317,25.39853],[78.938576,25.399126],[78.938715,25.399388],[78.938826,25.39932],[78.939485,25.398918],[78.939551,25.399053],[78.940197,25.400376],[78.940267,25.400317],[78.940971,25.399725],[78.941124,25.399864],[78.941377,25.400093],[78.941449,25.400159],[78.941484,25.40019],[78.941532,25.40017],[78.94165,25.40012],[78.941814,25.400051],[78.94222,25.39988],[78.94228,25.399855],[78.942343,25.399829],[78.943411,25.399467],[78.944241,25.399282],[78.944512,25.399343],[78.944812,25.399412],[78.945131,25.399723],[78.945342,25.399801],[78.945343,25.399802],[78.945558,25.399881],[78.945772,25.399831],[78.94581,25.399822],[78.946328,25.3997],[78.947218,25.399492],[78.947258,25.399519],[78.947258,25.39952],[78.948605,25.400435],[78.948704,25.400502],[78.948777,25.400478],[78.948943,25.400422],[78.948943,25.400422],[78.949298,25.400302],[78.95016,25.40001],[78.950169,25.400007],[78.950172,25.400006],[78.950964,25.399797],[78.950972,25.399795],[78.951918,25.399544],[78.951927,25.399563],[78.951927,25.399563],[78.951996,25.399714],[78.952065,25.399864],[78.952127,25.4],[78.952127,25.4],[78.952127,25.4],[78.95213,25.399999],[78.95252,25.399845],[78.952575,25.399823],[78.952774,25.400121],[78.952813,25.400179],[78.952813,25.40018],[78.952822,25.400176],[78.953053,25.400066],[78.953054,25.400066],[78.953215,25.39999],[78.953216,25.399989],[78.953216,25.399989],[78.9533,25.399949],[78.953305,25.399913],[78.953305,25.399912],[78.953318,25.39982],[78.953423,25.399076],[78.953457,25.398828],[78.953458,25.398825],[78.953459,25.39882],[78.953463,25.398792],[78.953463,25.39879],[78.953552,25.398153],[78.953755,25.398086],[78.953756,25.398086],[78.954072,25.397982],[78.954074,25.397981],[78.956469,25.397194],[78.956658,25.396404],[78.956668,25.396366],[78.956756,25.395998],[78.956962,25.395777],[78.956963,25.395776],[78.957142,25.395584],[78.957214,25.395507],[78.957309,25.395405],[78.957349,25.395361],[78.957443,25.395261],[78.957555,25.39514],[78.958087,25.394634],[78.958087,25.394634],[78.957549,25.393682],[78.95753,25.393657],[78.957206,25.393232],[78.956261,25.391991],[78.953865,25.389816],[78.952444,25.388605],[78.952373,25.388544],[78.951136,25.389603],[78.951105,25.389629],[78.951056,25.389671],[78.951046,25.38968],[78.951043,25.389682],[78.951036,25.389689],[78.951033,25.389691],[78.951019,25.389671],[78.951009,25.389658],[78.951004,25.38965],[78.950992,25.389633],[78.950977,25.389612],[78.950318,25.38867],[78.949958,25.388155],[78.949675,25.38775],[78.949546,25.387567],[78.949533,25.387548],[78.949486,25.387481],[78.949114,25.387504],[78.948631,25.387535],[78.948327,25.386896],[78.94823,25.386692],[78.947833,25.385859],[78.947627,25.385427],[78.947415,25.384981],[78.947401,25.384952],[78.947397,25.384943],[78.947368,25.384882],[78.947366,25.384883],[78.947293,25.38491],[78.947192,25.384947],[78.947177,25.384953],[78.946516,25.385198],[78.945811,25.385459],[78.94567,25.385512],[78.945469,25.385586],[78.945406,25.38561],[78.944618,25.384727],[78.944146,25.384198],[78.942953,25.382861],[78.94289,25.38279],[78.942336,25.3829],[78.94212,25.382944],[78.94212,25.382943],[78.940887,25.38076],[78.939842,25.379451],[78.938982,25.378152],[78.938584,25.376929],[78.938386,25.375489],[78.938301,25.374872],[78.938295,25.374825],[78.938295,25.374825],[78.938197,25.374812],[78.938059,25.374794],[78.93771,25.374747],[78.937321,25.374695],[78.936306,25.374916],[78.935655,25.375058],[78.935617,25.375066],[78.934445,25.375454],[78.933196,25.375985],[78.933158,25.376001],[78.933011,25.376071],[78.932799,25.37617],[78.9324,25.376358],[78.931907,25.37659],[78.931711,25.376682],[78.931614,25.376728],[78.931441,25.376852],[78.931325,25.376934],[78.930808,25.377302],[78.930717,25.377367],[78.930629,25.377429],[78.930586,25.37746],[78.930467,25.377511],[78.930422,25.377531],[78.928948,25.378172],[78.928569,25.378336],[78.928744,25.379342],[78.92877,25.379493],[78.928822,25.37979],[78.928858,25.379997],[78.928858,25.379997],[78.928609,25.380214],[78.927967,25.380041],[78.927839,25.380007],[78.92739,25.379991],[78.927183,25.379984],[78.92694,25.380017],[78.92633,25.380099],[78.92624,25.380111],[78.92585,25.380281],[78.925583,25.380397],[78.925524,25.380423],[78.925322,25.380514],[78.924921,25.380697],[78.924839,25.380734],[78.924451,25.380793],[78.924396,25.380801],[78.924297,25.380816],[78.923711,25.380559],[78.923293,25.380234],[78.923188,25.380143],[78.923186,25.380141],[78.923095,25.380062],[78.923053,25.380052],[78.922801,25.379991],[78.922667,25.379959],[78.922087,25.380065],[78.922051,25.380072],[78.922033,25.380071],[78.921028,25.380018],[78.920153,25.380158],[78.919993,25.380192],[78.919897,25.380212],[78.919334,25.38033],[78.919259,25.380341],[78.918743,25.380418],[78.918514,25.380452],[78.917998,25.380526],[78.917918,25.380538],[78.917212,25.380795],[78.916735,25.381057],[78.916035,25.381394],[78.915936,25.381441],[78.915115,25.380295],[78.914733,25.3796],[78.914733,25.3796],[78.914638,25.378928],[78.914638,25.378928],[78.914531,25.378809],[78.91432,25.378576],[78.913954,25.378489],[78.913654,25.378418],[78.913271,25.378003],[78.913057,25.37766],[78.913043,25.377637],[78.912834,25.377344],[78.912744,25.377262],[78.912585,25.377118],[78.912109,25.377087],[78.911769,25.37708],[78.911135,25.377069],[78.911035,25.377081],[78.910409,25.377155],[78.909834,25.377276],[78.909744,25.377295],[78.909573,25.377366],[78.909247,25.377503],[78.909134,25.377518],[78.90902,25.377534],[78.908502,25.377607],[78.908067,25.37762],[78.907542,25.377636],[78.907454,25.377638],[78.905677,25.377448],[78.905223,25.3774],[78.903593,25.3773],[78.903523,25.377296],[78.903257,25.377301],[78.902401,25.377315],[78.901847,25.377336],[78.901447,25.377351],[78.900493,25.377387],[78.899573,25.377587],[78.899077,25.377694],[78.899077,25.377225],[78.898883,25.376895],[78.898476,25.376313],[78.898262,25.376056],[78.897835,25.375803],[78.897402,25.375551],[78.897189,25.375298],[78.896975,25.375045],[78.89689,25.37454],[78.896418,25.374111],[78.896418,25.374111],[78.896538,25.374039],[78.896657,25.373966],[78.896657,25.373966],[78.896651,25.37383],[78.896647,25.373741],[78.896647,25.373741],[78.896488,25.37328],[78.896418,25.373055],[78.896418,25.373055],[78.896349,25.372825],[78.896349,25.372824],[78.896349,25.372684],[78.896349,25.372542],[78.896348,25.372468],[78.896436,25.372408],[78.896572,25.372315],[78.896572,25.372314],[78.896488,25.372139],[78.896512,25.372058],[78.896515,25.372048],[78.896572,25.371859],[78.89685,25.371795],[78.896943,25.371812],[78.897377,25.37189],[78.897556,25.371913],[78.89763,25.371868],[78.897804,25.371764],[78.897749,25.371561],[78.897779,25.371303],[78.897988,25.371092],[78.898003,25.371078],[78.898253,25.370915],[78.898281,25.370897],[78.898281,25.370897],[78.898256,25.370694],[78.898196,25.370414],[78.898335,25.370188],[78.898308,25.370086],[78.898281,25.369985],[78.898225,25.369927],[78.898087,25.369782],[78.898087,25.369782],[78.898112,25.369629],[78.89828,25.369502],[78.898504,25.369412],[78.898966,25.369209],[78.899181,25.369107],[78.899204,25.369096],[78.899373,25.368943],[78.899405,25.368911],[78.899612,25.368703],[78.899681,25.368613],[78.899661,25.368478],[78.899651,25.36841],[78.899443,25.368332],[78.899373,25.368306],[78.899307,25.368238],[78.899229,25.368157],[78.899229,25.368157],[78.899213,25.368104],[78.899179,25.367995],[78.899179,25.367995],[78.899343,25.367823],[78.899466,25.367784],[78.899578,25.367748],[78.899651,25.367724],[78.899734,25.367724],[78.899905,25.367724],[78.900068,25.367529],[78.900098,25.367493],[78.900098,25.367493],[78.900091,25.367406],[78.900039,25.366776],[78.900039,25.366776],[78.899999,25.366189],[78.899999,25.366189],[78.899921,25.365925],[78.899885,25.365805],[78.899869,25.365751],[78.899869,25.365751],[78.899856,25.365704],[78.899817,25.365568],[78.899796,25.365494],[78.899766,25.365386],[78.899745,25.365314],[78.899813,25.365097],[78.899864,25.364931],[78.899959,25.364627],[78.900356,25.364226],[78.900753,25.363824],[78.90117,25.363178],[78.901255,25.362723],[78.901255,25.362722],[78.90119,25.362398],[78.90113,25.362073],[78.90121,25.361896],[78.901235,25.361842],[78.901248,25.361814],[78.901339,25.361617],[78.901714,25.361399],[78.901751,25.361377],[78.901979,25.361336],[78.902402,25.36126],[78.90288,25.361273],[78.902904,25.361273],[78.903263,25.361273],[78.903445,25.361273],[78.903537,25.361259],[78.90357,25.361254],[78.903713,25.361233],[78.903787,25.36118],[78.904106,25.360953],[78.904538,25.36019],[78.904574,25.360113],[78.904651,25.359947],[78.904692,25.35986],[78.904692,25.35986],[78.905029,25.359481],[78.905586,25.359377],[78.90628,25.359377],[78.906282,25.359377],[78.906425,25.359377],[78.906714,25.359367],[78.906882,25.359362],[78.907126,25.359354],[78.907133,25.359352],[78.907133,25.359352],[78.907188,25.359335],[78.907869,25.359124],[78.907877,25.359121],[78.908032,25.359073],[78.908189,25.359024],[78.908231,25.358998],[78.908474,25.358844],[78.908674,25.358716],[78.908676,25.358715],[78.908715,25.35869],[78.909455,25.358401],[78.909694,25.358284],[78.909854,25.358269],[78.910451,25.358213],[78.910707,25.358189],[78.911026,25.358228],[78.911196,25.358249],[78.911197,25.358249],[78.911268,25.358257],[78.912252,25.358378],[78.912367,25.358374],[78.912535,25.358368],[78.912897,25.358356],[78.913186,25.358346],[78.913455,25.358211],[78.913461,25.358208],[78.913709,25.358084],[78.913716,25.358081],[78.913816,25.35803],[78.914527,25.357624],[78.915535,25.357501],[78.917711,25.357605],[78.919295,25.357744],[78.919356,25.357753],[78.919666,25.357801],[78.920107,25.357869],[78.920174,25.35788],[78.920289,25.357897],[78.920524,25.358122],[78.921034,25.35861],[78.921133,25.358648],[78.921571,25.358813],[78.921746,25.358822],[78.922545,25.358862],[78.92325,25.358795],[78.923416,25.358691],[78.923417,25.35869],[78.923442,25.358674],[78.923642,25.358548],[78.923648,25.358545],[78.923747,25.358483],[78.923749,25.358464],[78.923749,25.358463],[78.923826,25.357824],[78.923631,25.356064],[78.923671,25.355233],[78.923825,25.354832],[78.924281,25.354538],[78.924553,25.35447],[78.924672,25.35444],[78.924912,25.35438],[78.925092,25.354222],[78.925303,25.354036],[78.925405,25.353946],[78.925523,25.353842],[78.92615,25.353396],[78.926303,25.353287],[78.926913,25.352836],[78.926984,25.351671],[78.926987,25.351612],[78.928388,25.351273],[78.929105,25.350918],[78.929538,25.350703],[78.930425,25.350263],[78.930429,25.350261],[78.931075,25.34996],[78.931414,25.349802],[78.931701,25.349668],[78.932018,25.34952],[78.932356,25.349363],[78.93394,25.348667],[78.935987,25.347909],[78.936183,25.347836],[78.93688,25.347578],[78.938313,25.347108],[78.938712,25.346977],[78.939015,25.347004],[78.939304,25.347044],[78.939433,25.34708],[78.939547,25.347265],[78.939547,25.347577],[78.939547,25.347577],[78.939601,25.347638],[78.939662,25.347708],[78.939819,25.347665],[78.939824,25.347663],[78.93986,25.347653],[78.939956,25.347538],[78.940118,25.347342],[78.940316,25.347342],[78.940377,25.347342],[78.94067,25.347504],[78.940958,25.347924],[78.940958,25.347924],[78.940958,25.348146],[78.940958,25.348366],[78.940958,25.348628],[78.940974,25.348665],[78.941013,25.348757],[78.941045,25.348831],[78.941103,25.348966],[78.941103,25.348966],[78.941128,25.349004],[78.941277,25.349228],[78.941281,25.349227],[78.941587,25.349151],[78.942042,25.349038],[78.942729,25.348736],[78.942742,25.348731],[78.943207,25.348753],[78.943209,25.348753],[78.943244,25.348777],[78.94377,25.349123],[78.9442,25.349608],[78.94421,25.349619],[78.944446,25.349885],[78.944447,25.349886],[78.944998,25.350413],[78.94531,25.351003],[78.945311,25.351004],[78.945769,25.35197],[78.946176,25.352967],[78.946176,25.352967],[78.946355,25.353318],[78.946488,25.35358],[78.946493,25.353588],[78.946569,25.353739],[78.946703,25.353933],[78.947603,25.355246],[78.948523,25.356473],[78.948794,25.357101],[78.948801,25.357117],[78.949095,25.3578],[78.949917,25.359517],[78.95023,25.360171],[78.950326,25.360373],[78.950438,25.360607],[78.950448,25.360605],[78.950573,25.360584],[78.950626,25.360575],[78.951322,25.360457],[78.951347,25.360468],[78.95137,25.360478],[78.951814,25.360674],[78.952217,25.361481],[78.952894,25.36288],[78.953099,25.363348],[78.953106,25.363363],[78.95359,25.364464],[78.95376,25.364889],[78.953771,25.364917],[78.953819,25.365037],[78.953819,25.365037],[78.953888,25.365118],[78.954107,25.365375],[78.95442,25.365556],[78.954422,25.365556],[78.954924,25.365594],[78.955007,25.365601],[78.955265,25.36577],[78.955651,25.366023],[78.955653,25.366025],[78.956597,25.367116],[78.957181,25.368289],[78.957199,25.368325],[78.957245,25.368417],[78.958294,25.37015],[78.95901,25.371276],[78.959159,25.371511],[78.959179,25.371499],[78.959279,25.371439],[78.959287,25.371434],[78.960053,25.370973],[78.960068,25.370964],[78.960592,25.370649],[78.961775,25.369937],[78.962111,25.369735],[78.962695,25.369384],[78.962994,25.369204],[78.963131,25.369121],[78.963539,25.368904],[78.963539,25.368904],[78.963738,25.369093],[78.963928,25.369275],[78.963996,25.369339],[78.964126,25.369463],[78.964703,25.370011],[78.965057,25.370348],[78.965232,25.370514],[78.965403,25.370677],[78.96545,25.370609],[78.966009,25.369806],[78.966291,25.369399],[78.966346,25.369428],[78.966634,25.369579],[78.966634,25.369579],[78.966615,25.369802],[78.966594,25.370048],[78.96658,25.370207],[78.967112,25.37],[78.967263,25.369941],[78.967319,25.369919],[78.967527,25.369838],[78.968125,25.369605],[78.973378,25.366822],[78.97446,25.366382],[78.975002,25.366162],[78.975157,25.366099],[78.975236,25.366067],[78.975236,25.366067],[78.975356,25.366199],[78.975619,25.366486],[78.975392,25.36667],[78.975172,25.366847],[78.975172,25.366848],[78.975475,25.367005],[78.975863,25.367086],[78.975869,25.367094],[78.975963,25.367198],[78.976037,25.36728],[78.976037,25.367515],[78.976598,25.367636],[78.976845,25.367752],[78.976886,25.367772],[78.976968,25.367884],[78.977061,25.368011],[78.977273,25.368093],[78.977364,25.368128],[78.977836,25.368087],[78.978183,25.368204],[78.978252,25.368318],[78.978281,25.368366],[78.978385,25.36854],[78.978397,25.36856],[78.978572,25.369088],[78.978626,25.369195],[78.978633,25.369208],[78.978661,25.369264],[78.978661,25.369264],[78.978698,25.369298],[78.97883,25.369418],[78.978965,25.369539],[78.979526,25.369462],[78.97972,25.369482],[78.979825,25.369493],[78.980071,25.369519],[78.980193,25.369531],[78.980261,25.369539],[78.980604,25.369696],[78.980823,25.369696],[78.98121,25.369502],[78.981245,25.369505],[78.981291,25.369509],[78.981485,25.369527],[78.981553,25.369533],[78.981603,25.369538],[78.981681,25.36973],[78.981734,25.369859],[78.981814,25.370054],[78.981861,25.370169],[78.982075,25.370169],[78.982378,25.370322],[78.982553,25.370593],[78.982553,25.370593],[78.982588,25.370579],[78.982588,25.370579],[78.982742,25.37052],[78.983536,25.370213],[78.984921,25.369846],[78.986769,25.369475],[78.987986,25.369266],[78.988964,25.368792],[78.989599,25.367582],[78.989787,25.366931],[78.990596,25.366335],[78.991639,25.365842],[78.992562,25.365178],[78.993486,25.364721],[78.994643,25.364332],[78.995835,25.364227],[78.996468,25.363956],[78.997226,25.363631],[78.998611,25.363313],[78.999202,25.362559],[78.999381,25.361722],[78.999392,25.361742],[79.000573,25.363998],[79.001349,25.365073],[79.001772,25.365788],[79.001772,25.365788],[79.002259,25.367098],[79.000212,25.368529],[78.998866,25.369542],[78.998744,25.369587],[78.99818,25.370414],[78.994848,25.375304],[78.994313,25.376682],[78.993729,25.379783],[78.994075,25.382446],[78.994759,25.385722],[78.995635,25.387319],[78.998597,25.390582],[78.998607,25.390894],[78.999101,25.39149],[79.00171,25.395173],[79.002157,25.397537],[79.002679,25.400255],[79.002682,25.400268],[79.003043,25.40217],[79.004419,25.402373],[79.006744,25.402705],[79.006745,25.402705],[79.007484,25.402428],[79.008902,25.40212],[79.011756,25.401926],[79.015808,25.400965],[79.017498,25.400711],[79.020235,25.400491],[79.020636,25.401339],[79.020703,25.40131],[79.021625,25.400909],[79.024588,25.399672],[79.025726,25.398066],[79.026118,25.397451],[79.027187,25.39659],[79.027734,25.396091],[79.028091,25.395115],[79.028599,25.393906],[79.028804,25.39374],[79.02898,25.393609],[79.029088,25.393442],[79.02906,25.393257],[79.028848,25.393035],[79.028462,25.392795],[79.028222,25.392459],[79.027837,25.392104],[79.027597,25.391794],[79.027512,25.391493],[79.027572,25.391203],[79.027472,25.390933],[79.027629,25.390793],[79.028009,25.390589],[79.028504,25.390473],[79.029199,25.38999],[79.03168,25.38838],[79.033749,25.387961],[79.03541,25.388311],[79.035879,25.387776],[79.036734,25.387614],[79.036666,25.385696],[79.036549,25.38258],[79.039091,25.382402],[79.040983,25.381766],[79.042223,25.381888],[79.044715,25.381965],[79.044721,25.381977],[79.045848,25.384224],[79.046901,25.386064],[79.047634,25.387236],[79.047686,25.388126],[79.04763,25.388821],[79.047629,25.388833],[79.046324,25.389327],[79.045083,25.390556],[79.045399,25.392321],[79.044119,25.393014],[79.045472,25.395547],[79.046093,25.396802],[79.047371,25.399106],[79.047791,25.400105],[79.047756,25.400845],[79.047193,25.401522],[79.047012,25.401739],[79.046619,25.402451],[79.046656,25.403426],[79.046656,25.403428],[79.04795,25.406488],[79.048675,25.408259],[79.048814,25.409468],[79.049466,25.411217],[79.050521,25.413315],[79.051776,25.414059],[79.053201,25.415495],[79.054668,25.417174],[79.055378,25.418289],[79.055381,25.418299],[79.057202,25.417342],[79.058792,25.416882],[79.060668,25.416488],[79.062752,25.415747],[79.063257,25.414956],[79.063609,25.415542],[79.064124,25.415934],[79.065066,25.416377],[79.065583,25.41638],[79.066368,25.416385],[79.067421,25.416375],[79.068545,25.416252],[79.069188,25.416207],[79.069939,25.415936],[79.070492,25.415907],[79.071556,25.415845],[79.071883,25.415996],[79.072666,25.416228],[79.072947,25.416781],[79.072944,25.417299],[79.072868,25.417882],[79.072741,25.418205],[79.072756,25.418481],[79.072933,25.418693],[79.073489,25.418508],[79.073482,25.418496],[79.073913,25.418045],[79.07684,25.417803],[79.076174,25.416211],[79.077712,25.415572],[79.07846,25.415706],[79.078991,25.416325],[79.079092,25.417168],[79.079623,25.41769],[79.080166,25.416591],[79.081489,25.41621],[79.083648,25.415807],[79.083689,25.415799],[79.085718,25.418471],[79.087233,25.421169],[79.088607,25.423542],[79.090056,25.425494],[79.091924,25.428743],[79.093122,25.430921],[79.093037,25.430981],[79.090719,25.432625],[79.090108,25.433302],[79.090175,25.43395],[79.091302,25.435901],[79.091651,25.43707],[79.091072,25.4382],[79.090378,25.440562],[79.089113,25.442758],[79.090781,25.444064],[79.092721,25.444697],[79.09369,25.443459],[79.095173,25.44241],[79.09594,25.441022],[79.096436,25.439456],[79.097445,25.438095],[79.097456,25.436597],[79.097865,25.436388],[79.09855,25.435634],[79.09904,25.434914],[79.099394,25.434246],[79.100559,25.432886],[79.101956,25.43151],[79.105183,25.430718],[79.110258,25.42946],[79.111678,25.429063],[79.116764,25.427496],[79.119603,25.426666],[79.125349,25.425121],[79.127291,25.424902],[79.131749,25.42439],[79.133229,25.423295],[79.133819,25.423031],[79.134327,25.422804]]],[[[79.066712,25.436707],[79.06661,25.436253],[79.066169,25.435456],[79.06569,25.435226],[79.06514,25.434785],[79.065062,25.434388],[79.064888,25.433771],[79.064695,25.433316],[79.064057,25.432826],[79.063205,25.43227],[79.063193,25.431395],[79.063413,25.430635],[79.063312,25.430488],[79.061118,25.427283],[79.059595,25.427806],[79.058063,25.42821],[79.057205,25.428254],[79.057363,25.428571],[79.05618,25.429002],[79.054807,25.429773],[79.053568,25.430521],[79.051924,25.431558],[79.051893,25.432142],[79.051593,25.432797],[79.050572,25.433108],[79.04932,25.434046],[79.04972,25.434522],[79.049944,25.43556],[79.050524,25.436682],[79.051234,25.437253],[79.052426,25.437649],[79.053496,25.437656],[79.053985,25.437956],[79.054082,25.438016],[79.054379,25.438893],[79.05412,25.440187],[79.053997,25.441167],[79.053993,25.441669],[79.054791,25.44229],[79.055717,25.44262],[79.057108,25.442709],[79.059566,25.443129],[79.060882,25.443834],[79.061269,25.444061],[79.061272,25.444063],[79.061713,25.444779],[79.062223,25.445803],[79.062819,25.446082],[79.063497,25.445989],[79.064428,25.445589],[79.065129,25.445355],[79.065174,25.444735],[79.066372,25.441922],[79.066709,25.439769],[79.06699,25.43794],[79.066712,25.436707]]]]}},{"type":"Feature","properties":{"OBJECTID":2639,"state_lgd":"09","state_name":"UTTAR PRADESH","district_lgd":"166","district_name":"JHANSI","district_name_source":"district_table","subdistrict_lgd":"856","subdistrict_name":"MOTH","subdistrict_type":"Tehsil","name_corrupted":false,"remarks":""},"geometry":{"type":"Polygon","coordinates":[[[79.094033,25.822311],[79.092592,25.821087],[79.091574,25.819552],[79.092414,25.81886],[79.089208,25.815055],[79.088092,25.813092],[79.088859,25.813318],[79.089345,25.813435],[79.089139,25.811811],[79.088897,25.810241],[79.08883,25.809807],[79.088706,25.808561],[79.088985,25.806937],[79.088969,25.80622],[79.088956,25.805669],[79.088304,25.803182],[79.087461,25.801602],[79.086649,25.800446],[79.085902,25.799769],[79.085001,25.798964],[79.084097,25.798157],[79.082697,25.797141],[79.08151,25.796098],[79.079676,25.794518],[79.07846,25.793471],[79.0775,25.792577],[79.075978,25.791159],[79.073517,25.788789],[79.072302,25.787518],[79.072153,25.787363],[79.070871,25.786021],[79.070428,25.785594],[79.068581,25.78381],[79.068444,25.783678],[79.066825,25.78235],[79.066267,25.781714],[79.065983,25.781389],[79.064892,25.779863],[79.064145,25.778675],[79.063587,25.77752],[79.063249,25.776193],[79.063119,25.775683],[79.062776,25.774613],[79.062248,25.773539],[79.061282,25.772071],[79.060694,25.771475],[79.060006,25.771195],[79.059383,25.770685],[79.05901,25.770405],[79.058747,25.770124],[79.058482,25.769841],[79.058203,25.76933],[79.057331,25.76854],[79.056863,25.767949],[79.056554,25.767159],[79.056554,25.766622],[79.05652,25.765746],[79.056241,25.765268],[79.055434,25.764256],[79.055026,25.763778],[79.054,25.763046],[79.053347,25.763014],[79.052534,25.763045],[79.052101,25.762734],[79.051912,25.762025],[79.052321,25.761632],[79.052819,25.761236],[79.053378,25.760929],[79.054031,25.760532],[79.055063,25.759797],[79.05609,25.759066],[79.057741,25.757767],[79.058613,25.756892],[79.059796,25.75534],[79.060703,25.754411],[79.061326,25.753874],[79.061825,25.753594],[79.062448,25.75317],[79.062977,25.752719],[79.063351,25.752123],[79.063505,25.751559],[79.063631,25.750463],[79.063658,25.750219],[79.063482,25.749171],[79.062541,25.74663],[79.061585,25.745271],[79.061266,25.744883],[79.060668,25.744607],[79.060056,25.744499],[79.059418,25.744557],[79.059169,25.744363],[79.059049,25.743749],[79.058332,25.742918],[79.058043,25.742219],[79.057924,25.741496],[79.057925,25.740977],[79.05795,25.740427],[79.05783,25.739854],[79.057559,25.739625],[79.057288,25.739397],[79.0567,25.739117],[79.055774,25.737519],[79.055375,25.737072],[79.054898,25.736047],[79.054405,25.735275],[79.053384,25.734047],[79.05193,25.732842],[79.051691,25.732277],[79.051651,25.731785],[79.051637,25.731302],[79.051557,25.731022],[79.051094,25.730111],[79.050442,25.729158],[79.050203,25.728761],[79.049915,25.727876],[79.049886,25.72635],[79.050086,25.72501],[79.050006,25.724604],[79.049623,25.72399],[79.04928,25.723529],[79.048149,25.72277],[79.046436,25.722025],[79.044448,25.721076],[79.04393,25.720728],[79.043158,25.720439],[79.04263,25.720199],[79.042087,25.719838],[79.041903,25.71926],[79.042143,25.71824],[79.043031,25.716797],[79.043296,25.716065],[79.043426,25.715443],[79.043282,25.714766],[79.043018,25.714138],[79.042869,25.713574],[79.042112,25.712657],[79.041594,25.712151],[79.040629,25.711393],[79.03917,25.710124],[79.038682,25.709735],[79.038254,25.709135],[79.038468,25.708557],[79.038548,25.708029],[79.038175,25.707559],[79.037851,25.707474],[79.037528,25.707388],[79.036133,25.707342],[79.035087,25.707418],[79.033268,25.707439],[79.031848,25.707691],[79.029775,25.708123],[79.028515,25.708497],[79.027677,25.708663],[79.025949,25.708739],[79.024325,25.708471],[79.023535,25.708277],[79.022746,25.708082],[79.02183,25.707734],[79.020993,25.707241],[79.020062,25.706397],[79.018892,25.705166],[79.017723,25.703935],[79.01633,25.702066],[79.015365,25.700643],[79.014793,25.699587],[79.014554,25.698982],[79.013884,25.695935],[79.013766,25.694165],[79.013897,25.692599],[79.01377,25.690379],[79.013547,25.689115],[79.013055,25.687454],[79.012609,25.685499],[79.01253,25.684294],[79.012612,25.682489],[79.012839,25.679149],[79.012785,25.678187],[79.012691,25.677551],[79.012392,25.677273],[79.012094,25.676995],[79.011526,25.676765],[79.010874,25.6768],[79.010341,25.677053],[79.009663,25.677558],[79.009145,25.677751],[79.008866,25.677665],[79.008577,25.677376],[79.008548,25.677137],[79.008619,25.675706],[79.008914,25.673992],[79.008876,25.672823],[79.008742,25.6722],[79.008374,25.671509],[79.007817,25.670741],[79.007205,25.670244],[79.006647,25.669801],[79.005438,25.669354],[79.00491,25.669245],[79.004073,25.669343],[79.003832,25.669331],[79.003371,25.669307],[79.002145,25.669545],[79.001498,25.669689],[79.000327,25.669715],[78.999331,25.66952],[78.998615,25.669316],[78.99807,25.669402],[78.997357,25.669403],[78.9967,25.669043],[78.996181,25.668677],[78.995524,25.668367],[78.994956,25.668241],[78.994323,25.66816],[78.993695,25.667903],[78.993122,25.667439],[78.992523,25.666297],[78.992089,25.665093],[78.991775,25.664533],[78.991674,25.663874],[78.991674,25.663251],[78.991589,25.66262],[78.991443,25.661956],[78.991831,25.661464],[78.992274,25.660895],[78.991367,25.660088],[78.990365,25.659127],[78.988621,25.658014],[78.986852,25.657013],[78.986279,25.656626],[78.98605,25.655976],[78.986392,25.655249],[78.986452,25.654784],[78.986367,25.654134],[78.985968,25.653652],[78.985665,25.653274],[78.984741,25.652122],[78.983541,25.65132],[78.983092,25.650702],[78.981433,25.649746],[78.980063,25.649179],[78.978947,25.648895],[78.978091,25.648896],[78.977458,25.648738],[78.976323,25.648252],[78.975321,25.647553],[78.974548,25.646308],[78.972263,25.646241],[78.971057,25.64585],[78.968298,25.645238],[78.966321,25.644648],[78.964065,25.64418],[78.962457,25.643553],[78.961271,25.643152],[78.959463,25.642314],[78.958517,25.641619],[78.957346,25.640613],[78.956065,25.639432],[78.954845,25.638268],[78.953598,25.635163],[78.952845,25.632898],[78.95257,25.631039],[78.952115,25.629152],[78.951601,25.626011],[78.951057,25.624179],[78.950727,25.622812],[78.950726,25.622809],[78.950393,25.622266],[78.947987,25.619099],[78.946368,25.616744],[78.945785,25.616049],[78.94454,25.614957],[78.943275,25.614114],[78.943125,25.613694],[78.942069,25.612738],[78.941108,25.611565],[78.940231,25.610771],[78.939569,25.610279],[78.938215,25.610117],[78.937458,25.610117],[78.936826,25.609788],[78.9358,25.608918],[78.935317,25.607956],[78.934881,25.607903],[78.934446,25.607849],[78.933754,25.607876],[78.932574,25.60826],[78.931614,25.608477],[78.931011,25.608536],[78.930225,25.608563],[78.929896,25.608563],[78.929503,25.608564],[78.928811,25.608343],[78.927755,25.607797],[78.927367,25.607662],[78.926974,25.607197],[78.92649,25.606267],[78.926371,25.605586],[78.926037,25.605148],[78.925255,25.604684],[78.923508,25.604246],[78.920915,25.603976],[78.920888,25.603972],[78.918565,25.603594],[78.91746,25.6034],[78.915713,25.602917],[78.915011,25.602543],[78.914692,25.60206],[78.914353,25.601334],[78.914084,25.600517],[78.913456,25.59863],[78.912754,25.596694],[78.912097,25.595417],[78.911539,25.594429],[78.911375,25.593928],[78.910817,25.592588],[78.910697,25.591707],[78.91101,25.590389],[78.912348,25.588087],[78.912875,25.587157],[78.913472,25.586431],[78.914676,25.584977],[78.914875,25.58411],[78.915074,25.583293],[78.915651,25.581998],[78.917332,25.579953],[78.917431,25.579226],[78.917406,25.578292],[78.917406,25.577791],[78.917555,25.5765],[78.91758,25.576067],[78.918256,25.574952],[78.918982,25.573566],[78.919285,25.572591],[78.919106,25.571092],[78.919061,25.570533],[78.918981,25.569693],[78.918941,25.569323],[78.918691,25.568073],[78.918382,25.566489],[78.918382,25.56602],[78.918178,25.565108],[78.917988,25.564138],[78.917948,25.563614],[78.917794,25.562075],[78.916559,25.560098],[78.91512,25.558235],[78.913398,25.556678],[78.911203,25.555162],[78.911203,25.555162],[78.911146,25.555109],[78.910658,25.554658],[78.910011,25.554059],[78.909506,25.553592],[78.908456,25.552924],[78.907013,25.551896],[78.907013,25.551895],[78.906507,25.551615],[78.905899,25.551277],[78.905645,25.551232],[78.904591,25.551313],[78.904048,25.551355],[78.904048,25.551355],[78.903896,25.551436],[78.903829,25.551472],[78.903417,25.551543],[78.902117,25.551766],[78.900608,25.552083],[78.900053,25.552199],[78.89985,25.552325],[78.89966,25.552442],[78.899272,25.552682],[78.899061,25.552886],[78.89854,25.553391],[78.896944,25.555059],[78.896864,25.555142],[78.89675,25.555157],[78.896139,25.555233],[78.895832,25.555271],[78.895741,25.555283],[78.895237,25.555346],[78.894657,25.555336],[78.894428,25.555332],[78.89434,25.555331],[78.893798,25.555321],[78.893487,25.555316],[78.893396,25.555314],[78.893074,25.555275],[78.8907,25.554987],[78.889903,25.554891],[78.889903,25.554891],[78.889022,25.554846],[78.887226,25.554643],[78.887226,25.554643],[78.88601,25.554542],[78.88548,25.554498],[78.884107,25.554359],[78.884107,25.554359],[78.882649,25.553961],[78.882318,25.553758],[78.88191,25.553507],[78.881037,25.552969],[78.879849,25.551925],[78.879847,25.551926],[78.879661,25.552008],[78.87966,25.552008],[78.877947,25.552761],[78.877887,25.552842],[78.877813,25.55291],[78.877783,25.552973],[78.877648,25.553086],[78.877494,25.553091],[78.87737,25.55305],[78.87726,25.552964],[78.877106,25.55291],[78.876982,25.552856],[78.876862,25.552838],[78.876534,25.552937],[78.876215,25.553122],[78.875991,25.55319],[78.875827,25.553253],[78.875653,25.553289],[78.875499,25.553357],[78.87535,25.553411],[78.875185,25.553429],[78.874867,25.553402],[78.874315,25.553465],[78.873718,25.553596],[78.87331,25.553682],[78.873081,25.553614],[78.873036,25.553574],[78.872942,25.55351],[78.872922,25.553488],[78.872852,25.553425],[78.872807,25.553361],[78.872693,25.553303],[78.872484,25.553194],[78.872325,25.553194],[78.872185,25.55324],[78.872091,25.55328],[78.871956,25.553321],[78.871842,25.553425],[78.871723,25.553488],[78.871449,25.553551],[78.871399,25.553551],[78.871354,25.553551],[78.871265,25.55351],[78.87115,25.55347],[78.871056,25.553321],[78.871011,25.553154],[78.870966,25.55305],[78.870922,25.552883],[78.870713,25.552802],[78.870528,25.552802],[78.869862,25.55282],[78.869344,25.552811],[78.868996,25.552829],[78.868752,25.552752],[78.868503,25.55263],[78.868076,25.552576],[78.867877,25.552612],[78.867588,25.552702],[78.867304,25.552797],[78.866692,25.552878],[78.866374,25.552851],[78.866066,25.552824],[78.865533,25.55291],[78.865225,25.553018],[78.864991,25.553149],[78.864797,25.553235],[78.864503,25.553307],[78.86421,25.553375],[78.863792,25.553402],[78.863578,25.553411],[78.863329,25.553402],[78.863045,25.553347],[78.862747,25.553253],[78.862175,25.553189],[78.861951,25.553189],[78.861697,25.553244],[78.861388,25.55323],[78.861204,25.553149],[78.86111,25.552973],[78.86105,25.552842],[78.860991,25.552702],[78.860916,25.552594],[78.860836,25.552517],[78.860692,25.55239],[78.860538,25.552287],[78.860398,25.5523],[78.860279,25.552309],[78.86011,25.551077],[78.859986,25.550648],[78.859687,25.550152],[78.858911,25.549267],[78.858598,25.548915],[78.858145,25.548432],[78.857867,25.548093],[78.857265,25.547628],[78.856996,25.547376],[78.856777,25.547145],[78.856598,25.546802],[78.856345,25.545836],[78.856101,25.545101],[78.855932,25.544342],[78.855469,25.543178],[78.855141,25.54232],[78.854669,25.541242],[78.854017,25.539784],[78.85388,25.53948],[78.853669,25.539007],[78.853843,25.539007],[78.854351,25.539292],[78.855345,25.539933],[78.855803,25.540131],[78.856216,25.539843],[78.856505,25.539491],[78.856291,25.538525],[78.856047,25.537599],[78.856291,25.535379],[78.857316,25.535402],[78.862494,25.540119],[78.862748,25.540155],[78.862917,25.54011],[78.863181,25.539803],[78.863156,25.539365],[78.863156,25.538485],[78.862917,25.537645],[78.862917,25.537316],[78.863132,25.536765],[78.863475,25.536458],[78.863932,25.536395],[78.865584,25.536725],[78.865992,25.53681],[78.86745,25.536765],[78.86827,25.536436],[78.866743,25.535007],[78.866145,25.534449],[78.865992,25.534306],[78.864858,25.533191],[78.865094,25.532867],[78.86539,25.53246],[78.866152,25.531471],[78.86662,25.53105],[78.866669,25.531006],[78.867798,25.530334],[78.868406,25.529782],[78.867385,25.529186],[78.867339,25.528913],[78.867279,25.528689],[78.867255,25.528482],[78.867249,25.528282],[78.867276,25.52801],[78.867122,25.527864],[78.866954,25.527712],[78.866776,25.527514],[78.866633,25.527353],[78.86649,25.527216],[78.866298,25.527039],[78.866119,25.526897],[78.86591,25.526766],[78.865835,25.526725],[78.865755,25.526705],[78.865629,25.526666],[78.865504,25.526647],[78.865327,25.526606],[78.86519,25.526555],[78.865126,25.52651],[78.86507,25.526431],[78.864881,25.526262],[78.86476,25.526219],[78.864507,25.526135],[78.864111,25.525984],[78.863992,25.525934],[78.863867,25.525865],[78.863791,25.52584],[78.863497,25.525767],[78.863089,25.525655],[78.86264,25.525539],[78.862463,25.525491],[78.862296,25.52548],[78.862179,25.525468],[78.862034,25.525438],[78.861935,25.525387],[78.861856,25.525324],[78.861733,25.525219],[78.861647,25.525144],[78.86157,25.525152],[78.861484,25.525158],[78.861418,25.525153],[78.861274,25.525122],[78.861032,25.525059],[78.860711,25.524979],[78.860537,25.524927],[78.860283,25.524856],[78.86002,25.524784],[78.859901,25.524762],[78.85984,25.524751],[78.859687,25.524743],[78.859608,25.52474],[78.859406,25.52476],[78.859272,25.52476],[78.859191,25.524746],[78.859085,25.524706],[78.858842,25.524604],[78.85872,25.524551],[78.858582,25.524489],[78.858426,25.524434],[78.858277,25.524376],[78.858148,25.524336],[78.858064,25.524304],[78.857949,25.524274],[78.857771,25.524204],[78.857611,25.52414],[78.857362,25.524019],[78.857142,25.523911],[78.856976,25.523822],[78.856805,25.523742],[78.856699,25.523682],[78.856489,25.523592],[78.856375,25.523564],[78.85614,25.52358],[78.855742,25.523609],[78.855546,25.523613],[78.85518,25.523611],[78.854967,25.523612],[78.854802,25.523599],[78.854704,25.523612],[78.854544,25.523658],[78.854355,25.523687],[78.85416,25.523709],[78.854108,25.523712],[78.854013,25.523703],[78.853896,25.523723],[78.853412,25.523797],[78.852992,25.523861],[78.852525,25.523937],[78.852243,25.523996],[78.852114,25.524024],[78.851869,25.524063],[78.851639,25.524112],[78.851441,25.524157],[78.851139,25.524266],[78.850774,25.52439],[78.85049,25.524476],[78.850185,25.524598],[78.849931,25.524719],[78.849631,25.524907],[78.849362,25.52508],[78.849184,25.525196],[78.84903,25.525273],[78.84888,25.525336],[78.848674,25.525393],[78.8484,25.525471],[78.848461,25.525794],[78.848766,25.526843],[78.84903,25.52768],[78.849052,25.527749],[78.849215,25.528256],[78.849367,25.528721],[78.849461,25.529041],[78.849548,25.529309],[78.849511,25.529331],[78.84941,25.529391],[78.849213,25.529535],[78.849054,25.529634],[78.84882,25.529741],[78.848679,25.529824],[78.848628,25.529879],[78.848521,25.529947],[78.848379,25.529992],[78.848212,25.530046],[78.848081,25.530068],[78.847702,25.53014],[78.847627,25.530156],[78.847391,25.53022],[78.847173,25.530276],[78.846841,25.530421],[78.846593,25.530532],[78.846416,25.530595],[78.846312,25.530595],[78.846192,25.530602],[78.845966,25.530627],[78.845834,25.530634],[78.845687,25.530661],[78.845573,25.530695],[78.845503,25.530704],[78.845029,25.530724],[78.844443,25.530743],[78.84398,25.53075],[78.843673,25.530764],[78.843445,25.530772],[78.843241,25.5308],[78.84308,25.530826],[78.842736,25.530765],[78.842539,25.530749],[78.842461,25.530776],[78.842241,25.53079],[78.841951,25.530778],[78.841769,25.530761],[78.841606,25.530748],[78.841491,25.530731],[78.84119,25.530672],[78.841021,25.530636],[78.840877,25.530624],[78.840437,25.530557],[78.840238,25.530522],[78.83999,25.530489],[78.839854,25.530459],[78.839375,25.53036],[78.838962,25.530256],[78.838693,25.530187],[78.838594,25.530172],[78.838557,25.530187],[78.838552,25.530189],[78.838509,25.530208],[78.838443,25.530225],[78.838282,25.53025],[78.838157,25.530256],[78.838031,25.530235],[78.837826,25.530148],[78.837698,25.530097],[78.837473,25.530021],[78.837219,25.529961],[78.836763,25.529845],[78.836657,25.529823],[78.836536,25.529799],[78.836313,25.529743],[78.836079,25.529659],[78.835854,25.529565],[78.835669,25.529506],[78.835415,25.52944],[78.835192,25.529405],[78.834923,25.529356],[78.834564,25.529244],[78.834112,25.529115],[78.833693,25.529011],[78.833569,25.528969],[78.833423,25.528931],[78.833341,25.528915],[78.833213,25.528891],[78.833122,25.528845],[78.833002,25.528757],[78.832855,25.528652],[78.832804,25.528577],[78.832743,25.52851],[78.832674,25.528468],[78.832543,25.528464],[78.832449,25.528487],[78.832357,25.528483],[78.832264,25.528465],[78.832146,25.528444],[78.832132,25.526408],[78.831252,25.525999],[78.82979,25.525028],[78.82905,25.524575],[78.829092,25.52451],[78.829305,25.524242],[78.829453,25.523984],[78.829685,25.523652],[78.829932,25.523305],[78.830258,25.522765],[78.830545,25.522368],[78.830705,25.522109],[78.830494,25.521967],[78.830277,25.521831],[78.830002,25.521655],[78.829845,25.521553],[78.829697,25.521428],[78.829542,25.521288],[78.82925,25.520999],[78.829084,25.520833],[78.828775,25.52054],[78.828616,25.520381],[78.828437,25.520175],[78.828252,25.519977],[78.828005,25.519727],[78.827822,25.519573],[78.827517,25.519313],[78.827159,25.518978],[78.826796,25.518641],[78.826644,25.518474],[78.826419,25.518262],[78.826151,25.518034],[78.825806,25.517772],[78.825579,25.51762],[78.825216,25.517387],[78.824864,25.517187],[78.824563,25.517013],[78.824119,25.516792],[78.823588,25.516566],[78.823145,25.516374],[78.822557,25.516167],[78.822138,25.516041],[78.821903,25.51599],[78.821667,25.515972],[78.821398,25.515961],[78.820691,25.515915],[78.82011,25.515874],[78.819799,25.515853],[78.819456,25.515843],[78.819147,25.515849],[78.818963,25.515848],[78.818889,25.51584],[78.818599,25.515835],[78.818162,25.515858],[78.817861,25.515899],[78.817574,25.515966],[78.817193,25.516052],[78.81689,25.516113],[78.816655,25.516178],[78.816443,25.516242],[78.816194,25.516346],[78.815964,25.516424],[78.815745,25.516489],[78.815571,25.516545],[78.815305,25.516604],[78.815065,25.516655],[78.814908,25.516686],[78.814688,25.516754],[78.814524,25.516828],[78.814285,25.516952],[78.814079,25.517063],[78.813907,25.517178],[78.813637,25.517358],[78.81326,25.517486],[78.813063,25.517552],[78.812889,25.517632],[78.812654,25.517755],[78.812467,25.517839],[78.812313,25.517901],[78.812111,25.517961],[78.811927,25.518017],[78.811665,25.518121],[78.811439,25.518231],[78.811204,25.518331],[78.81099,25.518432],[78.810743,25.518548],[78.810526,25.518645],[78.810379,25.518702],[78.810332,25.518712],[78.810226,25.518755],[78.810083,25.518823],[78.809965,25.518901],[78.809835,25.518981],[78.809705,25.519061],[78.809545,25.519152],[78.809326,25.519309],[78.809183,25.519393],[78.808917,25.519606],[78.808801,25.519703],[78.809384,25.520412],[78.809708,25.520822],[78.810244,25.52146],[78.810464,25.521713],[78.809775,25.522006],[78.808785,25.522583],[78.807018,25.523458],[78.805396,25.524112],[78.804491,25.52482],[78.80364,25.525483],[78.803435,25.525893],[78.802162,25.525554],[78.798999,25.524163],[78.79715,25.523033],[78.796369,25.522509],[78.794743,25.521019],[78.793412,25.519226],[78.792487,25.518237],[78.791195,25.515894],[78.790703,25.51528],[78.789719,25.514756],[78.788341,25.515193],[78.787062,25.515621],[78.785624,25.516234],[78.783117,25.517072],[78.782043,25.517112],[78.780852,25.519995],[78.77951,25.524219],[78.778177,25.524056],[78.77659,25.523924],[78.775073,25.524153],[78.774895,25.52348],[78.772656,25.523903],[78.771179,25.52387],[78.768328,25.523638],[78.767429,25.523046],[78.766271,25.521475],[78.764937,25.52234],[78.755948,25.528183],[78.757496,25.532625],[78.756088,25.533017],[78.754749,25.533345],[78.752261,25.533866],[78.75154,25.533931],[78.74858,25.534197],[78.747799,25.534121],[78.748029,25.534708],[78.747712,25.536568],[78.747584,25.537525],[78.747057,25.538125],[78.745869,25.538727],[78.744152,25.538967],[78.742506,25.538905],[78.742043,25.538608],[78.741451,25.538789],[78.740923,25.538009],[78.740132,25.53819],[78.739997,25.537531],[78.738481,25.538733],[78.738087,25.538372],[78.737232,25.538431],[78.736684,25.53775],[78.735117,25.537954],[78.734658,25.536578],[78.733932,25.53652],[78.733469,25.53676],[78.733605,25.538077],[78.732351,25.538259],[78.732482,25.539875],[78.731955,25.540231],[78.733474,25.541607],[78.733539,25.542149],[78.734136,25.541968],[78.735053,25.543984],[78.734924,25.544585],[78.734526,25.544761],[78.735124,25.545483],[78.734662,25.54584],[78.734264,25.546318],[78.7342,25.546919],[78.733738,25.547637],[78.73341,25.548115],[78.733082,25.548355],[78.733765,25.549645],[78.733684,25.549734],[78.733566,25.549866],[78.733148,25.550016],[78.733019,25.550612],[78.732557,25.550734],[78.732423,25.55151],[78.732359,25.55193],[78.73203,25.552233],[78.731703,25.552711],[78.731967,25.553546],[78.732032,25.554205],[78.731704,25.554444],[78.732297,25.555523],[78.731571,25.555943],[78.731442,25.556543],[78.731209,25.556932],[78.731229,25.557085],[78.730503,25.557569],[78.730238,25.55691],[78.729314,25.557448],[78.729184,25.556911],[78.726677,25.557987],[78.726284,25.55805],[78.726484,25.559246],[78.724041,25.559487],[78.723951,25.559599],[78.723514,25.560146],[78.723474,25.560894],[78.72345,25.561342],[78.724505,25.561341],[78.724686,25.562281],[78.724466,25.562565],[78.724715,25.562768],[78.724243,25.563197],[78.72187,25.564218],[78.720025,25.564698],[78.719826,25.564937],[78.719498,25.565475],[78.7191,25.565836],[78.719299,25.566197],[78.71831,25.567032],[78.718509,25.567691],[78.717584,25.568473],[78.715675,25.57009],[78.714485,25.569729],[78.714023,25.57051],[78.71376,25.571346],[78.712641,25.571888],[78.71284,25.572547],[78.712776,25.572903],[78.712313,25.573382],[78.71205,25.573924],[78.712644,25.576496],[78.712649,25.577011],[78.711858,25.577192],[78.710604,25.576894],[78.707439,25.576833],[78.707045,25.576174],[78.706448,25.575818],[78.705657,25.575819],[78.704636,25.576297],[78.703612,25.576777],[78.702229,25.577973],[78.701374,25.578213],[78.700582,25.578155],[78.700318,25.577974],[78.700184,25.577677],[78.699194,25.577799],[78.698273,25.578039],[78.698405,25.581329],[78.69854,25.583247],[78.697949,25.584624],[78.697372,25.585612],[78.69599,25.587771],[78.695557,25.588059],[78.695555,25.58806],[78.695522,25.588082],[78.695522,25.588082],[78.69552,25.588084],[78.695955,25.58833],[78.696622,25.588754],[78.697359,25.589262],[78.698689,25.590179],[78.699083,25.590574],[78.699416,25.590906],[78.6996,25.591555],[78.69966,25.592136],[78.699666,25.592198],[78.699816,25.593647],[78.699898,25.594445],[78.699911,25.59457],[78.699926,25.594599],[78.700057,25.594837],[78.700185,25.595071],[78.700186,25.595072],[78.700324,25.595169],[78.700452,25.595258],[78.701718,25.596144],[78.70349,25.597408],[78.703679,25.597543],[78.704198,25.597912],[78.70599,25.598277],[78.707703,25.59912],[78.708867,25.599311],[78.708908,25.599318],[78.708912,25.599318],[78.710481,25.599299],[78.710939,25.599299],[78.710939,25.599299],[78.711839,25.599267],[78.714686,25.599017],[78.715099,25.599013],[78.715229,25.599012],[78.715229,25.599012],[78.715887,25.599315],[78.715985,25.59936],[78.716344,25.599526],[78.716583,25.599774],[78.716638,25.59995],[78.716783,25.600422],[78.716803,25.600487],[78.716798,25.600514],[78.716654,25.601263],[78.716073,25.602491],[78.716065,25.60258],[78.715979,25.603601],[78.716199,25.604472],[78.717329,25.605329],[78.717494,25.605363],[78.718454,25.605559],[78.718634,25.605596],[78.718957,25.605662],[78.718961,25.605662],[78.720654,25.605544],[78.721107,25.605295],[78.721729,25.604631],[78.721747,25.604581],[78.721765,25.604534],[78.722037,25.603796],[78.722693,25.602703],[78.72326,25.602337],[78.723432,25.602314],[78.723578,25.602294],[78.723905,25.602248],[78.724089,25.602223],[78.724574,25.602156],[78.724575,25.602157],[78.725261,25.602521],[78.725532,25.602665],[78.725719,25.602765],[78.725821,25.602857],[78.726266,25.60326],[78.72696,25.603888],[78.727431,25.604282],[78.728125,25.604862],[78.728351,25.605],[78.72907,25.60544],[78.730077,25.606056],[78.731775,25.606254],[78.731776,25.606253],[78.732046,25.60609],[78.732386,25.605886],[78.732526,25.605802],[78.732607,25.605611],[78.733271,25.604045],[78.733529,25.603625],[78.733605,25.603501],[78.733798,25.603186],[78.734166,25.602587],[78.7343,25.602468],[78.73475,25.602068],[78.735041,25.60181],[78.73508,25.601695],[78.735314,25.601006],[78.735518,25.600843],[78.735916,25.600523],[78.737532,25.600024],[78.737852,25.599926],[78.73794,25.599864],[78.738324,25.599596],[78.738742,25.599063],[78.739582,25.597939],[78.740166,25.597456],[78.74074,25.596981],[78.740741,25.596981],[78.740746,25.596981],[78.741449,25.596987],[78.741489,25.596987],[78.741501,25.596987],[78.741738,25.59699],[78.741751,25.59699],[78.742149,25.596993],[78.742622,25.59711],[78.742716,25.597215],[78.743464,25.598053],[78.743848,25.598301],[78.743886,25.598319],[78.744251,25.598499],[78.744984,25.598599],[78.745471,25.598665],[78.745475,25.598665],[78.745668,25.598657],[78.747407,25.598582],[78.747409,25.598582],[78.747444,25.598585],[78.7487,25.598674],[78.74884,25.598699],[78.748984,25.598724],[78.749177,25.598758],[78.749273,25.598775],[78.74921,25.599758],[78.749177,25.600277],[78.749164,25.600952],[78.749336,25.601738],[78.749574,25.602237],[78.749616,25.602325],[78.749645,25.602387],[78.749808,25.602558],[78.749999,25.602759],[78.75,25.60276],[78.750005,25.602765],[78.750324,25.603037],[78.750797,25.603245],[78.751,25.603299],[78.751484,25.603426],[78.751484,25.603426],[78.751875,25.603492],[78.752147,25.603537],[78.752489,25.603594],[78.75324,25.603938],[78.75324,25.603938],[78.754563,25.604769],[78.755244,25.605795],[78.75609,25.606689],[78.756111,25.606697],[78.756692,25.60691],[78.756692,25.606911],[78.757344,25.607078],[78.757737,25.607069],[78.758977,25.606858],[78.759444,25.606806],[78.759743,25.606773],[78.760031,25.606786],[78.760241,25.606796],[78.761018,25.606851],[78.761018,25.606851],[78.763256,25.608405],[78.764579,25.609363],[78.765306,25.609806],[78.765306,25.609806],[78.766211,25.610204],[78.766211,25.610204],[78.766488,25.610272],[78.768207,25.610697],[78.769411,25.611217],[78.770611,25.611459],[78.77181,25.611702],[78.772631,25.611819],[78.773965,25.612051],[78.774533,25.611925],[78.774533,25.611925],[78.775588,25.611578],[78.777152,25.611001],[78.777152,25.611001],[78.778033,25.610916],[78.778033,25.610916],[78.778809,25.610907],[78.779456,25.611034],[78.779456,25.611034],[78.781835,25.612561],[78.782357,25.612711],[78.783701,25.612775],[78.784256,25.612613],[78.784782,25.612459],[78.785096,25.612423],[78.786868,25.612217],[78.787983,25.612019],[78.790372,25.61179],[78.791169,25.611903],[78.792078,25.612109],[78.792607,25.612229],[78.792989,25.612284],[78.793941,25.61242],[78.79633,25.613441],[78.796723,25.61382],[78.796723,25.61382],[78.796871,25.614958],[78.796972,25.61509],[78.797146,25.615318],[78.79745,25.615717],[78.797742,25.6161],[78.797986,25.616425],[78.799145,25.616909],[78.800758,25.61709],[78.802659,25.617502],[78.803575,25.617732],[78.804675,25.617954],[78.804793,25.617976],[78.806627,25.61832],[78.809608,25.619175],[78.810464,25.619451],[78.811763,25.620783],[78.811774,25.62081],[78.812099,25.621569],[78.81225,25.62192],[78.812429,25.622509],[78.812598,25.623062],[78.812598,25.623062],[78.812687,25.624061],[78.812727,25.624511],[78.812572,25.62545],[78.812481,25.625933],[78.812442,25.626145],[78.812442,25.626145],[78.811699,25.627571],[78.81153,25.628767],[78.811515,25.628875],[78.811479,25.629818],[78.811479,25.630942],[78.811479,25.630942],[78.811687,25.632079],[78.812257,25.633053],[78.812438,25.633362],[78.812438,25.633362],[78.813508,25.634089],[78.813996,25.634247],[78.815166,25.634541],[78.816126,25.635814],[78.816753,25.637182],[78.817041,25.638188],[78.817782,25.640418],[78.817782,25.640418],[78.818428,25.642522],[78.818781,25.643542],[78.819134,25.644562],[78.819403,25.645792],[78.819432,25.645924],[78.819621,25.646792],[78.819875,25.64857],[78.819865,25.648863],[78.819857,25.649108],[78.819853,25.649223],[78.819814,25.650412],[78.819978,25.651147],[78.819838,25.651624],[78.819775,25.65184],[78.819744,25.651946],[78.819305,25.652128],[78.819226,25.652161],[78.819211,25.652167],[78.819156,25.652296],[78.818593,25.653629],[78.8177,25.65552],[78.817594,25.655975],[78.817351,25.657014],[78.816713,25.659103],[78.816084,25.661161],[78.815969,25.661512],[78.815894,25.66174],[78.815758,25.662152],[78.8157,25.66233],[78.815679,25.662717],[78.815669,25.662911],[78.815655,25.663178],[78.815676,25.66331],[78.81571,25.663528],[78.815804,25.664126],[78.816396,25.665282],[78.81706,25.666087],[78.817461,25.666573],[78.817506,25.666629],[78.817654,25.666811],[78.818332,25.667647],[78.818494,25.668032],[78.818645,25.668392],[78.818645,25.668392],[78.818784,25.669205],[78.818575,25.670067],[78.818041,25.671222],[78.818041,25.671222],[78.817752,25.67218],[78.817692,25.672377],[78.817438,25.673523],[78.817438,25.673524],[78.817019,25.675144],[78.817019,25.675144],[78.816704,25.676321],[78.816704,25.676322],[78.816191,25.677025],[78.814686,25.677918],[78.814686,25.677918],[78.814379,25.67813],[78.814044,25.67836],[78.81365,25.678712],[78.813397,25.679376],[78.813287,25.679665],[78.813286,25.679668],[78.813026,25.68035],[78.812888,25.680534],[78.812503,25.681045],[78.812007,25.681377],[78.811779,25.68153],[78.810954,25.682083],[78.810151,25.682777],[78.809125,25.683075],[78.808782,25.683192],[78.807924,25.683485],[78.807772,25.683611],[78.807208,25.684078],[78.807162,25.684116],[78.807162,25.684116],[78.807155,25.684135],[78.807155,25.684136],[78.807123,25.684225],[78.806848,25.684983],[78.806929,25.685811],[78.806986,25.6864],[78.806966,25.686574],[78.806796,25.687993],[78.806083,25.689681],[78.805423,25.690632],[78.805333,25.690761],[78.80523,25.690908],[78.804989,25.691627],[78.804986,25.691635],[78.804901,25.691887],[78.804839,25.691954],[78.804532,25.69228],[78.804386,25.692399],[78.803723,25.692941],[78.803296,25.69329],[78.801642,25.694269],[78.801642,25.694269],[78.801325,25.694361],[78.799818,25.6948],[78.798284,25.695305],[78.796351,25.696171],[78.796343,25.696176],[78.795748,25.696594],[78.795568,25.696721],[78.795568,25.696721],[78.795514,25.696864],[78.795513,25.696865],[78.7953,25.697426],[78.795184,25.697732],[78.795184,25.697732],[78.79518,25.697746],[78.794924,25.698819],[78.794924,25.698819],[78.795113,25.699781],[78.795949,25.700571],[78.797548,25.701375],[78.799131,25.702039],[78.799983,25.702938],[78.800261,25.703696],[78.800261,25.704355],[78.800261,25.704355],[78.799998,25.704893],[78.799912,25.705068],[78.799164,25.7056],[78.798083,25.706011],[78.797661,25.706026],[78.796832,25.706055],[78.795318,25.705738],[78.793868,25.705602],[78.793453,25.705648],[78.792955,25.705703],[78.792942,25.705704],[78.792847,25.705714],[78.792641,25.705778],[78.792614,25.705786],[78.791686,25.70607],[78.791337,25.706124],[78.791166,25.706237],[78.790524,25.706659],[78.789713,25.707193],[78.789155,25.707608],[78.788925,25.707779],[78.788384,25.707929],[78.788272,25.707959],[78.788272,25.707959],[78.788181,25.707952],[78.788171,25.707951],[78.787126,25.707864],[78.787109,25.707868],[78.786105,25.708089],[78.784603,25.708472],[78.784455,25.70851],[78.784351,25.708536],[78.783634,25.708719],[78.782499,25.709224],[78.782467,25.709238],[78.782467,25.709238],[78.781907,25.709647],[78.781521,25.709929],[78.781301,25.71009],[78.780847,25.710622],[78.780847,25.710622],[78.780739,25.711163],[78.780739,25.711168],[78.780637,25.711678],[78.780453,25.71207],[78.780452,25.712074],[78.780287,25.712427],[78.780287,25.712427],[78.780113,25.712797],[78.780113,25.712797],[78.779799,25.713271],[78.779729,25.713309],[78.779036,25.713681],[78.779036,25.713681],[78.778443,25.713978],[78.777917,25.714258],[78.777787,25.714327],[78.777389,25.714539],[78.777172,25.714655],[78.777045,25.714806],[78.776215,25.715791],[78.775796,25.716405],[78.774784,25.717004],[78.774475,25.717114],[78.774071,25.717257],[78.773474,25.717438],[78.773134,25.71754],[78.772142,25.717932],[78.771783,25.717995],[78.771425,25.718058],[78.770663,25.71819],[78.770154,25.718278],[78.769247,25.718481],[78.767857,25.718845],[78.767704,25.718861],[78.767548,25.718878],[78.766536,25.718984],[78.764952,25.719155],[78.763925,25.719456],[78.763332,25.71993],[78.761681,25.721928],[78.760692,25.723061],[78.759893,25.723976],[78.759536,25.724386],[78.759472,25.724466],[78.759162,25.724855],[78.759091,25.724944],[78.75866,25.725484],[78.758593,25.725568],[78.758593,25.725568],[78.758491,25.72604],[78.758422,25.726363],[78.758319,25.72684],[78.758299,25.726932],[78.758299,25.726934],[78.758298,25.72694],[78.758295,25.726943],[78.758287,25.726953],[78.75727,25.728153],[78.75705,25.728394],[78.756159,25.729367],[78.756103,25.729429],[78.755778,25.730277],[78.755703,25.730471],[78.755763,25.730665],[78.755795,25.730768],[78.755917,25.731162],[78.755947,25.731257],[78.756275,25.732047],[78.756275,25.732047],[78.7562,25.732405],[78.756094,25.732918],[78.756084,25.732963],[78.755908,25.733368],[78.755871,25.733452],[78.755692,25.733863],[78.755667,25.73392],[78.755665,25.733924],[78.755661,25.733943],[78.75557,25.734444],[78.755532,25.734649],[78.755529,25.734669],[78.755479,25.73494],[78.755454,25.735075],[78.755285,25.736338],[78.755244,25.73665],[78.755181,25.736776],[78.755168,25.736803],[78.754884,25.737376],[78.75451,25.738134],[78.75451,25.738134],[78.754145,25.739095],[78.753839,25.740285],[78.753711,25.740782],[78.753635,25.74108],[78.753701,25.741792],[78.753911,25.744028],[78.753901,25.744245],[78.753768,25.747119],[78.753465,25.748331],[78.753438,25.748441],[78.752974,25.749171],[78.752961,25.749192],[78.752824,25.749407],[78.752824,25.749407],[78.752856,25.750002],[78.752893,25.750076],[78.752937,25.750084],[78.753106,25.750114],[78.75332,25.750153],[78.753659,25.750213],[78.754216,25.750313],[78.754406,25.750347],[78.754555,25.750374],[78.754597,25.750515],[78.754655,25.750705],[78.754671,25.75076],[78.754845,25.751336],[78.75483,25.751963],[78.755543,25.751984],[78.755884,25.751994],[78.755966,25.751996],[78.755939,25.752544],[78.755932,25.752693],[78.755925,25.752826],[78.756283,25.752787],[78.756675,25.752743],[78.756937,25.752736],[78.757346,25.752723],[78.757478,25.752719],[78.757673,25.752853],[78.757888,25.753],[78.757895,25.753009],[78.758202,25.753442],[78.758345,25.753734],[78.758729,25.754517],[78.758768,25.754505],[78.758791,25.754499],[78.759422,25.754314],[78.760292,25.753881],[78.760699,25.753679],[78.76106,25.753565],[78.761845,25.753319],[78.763052,25.7529],[78.763374,25.752754],[78.766367,25.751399],[78.767773,25.750741],[78.768701,25.750304],[78.769001,25.75018],[78.769058,25.75003],[78.769064,25.750015],[78.769156,25.749714],[78.769499,25.749607],[78.769746,25.749276],[78.769882,25.749093],[78.770117,25.748982],[78.770217,25.748935],[78.770381,25.748855],[78.77039,25.748851],[78.770428,25.748832],[78.770813,25.748631],[78.770831,25.749534],[78.770833,25.749632],[78.770835,25.749766],[78.771245,25.74993],[78.771399,25.749992],[78.771422,25.750002],[78.77146,25.750017],[78.771639,25.750356],[78.771671,25.751016],[78.771695,25.751516],[78.771806,25.751749],[78.771846,25.751834],[78.772008,25.752175],[78.772431,25.75291],[78.77259,25.753187],[78.773173,25.754392],[78.773561,25.755268],[78.773532,25.755301],[78.773349,25.755513],[78.772992,25.755927],[78.772977,25.755944],[78.772544,25.756358],[78.772458,25.756441],[78.77237,25.756622],[78.772079,25.757217],[78.772218,25.757569],[78.772365,25.757774],[78.772594,25.758095],[78.772785,25.758362],[78.77296,25.758607],[78.773354,25.758901],[78.773599,25.759084],[78.773672,25.759138],[78.77389,25.7593],[78.773985,25.759371],[78.774215,25.759542],[78.774215,25.759542],[78.774219,25.759542],[78.774242,25.75954],[78.774468,25.759523],[78.774569,25.759515],[78.774601,25.759525],[78.774927,25.759624],[78.774973,25.759631],[78.775281,25.759678],[78.775482,25.759726],[78.775725,25.759783],[78.775824,25.759783],[78.775824,25.759783],[78.775917,25.759783],[78.776095,25.759783],[78.776167,25.759783],[78.776283,25.759783],[78.776301,25.759777],[78.776672,25.759652],[78.776744,25.759518],[78.776816,25.759383],[78.776817,25.759382],[78.776889,25.759306],[78.776966,25.759224],[78.777029,25.759224],[78.777095,25.759224],[78.777141,25.759224],[78.7773,25.759235],[78.777529,25.759251],[78.777824,25.759143],[78.77789,25.759044],[78.778048,25.758805],[78.778296,25.758486],[78.778637,25.758047],[78.778826,25.757871],[78.77884,25.757881],[78.778983,25.75798],[78.779085,25.758052],[78.779438,25.758177],[78.779454,25.758183],[78.779818,25.758224],[78.780246,25.758319],[78.780964,25.758333],[78.781487,25.758311],[78.782125,25.758374],[78.782434,25.758429],[78.782448,25.75843],[78.782509,25.758438],[78.782883,25.758483],[78.782904,25.758507],[78.782987,25.758603],[78.783426,25.759106],[78.783267,25.759768],[78.783241,25.759878],[78.783366,25.760026],[78.783729,25.760456],[78.783805,25.760544],[78.784341,25.761169],[78.784704,25.761641],[78.785118,25.762181],[78.785785,25.763287],[78.785925,25.763689],[78.785949,25.763759],[78.786282,25.764718],[78.786301,25.764817],[78.786307,25.764846],[78.786478,25.765739],[78.78648,25.76575],[78.786521,25.765964],[78.786514,25.766025],[78.786435,25.766695],[78.786427,25.766754],[78.78638,25.767078],[78.785996,25.767165],[78.785887,25.76719],[78.785822,25.767204],[78.785844,25.767408],[78.785886,25.7678],[78.785871,25.768536],[78.785963,25.769193],[78.78597,25.769245],[78.786117,25.769435],[78.786921,25.770482],[78.787384,25.771322],[78.787986,25.772351],[78.788092,25.772487],[78.788186,25.772609],[78.788368,25.772845],[78.788543,25.773071],[78.788559,25.773091],[78.78962,25.774013],[78.789972,25.774309],[78.790185,25.774489],[78.790691,25.774916],[78.791143,25.775501],[78.791378,25.775806],[78.791382,25.776051],[78.791388,25.77655],[78.791549,25.776893],[78.791637,25.777078],[78.791841,25.777504],[78.79193,25.777687],[78.791953,25.777734],[78.79198,25.777792],[78.792011,25.777914],[78.792015,25.777932],[78.792053,25.77808],[78.792134,25.778406],[78.792635,25.779025],[78.792652,25.779047],[78.792866,25.779398],[78.792996,25.779611],[78.793439,25.780844],[78.793455,25.780871],[78.793893,25.781604],[78.794335,25.782342],[78.794788,25.783077],[78.79506,25.783519],[78.795117,25.783611],[78.795336,25.784058],[78.795595,25.784049],[78.795937,25.784116],[78.795996,25.784128],[78.796083,25.784145],[78.796104,25.784149],[78.796402,25.784352],[78.796641,25.784912],[78.797064,25.786076],[78.797466,25.786897],[78.797776,25.78753],[78.79785,25.788383],[78.797894,25.788389],[78.798017,25.788405],[78.798478,25.788468],[78.798793,25.78851],[78.798839,25.788604],[78.798896,25.78872],[78.799287,25.789515],[78.79943,25.789806],[78.799751,25.78975],[78.799756,25.789749],[78.799806,25.78974],[78.799924,25.78972],[78.800078,25.789982],[78.800221,25.790124],[78.800316,25.790219],[78.800985,25.790885],[78.801121,25.79098],[78.801448,25.791206],[78.801698,25.791265],[78.802027,25.791344],[78.802151,25.791373],[78.802228,25.79149],[78.802465,25.791847],[78.802918,25.792082],[78.80308,25.79253],[78.803125,25.792655],[78.803276,25.793074],[78.803376,25.793351],[78.803516,25.793703],[78.803669,25.793851],[78.804149,25.794315],[78.804652,25.7948],[78.805115,25.795193],[78.805773,25.796172],[78.806321,25.79694],[78.806928,25.798064],[78.807164,25.798457],[78.807486,25.798994],[78.807443,25.799077],[78.807271,25.799405],[78.808208,25.800849],[78.808288,25.800971],[78.809759,25.800353],[78.810906,25.799931],[78.811719,25.799632],[78.813399,25.799222],[78.814156,25.800468],[78.814188,25.800457],[78.814704,25.800277],[78.816105,25.799789],[78.817053,25.799458],[78.818451,25.798623],[78.818524,25.798579],[78.819163,25.798268],[78.820375,25.797826],[78.820619,25.797733],[78.821095,25.797553],[78.822589,25.796987],[78.823661,25.796735],[78.824568,25.796604],[78.825208,25.796478],[78.826094,25.796302],[78.826946,25.796006],[78.82739,25.795852],[78.828098,25.795768],[78.828551,25.795715],[78.828617,25.795708],[78.828633,25.795873],[78.828726,25.796807],[78.828766,25.797211],[78.828875,25.798014],[78.82895,25.798409],[78.829273,25.800104],[78.829437,25.800605],[78.829945,25.801981],[78.829952,25.801996],[78.829955,25.802001],[78.830364,25.802812],[78.830464,25.80306],[78.830613,25.80343],[78.830952,25.80445],[78.830972,25.804509],[78.831395,25.805746],[78.831634,25.80673],[78.832596,25.808513],[78.833303,25.809619],[78.831172,25.81102],[78.830765,25.811288],[78.830031,25.81275],[78.829467,25.813409],[78.82831,25.814338],[78.827552,25.814672],[78.82725,25.814717],[78.827242,25.814718],[78.825912,25.814915],[78.825154,25.814933],[78.824301,25.814924],[78.823683,25.814955],[78.823792,25.815442],[78.822526,25.815523],[78.822475,25.81553],[78.821648,25.815649],[78.820456,25.815744],[78.819938,25.814737],[78.81934,25.814042],[78.818647,25.81294],[78.81807,25.8115],[78.817073,25.810493],[78.816714,25.809306],[78.815135,25.807947],[78.814312,25.80704],[78.814212,25.807071],[78.813478,25.807298],[78.812612,25.807567],[78.812538,25.807575],[78.81145,25.807693],[78.811447,25.807935],[78.811445,25.808139],[78.811445,25.808141],[78.811442,25.808401],[78.811442,25.808404],[78.811442,25.808412],[78.811432,25.809353],[78.81143,25.809514],[78.81143,25.809516],[78.811429,25.809597],[78.811082,25.809638],[78.811072,25.809639],[78.81018,25.809744],[78.809904,25.809776],[78.809622,25.809809],[78.8092,25.80989],[78.809233,25.810112],[78.809257,25.810274],[78.809257,25.810276],[78.809384,25.81114],[78.808928,25.811392],[78.808926,25.811393],[78.808486,25.811636],[78.80848,25.811892],[78.80848,25.811894],[78.808476,25.812069],[78.808056,25.812297],[78.808056,25.812297],[78.807703,25.812489],[78.806266,25.813093],[78.806349,25.813351],[78.806349,25.813353],[78.80661,25.814172],[78.807382,25.815242],[78.807616,25.815941],[78.807747,25.816741],[78.807747,25.816743],[78.80775,25.81676],[78.807765,25.816853],[78.808712,25.816757],[78.808715,25.816756],[78.80917,25.81671],[78.809396,25.816687],[78.809502,25.816996],[78.80955,25.817138],[78.810105,25.816981],[78.810378,25.816904],[78.812172,25.818918],[78.814873,25.822362],[78.815142,25.822773],[78.815412,25.823186],[78.815568,25.823425],[78.815607,25.823483],[78.815715,25.823649],[78.815736,25.823678],[78.815862,25.823852],[78.816174,25.824285],[78.818265,25.828653],[78.818435,25.829007],[78.819574,25.828681],[78.819597,25.828674],[78.820049,25.828552],[78.820524,25.828424],[78.821019,25.828291],[78.822111,25.827998],[78.824271,25.827385],[78.825303,25.827005],[78.826205,25.826674],[78.826296,25.826641],[78.82857,25.825635],[78.829049,25.825468],[78.829215,25.825428],[78.829595,25.825335],[78.830086,25.825216],[78.830919,25.82492],[78.830922,25.824919],[78.830973,25.824901],[78.830975,25.8249],[78.831383,25.824756],[78.831577,25.825178],[78.831578,25.82518],[78.831652,25.825343],[78.831845,25.825077],[78.831847,25.825074],[78.831956,25.824923],[78.832709,25.824475],[78.832844,25.824395],[78.833113,25.824371],[78.833946,25.824296],[78.834224,25.824222],[78.834586,25.824125],[78.835828,25.823792],[78.836507,25.823611],[78.836759,25.823543],[78.83949,25.822894],[78.839661,25.822853],[78.839665,25.822852],[78.840141,25.822739],[78.840144,25.822738],[78.840781,25.822587],[78.84222,25.822245],[78.842392,25.822208],[78.842493,25.822187],[78.842497,25.822186],[78.843491,25.821977],[78.84351,25.821973],[78.843518,25.821972],[78.843988,25.821873],[78.843993,25.821872],[78.844172,25.821834],[78.844738,25.821715],[78.845551,25.821555],[78.84528,25.820805],[78.845078,25.820246],[78.845198,25.820196],[78.84542,25.820104],[78.845578,25.820038],[78.845826,25.819935],[78.84625,25.819628],[78.84629,25.819533],[78.846065,25.81914],[78.845816,25.818797],[78.845741,25.81859],[78.845833,25.818537],[78.845834,25.818537],[78.845891,25.818504],[78.845943,25.818544],[78.846068,25.818639],[78.84611,25.818671],[78.846155,25.818688],[78.846379,25.818771],[78.846499,25.818816],[78.846574,25.818783],[78.846726,25.818715],[78.846734,25.818712],[78.846734,25.818711],[78.846869,25.818541],[78.846873,25.818536],[78.846873,25.818387],[78.846759,25.818233],[78.846494,25.818057],[78.846494,25.818057],[78.846475,25.818044],[78.846335,25.817841],[78.846342,25.817838],[78.846344,25.817837],[78.846574,25.81775],[78.847058,25.817809],[78.847407,25.817633],[78.847547,25.817331],[78.847427,25.81697],[78.847158,25.81663],[78.847148,25.816618],[78.847068,25.816035],[78.847243,25.81572],[78.847363,25.815611],[78.847592,25.815495],[78.847797,25.81539],[78.847956,25.815174],[78.847817,25.814916],[78.847418,25.814645],[78.846974,25.814302],[78.84668,25.813955],[78.846639,25.813785],[78.846625,25.813723],[78.846616,25.813687],[78.846725,25.813644],[78.84687,25.813588],[78.847035,25.813475],[78.84706,25.813384],[78.847038,25.813335],[78.84698,25.813204],[78.846891,25.81312],[78.84687,25.8131],[78.846561,25.812917],[78.846336,25.812777],[78.846202,25.812567],[78.846206,25.812548],[78.846222,25.812472],[78.846247,25.812348],[78.846431,25.812095],[78.84678,25.811838],[78.84681,25.811563],[78.846511,25.811445],[78.846237,25.811427],[78.846116,25.811464],[78.845913,25.811526],[78.845831,25.811509],[78.845718,25.811486],[78.845643,25.811359],[78.845783,25.811233],[78.846097,25.811093],[78.846237,25.810958],[78.846347,25.810791],[78.846272,25.810615],[78.846019,25.810471],[78.845889,25.810396],[78.845739,25.810214],[78.845475,25.809904],[78.84545,25.809877],[78.845329,25.809741],[78.845241,25.809643],[78.845261,25.809191],[78.845524,25.808818],[78.84546,25.808417],[78.845525,25.808056],[78.845715,25.807639],[78.845774,25.80751],[78.84584,25.807418],[78.846026,25.807371],[78.846085,25.807356],[78.846109,25.80735],[78.846125,25.807314],[78.846143,25.807276],[78.846184,25.807188],[78.846074,25.806957],[78.845625,25.806628],[78.8455,25.806546],[78.844841,25.806116],[78.844733,25.806045],[78.84474,25.806008],[78.844877,25.805289],[78.845311,25.805479],[78.845764,25.805515],[78.846004,25.805406],[78.846004,25.805194],[78.84572,25.805036],[78.845017,25.804806],[78.844777,25.804562],[78.844788,25.804506],[78.844822,25.804328],[78.845221,25.804328],[78.845416,25.804228],[78.845416,25.804132],[78.845416,25.803985],[78.845665,25.803727],[78.846079,25.803691],[78.846227,25.803684],[78.846358,25.803677],[78.846702,25.80366],[78.847246,25.803651],[78.847525,25.80334],[78.847485,25.80315],[78.847485,25.80315],[78.847311,25.803123],[78.847007,25.803258],[78.846653,25.803475],[78.846008,25.803569],[78.84585,25.803592],[78.845072,25.8037],[78.845049,25.803695],[78.844814,25.803641],[78.844643,25.803601],[78.844653,25.80342],[78.844858,25.803204],[78.844962,25.803189],[78.845025,25.803181],[78.845217,25.803154],[78.845395,25.803194],[78.845561,25.803231],[78.845943,25.803304],[78.845985,25.803312],[78.846079,25.80333],[78.846338,25.80329],[78.846413,25.803258],[78.846857,25.803069],[78.847386,25.802716],[78.847428,25.802688],[78.847445,25.802676],[78.84753,25.802536],[78.847336,25.802509],[78.846957,25.802559],[78.84662,25.80252],[78.846523,25.802509],[78.846338,25.802367],[78.846329,25.80236],[78.846209,25.802017],[78.846187,25.801905],[78.846134,25.801638],[78.845998,25.801447],[78.84581,25.801187],[78.8458,25.80102],[78.84595,25.800776],[78.846129,25.800679],[78.84651,25.800471],[78.846629,25.800406],[78.846678,25.800379],[78.846867,25.800231],[78.846957,25.80016],[78.847202,25.799968],[78.847314,25.799923],[78.847526,25.799837],[78.847944,25.799848],[78.848054,25.799851],[78.848086,25.79984],[78.848628,25.799653],[78.849082,25.79935],[78.849366,25.799016],[78.849393,25.798996],[78.850198,25.798398],[78.850608,25.798075],[78.851211,25.797598],[78.851281,25.797491],[78.8514,25.79722],[78.851494,25.796913],[78.85152,25.796828],[78.851695,25.796701],[78.852063,25.796575],[78.852243,25.796476],[78.852677,25.796183],[78.853285,25.79579],[78.853437,25.795746],[78.853629,25.795691],[78.854267,25.795655],[78.854395,25.795618],[78.85475,25.795517],[78.854885,25.795479],[78.855534,25.795163],[78.85561,25.795083],[78.855943,25.794734],[78.856332,25.794299],[78.856496,25.794116],[78.856583,25.793903],[78.85681,25.793344],[78.857055,25.792433],[78.857148,25.791815],[78.857348,25.791801],[78.857359,25.7918],[78.857598,25.791783],[78.85779,25.79177],[78.858017,25.791755],[78.858471,25.791724],[78.86043,25.79158],[78.861127,25.791498],[78.86128,25.79148],[78.861766,25.791422],[78.862123,25.791299],[78.86215,25.791289],[78.862963,25.791009],[78.862977,25.791004],[78.863636,25.790777],[78.863661,25.790854],[78.863803,25.791289],[78.86411,25.792229],[78.864252,25.792662],[78.864312,25.792845],[78.864388,25.793079],[78.864521,25.79304],[78.86453,25.793037],[78.865719,25.792686],[78.865917,25.793149],[78.865924,25.793165],[78.866431,25.793186],[78.86708,25.793214],[78.867081,25.793216],[78.867878,25.795457],[78.868765,25.796482],[78.869518,25.797944],[78.868816,25.798051],[78.868601,25.798084],[78.868687,25.798216],[78.869417,25.799339],[78.869767,25.799876],[78.870251,25.801036],[78.870364,25.801308],[78.87039,25.80137],[78.870468,25.80137],[78.871333,25.801374],[78.871641,25.801375],[78.871853,25.801376],[78.871907,25.801377],[78.872444,25.801379],[78.872448,25.801412],[78.872544,25.802273],[78.872684,25.80536],[78.872808,25.80832],[78.872769,25.808333],[78.872625,25.808378],[78.871567,25.808713],[78.869966,25.809033],[78.869967,25.809038],[78.869982,25.809177],[78.870196,25.811064],[78.870195,25.812075],[78.870467,25.812334],[78.870485,25.812351],[78.870594,25.813172],[78.870658,25.813432],[78.871091,25.815215],[78.871153,25.815469],[78.870365,25.815555],[78.870614,25.816792],[78.870694,25.816792],[78.871108,25.816792],[78.871123,25.816819],[78.872604,25.819459],[78.872799,25.81978],[78.873585,25.821069],[78.874244,25.822149],[78.873832,25.822183],[78.873651,25.822199],[78.873082,25.822379],[78.87377,25.823327],[78.87398,25.823616],[78.873633,25.823616],[78.873491,25.823616],[78.873395,25.824109],[78.873322,25.824487],[78.873233,25.826864],[78.873232,25.826888],[78.873185,25.826892],[78.872828,25.82692],[78.872499,25.826947],[78.87251,25.827142],[78.872564,25.828034],[78.872073,25.828093],[78.871925,25.828111],[78.87202,25.828774],[78.872035,25.828883],[78.872219,25.830864],[78.872424,25.832195],[78.872578,25.835093],[78.872047,25.835139],[78.872024,25.835141],[78.8718,25.835161],[78.871722,25.835171],[78.870459,25.835337],[78.868953,25.835711],[78.868917,25.835723],[78.867736,25.836131],[78.866869,25.836195],[78.866818,25.836198],[78.866518,25.836188],[78.865442,25.836149],[78.864395,25.835954],[78.864338,25.835944],[78.8643,25.835937],[78.86414,25.8366],[78.86392,25.837715],[78.863832,25.837953],[78.863197,25.839673],[78.862396,25.841804],[78.862364,25.841889],[78.862142,25.842593],[78.862095,25.842742],[78.861758,25.842641],[78.860763,25.842341],[78.857915,25.841519],[78.857894,25.841509],[78.857022,25.84111],[78.855332,25.840336],[78.853916,25.83946],[78.852509,25.838788],[78.851643,25.838532],[78.851407,25.838462],[78.851405,25.838535],[78.851401,25.838623],[78.851352,25.83997],[78.851327,25.841536],[78.851511,25.843043],[78.851531,25.843163],[78.851641,25.84382],[78.85165,25.843986],[78.851673,25.844368],[78.85177,25.846022],[78.851769,25.846023],[78.851336,25.847038],[78.851355,25.848364],[78.851246,25.848954],[78.851001,25.850283],[78.850682,25.851622],[78.850646,25.851772],[78.850622,25.851999],[78.850603,25.852172],[78.850601,25.852183],[78.851014,25.853365],[78.851164,25.853797],[78.851277,25.85412],[78.851314,25.854227],[78.852258,25.856318],[78.852406,25.856646],[78.852547,25.856849],[78.852729,25.857113],[78.853738,25.858569],[78.855486,25.860659],[78.855586,25.860778],[78.855653,25.860858],[78.856242,25.861343],[78.857151,25.862091],[78.857798,25.862623],[78.858528,25.863167],[78.859538,25.863918],[78.860206,25.864434],[78.860765,25.864866],[78.861953,25.865557],[78.862037,25.86596],[78.862242,25.866938],[78.862306,25.867425],[78.862581,25.868382],[78.862927,25.868867],[78.862959,25.868912],[78.863274,25.869352],[78.863641,25.86982],[78.863848,25.870084],[78.864042,25.870454],[78.864017,25.870711],[78.863987,25.871018],[78.864027,25.871293],[78.864112,25.871406],[78.864366,25.871486],[78.864376,25.871489],[78.864471,25.871519],[78.864642,25.871616],[78.864845,25.871731],[78.865349,25.871794],[78.866189,25.871794],[78.866202,25.871794],[78.867019,25.871829],[78.867045,25.87183],[78.867104,25.87185],[78.867814,25.872088],[78.868846,25.872459],[78.868881,25.872471],[78.869262,25.872632],[78.869286,25.872643],[78.869415,25.872697],[78.869456,25.872731],[78.870253,25.873374],[78.872039,25.87462],[78.872283,25.874744],[78.873008,25.875114],[78.873057,25.875139],[78.874204,25.875509],[78.875516,25.875717],[78.876215,25.875879],[78.876243,25.875845],[78.876983,25.874976],[78.877197,25.874669],[78.877467,25.874516],[78.877821,25.874313],[78.879163,25.873681],[78.880734,25.873004],[78.881697,25.872426],[78.882486,25.871795],[78.884102,25.870476],[78.884308,25.870351],[78.885443,25.869659],[78.885538,25.869601],[78.88567,25.869521],[78.886855,25.86881],[78.887282,25.868553],[78.887379,25.868495],[78.888427,25.870819],[78.889086,25.872019],[78.889475,25.873008],[78.890134,25.874506],[78.890284,25.875248],[78.890418,25.875905],[78.890553,25.876343],[78.891047,25.877945],[78.891481,25.8791],[78.891543,25.879455],[78.891681,25.880242],[78.88988,25.881005],[78.888398,25.881876],[78.886722,25.882915],[78.886797,25.883813],[78.886802,25.883837],[78.886982,25.884711],[78.887402,25.885373],[78.887715,25.885866],[78.888076,25.886489],[78.888464,25.887157],[78.888533,25.887237],[78.888978,25.887753],[78.889307,25.888195],[78.889846,25.888813],[78.890784,25.889774],[78.891383,25.890429],[78.891977,25.891349],[78.892366,25.892338],[78.892505,25.892917],[78.892583,25.893241],[78.892681,25.893651],[78.892898,25.893607],[78.893747,25.893435],[78.894043,25.893375],[78.894682,25.894472],[78.894796,25.895083],[78.894812,25.895167],[78.893295,25.896097],[78.892282,25.896603],[78.891154,25.897153],[78.890671,25.897862],[78.890356,25.89881],[78.890002,25.900024],[78.889708,25.900854],[78.889549,25.901653],[78.889532,25.901735],[78.889394,25.902429],[78.889264,25.902633],[78.888451,25.904221],[78.887393,25.905589],[78.887044,25.906343],[78.88656,25.906875],[78.886182,25.907185],[78.885966,25.907363],[78.885617,25.907403],[78.885047,25.907389],[78.884906,25.907386],[78.884893,25.907385],[78.884324,25.907835],[78.88419,25.907941],[78.883805,25.908396],[78.883561,25.908685],[78.883366,25.90901],[78.88336,25.909108],[78.883359,25.909129],[78.883349,25.909292],[78.883341,25.909425],[78.883361,25.909448],[78.883481,25.910098],[78.883751,25.910987],[78.883915,25.911912],[78.884165,25.913027],[78.884344,25.913368],[78.884639,25.91393],[78.885059,25.91436],[78.885373,25.914683],[78.885497,25.9148],[78.885664,25.914958],[78.886067,25.915337],[78.886411,25.91517],[78.887289,25.914593],[78.887293,25.914594],[78.887838,25.914742],[78.890573,25.915608],[78.890729,25.915638],[78.891233,25.915737],[78.892019,25.91589],[78.892075,25.915901],[78.892517,25.916007],[78.894291,25.916433],[78.895449,25.916749],[78.896931,25.917245],[78.897643,25.917544],[78.897764,25.917595],[78.897917,25.917659],[78.898588,25.91794],[78.899108,25.918409],[78.899362,25.918718],[78.899502,25.918888],[78.900191,25.919795],[78.90068,25.920472],[78.900841,25.920722],[78.901223,25.92132],[78.901284,25.921415],[78.901481,25.921669],[78.901738,25.922001],[78.902482,25.922796],[78.902511,25.922817],[78.903202,25.923336],[78.903266,25.923384],[78.904622,25.924402],[78.904664,25.924433],[78.905293,25.92502],[78.905662,25.925616],[78.905707,25.925873],[78.905707,25.925876],[78.905543,25.927254],[78.905432,25.927871],[78.905393,25.928084],[78.905393,25.928559],[78.905393,25.928685],[78.905758,25.929529],[78.906482,25.930187],[78.907108,25.930476],[78.90752,25.930666],[78.908351,25.930771],[78.908509,25.930791],[78.908542,25.930795],[78.908583,25.930801],[78.908716,25.930844],[78.908918,25.930909],[78.909687,25.931532],[78.909685,25.931535],[78.908874,25.932818],[78.908594,25.933472],[78.908289,25.934385],[78.90825,25.934502],[78.908251,25.934502],[78.908265,25.934509],[78.909603,25.935156],[78.910666,25.93585],[78.912149,25.936604],[78.91238,25.936712],[78.912918,25.936965],[78.915693,25.937975],[78.915921,25.938225],[78.916083,25.938403],[78.916091,25.938431],[78.916248,25.938949],[78.916293,25.939098],[78.916378,25.93959],[78.916712,25.940046],[78.917406,25.940244],[78.918957,25.940431],[78.919683,25.940519],[78.920776,25.940537],[78.921545,25.940654],[78.921812,25.940846],[78.921954,25.940947],[78.922052,25.941075],[78.922839,25.942098],[78.923827,25.943383],[78.924175,25.943924],[78.924376,25.944236],[78.924847,25.944797],[78.92573,25.945847],[78.926176,25.946294],[78.926597,25.946715],[78.926649,25.946767],[78.92673,25.946815],[78.927478,25.947255],[78.928561,25.947548],[78.930133,25.947624],[78.931512,25.947638],[78.93207,25.947447],[78.932843,25.946717],[78.932864,25.946697],[78.933263,25.946205],[78.933412,25.945686],[78.933538,25.94527],[78.933579,25.945136],[78.933651,25.944896],[78.933876,25.944527],[78.934235,25.943935],[78.934992,25.942996],[78.935746,25.942061],[78.935758,25.942048],[78.936091,25.941672],[78.936426,25.941568],[78.936885,25.941622],[78.937559,25.94182],[78.937855,25.941988],[78.938188,25.942176],[78.93856,25.942373],[78.938956,25.942687],[78.938956,25.942687],[78.938956,25.942687],[78.939141,25.943256],[78.939002,25.944005],[78.938853,25.944271],[78.938623,25.944429],[78.938428,25.944447],[78.938405,25.944443],[78.938048,25.944381],[78.938034,25.944381],[78.937539,25.944367],[78.937191,25.944441],[78.936924,25.944604],[78.936906,25.944615],[78.93665,25.944844],[78.936588,25.9449],[78.936452,25.945021],[78.935184,25.945943],[78.934112,25.946823],[78.933683,25.947518],[78.933294,25.948182],[78.933309,25.94845],[78.933314,25.948534],[78.933738,25.949288],[78.934488,25.950407],[78.934928,25.950868],[78.935292,25.95125],[78.935295,25.951253],[78.935495,25.951419],[78.935732,25.951616],[78.936098,25.951919],[78.936676,25.9524],[78.936747,25.952459],[78.9371,25.952752],[78.9371,25.952752],[78.937105,25.952757],[78.937107,25.952755],[78.939455,25.951131],[78.941342,25.951108],[78.943808,25.950854],[78.947627,25.950166],[78.94866,25.949877],[78.951444,25.947646],[78.952421,25.947003],[78.952587,25.946878],[78.952946,25.946658],[78.954099,25.945952],[78.95645,25.94444],[78.956888,25.944158],[78.957504,25.943762],[78.958774,25.942943],[78.961024,25.94138],[78.961837,25.940852],[78.962955,25.939958],[78.963315,25.939677],[78.963878,25.939239],[78.964329,25.938955],[78.964551,25.938815],[78.965235,25.938363],[78.966514,25.937404],[78.967,25.93704],[78.968022,25.936339],[78.968682,25.935888],[78.969051,25.935675],[78.969551,25.937394],[78.970336,25.938242],[78.97098,25.938892],[78.971715,25.940092],[78.972779,25.941382],[78.973758,25.942365],[78.975013,25.943826],[78.976095,25.945176],[78.976112,25.945198],[78.977251,25.946614],[78.977963,25.946255],[78.979063,25.945701],[78.979775,25.945345],[78.9805,25.944983],[78.982201,25.944241],[78.982658,25.944108],[78.983304,25.94392],[78.984172,25.943653],[78.985969,25.943069],[78.987655,25.942355],[78.988524,25.94198],[78.989447,25.941492],[78.990404,25.941017],[78.990968,25.94074],[78.991308,25.940574],[78.991587,25.940975],[78.993038,25.940306],[78.993813,25.939949],[78.993773,25.939861],[78.993593,25.939466],[78.994284,25.939121],[78.99683,25.937848],[78.997059,25.93759],[78.997274,25.937347],[78.998589,25.93656],[79.000434,25.935578],[79.001697,25.935096],[79.00356,25.934127],[79.005103,25.933244],[79.005798,25.932843],[79.005927,25.932829],[79.006052,25.932816],[79.00725,25.933331],[79.009235,25.934105],[79.011834,25.935533],[79.012872,25.93585],[79.013536,25.936162],[79.013661,25.936333],[79.013695,25.936532],[79.01379,25.936816],[79.013915,25.936961],[79.016688,25.938448],[79.018609,25.939645],[79.019003,25.939844],[79.019223,25.939961],[79.019413,25.939876],[79.020266,25.939475],[79.022944,25.937681],[79.024492,25.936341],[79.025376,25.935854],[79.026354,25.935629],[79.026539,25.935684],[79.026668,25.936144],[79.026918,25.936568],[79.027077,25.93674],[79.027551,25.936885],[79.028135,25.936772],[79.028545,25.936457],[79.02867,25.936344],[79.028954,25.936403],[79.029807,25.937058],[79.029962,25.937202],[79.030027,25.937229],[79.030341,25.937058],[79.030781,25.93686],[79.03119,25.936887],[79.031509,25.937145],[79.032263,25.937087],[79.035418,25.936917],[79.03737,25.936575],[79.037724,25.936453],[79.038613,25.936147],[79.039122,25.935719],[79.039342,25.935606],[79.039657,25.935493],[79.039811,25.935435],[79.039971,25.935381],[79.040066,25.935322],[79.040001,25.935151],[79.039942,25.934893],[79.039907,25.934668],[79.039972,25.93455],[79.040696,25.934154],[79.041989,25.933441],[79.042463,25.933184],[79.042558,25.932954],[79.042529,25.932697],[79.042529,25.932584],[79.042718,25.932584],[79.042873,25.93253],[79.043063,25.932499],[79.043188,25.932413],[79.043188,25.932273],[79.043188,25.93207],[79.043128,25.931898],[79.043318,25.931758],[79.044122,25.931159],[79.044626,25.930617],[79.044881,25.930162],[79.044846,25.929936],[79.044752,25.929792],[79.044752,25.929733],[79.045351,25.92939],[79.04589,25.929251],[79.046299,25.929192],[79.046359,25.929106],[79.04633,25.928935],[79.046205,25.928736],[79.046205,25.928538],[79.046395,25.928538],[79.047148,25.928479],[79.048381,25.928051],[79.049154,25.927767],[79.049924,25.927484],[79.051122,25.927168],[79.052574,25.927255],[79.054861,25.926859],[79.05505,25.9268],[79.05524,25.926742],[79.055554,25.926629],[79.055709,25.926484],[79.055744,25.926345],[79.055745,25.926087],[79.05571,25.92583],[79.055806,25.925686],[79.0559,25.925546],[79.056344,25.925348],[79.060442,25.923923],[79.063153,25.922922],[79.065913,25.922012],[79.068464,25.921241],[79.068873,25.921183],[79.069033,25.921413],[79.069187,25.921612],[79.069412,25.921643],[79.070859,25.921301],[79.071008,25.921272],[79.073475,25.920787],[79.077937,25.919845],[79.081531,25.919219],[79.08213,25.919048],[79.08219,25.919035],[79.082254,25.919021],[79.082379,25.918967],[79.082364,25.918768],[79.082394,25.917911],[79.082554,25.917739],[79.083877,25.917257],[79.084351,25.917085],[79.083813,25.915203],[79.083374,25.913718],[79.081943,25.91078],[79.080901,25.907927],[79.080069,25.905359],[79.07969,25.904704],[79.07953,25.904618],[79.078741,25.904645],[79.077673,25.905132],[79.077169,25.905444],[79.07685,25.905556],[79.076505,25.905588],[79.075782,25.905615],[79.075023,25.905727],[79.074394,25.90593],[79.073825,25.906241],[79.073541,25.906268],[79.072658,25.9063],[79.071779,25.906412],[79.070721,25.906782],[79.068231,25.907065],[79.068034,25.907065],[79.067696,25.907065],[79.067448,25.907065],[79.067033,25.907011],[79.066689,25.906753],[79.0665,25.906582],[79.066405,25.906523],[79.066026,25.906608],[79.065397,25.906865],[79.065207,25.906807],[79.065053,25.906667],[79.064863,25.906324],[79.064674,25.906066],[79.064419,25.905868],[79.061869,25.906038],[79.060781,25.906065],[79.059743,25.906493],[79.058735,25.90712],[79.058101,25.907435],[79.057756,25.907575],[79.057662,25.907435],[79.057442,25.907119],[79.057218,25.907146],[79.056494,25.907489],[79.056114,25.907606],[79.0558,25.90752],[79.055626,25.907374],[79.055456,25.907231],[79.055047,25.906721],[79.054573,25.90612],[79.054225,25.905236],[79.054041,25.903981],[79.053969,25.903819],[79.053851,25.903552],[79.053757,25.903268],[79.053912,25.902866],[79.054606,25.902013],[79.054511,25.901842],[79.054008,25.900813],[79.054562,25.900384],[79.054468,25.899472],[79.053965,25.897333],[79.054748,25.897017],[79.054813,25.896963],[79.054843,25.896792],[79.054405,25.89528],[79.05442,25.894882],[79.05445,25.894594],[79.054895,25.893939],[79.0548,25.893596],[79.053728,25.89277],[79.052626,25.892228],[79.052057,25.892196],[79.051417,25.892592],[79.049661,25.89368],[79.046481,25.89579],[79.044964,25.896588],[79.044949,25.896733],[79.045263,25.897189],[79.045607,25.897699],[79.045422,25.898186],[79.045421,25.898556],[79.045576,25.898786],[79.046583,25.899757],[79.046803,25.899956],[79.046346,25.900176],[79.046269,25.900213],[79.045101,25.900325],[79.043843,25.900297],[79.043434,25.900067],[79.042836,25.899611],[79.041603,25.899953],[79.039557,25.900466],[79.037665,25.901291],[79.03486,25.902689],[79.031431,25.904031],[79.029517,25.901232],[79.028669,25.899918],[79.02864,25.899805],[79.029932,25.899517],[79.031065,25.899121],[79.031854,25.898607],[79.032074,25.898323],[79.031855,25.897609],[79.031526,25.897068],[79.031491,25.896896],[79.031556,25.896725],[79.03203,25.896242],[79.031841,25.895813],[79.031622,25.895556],[79.031587,25.895325],[79.032091,25.894987],[79.033289,25.894275],[79.033384,25.894045],[79.033101,25.892962],[79.032692,25.892018],[79.031606,25.890618],[79.031481,25.890221],[79.032016,25.889851],[79.033118,25.889536],[79.033059,25.889225],[79.032994,25.888823],[79.033089,25.888683],[79.033753,25.888625],[79.034287,25.888368],[79.034317,25.888169],[79.034128,25.887397],[79.033719,25.886797],[79.032946,25.886025],[79.032947,25.885853],[79.034429,25.885313],[79.035941,25.884632],[79.036575,25.884429],[79.036416,25.884059],[79.036226,25.883576],[79.036256,25.883377],[79.036731,25.88289],[79.03727,25.882692],[79.037614,25.882665],[79.038053,25.882693],[79.038307,25.882693],[79.038372,25.882463],[79.038089,25.881921],[79.038104,25.881722],[79.038767,25.881637],[79.039426,25.881809],[79.039869,25.882721],[79.041067,25.88195],[79.041915,25.881607],[79.042105,25.881151],[79.04236,25.880556],[79.042515,25.880267],[79.042864,25.879983],[79.043339,25.879356],[79.043434,25.878444],[79.043276,25.876589],[79.042379,25.874562],[79.04216,25.873538],[79.041847,25.872454],[79.041593,25.871881],[79.04106,25.87128],[79.038966,25.868995],[79.038557,25.868625],[79.038368,25.868426],[79.038463,25.868228],[79.040923,25.866686],[79.043224,25.865261],[79.046453,25.863354],[79.049986,25.861415],[79.053449,25.85962],[79.058443,25.857998],[79.061067,25.857272],[79.06175,25.857083],[79.06399,25.856317],[79.064794,25.855974],[79.065327,25.855803],[79.065831,25.857116],[79.06602,25.857261],[79.066399,25.857261],[79.066524,25.857374],[79.066559,25.857546],[79.066618,25.857744],[79.066713,25.857857],[79.067187,25.857717],[79.067471,25.857744],[79.067721,25.858115],[79.068318,25.859884],[79.068478,25.860083],[79.068479,25.860083],[79.068822,25.860142],[79.069895,25.859912],[79.070114,25.860029],[79.070244,25.860255],[79.070747,25.860201],[79.072638,25.859628],[79.073706,25.859372],[79.074858,25.859259],[79.075108,25.859286],[79.075486,25.860144],[79.076019,25.861683],[79.076368,25.862541],[79.076901,25.864166],[79.07712,25.865276],[79.077135,25.86593],[79.0772,25.866246],[79.077075,25.866472],[79.07701,25.866589],[79.07493,25.86713],[79.072884,25.867527],[79.072001,25.867612],[79.071842,25.867671],[79.072001,25.868041],[79.072001,25.868096],[79.072001,25.868129],[79.072,25.869553],[79.071775,25.87078],[79.07176,25.871209],[79.071915,25.871381],[79.072359,25.871467],[79.072418,25.872035],[79.072453,25.872378],[79.072418,25.872491],[79.072199,25.872635],[79.072104,25.872689],[79.072008,25.873804],[79.072167,25.875258],[79.072576,25.877113],[79.073158,25.879311],[79.073567,25.879992],[79.074355,25.880963],[79.075048,25.882218],[79.075726,25.884272],[79.076354,25.885301],[79.076479,25.885585],[79.076513,25.885757],[79.076229,25.885897],[79.075915,25.8861],[79.075915,25.886325],[79.076573,25.88744],[79.076997,25.888212],[79.076936,25.888411],[79.076682,25.888551],[79.076682,25.888754],[79.077535,25.890036],[79.077629,25.890149],[79.078857,25.889779],[79.081033,25.889098],[79.082699,25.888584],[79.082969,25.888474],[79.08459,25.887813],[79.086357,25.886987],[79.08732,25.886672],[79.08757,25.886757],[79.087949,25.887304],[79.088073,25.887556],[79.088482,25.887701],[79.089994,25.887643],[79.090877,25.887616],[79.091286,25.887814],[79.091476,25.888415],[79.091665,25.888871],[79.091885,25.888898],[79.092768,25.888785],[79.093856,25.888673],[79.094943,25.88856],[79.096864,25.888475],[79.099903,25.888331],[79.100502,25.888362],[79.100946,25.88839],[79.101923,25.889247],[79.102961,25.890186],[79.103405,25.890931],[79.10353,25.891441],[79.103624,25.891698],[79.103779,25.891784],[79.104538,25.891414],[79.104852,25.891355],[79.105136,25.891387],[79.105291,25.89173],[79.105451,25.892154],[79.106618,25.891527],[79.107202,25.891211],[79.107297,25.890981],[79.106888,25.890245],[79.1061,25.88839],[79.105881,25.886847],[79.105691,25.884938],[79.105392,25.883769],[79.105328,25.881517],[79.105707,25.878348],[79.105752,25.876895],[79.105598,25.87615],[79.104466,25.873957],[79.103014,25.87156],[79.101992,25.869989],[79.100576,25.867453],[79.099753,25.865968],[79.099329,25.866053],[79.098665,25.866252],[79.097278,25.866622],[79.097124,25.866536],[79.09668,25.865854],[79.096491,25.865024],[79.096431,25.864739],[79.096586,25.864514],[79.096965,25.864225],[79.0969,25.863828],[79.096302,25.86297],[79.096147,25.862632],[79.096147,25.862429],[79.096302,25.862343],[79.096965,25.862086],[79.097314,25.861833],[79.09725,25.861576],[79.097185,25.861346],[79.097125,25.861174],[79.097345,25.861003],[79.098013,25.860831],[79.098682,25.86066],[79.101016,25.860177],[79.101395,25.860006],[79.10149,25.859749],[79.101455,25.859207],[79.10174,25.85895],[79.101959,25.858891],[79.102119,25.858634],[79.102119,25.857551],[79.102214,25.856441],[79.102285,25.856035],[79.102339,25.855728],[79.102419,25.855583],[79.102952,25.85547],[79.104748,25.855385],[79.105726,25.855245],[79.105945,25.855584],[79.10604,25.855755],[79.107332,25.855728],[79.109063,25.855728],[79.109347,25.855873],[79.109696,25.856243],[79.109886,25.856442],[79.110514,25.856726],[79.110798,25.856898],[79.110953,25.857128],[79.112624,25.857214],[79.114784,25.857241],[79.114879,25.857313],[79.114973,25.857385],[79.114973,25.85827],[79.116106,25.861321],[79.116769,25.864173],[79.117228,25.865541],[79.117856,25.866227],[79.120345,25.865627],[79.123842,25.864801],[79.125334,25.864299],[79.126391,25.863943],[79.126626,25.863916],[79.126501,25.863546],[79.125933,25.861863],[79.124705,25.859435],[79.123857,25.857837],[79.122835,25.854642],[79.122226,25.852593],[79.122047,25.851988],[79.120835,25.848964],[79.120551,25.847939],[79.120675,25.847768],[79.121558,25.847479],[79.124266,25.846626],[79.125259,25.84631],[79.125478,25.846283],[79.125419,25.846026],[79.125134,25.845173],[79.12482,25.844144],[79.12469,25.842745],[79.124536,25.841576],[79.124047,25.839978],[79.123573,25.838295],[79.12301,25.835501],[79.122616,25.834273],[79.122237,25.83282],[79.121987,25.832193],[79.121608,25.83162],[79.120885,25.830451],[79.119733,25.828767],[79.118916,25.827941],[79.117061,25.826231],[79.115609,25.824719],[79.115091,25.82429],[79.11519,25.824217],[79.115186,25.824218],[79.114742,25.824308],[79.113246,25.824587],[79.111196,25.82507],[79.109919,25.825323],[79.109281,25.825398],[79.10777,25.825575],[79.105087,25.825634],[79.104339,25.825597],[79.101537,25.825462],[79.101128,25.825402],[79.098859,25.825069],[79.097423,25.824585],[79.096271,25.823881],[79.096108,25.823768],[79.094911,25.822935],[79.094122,25.822387],[79.094033,25.822311]]]}},{"type":"Feature","properties":{"OBJECTID":2733,"state_lgd":"09","state_name":"UTTAR PRADESH","district_lgd":"166","district_name":"JHANSI","district_name_source":"district_table","subdistrict_lgd":"858","subdistrict_name":"TAHRAULI","subdistrict_type":"Tehsil","name_corrupted":false,"remarks":""},"geometry":{"type":"MultiPolygon","coordinates":[[[[78.874867,25.553402],[78.875185,25.553429],[78.87535,25.553411],[78.875499,25.553357],[78.875653,25.553289],[78.875827,25.553253],[78.875991,25.55319],[78.876215,25.553122],[78.876534,25.552937],[78.876862,25.552838],[78.876982,25.552856],[78.877106,25.55291],[78.87726,25.552964],[78.87737,25.55305],[78.877494,25.553091],[78.877648,25.553086],[78.877783,25.552973],[78.877813,25.55291],[78.877887,25.552842],[78.877947,25.552761],[78.87966,25.552008],[78.879661,25.552008],[78.879847,25.551926],[78.879849,25.551925],[78.879809,25.55189],[78.878663,25.550884],[78.878151,25.550249],[78.877494,25.549435],[78.876917,25.54846],[78.876917,25.54846],[78.876615,25.547515],[78.875952,25.545436],[78.875516,25.544341],[78.875377,25.54399],[78.874902,25.542796],[78.874295,25.540949],[78.874742,25.540405],[78.87531,25.539713],[78.875877,25.538973],[78.876287,25.538368],[78.876404,25.538196],[78.876563,25.537962],[78.87676,25.537808],[78.877275,25.537406],[78.877907,25.536806],[78.877907,25.536806],[78.879528,25.535673],[78.879528,25.535673],[78.880641,25.53512],[78.881257,25.534813],[78.881417,25.534733],[78.88172,25.534583],[78.882116,25.534386],[78.882171,25.534358],[78.882513,25.534188],[78.883392,25.533728],[78.883504,25.533669],[78.883742,25.533544],[78.883831,25.533498],[78.88407,25.5334],[78.884514,25.533218],[78.885104,25.532976],[78.885496,25.532816],[78.88575,25.532712],[78.885838,25.532676],[78.886443,25.532428],[78.886407,25.531754],[78.886405,25.531713],[78.886353,25.530749],[78.886377,25.5302],[78.886425,25.529095],[78.886425,25.529077],[78.886448,25.528569],[78.886999,25.527718],[78.887012,25.527698],[78.887079,25.527594],[78.887071,25.52727],[78.887059,25.526844],[78.88698,25.526461],[78.886687,25.525872],[78.886343,25.525179],[78.886172,25.52483],[78.885994,25.524466],[78.885805,25.523827],[78.885764,25.523691],[78.885417,25.522521],[78.885034,25.521487],[78.88491,25.520436],[78.884775,25.519614],[78.884571,25.51882],[78.884326,25.517261],[78.884322,25.51724],[78.884411,25.517191],[78.884551,25.517113],[78.884674,25.517044],[78.884978,25.516876],[78.885093,25.516811],[78.885053,25.516742],[78.885036,25.516712],[78.884731,25.516184],[78.884557,25.515882],[78.884552,25.515873],[78.884382,25.515579],[78.884227,25.515596],[78.884191,25.515601],[78.884138,25.515606],[78.883729,25.515816],[78.883407,25.515981],[78.88278,25.516098],[78.882315,25.516284],[78.882303,25.516289],[78.881731,25.516518],[78.881731,25.516518],[78.881254,25.516577],[78.880562,25.516663],[78.879879,25.516806],[78.879848,25.516813],[78.879656,25.516853],[78.878374,25.517123],[78.877779,25.517268],[78.876946,25.517471],[78.87611,25.517471],[78.87611,25.517471],[78.87593,25.517348],[78.875548,25.517087],[78.875506,25.517052],[78.875445,25.517001],[78.874355,25.516094],[78.874094,25.515908],[78.873766,25.515675],[78.872853,25.515025],[78.872844,25.515018],[78.872599,25.514844],[78.872385,25.514614],[78.8719,25.514092],[78.871853,25.514042],[78.871802,25.513987],[78.871067,25.513196],[78.870589,25.513273],[78.870589,25.513273],[78.869724,25.513639],[78.869301,25.51372],[78.869082,25.513688],[78.869078,25.513683],[78.868908,25.513472],[78.868083,25.512694],[78.867993,25.51261],[78.867769,25.512516],[78.867163,25.512262],[78.866481,25.51205],[78.866481,25.51205],[78.866438,25.51225],[78.866412,25.51237],[78.866412,25.51237],[78.86582,25.512925],[78.8657,25.51294],[78.8657,25.51294],[78.865041,25.513019],[78.865038,25.513019],[78.863377,25.513219],[78.863019,25.513196],[78.860027,25.513413],[78.860026,25.513413],[78.85971,25.513435],[78.859688,25.513437],[78.858473,25.513525],[78.857121,25.51355],[78.856201,25.513568],[78.856116,25.513569],[78.856078,25.51357],[78.855856,25.513574],[78.853933,25.51361],[78.853927,25.51361],[78.853027,25.513827],[78.852993,25.513829],[78.852336,25.513863],[78.852258,25.513867],[78.852161,25.513872],[78.851972,25.513736],[78.85155,25.513551],[78.850868,25.513366],[78.850055,25.513096],[78.849496,25.51291],[78.848674,25.512729],[78.848666,25.512727],[78.848511,25.512693],[78.848454,25.512753],[78.848453,25.512754],[78.847899,25.513338],[78.847733,25.513371],[78.847608,25.513396],[78.847511,25.513415],[78.845492,25.513162],[78.845258,25.513085],[78.84493,25.512977],[78.844593,25.512764],[78.844323,25.512593],[78.844137,25.512579],[78.843915,25.512561],[78.843168,25.512515],[78.842677,25.512484],[78.841538,25.512538],[78.841538,25.512538],[78.840672,25.511644],[78.840526,25.511601],[78.840369,25.511554],[78.840274,25.511556],[78.839842,25.511567],[78.839828,25.511539],[78.839717,25.5113],[78.839633,25.511122],[78.839504,25.510845],[78.839316,25.510835],[78.839181,25.510827],[78.839116,25.510492],[78.839096,25.510389],[78.838858,25.509189],[78.838231,25.509247],[78.838231,25.509247],[78.83667,25.507392],[78.83667,25.507392],[78.836594,25.507248],[78.836232,25.506561],[78.83567,25.506575],[78.834959,25.505821],[78.834655,25.505257],[78.834551,25.505063],[78.834348,25.504688],[78.833675,25.503211],[78.833414,25.502638],[78.833256,25.502033],[78.833126,25.501532],[78.833121,25.501194],[78.832873,25.5],[78.832818,25.499505],[78.833634,25.499365],[78.833639,25.499366],[78.833678,25.499369],[78.833715,25.499373],[78.833974,25.499398],[78.834842,25.499483],[78.836001,25.499628],[78.836158,25.499663],[78.837155,25.49989],[78.839776,25.499606],[78.840905,25.499367],[78.840907,25.499366],[78.842136,25.498971],[78.842322,25.498911],[78.842453,25.497996],[78.842456,25.497972],[78.842457,25.497968],[78.842457,25.497968],[78.841403,25.497879],[78.840855,25.497832],[78.840855,25.497832],[78.840674,25.496726],[78.840592,25.49623],[78.840274,25.494583],[78.840274,25.494582],[78.840204,25.493617],[78.840185,25.493364],[78.840495,25.493241],[78.840673,25.49317],[78.841645,25.492679],[78.84204,25.49248],[78.84309,25.492241],[78.843643,25.492235],[78.844283,25.492227],[78.844526,25.492573],[78.84479,25.49295],[78.844859,25.49293],[78.846711,25.492412],[78.846725,25.492409],[78.848525,25.491912],[78.849843,25.491552],[78.851448,25.491198],[78.851892,25.4911],[78.852616,25.490943],[78.852732,25.490917],[78.853071,25.490843],[78.853239,25.490677],[78.853246,25.490669],[78.853384,25.490532],[78.853594,25.490419],[78.854302,25.490039],[78.854359,25.490009],[78.85446,25.489877],[78.854598,25.489697],[78.854612,25.489543],[78.854622,25.489435],[78.854622,25.489435],[78.854546,25.489067],[78.854543,25.489052],[78.854543,25.489052],[78.854568,25.48874],[78.854752,25.488623],[78.855032,25.488592],[78.855199,25.488573],[78.8553,25.488528],[78.855504,25.488435],[78.855647,25.48837],[78.855647,25.48837],[78.855614,25.488279],[78.855543,25.488086],[78.85537,25.487951],[78.855175,25.487797],[78.854809,25.487581],[78.854692,25.487513],[78.854693,25.487513],[78.854966,25.487246],[78.855111,25.487114],[78.85515,25.487079],[78.855333,25.486914],[78.855334,25.486913],[78.855335,25.48691],[78.855414,25.486673],[78.855414,25.486389],[78.855414,25.486389],[78.855304,25.485861],[78.855278,25.485692],[78.855212,25.485279],[78.855175,25.485048],[78.855255,25.484714],[78.855359,25.484475],[78.855623,25.484308],[78.855911,25.484308],[78.856213,25.484308],[78.856254,25.484308],[78.856622,25.484331],[78.85707,25.484286],[78.85722,25.484266],[78.857438,25.484236],[78.857526,25.484122],[78.857622,25.483997],[78.857622,25.483997],[78.85763,25.483961],[78.857677,25.483758],[78.857677,25.483626],[78.857677,25.483576],[78.857677,25.483401],[78.857677,25.483401],[78.857726,25.483018],[78.857726,25.483018],[78.857832,25.482803],[78.858015,25.482431],[78.858358,25.48188],[78.858696,25.481425],[78.858722,25.4813],[78.858776,25.481045],[78.858858,25.480408],[78.858871,25.48031],[78.859303,25.479922],[78.85971,25.479716],[78.859776,25.479682],[78.859813,25.479651],[78.860118,25.479398],[78.860298,25.479249],[78.860296,25.479237],[78.860255,25.478895],[78.860238,25.478753],[78.860238,25.478753],[78.860238,25.478337],[78.860238,25.478247],[78.860238,25.478247],[78.860233,25.478235],[78.860089,25.4779],[78.860089,25.4779],[78.860001,25.477695],[78.85994,25.477552],[78.860024,25.477218],[78.860024,25.477218],[78.860035,25.477142],[78.860109,25.476613],[78.860109,25.47636],[78.860109,25.476342],[78.860109,25.476342],[78.860103,25.476326],[78.859915,25.475846],[78.859868,25.475622],[78.859836,25.475467],[78.859836,25.475467],[78.859811,25.47521],[78.860025,25.474664],[78.860264,25.474447],[78.860497,25.474235],[78.860582,25.473923],[78.860582,25.473923],[78.860542,25.473454],[78.860348,25.473201],[78.860154,25.472948],[78.859985,25.472443],[78.859985,25.472443],[78.860005,25.47219],[78.860005,25.47219],[78.860011,25.472114],[78.860025,25.471933],[78.860164,25.471594],[78.860309,25.471256],[78.86102,25.470926],[78.86118,25.470893],[78.861194,25.47089],[78.861211,25.47088],[78.861726,25.470584],[78.861959,25.470218],[78.862248,25.469464],[78.862531,25.468841],[78.862904,25.468503],[78.863133,25.468426],[78.863421,25.468399],[78.863463,25.468413],[78.863879,25.468553],[78.863926,25.468543],[78.863928,25.468542],[78.864252,25.468476],[78.864302,25.468437],[78.864417,25.468348],[78.864418,25.468347],[78.864421,25.468345],[78.864421,25.468345],[78.864426,25.468327],[78.864507,25.468072],[78.86451,25.468061],[78.864622,25.467682],[78.864764,25.467203],[78.864883,25.466788],[78.864919,25.466721],[78.865112,25.466368],[78.865341,25.466134],[78.865653,25.466041],[78.865768,25.466007],[78.865853,25.465936],[78.86586,25.46593],[78.866171,25.465669],[78.866171,25.465669],[78.866062,25.465113],[78.865873,25.46403],[78.865644,25.46306],[78.865644,25.46306],[78.865629,25.462982],[78.865485,25.462261],[78.865008,25.461625],[78.865008,25.461625],[78.865008,25.461624],[78.865018,25.461537],[78.865038,25.461349],[78.865038,25.461349],[78.865116,25.461077],[78.865207,25.460762],[78.865207,25.460762],[78.865207,25.460711],[78.865207,25.46051],[78.865207,25.460257],[78.865222,25.460214],[78.865296,25.460004],[78.865296,25.460004],[78.865377,25.459679],[78.865466,25.459323],[78.865466,25.459151],[78.865466,25.459114],[78.865466,25.458935],[78.865316,25.458682],[78.865167,25.458429],[78.864765,25.458081],[78.864432,25.457788],[78.864094,25.457495],[78.863666,25.457143],[78.863234,25.456795],[78.863109,25.456465],[78.86298,25.456136],[78.86298,25.456136],[78.862976,25.456047],[78.86296,25.455671],[78.862959,25.455648],[78.862958,25.455629],[78.862952,25.455513],[78.862936,25.455212],[78.862935,25.455202],[78.86296,25.455087],[78.863058,25.454634],[78.863105,25.454421],[78.863108,25.454393],[78.863141,25.454155],[78.863194,25.453762],[78.863194,25.453614],[78.863194,25.453539],[78.863194,25.453398],[78.863194,25.453293],[78.863222,25.453112],[78.863249,25.45294],[78.863279,25.452746],[78.863537,25.452552],[78.863554,25.452506],[78.863666,25.452205],[78.863666,25.452205],[78.863622,25.45197],[78.863577,25.451735],[78.863577,25.451735],[78.86388,25.451239],[78.86388,25.451239],[78.863856,25.451194],[78.863809,25.451109],[78.863736,25.450977],[78.863694,25.4509],[78.863693,25.450897],[78.863592,25.450711],[78.863454,25.450665],[78.863324,25.450621],[78.86304,25.450314],[78.862832,25.450138],[78.862429,25.449731],[78.862091,25.44937],[78.861942,25.448842],[78.861942,25.448842],[78.861922,25.448743],[78.861614,25.447195],[78.861281,25.446269],[78.860703,25.445005],[78.860699,25.444997],[78.860642,25.44502],[78.860384,25.445124],[78.859984,25.445285],[78.858413,25.445949],[78.858406,25.445951],[78.857359,25.446356],[78.857339,25.446363],[78.857005,25.446492],[78.856509,25.446684],[78.856491,25.446636],[78.856266,25.446023],[78.856186,25.445804],[78.856186,25.445804],[78.856181,25.445795],[78.855922,25.445231],[78.855922,25.445231],[78.855543,25.444314],[78.855525,25.444269],[78.855472,25.444208],[78.855172,25.443859],[78.854734,25.44333],[78.854333,25.442931],[78.852707,25.441633],[78.852061,25.440915],[78.851236,25.440058],[78.850346,25.439028],[78.85034,25.439021],[78.849903,25.438505],[78.849591,25.438134],[78.849501,25.43802],[78.849254,25.437703],[78.848911,25.437265],[78.84891,25.437263],[78.84891,25.437263],[78.848456,25.436362],[78.848434,25.436318],[78.848403,25.436257],[78.848378,25.436166],[78.848267,25.435769],[78.848168,25.43541],[78.848062,25.43503],[78.848055,25.435006],[78.848035,25.434771],[78.847951,25.433801],[78.847897,25.43326],[78.847877,25.432528],[78.847977,25.431376],[78.847997,25.431156],[78.847997,25.431156],[78.848017,25.430949],[78.848106,25.430024],[78.848093,25.429912],[78.848073,25.42975],[78.848071,25.429739],[78.847738,25.429468],[78.847157,25.429039],[78.846746,25.428797],[78.84665,25.42874],[78.846561,25.428687],[78.846204,25.428615],[78.846058,25.428586],[78.845864,25.428546],[78.8458,25.428534],[78.845224,25.428263],[78.844729,25.428012],[78.844627,25.42796],[78.84415,25.427752],[78.843609,25.427658],[78.843067,25.427671],[78.842425,25.427694],[78.842192,25.427702],[78.841879,25.427758],[78.841193,25.427878],[78.840114,25.427788],[78.839754,25.427861],[78.839448,25.427923],[78.838592,25.428186],[78.838583,25.428189],[78.838459,25.428239],[78.838216,25.428099],[78.838045,25.428044],[78.837818,25.427972],[78.837803,25.427976],[78.837622,25.42802],[78.83756,25.428035],[78.83756,25.428035],[78.837543,25.42815],[78.837534,25.428215],[78.837525,25.428279],[78.837523,25.428313],[78.837518,25.428426],[78.837518,25.428432],[78.837515,25.428514],[78.837515,25.428514],[78.837361,25.428622],[78.837304,25.428626],[78.837117,25.42864],[78.837099,25.428652],[78.836859,25.42882],[78.836774,25.428888],[78.836565,25.429055],[78.836188,25.42912],[78.836018,25.42915],[78.835633,25.429158],[78.835412,25.429163],[78.835212,25.429214],[78.83502,25.429263],[78.834811,25.429316],[78.834783,25.429328],[78.834403,25.429488],[78.834328,25.429519],[78.833765,25.429586],[78.833523,25.429614],[78.833486,25.429629],[78.833334,25.429692],[78.833333,25.429692],[78.833235,25.429733],[78.83318,25.429756],[78.833178,25.429756],[78.832828,25.429901],[78.832802,25.429912],[78.832484,25.430313],[78.832165,25.430823],[78.832027,25.431044],[78.831973,25.431116],[78.831634,25.431572],[78.831634,25.431572],[78.831611,25.43156],[78.831472,25.431484],[78.831337,25.43141],[78.831286,25.431383],[78.830574,25.430827],[78.830545,25.430805],[78.83052,25.43078],[78.829492,25.429797],[78.829271,25.429585],[78.828946,25.429274],[78.828568,25.428856],[78.828209,25.428458],[78.828022,25.428249],[78.827929,25.428297],[78.827838,25.428344],[78.82783,25.428348],[78.827816,25.428355],[78.827799,25.428364],[78.827779,25.428375],[78.827744,25.428393],[78.827718,25.428406],[78.827706,25.428412],[78.827706,25.428413],[78.8277,25.428416],[78.82764,25.428447],[78.827524,25.428507],[78.827316,25.428615],[78.827109,25.428855],[78.826953,25.429036],[78.82659,25.429458],[78.826078,25.430068],[78.825989,25.430175],[78.825749,25.43046],[78.82525,25.430742],[78.825118,25.430816],[78.824436,25.431045],[78.823597,25.431326],[78.823572,25.431335],[78.823621,25.432129],[78.823621,25.432129],[78.82429,25.434081],[78.824331,25.434201],[78.824331,25.434201],[78.824316,25.434216],[78.824069,25.43445],[78.823879,25.43463],[78.823779,25.434725],[78.82323,25.435375],[78.822934,25.435726],[78.822047,25.436609],[78.821866,25.436791],[78.821566,25.437089],[78.821514,25.437189],[78.821396,25.437413],[78.821294,25.437607],[78.821028,25.438114],[78.820725,25.438691],[78.820745,25.438769],[78.820969,25.43963],[78.821417,25.440426],[78.82149,25.440555],[78.82149,25.440555],[78.821641,25.440649],[78.821944,25.440836],[78.822643,25.441269],[78.823379,25.441553],[78.823385,25.441879],[78.823398,25.442609],[78.823398,25.44261],[78.823701,25.442526],[78.825029,25.442159],[78.825051,25.442205],[78.825555,25.443233],[78.825764,25.443351],[78.825803,25.443324],[78.826291,25.442994],[78.827077,25.442372],[78.827448,25.442453],[78.82758,25.442482],[78.82759,25.442484],[78.827947,25.442562],[78.828137,25.442604],[78.828146,25.442606],[78.828151,25.442607],[78.82817,25.442611],[78.828681,25.443066],[78.829163,25.443495],[78.829174,25.443505],[78.829186,25.443504],[78.829482,25.443469],[78.830089,25.443388],[78.83078,25.44323],[78.831128,25.443113],[78.831299,25.443182],[78.83152,25.443271],[78.832082,25.44347],[78.832413,25.443434],[78.832823,25.443389],[78.83324,25.443314],[78.833474,25.443272],[78.833996,25.44329],[78.834274,25.44321],[78.834324,25.443195],[78.834356,25.44316],[78.834468,25.443037],[78.834841,25.442907],[78.834866,25.442912],[78.835189,25.442983],[78.835254,25.442983],[78.835447,25.442983],[78.835507,25.442983],[78.835563,25.442959],[78.835741,25.44288],[78.83594,25.442749],[78.836317,25.442803],[78.836358,25.442813],[78.836635,25.44288],[78.836756,25.442841],[78.837023,25.442754],[78.83755,25.442593],[78.837675,25.442555],[78.837771,25.442505],[78.838281,25.442239],[78.838718,25.442163],[78.839106,25.442122],[78.839454,25.441888],[78.839758,25.44173],[78.840105,25.441771],[78.840458,25.441703],[78.840694,25.442063],[78.841006,25.442542],[78.84184,25.44382],[78.842575,25.443628],[78.843445,25.443401],[78.843619,25.443364],[78.844355,25.443207],[78.84459,25.443219],[78.844703,25.443225],[78.845205,25.443613],[78.845374,25.443494],[78.845633,25.443311],[78.845728,25.443413],[78.847715,25.445559],[78.847967,25.44574],[78.848257,25.445947],[78.850424,25.44579],[78.85207,25.445492],[78.852273,25.44557],[78.852845,25.44579],[78.854336,25.447108],[78.854866,25.447672],[78.854888,25.447695],[78.854371,25.448191],[78.853866,25.448748],[78.853749,25.448877],[78.853508,25.449008],[78.853214,25.449168],[78.853192,25.44918],[78.852853,25.449179],[78.851119,25.449175],[78.849762,25.449125],[78.848577,25.449688],[78.847187,25.450348],[78.845424,25.451053],[78.843776,25.451633],[78.842553,25.451994],[78.841976,25.45218],[78.84135,25.452382],[78.840411,25.452636],[78.839878,25.452781],[78.839294,25.452939],[78.839217,25.45296],[78.839202,25.452964],[78.838123,25.453505],[78.83692,25.454064],[78.836357,25.454309],[78.835881,25.454515],[78.835662,25.45461],[78.835332,25.454731],[78.83518,25.454786],[78.83518,25.454786],[78.835204,25.454876],[78.835317,25.455298],[78.835342,25.45539],[78.835448,25.455788],[78.835731,25.456117],[78.835986,25.456414],[78.836458,25.456963],[78.836919,25.457499],[78.838072,25.458686],[78.838074,25.458688],[78.839765,25.460376],[78.84089,25.461499],[78.840859,25.461508],[78.840408,25.461632],[78.839214,25.46196],[78.839203,25.461963],[78.8392,25.461964],[78.838819,25.461928],[78.838091,25.461859],[78.837152,25.461819],[78.836827,25.461763],[78.836103,25.461638],[78.834566,25.46133],[78.83381,25.46125],[78.832956,25.461159],[78.831282,25.461176],[78.83123,25.461176],[78.829649,25.461866],[78.829087,25.46218],[78.828317,25.46261],[78.826809,25.463884],[78.825984,25.464582],[78.825635,25.464829],[78.825447,25.464961],[78.825255,25.465096],[78.824955,25.465308],[78.823721,25.465965],[78.823413,25.466129],[78.822077,25.46699],[78.821649,25.467266],[78.8212,25.467555],[78.821088,25.467591],[78.820918,25.467645],[78.820766,25.467694],[78.820655,25.467729],[78.820647,25.467732],[78.820608,25.467744],[78.819238,25.465912],[78.818227,25.464559],[78.817404,25.463458],[78.817398,25.463451],[78.816964,25.462952],[78.815927,25.461762],[78.815828,25.461324],[78.815827,25.46132],[78.815655,25.460566],[78.815699,25.45975],[78.815735,25.459099],[78.815735,25.459099],[78.815201,25.45755],[78.815189,25.457515],[78.815172,25.45749],[78.814265,25.456142],[78.813376,25.456371],[78.813241,25.456406],[78.812991,25.45647],[78.812693,25.456547],[78.812521,25.456591],[78.81248,25.456602],[78.81248,25.456602],[78.811436,25.455333],[78.811428,25.455326],[78.811241,25.455168],[78.810428,25.454479],[78.809186,25.453427],[78.80917,25.453414],[78.809164,25.453416],[78.807177,25.454171],[78.80649,25.454432],[78.806381,25.454473],[78.80648,25.454602],[78.807621,25.456093],[78.807957,25.456531],[78.808408,25.457119],[78.808459,25.457182],[78.808624,25.457389],[78.808719,25.457507],[78.808769,25.457571],[78.809482,25.458461],[78.80965,25.458671],[78.809655,25.458677],[78.809763,25.458966],[78.809806,25.459078],[78.810116,25.459905],[78.810228,25.460393],[78.810348,25.460918],[78.810349,25.460925],[78.810408,25.461176],[78.81046,25.461402],[78.810464,25.461417],[78.810464,25.461417],[78.810465,25.461417],[78.810487,25.461415],[78.810609,25.461404],[78.810783,25.461388],[78.810812,25.461385],[78.811313,25.461398],[78.811354,25.461399],[78.811359,25.461399],[78.812137,25.46219],[78.812159,25.462212],[78.812184,25.462241],[78.812207,25.462266],[78.812852,25.462989],[78.813154,25.463328],[78.813714,25.463955],[78.814553,25.464981],[78.814554,25.464982],[78.815039,25.465575],[78.81515,25.465711],[78.81515,25.465711],[78.815766,25.466348],[78.816139,25.466621],[78.816581,25.466944],[78.817083,25.466872],[78.81727,25.466945],[78.817625,25.467084],[78.817666,25.467134],[78.817702,25.467178],[78.817904,25.467424],[78.817973,25.467508],[78.817959,25.467632],[78.817959,25.467635],[78.817922,25.467962],[78.81788,25.468335],[78.817869,25.468433],[78.817858,25.468533],[78.817862,25.468574],[78.817871,25.468668],[78.817898,25.468957],[78.817899,25.46896],[78.818081,25.469208],[78.818126,25.469269],[78.818511,25.469398],[78.8189,25.469529],[78.818907,25.469531],[78.818867,25.469795],[78.818866,25.469799],[78.81871,25.47083],[78.818687,25.47098],[78.818686,25.470982],[78.818631,25.471067],[78.818251,25.47165],[78.818249,25.471652],[78.818243,25.471653],[78.818152,25.471665],[78.817759,25.471719],[78.816887,25.471838],[78.816867,25.471841],[78.815521,25.472082],[78.815435,25.472098],[78.814925,25.472261],[78.814674,25.472341],[78.814023,25.472556],[78.813947,25.472581],[78.811646,25.473342],[78.810432,25.473747],[78.809679,25.473906],[78.807946,25.47427],[78.807706,25.474354],[78.806573,25.474752],[78.805096,25.475329],[78.805055,25.475357],[78.804101,25.475992],[78.803032,25.476705],[78.802698,25.477067],[78.801098,25.478804],[78.801086,25.478816],[78.799788,25.480215],[78.798738,25.480354],[78.798642,25.480475],[78.797826,25.481494],[78.79741,25.482014],[78.797408,25.482016],[78.7974,25.482025],[78.797293,25.482136],[78.797188,25.482246],[78.797149,25.482287],[78.79687,25.482579],[78.796859,25.48259],[78.796848,25.482602],[78.796693,25.482763],[78.796685,25.482767],[78.796657,25.482779],[78.796583,25.48281],[78.796468,25.482859],[78.796279,25.48294],[78.796097,25.483018],[78.796091,25.48302],[78.796038,25.483023],[78.795689,25.483038],[78.795456,25.483048],[78.795281,25.483056],[78.794445,25.483069],[78.793321,25.483317],[78.793002,25.48334],[78.792357,25.483388],[78.792031,25.483401],[78.791561,25.483419],[78.791114,25.483383],[78.79094,25.483369],[78.790515,25.483207],[78.790419,25.48317],[78.790265,25.483111],[78.790149,25.483067],[78.790075,25.483014],[78.78951,25.482617],[78.789026,25.482276],[78.788776,25.482061],[78.787978,25.481372],[78.787843,25.481255],[78.787675,25.481011],[78.787631,25.480947],[78.786999,25.480027],[78.786805,25.479499],[78.7868,25.4795],[78.786769,25.479506],[78.786649,25.479531],[78.786458,25.479569],[78.786069,25.479647],[78.785937,25.479668],[78.785328,25.47976],[78.782941,25.479727],[78.781604,25.47969],[78.780734,25.479707],[78.780122,25.479608],[78.778874,25.47925],[78.778874,25.47925],[78.778806,25.479162],[78.778452,25.478704],[78.777078,25.478537],[78.776995,25.478527],[78.776857,25.478502],[78.776319,25.478405],[78.775684,25.476888],[78.774869,25.476901],[78.774929,25.476111],[78.774808,25.476093],[78.774623,25.476066],[78.774461,25.476043],[78.773745,25.47611],[78.772801,25.476272],[78.772563,25.475459],[78.772462,25.475103],[78.772161,25.474037],[78.772159,25.474037],[78.771949,25.474053],[78.771372,25.474095],[78.771365,25.474095],[78.771363,25.474081],[78.771213,25.473336],[78.771212,25.473332],[78.771287,25.472434],[78.771287,25.472434],[78.771057,25.471945],[78.771057,25.471943],[78.771043,25.471915],[78.771039,25.471906],[78.77036,25.471652],[78.770017,25.471524],[78.769912,25.471484],[78.769891,25.471476],[78.769863,25.471439],[78.769816,25.471374],[78.769761,25.471298],[78.769518,25.470963],[78.769462,25.470887],[78.769402,25.470804],[78.769394,25.470793],[78.769333,25.470709],[78.769107,25.470398],[78.769106,25.470397],[78.769106,25.470397],[78.769009,25.470323],[78.767829,25.469428],[78.76779,25.46945],[78.767735,25.469481],[78.766923,25.469935],[78.766445,25.470203],[78.766352,25.470255],[78.765906,25.470694],[78.76575,25.470848],[78.765546,25.471049],[78.765487,25.471107],[78.765381,25.471211],[78.764823,25.471397],[78.764243,25.47159],[78.764218,25.471599],[78.764138,25.471608],[78.763109,25.471724],[78.762905,25.47175],[78.762617,25.471786],[78.762497,25.471801],[78.761671,25.472305],[78.761625,25.472411],[78.76161,25.472446],[78.761312,25.473135],[78.761228,25.47333],[78.760929,25.473773],[78.760829,25.47392],[78.760461,25.474367],[78.759217,25.474926],[78.759091,25.474996],[78.758954,25.475073],[78.758725,25.475201],[78.758548,25.475315],[78.758292,25.47548],[78.758266,25.475497],[78.758208,25.475534],[78.758178,25.475612],[78.758161,25.475657],[78.757823,25.476549],[78.757789,25.47664],[78.757789,25.47664],[78.757519,25.477556],[78.757305,25.478192],[78.756768,25.478392],[78.756216,25.478597],[78.756222,25.478634],[78.756238,25.478729],[78.756247,25.478785],[78.756368,25.479506],[78.756383,25.479596],[78.75644,25.479937],[78.756461,25.480061],[78.756463,25.480073],[78.756526,25.480126],[78.756601,25.480189],[78.757198,25.480688],[78.757198,25.480688],[78.755452,25.481734],[78.753974,25.4825],[78.752445,25.48287],[78.752303,25.482904],[78.752022,25.482306],[78.752015,25.48229],[78.751953,25.482346],[78.751462,25.482782],[78.751458,25.482786],[78.751287,25.48291],[78.751095,25.483049],[78.750741,25.483305],[78.750724,25.483287],[78.750309,25.482835],[78.75,25.482766],[78.75,25.482766],[78.749988,25.482779],[78.74967,25.483119],[78.749591,25.483203],[78.748749,25.484105],[78.74858,25.484286],[78.748516,25.484354],[78.748449,25.484425],[78.74841,25.484467],[78.748131,25.484542],[78.747622,25.484679],[78.747331,25.484757],[78.74733,25.484837],[78.747318,25.486069],[78.747317,25.486116],[78.747326,25.486159],[78.747464,25.486837],[78.747471,25.486875],[78.747628,25.487645],[78.747723,25.488113],[78.747823,25.488607],[78.747842,25.488702],[78.74757,25.488829],[78.747296,25.488958],[78.746666,25.489255],[78.746309,25.489423],[78.74662,25.489799],[78.747126,25.490601],[78.747277,25.490841],[78.747348,25.49093],[78.747541,25.491171],[78.747622,25.491273],[78.747641,25.491297],[78.747466,25.491369],[78.74712,25.491512],[78.747043,25.491544],[78.746612,25.491722],[78.746668,25.491805],[78.74674,25.49191],[78.747052,25.492366],[78.747094,25.492429],[78.747225,25.492619],[78.747328,25.492771],[78.747528,25.493064],[78.747695,25.493308],[78.747718,25.493342],[78.747647,25.49342],[78.747589,25.493485],[78.747412,25.493682],[78.747171,25.493951],[78.747174,25.493965],[78.747188,25.494025],[78.747321,25.49461],[78.74541,25.49582],[78.745965,25.49634],[78.746092,25.496459],[78.746269,25.496624],[78.746202,25.496663],[78.745729,25.496936],[78.7444,25.497704],[78.742834,25.49878],[78.742692,25.498696],[78.742982,25.498889],[78.742982,25.498889],[78.743307,25.499104],[78.744929,25.499424],[78.745123,25.499911],[78.745994,25.500331],[78.746412,25.500633],[78.748522,25.501719],[78.748651,25.501692],[78.748668,25.501688],[78.751551,25.503662],[78.752744,25.504227],[78.754116,25.504589],[78.755379,25.504821],[78.756822,25.504853],[78.758732,25.504363],[78.760214,25.50417],[78.762124,25.504514],[78.762358,25.504564],[78.766201,25.505371],[78.769557,25.506158],[78.772722,25.507151],[78.772725,25.507149],[78.774307,25.505891],[78.775133,25.505291],[78.77579,25.504624],[78.776408,25.504119],[78.777085,25.503429],[78.777742,25.502702],[78.778956,25.501435],[78.77967,25.500738],[78.782857,25.500401],[78.786024,25.500411],[78.786953,25.500463],[78.790169,25.500579],[78.789878,25.500828],[78.789142,25.501238],[78.788341,25.501892],[78.787106,25.502988],[78.785858,25.503624],[78.78419,25.505112],[78.782155,25.50679],[78.780677,25.507646],[78.779975,25.508151],[78.778478,25.509211],[78.777955,25.509631],[78.777953,25.509632],[78.778899,25.510281],[78.7797,25.510936],[78.780952,25.511961],[78.781747,25.513077],[78.782721,25.514847],[78.782501,25.515469],[78.782043,25.517112],[78.783117,25.517072],[78.785624,25.516234],[78.787062,25.515621],[78.788341,25.515193],[78.789719,25.514756],[78.790703,25.51528],[78.791195,25.515894],[78.792487,25.518237],[78.793412,25.519226],[78.794743,25.521019],[78.796369,25.522509],[78.79715,25.523033],[78.798999,25.524163],[78.802162,25.525554],[78.803435,25.525893],[78.80364,25.525483],[78.804491,25.52482],[78.805396,25.524112],[78.807018,25.523458],[78.808785,25.522583],[78.809775,25.522006],[78.810464,25.521713],[78.810244,25.52146],[78.809708,25.520822],[78.809384,25.520412],[78.808801,25.519703],[78.808917,25.519606],[78.809183,25.519393],[78.809326,25.519309],[78.809545,25.519152],[78.809705,25.519061],[78.809835,25.518981],[78.809965,25.518901],[78.810083,25.518823],[78.810226,25.518755],[78.810332,25.518712],[78.810379,25.518702],[78.810526,25.518645],[78.810743,25.518548],[78.81099,25.518432],[78.811204,25.518331],[78.811439,25.518231],[78.811665,25.518121],[78.811927,25.518017],[78.812111,25.517961],[78.812313,25.517901],[78.812467,25.517839],[78.812654,25.517755],[78.812889,25.517632],[78.813063,25.517552],[78.81326,25.517486],[78.813637,25.517358],[78.813907,25.517178],[78.814079,25.517063],[78.814285,25.516952],[78.814524,25.516828],[78.814688,25.516754],[78.814908,25.516686],[78.815065,25.516655],[78.815305,25.516604],[78.815571,25.516545],[78.815745,25.516489],[78.815964,25.516424],[78.816194,25.516346],[78.816443,25.516242],[78.816655,25.516178],[78.81689,25.516113],[78.817193,25.516052],[78.817574,25.515966],[78.817861,25.515899],[78.818162,25.515858],[78.818599,25.515835],[78.818889,25.51584],[78.818963,25.515848],[78.819147,25.515849],[78.819456,25.515843],[78.819799,25.515853],[78.82011,25.515874],[78.820691,25.515915],[78.821398,25.515961],[78.821667,25.515972],[78.821903,25.51599],[78.822138,25.516041],[78.822557,25.516167],[78.823145,25.516374],[78.823588,25.516566],[78.824119,25.516792],[78.824563,25.517013],[78.824864,25.517187],[78.825216,25.517387],[78.825579,25.51762],[78.825806,25.517772],[78.826151,25.518034],[78.826419,25.518262],[78.826644,25.518474],[78.826796,25.518641],[78.827159,25.518978],[78.827517,25.519313],[78.827822,25.519573],[78.828005,25.519727],[78.828252,25.519977],[78.828437,25.520175],[78.828616,25.520381],[78.828775,25.52054],[78.829084,25.520833],[78.82925,25.520999],[78.829542,25.521288],[78.829697,25.521428],[78.829845,25.521553],[78.830002,25.521655],[78.830277,25.521831],[78.830494,25.521967],[78.830705,25.522109],[78.830545,25.522368],[78.830258,25.522765],[78.829932,25.523305],[78.829685,25.523652],[78.829453,25.523984],[78.829305,25.524242],[78.829092,25.52451],[78.82905,25.524575],[78.82979,25.525028],[78.831252,25.525999],[78.832132,25.526408],[78.832146,25.528444],[78.832264,25.528465],[78.832357,25.528483],[78.832449,25.528487],[78.832543,25.528464],[78.832674,25.528468],[78.832743,25.52851],[78.832804,25.528577],[78.832855,25.528652],[78.833002,25.528757],[78.833122,25.528845],[78.833213,25.528891],[78.833341,25.528915],[78.833423,25.528931],[78.833569,25.528969],[78.833693,25.529011],[78.834112,25.529115],[78.834564,25.529244],[78.834923,25.529356],[78.835192,25.529405],[78.835415,25.52944],[78.835669,25.529506],[78.835854,25.529565],[78.836079,25.529659],[78.836313,25.529743],[78.836536,25.529799],[78.836657,25.529823],[78.836763,25.529845],[78.837219,25.529961],[78.837473,25.530021],[78.837698,25.530097],[78.837826,25.530148],[78.838031,25.530235],[78.838157,25.530256],[78.838282,25.53025],[78.838443,25.530225],[78.838509,25.530208],[78.838552,25.530189],[78.838557,25.530187],[78.838594,25.530172],[78.838693,25.530187],[78.838962,25.530256],[78.839375,25.53036],[78.839854,25.530459],[78.83999,25.530489],[78.840238,25.530522],[78.840437,25.530557],[78.840877,25.530624],[78.841021,25.530636],[78.84119,25.530672],[78.841491,25.530731],[78.841606,25.530748],[78.841769,25.530761],[78.841951,25.530778],[78.842241,25.53079],[78.842461,25.530776],[78.842539,25.530749],[78.842736,25.530765],[78.84308,25.530826],[78.843241,25.5308],[78.843445,25.530772],[78.843673,25.530764],[78.84398,25.53075],[78.844443,25.530743],[78.845029,25.530724],[78.845503,25.530704],[78.845573,25.530695],[78.845687,25.530661],[78.845834,25.530634],[78.845966,25.530627],[78.846192,25.530602],[78.846312,25.530595],[78.846416,25.530595],[78.846593,25.530532],[78.846841,25.530421],[78.847173,25.530276],[78.847391,25.53022],[78.847627,25.530156],[78.847702,25.53014],[78.848081,25.530068],[78.848212,25.530046],[78.848379,25.529992],[78.848521,25.529947],[78.848628,25.529879],[78.848679,25.529824],[78.84882,25.529741],[78.849054,25.529634],[78.849213,25.529535],[78.84941,25.529391],[78.849511,25.529331],[78.849548,25.529309],[78.849461,25.529041],[78.849367,25.528721],[78.849215,25.528256],[78.849052,25.527749],[78.84903,25.52768],[78.848766,25.526843],[78.848461,25.525794],[78.8484,25.525471],[78.848674,25.525393],[78.84888,25.525336],[78.84903,25.525273],[78.849184,25.525196],[78.849362,25.52508],[78.849631,25.524907],[78.849931,25.524719],[78.850185,25.524598],[78.85049,25.524476],[78.850774,25.52439],[78.851139,25.524266],[78.851441,25.524157],[78.851639,25.524112],[78.851869,25.524063],[78.852114,25.524024],[78.852243,25.523996],[78.852525,25.523937],[78.852992,25.523861],[78.853412,25.523797],[78.853896,25.523723],[78.854013,25.523703],[78.854108,25.523712],[78.85416,25.523709],[78.854355,25.523687],[78.854544,25.523658],[78.854704,25.523612],[78.854802,25.523599],[78.854967,25.523612],[78.85518,25.523611],[78.855546,25.523613],[78.855742,25.523609],[78.85614,25.52358],[78.856375,25.523564],[78.856489,25.523592],[78.856699,25.523682],[78.856805,25.523742],[78.856976,25.523822],[78.857142,25.523911],[78.857362,25.524019],[78.857611,25.52414],[78.857771,25.524204],[78.857949,25.524274],[78.858064,25.524304],[78.858148,25.524336],[78.858277,25.524376],[78.858426,25.524434],[78.858582,25.524489],[78.85872,25.524551],[78.858842,25.524604],[78.859085,25.524706],[78.859191,25.524746],[78.859272,25.52476],[78.859406,25.52476],[78.859608,25.52474],[78.859687,25.524743],[78.85984,25.524751],[78.859901,25.524762],[78.86002,25.524784],[78.860283,25.524856],[78.860537,25.524927],[78.860711,25.524979],[78.861032,25.525059],[78.861274,25.525122],[78.861418,25.525153],[78.861484,25.525158],[78.86157,25.525152],[78.861647,25.525144],[78.861733,25.525219],[78.861856,25.525324],[78.861935,25.525387],[78.862034,25.525438],[78.862179,25.525468],[78.862296,25.52548],[78.862463,25.525491],[78.86264,25.525539],[78.863089,25.525655],[78.863497,25.525767],[78.863791,25.52584],[78.863867,25.525865],[78.863992,25.525934],[78.864111,25.525984],[78.864507,25.526135],[78.86476,25.526219],[78.864881,25.526262],[78.86507,25.526431],[78.865126,25.52651],[78.86519,25.526555],[78.865327,25.526606],[78.865504,25.526647],[78.865629,25.526666],[78.865755,25.526705],[78.865835,25.526725],[78.86591,25.526766],[78.866119,25.526897],[78.866298,25.527039],[78.86649,25.527216],[78.866633,25.527353],[78.866776,25.527514],[78.866954,25.527712],[78.867122,25.527864],[78.867276,25.52801],[78.867249,25.528282],[78.867255,25.528482],[78.867279,25.528689],[78.867339,25.528913],[78.867385,25.529186],[78.868406,25.529782],[78.867798,25.530334],[78.866669,25.531006],[78.86662,25.53105],[78.866152,25.531471],[78.86539,25.53246],[78.865094,25.532867],[78.864858,25.533191],[78.865992,25.534306],[78.866145,25.534449],[78.866743,25.535007],[78.86827,25.536436],[78.86745,25.536765],[78.865992,25.53681],[78.865584,25.536725],[78.863932,25.536395],[78.863475,25.536458],[78.863132,25.536765],[78.862917,25.537316],[78.862917,25.537645],[78.863156,25.538485],[78.863156,25.539365],[78.863181,25.539803],[78.862917,25.54011],[78.862748,25.540155],[78.862494,25.540119],[78.857316,25.535402],[78.856291,25.535379],[78.856047,25.537599],[78.856291,25.538525],[78.856505,25.539491],[78.856216,25.539843],[78.855803,25.540131],[78.855345,25.539933],[78.854351,25.539292],[78.853843,25.539007],[78.853669,25.539007],[78.85388,25.53948],[78.854017,25.539784],[78.854669,25.541242],[78.855141,25.54232],[78.855469,25.543178],[78.855932,25.544342],[78.856101,25.545101],[78.856345,25.545836],[78.856598,25.546802],[78.856777,25.547145],[78.856996,25.547376],[78.857265,25.547628],[78.857867,25.548093],[78.858145,25.548432],[78.858598,25.548915],[78.858911,25.549267],[78.859687,25.550152],[78.859986,25.550648],[78.86011,25.551077],[78.860279,25.552309],[78.860398,25.5523],[78.860538,25.552287],[78.860692,25.55239],[78.860836,25.552517],[78.860916,25.552594],[78.860991,25.552702],[78.86105,25.552842],[78.86111,25.552973],[78.861204,25.553149],[78.861388,25.55323],[78.861697,25.553244],[78.861951,25.553189],[78.862175,25.553189],[78.862747,25.553253],[78.863045,25.553347],[78.863329,25.553402],[78.863578,25.553411],[78.863792,25.553402],[78.86421,25.553375],[78.864503,25.553307],[78.864797,25.553235],[78.864991,25.553149],[78.865225,25.553018],[78.865533,25.55291],[78.866066,25.552824],[78.866374,25.552851],[78.866692,25.552878],[78.867304,25.552797],[78.867588,25.552702],[78.867877,25.552612],[78.868076,25.552576],[78.868503,25.55263],[78.868752,25.552752],[78.868996,25.552829],[78.869344,25.552811],[78.869862,25.55282],[78.870528,25.552802],[78.870713,25.552802],[78.870922,25.552883],[78.870966,25.55305],[78.871011,25.553154],[78.871056,25.553321],[78.87115,25.55347],[78.871265,25.55351],[78.871354,25.553551],[78.871399,25.553551],[78.871449,25.553551],[78.871723,25.553488],[78.871842,25.553425],[78.871956,25.553321],[78.872091,25.55328],[78.872185,25.55324],[78.872325,25.553194],[78.872484,25.553194],[78.872693,25.553303],[78.872807,25.553361],[78.872852,25.553425],[78.872922,25.553488],[78.872942,25.55351],[78.873036,25.553574],[78.873081,25.553614],[78.87331,25.553682],[78.873718,25.553596],[78.874315,25.553465],[78.874867,25.553402]]],[[[79.031845,25.704167],[79.03407,25.703716],[79.038009,25.702554],[79.040638,25.701279],[79.044531,25.698619],[79.051169,25.694427],[79.054263,25.691865],[79.054332,25.690317],[79.054185,25.687064],[79.053,25.685611],[79.056357,25.686045],[79.059035,25.685751],[79.061602,25.685251],[79.063658,25.684334],[79.064281,25.684802],[79.064951,25.686664],[79.065746,25.687031],[79.066983,25.689154],[79.069471,25.691647],[79.070707,25.693977],[79.074359,25.692967],[79.079461,25.688305],[79.080723,25.687078],[79.083643,25.684876],[79.087654,25.681441],[79.090225,25.680269],[79.092104,25.680228],[79.095227,25.681589],[79.099771,25.683159],[79.105169,25.684893],[79.110167,25.68678],[79.113751,25.687317],[79.116565,25.68707],[79.119045,25.687157],[79.122399,25.688119],[79.123737,25.688924],[79.125284,25.684931],[79.127203,25.678486],[79.128671,25.675611],[79.129503,25.671915],[79.12934,25.667998],[79.127454,25.666051],[79.124903,25.664358],[79.121546,25.662359],[79.120319,25.661363],[79.119708,25.660455],[79.121751,25.660136],[79.126039,25.657836],[79.129557,25.656995],[79.135885,25.654835],[79.138712,25.654447],[79.138867,25.652597],[79.137831,25.651429],[79.134306,25.646202],[79.134171,25.645169],[79.134315,25.644868],[79.141881,25.641984],[79.141332,25.638882],[79.141699,25.63372],[79.143021,25.627659],[79.142019,25.627718],[79.140363,25.627817],[79.140128,25.6278],[79.137389,25.627613],[79.137375,25.627537],[79.137369,25.627496],[79.13732,25.627218],[79.137317,25.627157],[79.137315,25.626936],[79.137318,25.626758],[79.13731,25.626651],[79.137312,25.62641],[79.137325,25.626176],[79.137335,25.62609],[79.137331,25.625837],[79.137329,25.625739],[79.137304,25.625397],[79.137259,25.625069],[79.137194,25.624786],[79.137142,25.624424],[79.137057,25.624024],[79.137005,25.623777],[79.136964,25.623654],[79.13694,25.623543],[79.136903,25.623424],[79.136741,25.622898],[79.136703,25.62278],[79.136639,25.622554],[79.13656,25.622239],[79.136432,25.621736],[79.136385,25.621486],[79.137031,25.621356],[79.137468,25.62126],[79.137512,25.621256],[79.137549,25.621248],[79.137589,25.621247],[79.137683,25.621234],[79.137103,25.62008],[79.13484,25.620144],[79.13441,25.619384],[79.131798,25.620594],[79.131155,25.619503],[79.129535,25.621165],[79.128768,25.620563],[79.127359,25.620764],[79.127327,25.620722],[79.12675,25.617668],[79.126414,25.61589],[79.126432,25.61333],[79.126438,25.612351],[79.123272,25.608472],[79.121065,25.602776],[79.121838,25.602314],[79.12712,25.599163],[79.134022,25.592659],[79.14068,25.587119],[79.143175,25.58531],[79.14945,25.58395],[79.15641,25.58624],[79.160418,25.588085],[79.165611,25.5894],[79.168675,25.590918],[79.16968,25.590964],[79.169267,25.589122],[79.166616,25.58424],[79.165035,25.579851],[79.174613,25.575618],[79.180743,25.573509],[79.181393,25.572538],[79.18151,25.571079],[79.181085,25.570356],[79.181752,25.56666],[79.182086,25.564812],[79.184804,25.559179],[79.184708,25.557426],[79.182468,25.55537],[79.176494,25.550081],[79.175216,25.548614],[79.17878,25.545031],[79.179756,25.543381],[79.182344,25.541253],[79.186005,25.53913],[79.186454,25.536017],[79.19001,25.533504],[79.192596,25.531609],[79.20186,25.525524],[79.21068,25.52148],[79.213606,25.516724],[79.215671,25.516458],[79.217107,25.516766],[79.218383,25.51704],[79.221924,25.51867],[79.222074,25.511086],[79.226671,25.500347],[79.225764,25.49954],[79.224437,25.497365],[79.223745,25.496233],[79.222819,25.495171],[79.2223,25.494287],[79.221897,25.492934],[79.221625,25.492018],[79.221576,25.490519],[79.221705,25.486791],[79.221727,25.486749],[79.222078,25.48607],[79.222624,25.485773],[79.223226,25.485794],[79.223826,25.486079],[79.224754,25.486648],[79.226325,25.486938],[79.227279,25.486643],[79.228176,25.48603],[79.228627,25.485186],[79.229051,25.484227],[79.230096,25.483654],[79.230453,25.483459],[79.231193,25.483092],[79.231451,25.4823],[79.231474,25.48163],[79.231011,25.481064],[79.23047,25.480603],[79.229406,25.479981],[79.228459,25.479271],[79.227404,25.478798],[79.226144,25.478422],[79.225506,25.477995],[79.224985,25.477446],[79.224775,25.476828],[79.224374,25.475716],[79.224244,25.474692],[79.224843,25.473629],[79.226522,25.472121],[79.227108,25.471454],[79.227105,25.471319],[79.227093,25.470766],[79.22702,25.470061],[79.226655,25.469336],[79.226348,25.468806],[79.22603,25.468425],[79.2256,25.468107],[79.224425,25.467236],[79.223225,25.466631],[79.222864,25.465395],[79.222793,25.464782],[79.222642,25.463482],[79.222633,25.46341],[79.222328,25.46251],[79.222102,25.461398],[79.221877,25.460039],[79.221746,25.457773],[79.221365,25.456555],[79.220669,25.455952],[79.219839,25.45526],[79.218717,25.454549],[79.218197,25.453859],[79.218214,25.453461],[79.218254,25.452458],[79.218554,25.451049],[79.218248,25.450413],[79.217494,25.449792],[79.216585,25.449241],[79.216284,25.44871],[79.216144,25.448463],[79.216164,25.446709],[79.216189,25.445863],[79.216274,25.444682],[79.216027,25.443782],[79.215412,25.442809],[79.213745,25.44236],[79.212584,25.441807],[79.211996,25.441161],[79.211775,25.439097],[79.211337,25.437825],[79.211276,25.437778],[79.209173,25.436148],[79.208837,25.435635],[79.208132,25.433534],[79.208058,25.432811],[79.208083,25.431912],[79.208381,25.430926],[79.208698,25.429852],[79.208507,25.429287],[79.207556,25.429282],[79.207051,25.429438],[79.206311,25.429734],[79.205435,25.430258],[79.204455,25.430227],[79.203992,25.429678],[79.204407,25.428517],[79.204862,25.427126],[79.204553,25.426913],[79.203894,25.426769],[79.202943,25.426817],[79.202166,25.426848],[79.201583,25.426986],[79.201056,25.427389],[79.200724,25.42781],[79.200044,25.427948],[79.199381,25.427824],[79.199365,25.427821],[79.199038,25.427431],[79.199041,25.426885],[79.199259,25.42611],[79.199242,25.42574],[79.198304,25.425303],[79.198018,25.424508],[79.197886,25.424118],[79.199151,25.423742],[79.19963,25.42263],[79.199379,25.421892],[79.1978,25.41963],[79.196828,25.418747],[79.195237,25.416514],[79.194048,25.415035],[79.192379,25.413695],[79.191828,25.413127],[79.191676,25.412451],[79.191258,25.411843],[79.192562,25.411013],[79.193456,25.410321],[79.195336,25.409716],[79.196836,25.409491],[79.197915,25.409295],[79.197391,25.408743],[79.19627,25.40782],[79.194899,25.406738],[79.194217,25.406228],[79.194158,25.406178],[79.193628,25.405731],[79.19294,25.405604],[79.192465,25.405593],[79.192087,25.405468],[79.191672,25.405157],[79.19117,25.404678],[79.191087,25.404052],[79.190388,25.403312],[79.189365,25.402505],[79.188796,25.401955],[79.188672,25.401646],[79.188229,25.40115],[79.187578,25.401191],[79.187014,25.400725],[79.186674,25.400714],[79.185756,25.40011],[79.185429,25.399774],[79.185254,25.399764],[79.184982,25.399762],[79.184604,25.39976],[79.184352,25.39968],[79.184033,25.39959],[79.183741,25.399588],[79.18348,25.39949],[79.183093,25.3994],[79.182569,25.399397],[79.182036,25.399192],[79.181299,25.399258],[79.180402,25.399134],[79.179938,25.398867],[79.179766,25.398461],[79.179283,25.398159],[79.178838,25.39791],[79.177975,25.397896],[79.17686,25.399301],[79.175615,25.399735],[79.174041,25.400097],[79.171537,25.400172],[79.169789,25.40048],[79.168262,25.40088],[79.168231,25.400888],[79.164933,25.401282],[79.163536,25.401257],[79.162941,25.400161],[79.161706,25.399202],[79.160933,25.398616],[79.160226,25.398498],[79.159723,25.398266],[79.158736,25.397855],[79.157905,25.397339],[79.157131,25.396982],[79.156823,25.396681],[79.156436,25.39645],[79.155779,25.395988],[79.155528,25.395933],[79.155023,25.396001],[79.154654,25.395982],[79.15419,25.39575],[79.153704,25.395853],[79.15345,25.396063],[79.152962,25.396519],[79.15263,25.396923],[79.152202,25.397114],[79.151025,25.397899],[79.150993,25.39791],[79.150675,25.398147],[79.150705,25.398201],[79.150838,25.398421],[79.150982,25.398656],[79.151044,25.398757],[79.151167,25.398932],[79.151387,25.399236],[79.151683,25.399691],[79.151922,25.400099],[79.152086,25.400321],[79.152195,25.400442],[79.152439,25.400773],[79.152598,25.401008],[79.152748,25.401267],[79.15294,25.401575],[79.152994,25.401661],[79.153133,25.40199],[79.15331,25.402306],[79.153425,25.402481],[79.153562,25.402641],[79.153689,25.402782],[79.153848,25.402966],[79.153913,25.403048],[79.153922,25.403097],[79.153902,25.403213],[79.153895,25.403248],[79.153939,25.403361],[79.154094,25.403651],[79.154272,25.403921],[79.154407,25.404146],[79.15449,25.404271],[79.15466,25.404527],[79.154814,25.40473],[79.154867,25.404736],[79.155066,25.40471],[79.155092,25.404744],[79.155258,25.405064],[79.155328,25.405222],[79.155337,25.405253],[79.155218,25.405278],[79.155222,25.405294],[79.155225,25.405308],[79.155269,25.40537],[79.155602,25.405886],[79.155777,25.406137],[79.155896,25.40631],[79.15604,25.406487],[79.156188,25.40664],[79.156318,25.406767],[79.156475,25.406955],[79.156667,25.407211],[79.156832,25.407472],[79.156921,25.407624],[79.157003,25.407689],[79.157107,25.407809],[79.157255,25.408059],[79.157475,25.408554],[79.157577,25.408781],[79.157672,25.409082],[79.157832,25.409532],[79.157985,25.409957],[79.158129,25.410294],[79.158358,25.410794],[79.158387,25.410854],[79.158494,25.411144],[79.158515,25.4112],[79.15854,25.411278],[79.158498,25.411312],[79.158445,25.411349],[79.15843,25.411363],[79.158182,25.411595],[79.157913,25.411866],[79.157679,25.41209],[79.157607,25.412158],[79.157369,25.412381],[79.157183,25.412581],[79.157215,25.412642],[79.157403,25.412976],[79.157539,25.413347],[79.157611,25.413486],[79.157696,25.413652],[79.157743,25.413762],[79.158022,25.41447],[79.15813,25.414684],[79.158413,25.415246],[79.158611,25.415628],[79.158645,25.415709],[79.158776,25.416027],[79.158929,25.416362],[79.158015,25.416694],[79.157275,25.416978],[79.157149,25.417027],[79.156757,25.417181],[79.15624,25.417449],[79.155736,25.41771],[79.155201,25.417963],[79.154825,25.418148],[79.154446,25.41832],[79.153975,25.418547],[79.153728,25.418686],[79.153645,25.41873],[79.153439,25.418841],[79.15338,25.418885],[79.15321,25.418987],[79.153123,25.41906],[79.153095,25.419076],[79.153052,25.419093],[79.152954,25.41899],[79.152856,25.418857],[79.152704,25.418617],[79.152614,25.418461],[79.152584,25.418334],[79.152541,25.418187],[79.152504,25.418113],[79.152484,25.418111],[79.152455,25.418108],[79.152379,25.418131],[79.152148,25.418212],[79.15195,25.418291],[79.151904,25.418314],[79.151832,25.418339],[79.151725,25.418371],[79.151665,25.418389],[79.151572,25.418416],[79.15148,25.418432],[79.151292,25.418468],[79.151189,25.418482],[79.151051,25.418507],[79.151038,25.418446],[79.151035,25.418342],[79.15102,25.418266],[79.150972,25.418153],[79.150912,25.418056],[79.150862,25.417981],[79.150755,25.417856],[79.150673,25.417762],[79.150573,25.417672],[79.150508,25.417594],[79.150475,25.41754],[79.150319,25.41756],[79.150164,25.417593],[79.149933,25.417653],[79.149626,25.41773],[79.14947,25.417763],[79.149421,25.417637],[79.149369,25.417507],[79.149324,25.417517],[79.149249,25.417534],[79.148948,25.417606],[79.148768,25.417659],[79.148586,25.417714],[79.148565,25.417698],[79.148542,25.417654],[79.148525,25.417622],[79.148429,25.417472],[79.148288,25.417193],[79.148135,25.416901],[79.148037,25.416692],[79.147994,25.416587],[79.147882,25.416348],[79.147821,25.416228],[79.147718,25.416011],[79.147659,25.415879],[79.147592,25.415741],[79.147502,25.415568],[79.147433,25.415437],[79.147338,25.415253],[79.147222,25.414998],[79.147203,25.414954],[79.147179,25.414961],[79.147142,25.414972],[79.147115,25.414984],[79.147018,25.414989],[79.146909,25.415],[79.146807,25.415019],[79.146755,25.415029],[79.146693,25.415038],[79.146591,25.415045],[79.146547,25.415045],[79.146515,25.415053],[79.146478,25.41507],[79.14642,25.415099],[79.146348,25.41513],[79.146287,25.415158],[79.14623,25.415173],[79.146126,25.415196],[79.146036,25.415207],[79.145965,25.415215],[79.145928,25.41522],[79.145832,25.415226],[79.145749,25.415234],[79.145693,25.415244],[79.145639,25.415256],[79.145597,25.415266],[79.145553,25.41529],[79.145427,25.415389],[79.145364,25.41544],[79.1453,25.415489],[79.145237,25.415534],[79.145234,25.415579],[79.145245,25.415694],[79.145267,25.415789],[79.145298,25.415894],[79.14532,25.415972],[79.145346,25.41608],[79.145348,25.416122],[79.145336,25.416148],[79.145299,25.416173],[79.145247,25.416196],[79.145206,25.416203],[79.145083,25.416127],[79.14504,25.416107],[79.144901,25.416031],[79.144772,25.41597],[79.144683,25.415927],[79.144612,25.415974],[79.144451,25.41608],[79.144348,25.416146],[79.144302,25.416171],[79.144269,25.416304],[79.144217,25.416473],[79.144178,25.416645],[79.144128,25.416843],[79.144089,25.41704],[79.144061,25.417184],[79.144014,25.417402],[79.143975,25.417547],[79.143959,25.417597],[79.14392,25.41769],[79.143901,25.417731],[79.143869,25.4178],[79.143818,25.417894],[79.143783,25.417945],[79.143745,25.417994],[79.143718,25.418027],[79.143622,25.418115],[79.143562,25.418165],[79.143488,25.418231],[79.143437,25.418277],[79.143366,25.418332],[79.143295,25.418392],[79.143259,25.418424],[79.143248,25.418474],[79.143243,25.418558],[79.143238,25.418606],[79.143231,25.418646],[79.143224,25.418689],[79.143219,25.418738],[79.143217,25.418787],[79.143217,25.418866],[79.143222,25.418907],[79.143245,25.418975],[79.143257,25.418996],[79.143298,25.419041],[79.143319,25.419084],[79.143353,25.419119],[79.143366,25.419157],[79.143377,25.419198],[79.143371,25.419226],[79.143357,25.41925],[79.143347,25.419269],[79.143334,25.419292],[79.143308,25.419305],[79.143259,25.419323],[79.143147,25.419329],[79.143025,25.419325],[79.142972,25.419329],[79.142928,25.419307],[79.142891,25.419273],[79.142872,25.419235],[79.14286,25.419201],[79.14285,25.419159],[79.142851,25.419123],[79.142854,25.41907],[79.142708,25.41906],[79.142514,25.419041],[79.142389,25.419037],[79.14239,25.419114],[79.14238,25.419185],[79.142364,25.419301],[79.142345,25.419418],[79.142328,25.419463],[79.142293,25.419455],[79.142195,25.419423],[79.142092,25.419377],[79.142041,25.419355],[79.141945,25.419296],[79.141795,25.419202],[79.141663,25.419118],[79.141608,25.419076],[79.141544,25.419024],[79.141474,25.418959],[79.141416,25.418919],[79.141365,25.418884],[79.141321,25.418853],[79.141283,25.418837],[79.14123,25.418823],[79.141186,25.418811],[79.141134,25.418827],[79.141067,25.418857],[79.141033,25.418879],[79.140984,25.418901],[79.140947,25.418911],[79.140887,25.418919],[79.140843,25.418917],[79.140773,25.418916],[79.140746,25.418916],[79.140796,25.418968],[79.140835,25.419009],[79.140809,25.419079],[79.140766,25.419146],[79.140657,25.419314],[79.140252,25.419455],[79.140213,25.419756],[79.139684,25.420547],[79.139216,25.420826],[79.139021,25.420966],[79.138845,25.421229],[79.138727,25.421423],[79.138551,25.421633],[79.137947,25.421982],[79.137461,25.422033],[79.136916,25.422259],[79.135825,25.422887],[79.135091,25.423242],[79.134327,25.422804],[79.133819,25.423031],[79.133229,25.423295],[79.131749,25.42439],[79.127291,25.424902],[79.125349,25.425121],[79.119603,25.426666],[79.116764,25.427496],[79.111678,25.429063],[79.110258,25.42946],[79.105183,25.430718],[79.101956,25.43151],[79.100559,25.432886],[79.099394,25.434246],[79.09904,25.434914],[79.09855,25.435634],[79.097865,25.436388],[79.097456,25.436597],[79.097445,25.438095],[79.096436,25.439456],[79.09594,25.441022],[79.095173,25.44241],[79.09369,25.443459],[79.092721,25.444697],[79.090781,25.444064],[79.089113,25.442758],[79.090378,25.440562],[79.091072,25.4382],[79.091651,25.43707],[79.091302,25.435901],[79.090175,25.43395],[79.090108,25.433302],[79.090719,25.432625],[79.093037,25.430981],[79.093122,25.430921],[79.091924,25.428743],[79.090056,25.425494],[79.088607,25.423542],[79.087233,25.421169],[79.085718,25.418471],[79.083689,25.415799],[79.083648,25.415807],[79.081489,25.41621],[79.080166,25.416591],[79.079623,25.41769],[79.079092,25.417168],[79.078991,25.416325],[79.07846,25.415706],[79.077712,25.415572],[79.076174,25.416211],[79.07684,25.417803],[79.073913,25.418045],[79.073482,25.418496],[79.073489,25.418508],[79.072933,25.418693],[79.072756,25.418481],[79.072741,25.418205],[79.072868,25.417882],[79.072944,25.417299],[79.072947,25.416781],[79.072666,25.416228],[79.071883,25.415996],[79.071556,25.415845],[79.070492,25.415907],[79.069939,25.415936],[79.069188,25.416207],[79.068545,25.416252],[79.067421,25.416375],[79.066368,25.416385],[79.065583,25.41638],[79.065066,25.416377],[79.064124,25.415934],[79.063609,25.415542],[79.063257,25.414956],[79.062752,25.415747],[79.060668,25.416488],[79.058792,25.416882],[79.057202,25.417342],[79.055381,25.418299],[79.055378,25.418289],[79.054668,25.417174],[79.053201,25.415495],[79.051776,25.414059],[79.050521,25.413315],[79.049466,25.411217],[79.048814,25.409468],[79.048675,25.408259],[79.04795,25.406488],[79.046656,25.403428],[79.046656,25.403426],[79.046619,25.402451],[79.047012,25.401739],[79.047193,25.401522],[79.047756,25.400845],[79.047791,25.400105],[79.047371,25.399106],[79.046093,25.396802],[79.045472,25.395547],[79.044119,25.393014],[79.045399,25.392321],[79.045083,25.390556],[79.046324,25.389327],[79.047629,25.388833],[79.04763,25.388821],[79.047686,25.388126],[79.047634,25.387236],[79.046901,25.386064],[79.045848,25.384224],[79.044721,25.381977],[79.044715,25.381965],[79.042223,25.381888],[79.040983,25.381766],[79.039091,25.382402],[79.036549,25.38258],[79.036666,25.385696],[79.036734,25.387614],[79.035879,25.387776],[79.03541,25.388311],[79.033749,25.387961],[79.03168,25.38838],[79.029199,25.38999],[79.028504,25.390473],[79.028009,25.390589],[79.027629,25.390793],[79.027472,25.390933],[79.027572,25.391203],[79.027512,25.391493],[79.027597,25.391794],[79.027837,25.392104],[79.028222,25.392459],[79.028462,25.392795],[79.028848,25.393035],[79.02906,25.393257],[79.029088,25.393442],[79.02898,25.393609],[79.028804,25.39374],[79.028599,25.393906],[79.028091,25.395115],[79.027734,25.396091],[79.027187,25.39659],[79.026118,25.397451],[79.025726,25.398066],[79.024588,25.399672],[79.021625,25.400909],[79.020703,25.40131],[79.020636,25.401339],[79.020235,25.400491],[79.017498,25.400711],[79.015808,25.400965],[79.011756,25.401926],[79.008902,25.40212],[79.007484,25.402428],[79.006745,25.402705],[79.006744,25.402705],[79.004419,25.402373],[79.003043,25.40217],[79.002682,25.400268],[79.002679,25.400255],[79.002157,25.397537],[79.00171,25.395173],[78.999101,25.39149],[78.998607,25.390894],[78.998597,25.390582],[78.995635,25.387319],[78.994759,25.385722],[78.994075,25.382446],[78.993729,25.379783],[78.994313,25.376682],[78.994848,25.375304],[78.99818,25.370414],[78.998744,25.369587],[78.998866,25.369542],[79.000212,25.368529],[79.002259,25.367098],[79.001772,25.365788],[79.001772,25.365788],[79.001349,25.365073],[79.000573,25.363998],[78.999392,25.361742],[78.999381,25.361722],[78.999202,25.362559],[78.998611,25.363313],[78.997226,25.363631],[78.996468,25.363956],[78.995835,25.364227],[78.994643,25.364332],[78.993486,25.364721],[78.992562,25.365178],[78.991639,25.365842],[78.990596,25.366335],[78.989787,25.366931],[78.989599,25.367582],[78.988964,25.368792],[78.987986,25.369266],[78.986769,25.369475],[78.984921,25.369846],[78.983536,25.370213],[78.982742,25.37052],[78.982588,25.370579],[78.982588,25.370579],[78.982553,25.370593],[78.982553,25.370593],[78.982628,25.370708],[78.982721,25.370851],[78.982811,25.37099],[78.982811,25.37099],[78.983025,25.371054],[78.98314,25.371088],[78.983156,25.371093],[78.983204,25.371107],[78.98357,25.371054],[78.983719,25.371032],[78.98454,25.370912],[78.984778,25.371147],[78.984778,25.371147],[78.984749,25.371724],[78.984749,25.371724],[78.984768,25.371741],[78.984915,25.371874],[78.984923,25.371882],[78.984966,25.371891],[78.985283,25.371954],[78.985962,25.372089],[78.986013,25.372172],[78.986166,25.372418],[78.986365,25.372743],[78.986415,25.372909],[78.986447,25.373012],[78.986449,25.373021],[78.98649,25.373152],[78.986509,25.373217],[78.986509,25.373217],[78.986761,25.373347],[78.986912,25.373424],[78.98699,25.373429],[78.987344,25.373451],[78.987777,25.373753],[78.987793,25.373762],[78.987914,25.373824],[78.988154,25.373947],[78.988248,25.373878],[78.988309,25.373834],[78.988686,25.373559],[78.98873,25.373527],[78.988848,25.373571],[78.989018,25.373635],[78.989257,25.373943],[78.989332,25.374041],[78.989332,25.374041],[78.989089,25.374384],[78.989026,25.374474],[78.98892,25.374623],[78.988903,25.374653],[78.988484,25.375404],[78.987622,25.376603],[78.987556,25.376696],[78.98748,25.376772],[78.987372,25.376881],[78.98726,25.376994],[78.986851,25.377405],[78.986519,25.377739],[78.986429,25.377829],[78.986317,25.377943],[78.986191,25.378069],[78.986267,25.378222],[78.986837,25.37937],[78.987002,25.379702],[78.987002,25.379703],[78.987188,25.380052],[78.987195,25.380064],[78.987432,25.380511],[78.987433,25.380512],[78.98748,25.3806],[78.98748,25.3806],[78.987487,25.380788],[78.987496,25.381032],[78.987505,25.381273],[78.987505,25.381291],[78.987505,25.381291],[78.9875,25.381292],[78.987097,25.381411],[78.986488,25.38159],[78.986413,25.381612],[78.985087,25.381958],[78.983637,25.382337],[78.983552,25.382359],[78.983552,25.382361],[78.983559,25.38249],[78.983596,25.383191],[78.983612,25.383492],[78.983527,25.383514],[78.982643,25.383743],[78.981595,25.384013],[78.981551,25.384025],[78.981546,25.384026],[78.980771,25.384437],[78.980214,25.38494],[78.980165,25.384984],[78.979684,25.385273],[78.979401,25.385412],[78.979339,25.385443],[78.979261,25.385481],[78.978614,25.385669],[78.978591,25.385676],[78.977866,25.385798],[78.977319,25.385895],[78.976892,25.38597],[78.976573,25.386019],[78.976479,25.386033],[78.976087,25.386093],[78.976082,25.386094],[78.976067,25.386098],[78.975657,25.386215],[78.97543,25.38628],[78.975262,25.386328],[78.975236,25.386343],[78.975211,25.386357],[78.974556,25.386729],[78.973743,25.387191],[78.973026,25.387712],[78.972774,25.387896],[78.972398,25.388109],[78.972223,25.388208],[78.971678,25.388655],[78.971672,25.388659],[78.971655,25.38867],[78.971644,25.388678],[78.971036,25.389075],[78.970656,25.389397],[78.97054,25.389495],[78.970094,25.389947],[78.969929,25.390114],[78.969929,25.390114],[78.970621,25.391],[78.970624,25.391004],[78.970842,25.391282],[78.971004,25.39149],[78.9711,25.391733],[78.971103,25.391739],[78.971149,25.391856],[78.971327,25.392301],[78.971327,25.392302],[78.971327,25.392302],[78.971293,25.392416],[78.971228,25.392636],[78.971259,25.392744],[78.971318,25.392951],[78.971328,25.392983],[78.971328,25.392983],[78.971333,25.392987],[78.971626,25.393192],[78.971631,25.393195],[78.971837,25.393178],[78.972053,25.393159],[78.972179,25.393213],[78.972376,25.393299],[78.972391,25.393312],[78.972665,25.393556],[78.972737,25.393622],[78.972861,25.393736],[78.973008,25.393871],[78.973293,25.39418],[78.973296,25.394183],[78.97337,25.394382],[78.973427,25.394535],[78.973471,25.394652],[78.97348,25.394765],[78.973514,25.395154],[78.973526,25.395293],[78.973496,25.395718],[78.973472,25.396066],[78.973472,25.396069],[78.973384,25.396468],[78.973353,25.396606],[78.973353,25.396606],[78.973385,25.396833],[78.973386,25.396835],[78.973393,25.396886],[78.973393,25.396886],[78.973394,25.396889],[78.973496,25.397102],[78.973516,25.397145],[78.973567,25.397252],[78.973699,25.397494],[78.973776,25.397635],[78.973784,25.397741],[78.973796,25.397892],[78.973757,25.398172],[78.973744,25.398209],[78.973578,25.398681],[78.973568,25.39871],[78.973057,25.399405],[78.972655,25.39982],[78.972561,25.40015],[78.972501,25.40057],[78.972501,25.40057],[78.972535,25.400647],[78.972549,25.400679],[78.972559,25.400703],[78.972573,25.400735],[78.972588,25.400769],[78.9726,25.400796],[78.972621,25.400845],[78.972621,25.400845],[78.972581,25.401057],[78.972563,25.401149],[78.972562,25.401156],[78.972562,25.401157],[78.97254,25.40117],[78.972408,25.401251],[78.972219,25.4014],[78.972149,25.401455],[78.972045,25.401559],[78.972024,25.40187],[78.972001,25.4022],[78.972001,25.402202],[78.972011,25.402367],[78.972021,25.402491],[78.972031,25.40261],[78.972038,25.402848],[78.972041,25.40298],[78.972041,25.40298],[78.970685,25.403491],[78.970649,25.403482],[78.970351,25.403404],[78.970118,25.403343],[78.969552,25.403194],[78.969519,25.403239],[78.968465,25.404671],[78.968487,25.404699],[78.968806,25.405093],[78.969882,25.406426],[78.969934,25.406489],[78.970138,25.40674],[78.970942,25.407725],[78.970945,25.407732],[78.971149,25.408269],[78.971236,25.408496],[78.971272,25.408563],[78.971325,25.408658],[78.971442,25.408873],[78.971586,25.409135],[78.971763,25.409456],[78.971763,25.409457],[78.971796,25.40971],[78.971895,25.410461],[78.971918,25.41064],[78.971921,25.410671],[78.97196,25.411172],[78.971993,25.411601],[78.97211,25.411829],[78.972144,25.411895],[78.972178,25.411961],[78.972377,25.41235],[78.972608,25.412611],[78.973212,25.413293],[78.974217,25.414461],[78.974291,25.414606],[78.974765,25.415531],[78.975283,25.416731],[78.975549,25.417418],[78.975557,25.41744],[78.975686,25.417773],[78.975689,25.41778],[78.975985,25.418504],[78.975996,25.418566],[78.97623,25.419933],[78.976235,25.419962],[78.976138,25.420007],[78.975154,25.420469],[78.974545,25.420755],[78.974541,25.420757],[78.974271,25.420904],[78.973963,25.421072],[78.970126,25.423162],[78.970014,25.423223],[78.969995,25.423234],[78.969868,25.423585],[78.969524,25.424538],[78.969516,25.424581],[78.969373,25.425393],[78.96923,25.426205],[78.969207,25.426335],[78.969014,25.4275],[78.969122,25.428219],[78.969264,25.429169],[78.969628,25.430948],[78.969743,25.431661],[78.969743,25.431661],[78.968501,25.432894],[78.967876,25.433648],[78.967399,25.434172],[78.967233,25.434358],[78.966997,25.434623],[78.966467,25.434957],[78.966325,25.435047],[78.966293,25.435067],[78.966251,25.435093],[78.965486,25.435491],[78.964398,25.435943],[78.964376,25.435951],[78.962947,25.43647],[78.962057,25.436793],[78.961853,25.436837],[78.961379,25.43694],[78.961372,25.436942],[78.961344,25.436945],[78.961009,25.436985],[78.960755,25.437015],[78.960646,25.437048],[78.96047,25.437102],[78.960298,25.437155],[78.959995,25.437516],[78.959782,25.438198],[78.959613,25.438857],[78.959613,25.438857],[78.959422,25.439236],[78.95942,25.439241],[78.959408,25.439254],[78.959102,25.439593],[78.959061,25.43962],[78.958508,25.439985],[78.958506,25.439986],[78.958135,25.440206],[78.958004,25.440284],[78.957646,25.44029],[78.957227,25.440298],[78.957223,25.440298],[78.956418,25.440073],[78.955672,25.439708],[78.95531,25.439485],[78.955304,25.439482],[78.955287,25.439479],[78.954842,25.439397],[78.954768,25.439411],[78.95431,25.439501],[78.953932,25.439753],[78.953734,25.439885],[78.953615,25.439471],[78.953488,25.439024],[78.953485,25.439014],[78.953485,25.439014],[78.953389,25.439062],[78.952951,25.439282],[78.95255,25.439484],[78.951497,25.440039],[78.951493,25.440043],[78.950992,25.440499],[78.950973,25.440515],[78.950936,25.44055],[78.950529,25.43823],[78.950374,25.43734],[78.950373,25.437333],[78.95031,25.437331],[78.949342,25.437301],[78.949318,25.437301],[78.948371,25.437338],[78.948284,25.437342],[78.948283,25.437341],[78.948269,25.437331],[78.947806,25.436993],[78.947444,25.436729],[78.94678,25.435938],[78.946777,25.435934],[78.945656,25.434025],[78.94514,25.433146],[78.944231,25.431668],[78.94423,25.431666],[78.942737,25.429139],[78.941628,25.427704],[78.940374,25.425827],[78.938497,25.422642],[78.938467,25.422592],[78.938395,25.42247],[78.93829,25.42229],[78.938265,25.422249],[78.93823,25.422261],[78.936615,25.422809],[78.935321,25.4232],[78.935299,25.423207],[78.933738,25.423497],[78.932519,25.424008],[78.932446,25.424039],[78.932459,25.424208],[78.932582,25.425851],[78.932591,25.425979],[78.932631,25.426595],[78.932651,25.426914],[78.932206,25.42701],[78.931861,25.427084],[78.931671,25.427125],[78.931603,25.42714],[78.931513,25.427564],[78.931513,25.427564],[78.93167,25.427716],[78.931853,25.427893],[78.932403,25.428426],[78.932831,25.429179],[78.932967,25.429547],[78.932982,25.429585],[78.933035,25.42973],[78.932961,25.429951],[78.932911,25.430023],[78.932817,25.430159],[78.932668,25.430279],[78.932643,25.430299],[78.932372,25.430299],[78.932345,25.430299],[78.932286,25.430294],[78.932051,25.430272],[78.931799,25.430407],[78.931594,25.430516],[78.931433,25.430566],[78.930838,25.43075],[78.930788,25.430766],[78.93069,25.430796],[78.930367,25.431085],[78.930359,25.431092],[78.930064,25.431383],[78.9298,25.431421],[78.929587,25.431451],[78.929529,25.431417],[78.92942,25.431352],[78.929298,25.43128],[78.92901,25.431207],[78.928647,25.431487],[78.928525,25.431598],[78.928319,25.431786],[78.928284,25.431817],[78.927688,25.432025],[78.927483,25.431891],[78.927477,25.431887],[78.927264,25.431748],[78.927211,25.431714],[78.926961,25.431814],[78.926952,25.431817],[78.926291,25.431764],[78.926078,25.431662],[78.925968,25.43161],[78.925392,25.431574],[78.925368,25.431578],[78.925125,25.431618],[78.924646,25.431696],[78.924414,25.431749],[78.92394,25.431855],[78.922847,25.432043],[78.922733,25.432063],[78.922464,25.432149],[78.921654,25.432424],[78.920735,25.432948],[78.919602,25.433625],[78.919115,25.433992],[78.919099,25.434004],[78.918245,25.434646],[78.917161,25.435455],[78.917107,25.435495],[78.916723,25.43585],[78.91609,25.436436],[78.916034,25.436488],[78.915334,25.436983],[78.914705,25.437428],[78.914642,25.437472],[78.914654,25.437538],[78.914665,25.437594],[78.914671,25.43763],[78.914671,25.437631],[78.914702,25.437802],[78.914702,25.437802],[78.914588,25.438118],[78.914519,25.438183],[78.9143,25.438393],[78.914057,25.438488],[78.913937,25.438535],[78.913803,25.438587],[78.91342,25.438673],[78.913057,25.438762],[78.912272,25.438953],[78.912272,25.438953],[78.913152,25.439594],[78.913152,25.439594],[78.912421,25.440425],[78.912059,25.440844],[78.911502,25.441303],[78.911467,25.441332],[78.911312,25.441412],[78.910816,25.441667],[78.910588,25.441784],[78.910038,25.441988],[78.909775,25.442086],[78.908873,25.442421],[78.908879,25.442751],[78.908881,25.44287],[78.908883,25.443019],[78.908893,25.443567],[78.908915,25.444],[78.90892,25.444111],[78.908942,25.444549],[78.908956,25.444838],[78.90896,25.444925],[78.908968,25.445079],[78.908968,25.445079],[78.909047,25.445089],[78.911853,25.445432],[78.911893,25.445436],[78.911995,25.445449],[78.912011,25.445451],[78.912726,25.445538],[78.912829,25.445555],[78.91316,25.445608],[78.913697,25.445694],[78.913765,25.445705],[78.914655,25.445944],[78.915411,25.44626],[78.916788,25.447176],[78.917634,25.448146],[78.91839,25.449202],[78.918799,25.449798],[78.918802,25.449801],[78.919031,25.450136],[78.91914,25.450295],[78.919419,25.450704],[78.920001,25.451557],[78.920178,25.45178],[78.92018,25.451783],[78.921314,25.452342],[78.92204,25.452599],[78.922063,25.452614],[78.922776,25.453068],[78.923503,25.453827],[78.923512,25.453835],[78.923513,25.453838],[78.923815,25.454237],[78.923843,25.454273],[78.924057,25.454556],[78.924173,25.454711],[78.924382,25.455387],[78.924472,25.455681],[78.924472,25.455681],[78.92456,25.455871],[78.924676,25.456123],[78.925134,25.456696],[78.925134,25.456696],[78.92515,25.456779],[78.925218,25.457116],[78.925218,25.457116],[78.925106,25.457227],[78.925022,25.45731],[78.924778,25.457551],[78.924587,25.457739],[78.924041,25.458809],[78.924021,25.459054],[78.923986,25.459491],[78.923986,25.459491],[78.92399,25.459491],[78.924134,25.459498],[78.924485,25.459516],[78.924956,25.45954],[78.927203,25.459643],[78.927568,25.459728],[78.92757,25.459728],[78.928038,25.459837],[78.930007,25.460396],[78.930663,25.460647],[78.930702,25.460662],[78.931076,25.460806],[78.931849,25.46104],[78.933239,25.46146],[78.934206,25.461463],[78.934433,25.461464],[78.934939,25.461509],[78.936024,25.461607],[78.936039,25.461634],[78.937039,25.463331],[78.93708,25.463422],[78.937798,25.464999],[78.937815,25.465037],[78.937815,25.465037],[78.937585,25.465143],[78.936947,25.465438],[78.936927,25.465447],[78.936926,25.465448],[78.936926,25.465448],[78.937135,25.465805],[78.937672,25.466721],[78.938329,25.467998],[78.938394,25.468124],[78.938429,25.468192],[78.938762,25.468932],[78.938824,25.46907],[78.93921,25.469924],[78.939564,25.471102],[78.939712,25.471597],[78.939713,25.471599],[78.939714,25.4716],[78.940127,25.472497],[78.940201,25.472659],[78.940219,25.472702],[78.940818,25.474081],[78.940887,25.474257],[78.94089,25.474265],[78.941435,25.475668],[78.941436,25.475669],[78.941879,25.476946],[78.942208,25.477894],[78.942208,25.477894],[78.942566,25.47913],[78.942883,25.479882],[78.94289,25.479899],[78.943243,25.480737],[78.943244,25.480737],[78.943906,25.482925],[78.943906,25.482926],[78.943629,25.483015],[78.943106,25.483183],[78.942874,25.483195],[78.942559,25.483211],[78.942186,25.483418],[78.941898,25.48373],[78.941555,25.484123],[78.941333,25.484257],[78.941122,25.484385],[78.940708,25.484326],[78.94055,25.484304],[78.940186,25.484398],[78.940064,25.484429],[78.939925,25.484465],[78.939829,25.484489],[78.939402,25.48467],[78.939084,25.48509],[78.939039,25.485169],[78.93891,25.485401],[78.938507,25.485674],[78.938501,25.485678],[78.938483,25.48569],[78.938196,25.485793],[78.937793,25.485936],[78.937533,25.486029],[78.937116,25.486205],[78.936727,25.486368],[78.936508,25.486447],[78.935783,25.486707],[78.933615,25.487687],[78.932238,25.488315],[78.931627,25.488608],[78.930746,25.48903],[78.930517,25.48914],[78.930421,25.489186],[78.930324,25.489232],[78.929801,25.489537],[78.929797,25.489539],[78.928852,25.489959],[78.92836,25.490113],[78.928298,25.49012],[78.928123,25.490139],[78.927873,25.490167],[78.927356,25.489987],[78.927042,25.489933],[78.926808,25.48996],[78.926794,25.489996],[78.926781,25.490033],[78.92667,25.490344],[78.92664,25.49043],[78.92664,25.49043],[78.926687,25.490746],[78.926709,25.490894],[78.926842,25.491365],[78.926978,25.491847],[78.927042,25.491836],[78.92768,25.491734],[78.927698,25.491731],[78.929374,25.491462],[78.929794,25.491395],[78.929798,25.491394],[78.931479,25.491209],[78.931508,25.491189],[78.93203,25.490835],[78.932064,25.490812],[78.932109,25.490782],[78.932786,25.490323],[78.933549,25.48993],[78.933601,25.489903],[78.934108,25.489641],[78.934622,25.48956],[78.9356,25.489406],[78.937192,25.489333],[78.938141,25.489491],[78.939375,25.489829],[78.940049,25.490258],[78.940728,25.49069],[78.941549,25.491249],[78.942036,25.491773],[78.94224,25.492134],[78.94224,25.492134],[78.942156,25.49245],[78.942089,25.492485],[78.941816,25.492626],[78.941808,25.49263],[78.941267,25.492831],[78.941236,25.492843],[78.941044,25.492901],[78.940721,25.492998],[78.940545,25.493051],[78.940202,25.493335],[78.940196,25.493354],[78.940088,25.493701],[78.940217,25.493996],[78.940317,25.494224],[78.940317,25.494224],[78.940806,25.49473],[78.941093,25.495027],[78.94077,25.495037],[78.939263,25.495082],[78.938346,25.495136],[78.938333,25.495137],[78.937244,25.495295],[78.937242,25.495296],[78.936911,25.49538],[78.936762,25.495418],[78.936663,25.495496],[78.936096,25.495946],[78.935634,25.496361],[78.934669,25.497296],[78.934038,25.497973],[78.934037,25.497974],[78.933509,25.498558],[78.933417,25.49866],[78.933293,25.498889],[78.933292,25.49889],[78.933004,25.499359],[78.933024,25.499725],[78.933026,25.499733],[78.933076,25.499951],[78.933087,25.5],[78.933087,25.500001],[78.933144,25.500516],[78.933247,25.501589],[78.933319,25.502334],[78.933319,25.502334],[78.933648,25.503264],[78.933652,25.503271],[78.933697,25.503332],[78.933767,25.503435],[78.934577,25.504641],[78.934991,25.505258],[78.933912,25.505475],[78.932779,25.506009],[78.932591,25.506193],[78.93259,25.506194],[78.932296,25.506483],[78.932203,25.506504],[78.931856,25.506584],[78.931804,25.506596],[78.931747,25.506641],[78.931617,25.506746],[78.931501,25.50684],[78.930812,25.507092],[78.93075,25.507115],[78.930619,25.507152],[78.929472,25.507477],[78.929215,25.507006],[78.929208,25.506994],[78.929134,25.507006],[78.928783,25.507062],[78.928277,25.507144],[78.928208,25.507155],[78.927707,25.507207],[78.927668,25.507211],[78.927666,25.507211],[78.927341,25.507321],[78.927119,25.507396],[78.927119,25.507396],[78.926997,25.507545],[78.926937,25.507618],[78.926886,25.507681],[78.92688,25.507706],[78.926878,25.507715],[78.926802,25.508068],[78.926791,25.508119],[78.926781,25.508164],[78.926116,25.50856],[78.925812,25.508742],[78.925797,25.508757],[78.925674,25.50888],[78.925044,25.509514],[78.924276,25.510285],[78.924276,25.510286],[78.923296,25.511008],[78.923296,25.511008],[78.922829,25.511519],[78.922103,25.512016],[78.922078,25.512033],[78.921362,25.512756],[78.920533,25.513698],[78.920534,25.513699],[78.920541,25.513761],[78.920542,25.51377],[78.920547,25.513819],[78.920559,25.513923],[78.920597,25.51425],[78.920562,25.51432],[78.920559,25.514329],[78.920555,25.514336],[78.920545,25.514357],[78.920543,25.51436],[78.920502,25.514445],[78.920452,25.514548],[78.920349,25.514673],[78.920344,25.51468],[78.920299,25.514734],[78.920253,25.51479],[78.920166,25.514896],[78.920044,25.515045],[78.91997,25.515135],[78.919901,25.515401],[78.919902,25.515405],[78.919946,25.515514],[78.919975,25.515586],[78.920107,25.515843],[78.920209,25.516042],[78.920209,25.516042],[78.920523,25.516182],[78.921015,25.515813],[78.92109,25.515757],[78.921632,25.515581],[78.921832,25.515571],[78.922293,25.515549],[78.922333,25.515581],[78.922438,25.515667],[78.922585,25.515944],[78.922585,25.515945],[78.922846,25.516402],[78.922891,25.516464],[78.923229,25.516921],[78.923369,25.517299],[78.923393,25.517363],[78.923378,25.517808],[78.923374,25.517957],[78.923366,25.51818],[78.923354,25.51855],[78.924036,25.519403],[78.924484,25.520012],[78.924549,25.520314],[78.924636,25.520712],[78.924642,25.520744],[78.924677,25.520905],[78.924712,25.521064],[78.924713,25.521068],[78.924793,25.521339],[78.924799,25.521353],[78.924902,25.521569],[78.925599,25.522372],[78.925957,25.52304],[78.925974,25.523066],[78.926321,25.523609],[78.92637,25.523786],[78.926382,25.523828],[78.926395,25.523875],[78.926495,25.524083],[78.926597,25.5242],[78.926625,25.524232],[78.926699,25.524317],[78.927051,25.524779],[78.927129,25.524881],[78.927202,25.524976],[78.927316,25.524959],[78.927529,25.524927],[78.927673,25.524906],[78.927912,25.52487],[78.928614,25.524765],[78.928992,25.524709],[78.929146,25.524578],[78.929698,25.524109],[78.930047,25.523501],[78.930058,25.523481],[78.930185,25.52326],[78.930361,25.523016],[78.930633,25.522637],[78.931032,25.522416],[78.931982,25.521889],[78.93241,25.521652],[78.932523,25.521589],[78.933376,25.52113],[78.933556,25.521033],[78.934084,25.520749],[78.935677,25.520096],[78.936369,25.519812],[78.936421,25.519791],[78.936421,25.519791],[78.937272,25.520614],[78.938123,25.521438],[78.93887,25.521848],[78.940174,25.523314],[78.940523,25.523691],[78.94088,25.524077],[78.94088,25.524077],[78.941614,25.524656],[78.942156,25.525083],[78.942378,25.525258],[78.942418,25.52529],[78.944058,25.526808],[78.9441,25.526847],[78.944207,25.526956],[78.945116,25.527893],[78.945833,25.528469],[78.946031,25.528629],[78.946346,25.528946],[78.946765,25.52937],[78.946853,25.529459],[78.947226,25.529905],[78.947769,25.530614],[78.94816,25.531159],[78.948297,25.531349],[78.949057,25.532194],[78.949065,25.532203],[78.949332,25.532499],[78.950074,25.5336],[78.950188,25.533777],[78.950836,25.534778],[78.951851,25.536204],[78.95189,25.536259],[78.952185,25.536673],[78.952185,25.536673],[78.952847,25.53753],[78.952826,25.537542],[78.951456,25.538312],[78.950966,25.538587],[78.950918,25.538614],[78.950875,25.538635],[78.949988,25.53906],[78.949729,25.539184],[78.948834,25.539563],[78.94778,25.540453],[78.947718,25.540561],[78.947654,25.540672],[78.947589,25.540784],[78.947546,25.540859],[78.947921,25.54133],[78.94851,25.54207],[78.948602,25.542186],[78.949928,25.543898],[78.950041,25.544043],[78.950115,25.544138],[78.950218,25.544272],[78.950339,25.544428],[78.950375,25.544488],[78.950465,25.544642],[78.950489,25.544682],[78.951181,25.545863],[78.951181,25.545863],[78.951669,25.546882],[78.951637,25.546939],[78.951396,25.547361],[78.951436,25.548088],[78.95146,25.54816],[78.951556,25.548458],[78.951772,25.548762],[78.951772,25.548762],[78.95179,25.548787],[78.950228,25.549442],[78.950228,25.549442],[78.949586,25.549794],[78.949582,25.549796],[78.948612,25.550328],[78.948402,25.550599],[78.948378,25.55063],[78.948493,25.551357],[78.94844,25.551407],[78.948384,25.55146],[78.948256,25.551583],[78.948212,25.551624],[78.947866,25.551953],[78.947205,25.552057],[78.9469,25.551934],[78.94673,25.551865],[78.946637,25.551827],[78.946612,25.551833],[78.94661,25.551833],[78.94661,25.551833],[78.946609,25.551833],[78.946384,25.551882],[78.946281,25.55197],[78.945763,25.552413],[78.945083,25.552995],[78.944728,25.5533],[78.943305,25.553779],[78.943579,25.554636],[78.944127,25.556039],[78.944127,25.55627],[78.943519,25.556383],[78.942938,25.556491],[78.942058,25.55674],[78.94169,25.556848],[78.940267,25.557076],[78.939366,25.55722],[78.938371,25.557103],[78.937446,25.55697],[78.936495,25.556833],[78.935801,25.556448],[78.934917,25.555958],[78.934917,25.555958],[78.934613,25.555854],[78.933096,25.555336],[78.933093,25.55533],[78.932685,25.554556],[78.932292,25.553808],[78.931949,25.55314],[78.931189,25.55166],[78.931189,25.551658],[78.93087,25.5509],[78.93087,25.5509],[78.930764,25.550844],[78.930133,25.550507],[78.930133,25.550507],[78.929596,25.550454],[78.92834,25.550226],[78.928277,25.550215],[78.928272,25.550208],[78.928271,25.550206],[78.928057,25.549933],[78.928053,25.549928],[78.927949,25.549795],[78.927949,25.549795],[78.927874,25.549627],[78.927764,25.54938],[78.927674,25.548094],[78.927674,25.548094],[78.927557,25.547741],[78.927376,25.547196],[78.926907,25.545977],[78.925906,25.543919],[78.925906,25.543919],[78.925607,25.54206],[78.925607,25.54206],[78.925034,25.540327],[78.925034,25.540326],[78.924526,25.539339],[78.924486,25.53922],[78.924309,25.538695],[78.924292,25.538644],[78.924136,25.538245],[78.923575,25.536816],[78.923374,25.535969],[78.923366,25.535936],[78.922994,25.535974],[78.922222,25.536054],[78.922188,25.536112],[78.922187,25.536113],[78.922033,25.536378],[78.92167,25.537002],[78.92167,25.537002],[78.921382,25.537064],[78.921207,25.537101],[78.921059,25.537239],[78.921024,25.537271],[78.921007,25.537288],[78.920998,25.537295],[78.920854,25.537598],[78.92075,25.53795],[78.920737,25.538051],[78.920737,25.538053],[78.920681,25.538496],[78.920696,25.539187],[78.920603,25.539341],[78.920602,25.539342],[78.920468,25.539564],[78.920468,25.539564],[78.920377,25.539715],[78.920172,25.540006],[78.919974,25.540287],[78.919973,25.540288],[78.919855,25.540455],[78.919648,25.540853],[78.91954,25.54106],[78.919453,25.541227],[78.919209,25.541803],[78.919209,25.541804],[78.919189,25.54185],[78.918643,25.543308],[78.918414,25.543642],[78.91785,25.544039],[78.917849,25.544039],[78.917708,25.544139],[78.916967,25.544942],[78.916907,25.545012],[78.916905,25.545015],[78.916904,25.545016],[78.916837,25.545095],[78.916837,25.545096],[78.916454,25.545547],[78.916181,25.546269],[78.916215,25.546477],[78.916216,25.54648],[78.916256,25.546721],[78.916445,25.547032],[78.916789,25.547494],[78.916963,25.547727],[78.91748,25.548354],[78.917729,25.549731],[78.91771,25.550245],[78.91766,25.550697],[78.917426,25.551153],[78.917332,25.55159],[78.917193,25.552028],[78.917193,25.552028],[78.917108,25.552286],[78.916944,25.552498],[78.916726,25.552573],[78.916725,25.552573],[78.91672,25.552575],[78.91672,25.552575],[78.916442,25.552601],[78.916436,25.552601],[78.916382,25.552606],[78.916382,25.552606],[78.916352,25.552597],[78.916148,25.552539],[78.916148,25.552539],[78.915874,25.552529],[78.915641,25.552521],[78.915575,25.552575],[78.915528,25.552614],[78.915402,25.552719],[78.915306,25.5528],[78.915268,25.552832],[78.915267,25.552833],[78.915258,25.552841],[78.915194,25.552848],[78.915185,25.552849],[78.915034,25.552864],[78.914972,25.552864],[78.914845,25.552864],[78.914621,25.552882],[78.914475,25.552997],[78.914472,25.552999],[78.914355,25.553111],[78.914303,25.553162],[78.914009,25.553383],[78.91398,25.553387],[78.913611,25.553437],[78.913592,25.553469],[78.913579,25.553491],[78.913457,25.553699],[78.912685,25.553558],[78.912684,25.553558],[78.912422,25.55351],[78.912422,25.55351],[78.912138,25.553989],[78.912069,25.554106],[78.911203,25.555162],[78.913398,25.556678],[78.91512,25.558235],[78.916559,25.560098],[78.917794,25.562075],[78.917948,25.563614],[78.917988,25.564138],[78.918178,25.565108],[78.918382,25.56602],[78.918382,25.566489],[78.918691,25.568073],[78.918941,25.569323],[78.918981,25.569693],[78.919061,25.570533],[78.919106,25.571092],[78.919285,25.572591],[78.918982,25.573566],[78.918256,25.574952],[78.91758,25.576067],[78.917555,25.5765],[78.917406,25.577791],[78.917406,25.578292],[78.917431,25.579226],[78.917332,25.579953],[78.915651,25.581998],[78.915074,25.583293],[78.914875,25.58411],[78.914676,25.584977],[78.913472,25.586431],[78.912875,25.587157],[78.912348,25.588087],[78.91101,25.590389],[78.910697,25.591707],[78.910817,25.592588],[78.911375,25.593928],[78.911539,25.594429],[78.912097,25.595417],[78.912754,25.596694],[78.913456,25.59863],[78.914084,25.600517],[78.914353,25.601334],[78.914692,25.60206],[78.915011,25.602543],[78.915713,25.602917],[78.91746,25.6034],[78.918565,25.603594],[78.920888,25.603972],[78.920915,25.603976],[78.923508,25.604246],[78.925255,25.604684],[78.926037,25.605148],[78.926371,25.605586],[78.92649,25.606267],[78.926974,25.607197],[78.927367,25.607662],[78.927755,25.607797],[78.928811,25.608343],[78.929503,25.608564],[78.929896,25.608563],[78.930225,25.608563],[78.931011,25.608536],[78.931614,25.608477],[78.932574,25.60826],[78.933754,25.607876],[78.934446,25.607849],[78.934881,25.607903],[78.935317,25.607956],[78.9358,25.608918],[78.936826,25.609788],[78.937458,25.610117],[78.938215,25.610117],[78.939569,25.610279],[78.940231,25.610771],[78.941108,25.611565],[78.942069,25.612738],[78.943125,25.613694],[78.943275,25.614114],[78.94454,25.614957],[78.945785,25.616049],[78.946368,25.616744],[78.947987,25.619099],[78.950393,25.622266],[78.950726,25.622809],[78.950727,25.622812],[78.951057,25.624179],[78.951601,25.626011],[78.952115,25.629152],[78.95257,25.631039],[78.952845,25.632898],[78.953598,25.635163],[78.954845,25.638268],[78.956065,25.639432],[78.957346,25.640613],[78.958517,25.641619],[78.959463,25.642314],[78.961271,25.643152],[78.962457,25.643553],[78.964065,25.64418],[78.966321,25.644648],[78.968298,25.645238],[78.971057,25.64585],[78.972263,25.646241],[78.974548,25.646308],[78.975321,25.647553],[78.976323,25.648252],[78.977458,25.648738],[78.978091,25.648896],[78.978947,25.648895],[78.980063,25.649179],[78.981433,25.649746],[78.983092,25.650702],[78.983541,25.65132],[78.984741,25.652122],[78.985665,25.653274],[78.985968,25.653652],[78.986367,25.654134],[78.986452,25.654784],[78.986392,25.655249],[78.98605,25.655976],[78.986279,25.656626],[78.986852,25.657013],[78.988621,25.658014],[78.990365,25.659127],[78.991367,25.660088],[78.992274,25.660895],[78.991831,25.661464],[78.991443,25.661956],[78.991589,25.66262],[78.991674,25.663251],[78.991674,25.663874],[78.991775,25.664533],[78.992089,25.665093],[78.992523,25.666297],[78.993122,25.667439],[78.993695,25.667903],[78.994323,25.66816],[78.994956,25.668241],[78.995524,25.668367],[78.996181,25.668677],[78.9967,25.669043],[78.997357,25.669403],[78.99807,25.669402],[78.998615,25.669316],[78.999331,25.66952],[79.000327,25.669715],[79.001498,25.669689],[79.002145,25.669545],[79.003371,25.669307],[79.003832,25.669331],[79.004073,25.669343],[79.00491,25.669245],[79.005438,25.669354],[79.006647,25.669801],[79.007205,25.670244],[79.007817,25.670741],[79.008374,25.671509],[79.008742,25.6722],[79.008876,25.672823],[79.008914,25.673992],[79.008619,25.675706],[79.008548,25.677137],[79.008577,25.677376],[79.008866,25.677665],[79.009145,25.677751],[79.009663,25.677558],[79.010341,25.677053],[79.010874,25.6768],[79.011526,25.676765],[79.012094,25.676995],[79.012392,25.677273],[79.012691,25.677551],[79.012785,25.678187],[79.012839,25.679149],[79.012612,25.682489],[79.01253,25.684294],[79.012609,25.685499],[79.013055,25.687454],[79.013547,25.689115],[79.01377,25.690379],[79.013897,25.692599],[79.013766,25.694165],[79.013884,25.695935],[79.014554,25.698982],[79.014793,25.699587],[79.015365,25.700643],[79.01633,25.702066],[79.017723,25.703935],[79.018892,25.705166],[79.022554,25.70509],[79.025292,25.704642],[79.029112,25.704099],[79.031845,25.704167]],[[79.05412,25.440187],[79.054379,25.438893],[79.054082,25.438016],[79.053985,25.437956],[79.053496,25.437656],[79.052426,25.437649],[79.051234,25.437253],[79.050524,25.436682],[79.049944,25.43556],[79.04972,25.434522],[79.04932,25.434046],[79.050572,25.433108],[79.051593,25.432797],[79.051893,25.432142],[79.051924,25.431558],[79.053568,25.430521],[79.054807,25.429773],[79.05618,25.429002],[79.057363,25.428571],[79.057205,25.428254],[79.058063,25.42821],[79.059595,25.427806],[79.061118,25.427283],[79.063312,25.430488],[79.063413,25.430635],[79.063193,25.431395],[79.063205,25.43227],[79.064057,25.432826],[79.064695,25.433316],[79.064888,25.433771],[79.065062,25.434388],[79.06514,25.434785],[79.06569,25.435226],[79.066169,25.435456],[79.06661,25.436253],[79.066712,25.436707],[79.06699,25.43794],[79.066709,25.439769],[79.066372,25.441922],[79.065174,25.444735],[79.065129,25.445355],[79.064428,25.445589],[79.063497,25.445989],[79.062819,25.446082],[79.062223,25.445803],[79.061713,25.444779],[79.061272,25.444063],[79.061269,25.444061],[79.060882,25.443834],[79.059566,25.443129],[79.057108,25.442709],[79.055717,25.44262],[79.054791,25.44229],[79.053993,25.441669],[79.053997,25.441167],[79.05412,25.440187]]]]}}]}