{"type":"FeatureCollection","name":"BASTI, UTTAR PRADESH - Sub-district boundaries","crs_note":"RFC 7946 WGS84 lon/lat (EPSG:4326); source CRS was LCC_WGS84","features":[{"type":"Feature","properties":{"OBJECTID":2440,"state_lgd":"09","state_name":"UTTAR PRADESH","district_lgd":"185","district_name":"BASTI","district_name_source":"district_table","subdistrict_lgd":"939","subdistrict_name":"BASTI","subdistrict_type":"Tehsil","name_corrupted":false,"remarks":""},"geometry":{"type":"Polygon","coordinates":[[[82.734129,26.895436],[82.734468,26.895331],[82.734253,26.894999],[82.734199,26.894945],[82.734222,26.894923],[82.734241,26.894907],[82.734262,26.894889],[82.734454,26.894801],[82.734604,26.89474],[82.73484,26.89467],[82.735221,26.89459],[82.735291,26.894559],[82.735335,26.894549],[82.73551,26.894481],[82.735547,26.894518],[82.735575,26.89456],[82.735807,26.894901],[82.735832,26.894897],[82.735874,26.894889],[82.736,26.894851],[82.736147,26.894807],[82.736393,26.894732],[82.736522,26.894692],[82.736728,26.894628],[82.736775,26.894614],[82.737081,26.894525],[82.737159,26.8945],[82.737487,26.894396],[82.737543,26.894371],[82.737774,26.89427],[82.738297,26.894111],[82.738336,26.894094],[82.738679,26.893942],[82.738748,26.89394],[82.739682,26.893443],[82.740702,26.893007],[82.741481,26.89251],[82.74225,26.89234],[82.742641,26.892187],[82.743089,26.892012],[82.743327,26.891807],[82.743556,26.891609],[82.743968,26.8912],[82.744058,26.891112],[82.744455,26.89091],[82.745217,26.890707],[82.746376,26.890613],[82.748067,26.891289],[82.748438,26.891362],[82.749441,26.891767],[82.750633,26.891958],[82.751243,26.891674],[82.752134,26.890862],[82.752875,26.889577],[82.754336,26.88882],[82.755348,26.888442],[82.75642,26.888064],[82.757537,26.887947],[82.759047,26.888116],[82.760083,26.888423],[82.761096,26.887296],[82.761842,26.886344],[82.762215,26.885559],[82.762336,26.885375],[82.761979,26.885045],[82.761557,26.884756],[82.760626,26.884304],[82.759539,26.884258],[82.758503,26.884018],[82.757943,26.884063],[82.757949,26.88404],[82.758212,26.883088],[82.758138,26.881757],[82.758134,26.880502],[82.757697,26.87917],[82.756638,26.877031],[82.755794,26.875721],[82.755804,26.87527],[82.7559,26.875049],[82.75588,26.874927],[82.755705,26.874255],[82.756939,26.873458],[82.756873,26.873258],[82.756814,26.873113],[82.756809,26.873095],[82.756802,26.873074],[82.756726,26.872825],[82.756713,26.872785],[82.756677,26.872672],[82.756654,26.872606],[82.756516,26.8722],[82.756512,26.872186],[82.756472,26.872045],[82.756446,26.871938],[82.756415,26.871809],[82.756381,26.871673],[82.756347,26.871537],[82.756315,26.871407],[82.75631,26.871386],[82.756256,26.871226],[82.756213,26.871099],[82.756149,26.870947],[82.756089,26.870861],[82.756302,26.870797],[82.756551,26.870717],[82.756836,26.870619],[82.757257,26.870497],[82.757277,26.870491],[82.757307,26.870482],[82.757362,26.870465],[82.757619,26.870383],[82.757872,26.870312],[82.758396,26.870147],[82.758496,26.870104],[82.758554,26.870078],[82.758797,26.869996],[82.758916,26.869944],[82.759025,26.869874],[82.759085,26.869803],[82.759156,26.869768],[82.759643,26.869587],[82.759811,26.869537],[82.759898,26.869509],[82.760076,26.869452],[82.76042,26.869339],[82.760678,26.869288],[82.76088,26.869242],[82.761052,26.869234],[82.761122,26.869254],[82.761299,26.86938],[82.761487,26.869485],[82.761697,26.869531],[82.76199,26.86958],[82.76243,26.869687],[82.762557,26.869742],[82.762772,26.869924],[82.762971,26.870133],[82.763181,26.870358],[82.763413,26.870605],[82.763575,26.870751],[82.763612,26.870751],[82.763721,26.870671],[82.763814,26.870573],[82.763929,26.870477],[82.764001,26.870377],[82.764043,26.870346],[82.764226,26.870337],[82.764523,26.870347],[82.764883,26.870358],[82.764919,26.870274],[82.764982,26.870128],[82.765016,26.87005],[82.76504,26.869954],[82.765099,26.869727],[82.7651,26.869547],[82.765086,26.86951],[82.76508,26.869493],[82.765033,26.869365],[82.765023,26.869339],[82.764988,26.869245],[82.764952,26.869207],[82.764881,26.869026],[82.764876,26.869014],[82.764886,26.868968],[82.764968,26.868813],[82.765073,26.868687],[82.765085,26.868671],[82.765132,26.868615],[82.765192,26.868561],[82.765449,26.868333],[82.765363,26.868191],[82.765296,26.868079],[82.765197,26.867828],[82.765193,26.867813],[82.765179,26.867768],[82.765199,26.867753],[82.765793,26.86758],[82.766368,26.867392],[82.766674,26.86732],[82.766793,26.867292],[82.766803,26.867289],[82.766985,26.867261],[82.767059,26.86725],[82.767102,26.867244],[82.767526,26.867131],[82.767762,26.867064],[82.767784,26.867058],[82.767843,26.867042],[82.767843,26.867041],[82.76829,26.866906],[82.768861,26.866733],[82.768881,26.866806],[82.768937,26.867042],[82.768996,26.867264],[82.769039,26.867429],[82.769089,26.867629],[82.769115,26.867634],[82.769285,26.867666],[82.769578,26.867711],[82.769725,26.867719],[82.769963,26.867697],[82.770008,26.867692],[82.770179,26.867673],[82.770252,26.867655],[82.770269,26.86765],[82.770295,26.867628],[82.770297,26.867509],[82.770288,26.867286],[82.770287,26.867176],[82.770319,26.86699],[82.770364,26.866828],[82.770429,26.866624],[82.770572,26.866571],[82.771124,26.866396],[82.771228,26.866354],[82.771271,26.866337],[82.771312,26.866293],[82.77123,26.865904],[82.771164,26.865552],[82.771085,26.865263],[82.771023,26.865056],[82.770989,26.864834],[82.770935,26.864551],[82.770895,26.864385],[82.770884,26.864326],[82.770965,26.864269],[82.771382,26.864093],[82.771478,26.864049],[82.771599,26.863994],[82.771746,26.863927],[82.771774,26.863914],[82.771852,26.863886],[82.772119,26.863792],[82.772171,26.863775],[82.772189,26.86377],[82.772226,26.863758],[82.772713,26.863642],[82.772768,26.863629],[82.772791,26.863623],[82.772849,26.863609],[82.77319,26.863523],[82.773319,26.863492],[82.773773,26.863384],[82.773923,26.863335],[82.773941,26.863317],[82.77396,26.863313],[82.774154,26.8636],[82.774317,26.863954],[82.774327,26.863976],[82.774657,26.864697],[82.77467,26.864726],[82.774791,26.86475],[82.774981,26.864788],[82.775227,26.864819],[82.775604,26.864866],[82.776469,26.864976],[82.776504,26.86498],[82.776547,26.864986],[82.776709,26.865006],[82.776987,26.86558],[82.776992,26.865591],[82.776998,26.865606],[82.777286,26.866326],[82.777335,26.866438],[82.777341,26.866452],[82.777405,26.866597],[82.777424,26.866641],[82.777549,26.866925],[82.777798,26.867495],[82.77781,26.867515],[82.777881,26.867637],[82.777904,26.867668],[82.77797,26.867675],[82.777994,26.867722],[82.778144,26.867674],[82.778445,26.867596],[82.778496,26.867585],[82.778478,26.867543],[82.778613,26.867525],[82.778737,26.867488],[82.778759,26.867483],[82.778784,26.867476],[82.778817,26.867468],[82.77903,26.867412],[82.779503,26.867314],[82.779615,26.867289],[82.779915,26.867222],[82.779932,26.867217],[82.780161,26.866999],[82.781098,26.866517],[82.782966,26.864979],[82.783187,26.864587],[82.78437,26.864086],[82.784779,26.862525],[82.784357,26.861541],[82.783871,26.860697],[82.783684,26.860372],[82.783348,26.858707],[82.782962,26.85747],[82.785076,26.856402],[82.787522,26.854968],[82.78949,26.853494],[82.791111,26.852263],[82.791806,26.851722],[82.792314,26.851343],[82.792777,26.851118],[82.79328,26.851231],[82.793914,26.8518],[82.794713,26.852062],[82.796062,26.851386],[82.797295,26.850611],[82.79813,26.851121],[82.799055,26.852218],[82.800191,26.854069],[82.800653,26.854904],[82.801367,26.855355],[82.802634,26.856304],[82.803519,26.857437],[82.803982,26.857929],[82.805395,26.859311],[82.80628,26.860177],[82.807371,26.861545],[82.808593,26.863058],[82.809714,26.864042],[82.811036,26.865667],[82.812575,26.866746],[82.814175,26.867352],[82.814975,26.867957],[82.815396,26.87015],[82.815587,26.871571],[82.815269,26.873142],[82.815963,26.873399],[82.816879,26.873955],[82.817095,26.874821],[82.817105,26.875309],[82.81724,26.87576],[82.818131,26.876022],[82.818835,26.875833],[82.819998,26.87554],[82.820506,26.87531],[82.820773,26.875093],[82.821176,26.874791],[82.821417,26.874584],[82.821649,26.874638],[82.82178,26.874769],[82.821744,26.874976],[82.821825,26.87531],[82.821689,26.875658],[82.821281,26.875879],[82.821024,26.876348],[82.820254,26.876894],[82.819328,26.877751],[82.818477,26.878892],[82.818199,26.87951],[82.818918,26.880891],[82.818893,26.882177],[82.819048,26.882534],[82.819119,26.882606],[82.820312,26.882151],[82.821349,26.88175],[82.822541,26.881488],[82.823498,26.881204],[82.824519,26.88097],[82.824942,26.880943],[82.825153,26.88097],[82.825339,26.881566],[82.825792,26.881945],[82.826376,26.882207],[82.826854,26.88228],[82.827699,26.88209],[82.82855,26.881996],[82.829239,26.881635],[82.829481,26.88154],[82.830195,26.88183],[82.831227,26.88285],[82.832102,26.883495],[82.832993,26.88369],[82.833546,26.883712],[82.83421,26.88369],[82.834502,26.883713],[82.834714,26.884214],[82.834633,26.884782],[82.834527,26.885378],[82.834607,26.885734],[82.834874,26.885901],[82.835428,26.886046],[82.836917,26.885663],[82.838004,26.885334],[82.838774,26.885095],[82.839464,26.885095],[82.840576,26.884811],[82.841784,26.884504],[82.842579,26.884337],[82.842303,26.883737],[82.842303,26.883096],[82.842434,26.882383],[82.843335,26.881811],[82.843838,26.881477],[82.844291,26.880881],[82.844291,26.879884],[82.844357,26.879099],[82.844382,26.878291],[82.844916,26.877172],[82.846028,26.876414],[82.846562,26.876008],[82.846009,26.875326],[82.845511,26.874722],[82.845113,26.873697],[82.844716,26.872578],[82.844223,26.871671],[82.843614,26.871147],[82.843056,26.87043],[82.842739,26.869667],[82.842417,26.869193],[82.841995,26.868787],[82.841089,26.868642],[82.840536,26.868764],[82.839871,26.868931],[82.839444,26.868764],[82.839152,26.868524],[82.838991,26.867974],[82.838886,26.867094],[82.838408,26.866642],[82.837865,26.866403],[82.836909,26.866358],[82.836511,26.866096],[82.83622,26.865586],[82.836456,26.864855],[82.83699,26.864449],[82.837891,26.863664],[82.838636,26.863141],[82.839169,26.863141],[82.840044,26.863258],[82.840467,26.863119],[82.840467,26.862974],[82.840417,26.86269],[82.840231,26.862045],[82.83999,26.861187],[82.83998,26.860325],[82.840086,26.858967],[82.840167,26.857564],[82.839981,26.856778],[82.839156,26.856205],[82.838306,26.855988],[82.837003,26.856227],[82.836142,26.856227],[82.835161,26.856393],[82.834205,26.856538],[82.83338,26.856871],[82.832374,26.857345],[82.831946,26.857372],[82.831654,26.857277],[82.831654,26.85711],[82.831921,26.856203],[82.832108,26.855467],[82.831761,26.855228],[82.831418,26.855133],[82.831152,26.855205],[82.830437,26.855679],[82.829667,26.856392],[82.829003,26.856915],[82.828047,26.85737],[82.827569,26.857203],[82.827197,26.856824],[82.826533,26.85501],[82.826212,26.854058],[82.825417,26.853367],[82.824808,26.852843],[82.824089,26.852365],[82.823798,26.851985],[82.822978,26.851105],[82.82242,26.850153],[82.82319,26.850203],[82.824226,26.849892],[82.824382,26.84963],[82.824488,26.849012],[82.824675,26.848155],[82.824926,26.84801],[82.82551,26.848272],[82.826224,26.849035],[82.826888,26.84982],[82.82726,26.850249],[82.827607,26.850439],[82.827949,26.850177],[82.828311,26.849807],[82.828402,26.848918],[82.828322,26.847989],[82.827845,26.846012],[82.827711,26.845623],[82.827287,26.844396],[82.826388,26.842587],[82.826081,26.841873],[82.825974,26.841425],[82.82574,26.840443],[82.825579,26.839865],[82.825976,26.839373],[82.826882,26.838828],[82.828125,26.838589],[82.828975,26.838373],[82.829956,26.838183],[82.830862,26.838125],[82.83155,26.838947],[82.832898,26.840495],[82.833959,26.841876],[82.835156,26.843397],[82.836096,26.844327],[82.836865,26.845135],[82.837424,26.845469],[82.838299,26.845826],[82.83933,26.845709],[82.840633,26.845208],[82.841403,26.844279],[82.841987,26.843281],[82.842652,26.842447],[82.842863,26.842163],[82.843869,26.841066],[82.844544,26.840259],[82.845208,26.83983],[82.846189,26.839853],[82.847331,26.840137],[82.848261,26.840282],[82.849534,26.84021],[82.850409,26.840165],[82.851098,26.839876],[82.85131,26.839353],[82.850913,26.838545],[82.85038,26.837638],[82.850143,26.837281],[82.850168,26.83688],[82.850596,26.83595],[82.851301,26.83521],[82.851698,26.834908],[82.851698,26.834452],[82.851854,26.833595],[82.852679,26.832882],[82.853741,26.832571],[82.854686,26.832368],[82.855542,26.831858],[82.8561,26.831023],[82.856669,26.830572],[82.85776,26.830383],[82.858978,26.830356],[82.860014,26.829954],[82.860567,26.829684],[82.861206,26.829192],[82.861473,26.829192],[82.861709,26.829454],[82.862136,26.829955],[82.862242,26.830713],[82.862187,26.831881],[82.862242,26.832166],[82.862584,26.832333],[82.863087,26.832121],[82.863831,26.831999],[82.863962,26.831999],[82.86436,26.832121],[82.864666,26.8325],[82.864877,26.832861],[82.86522,26.833145],[82.865697,26.833357],[82.866361,26.833691],[82.867503,26.834716],[82.868061,26.83519],[82.868167,26.835239],[82.869334,26.835],[82.870179,26.834716],[82.870883,26.834693],[82.871573,26.834883],[82.872186,26.835239],[82.872956,26.835334],[82.873248,26.834693],[82.873323,26.834242],[82.87359,26.834053],[82.874123,26.834053],[82.874546,26.834053],[82.874812,26.83398],[82.875607,26.83329],[82.876165,26.832812],[82.876749,26.83241],[82.877755,26.832266],[82.878217,26.832148],[82.878615,26.832076],[82.87952,26.831553],[82.880446,26.831079],[82.881401,26.830555],[82.882015,26.830266],[82.882438,26.829815],[82.882599,26.829364],[82.882332,26.828746],[82.88204,26.827933],[82.881934,26.82746],[82.881537,26.827216],[82.880938,26.826458],[82.880808,26.825839],[82.880782,26.825099],[82.880858,26.824337],[82.880793,26.82398],[82.880702,26.823479],[82.88046,26.822717],[82.880596,26.822193],[82.880717,26.821719],[82.881325,26.821697],[82.881964,26.821814],[82.882734,26.821837],[82.883689,26.821575],[82.884534,26.820912],[82.885093,26.820099],[82.885304,26.819364],[82.885882,26.818592],[82.886551,26.817933],[82.887215,26.817387],[82.887159,26.817076],[82.886958,26.816624],[82.886455,26.816318],[82.886138,26.815984],[82.886033,26.815198],[82.886113,26.814842],[82.886591,26.814219],[82.886641,26.813984],[82.886535,26.813506],[82.886007,26.813055],[82.885499,26.812577],[82.885449,26.812247],[82.885343,26.811886],[82.884664,26.810934],[82.884508,26.810198],[82.884217,26.80972],[82.883075,26.808912],[82.882652,26.808506],[82.882386,26.80796],[82.882517,26.80708],[82.883236,26.805912],[82.883207,26.805436],[82.883145,26.804436],[82.883331,26.804102],[82.883673,26.803673],[82.884126,26.803032],[82.884126,26.802581],[82.883914,26.802125],[82.88312,26.80139],[82.882028,26.800749],[82.881395,26.800343],[82.880771,26.799797],[82.880454,26.79949],[82.880268,26.798989],[82.880027,26.798037],[82.880132,26.797202],[82.879951,26.796367],[82.879604,26.795537],[82.879338,26.794725],[82.879353,26.794251],[82.879614,26.793561],[82.880359,26.793182],[82.881047,26.79287],[82.882083,26.792631],[82.883144,26.79218],[82.8841,26.792229],[82.884658,26.792107],[82.884894,26.791967],[82.884949,26.791584],[82.884658,26.791133],[82.883808,26.790537],[82.883169,26.790014],[82.882586,26.789156],[82.882359,26.787279],[82.882068,26.786327],[82.881987,26.78542],[82.881404,26.784874],[82.881288,26.784754],[82.880665,26.784111],[82.880599,26.783922],[82.88073,26.783231],[82.881344,26.782613],[82.882163,26.782234],[82.882324,26.782234],[82.882802,26.782401],[82.883013,26.782495],[82.883304,26.782735],[82.883435,26.783326],[82.883596,26.784111],[82.883968,26.784472],[82.88434,26.784612],[82.884738,26.784612],[82.885291,26.784422],[82.885849,26.783826],[82.88601,26.783492],[82.885954,26.783303],[82.885426,26.782829],[82.884788,26.782423],[82.884657,26.782207],[82.884707,26.781778],[82.885215,26.781232],[82.885848,26.780875],[82.886009,26.780686],[82.886301,26.780374],[82.886406,26.78004],[82.886537,26.779138],[82.886788,26.778903],[82.887,26.778831],[82.887291,26.778876],[82.888302,26.779688],[82.88883,26.779927],[82.889333,26.780067],[82.889785,26.780189],[82.890529,26.780329],[82.890901,26.780568],[82.891962,26.781019],[82.892676,26.781069],[82.893209,26.781208],[82.893712,26.781208],[82.894612,26.781208],[82.895366,26.781307],[82.895924,26.781425],[82.896402,26.781781],[82.896669,26.781998],[82.896749,26.782566],[82.896483,26.782972],[82.89598,26.783424],[82.89595,26.783685],[82.89598,26.78397],[82.896272,26.784331],[82.896614,26.784565],[82.897172,26.784804],[82.897836,26.784994],[82.898233,26.784994],[82.898524,26.784782],[82.898605,26.784303],[82.898419,26.783568],[82.898419,26.783306],[82.898469,26.783067],[82.898605,26.783044],[82.898871,26.783017],[82.899349,26.783161],[82.899821,26.783495],[82.900038,26.783924],[82.900038,26.78447],[82.900143,26.784854],[82.90046,26.785115],[82.900777,26.785232],[82.901707,26.785187],[82.902451,26.785115],[82.902954,26.785422],[82.902864,26.78595],[82.902462,26.786663],[82.902387,26.787137],[82.902553,26.787394],[82.902864,26.787448],[82.903417,26.787186],[82.904267,26.786568],[82.904056,26.78571],[82.903739,26.78483],[82.903552,26.784329],[82.906404,26.784462],[82.906549,26.784469],[82.907102,26.784306],[82.907238,26.783972],[82.907132,26.78321],[82.906443,26.782303],[82.905804,26.781707],[82.905729,26.781473],[82.905915,26.781107],[82.906352,26.781107],[82.907257,26.781201],[82.90785,26.781237],[82.908278,26.781449],[82.908474,26.781973],[82.90862,26.782284],[82.908887,26.782365],[82.909525,26.782343],[82.909761,26.782342],[82.910078,26.782437],[82.910174,26.782663],[82.910189,26.782875],[82.909842,26.7832],[82.909525,26.783529],[82.90934,26.783972],[82.90935,26.784482],[82.909591,26.785113],[82.909843,26.785519],[82.910089,26.78584],[82.910446,26.786124],[82.911482,26.786282],[82.912221,26.78639],[82.912528,26.786448],[82.913031,26.786651],[82.913403,26.786827],[82.913866,26.78698],[82.914323,26.787075],[82.914891,26.786967],[82.915304,26.786791],[82.915636,26.78679],[82.91634,26.78679],[82.916737,26.786898],[82.917215,26.787146],[82.917667,26.787584],[82.918024,26.788229],[82.918271,26.788396],[82.918603,26.788441],[82.919065,26.788346],[82.919583,26.788062],[82.920191,26.787624],[82.920402,26.787552],[82.920951,26.787538],[82.921373,26.787691],[82.921826,26.788097],[82.921972,26.788467],[82.922128,26.788932],[82.922359,26.789311],[82.922691,26.789694],[82.923089,26.789766],[82.923687,26.78973],[82.924099,26.78973],[82.924627,26.78973],[82.924828,26.78973],[82.925014,26.78973],[82.925236,26.789824],[82.925211,26.79005],[82.925105,26.790515],[82.92513,26.790835],[82.925186,26.791074],[82.925236,26.791295],[82.925528,26.791336],[82.926192,26.7913],[82.926835,26.791205],[82.927484,26.791024],[82.927987,26.790965],[82.928384,26.790965],[82.928972,26.791145],[82.9295,26.791357],[82.929872,26.791407],[82.930451,26.79119],[82.931099,26.790986],[82.931516,26.790819],[82.931602,26.790594],[82.931592,26.790318],[82.931259,26.789998],[82.930716,26.789619],[82.93049,26.789403],[82.930248,26.788929],[82.930288,26.788451],[82.930399,26.787832],[82.930544,26.787119],[82.930509,26.7867],[82.930242,26.78619],[82.929945,26.78603],[82.929246,26.785653],[82.928562,26.785356],[82.927898,26.784927],[82.927556,26.78462],[82.927128,26.783808],[82.926786,26.78287],[82.926605,26.782166],[82.926328,26.781967],[82.92577,26.782049],[82.925263,26.782753],[82.925052,26.783344],[82.92468,26.783751],[82.924358,26.783678],[82.924147,26.783394],[82.924096,26.78218],[82.924171,26.781345],[82.923879,26.780326],[82.923537,26.779586],[82.923722,26.778561],[82.923692,26.777754],[82.923761,26.777338],[82.923918,26.7764],[82.923585,26.775863],[82.923253,26.775258],[82.9228,26.774257],[82.922519,26.773656],[82.921804,26.773011],[82.921141,26.772393],[82.920979,26.771274],[82.920929,26.770489],[82.920315,26.769609],[82.920104,26.768987],[82.920103,26.767822],[82.920223,26.766969],[82.920193,26.76604],[82.919665,26.765205],[82.919001,26.76437],[82.91893,26.76401],[82.918815,26.763775],[82.918815,26.763441],[82.919131,26.762705],[82.919065,26.76206],[82.918799,26.761397],[82.918821,26.761277],[82.918904,26.760846],[82.919221,26.760395],[82.919542,26.760156],[82.919741,26.760224],[82.919965,26.7603],[82.920068,26.76046],[82.920472,26.761085],[82.920709,26.761536],[82.921081,26.761825],[82.92185,26.76149],[82.922458,26.761323],[82.92278,26.761251],[82.923202,26.761607],[82.923655,26.762487],[82.923841,26.762776],[82.924213,26.762965],[82.924716,26.762965],[82.925038,26.762965],[82.925169,26.763037],[82.92546,26.763249],[82.925566,26.76361],[82.925622,26.764418],[82.925647,26.764607],[82.925939,26.764752],[82.926361,26.764824],[82.927241,26.764751],[82.927598,26.765013],[82.927598,26.765297],[82.927256,26.765893],[82.926965,26.766466],[82.927121,26.766683],[82.927759,26.766655],[82.928981,26.766276],[82.929961,26.765919],[82.930494,26.76568],[82.930599,26.765201],[82.930679,26.764822],[82.931011,26.764276],[82.931579,26.764429],[82.93187,26.764524],[82.932353,26.764429],[82.932644,26.764095],[82.932935,26.763003],[82.933252,26.76238],[82.933784,26.762023],[82.934418,26.762072],[82.935534,26.762835],[82.936037,26.763597],[82.936545,26.764215],[82.936887,26.764287],[82.937526,26.764237],[82.937953,26.763714],[82.937816,26.762545],[82.937685,26.761426],[82.93771,26.760496],[82.937895,26.759666],[82.938212,26.759138],[82.938704,26.759164],[82.939418,26.759548],[82.940218,26.760143],[82.940585,26.76045],[82.940957,26.760499],[82.941037,26.760165],[82.940584,26.75869],[82.940478,26.756925],[82.940185,26.755851],[82.939919,26.755256],[82.940054,26.754755],[82.940557,26.754425],[82.940823,26.753924],[82.940676,26.752972],[82.94057,26.751993],[82.940701,26.751325],[82.941097,26.751063],[82.941872,26.751135],[82.942666,26.751753],[82.943225,26.752709],[82.943597,26.752971],[82.943858,26.752993],[82.944602,26.752469],[82.945109,26.751801],[82.945451,26.751684],[82.945649,26.751767],[82.945848,26.751851],[82.946381,26.752468],[82.946779,26.752847],[82.94702,26.752847],[82.947573,26.752707],[82.948131,26.752562],[82.948558,26.752513],[82.949377,26.752824],[82.94992,26.753062],[82.950187,26.753157],[82.950478,26.753157],[82.950905,26.752895],[82.951383,26.752371],[82.951382,26.751681],[82.950874,26.751275],[82.950346,26.750869],[82.949776,26.750311],[82.949787,26.75029],[82.950019,26.749823],[82.95037,26.749155],[82.951526,26.748166],[82.952103,26.747268],[82.952651,26.746767],[82.952877,26.746654],[82.953063,26.746577],[82.953334,26.746591],[82.95354,26.746654],[82.953923,26.747145],[82.954235,26.747894],[82.954371,26.748404],[82.954522,26.748657],[82.954637,26.748738],[82.954763,26.748824],[82.954899,26.748878],[82.955195,26.748787],[82.955517,26.748354],[82.956004,26.747361],[82.956531,26.746196],[82.957606,26.745261],[82.958982,26.743992],[82.959429,26.743807],[82.959735,26.743342],[82.9598,26.742927],[82.95987,26.741876],[82.95991,26.741573],[82.960251,26.741356],[82.960689,26.741505],[82.961071,26.741897],[82.961288,26.742376],[82.96167,26.742894],[82.961906,26.74298],[82.962268,26.742682],[82.962921,26.741973],[82.963518,26.741377],[82.965246,26.739724],[82.965713,26.739074],[82.965823,26.738194],[82.965682,26.737621],[82.96543,26.737192],[82.965224,26.737035],[82.964958,26.737062],[82.964726,26.737175],[82.964491,26.7375],[82.964149,26.73773],[82.963923,26.737816],[82.963671,26.73778],[82.963541,26.737667],[82.963405,26.737505],[82.963354,26.736986],[82.963454,26.736345],[82.9637,26.736011],[82.96456,26.735767],[82.965127,26.735573],[82.965604,26.735247],[82.96579,26.734683],[82.965865,26.734128],[82.965945,26.733943],[82.965613,26.733298],[82.964576,26.731678],[82.963887,26.730411],[82.963479,26.7295],[82.963252,26.72829],[82.963447,26.726684],[82.963858,26.72579],[82.964044,26.725411],[82.964501,26.724742],[82.964651,26.724593],[82.965479,26.723289],[82.96673,26.721979],[82.968352,26.72062],[82.969612,26.719256],[82.970325,26.718105],[82.970565,26.71785],[82.970952,26.717441],[82.971223,26.717125],[82.971565,26.716877],[82.972132,26.716606],[82.9727,26.716465],[82.972856,26.71642],[82.973333,26.716289],[82.974126,26.715395],[82.974498,26.714718],[82.974829,26.714397],[82.975467,26.713792],[82.975582,26.713562],[82.975612,26.713128],[82.975757,26.712636],[82.97602,26.712311],[82.976199,26.71209],[82.976314,26.711833],[82.976284,26.711544],[82.976062,26.711323],[82.975876,26.711052],[82.976187,26.710556],[82.976539,26.710028],[82.977161,26.709287],[82.977522,26.708574],[82.977622,26.707775],[82.977521,26.707554],[82.977169,26.707053],[82.977073,26.706588],[82.976952,26.706431],[82.976837,26.706322],[82.976626,26.706291],[82.976485,26.706359],[82.976163,26.706391],[82.975822,26.706359],[82.975435,26.706278],[82.974933,26.706455],[82.974224,26.706654],[82.973883,26.706717],[82.973676,26.706568],[82.973571,26.706383],[82.973415,26.705842],[82.973158,26.705644],[82.973052,26.705332],[82.973052,26.705043],[82.973087,26.704764],[82.973292,26.703992],[82.973378,26.703762],[82.973894,26.702872],[82.973944,26.702439],[82.974341,26.7021],[82.974341,26.70196],[82.974461,26.701527],[82.974612,26.701342],[82.974993,26.70122],[82.97535,26.701098],[82.975455,26.700741],[82.975661,26.700199],[82.975625,26.699969],[82.975369,26.699726],[82.975333,26.699035],[82.975503,26.698173],[82.975879,26.697108],[82.975707,26.696075],[82.975365,26.695877],[82.974074,26.695413],[82.973868,26.695034],[82.973801,26.69349],[82.973559,26.692132],[82.972834,26.690968],[82.972558,26.690784],[82.972025,26.690662],[82.971784,26.690599],[82.971462,26.690383],[82.971045,26.69009],[82.970633,26.690108],[82.970327,26.690262],[82.970221,26.690555],[82.96998,26.69088],[82.969619,26.691589],[82.96971,26.691837],[82.96974,26.692099],[82.96964,26.692284],[82.969328,26.692221],[82.968966,26.691941],[82.968795,26.691635],[82.968539,26.69145],[82.968042,26.691545],[82.967801,26.691527],[82.967489,26.69145],[82.967218,26.691482],[82.966942,26.691821],[82.966686,26.692024],[82.966254,26.692074],[82.965502,26.690926],[82.965394,26.690761],[82.965122,26.690346],[82.965172,26.690206],[82.965669,26.689868],[82.96601,26.688897],[82.9662,26.687985],[82.966114,26.687498],[82.965369,26.686228],[82.965254,26.686032],[82.964665,26.684651],[82.964082,26.683294],[82.963895,26.682364],[82.963503,26.681669],[82.963296,26.680821],[82.963155,26.680451],[82.96312,26.680022],[82.96326,26.679589],[82.963566,26.679481],[82.964219,26.679543],[82.964722,26.67999],[82.964843,26.680143],[82.965441,26.680806],[82.966114,26.681189],[82.96723,26.681134],[82.967385,26.680331],[82.967422,26.679962],[82.967462,26.679574],[82.967469,26.679501],[82.967866,26.6789],[82.968448,26.678065],[82.968328,26.677658],[82.968312,26.677605],[82.968143,26.677254],[82.968121,26.677208],[82.969411,26.675912],[82.969978,26.675248],[82.970233,26.674521],[82.970388,26.673519],[82.970232,26.672951],[82.969508,26.672135],[82.967845,26.671224],[82.966714,26.670846],[82.965819,26.669718],[82.965131,26.66938],[82.964151,26.669227],[82.962675,26.669819],[82.962243,26.669973],[82.961554,26.66959],[82.960284,26.669681],[82.958019,26.670359],[82.956231,26.670753],[82.953931,26.671693],[82.953122,26.672063],[82.952781,26.672217],[82.951661,26.672299],[82.949325,26.672268],[82.948487,26.672531],[82.948537,26.672652],[82.949034,26.67309],[82.951547,26.674844],[82.951151,26.675476],[82.948745,26.676682],[82.946325,26.677536],[82.943572,26.677844],[82.942321,26.677647],[82.941286,26.677137],[82.940356,26.676388],[82.94015,26.676253],[82.938552,26.675527],[82.935527,26.673268],[82.933502,26.671667],[82.934893,26.670908],[82.936093,26.670307],[82.933963,26.668494],[82.933824,26.668321],[82.932777,26.667014],[82.932239,26.666379],[82.931967,26.666058],[82.930988,26.666135],[82.92807,26.666091],[82.927276,26.665875],[82.926829,26.665365],[82.926487,26.664693],[82.924321,26.662581],[82.923788,26.66158],[82.923426,26.660366],[82.923134,26.659346],[82.922707,26.657067],[82.921868,26.656806],[82.918432,26.656608],[82.917262,26.656252],[82.916729,26.655733],[82.91597,26.653423],[82.915679,26.65239],[82.915699,26.651911],[82.915819,26.651095],[82.91616,26.650652],[82.916146,26.650622],[82.915833,26.649957],[82.915045,26.648816],[82.914271,26.647507],[82.915024,26.64692],[82.91659,26.646135],[82.917088,26.646518],[82.91757,26.647136],[82.917896,26.64706],[82.918152,26.646739],[82.918378,26.646017],[82.919272,26.645182],[82.919507,26.643593],[82.919612,26.641829],[82.919405,26.639952],[82.919405,26.638995],[82.919681,26.638873],[82.920128,26.638634],[82.922076,26.638362],[82.923189,26.638054],[82.923577,26.637947],[82.923783,26.637892],[82.924034,26.637662],[82.92412,26.637454],[82.923753,26.63689],[82.92327,26.636114],[82.923305,26.635559],[82.924169,26.634503],[82.924746,26.633542],[82.925021,26.63217],[82.925372,26.631132],[82.926029,26.629958],[82.926185,26.628744],[82.926802,26.627544],[82.928202,26.626834],[82.928599,26.62641],[82.929517,26.625322],[82.930029,26.624104],[82.931825,26.622578],[82.932247,26.622113],[82.933813,26.62088],[82.934465,26.620234],[82.934595,26.619557],[82.93463,26.619151],[82.934238,26.618298],[82.933912,26.617829],[82.933289,26.617509],[82.932476,26.617627],[82.930709,26.618417],[82.930523,26.618517],[82.929504,26.619063],[82.928722,26.619321],[82.927642,26.619677],[82.925806,26.62046],[82.925714,26.6205],[82.924047,26.621529],[82.923725,26.621859],[82.922642,26.622964],[82.921307,26.624341],[82.921087,26.625325],[82.920821,26.625957],[82.919943,26.627104],[82.918959,26.627839],[82.917453,26.62839],[82.916047,26.628928],[82.915153,26.629578],[82.914867,26.629655],[82.91437,26.629854],[82.914059,26.630066],[82.913632,26.630544],[82.913487,26.631239],[82.913109,26.631658],[82.912388,26.632458],[82.91233,26.632556],[82.91176,26.633532],[82.910565,26.633063],[82.909596,26.63286],[82.909054,26.632883],[82.908767,26.633104],[82.908742,26.633375],[82.909004,26.634165],[82.909195,26.634724],[82.909235,26.635631],[82.907965,26.63597],[82.907603,26.636002],[82.90677,26.635736],[82.906308,26.635713],[82.904916,26.635005],[82.903796,26.63385],[82.900482,26.631608],[82.899743,26.630764],[82.899989,26.63024],[82.900286,26.629938],[82.901057,26.629772],[82.901144,26.629753],[82.902038,26.629613],[82.903102,26.629355],[82.904528,26.628759],[82.904684,26.628953],[82.904513,26.629671],[82.904203,26.630492],[82.903971,26.631106],[82.904333,26.63213],[82.905202,26.632848],[82.905965,26.632996],[82.906709,26.632707],[82.907331,26.631845],[82.907898,26.630658],[82.907963,26.630342],[82.907697,26.630212],[82.905593,26.629752],[82.906713,26.629052],[82.907712,26.628497],[82.907909,26.626861],[82.90791,26.626847],[82.907962,26.626416],[82.908178,26.625365],[82.908298,26.624724],[82.908102,26.624097],[82.907695,26.623014],[82.906691,26.622648],[82.905325,26.62315],[82.903764,26.623367],[82.902945,26.621769],[82.902191,26.620722],[82.902273,26.619972],[82.902307,26.619662],[82.902191,26.619048],[82.901905,26.618656],[82.899916,26.617857],[82.89848,26.616901],[82.897858,26.615624],[82.897817,26.615472],[82.897405,26.613932],[82.896803,26.612167],[82.896185,26.611457],[82.895831,26.61105],[82.895567,26.610746],[82.894548,26.610195],[82.894031,26.610714],[82.891566,26.6128],[82.890457,26.613328],[82.889809,26.612967],[82.887497,26.611171],[82.887404,26.611099],[82.886357,26.610215],[82.88519,26.609231],[82.883644,26.611144],[82.882241,26.612917],[82.882022,26.613193],[82.880175,26.614646],[82.878875,26.615626],[82.876565,26.616284],[82.875225,26.616587],[82.871745,26.616375],[82.871306,26.616298],[82.868497,26.615806],[82.867292,26.615264],[82.866152,26.614123],[82.865078,26.611871],[82.864044,26.610666],[82.864305,26.610052],[82.865079,26.60859],[82.865239,26.608093],[82.865596,26.60697],[82.865716,26.60512],[82.86544,26.603802],[82.864964,26.60243],[82.864226,26.601807],[82.862283,26.601396],[82.860256,26.601237],[82.859808,26.601202],[82.858905,26.600778],[82.856575,26.600529],[82.853895,26.600145],[82.852038,26.599784],[82.851184,26.59949],[82.850986,26.599543],[82.850742,26.599608],[82.850742,26.600149],[82.850516,26.601702],[82.85024,26.60287],[82.848909,26.603926],[82.846805,26.605591],[82.845324,26.607075],[82.84442,26.608695],[82.844631,26.609801],[82.842788,26.60971],[82.840537,26.609732],[82.840511,26.609732],[82.839083,26.609745],[82.837732,26.610065],[82.835767,26.610894],[82.835453,26.611026],[82.834142,26.611581],[82.833249,26.61158],[82.83226,26.610741],[82.831723,26.609531],[82.830258,26.608854],[82.828907,26.608587],[82.826212,26.607855],[82.825499,26.607304],[82.825418,26.607121],[82.825295,26.606845],[82.824922,26.606005],[82.82427,26.604989],[82.82418,26.604721],[82.823418,26.602443],[82.82235,26.599469],[82.821854,26.597957],[82.82225,26.597511],[82.823245,26.596996],[82.824771,26.596248],[82.825604,26.595698],[82.826654,26.595111],[82.827374,26.594626],[82.827517,26.594529],[82.827613,26.594083],[82.827193,26.590815],[82.826642,26.588532],[82.825678,26.58645],[82.825097,26.585196],[82.825088,26.585169],[82.824676,26.583892],[82.823483,26.580376],[82.823042,26.578735],[82.822461,26.576571],[82.821563,26.574716],[82.820416,26.571137],[82.819374,26.568698],[82.819273,26.568804],[82.818319,26.569241],[82.816688,26.569497],[82.815644,26.569483],[82.812272,26.569035],[82.808312,26.568596],[82.805341,26.568563],[82.804393,26.568476],[82.799705,26.568641],[82.799088,26.568704],[82.796644,26.569204],[82.793828,26.569306],[82.792172,26.569214],[82.79017,26.569159],[82.787982,26.568865],[82.786321,26.568308],[82.783391,26.567282],[82.782107,26.56678],[82.778896,26.5657],[82.775449,26.564939],[82.773763,26.564424],[82.772178,26.563741],[82.770116,26.562408],[82.768276,26.561224],[82.76503,26.559823],[82.761679,26.55851],[82.760516,26.558055],[82.757531,26.557204],[82.754099,26.556687],[82.752704,26.556812],[82.752127,26.556956],[82.750053,26.558001],[82.748062,26.559253],[82.74639,26.559702],[82.744498,26.55941],[82.743895,26.559267],[82.743837,26.559253],[82.742852,26.559019],[82.741381,26.558488],[82.739699,26.557939],[82.73735,26.55742],[82.737215,26.55739],[82.735247,26.556669],[82.73337,26.555998],[82.731497,26.555382],[82.729549,26.55449],[82.728801,26.554161],[82.727677,26.553665],[82.725443,26.553012],[82.722328,26.553651],[82.720682,26.553774],[82.718966,26.5541],[82.716804,26.554191],[82.714952,26.554328],[82.713311,26.554586],[82.712202,26.554618],[82.710903,26.554998],[82.709699,26.55569],[82.708365,26.556841],[82.707964,26.557441],[82.707428,26.558611],[82.706857,26.560226],[82.706457,26.561635],[82.70575,26.563323],[82.705079,26.564903],[82.704473,26.565919],[82.703936,26.566176],[82.702847,26.566244],[82.701567,26.566331],[82.69964,26.566639],[82.697462,26.566883],[82.695837,26.567484],[82.693393,26.568515],[82.691045,26.569703],[82.689019,26.571319],[82.686631,26.573206],[82.685141,26.574308],[82.685006,26.575409],[82.685067,26.577178],[82.685088,26.578983],[82.685324,26.579778],[82.68532,26.581267],[82.684899,26.582797],[82.684328,26.58393],[82.683294,26.585049],[82.68215,26.585975],[82.680565,26.586869],[82.678708,26.5878],[82.677007,26.588662],[82.675612,26.589416],[82.673951,26.590464],[82.670799,26.592392],[82.669063,26.593633],[82.667708,26.594974],[82.666273,26.596297],[82.66543,26.597533],[82.665069,26.599032],[82.664151,26.600973],[82.663845,26.602209],[82.663334,26.603739],[82.662892,26.60443],[82.660945,26.604823],[82.659032,26.605117],[82.657084,26.605636],[82.654273,26.606083],[82.651291,26.60658],[82.649173,26.60682],[82.648405,26.606563],[82.647777,26.60627],[82.646743,26.605706],[82.645252,26.60483],[82.643188,26.603711],[82.642099,26.602971],[82.640743,26.601925],[82.639634,26.601492],[82.639041,26.601424],[82.636652,26.601356],[82.633881,26.600928],[82.630688,26.600671],[82.62872,26.600757],[82.626195,26.600653],[82.621783,26.600721],[82.617787,26.600752],[82.61736,26.600756],[82.617486,26.600911],[82.618349,26.60197],[82.619518,26.603554],[82.61985,26.604394],[82.620241,26.605179],[82.620688,26.606091],[82.620844,26.60693],[82.620979,26.608198],[82.620979,26.609281],[82.621095,26.610175],[82.621034,26.611226],[82.621094,26.6123],[82.62123,26.613559],[82.62133,26.614345],[82.62125,26.615306],[82.621135,26.61615],[82.620919,26.617003],[82.620592,26.617968],[82.620512,26.618763],[82.620085,26.619674],[82.619578,26.621245],[82.619266,26.622508],[82.619658,26.623275],[82.620788,26.62471],[82.62133,26.625333],[82.621772,26.625672],[82.623308,26.628267],[82.624533,26.630311],[82.625382,26.631674],[82.625812,26.632548],[82.625894,26.632716],[82.626808,26.633727],[82.626808,26.634426],[82.626758,26.635324],[82.626452,26.63639],[82.626316,26.637409],[82.626472,26.638804],[82.626517,26.640027],[82.626808,26.640708],[82.627767,26.642112],[82.627826,26.642345],[82.628029,26.64315],[82.628073,26.643578],[82.628144,26.644264],[82.628054,26.645528],[82.628701,26.646787],[82.628837,26.647689],[82.629636,26.648633],[82.630268,26.649382],[82.630218,26.649955],[82.630128,26.650916],[82.630309,26.65148],[82.631042,26.652383],[82.631605,26.653524],[82.631117,26.65431],[82.631118,26.654828],[82.631163,26.655871],[82.630721,26.657234],[82.630515,26.658069],[82.630515,26.658908],[82.630138,26.659811],[82.630095,26.659881],[82.629883,26.660225],[82.629671,26.660569],[82.629716,26.660844],[82.629405,26.661467],[82.62945,26.662225],[82.629003,26.662766],[82.628737,26.66315],[82.628401,26.663488],[82.628265,26.66435],[82.628079,26.66491],[82.627622,26.665533],[82.626462,26.666747],[82.625618,26.667726],[82.624588,26.668868],[82.623719,26.66959],[82.622474,26.67051],[82.621248,26.671241],[82.620977,26.671499],[82.620736,26.671783],[82.620911,26.672243],[82.62058,26.673263],[82.620469,26.674066],[82.620826,26.674644],[82.621057,26.674879],[82.621539,26.675366],[82.622052,26.675962],[82.622589,26.676422],[82.623543,26.676481],[82.624347,26.676463],[82.625131,26.676341],[82.625819,26.676102],[82.626779,26.675479],[82.627648,26.674978],[82.628748,26.674996],[82.630935,26.676639],[82.63121,26.676885],[82.631053,26.678011],[82.630471,26.67908],[82.629996,26.680299],[82.633402,26.681354],[82.634616,26.681776],[82.635464,26.682193],[82.636399,26.682866],[82.63776,26.684247],[82.638373,26.685772],[82.638564,26.686593],[82.63874,26.687234],[82.638474,26.68843],[82.638273,26.689391],[82.638273,26.690352],[82.63865,26.691313],[82.639143,26.692153],[82.639283,26.692518],[82.639565,26.693308],[82.639997,26.695054],[82.63949,26.695348],[82.638922,26.695948],[82.638319,26.696607],[82.637772,26.697126],[82.637119,26.697523],[82.636717,26.697816],[82.636114,26.697816],[82.635596,26.697514],[82.635229,26.697225],[82.634928,26.697058],[82.634762,26.69709],[82.634581,26.697275],[82.634536,26.697532],[82.634536,26.697776],[82.634536,26.69792],[82.634521,26.698326],[82.634592,26.699585],[82.634351,26.700118],[82.634225,26.700398],[82.633898,26.700637],[82.633346,26.700948],[82.632939,26.700912],[82.632763,26.700854],[82.632265,26.700348],[82.632205,26.70005],[82.632095,26.699798],[82.631673,26.699893],[82.631135,26.700299],[82.630472,26.700967],[82.629522,26.701905],[82.628618,26.702668],[82.627814,26.703074],[82.62694,26.703377],[82.626337,26.703404],[82.625754,26.703368],[82.625226,26.703228],[82.624568,26.703367],[82.624166,26.70385],[82.62387,26.704419],[82.623503,26.705155],[82.623046,26.705506],[82.622463,26.705484],[82.621644,26.705164],[82.620528,26.704708],[82.620111,26.704545],[82.620649,26.705867],[82.620735,26.706168],[82.617463,26.707463],[82.620591,26.713323],[82.621042,26.713498],[82.622438,26.715578],[82.622287,26.715683],[82.621945,26.715904],[82.621151,26.716414],[82.620005,26.716802],[82.619481,26.716992],[82.618799,26.717239],[82.619076,26.718047],[82.619467,26.718828],[82.619834,26.719726],[82.620216,26.720394],[82.620673,26.720958],[82.620985,26.721445],[82.621543,26.722109],[82.622111,26.722574],[82.622699,26.723183],[82.622678,26.723584],[82.622834,26.724112],[82.622975,26.72469],[82.623101,26.72492],[82.623377,26.725209],[82.623653,26.725462],[82.624,26.725669],[82.624558,26.725859],[82.625081,26.726121],[82.625829,26.726233],[82.626397,26.726351],[82.627,26.726436],[82.627704,26.726567],[82.628407,26.726716],[82.629342,26.72677],[82.630815,26.727154],[82.631654,26.727244],[82.632614,26.727343],[82.633393,26.727474],[82.634227,26.727673],[82.635132,26.727718],[82.635946,26.727736],[82.636916,26.727866],[82.637785,26.727957],[82.63882,26.728002],[82.639755,26.728173],[82.640826,26.728281],[82.64173,26.728344],[82.642801,26.728543],[82.64268,26.729382],[82.642334,26.730204],[82.642022,26.73102],[82.64151,26.731801],[82.640796,26.73246],[82.640484,26.732762],[82.639615,26.733602],[82.63807,26.735067],[82.637987,26.735145],[82.638324,26.735827],[82.638656,26.736278],[82.638831,26.736517],[82.63943,26.737492],[82.640063,26.738259],[82.640757,26.738949],[82.64136,26.73968],[82.642094,26.740777],[82.64225,26.740957],[82.642838,26.741648],[82.643049,26.742126],[82.643185,26.742428],[82.643285,26.743132],[82.643461,26.743913],[82.643572,26.744242],[82.643829,26.744209],[82.643833,26.744219],[82.643932,26.74434],[82.644157,26.744729],[82.644216,26.744773],[82.644465,26.744878],[82.644478,26.744888],[82.644501,26.744907],[82.644687,26.745054],[82.644864,26.745174],[82.644978,26.745192],[82.645093,26.745289],[82.645207,26.745468],[82.645723,26.74536],[82.645809,26.745452],[82.64595,26.745469],[82.646111,26.745657],[82.646144,26.745671],[82.646286,26.745699],[82.646309,26.745745],[82.646369,26.745865],[82.646508,26.745929],[82.646596,26.746097],[82.646651,26.746202],[82.646767,26.746213],[82.646793,26.746276],[82.646933,26.746652],[82.646937,26.746663],[82.646951,26.746701],[82.646895,26.746727],[82.646733,26.746828],[82.646653,26.746878],[82.646743,26.747143],[82.646825,26.747306],[82.647453,26.747279],[82.647855,26.747495],[82.648302,26.747495],[82.649072,26.747766],[82.650142,26.748046],[82.650766,26.748253],[82.65158,26.748334],[82.652007,26.748605],[82.652652,26.749056],[82.654094,26.749628],[82.654682,26.750321],[82.654894,26.751132],[82.655265,26.751956],[82.654702,26.75227],[82.654733,26.753045],[82.654216,26.75333],[82.653498,26.753979],[82.652765,26.754567],[82.652344,26.754987],[82.652173,26.755365],[82.652095,26.756163],[82.652266,26.756583],[82.65236,26.757031],[82.652812,26.757899],[82.653031,26.758641],[82.652953,26.759649],[82.652626,26.760517],[82.652377,26.760922],[82.652127,26.761328],[82.651301,26.761804],[82.650412,26.762225],[82.649835,26.762897],[82.649056,26.763555],[82.648775,26.764366],[82.64784,26.764948],[82.647762,26.765864],[82.647793,26.767348],[82.647576,26.768045],[82.647466,26.768398],[82.646515,26.768944],[82.64558,26.769546],[82.644769,26.770036],[82.643927,26.770526],[82.643069,26.7711],[82.641603,26.771975],[82.640449,26.772318],[82.639467,26.772682],[82.6385,26.773145],[82.637564,26.773369],[82.636551,26.773747],[82.635553,26.773859],[82.634648,26.773992],[82.633713,26.774188],[82.634149,26.775077],[82.634461,26.77593],[82.634773,26.776854],[82.635038,26.777666],[82.635413,26.778562],[82.6356,26.779108],[82.635787,26.779514],[82.635974,26.77992],[82.636411,26.780731],[82.636942,26.781557],[82.637487,26.782397],[82.637971,26.783237],[82.638564,26.783881],[82.639094,26.784567],[82.639781,26.785336],[82.640108,26.786176],[82.640233,26.787058],[82.640358,26.787765],[82.640052,26.787804],[82.640345,26.789863],[82.640912,26.790194],[82.641169,26.790599],[82.64131,26.791523],[82.641419,26.792461],[82.641216,26.793112],[82.640327,26.793861],[82.639345,26.794085],[82.638518,26.793763],[82.63766,26.793343],[82.637255,26.793196],[82.637083,26.792587],[82.636631,26.791734],[82.636007,26.790789],[82.635352,26.791118],[82.634509,26.791566],[82.633558,26.792014],[82.632747,26.792378],[82.631796,26.792742],[82.630782,26.79305],[82.63055,26.793107],[82.630127,26.793211],[82.628988,26.793652],[82.627927,26.794016],[82.627038,26.79445],[82.626087,26.794856],[82.625198,26.795206],[82.624371,26.795471],[82.623591,26.795668],[82.622858,26.796199],[82.622031,26.796801],[82.621111,26.797291],[82.620674,26.797403],[82.620222,26.797557],[82.61998,26.797634],[82.619738,26.797711],[82.619317,26.797977],[82.618459,26.798593],[82.618288,26.798971],[82.618412,26.799489],[82.618475,26.800119],[82.618428,26.800609],[82.61849,26.801322],[82.618444,26.801798],[82.618178,26.802568],[82.617554,26.803744],[82.617008,26.804612],[82.616525,26.805536],[82.616072,26.806655],[82.615604,26.807467],[82.615136,26.808237],[82.614637,26.808979],[82.614044,26.809483],[82.613248,26.810281],[82.612156,26.811106],[82.611158,26.811974],[82.610663,26.812278],[82.610169,26.812581],[82.609683,26.813045],[82.609956,26.81329],[82.610003,26.813535],[82.609941,26.813717],[82.609792,26.813969],[82.60948,26.814277],[82.609355,26.814529],[82.609371,26.814781],[82.609371,26.814927],[82.609473,26.815053],[82.609628,26.815158],[82.609933,26.81527],[82.610588,26.815292],[82.611298,26.815243],[82.611984,26.81518],[82.612452,26.815173],[82.61292,26.815152],[82.613185,26.815222],[82.613404,26.815334],[82.613622,26.815516],[82.613708,26.815943],[82.61384,26.816181],[82.613934,26.816314],[82.614168,26.816398],[82.614519,26.816377],[82.614714,26.816279],[82.614972,26.815957],[82.615151,26.815628],[82.615385,26.815348],[82.615658,26.815278],[82.615923,26.815341],[82.616025,26.815544],[82.615986,26.815845],[82.6159,26.816202],[82.615853,26.816517],[82.615947,26.81665],[82.616212,26.816804],[82.616563,26.816895],[82.616789,26.816923],[82.616929,26.817084],[82.616937,26.817266],[82.61682,26.817462],[82.616648,26.8177],[82.616656,26.817861],[82.616742,26.818134],[82.616882,26.818379],[82.617062,26.818651],[82.617288,26.818953],[82.617662,26.819148],[82.618084,26.81926],[82.618505,26.819372],[82.618832,26.819428],[82.618965,26.819359],[82.619028,26.819128],[82.619043,26.818512],[82.619184,26.818288],[82.619425,26.818232],[82.619932,26.81826],[82.620284,26.818288],[82.620681,26.818323],[82.621141,26.818183],[82.621524,26.818036],[82.622054,26.817882],[82.622304,26.817938],[82.622413,26.818057],[82.622491,26.818323],[82.622663,26.818638],[82.622897,26.81896],[82.623224,26.819261],[82.623411,26.819443],[82.623575,26.81952],[82.623723,26.819429],[82.623809,26.819219],[82.623872,26.81875],[82.623934,26.81861],[82.624527,26.818344],[82.624894,26.818127],[82.625237,26.818078],[82.625837,26.817868],[82.626212,26.817714],[82.626415,26.817742],[82.6265,26.817784],[82.626586,26.818001],[82.626641,26.818253],[82.626649,26.818561],[82.62675,26.818785],[82.626914,26.818932],[82.62721,26.818967],[82.627374,26.818925],[82.6276,26.818638],[82.627827,26.818218],[82.628326,26.818855],[82.628614,26.819387],[82.628856,26.820135],[82.629059,26.82073],[82.629301,26.821108],[82.629816,26.821696],[82.630276,26.822228],[82.630494,26.822746],[82.630994,26.8236],[82.631399,26.824636],[82.631478,26.825182],[82.631509,26.825545],[82.631821,26.826441],[82.63257,26.827113],[82.633069,26.827897],[82.633475,26.828625],[82.634161,26.829493],[82.634786,26.830137],[82.635597,26.830892],[82.636252,26.831452],[82.63722,26.832068],[82.638164,26.83239],[82.638874,26.832824],[82.639217,26.833188],[82.640497,26.834335],[82.640865,26.834377],[82.641066,26.834377],[82.64137,26.833467],[82.641745,26.832739],[82.642743,26.831648],[82.643196,26.831325],[82.643679,26.83092],[82.644069,26.830388],[82.64435,26.829982],[82.644599,26.829212],[82.644693,26.828722],[82.644989,26.828344],[82.645691,26.827448],[82.646276,26.826734],[82.646814,26.82665],[82.647002,26.826874],[82.647345,26.827294],[82.647735,26.827713],[82.64811,26.828189],[82.648781,26.829001],[82.649343,26.829519],[82.649858,26.829603],[82.650404,26.829617],[82.651262,26.829603],[82.651636,26.829645],[82.651761,26.829763],[82.651886,26.829882],[82.652058,26.830204],[82.652214,26.831002],[82.652339,26.831338],[82.652679,26.831618],[82.652901,26.83243],[82.653229,26.832864],[82.653712,26.833424],[82.653962,26.834053],[82.654118,26.834487],[82.654259,26.834689],[82.654274,26.834711],[82.654649,26.834865],[82.654992,26.834991],[82.655726,26.835005],[82.656178,26.834893],[82.656552,26.834683],[82.656927,26.834683],[82.657232,26.834825],[82.657317,26.834864],[82.65766,26.834878],[82.657816,26.834682],[82.657801,26.834416],[82.657442,26.834067],[82.657301,26.833717],[82.657441,26.833507],[82.6578,26.833367],[82.658284,26.833394],[82.65858,26.833478],[82.658674,26.833688],[82.658955,26.833884],[82.659392,26.83401],[82.659751,26.833828],[82.660281,26.833534],[82.660749,26.833408],[82.661202,26.833422],[82.661514,26.83359],[82.661951,26.833799],[82.662341,26.833869],[82.662883,26.834103],[82.663979,26.833883],[82.664541,26.833505],[82.664868,26.832973],[82.665149,26.832329],[82.665494,26.831719],[82.665726,26.831307],[82.666303,26.830761],[82.666833,26.830537],[82.667364,26.830565],[82.667629,26.830676],[82.66777,26.830858],[82.668191,26.831096],[82.66869,26.831054],[82.669205,26.830662],[82.66972,26.830452],[82.669845,26.830718],[82.669907,26.831124],[82.670048,26.831306],[82.670547,26.831613],[82.670922,26.831753],[82.671275,26.831859],[82.67139,26.831823],[82.671874,26.831893],[82.672513,26.831879],[82.673059,26.831584],[82.673824,26.831192],[82.674292,26.830996],[82.674604,26.830772],[82.675087,26.830338],[82.675742,26.830044],[82.676242,26.829904],[82.67671,26.829638],[82.677598,26.828853],[82.678082,26.828573],[82.678535,26.828587],[82.67894,26.828727],[82.679299,26.828867],[82.679861,26.828782],[82.680812,26.828194],[82.681514,26.82776],[82.681857,26.827816],[82.682014,26.827928],[82.682248,26.828152],[82.682513,26.828572],[82.682716,26.828851],[82.682997,26.828907],[82.6832,26.828795],[82.683496,26.828165],[82.683745,26.827829],[82.683964,26.827731],[82.684198,26.827871],[82.684307,26.828249],[82.684448,26.828627],[82.684682,26.828795],[82.684963,26.828613],[82.685087,26.828179],[82.685368,26.827549],[82.685617,26.827325],[82.685775,26.827258],[82.685882,26.827212],[82.686522,26.827282],[82.687068,26.827282],[82.687474,26.827352],[82.68788,26.827365],[82.688176,26.827071],[82.688457,26.826791],[82.688737,26.826875],[82.689174,26.826889],[82.689783,26.826497],[82.690298,26.826469],[82.690563,26.826594],[82.691031,26.826832],[82.691171,26.826678],[82.691202,26.826412],[82.691327,26.826272],[82.691546,26.826426],[82.691967,26.826538],[82.692279,26.826608],[82.692466,26.826565],[82.692622,26.826369],[82.692622,26.825992],[82.6927,26.825796],[82.692918,26.825795],[82.693324,26.825795],[82.693683,26.825725],[82.693807,26.825445],[82.693823,26.825011],[82.693854,26.824675],[82.694025,26.824521],[82.694369,26.824493],[82.694868,26.824437],[82.695055,26.824465],[82.695289,26.824296],[82.695679,26.823946],[82.696053,26.823764],[82.696661,26.823638],[82.697473,26.823554],[82.697753,26.823343],[82.697831,26.823203],[82.697597,26.822938],[82.697269,26.822714],[82.697363,26.822546],[82.697768,26.822476],[82.69808,26.822335],[82.697908,26.822028],[82.697908,26.821818],[82.698392,26.821817],[82.69872,26.821635],[82.698532,26.821425],[82.698438,26.821229],[82.69875,26.821019],[82.698906,26.819913],[82.699327,26.820641],[82.699749,26.821551],[82.699999,26.822376],[82.700359,26.823342],[82.70089,26.824098],[82.701623,26.824671],[82.702653,26.824755],[82.702796,26.824749],[82.703667,26.824712],[82.70465,26.824502],[82.705602,26.824305],[82.706709,26.824038],[82.707723,26.82373],[82.708237,26.823058],[82.708877,26.822288],[82.709688,26.822231],[82.710671,26.822594],[82.711561,26.823028],[82.71231,26.823587],[82.71281,26.824385],[82.713138,26.825154],[82.713544,26.826022],[82.71406,26.826862],[82.714528,26.827701],[82.714857,26.828527],[82.714982,26.829437],[82.714858,26.830304],[82.714625,26.831228],[82.714407,26.832012],[82.71408,26.833048],[82.714757,26.833412],[82.715112,26.834076],[82.715789,26.835172],[82.716401,26.836443],[82.717658,26.837568],[82.717409,26.838117],[82.716894,26.838782],[82.716219,26.839388],[82.715543,26.840053],[82.714679,26.840481],[82.714398,26.840649],[82.713946,26.840845],[82.713415,26.840986],[82.712323,26.841112],[82.711886,26.841267],[82.711606,26.841421],[82.711512,26.841967],[82.711513,26.842317],[82.711638,26.842932],[82.711607,26.84338],[82.71142,26.843772],[82.711077,26.843997],[82.710562,26.844081],[82.71011,26.843997],[82.709594,26.843563],[82.70936,26.843088],[82.70925,26.842542],[82.709125,26.842024],[82.708782,26.841646],[82.708438,26.841534],[82.708064,26.841675],[82.70758,26.841997],[82.707113,26.842431],[82.706535,26.842907],[82.706083,26.843482],[82.705335,26.844336],[82.705086,26.844938],[82.705102,26.84554],[82.705071,26.846212],[82.705118,26.8468],[82.705369,26.848101],[82.705151,26.849053],[82.705027,26.849907],[82.704621,26.850551],[82.704278,26.850859],[82.703906,26.851045],[82.703717,26.85114],[82.703801,26.851886],[82.703737,26.852478],[82.703737,26.852478],[82.706515,26.85335],[82.706863,26.85348],[82.709284,26.854388],[82.71025,26.854445],[82.711151,26.853809],[82.711829,26.855628],[82.71257,26.856898],[82.713538,26.859266],[82.714054,26.860334],[82.715215,26.862412],[82.716021,26.864202],[82.716699,26.866137],[82.717118,26.867205],[82.717377,26.868187],[82.717635,26.868937],[82.7186,26.868157],[82.71992,26.868041],[82.721177,26.867792],[82.721524,26.867674],[82.72153,26.867722],[82.722528,26.868068],[82.723398,26.868558],[82.723496,26.86928],[82.72369,26.870319],[82.724109,26.871445],[82.724722,26.872253],[82.725141,26.873033],[82.725689,26.874043],[82.725705,26.874405],[82.724982,26.875286],[82.723952,26.875459],[82.722793,26.875865],[82.722053,26.876385],[82.721435,26.877074],[82.722048,26.877715],[82.722441,26.878417],[82.72256,26.878891],[82.722561,26.87941],[82.722186,26.879792],[82.72142,26.880098],[82.720858,26.880388],[82.720978,26.880694],[82.721234,26.881305],[82.721558,26.882022],[82.72103,26.882572],[82.720384,26.883596],[82.719959,26.884314],[82.719585,26.884727],[82.71921,26.88517],[82.719228,26.885414],[82.719517,26.885704],[82.720514,26.886116],[82.721926,26.886086],[82.722484,26.886203],[82.723568,26.886879],[82.724487,26.887409],[82.724881,26.887703],[82.725538,26.887467],[82.725898,26.886937],[82.72639,26.886407],[82.727112,26.885876],[82.727866,26.885699],[82.728046,26.88619],[82.728202,26.886702],[82.728635,26.887353],[82.729241,26.887849],[82.730315,26.888438],[82.730938,26.888825],[82.730956,26.889384],[82.730801,26.890005],[82.730694,26.890583],[82.730432,26.891172],[82.729941,26.892497],[82.730072,26.893085],[82.730302,26.893335],[82.730532,26.893585],[82.731222,26.893761],[82.731944,26.893967],[82.731978,26.894186],[82.732043,26.894614],[82.732701,26.895791],[82.733128,26.895746],[82.733372,26.895671],[82.733422,26.895655],[82.734129,26.895436]]]}},{"type":"Feature","properties":{"OBJECTID":2528,"state_lgd":"09","state_name":"UTTAR PRADESH","district_lgd":"185","district_name":"BASTI","district_name_source":"district_table","subdistrict_lgd":"938","subdistrict_name":"HARRAIYA","subdistrict_type":"Tehsil","name_corrupted":false,"remarks":""},"geometry":{"type":"Polygon","coordinates":[[[82.622278,26.998083],[82.622868,26.997423],[82.624488,26.996209],[82.62493,26.995708],[82.625342,26.995022],[82.62549,26.994283],[82.625696,26.993649],[82.626049,26.993465],[82.626638,26.993623],[82.627021,26.994151],[82.627169,26.994784],[82.627228,26.995602],[82.627228,26.996473],[82.627169,26.997212],[82.627287,26.997766],[82.627375,26.998188],[82.627565,26.998507],[82.627611,26.998584],[82.628053,26.998954],[82.628907,26.999323],[82.630056,26.999297],[82.631352,26.999349],[82.632943,26.998874],[82.634917,26.997766],[82.636183,26.997475],[82.636797,26.997409],[82.637656,26.997317],[82.637997,26.997297],[82.639011,26.997238],[82.64016,26.996842],[82.641074,26.996446],[82.641383,26.996129],[82.641692,26.995812],[82.641957,26.9951],[82.642075,26.994598],[82.642428,26.994031],[82.643047,26.993635],[82.643474,26.993226],[82.643783,26.992738],[82.643886,26.992249],[82.64343,26.991458],[82.643076,26.991181],[82.642354,26.990785],[82.6415,26.990455],[82.640925,26.990323],[82.642217,26.989799],[82.644212,26.990257],[82.645013,26.990379],[82.64595,26.990593],[82.647962,26.990104],[82.64924,26.989966],[82.650809,26.989661],[82.651627,26.989309],[82.652462,26.98879],[82.652667,26.988087],[82.652735,26.987125],[82.652786,26.986422],[82.653297,26.985796],[82.653859,26.985643],[82.654371,26.985674],[82.654916,26.985842],[82.65553,26.986269],[82.656212,26.986681],[82.656775,26.986635],[82.658036,26.986024],[82.65911,26.985612],[82.659417,26.985589],[82.658163,26.984505],[82.657191,26.983757],[82.656407,26.983039],[82.6546,26.981787],[82.654174,26.981436],[82.653628,26.980779],[82.653594,26.980413],[82.653185,26.980367],[82.65281,26.980306],[82.652315,26.980612],[82.65148,26.981177],[82.650526,26.981818],[82.649827,26.98217],[82.649264,26.982445],[82.648702,26.982628],[82.647986,26.98272],[82.647611,26.98272],[82.647424,26.983025],[82.647015,26.983407],[82.64606,26.983759],[82.645719,26.983942],[82.645515,26.984247],[82.645225,26.98451],[82.644798,26.984372],[82.643723,26.984346],[82.642029,26.98424],[82.640512,26.984201],[82.639732,26.984095],[82.63876,26.983607],[82.638273,26.983014],[82.637949,26.982301],[82.638082,26.981193],[82.638435,26.980335],[82.639495,26.979688],[82.640909,26.9792],[82.641866,26.978765],[82.642735,26.978276],[82.643265,26.977379],[82.643619,26.976165],[82.643559,26.975109],[82.643,26.974186],[82.642352,26.973473],[82.641497,26.973236],[82.640525,26.973368],[82.63973,26.973817],[82.63867,26.97474],[82.637993,26.9754],[82.637374,26.975875],[82.636402,26.975743],[82.635165,26.975348],[82.634488,26.975163],[82.633575,26.974873],[82.632897,26.974688],[82.631837,26.974292],[82.631012,26.973553],[82.630335,26.972788],[82.629657,26.972023],[82.629363,26.97131],[82.628744,26.970334],[82.628184,26.969225],[82.627654,26.967576],[82.627625,26.966705],[82.627831,26.965623],[82.628096,26.964739],[82.628582,26.963855],[82.628714,26.963288],[82.628817,26.962707],[82.628641,26.961889],[82.628052,26.961348],[82.627301,26.961018],[82.626108,26.960688],[82.625445,26.960372],[82.624591,26.960016],[82.623782,26.959514],[82.623193,26.958868],[82.623016,26.958155],[82.622972,26.957192],[82.62331,26.956017],[82.623472,26.955516],[82.623796,26.954632],[82.624415,26.954051],[82.625239,26.953695],[82.626432,26.953722],[82.627345,26.953722],[82.627919,26.953655],[82.628464,26.953141],[82.628567,26.952547],[82.628464,26.950779],[82.628523,26.949657],[82.628935,26.94785],[82.62917,26.946966],[82.630377,26.944564],[82.631379,26.943654],[82.632615,26.943033],[82.633351,26.942479],[82.633646,26.941701],[82.63366,26.941265],[82.633175,26.940777],[82.632026,26.940579],[82.631143,26.940276],[82.631113,26.939418],[82.631584,26.938679],[82.631923,26.938112],[82.63207,26.937491],[82.631982,26.936753],[82.631467,26.936093],[82.630848,26.935591],[82.630379,26.935523],[82.629847,26.935446],[82.628846,26.936159],[82.628051,26.936872],[82.627183,26.937373],[82.626358,26.937412],[82.625283,26.937267],[82.624371,26.936449],[82.623885,26.935935],[82.623958,26.936146],[82.622045,26.934272],[82.621632,26.933665],[82.621029,26.932847],[82.620779,26.931607],[82.621117,26.930248],[82.62178,26.929271],[82.621917,26.929188],[82.622604,26.92877],[82.623399,26.928572],[82.624223,26.928651],[82.625033,26.929416],[82.62546,26.929905],[82.625902,26.930366],[82.626564,26.930683],[82.627595,26.930736],[82.628743,26.930643],[82.629714,26.930274],[82.630406,26.929838],[82.631044,26.929195],[82.631231,26.929007],[82.631451,26.928717],[82.631687,26.928018],[82.631657,26.927107],[82.631392,26.926434],[82.631408,26.926026],[82.631422,26.925682],[82.631495,26.925049],[82.631804,26.924349],[82.632658,26.923148],[82.633085,26.922805],[82.634071,26.922792],[82.634822,26.92332],[82.635529,26.924046],[82.63625,26.924784],[82.636618,26.925062],[82.637619,26.925246],[82.637943,26.925154],[82.638311,26.924929],[82.638326,26.924388],[82.638178,26.923491],[82.637707,26.922792],[82.637295,26.922106],[82.636868,26.921604],[82.636397,26.921063],[82.636014,26.920536],[82.636044,26.91985],[82.636308,26.919454],[82.636868,26.919308],[82.637663,26.919506],[82.638075,26.919876],[82.638399,26.920443],[82.638605,26.920905],[82.638796,26.921354],[82.63912,26.921947],[82.639577,26.922303],[82.640018,26.922528],[82.64068,26.922409],[82.641152,26.922026],[82.641254,26.921446],[82.641107,26.920997],[82.640813,26.920113],[82.640629,26.919783],[82.640445,26.919453],[82.640297,26.919044],[82.64018,26.918371],[82.640444,26.917791],[82.640842,26.917474],[82.640989,26.91725],[82.641313,26.916748],[82.641371,26.91593],[82.641136,26.914901],[82.640253,26.914795],[82.639075,26.914664],[82.638678,26.914756],[82.638398,26.914862],[82.638045,26.914862],[82.637692,26.915073],[82.637309,26.915007],[82.636779,26.914928],[82.636234,26.914915],[82.635778,26.914862],[82.635307,26.914638],[82.634895,26.914598],[82.634586,26.914585],[82.634336,26.914862],[82.633953,26.915165],[82.633629,26.915377],[82.633217,26.915363],[82.632864,26.915205],[82.63251,26.914915],[82.631804,26.914849],[82.630935,26.914968],[82.630568,26.914915],[82.630126,26.914743],[82.629478,26.914242],[82.629287,26.913846],[82.629125,26.91316],[82.628801,26.912725],[82.628242,26.91254],[82.6278,26.912421],[82.627241,26.912395],[82.626711,26.912131],[82.626314,26.911933],[82.62574,26.911775],[82.625534,26.911418],[82.625401,26.911207],[82.625519,26.910521],[82.625622,26.909967],[82.625593,26.909228],[82.625283,26.908911],[82.624936,26.908772],[82.624937,26.908782],[82.624941,26.908995],[82.624945,26.909099],[82.624961,26.909123],[82.624931,26.90922],[82.624861,26.90928],[82.62479,26.909304],[82.624763,26.909305],[82.624718,26.90929],[82.624663,26.909245],[82.624646,26.909183],[82.624587,26.909098],[82.62454,26.909057],[82.624471,26.909005],[82.624422,26.908989],[82.624369,26.908983],[82.624287,26.908994],[82.624233,26.909035],[82.624189,26.909009],[82.624146,26.909012],[82.624102,26.909005],[82.624038,26.908987],[82.624008,26.908961],[82.623987,26.908895],[82.623951,26.908837],[82.623919,26.908797],[82.623869,26.908803],[82.623816,26.90882],[82.623785,26.908845],[82.623709,26.9089],[82.623674,26.908906],[82.623629,26.908881],[82.623562,26.90882],[82.623548,26.908797],[82.623971,26.908466],[82.623758,26.908276],[82.623731,26.908265],[82.623727,26.908257],[82.623669,26.908165],[82.623598,26.908112],[82.623495,26.908094],[82.623367,26.908079],[82.623336,26.908066],[82.623304,26.907983],[82.623307,26.907927],[82.623281,26.907877],[82.623114,26.907758],[82.623035,26.907691],[82.623048,26.907636],[82.623111,26.907497],[82.623081,26.907421],[82.623055,26.907338],[82.623055,26.907301],[82.623081,26.907275],[82.623217,26.907236],[82.623357,26.907165],[82.623343,26.907079],[82.623294,26.906964],[82.623236,26.906843],[82.623134,26.906725],[82.62301,26.906597],[82.622822,26.906463],[82.622653,26.906349],[82.622581,26.906298],[82.622523,26.906255],[82.622523,26.906223],[82.622567,26.906202],[82.622748,26.906172],[82.622825,26.906166],[82.622878,26.906148],[82.62289,26.906066],[82.622874,26.905951],[82.622842,26.905885],[82.622755,26.905844],[82.622688,26.905836],[82.622607,26.905842],[82.622564,26.905859],[82.622559,26.905901],[82.622519,26.905966],[82.622433,26.905928],[82.622339,26.905902],[82.62228,26.905878],[82.622227,26.905834],[82.622231,26.905794],[82.622292,26.905691],[82.622455,26.905489],[82.622478,26.9054],[82.622465,26.905373],[82.622424,26.905334],[82.622335,26.9053],[82.622261,26.9053],[82.62215,26.905267],[82.622071,26.905245],[82.622019,26.905215],[82.621954,26.905171],[82.621942,26.905114],[82.621965,26.905068],[82.622019,26.905016],[82.622136,26.90493],[82.622209,26.904862],[82.622237,26.904817],[82.622235,26.904788],[82.622199,26.904766],[82.622163,26.904772],[82.62211,26.904808],[82.622031,26.90488],[82.621995,26.904921],[82.621936,26.904967],[82.621857,26.904995],[82.621792,26.905016],[82.62171,26.905017],[82.621665,26.905012],[82.621591,26.904976],[82.621514,26.904951],[82.62145,26.904945],[82.621381,26.904935],[82.621347,26.904914],[82.621316,26.904863],[82.62131,26.904728],[82.621322,26.904695],[82.621398,26.904551],[82.621428,26.904485],[82.621426,26.904456],[82.62141,26.904415],[82.621382,26.904395],[82.62131,26.904393],[82.621254,26.904418],[82.621224,26.904428],[82.62114,26.904474],[82.62107,26.904502],[82.621002,26.904493],[82.621004,26.904422],[82.621227,26.904234],[82.621447,26.904074],[82.621486,26.90405],[82.621622,26.903976],[82.621921,26.903809],[82.622277,26.903611],[82.622302,26.903599],[82.622479,26.903518],[82.622634,26.903441],[82.622788,26.903373],[82.6228,26.903368],[82.622903,26.903323],[82.623084,26.90325],[82.623301,26.903172],[82.623344,26.90316],[82.623414,26.903154],[82.623469,26.903168],[82.623477,26.90317],[82.623691,26.90329],[82.623911,26.903402],[82.623937,26.903427],[82.624258,26.903638],[82.624377,26.903714],[82.624497,26.90379],[82.624736,26.903964],[82.624905,26.904097],[82.625037,26.90421],[82.62523,26.904366],[82.625593,26.90467],[82.626101,26.905152],[82.626278,26.905302],[82.626439,26.905449],[82.626549,26.905553],[82.626637,26.905631],[82.626758,26.90577],[82.626899,26.90595],[82.627042,26.906138],[82.627693,26.905618],[82.628834,26.905084],[82.629447,26.90487],[82.63035,26.904702],[82.630895,26.90458],[82.63144,26.904213],[82.632122,26.903617],[82.632939,26.902984],[82.633246,26.902747],[82.63466,26.901907],[82.635631,26.901342],[82.636465,26.900777],[82.636874,26.90012],[82.636891,26.899478],[82.636823,26.899088],[82.636755,26.898692],[82.636456,26.898004],[82.636167,26.897272],[82.636018,26.897004],[82.635869,26.896737],[82.635485,26.896218],[82.635076,26.895706],[82.634685,26.895294],[82.634361,26.895103],[82.63414,26.89505],[82.633799,26.894904],[82.633152,26.894691],[82.632777,26.894553],[82.632096,26.89463],[82.631516,26.89437],[82.631133,26.893973],[82.63075,26.893272],[82.630737,26.893248],[82.630699,26.893179],[82.629949,26.89211],[82.6292,26.891224],[82.628601,26.890617],[82.628476,26.890491],[82.627956,26.889254],[82.627819,26.888821],[82.627816,26.888814],[82.627464,26.888974],[82.627399,26.888931],[82.627384,26.888922],[82.62732,26.888862],[82.627249,26.888715],[82.6272,26.888612],[82.627132,26.88847],[82.627077,26.888341],[82.627078,26.888333],[82.627092,26.88823],[82.627096,26.888211],[82.627159,26.887887],[82.627159,26.887845],[82.627159,26.887748],[82.627158,26.887539],[82.627154,26.887282],[82.627071,26.88727],[82.627009,26.88725],[82.626797,26.887278],[82.626768,26.887282],[82.626694,26.887294],[82.62655,26.887265],[82.626432,26.887263],[82.626221,26.887352],[82.626065,26.88743],[82.625911,26.887458],[82.625835,26.887424],[82.625789,26.88728],[82.625801,26.887156],[82.625824,26.887024],[82.625736,26.886799],[82.625675,26.886523],[82.625648,26.8864],[82.625612,26.886333],[82.625558,26.886325],[82.62549,26.88635],[82.625251,26.88645],[82.625097,26.886527],[82.625045,26.886514],[82.624969,26.88652],[82.624663,26.886672],[82.624582,26.886694],[82.624478,26.886704],[82.624351,26.886716],[82.624275,26.886561],[82.624237,26.886456],[82.624157,26.886189],[82.624051,26.886084],[82.624082,26.885772],[82.624031,26.885161],[82.623928,26.884336],[82.623792,26.883634],[82.623605,26.882778],[82.623434,26.88203],[82.623298,26.881603],[82.622983,26.88119],[82.623315,26.880335],[82.623503,26.879556],[82.623593,26.879385],[82.623809,26.878976],[82.624167,26.878365],[82.624491,26.877647],[82.624831,26.876792],[82.625121,26.875891],[82.62524,26.875371],[82.625334,26.874814],[82.625814,26.874383],[82.626158,26.874243],[82.626735,26.874117],[82.62725,26.874005],[82.627828,26.873837],[82.628312,26.873725],[82.628624,26.873571],[82.628863,26.873371],[82.629044,26.87322],[82.6302,26.872704],[82.631105,26.872298],[82.632011,26.871878],[82.633119,26.871416],[82.634244,26.870619],[82.634773,26.870366],[82.635663,26.869848],[82.636521,26.869274],[82.637146,26.868938],[82.637509,26.868647],[82.637988,26.868406],[82.638316,26.868392],[82.638831,26.868476],[82.639112,26.86891],[82.639331,26.869302],[82.639518,26.869498],[82.639846,26.869231],[82.640236,26.869315],[82.641126,26.869623],[82.641563,26.869637],[82.641937,26.870421],[82.641957,26.870445],[82.644048,26.870001],[82.645074,26.87147],[82.645549,26.871682],[82.645902,26.87168],[82.646558,26.871624],[82.646699,26.87155],[82.646729,26.871534],[82.647036,26.871372],[82.647354,26.871204],[82.647728,26.870854],[82.647894,26.870681],[82.647915,26.870658],[82.648306,26.870532],[82.648571,26.870462],[82.648821,26.870336],[82.649039,26.870126],[82.64907,26.869608],[82.649023,26.869146],[82.649148,26.868866],[82.649601,26.868474],[82.649835,26.868334],[82.650174,26.868524],[82.650334,26.868614],[82.65054,26.868822],[82.650584,26.868866],[82.650943,26.86895],[82.651286,26.868852],[82.65138,26.86853],[82.651317,26.868096],[82.651068,26.867634],[82.651036,26.867172],[82.651036,26.86678],[82.65088,26.866402],[82.65063,26.866067],[82.650474,26.865717],[82.65038,26.865059],[82.650349,26.864653],[82.650306,26.864564],[82.650265,26.864477],[82.650238,26.864431],[82.649932,26.863912],[82.649787,26.863536],[82.649626,26.863002],[82.651624,26.862284],[82.651781,26.862763],[82.652314,26.862593],[82.652464,26.862766],[82.654144,26.862168],[82.654463,26.862616],[82.657136,26.861338],[82.657186,26.861314],[82.657926,26.863014],[82.658932,26.862397],[82.659806,26.861837],[82.660524,26.861501],[82.661149,26.863321],[82.661477,26.864244],[82.661891,26.865476],[82.66285,26.864832],[82.663834,26.864244],[82.664614,26.863642],[82.665144,26.863166],[82.665128,26.862116],[82.665097,26.861164],[82.665128,26.860212],[82.665439,26.859554],[82.666142,26.859176],[82.667265,26.859358],[82.667687,26.859484],[82.668233,26.859623],[82.668811,26.860491],[82.669326,26.861331],[82.66981,26.862156],[82.669896,26.862205],[82.669982,26.862254],[82.670856,26.862688],[82.671293,26.862646],[82.672011,26.862002],[82.67301,26.861581],[82.673875,26.861077],[82.674077,26.860958],[82.674991,26.860419],[82.675927,26.859901],[82.676302,26.859593],[82.676614,26.859341],[82.675786,26.858683],[82.675536,26.858095],[82.675333,26.857325],[82.675239,26.856304],[82.67541,26.855604],[82.675847,26.855226],[82.676425,26.855113],[82.677002,26.855407],[82.677237,26.856093],[82.677455,26.856625],[82.677752,26.857255],[82.678298,26.857562],[82.678954,26.857702],[82.679656,26.85759],[82.680405,26.857338],[82.681497,26.856931],[82.682309,26.856861],[82.683058,26.856763],[82.68376,26.856748],[82.6844,26.856692],[82.685773,26.856579],[82.687053,26.856691],[82.688473,26.857012],[82.689348,26.857446],[82.689582,26.857726],[82.689676,26.858187],[82.689676,26.858873],[82.689723,26.859293],[82.690316,26.859363],[82.691159,26.859125],[82.691416,26.858929],[82.691674,26.858732],[82.691861,26.85813],[82.691704,26.857599],[82.691267,26.856409],[82.690782,26.855219],[82.690657,26.85466],[82.690657,26.854002],[82.690625,26.85326],[82.690749,26.852364],[82.690967,26.851496],[82.691248,26.850348],[82.691512,26.849886],[82.692448,26.849004],[82.693213,26.848373],[82.693524,26.848149],[82.693696,26.847855],[82.693602,26.847645],[82.693337,26.847492],[82.692525,26.847422],[82.691184,26.847731],[82.689998,26.848221],[82.68978,26.848501],[82.689967,26.848865],[82.690155,26.849397],[82.690092,26.849929],[82.68911,26.850965],[82.688611,26.851301],[82.688283,26.851329],[82.688064,26.851231],[82.687783,26.850854],[82.687565,26.85042],[82.687361,26.849216],[82.687018,26.848684],[82.686081,26.847873],[82.685792,26.847607],[82.685503,26.847341],[82.685113,26.846809],[82.684925,26.846306],[82.684987,26.845816],[82.685408,26.845368],[82.686126,26.845031],[82.687031,26.844639],[82.68792,26.844359],[82.688544,26.844022],[82.68948,26.843336],[82.690494,26.842412],[82.69118,26.841908],[82.691679,26.841725],[82.692491,26.841669],[82.693099,26.841963],[82.693271,26.842564],[82.693085,26.84332],[82.692929,26.84388],[82.693116,26.844174],[82.6936,26.844174],[82.69463,26.844047],[82.696112,26.844159],[82.697299,26.844508],[82.698625,26.844941],[82.699218,26.845179],[82.700077,26.845445],[82.70131,26.845598],[82.702839,26.845723],[82.703417,26.845961],[82.703604,26.846157],[82.70245,26.846899],[82.700796,26.84788],[82.698706,26.849085],[82.697988,26.849617],[82.697536,26.850107],[82.697599,26.850667],[82.698177,26.851143],[82.698848,26.851338],[82.699566,26.85152],[82.700268,26.851701],[82.700775,26.851673],[82.701283,26.851645],[82.702047,26.851616],[82.703093,26.85142],[82.703717,26.85114],[82.703906,26.851045],[82.704278,26.850859],[82.704621,26.850551],[82.705027,26.849907],[82.705151,26.849053],[82.705369,26.848101],[82.705118,26.8468],[82.705071,26.846212],[82.705102,26.84554],[82.705086,26.844938],[82.705335,26.844336],[82.706083,26.843482],[82.706535,26.842907],[82.707113,26.842431],[82.70758,26.841997],[82.708064,26.841675],[82.708438,26.841534],[82.708782,26.841646],[82.709125,26.842024],[82.70925,26.842542],[82.70936,26.843088],[82.709594,26.843563],[82.71011,26.843997],[82.710562,26.844081],[82.711077,26.843997],[82.71142,26.843772],[82.711607,26.84338],[82.711638,26.842932],[82.711513,26.842317],[82.711512,26.841967],[82.711606,26.841421],[82.711886,26.841267],[82.712323,26.841112],[82.713415,26.840986],[82.713946,26.840845],[82.714398,26.840649],[82.714679,26.840481],[82.715543,26.840053],[82.716219,26.839388],[82.716894,26.838782],[82.717409,26.838117],[82.717658,26.837568],[82.716401,26.836443],[82.715789,26.835172],[82.715112,26.834076],[82.714757,26.833412],[82.71408,26.833048],[82.714407,26.832012],[82.714625,26.831228],[82.714858,26.830304],[82.714982,26.829437],[82.714857,26.828527],[82.714528,26.827701],[82.71406,26.826862],[82.713544,26.826022],[82.713138,26.825154],[82.71281,26.824385],[82.71231,26.823587],[82.711561,26.823028],[82.710671,26.822594],[82.709688,26.822231],[82.708877,26.822288],[82.708237,26.823058],[82.707723,26.82373],[82.706709,26.824038],[82.705602,26.824305],[82.70465,26.824502],[82.703667,26.824712],[82.702796,26.824749],[82.702653,26.824755],[82.701623,26.824671],[82.70089,26.824098],[82.700359,26.823342],[82.699999,26.822376],[82.699749,26.821551],[82.699327,26.820641],[82.698906,26.819913],[82.69875,26.821019],[82.698438,26.821229],[82.698532,26.821425],[82.69872,26.821635],[82.698392,26.821817],[82.697908,26.821818],[82.697908,26.822028],[82.69808,26.822335],[82.697768,26.822476],[82.697363,26.822546],[82.697269,26.822714],[82.697597,26.822938],[82.697831,26.823203],[82.697753,26.823343],[82.697473,26.823554],[82.696661,26.823638],[82.696053,26.823764],[82.695679,26.823946],[82.695289,26.824296],[82.695055,26.824465],[82.694868,26.824437],[82.694369,26.824493],[82.694025,26.824521],[82.693854,26.824675],[82.693823,26.825011],[82.693807,26.825445],[82.693683,26.825725],[82.693324,26.825795],[82.692918,26.825795],[82.6927,26.825796],[82.692622,26.825992],[82.692622,26.826369],[82.692466,26.826565],[82.692279,26.826608],[82.691967,26.826538],[82.691546,26.826426],[82.691327,26.826272],[82.691202,26.826412],[82.691171,26.826678],[82.691031,26.826832],[82.690563,26.826594],[82.690298,26.826469],[82.689783,26.826497],[82.689174,26.826889],[82.688737,26.826875],[82.688457,26.826791],[82.688176,26.827071],[82.68788,26.827365],[82.687474,26.827352],[82.687068,26.827282],[82.686522,26.827282],[82.685882,26.827212],[82.685775,26.827258],[82.685617,26.827325],[82.685368,26.827549],[82.685087,26.828179],[82.684963,26.828613],[82.684682,26.828795],[82.684448,26.828627],[82.684307,26.828249],[82.684198,26.827871],[82.683964,26.827731],[82.683745,26.827829],[82.683496,26.828165],[82.6832,26.828795],[82.682997,26.828907],[82.682716,26.828851],[82.682513,26.828572],[82.682248,26.828152],[82.682014,26.827928],[82.681857,26.827816],[82.681514,26.82776],[82.680812,26.828194],[82.679861,26.828782],[82.679299,26.828867],[82.67894,26.828727],[82.678535,26.828587],[82.678082,26.828573],[82.677598,26.828853],[82.67671,26.829638],[82.676242,26.829904],[82.675742,26.830044],[82.675087,26.830338],[82.674604,26.830772],[82.674292,26.830996],[82.673824,26.831192],[82.673059,26.831584],[82.672513,26.831879],[82.671874,26.831893],[82.67139,26.831823],[82.671275,26.831859],[82.670922,26.831753],[82.670547,26.831613],[82.670048,26.831306],[82.669907,26.831124],[82.669845,26.830718],[82.66972,26.830452],[82.669205,26.830662],[82.66869,26.831054],[82.668191,26.831096],[82.66777,26.830858],[82.667629,26.830676],[82.667364,26.830565],[82.666833,26.830537],[82.666303,26.830761],[82.665726,26.831307],[82.665494,26.831719],[82.665149,26.832329],[82.664868,26.832973],[82.664541,26.833505],[82.663979,26.833883],[82.662883,26.834103],[82.662341,26.833869],[82.661951,26.833799],[82.661514,26.83359],[82.661202,26.833422],[82.660749,26.833408],[82.660281,26.833534],[82.659751,26.833828],[82.659392,26.83401],[82.658955,26.833884],[82.658674,26.833688],[82.65858,26.833478],[82.658284,26.833394],[82.6578,26.833367],[82.657441,26.833507],[82.657301,26.833717],[82.657442,26.834067],[82.657801,26.834416],[82.657816,26.834682],[82.65766,26.834878],[82.657317,26.834864],[82.657232,26.834825],[82.656927,26.834683],[82.656552,26.834683],[82.656178,26.834893],[82.655726,26.835005],[82.654992,26.834991],[82.654649,26.834865],[82.654274,26.834711],[82.654259,26.834689],[82.654118,26.834487],[82.653962,26.834053],[82.653712,26.833424],[82.653229,26.832864],[82.652901,26.83243],[82.652679,26.831618],[82.652339,26.831338],[82.652214,26.831002],[82.652058,26.830204],[82.651886,26.829882],[82.651761,26.829763],[82.651636,26.829645],[82.651262,26.829603],[82.650404,26.829617],[82.649858,26.829603],[82.649343,26.829519],[82.648781,26.829001],[82.64811,26.828189],[82.647735,26.827713],[82.647345,26.827294],[82.647002,26.826874],[82.646814,26.82665],[82.646276,26.826734],[82.645691,26.827448],[82.644989,26.828344],[82.644693,26.828722],[82.644599,26.829212],[82.64435,26.829982],[82.644069,26.830388],[82.643679,26.83092],[82.643196,26.831325],[82.642743,26.831648],[82.641745,26.832739],[82.64137,26.833467],[82.641066,26.834377],[82.640865,26.834377],[82.640497,26.834335],[82.639217,26.833188],[82.638874,26.832824],[82.638164,26.83239],[82.63722,26.832068],[82.636252,26.831452],[82.635597,26.830892],[82.634786,26.830137],[82.634161,26.829493],[82.633475,26.828625],[82.633069,26.827897],[82.63257,26.827113],[82.631821,26.826441],[82.631509,26.825545],[82.631478,26.825182],[82.631399,26.824636],[82.630994,26.8236],[82.630494,26.822746],[82.630276,26.822228],[82.629816,26.821696],[82.629301,26.821108],[82.629059,26.82073],[82.628856,26.820135],[82.628614,26.819387],[82.628326,26.818855],[82.627827,26.818218],[82.6276,26.818638],[82.627374,26.818925],[82.62721,26.818967],[82.626914,26.818932],[82.62675,26.818785],[82.626649,26.818561],[82.626641,26.818253],[82.626586,26.818001],[82.6265,26.817784],[82.626415,26.817742],[82.626212,26.817714],[82.625837,26.817868],[82.625237,26.818078],[82.624894,26.818127],[82.624527,26.818344],[82.623934,26.81861],[82.623872,26.81875],[82.623809,26.819219],[82.623723,26.819429],[82.623575,26.81952],[82.623411,26.819443],[82.623224,26.819261],[82.622897,26.81896],[82.622663,26.818638],[82.622491,26.818323],[82.622413,26.818057],[82.622304,26.817938],[82.622054,26.817882],[82.621524,26.818036],[82.621141,26.818183],[82.620681,26.818323],[82.620284,26.818288],[82.619932,26.81826],[82.619425,26.818232],[82.619184,26.818288],[82.619043,26.818512],[82.619028,26.819128],[82.618965,26.819359],[82.618832,26.819428],[82.618505,26.819372],[82.618084,26.81926],[82.617662,26.819148],[82.617288,26.818953],[82.617062,26.818651],[82.616882,26.818379],[82.616742,26.818134],[82.616656,26.817861],[82.616648,26.8177],[82.61682,26.817462],[82.616937,26.817266],[82.616929,26.817084],[82.616789,26.816923],[82.616563,26.816895],[82.616212,26.816804],[82.615947,26.81665],[82.615853,26.816517],[82.6159,26.816202],[82.615986,26.815845],[82.616025,26.815544],[82.615923,26.815341],[82.615658,26.815278],[82.615385,26.815348],[82.615151,26.815628],[82.614972,26.815957],[82.614714,26.816279],[82.614519,26.816377],[82.614168,26.816398],[82.613934,26.816314],[82.61384,26.816181],[82.613708,26.815943],[82.613622,26.815516],[82.613404,26.815334],[82.613185,26.815222],[82.61292,26.815152],[82.612452,26.815173],[82.611984,26.81518],[82.611298,26.815243],[82.610588,26.815292],[82.609933,26.81527],[82.609628,26.815158],[82.609473,26.815053],[82.609371,26.814927],[82.609371,26.814781],[82.609355,26.814529],[82.60948,26.814277],[82.609792,26.813969],[82.609941,26.813717],[82.610003,26.813535],[82.609956,26.81329],[82.609683,26.813045],[82.610169,26.812581],[82.610663,26.812278],[82.611158,26.811974],[82.612156,26.811106],[82.613248,26.810281],[82.614044,26.809483],[82.614637,26.808979],[82.615136,26.808237],[82.615604,26.807467],[82.616072,26.806655],[82.616525,26.805536],[82.617008,26.804612],[82.617554,26.803744],[82.618178,26.802568],[82.618444,26.801798],[82.61849,26.801322],[82.618428,26.800609],[82.618475,26.800119],[82.618412,26.799489],[82.618288,26.798971],[82.618459,26.798593],[82.619317,26.797977],[82.619738,26.797711],[82.61998,26.797634],[82.620222,26.797557],[82.620674,26.797403],[82.621111,26.797291],[82.622031,26.796801],[82.622858,26.796199],[82.623591,26.795668],[82.624371,26.795471],[82.625198,26.795206],[82.626087,26.794856],[82.627038,26.79445],[82.627927,26.794016],[82.628988,26.793652],[82.630127,26.793211],[82.63055,26.793107],[82.630782,26.79305],[82.631796,26.792742],[82.632747,26.792378],[82.633558,26.792014],[82.634509,26.791566],[82.635352,26.791118],[82.636007,26.790789],[82.636631,26.791734],[82.637083,26.792587],[82.637255,26.793196],[82.63766,26.793343],[82.638518,26.793763],[82.639345,26.794085],[82.640327,26.793861],[82.641216,26.793112],[82.641419,26.792461],[82.64131,26.791523],[82.641169,26.790599],[82.640912,26.790194],[82.640345,26.789863],[82.640052,26.787804],[82.640358,26.787765],[82.640233,26.787058],[82.640108,26.786176],[82.639781,26.785336],[82.639094,26.784567],[82.638564,26.783881],[82.637971,26.783237],[82.637487,26.782397],[82.636942,26.781557],[82.636411,26.780731],[82.635974,26.77992],[82.635787,26.779514],[82.6356,26.779108],[82.635413,26.778562],[82.635038,26.777666],[82.634773,26.776854],[82.634461,26.77593],[82.634149,26.775077],[82.633713,26.774188],[82.634648,26.773992],[82.635553,26.773859],[82.636551,26.773747],[82.637564,26.773369],[82.6385,26.773145],[82.639467,26.772682],[82.640449,26.772318],[82.641603,26.771975],[82.643069,26.7711],[82.643927,26.770526],[82.644769,26.770036],[82.64558,26.769546],[82.646515,26.768944],[82.647466,26.768398],[82.647576,26.768045],[82.647793,26.767348],[82.647762,26.765864],[82.64784,26.764948],[82.648775,26.764366],[82.649056,26.763555],[82.649835,26.762897],[82.650412,26.762225],[82.651301,26.761804],[82.652127,26.761328],[82.652377,26.760922],[82.652626,26.760517],[82.652953,26.759649],[82.653031,26.758641],[82.652812,26.757899],[82.65236,26.757031],[82.652266,26.756583],[82.652095,26.756163],[82.652173,26.755365],[82.652344,26.754987],[82.652765,26.754567],[82.653498,26.753979],[82.654216,26.75333],[82.654733,26.753045],[82.654702,26.75227],[82.655265,26.751956],[82.654894,26.751132],[82.654682,26.750321],[82.654094,26.749628],[82.652652,26.749056],[82.652007,26.748605],[82.65158,26.748334],[82.650766,26.748253],[82.650142,26.748046],[82.649072,26.747766],[82.648302,26.747495],[82.647855,26.747495],[82.647453,26.747279],[82.646825,26.747306],[82.646743,26.747143],[82.646653,26.746878],[82.646733,26.746828],[82.646895,26.746727],[82.646951,26.746701],[82.646937,26.746663],[82.646933,26.746652],[82.646793,26.746276],[82.646767,26.746213],[82.646651,26.746202],[82.646596,26.746097],[82.646508,26.745929],[82.646369,26.745865],[82.646309,26.745745],[82.646286,26.745699],[82.646144,26.745671],[82.646111,26.745657],[82.64595,26.745469],[82.645809,26.745452],[82.645723,26.74536],[82.645207,26.745468],[82.645093,26.745289],[82.644978,26.745192],[82.644864,26.745174],[82.644687,26.745054],[82.644501,26.744907],[82.644478,26.744888],[82.644465,26.744878],[82.644216,26.744773],[82.644157,26.744729],[82.643932,26.74434],[82.643833,26.744219],[82.643829,26.744209],[82.643572,26.744242],[82.643461,26.743913],[82.643285,26.743132],[82.643185,26.742428],[82.643049,26.742126],[82.642838,26.741648],[82.64225,26.740957],[82.642094,26.740777],[82.64136,26.73968],[82.640757,26.738949],[82.640063,26.738259],[82.63943,26.737492],[82.638831,26.736517],[82.638656,26.736278],[82.638324,26.735827],[82.637987,26.735145],[82.63807,26.735067],[82.639615,26.733602],[82.640484,26.732762],[82.640796,26.73246],[82.64151,26.731801],[82.642022,26.73102],[82.642334,26.730204],[82.64268,26.729382],[82.642801,26.728543],[82.64173,26.728344],[82.640826,26.728281],[82.639755,26.728173],[82.63882,26.728002],[82.637785,26.727957],[82.636916,26.727866],[82.635946,26.727736],[82.635132,26.727718],[82.634227,26.727673],[82.633393,26.727474],[82.632614,26.727343],[82.631654,26.727244],[82.630815,26.727154],[82.629342,26.72677],[82.628407,26.726716],[82.627704,26.726567],[82.627,26.726436],[82.626397,26.726351],[82.625829,26.726233],[82.625081,26.726121],[82.624558,26.725859],[82.624,26.725669],[82.623653,26.725462],[82.623377,26.725209],[82.623101,26.72492],[82.622975,26.72469],[82.622834,26.724112],[82.622678,26.723584],[82.622699,26.723183],[82.622111,26.722574],[82.621543,26.722109],[82.620985,26.721445],[82.620673,26.720958],[82.620216,26.720394],[82.619834,26.719726],[82.619467,26.718828],[82.619076,26.718047],[82.618799,26.717239],[82.619481,26.716992],[82.620005,26.716802],[82.621151,26.716414],[82.621945,26.715904],[82.622287,26.715683],[82.622438,26.715578],[82.621042,26.713498],[82.620591,26.713323],[82.617463,26.707463],[82.620735,26.706168],[82.620649,26.705867],[82.620111,26.704545],[82.620528,26.704708],[82.621644,26.705164],[82.622463,26.705484],[82.623046,26.705506],[82.623503,26.705155],[82.62387,26.704419],[82.624166,26.70385],[82.624568,26.703367],[82.625226,26.703228],[82.625754,26.703368],[82.626337,26.703404],[82.62694,26.703377],[82.627814,26.703074],[82.628618,26.702668],[82.629522,26.701905],[82.630472,26.700967],[82.631135,26.700299],[82.631673,26.699893],[82.632095,26.699798],[82.632205,26.70005],[82.632265,26.700348],[82.632763,26.700854],[82.632939,26.700912],[82.633346,26.700948],[82.633898,26.700637],[82.634225,26.700398],[82.634351,26.700118],[82.634592,26.699585],[82.634521,26.698326],[82.634536,26.69792],[82.634536,26.697776],[82.634536,26.697532],[82.634581,26.697275],[82.634762,26.69709],[82.634928,26.697058],[82.635229,26.697225],[82.635596,26.697514],[82.636114,26.697816],[82.636717,26.697816],[82.637119,26.697523],[82.637772,26.697126],[82.638319,26.696607],[82.638922,26.695948],[82.63949,26.695348],[82.639997,26.695054],[82.639565,26.693308],[82.639283,26.692518],[82.639143,26.692153],[82.63865,26.691313],[82.638273,26.690352],[82.638273,26.689391],[82.638474,26.68843],[82.63874,26.687234],[82.638564,26.686593],[82.638373,26.685772],[82.63776,26.684247],[82.636399,26.682866],[82.635464,26.682193],[82.634616,26.681776],[82.633402,26.681354],[82.629996,26.680299],[82.630471,26.67908],[82.631053,26.678011],[82.63121,26.676885],[82.630935,26.676639],[82.628748,26.674996],[82.627648,26.674978],[82.626779,26.675479],[82.625819,26.676102],[82.625131,26.676341],[82.624347,26.676463],[82.623543,26.676481],[82.622589,26.676422],[82.622052,26.675962],[82.621539,26.675366],[82.621057,26.674879],[82.620826,26.674644],[82.620469,26.674066],[82.62058,26.673263],[82.620911,26.672243],[82.620736,26.671783],[82.620977,26.671499],[82.621248,26.671241],[82.622474,26.67051],[82.623719,26.66959],[82.624588,26.668868],[82.625618,26.667726],[82.626462,26.666747],[82.627622,26.665533],[82.628079,26.66491],[82.628265,26.66435],[82.628401,26.663488],[82.628737,26.66315],[82.629003,26.662766],[82.62945,26.662225],[82.629405,26.661467],[82.629716,26.660844],[82.629671,26.660569],[82.629883,26.660225],[82.630095,26.659881],[82.630138,26.659811],[82.630515,26.658908],[82.630515,26.658069],[82.630721,26.657234],[82.631163,26.655871],[82.631118,26.654828],[82.631117,26.65431],[82.631605,26.653524],[82.631042,26.652383],[82.630309,26.65148],[82.630128,26.650916],[82.630218,26.649955],[82.630268,26.649382],[82.629636,26.648633],[82.628837,26.647689],[82.628701,26.646787],[82.628054,26.645528],[82.628144,26.644264],[82.628073,26.643578],[82.628029,26.64315],[82.627826,26.642345],[82.627767,26.642112],[82.626808,26.640708],[82.626517,26.640027],[82.626472,26.638804],[82.626316,26.637409],[82.626452,26.63639],[82.626758,26.635324],[82.626808,26.634426],[82.626808,26.633727],[82.625894,26.632716],[82.625812,26.632548],[82.625382,26.631674],[82.624533,26.630311],[82.623308,26.628267],[82.621772,26.625672],[82.62133,26.625333],[82.620788,26.62471],[82.619658,26.623275],[82.619266,26.622508],[82.619578,26.621245],[82.620085,26.619674],[82.620512,26.618763],[82.620592,26.617968],[82.620919,26.617003],[82.621135,26.61615],[82.62125,26.615306],[82.62133,26.614345],[82.62123,26.613559],[82.621094,26.6123],[82.621034,26.611226],[82.621095,26.610175],[82.620979,26.609281],[82.620979,26.608198],[82.620844,26.60693],[82.620688,26.606091],[82.620241,26.605179],[82.61985,26.604394],[82.619518,26.603554],[82.618349,26.60197],[82.617486,26.600911],[82.61736,26.600756],[82.61473,26.600788],[82.612184,26.600905],[82.611366,26.600905],[82.6098,26.600905],[82.608064,26.601158],[82.6072,26.601284],[82.605447,26.601622],[82.601587,26.602262],[82.599343,26.602641],[82.596853,26.602812],[82.596221,26.60273],[82.595136,26.60259],[82.593761,26.602143],[82.59221,26.601886],[82.59095,26.602314],[82.589157,26.602778],[82.586391,26.603554],[82.582922,26.604081],[82.580914,26.604216],[82.578509,26.604255],[82.577114,26.604287],[82.576596,26.604869],[82.574859,26.606465],[82.574542,26.606772],[82.573442,26.607841],[82.573332,26.607969],[82.572945,26.608413],[82.572428,26.60901],[82.571398,26.609889],[82.571102,26.610142],[82.569957,26.610985],[82.569078,26.611432],[82.567988,26.611616],[82.566783,26.611792],[82.565749,26.612134],[82.565276,26.612425],[82.564714,26.61277],[82.563685,26.613388],[82.56263,26.613911],[82.562374,26.614037],[82.560938,26.614678],[82.55922,26.615485],[82.557322,26.616743],[82.556461,26.617291],[82.555489,26.617911],[82.55346,26.618975],[82.551777,26.619764],[82.549828,26.620796],[82.549768,26.620832],[82.547643,26.622117],[82.54587,26.623235],[82.544594,26.623884],[82.543344,26.624552],[82.542535,26.62484],[82.54139,26.625304],[82.540019,26.62598],[82.538552,26.626349],[82.536237,26.626605],[82.531441,26.627996],[82.525229,26.629707],[82.521627,26.630891],[82.517614,26.631994],[82.515384,26.632696],[82.509558,26.634036],[82.505911,26.635162],[82.503991,26.635992],[82.503401,26.636248],[82.503309,26.636288],[82.499681,26.637237],[82.498142,26.637236],[82.497576,26.637295],[82.497239,26.63733],[82.496333,26.637534],[82.495374,26.638261],[82.493839,26.639088],[82.492724,26.639577],[82.49165,26.640196],[82.490576,26.640887],[82.489346,26.641267],[82.488157,26.641579],[82.486932,26.642063],[82.485587,26.642687],[82.484477,26.643139],[82.483057,26.643795],[82.482364,26.64407],[82.481596,26.644346],[82.480943,26.644419],[82.480561,26.644487],[82.480255,26.644591],[82.479909,26.644763],[82.479522,26.644935],[82.479176,26.64535],[82.478333,26.646492],[82.477376,26.648113],[82.475881,26.650393],[82.47542,26.65098],[82.474883,26.651531],[82.47427,26.651983],[82.473658,26.652326],[82.473126,26.652499],[82.473116,26.652503],[82.473096,26.652508],[82.473035,26.652525],[82.473035,26.652524],[82.473035,26.652524],[82.472468,26.652674],[82.471926,26.652742],[82.470931,26.652779],[82.469932,26.652676],[82.469178,26.652455],[82.468676,26.652316],[82.467988,26.652213],[82.467566,26.652145],[82.467219,26.652005],[82.466838,26.652006],[82.466335,26.652146],[82.465607,26.652318],[82.464955,26.652458],[82.464262,26.65249],[82.463573,26.652423],[82.463227,26.652283],[82.462805,26.652148],[82.462669,26.652008],[82.461839,26.650642],[82.460377,26.64914],[82.459106,26.648297],[82.458762,26.6481],[82.458419,26.647903],[82.457729,26.647508],[82.456442,26.646155],[82.454754,26.644138],[82.453692,26.642871],[82.453065,26.642122],[82.452522,26.641414],[82.451974,26.640706],[82.451291,26.64025],[82.450794,26.640011],[82.450302,26.639772],[82.449659,26.639619],[82.448704,26.639529],[82.447755,26.639435],[82.446425,26.639422],[82.445094,26.639414],[82.443648,26.639622],[82.442202,26.639826],[82.44062,26.64017],[82.439033,26.640513],[82.436678,26.641106],[82.435714,26.641196],[82.43475,26.641287],[82.434253,26.641233],[82.433761,26.641175],[82.431858,26.641063],[82.43121,26.641135],[82.430599,26.641208],[82.430562,26.641212],[82.429041,26.641465],[82.42653,26.641922],[82.425425,26.642193],[82.424326,26.642469],[82.423688,26.642776],[82.423372,26.642929],[82.422335,26.64327],[82.41952,26.644194],[82.41707,26.645594],[82.414112,26.646058],[82.414102,26.64606],[82.414083,26.646061],[82.411958,26.646214],[82.408132,26.64686],[82.404667,26.647831],[82.403728,26.648097],[82.399539,26.649298],[82.395748,26.650946],[82.392167,26.652246],[82.38933,26.653474],[82.385127,26.655379],[82.38138,26.657482],[82.378929,26.659332],[82.376036,26.661598],[82.372751,26.664513],[82.37019,26.666787],[82.368045,26.668511],[82.364348,26.671552],[82.363664,26.67229],[82.362981,26.673028],[82.358821,26.677202],[82.352526,26.684114],[82.351526,26.685039],[82.350911,26.685749],[82.349486,26.687395],[82.345948,26.690485],[82.343818,26.692412],[82.340149,26.695583],[82.338023,26.697789],[82.335274,26.700099],[82.33261,26.702752],[82.33078,26.70443],[82.330756,26.704453],[82.329409,26.705842],[82.329259,26.705999],[82.328011,26.707304],[82.326803,26.708424],[82.325915,26.709248],[82.324814,26.710633],[82.323014,26.713299],[82.321752,26.715176],[82.320288,26.717716],[82.31879,26.719476],[82.317694,26.721434],[82.316914,26.722828],[82.314798,26.724212],[82.313606,26.724821],[82.313159,26.725241],[82.312299,26.725534],[82.310887,26.725704],[82.309493,26.726319],[82.308808,26.726621],[82.307685,26.727115],[82.305026,26.727949],[82.302331,26.729098],[82.301462,26.729504],[82.300579,26.729916],[82.299712,26.73032],[82.298486,26.730793],[82.29461,26.732095],[82.294424,26.732167],[82.293323,26.732681],[82.290141,26.733798],[82.289346,26.734434],[82.288396,26.734844],[82.287481,26.734848],[82.285948,26.735425],[82.283942,26.736294],[82.282056,26.737832],[82.280613,26.739302],[82.277589,26.742509],[82.275401,26.744646],[82.274435,26.745532],[82.273854,26.746731],[82.273847,26.746746],[82.273466,26.747534],[82.272324,26.749892],[82.272142,26.750268],[82.272137,26.750283],[82.270567,26.748271],[82.269387,26.746979],[82.267735,26.746995],[82.265837,26.746884],[82.263824,26.746085],[82.262681,26.745181],[82.260766,26.74415],[82.258245,26.743541],[82.257425,26.743553],[82.256584,26.743535],[82.255818,26.743835],[82.254422,26.744382],[82.254753,26.744689],[82.256425,26.746468],[82.257569,26.747886],[82.258573,26.749629],[82.259006,26.750246],[82.265998,26.757091],[82.268163,26.760103],[82.267941,26.760551],[82.266972,26.762502],[82.266708,26.763033],[82.265788,26.765017],[82.265531,26.766423],[82.265531,26.766424],[82.265153,26.76849],[82.265255,26.773649],[82.26368,26.775104],[82.263233,26.775823],[82.262235,26.776476],[82.260814,26.777778],[82.259888,26.778431],[82.258608,26.779603],[82.257975,26.780834],[82.2567,26.782392],[82.255708,26.783626],[82.255226,26.785436],[82.254002,26.786135],[82.253405,26.787966],[82.251935,26.790449],[82.248242,26.797207],[82.248121,26.797456],[82.24507,26.803951],[82.241872,26.807858],[82.241489,26.808329],[82.241482,26.808334],[82.241479,26.808339],[82.241471,26.808343],[82.241471,26.808343],[82.240647,26.808813],[82.239612,26.809373],[82.23753,26.810232],[82.235394,26.811092],[82.233373,26.811666],[82.231386,26.812033],[82.229958,26.812138],[82.228666,26.812234],[82.228777,26.812226],[82.229022,26.81241],[82.229713,26.812928],[82.23168,26.814285],[82.234025,26.815957],[82.235686,26.817138],[82.237931,26.818608],[82.238047,26.818648],[82.238348,26.818616],[82.238695,26.818393],[82.238836,26.818302],[82.239323,26.817988],[82.241168,26.816371],[82.242097,26.815725],[82.243093,26.81512],[82.244048,26.814528],[82.244766,26.813661],[82.245343,26.812672],[82.245941,26.811719],[82.246403,26.811177],[82.24688,26.810884],[82.247398,26.810689],[82.248117,26.810711],[82.248126,26.810704],[82.249481,26.810862],[82.251443,26.810983],[82.252809,26.811202],[82.253445,26.811491],[82.254883,26.812923],[82.255488,26.814234],[82.254771,26.815019],[82.255893,26.816494],[82.257565,26.818974],[82.258411,26.819704],[82.25841,26.819707],[82.257788,26.82216],[82.256851,26.825482],[82.255863,26.826192],[82.255396,26.82589],[82.253927,26.825464],[82.252692,26.825154],[82.251762,26.825167],[82.250965,26.825179],[82.250171,26.825399],[82.249116,26.826071],[82.249022,26.826131],[82.248194,26.82704],[82.24812,26.826952],[82.247793,26.827182],[82.247325,26.827386],[82.247054,26.827657],[82.24713,26.828009],[82.247161,26.828483],[82.246829,26.828961],[82.246664,26.82953],[82.246785,26.830396],[82.246771,26.830726],[82.246766,26.831064],[82.246525,26.83147],[82.246088,26.831854],[82.245862,26.832193],[82.245817,26.832396],[82.245983,26.832558],[82.246572,26.833045],[82.246738,26.833289],[82.247131,26.83378],[82.247147,26.834146],[82.2468,26.834525],[82.246552,26.834845],[82.246453,26.834972],[82.246408,26.835356],[82.246348,26.835654],[82.246183,26.835789],[82.24571,26.835884],[82.245061,26.836075],[82.244912,26.83608],[82.244654,26.836088],[82.244322,26.836116],[82.244,26.836224],[82.243728,26.836536],[82.243337,26.837299],[82.242258,26.839615],[82.241791,26.840838],[82.24144,26.842237],[82.241326,26.842771],[82.241248,26.843137],[82.241185,26.843429],[82.240703,26.844539],[82.239765,26.846607],[82.239298,26.847785],[82.239241,26.84789],[82.239041,26.848264],[82.238751,26.848805],[82.237937,26.850133],[82.237651,26.850489],[82.23752,26.850747],[82.23741,26.850963],[82.23732,26.85183],[82.237079,26.85216],[82.236853,26.852823],[82.236642,26.853148],[82.236702,26.853283],[82.236899,26.853337],[82.238338,26.853842],[82.239959,26.854423],[82.240306,26.854662],[82.240412,26.85481],[82.240276,26.854959],[82.239567,26.855506],[82.237542,26.857286],[82.236406,26.858288],[82.237982,26.859699],[82.237946,26.859721],[82.237424,26.860038],[82.2368,26.860355],[82.235412,26.860857],[82.234426,26.861182],[82.233763,26.861385],[82.232957,26.86163],[82.232339,26.861906],[82.232228,26.86201],[82.232067,26.862163],[82.232022,26.862475],[82.232042,26.862777],[82.232038,26.862903],[82.232038,26.86292],[82.232038,26.862949],[82.231937,26.863134],[82.231686,26.863499],[82.23157,26.863703],[82.231239,26.864578],[82.231079,26.865061],[82.230843,26.865856],[82.230718,26.867002],[82.230739,26.867291],[82.230673,26.867385],[82.230598,26.867503],[82.230543,26.867656],[82.230468,26.868094],[82.230846,26.869384],[82.231608,26.871202],[82.231895,26.871595],[82.232106,26.871744],[82.232927,26.871905],[82.233485,26.871918],[82.234059,26.871769],[82.234396,26.871539],[82.234592,26.871512],[82.234743,26.871633],[82.235136,26.87212],[82.235332,26.872341],[82.235634,26.872368],[82.236001,26.872147],[82.236198,26.872201],[82.236515,26.872462],[82.237316,26.873152],[82.237804,26.873382],[82.23794,26.873517],[82.238046,26.873774],[82.237971,26.874131],[82.238062,26.874428],[82.239347,26.876192],[82.239881,26.87676],[82.239182,26.877248],[82.240185,26.878944],[82.240742,26.879849],[82.241536,26.88114],[82.242962,26.883337],[82.243418,26.884472],[82.243507,26.884695],[82.243991,26.885958],[82.244728,26.887302],[82.245893,26.889498],[82.247101,26.891291],[82.247254,26.891519],[82.24812,26.892185],[82.248321,26.892339],[82.249319,26.893724],[82.249788,26.894563],[82.250066,26.89523],[82.250157,26.896205],[82.250098,26.897184],[82.250026,26.897489],[82.249853,26.898227],[82.24905,26.900822],[82.248508,26.902271],[82.24812,26.903323],[82.248071,26.903454],[82.247705,26.904312],[82.247378,26.904825],[82.247152,26.905179],[82.246423,26.905937],[82.245141,26.907229],[82.244035,26.908399],[82.243206,26.909622],[82.241707,26.910901],[82.240706,26.911854],[82.239786,26.912775],[82.238483,26.913809],[82.237895,26.914175],[82.237105,26.914636],[82.238063,26.916684],[82.23877,26.918678],[82.238151,26.91895],[82.236968,26.91914],[82.233863,26.919819],[82.234988,26.922007],[82.236491,26.92465],[82.237035,26.92571],[82.237489,26.926459],[82.238063,26.926756],[82.238547,26.927121],[82.239157,26.928425],[82.240111,26.930527],[82.240505,26.931222],[82.240993,26.931871],[82.241341,26.932047],[82.242248,26.93252],[82.24249,26.932858],[82.24255,26.932939],[82.242651,26.932948],[82.242908,26.933061],[82.243301,26.933399],[82.243689,26.933733],[82.243921,26.933863],[82.244097,26.933904],[82.244585,26.933809],[82.244842,26.933632],[82.24528,26.933429],[82.245833,26.93337],[82.246568,26.933369],[82.247097,26.933468],[82.247399,26.933684],[82.247808,26.934022],[82.247869,26.934096],[82.248034,26.934293],[82.248103,26.934407],[82.249322,26.933953],[82.250172,26.933924],[82.251646,26.934357],[82.252784,26.935233],[82.25362,26.936454],[82.254835,26.937556],[82.255822,26.93811],[82.25599,26.938351],[82.256528,26.939122],[82.256718,26.939606],[82.256856,26.940269],[82.256867,26.940869],[82.256916,26.941582],[82.257506,26.942158],[82.258432,26.942339],[82.259227,26.942231],[82.259791,26.942417],[82.260768,26.942387],[82.261735,26.942318],[82.263288,26.942101],[82.264402,26.941647],[82.265748,26.940962],[82.266353,26.940386],[82.267061,26.939483],[82.268073,26.938413],[82.268941,26.937857],[82.270039,26.937484],[82.271117,26.937063],[82.272488,26.936816],[82.273116,26.936466],[82.274212,26.936061],[82.274644,26.936931],[82.274861,26.937902],[82.275682,26.939269],[82.275883,26.939875],[82.275481,26.940676],[82.275161,26.940973],[82.27539,26.941635],[82.275403,26.942381],[82.27505,26.942857],[82.275073,26.943132],[82.275329,26.943291],[82.275728,26.943318],[82.276651,26.943288],[82.278393,26.943539],[82.279589,26.943897],[82.280359,26.944127],[82.2811,26.944595],[82.281716,26.944635],[82.282854,26.944472],[82.283183,26.944629],[82.283316,26.944968],[82.283012,26.945184],[82.282346,26.945437],[82.282078,26.945635],[82.282322,26.94607],[82.28366,26.947008],[82.285126,26.947961],[82.286711,26.948538],[82.287883,26.948789],[82.289497,26.948927],[82.290619,26.948895],[82.290893,26.949037],[82.29104,26.949197],[82.291067,26.949667],[82.291002,26.950074],[82.290472,26.950812],[82.290012,26.951403],[82.289986,26.951939],[82.290505,26.952597],[82.291215,26.95382],[82.291446,26.954084],[82.29228,26.954153],[82.292618,26.954846],[82.292935,26.955328],[82.294436,26.956264],[82.295525,26.957384],[82.295991,26.958124],[82.296186,26.958867],[82.296215,26.959962],[82.296514,26.960493],[82.297134,26.960728],[82.298277,26.960873],[82.298792,26.961304],[82.298979,26.961642],[82.298972,26.962275],[82.298523,26.962444],[82.297858,26.962746],[82.297934,26.962939],[82.298424,26.962981],[82.299248,26.963488],[82.300592,26.964207],[82.301426,26.964276],[82.302147,26.964087],[82.302508,26.964033],[82.302855,26.964222],[82.30297,26.964578],[82.303091,26.965225],[82.302725,26.96601],[82.302302,26.966649],[82.302344,26.966989],[82.303167,26.967415],[82.303793,26.967974],[82.304257,26.968121],[82.304728,26.968114],[82.305552,26.967648],[82.306201,26.967492],[82.30718,26.967543],[82.308327,26.967899],[82.309884,26.968915],[82.310487,26.969182],[82.311189,26.968977],[82.311952,26.968617],[82.314043,26.970063],[82.314647,26.970443],[82.314926,26.970861],[82.314492,26.972414],[82.314315,26.973045],[82.313798,26.974513],[82.313995,26.974843],[82.314746,26.975335],[82.314774,26.975886],[82.314276,26.976348],[82.314245,26.976624],[82.314524,26.977074],[82.314931,26.977523],[82.315285,26.978053],[82.316032,26.978334],[82.316772,26.978177],[82.317146,26.977863],[82.317414,26.976691],[82.317782,26.976004],[82.319222,26.975512],[82.320879,26.974092],[82.323092,26.971844],[82.325631,26.969081],[82.326245,26.968528],[82.326989,26.967608],[82.3273,26.966808],[82.327077,26.965513],[82.326695,26.964432],[82.32637,26.962027],[82.326137,26.958233],[82.326363,26.957215],[82.327157,26.955126],[82.327974,26.955244],[82.330498,26.953713],[82.332265,26.952356],[82.332466,26.951956],[82.332259,26.951521],[82.331868,26.950926],[82.331948,26.950357],[82.332724,26.949274],[82.334102,26.948378],[82.337035,26.946788],[82.337525,26.946525],[82.339866,26.94533],[82.3415,26.943858],[82.341771,26.943614],[82.343698,26.942092],[82.344048,26.941487],[82.345566,26.939882],[82.345684,26.939762],[82.34573,26.939714],[82.348479,26.936901],[82.349206,26.936525],[82.35294,26.932915],[82.353432,26.932161],[82.354021,26.932025],[82.354758,26.931906],[82.355492,26.931473],[82.356804,26.932914],[82.35863,26.931799],[82.359419,26.931446],[82.359948,26.931617],[82.361669,26.930763],[82.362914,26.932458],[82.363014,26.932562],[82.363267,26.932844],[82.36381,26.932486],[82.364247,26.9331],[82.367699,26.931856],[82.368399,26.933276],[82.368895,26.93419],[82.37014,26.937254],[82.372519,26.936942],[82.375503,26.936324],[82.378171,26.935807],[82.378967,26.937138],[82.379691,26.938876],[82.380066,26.939983],[82.383783,26.93964],[82.385733,26.939627],[82.386773,26.940716],[82.387398,26.941867],[82.387428,26.943456],[82.386515,26.94579],[82.386308,26.94658],[82.386697,26.94748],[82.387983,26.948907],[82.388295,26.949443],[82.390539,26.948105],[82.391927,26.947464],[82.393283,26.946967],[82.395346,26.945894],[82.397878,26.944955],[82.398339,26.944784],[82.400792,26.944142],[82.402525,26.94344],[82.403533,26.942408],[82.405103,26.941954],[82.406145,26.941764],[82.407987,26.940718],[82.409321,26.939561],[82.409733,26.938957],[82.409736,26.938953],[82.410011,26.938549],[82.410394,26.937243],[82.410427,26.937128],[82.411523,26.936968],[82.412144,26.936991],[82.412543,26.93743],[82.412624,26.938907],[82.414514,26.93759],[82.41641,26.936607],[82.41775,26.936113],[82.419102,26.935615],[82.422824,26.934132],[82.423856,26.933369],[82.426048,26.931675],[82.42647,26.931461],[82.426795,26.930884],[82.427248,26.930432],[82.428219,26.930242],[82.428101,26.929624],[82.430479,26.928825],[82.431968,26.928396],[82.433409,26.927706],[82.43515,26.926964],[82.436473,26.926626],[82.438315,26.926565],[82.439483,26.926921],[82.444219,26.931616],[82.44526,26.930908],[82.448949,26.929182],[82.448989,26.928498],[82.450988,26.927354],[82.451232,26.927596],[82.452822,26.92638],[82.452313,26.92572],[82.452639,26.925174],[82.45264,26.924348],[82.454538,26.92346],[82.455471,26.922935],[82.455555,26.922888],[82.455557,26.922843],[82.455599,26.921957],[82.457898,26.920761],[82.459646,26.919509],[82.460112,26.918835],[82.460582,26.918414],[82.461608,26.91785],[82.462523,26.917517],[82.463585,26.917437],[82.465203,26.916744],[82.466854,26.915987],[82.468286,26.914884],[82.469106,26.913766],[82.46975,26.912214],[82.472381,26.91079],[82.474807,26.909798],[82.476247,26.908623],[82.477029,26.907832],[82.47774,26.907041],[82.478121,26.906574],[82.478256,26.905317],[82.478588,26.904199],[82.479033,26.903381],[82.481216,26.903774],[82.482289,26.904029],[82.483209,26.903935],[82.485705,26.903769],[82.486995,26.903557],[82.487983,26.903351],[82.488339,26.903409],[82.488543,26.904757],[82.489278,26.906549],[82.490209,26.908824],[82.490663,26.909373],[82.492912,26.910617],[82.494275,26.91139],[82.495593,26.912625],[82.496737,26.913974],[82.497096,26.914675],[82.498122,26.917279],[82.498101,26.91789],[82.498088,26.918295],[82.499283,26.919368],[82.49887,26.919869],[82.498369,26.920317],[82.500578,26.91995],[82.500842,26.920267],[82.501136,26.92127],[82.50137,26.922207],[82.501325,26.923065],[82.501162,26.924569],[82.501249,26.925545],[82.501278,26.925994],[82.500629,26.927273],[82.500304,26.928038],[82.500038,26.928764],[82.499949,26.929225],[82.499993,26.929753],[82.500081,26.930162],[82.500522,26.931034],[82.501477,26.932116],[82.502389,26.933133],[82.503153,26.934084],[82.503108,26.934796],[82.503078,26.935483],[82.50321,26.936142],[82.503577,26.936961],[82.504209,26.937859],[82.505312,26.939417],[82.50615,26.940644],[82.506606,26.940948],[82.508019,26.941398],[82.508725,26.941781],[82.509431,26.942481],[82.510019,26.943234],[82.510047,26.944791],[82.510105,26.945886],[82.510149,26.945965],[82.510193,26.946045],[82.51112,26.946837],[82.512326,26.947748],[82.512856,26.948131],[82.513503,26.948396],[82.514107,26.948594],[82.514813,26.948806],[82.515549,26.949044],[82.516653,26.949691],[82.517859,26.950484],[82.519139,26.951224],[82.519831,26.951594],[82.520258,26.951674],[82.52123,26.951529],[82.52176,26.951292],[82.522482,26.951055],[82.522732,26.951002],[82.523262,26.950976],[82.523467,26.95092],[82.523716,26.95085],[82.525678,26.950305],[82.526679,26.950213],[82.52796,26.949898],[82.528726,26.949872],[82.530065,26.950203],[82.53139,26.950613],[82.532082,26.950811],[82.533422,26.950733],[82.535101,26.950694],[82.535778,26.950721],[82.536558,26.950827],[82.537206,26.950788],[82.538016,26.95063],[82.538458,26.950485],[82.539165,26.950446],[82.539871,26.950697],[82.540489,26.951238],[82.540975,26.95178],[82.541342,26.952308],[82.541725,26.952882],[82.541923,26.953212],[82.542445,26.953885],[82.54296,26.954295],[82.543549,26.954499],[82.544278,26.954375],[82.54497,26.954045],[82.54539,26.954303],[82.545831,26.954916],[82.545993,26.955279],[82.546692,26.95623],[82.547228,26.957286],[82.547751,26.957933],[82.548295,26.958553],[82.548494,26.958936],[82.548346,26.959239],[82.548081,26.959688],[82.547874,26.960189],[82.547903,26.960809],[82.548021,26.961205],[82.548227,26.961588],[82.548713,26.961825],[82.549699,26.961971],[82.551068,26.962051],[82.551701,26.962157],[82.552349,26.962408],[82.553144,26.962461],[82.553881,26.962422],[82.554587,26.962475],[82.555338,26.9627],[82.556178,26.962832],[82.556766,26.963176],[82.557326,26.963492],[82.558003,26.963664],[82.558651,26.963678],[82.559181,26.963678],[82.559564,26.963942],[82.560697,26.964233],[82.561536,26.964616],[82.562037,26.96488],[82.562802,26.965962],[82.563155,26.966451],[82.563288,26.966899],[82.563184,26.967718],[82.563007,26.9681],[82.562654,26.968509],[82.562477,26.968826],[82.562359,26.969314],[82.562402,26.970145],[82.562461,26.970765],[82.562681,26.971412],[82.563218,26.971903],[82.563476,26.972138],[82.563741,26.972362],[82.563829,26.972877],[82.563799,26.973537],[82.563991,26.974025],[82.564535,26.974777],[82.564609,26.974985],[82.564597,26.975322],[82.564461,26.975546],[82.564214,26.97577],[82.563956,26.976008],[82.563846,26.976196],[82.563857,26.976387],[82.563967,26.976598],[82.564129,26.976859],[82.564199,26.977004],[82.564298,26.977235],[82.564419,26.977561],[82.564563,26.977951],[82.56457,26.978165],[82.564563,26.978317],[82.56454,26.978726],[82.564459,26.979227],[82.564297,26.979716],[82.564105,26.980237],[82.564061,26.980507],[82.56398,26.980817],[82.563869,26.981134],[82.563699,26.981358],[82.563449,26.981668],[82.563287,26.981912],[82.563198,26.98211],[82.563139,26.982611],[82.563036,26.983231],[82.563028,26.983528],[82.562785,26.983878],[82.562402,26.984287],[82.562232,26.984557],[82.562217,26.984847],[82.562313,26.985092],[82.5626,26.985481],[82.562894,26.985884],[82.562997,26.986312],[82.563152,26.986675],[82.563497,26.987151],[82.564131,26.987626],[82.564594,26.987956],[82.565088,26.988273],[82.565522,26.988438],[82.56589,26.988517],[82.566236,26.988379],[82.566678,26.988016],[82.566973,26.987554],[82.567364,26.987225],[82.567644,26.987047],[82.567747,26.986836],[82.567673,26.986248],[82.567666,26.985714],[82.56813,26.985754],[82.569323,26.985833],[82.569728,26.985932],[82.569986,26.986223],[82.570104,26.986507],[82.570229,26.98679],[82.570567,26.987094],[82.570913,26.987345],[82.571495,26.98786],[82.572614,26.98885],[82.573158,26.989364],[82.57332,26.989919],[82.573526,26.990381],[82.574292,26.991014],[82.574763,26.991331],[82.575278,26.99149],[82.57653,26.991424],[82.577326,26.991504],[82.577841,26.991781],[82.57815,26.992322],[82.578341,26.992744],[82.578518,26.992916],[82.578916,26.993061],[82.579387,26.992863],[82.57977,26.992705],[82.580359,26.9926],[82.580801,26.992415],[82.581479,26.992072],[82.58198,26.991861],[82.58251,26.991888],[82.583143,26.992099],[82.58332,26.992482],[82.583467,26.993366],[82.583482,26.994052],[82.583511,26.994382],[82.583319,26.994765],[82.583275,26.99524],[82.583363,26.996137],[82.583319,26.996586],[82.582744,26.996823],[82.581949,26.996941],[82.581698,26.997298],[82.581889,26.997905],[82.582139,26.998393],[82.582257,26.998442],[82.582891,26.998749],[82.583362,26.999158],[82.583671,26.999805],[82.583886,27.000262],[82.584143,27.000486],[82.584897,27.000578],[82.585829,27.000528],[82.587214,27.000365],[82.587639,27.000261],[82.588473,27.000044],[82.590034,26.999781],[82.591301,26.999609],[82.592568,26.999267],[82.593791,26.999135],[82.595131,26.999069],[82.596221,26.999201],[82.596899,26.999241],[82.597679,26.999241],[82.598489,26.999136],[82.599197,26.999096],[82.600522,26.999083],[82.601421,26.999084],[82.602584,26.999097],[82.604234,26.998965],[82.605678,26.998794],[82.60665,26.998675],[82.607239,26.998623],[82.608403,26.998557],[82.608638,26.999137],[82.60967,26.999533],[82.611378,26.999375],[82.612527,27.000035],[82.613604,27.000255],[82.614018,27.00043],[82.614884,27.000579],[82.61571,27.001112],[82.616375,27.001409],[82.617443,27.001915],[82.618083,27.002141],[82.618456,27.002213],[82.618713,27.002249],[82.618954,27.002213],[82.61969,27.001852],[82.620158,27.001274],[82.620666,27.000253],[82.621454,26.999217],[82.622278,26.998083]],[[82.619209,26.890679],[82.619324,26.890895],[82.619367,26.890971],[82.619369,26.890974],[82.619427,26.891077],[82.61944,26.891092],[82.619473,26.891132],[82.619486,26.891148],[82.619544,26.891241],[82.61958,26.891308],[82.619611,26.891368],[82.619647,26.891437],[82.61966,26.89146],[82.619722,26.891569],[82.61974,26.891598],[82.619824,26.89174],[82.619841,26.891771],[82.619865,26.891817],[82.619893,26.891868],[82.619912,26.891912],[82.619956,26.892011],[82.619984,26.892084],[82.619989,26.892098],[82.620007,26.892166],[82.620049,26.892265],[82.620116,26.892368],[82.620168,26.892447],[82.620251,26.892585],[82.620472,26.89294],[82.620511,26.892981],[82.620571,26.893074],[82.620649,26.893188],[82.620703,26.893265],[82.620798,26.893413],[82.620851,26.893505],[82.620874,26.89354],[82.620916,26.893606],[82.621053,26.893809],[82.621129,26.893935],[82.621138,26.893993],[82.621109,26.894015],[82.621079,26.894037],[82.62085,26.89416],[82.620731,26.894235],[82.620642,26.894291],[82.620629,26.894299],[82.620554,26.894337],[82.620439,26.894394],[82.620387,26.894426],[82.620323,26.894466],[82.620208,26.89453],[82.620116,26.894581],[82.619987,26.894656],[82.619902,26.894705],[82.619768,26.894778],[82.619683,26.894833],[82.618369,26.892896],[82.618216,26.892638],[82.617509,26.891439],[82.617378,26.891218],[82.617472,26.89117],[82.617648,26.89107],[82.61774,26.891],[82.617759,26.890985],[82.617808,26.890938],[82.61787,26.890884],[82.617971,26.89081],[82.618058,26.890749],[82.618134,26.89071],[82.618198,26.890687],[82.618426,26.890611],[82.618581,26.890561],[82.618664,26.890533],[82.618853,26.890472],[82.618973,26.890435],[82.619008,26.890423],[82.619058,26.890418],[82.619101,26.89047],[82.619209,26.890679]]]}},{"type":"Feature","properties":{"OBJECTID":2689,"state_lgd":"09","state_name":"UTTAR PRADESH","district_lgd":"185","district_name":"BASTI","district_name_source":"district_table","subdistrict_lgd":"940","subdistrict_name":"RUDHAULI","subdistrict_type":"Tehsil","name_corrupted":false,"remarks":""},"geometry":{"type":"Polygon","coordinates":[[[82.78839,27.061823],[82.78842,27.061669],[82.788466,27.061403],[82.788506,27.061232],[82.788562,27.061038],[82.788637,27.06088],[82.788658,27.0606],[82.788683,27.060248],[82.788714,27.059986],[82.788845,27.059792],[82.789031,27.059761],[82.789203,27.059775],[82.789409,27.059937],[82.78955,27.059987],[82.789812,27.060005],[82.790029,27.059978],[82.790266,27.060046],[82.790417,27.060154],[82.790725,27.06029],[82.790941,27.060358],[82.791123,27.060317],[82.791319,27.060223],[82.791486,27.060083],[82.791526,27.05983],[82.791521,27.059641],[82.791476,27.05932],[82.791381,27.059049],[82.791325,27.058806],[82.791316,27.058639],[82.791326,27.058544],[82.791381,27.058409],[82.791568,27.058318],[82.791749,27.05826],[82.791916,27.058156],[82.792032,27.057949],[82.792097,27.057764],[82.792274,27.057579],[82.792511,27.057453],[82.792849,27.057327],[82.792849,27.057326],[82.792849,27.057322],[82.792829,27.056853],[82.792839,27.056519],[82.792854,27.056329],[82.792945,27.05604],[82.793172,27.055716],[82.793465,27.055373],[82.793697,27.055175],[82.793798,27.05499],[82.793838,27.054791],[82.793849,27.054462],[82.793839,27.054231],[82.793778,27.053997],[82.793698,27.053785],[82.793612,27.053631],[82.793592,27.053496],[82.793592,27.053392],[82.793663,27.053221],[82.79384,27.053072],[82.794107,27.052919],[82.794495,27.052774],[82.794752,27.052648],[82.795075,27.052522],[82.795266,27.052342],[82.795372,27.052175],[82.795458,27.051854],[82.795499,27.051557],[82.795534,27.051223],[82.795565,27.050925],[82.795555,27.050695],[82.795525,27.050469],[82.795414,27.050343],[82.795228,27.050338],[82.794925,27.050419],[82.794603,27.050419],[82.794446,27.050396],[82.79433,27.050306],[82.79431,27.050134],[82.794311,27.049995],[82.794477,27.049764],[82.79485,27.049539],[82.795299,27.049345],[82.795667,27.049156],[82.795803,27.049048],[82.795803,27.048921],[82.795758,27.048782],[82.795617,27.048614],[82.795345,27.048483],[82.795002,27.048393],[82.79473,27.048334],[82.794483,27.048339],[82.794271,27.048347],[82.794009,27.048334],[82.793893,27.04828],[82.793767,27.048194],[82.793677,27.048094],[82.793702,27.048],[82.793899,27.047819],[82.794322,27.047657],[82.794962,27.047531],[82.795628,27.047518],[82.796177,27.047622],[82.796514,27.047762],[82.796842,27.047785],[82.79719,27.047763],[82.797603,27.047645],[82.797896,27.047474],[82.798304,27.047104],[82.798677,27.046852],[82.798934,27.046644],[82.799156,27.046541],[82.799348,27.046554],[82.79963,27.046717],[82.799831,27.047096],[82.799962,27.047453],[82.800088,27.047556],[82.800284,27.047624],[82.800476,27.047602],[82.800642,27.047507],[82.800778,27.047336],[82.800824,27.047151],[82.800819,27.046903],[82.800759,27.046645],[82.800729,27.046316],[82.800704,27.046014],[82.800704,27.045743],[82.800779,27.04558],[82.801001,27.045373],[82.801203,27.045328],[82.801475,27.04536],[82.801641,27.045509],[82.801772,27.045788],[82.801863,27.0461],[82.802104,27.046438],[82.80226,27.046587],[82.802497,27.046691],[82.80278,27.046696],[82.802926,27.046624],[82.803208,27.046444],[82.80345,27.046232],[82.803783,27.045916],[82.804055,27.045695],[82.804358,27.045433],[82.804771,27.045249],[82.805169,27.045118],[82.805446,27.045028],[82.805658,27.044987],[82.805734,27.044581],[82.805709,27.044342],[82.805628,27.044103],[82.805518,27.043873],[82.805478,27.043688],[82.805478,27.043512],[82.805443,27.043254],[82.805463,27.042979],[82.805584,27.04265],[82.805771,27.042329],[82.806003,27.042099],[82.806285,27.04196],[82.806542,27.04191],[82.806733,27.042014],[82.80694,27.042177],[82.807197,27.042226],[82.807555,27.042199],[82.808003,27.042132],[82.80821,27.041974],[82.808326,27.041699],[82.808362,27.041446],[82.808342,27.041054],[82.808306,27.040706],[82.808302,27.040467],[82.808302,27.040309],[82.808307,27.040115],[82.808393,27.040007],[82.808589,27.039948],[82.808816,27.039962],[82.809164,27.040156],[82.809546,27.040296],[82.809829,27.040341],[82.810096,27.040319],[82.810358,27.040206],[82.810575,27.04003],[82.810766,27.039963],[82.810917,27.040008],[82.810983,27.040112],[82.810932,27.040288],[82.810892,27.040455],[82.810841,27.040644],[82.810932,27.040825],[82.811138,27.040974],[82.81132,27.041109],[82.811456,27.041172],[82.811647,27.041191],[82.811794,27.041055],[82.811849,27.040803],[82.81195,27.040654],[82.812091,27.040514],[82.812333,27.04046],[82.812696,27.040433],[82.813003,27.04055],[82.813164,27.040686],[82.813195,27.040862],[82.813321,27.040997],[82.813462,27.041115],[82.813683,27.041182],[82.813744,27.0412],[82.813935,27.041237],[82.814036,27.041237],[82.814228,27.041223],[82.814384,27.041115],[82.814459,27.040939],[82.81449,27.040741],[82.814606,27.040583],[82.814782,27.04042],[82.815115,27.040366],[82.815503,27.040366],[82.81573,27.040317],[82.815936,27.040204],[82.816133,27.039938],[82.816375,27.039415],[82.816653,27.038815],[82.816774,27.038517],[82.81695,27.038197],[82.817107,27.037989],[82.817298,27.037917],[82.817505,27.037953],[82.817747,27.038174],[82.818019,27.038436],[82.81822,27.038563],[82.818351,27.038608],[82.818477,27.038599],[82.818654,27.038509],[82.818744,27.03831],[82.818795,27.038012],[82.818745,27.037511],[82.818745,27.03711],[82.818725,27.036907],[82.81876,27.036753],[82.818866,27.036677],[82.819078,27.036713],[82.819309,27.036767],[82.819476,27.03679],[82.819698,27.036686],[82.819814,27.03646],[82.81995,27.036194],[82.820247,27.035951],[82.820635,27.035757],[82.820902,27.035531],[82.821069,27.035355],[82.821109,27.035161],[82.82116,27.034972],[82.82115,27.034805],[82.821049,27.034539],[82.821019,27.034196],[82.820979,27.033875],[82.820984,27.033577],[82.821125,27.033343],[82.821508,27.033113],[82.82178,27.033],[82.821811,27.032802],[82.821771,27.032594],[82.821685,27.032445],[82.821504,27.032319],[82.821247,27.032151],[82.821005,27.031966],[82.820809,27.031745],[82.820799,27.031538],[82.820809,27.031366],[82.82094,27.031186],[82.821182,27.031023],[82.821504,27.030929],[82.821812,27.030843],[82.822275,27.030843],[82.822452,27.03083],[82.822603,27.030803],[82.822699,27.030695],[82.822769,27.030586],[82.822694,27.030442],[82.822583,27.030198],[82.822518,27.030049],[82.822533,27.029896],[82.82276,27.029715],[82.822941,27.029648],[82.823284,27.029544],[82.823591,27.029454],[82.823929,27.029531],[82.824181,27.029671],[82.824352,27.02982],[82.824528,27.029887],[82.82476,27.029851],[82.824866,27.029748],[82.824851,27.029635],[82.82471,27.029441],[82.824438,27.029269],[82.824186,27.029156],[82.823863,27.029098],[82.823415,27.029115],[82.823017,27.029025],[82.822866,27.028876],[82.822841,27.028709],[82.822826,27.02856],[82.822891,27.028416],[82.823032,27.028231],[82.823274,27.028078],[82.823536,27.028014],[82.823864,27.027956],[82.824086,27.027933],[82.824302,27.027875],[82.824378,27.027785],[82.824363,27.027622],[82.824267,27.027428],[82.824096,27.027288],[82.824031,27.027108],[82.824046,27.026954],[82.824111,27.026783],[82.824212,27.026611],[82.824338,27.026404],[82.824429,27.026183],[82.824444,27.026025],[82.824449,27.025754],[82.824475,27.025596],[82.824611,27.025483],[82.824807,27.025402],[82.825024,27.025344],[82.82513,27.02533],[82.825175,27.025299],[82.825205,27.025141],[82.82511,27.025014],[82.824944,27.024852],[82.824828,27.024716],[82.824803,27.024644],[82.824803,27.024414],[82.824833,27.024188],[82.824959,27.023945],[82.825201,27.02362],[82.825509,27.023566],[82.825745,27.023485],[82.825982,27.023394],[82.826113,27.023268],[82.826174,27.023106],[82.826144,27.022749],[82.826149,27.022551],[82.826245,27.022307],[82.826401,27.022081],[82.826648,27.021906],[82.82697,27.021852],[82.827303,27.021829],[82.827812,27.021829],[82.828084,27.021784],[82.828316,27.02169],[82.828492,27.021518],[82.828648,27.021311],[82.828734,27.02104],[82.828755,27.020801],[82.828755,27.020571],[82.82878,27.020413],[82.828906,27.020273],[82.829047,27.020124],[82.829143,27.019921],[82.829143,27.0197],[82.829163,27.019393],[82.829193,27.019221],[82.829319,27.019091],[82.829526,27.019023],[82.829874,27.01905],[82.830105,27.019163],[82.830342,27.019231],[82.83067,27.019208],[82.830846,27.019127],[82.831073,27.01883],[82.831196,27.018647],[82.83132,27.018464],[82.831552,27.018117],[82.831708,27.017923],[82.831995,27.017715],[82.832298,27.017584],[82.83248,27.017545],[82.83261,27.017517],[82.832682,27.017507],[82.833018,27.017463],[82.83329,27.017517],[82.833457,27.017747],[82.833633,27.017919],[82.833799,27.018027],[82.834006,27.018104],[82.834121,27.018154],[82.834207,27.018266],[82.834187,27.018492],[82.833955,27.018912],[82.833748,27.019173],[82.83334,27.019435],[82.833184,27.019566],[82.833093,27.01985],[82.833118,27.020035],[82.833234,27.020261],[82.833425,27.020387],[82.833733,27.020446],[82.834146,27.020437],[82.834488,27.020378],[82.834892,27.020207],[82.83529,27.020031],[82.835642,27.019963],[82.835854,27.019964],[82.835955,27.020036],[82.835965,27.02018],[82.836309,27.020067],[82.836189,27.019899],[82.836226,27.019645],[82.836348,27.019536],[82.836575,27.019431],[82.836663,27.019314],[82.836424,27.019097],[82.836489,27.018966],[82.837103,27.018736],[82.837815,27.018373],[82.839055,27.017697],[82.839159,27.017657],[82.839771,27.017559],[82.840062,27.017424],[82.841105,27.016927],[82.841257,27.016748],[82.841478,27.016725],[82.841488,27.016724],[82.841843,27.016688],[82.841907,27.016682],[82.841908,27.016686],[82.841925,27.016758],[82.84195,27.016863],[82.842003,27.017077],[82.842009,27.017101],[82.842011,27.017112],[82.842018,27.017227],[82.842019,27.017241],[82.841981,27.017259],[82.841908,27.017294],[82.84186,27.017319],[82.841808,27.017388],[82.84172,27.017503],[82.841704,27.017519],[82.841513,27.017713],[82.841502,27.01781],[82.8415,27.017828],[82.841498,27.017851],[82.841468,27.017865],[82.841429,27.017883],[82.841397,27.017898],[82.841392,27.017978],[82.841392,27.018043],[82.841392,27.018048],[82.841391,27.018431],[82.841391,27.01846],[82.841348,27.018482],[82.841127,27.018593],[82.841024,27.018645],[82.841015,27.018679],[82.841013,27.01869],[82.841006,27.018717],[82.840962,27.018785],[82.840647,27.018932],[82.84033,27.019073],[82.840255,27.019027],[82.839698,27.019326],[82.839315,27.019565],[82.838862,27.01984],[82.83865,27.01996],[82.838504,27.020043],[82.838442,27.020079],[82.838355,27.020158],[82.83833,27.020178],[82.837893,27.020535],[82.837825,27.020598],[82.8378,27.020622],[82.837719,27.020722],[82.837801,27.020744],[82.837857,27.020771],[82.837909,27.020817],[82.837935,27.020854],[82.837934,27.02089],[82.837925,27.020967],[82.837888,27.021054],[82.837888,27.021162],[82.837899,27.021367],[82.837892,27.021584],[82.837896,27.021712],[82.837904,27.021854],[82.837874,27.021902],[82.837797,27.022011],[82.837713,27.022088],[82.83762,27.022149],[82.837586,27.022168],[82.837526,27.022121],[82.837474,27.022165],[82.837514,27.022203],[82.837515,27.022228],[82.837503,27.02224],[82.837387,27.022389],[82.837316,27.022463],[82.837251,27.022549],[82.837182,27.02263],[82.837177,27.022636],[82.837146,27.022672],[82.837036,27.022904],[82.837049,27.022953],[82.837053,27.022969],[82.837055,27.022976],[82.837072,27.023041],[82.837166,27.023077],[82.837451,27.023184],[82.837505,27.023204],[82.837833,27.023218],[82.838393,27.022723],[82.838518,27.022613],[82.838764,27.022445],[82.839431,27.021986],[82.839557,27.021973],[82.839703,27.021957],[82.839935,27.021932],[82.840232,27.022217],[82.840206,27.022762],[82.840337,27.022952],[82.840892,27.023029],[82.841249,27.023444],[82.841486,27.023683],[82.842201,27.023792],[82.84271,27.023593],[82.843441,27.023178],[82.843921,27.023285],[82.84399,27.0233],[82.844116,27.023788],[82.84403,27.024158],[82.843662,27.024564],[82.843496,27.024758],[82.843395,27.02562],[82.842931,27.025994],[82.842599,27.026143],[82.842448,27.026396],[82.842815,27.026635],[82.843762,27.026856],[82.844992,27.026753],[82.845309,27.026545],[82.845425,27.026216],[82.846126,27.025891],[82.846539,27.025936],[82.847139,27.026338],[82.848071,27.027006],[82.848005,27.027349],[82.847788,27.027723],[82.847788,27.028162],[82.847833,27.028486],[82.848257,27.028743],[82.848609,27.029041],[82.848523,27.029741],[82.848942,27.030057],[82.84932,27.030021],[82.849566,27.029822],[82.849854,27.02966],[82.850186,27.029682],[82.850342,27.029858],[82.850433,27.030418],[82.850433,27.030837],[82.850831,27.031433],[82.851234,27.031812],[82.851919,27.032467],[82.852166,27.032945],[82.852418,27.033081],[82.852957,27.033153],[82.853411,27.032959],[82.853975,27.032769],[82.854428,27.033058],[82.854781,27.033275],[82.854831,27.033681],[82.854005,27.034277],[82.854327,27.034705],[82.855078,27.035594],[82.855773,27.035622],[82.856177,27.03555],[82.856716,27.0355],[82.85725,27.035595],[82.857572,27.035983],[82.858026,27.036872],[82.85862,27.037206],[82.858807,27.037522],[82.858726,27.038095],[82.85862,27.038411],[82.858781,27.038889],[82.859179,27.038984],[82.860066,27.038984],[82.860298,27.038758],[82.860837,27.038253],[82.861427,27.037675],[82.862067,27.037603],[82.862606,27.037725],[82.863891,27.038131],[82.864582,27.038041],[82.864768,27.03773],[82.864768,27.03648],[82.864849,27.035875],[82.865252,27.035347],[82.865711,27.034869],[82.8663,27.034508],[82.866729,27.034341],[82.867076,27.033953],[82.867021,27.03333],[82.866648,27.032681],[82.866381,27.031814],[82.866593,27.03148],[82.86689,27.031431],[82.86756,27.031625],[82.868054,27.032004],[82.868427,27.032365],[82.868966,27.032821],[82.869369,27.032965],[82.869823,27.03287],[82.87009,27.032604],[82.87009,27.032099],[82.870332,27.031259],[82.87071,27.030637],[82.87146,27.030082],[82.871566,27.029648],[82.871032,27.028854],[82.870307,27.028565],[82.869636,27.028421],[82.869475,27.028254],[82.869798,27.026932],[82.870065,27.026381],[82.869717,27.025709],[82.869894,27.025379],[82.869818,27.024915],[82.869304,27.024491],[82.869093,27.023768],[82.86936,27.023204],[82.869934,27.022812],[82.8707,27.022862],[82.871597,27.023015],[82.87208,27.023083],[82.873113,27.022929],[82.873592,27.022501],[82.873935,27.021851],[82.87401,27.021336],[82.873819,27.020682],[82.873592,27.0201],[82.873688,27.019604],[82.874051,27.019143],[82.874756,27.019279],[82.875406,27.019297],[82.875673,27.018972],[82.875789,27.018611],[82.876,27.018304],[82.876303,27.018322],[82.876706,27.018475],[82.876499,27.018029],[82.876388,27.01746],[82.876499,27.017117],[82.876615,27.016928],[82.877069,27.016729],[82.877487,27.016228],[82.878162,27.015637],[82.879154,27.01556],[82.879971,27.015484],[82.880112,27.015095],[82.879754,27.014337],[82.87928,27.013566],[82.879164,27.013106],[82.879855,27.012438],[82.880817,27.012077],[82.881497,27.01204],[82.8819,27.012221],[82.882404,27.012699],[82.882706,27.012726],[82.882963,27.012478],[82.882978,27.011539],[82.883018,27.010488],[82.883018,27.009906],[82.883265,27.009753],[82.883693,27.009766],[82.884197,27.01014],[82.884872,27.010574],[82.884878,27.010578],[82.885593,27.011156],[82.885684,27.011476],[82.885507,27.012293],[82.885432,27.012853],[82.885452,27.012997],[82.885649,27.013092],[82.886273,27.012916],[82.886968,27.0125],[82.887613,27.012085],[82.888162,27.011841],[82.888646,27.011841],[82.889074,27.012117],[82.889719,27.012676],[82.890289,27.013299],[82.890863,27.013186],[82.891644,27.012802],[82.892198,27.012689],[82.892858,27.013204],[82.893432,27.013763],[82.893559,27.014336],[82.893629,27.014769],[82.89379,27.014882],[82.894324,27.014833],[82.894883,27.014603],[82.894949,27.014575],[82.895322,27.014259],[82.896002,27.013312],[82.896173,27.013022],[82.89636,27.012707],[82.89636,27.012622],[82.896359,27.011696],[82.896072,27.01101],[82.895356,27.010433],[82.894414,27.010049],[82.894092,27.009779],[82.894107,27.009237],[82.894339,27.008899],[82.894953,27.00833],[82.896213,27.007901],[82.89657,27.00763],[82.89658,27.006403],[82.89657,27.00601],[82.896801,27.004566],[82.896942,27.004156],[82.897713,27.003894],[82.898046,27.003673],[82.897723,27.003199],[82.897612,27.002788],[82.897728,27.002504],[82.898005,27.002395],[82.898589,27.002648],[82.899013,27.002788],[82.899587,27.002788],[82.90003,27.002679],[82.900247,27.002156],[82.900423,27.001614],[82.900745,27.001488],[82.901032,27.001596],[82.90138,27.001957],[82.901733,27.002377],[82.90208,27.002386],[82.902327,27.002196],[82.902559,27.001709],[82.903002,27.000581],[82.903141,27.000265],[82.903238,27.000044],[82.903566,26.999822],[82.903868,26.999908],[82.904065,27.00021],[82.904078,27.000265],[82.904176,27.000675],[82.904382,27.00119],[82.904609,27.00151],[82.904967,27.001627],[82.905314,27.001081],[82.90549,27.000395],[82.905526,27.000266],[82.905641,26.99984],[82.906316,26.999632],[82.906513,26.999741],[82.90674,27.000237],[82.906746,27.000266],[82.906926,27.001049],[82.907133,27.001333],[82.907536,27.001428],[82.907914,27.001166],[82.908155,27.000787],[82.908296,27.000458],[82.908495,27.000266],[82.908709,26.999651],[82.908734,26.998609],[82.909182,26.997828],[82.909555,26.997517],[82.910622,26.996605],[82.910869,26.995869],[82.910672,26.994849],[82.910344,26.99369],[82.910596,26.992625],[82.910943,26.991758],[82.910384,26.991257],[82.909815,26.991167],[82.909145,26.991348],[82.908772,26.991569],[82.908299,26.991637],[82.907855,26.991524],[82.907482,26.990635],[82.90711,26.990369],[82.906535,26.990591],[82.905841,26.991146],[82.904974,26.99166],[82.904128,26.991836],[82.903458,26.991751],[82.902788,26.991083],[82.902304,26.990316],[82.90244,26.989793],[82.902808,26.98986],[82.903332,26.990194],[82.903654,26.990194],[82.903926,26.990013],[82.903926,26.989725],[82.903382,26.988989],[82.902807,26.988367],[82.902611,26.98797],[82.902636,26.987189],[82.903552,26.986255],[82.904449,26.985812],[82.904847,26.985523],[82.905068,26.985252],[82.905103,26.984973],[82.904907,26.984684],[82.903738,26.984576],[82.902973,26.984553],[82.90265,26.984441],[82.902398,26.984129],[82.902348,26.983286],[82.902348,26.982731],[82.902101,26.982306],[82.901456,26.981774],[82.900937,26.98144],[82.899965,26.981152],[82.899471,26.980818],[82.899471,26.980592],[82.899532,26.980181],[82.899771,26.980085],[82.89998,26.980001],[82.9007,26.980114],[82.901269,26.980271],[82.901964,26.980181],[82.902262,26.980204],[82.902312,26.980601],[82.902337,26.981223],[82.902634,26.981183],[82.903158,26.980894],[82.903803,26.980691],[82.904201,26.980447],[82.904397,26.980113],[82.904276,26.979535],[82.904049,26.978714],[82.904099,26.978403],[82.904522,26.978091],[82.905142,26.978069],[82.906008,26.978046],[82.906507,26.977865],[82.906804,26.977378],[82.906879,26.976778],[82.907227,26.97611],[82.907488,26.975898],[82.908058,26.97601],[82.908677,26.976163],[82.909251,26.97601],[82.909397,26.975166],[82.909276,26.973898],[82.909472,26.973095],[82.910539,26.972363],[82.9121,26.97174],[82.91277,26.971361],[82.913107,26.970418],[82.912608,26.968947],[82.912386,26.967882],[82.912779,26.967571],[82.913776,26.966767],[82.914078,26.966424],[82.913891,26.966095],[82.913549,26.965571],[82.912672,26.965382],[82.911615,26.965121],[82.911297,26.964954],[82.911267,26.964809],[82.911267,26.964552],[82.911559,26.96429],[82.911932,26.964195],[82.912596,26.964006],[82.913281,26.963672],[82.913704,26.963292],[82.913795,26.963022],[82.913825,26.962593],[82.913507,26.962286],[82.912868,26.96207],[82.911755,26.962142],[82.910803,26.962332],[82.91038,26.962454],[82.910033,26.962522],[82.909927,26.962427],[82.909876,26.962143],[82.90969,26.961786],[82.909927,26.961525],[82.910591,26.960838],[82.911251,26.96041],[82.912288,26.960075],[82.912867,26.959674],[82.913214,26.959069],[82.912957,26.958753],[82.912821,26.958523],[82.912675,26.958365],[82.912393,26.958293],[82.91194,26.958284],[82.911683,26.958257],[82.911391,26.957995],[82.911038,26.957707],[82.910731,26.957576],[82.910318,26.957323],[82.90993,26.956998],[82.90985,26.956673],[82.909688,26.956448],[82.909391,26.956268],[82.90922,26.956073],[82.90919,26.95587],[82.909109,26.955676],[82.908908,26.955631],[82.908495,26.955654],[82.908308,26.955604],[82.908036,26.955316],[82.90785,26.954873],[82.907608,26.954174],[82.907527,26.954034],[82.907301,26.953547],[82.907205,26.953344],[82.906913,26.953078],[82.906631,26.952721],[82.906359,26.952202],[82.906228,26.951841],[82.906399,26.951607],[82.906575,26.951142],[82.90659,26.950645],[82.906519,26.950118],[82.906454,26.950009],[82.906041,26.949878],[82.90596,26.949829],[82.906051,26.949626],[82.906212,26.949459],[82.906398,26.949337],[82.906454,26.949242],[82.906453,26.949084],[82.906252,26.949008],[82.90596,26.948994],[82.905824,26.948958],[82.905718,26.948863],[82.905769,26.948719],[82.906025,26.948466],[82.906277,26.948213],[82.906373,26.948055],[82.906413,26.947911],[82.906428,26.94778],[82.906277,26.947518],[82.905884,26.947203],[82.905753,26.946806],[82.905778,26.945917],[82.905697,26.945005],[82.905551,26.944224],[82.905671,26.943426],[82.905928,26.942694],[82.906406,26.941914],[82.906623,26.941192],[82.906678,26.940199],[82.906743,26.939062],[82.906838,26.938651],[82.907347,26.93755],[82.907935,26.937022],[82.909234,26.936557],[82.909773,26.936385],[82.91008,26.936195],[82.910654,26.935974],[82.910991,26.93578],[82.911313,26.93541],[82.911661,26.935202],[82.912008,26.935202],[82.91233,26.935143],[82.912637,26.934904],[82.913342,26.93457],[82.914419,26.934182],[82.915154,26.933888],[82.916322,26.933418],[82.916976,26.93308],[82.917757,26.932782],[82.918351,26.93252],[82.918814,26.932335],[82.919619,26.932041],[82.92054,26.931657],[82.921507,26.93126],[82.922151,26.931021],[82.922459,26.930952],[82.922539,26.930935],[82.923556,26.930587],[82.924275,26.930456],[82.924839,26.930388],[82.925514,26.930185],[82.926344,26.929774],[82.927426,26.929173],[82.928232,26.92897],[82.929168,26.928568],[82.930039,26.928229],[82.930562,26.927917],[82.930638,26.927845],[82.930723,26.927213],[82.930818,26.926753],[82.930949,26.926225],[82.931019,26.92572],[82.930989,26.9253],[82.930843,26.924939],[82.930666,26.924628],[82.930586,26.924231],[82.93052,26.923667],[82.930439,26.923084],[82.930182,26.922494],[82.929487,26.92169],[82.929215,26.921546],[82.92852,26.921596],[82.927906,26.921524],[82.927342,26.921502],[82.926995,26.921403],[82.926214,26.920825],[82.925575,26.920469],[82.925172,26.920325],[82.924503,26.920194],[82.923964,26.920172],[82.923456,26.920122],[82.923083,26.9201],[82.922705,26.919834],[82.9219,26.919834],[82.921286,26.91969],[82.920963,26.919451],[82.920641,26.919103],[82.92048,26.918936],[82.920294,26.918887],[82.919785,26.918842],[82.91906,26.91877],[82.918522,26.918743],[82.917907,26.918626],[82.917102,26.918432],[82.916221,26.918121],[82.91611,26.917945],[82.915657,26.917855],[82.915335,26.91781],[82.914852,26.917882],[82.913996,26.918289],[82.913327,26.918745],[82.912843,26.919033],[82.91303,26.919273],[82.912949,26.920017],[82.912844,26.920834],[82.912683,26.921606],[82.912336,26.921655],[82.911958,26.921656],[82.911586,26.921656],[82.911238,26.921701],[82.910861,26.921954],[82.910433,26.92227],[82.910111,26.922748],[82.909633,26.923493],[82.909764,26.923831],[82.909739,26.924142],[82.909362,26.924431],[82.908239,26.924887],[82.907408,26.925009],[82.906633,26.925068],[82.905777,26.925145],[82.904438,26.92529],[82.903285,26.925629],[82.902455,26.925796],[82.901846,26.925877],[82.901005,26.926157],[82.900094,26.926468],[82.898886,26.927398],[82.89798,26.927755],[82.897094,26.928405],[82.895493,26.92929],[82.894416,26.930039],[82.893072,26.930711],[82.891547,26.931555],[82.890474,26.931907],[82.889402,26.932124],[82.888465,26.931953],[82.88766,26.931786],[82.886804,26.931619],[82.886109,26.931714],[82.885329,26.931736],[82.884659,26.930992],[82.884342,26.930775],[82.883803,26.930586],[82.883295,26.930848],[82.882464,26.931245],[82.882248,26.931489],[82.882248,26.931606],[82.882625,26.931967],[82.883159,26.932738],[82.883617,26.933411],[82.884312,26.934778],[82.884529,26.936294],[82.884504,26.937364],[82.884343,26.938063],[82.884393,26.938496],[82.884554,26.939575],[82.884796,26.940947],[82.884876,26.941381],[82.884952,26.9418],[82.884121,26.941777],[82.883719,26.941827],[82.882943,26.942088],[82.882218,26.942233],[82.880959,26.942084],[82.880693,26.941849],[82.880179,26.941682],[82.879217,26.941466],[82.878517,26.941488],[82.877661,26.941967],[82.876856,26.94221],[82.875608,26.942436],[82.875597,26.942427],[82.874766,26.941683],[82.874313,26.941105],[82.873613,26.940266],[82.87313,26.939905],[82.872516,26.939638],[82.87104,26.939877],[82.869747,26.94013],[82.869047,26.938993],[82.868458,26.937432],[82.867788,26.936809],[82.867224,26.936561],[82.866796,26.936014],[82.866474,26.93467],[82.866208,26.933348],[82.865901,26.932147],[82.866062,26.931028],[82.865312,26.928894],[82.864829,26.927427],[82.864134,26.92596],[82.863389,26.924309],[82.862463,26.924904],[82.862299,26.924974],[82.861849,26.925166],[82.861665,26.925354],[82.861648,26.925372],[82.861637,26.925382],[82.861631,26.925382],[82.860293,26.925378],[82.858727,26.925378],[82.857111,26.925305],[82.854977,26.925156],[82.85247,26.925011],[82.85099,26.924939],[82.850336,26.922326],[82.849365,26.919424],[82.848666,26.917249],[82.84856,26.916766],[82.849089,26.916189],[82.850222,26.915291],[82.851012,26.91484],[82.852704,26.914131],[82.854536,26.914037],[82.856801,26.913816],[82.858055,26.913627],[82.858432,26.913843],[82.858759,26.914304],[82.859323,26.915946],[82.860234,26.917007],[82.861401,26.916723],[82.863289,26.916069],[82.864774,26.915536],[82.866134,26.915248],[82.867306,26.91462],[82.868303,26.914332],[82.869194,26.914454],[82.870704,26.914909],[82.871897,26.915334],[82.871651,26.914115],[82.871001,26.912252],[82.870735,26.911259],[82.87003,26.910654],[82.869572,26.909106],[82.869426,26.908429],[82.869235,26.907292],[82.869612,26.906277],[82.870528,26.90514],[82.870825,26.904485],[82.870856,26.903664],[82.870518,26.902698],[82.870544,26.902337],[82.86998,26.90166],[82.868928,26.900979],[82.868309,26.900934],[82.867363,26.900956],[82.8662,26.898926],[82.865674,26.89821],[82.863051,26.899082],[82.862572,26.899198],[82.861284,26.899438],[82.859747,26.899358],[82.856798,26.899438],[82.856647,26.899483],[82.856069,26.899651],[82.85547,26.899042],[82.854831,26.898559],[82.854866,26.897611],[82.854916,26.896492],[82.855767,26.895617],[82.856472,26.895166],[82.857423,26.894538],[82.858571,26.893934],[82.85996,26.893487],[82.860499,26.89319],[82.861475,26.892811],[82.862275,26.892359],[82.863091,26.891583],[82.863055,26.890753],[82.862879,26.8899],[82.862653,26.888646],[82.862754,26.887811],[82.863031,26.887048],[82.864143,26.886295],[82.864566,26.886051],[82.865743,26.885261],[82.86747,26.884364],[82.868964,26.883592],[82.870399,26.882527],[82.870438,26.882498],[82.871375,26.881828],[82.87213,26.880686],[82.872774,26.879508],[82.872683,26.878678],[82.872391,26.878227],[82.872044,26.877893],[82.871224,26.877563],[82.870404,26.877441],[82.870158,26.877422],[82.869181,26.877347],[82.866861,26.877464],[82.865296,26.877631],[82.863973,26.877847],[82.862086,26.877942],[82.861135,26.877919],[82.859937,26.877919],[82.858865,26.877986],[82.857778,26.878176],[82.855891,26.878559],[82.855126,26.878153],[82.854432,26.877417],[82.85409,26.876822],[82.853612,26.875869],[82.853154,26.875287],[82.852581,26.874732],[82.8517,26.874105],[82.850981,26.873793],[82.849868,26.874104],[82.848963,26.874745],[82.848736,26.875079],[82.848555,26.875313],[82.848384,26.875539],[82.847377,26.876058],[82.846562,26.876008],[82.846028,26.876414],[82.844916,26.877172],[82.844382,26.878291],[82.844357,26.879099],[82.844291,26.879884],[82.844291,26.880881],[82.843838,26.881477],[82.843335,26.881811],[82.842434,26.882383],[82.842303,26.883096],[82.842303,26.883737],[82.842579,26.884337],[82.841784,26.884504],[82.840576,26.884811],[82.839464,26.885095],[82.838774,26.885095],[82.838004,26.885334],[82.836917,26.885663],[82.835428,26.886046],[82.834874,26.885901],[82.834607,26.885734],[82.834527,26.885378],[82.834633,26.884782],[82.834714,26.884214],[82.834502,26.883713],[82.83421,26.88369],[82.833546,26.883712],[82.832993,26.88369],[82.832102,26.883495],[82.831227,26.88285],[82.830195,26.88183],[82.829481,26.88154],[82.829239,26.881635],[82.82855,26.881996],[82.827699,26.88209],[82.826854,26.88228],[82.826376,26.882207],[82.825792,26.881945],[82.825339,26.881566],[82.825153,26.88097],[82.824942,26.880943],[82.824519,26.88097],[82.823498,26.881204],[82.822541,26.881488],[82.821349,26.88175],[82.820312,26.882151],[82.819119,26.882606],[82.819048,26.882534],[82.818893,26.882177],[82.818918,26.880891],[82.818199,26.87951],[82.818477,26.878892],[82.819328,26.877751],[82.820254,26.876894],[82.821024,26.876348],[82.821281,26.875879],[82.821689,26.875658],[82.821825,26.87531],[82.821744,26.874976],[82.82178,26.874769],[82.821649,26.874638],[82.821417,26.874584],[82.821176,26.874791],[82.820773,26.875093],[82.820506,26.87531],[82.819998,26.87554],[82.818835,26.875833],[82.818131,26.876022],[82.81724,26.87576],[82.817105,26.875309],[82.817095,26.874821],[82.816879,26.873955],[82.815963,26.873399],[82.815269,26.873142],[82.815587,26.871571],[82.815396,26.87015],[82.814975,26.867957],[82.814175,26.867352],[82.812575,26.866746],[82.811036,26.865667],[82.809714,26.864042],[82.808593,26.863058],[82.807371,26.861545],[82.80628,26.860177],[82.805395,26.859311],[82.803982,26.857929],[82.803519,26.857437],[82.802634,26.856304],[82.801367,26.855355],[82.800653,26.854904],[82.800191,26.854069],[82.799055,26.852218],[82.79813,26.851121],[82.797295,26.850611],[82.796062,26.851386],[82.794713,26.852062],[82.793914,26.8518],[82.79328,26.851231],[82.792777,26.851118],[82.792314,26.851343],[82.791806,26.851722],[82.791111,26.852263],[82.78949,26.853494],[82.787522,26.854968],[82.785076,26.856402],[82.782962,26.85747],[82.783348,26.858707],[82.783684,26.860372],[82.783871,26.860697],[82.784357,26.861541],[82.784779,26.862525],[82.78437,26.864086],[82.783187,26.864587],[82.782966,26.864979],[82.781098,26.866517],[82.780161,26.866999],[82.779932,26.867217],[82.779915,26.867222],[82.779615,26.867289],[82.779503,26.867314],[82.77903,26.867412],[82.778817,26.867468],[82.778784,26.867476],[82.778759,26.867483],[82.778737,26.867488],[82.778613,26.867525],[82.778478,26.867543],[82.778496,26.867585],[82.778445,26.867596],[82.778144,26.867674],[82.777994,26.867722],[82.77797,26.867675],[82.777904,26.867668],[82.777881,26.867637],[82.77781,26.867515],[82.777798,26.867495],[82.777549,26.866925],[82.777424,26.866641],[82.777405,26.866597],[82.777341,26.866452],[82.777335,26.866438],[82.777286,26.866326],[82.776998,26.865606],[82.776992,26.865591],[82.776987,26.86558],[82.776709,26.865006],[82.776547,26.864986],[82.776504,26.86498],[82.776469,26.864976],[82.775604,26.864866],[82.775227,26.864819],[82.774981,26.864788],[82.774791,26.86475],[82.77467,26.864726],[82.774657,26.864697],[82.774327,26.863976],[82.774317,26.863954],[82.774154,26.8636],[82.77396,26.863313],[82.773941,26.863317],[82.773923,26.863335],[82.773773,26.863384],[82.773319,26.863492],[82.77319,26.863523],[82.772849,26.863609],[82.772791,26.863623],[82.772768,26.863629],[82.772713,26.863642],[82.772226,26.863758],[82.772189,26.86377],[82.772171,26.863775],[82.772119,26.863792],[82.771852,26.863886],[82.771774,26.863914],[82.771746,26.863927],[82.771599,26.863994],[82.771478,26.864049],[82.771382,26.864093],[82.770965,26.864269],[82.770884,26.864326],[82.770895,26.864385],[82.770935,26.864551],[82.770989,26.864834],[82.771023,26.865056],[82.771085,26.865263],[82.771164,26.865552],[82.77123,26.865904],[82.771312,26.866293],[82.771271,26.866337],[82.771228,26.866354],[82.771124,26.866396],[82.770572,26.866571],[82.770429,26.866624],[82.770364,26.866828],[82.770319,26.86699],[82.770287,26.867176],[82.770288,26.867286],[82.770297,26.867509],[82.770295,26.867628],[82.770269,26.86765],[82.770252,26.867655],[82.770179,26.867673],[82.770008,26.867692],[82.769963,26.867697],[82.769725,26.867719],[82.769578,26.867711],[82.769285,26.867666],[82.769115,26.867634],[82.769089,26.867629],[82.769039,26.867429],[82.768996,26.867264],[82.768937,26.867042],[82.768881,26.866806],[82.768861,26.866733],[82.76829,26.866906],[82.767843,26.867041],[82.767843,26.867042],[82.767784,26.867058],[82.767762,26.867064],[82.767526,26.867131],[82.767102,26.867244],[82.767059,26.86725],[82.766985,26.867261],[82.766803,26.867289],[82.766793,26.867292],[82.766674,26.86732],[82.766368,26.867392],[82.765793,26.86758],[82.765199,26.867753],[82.765179,26.867768],[82.765193,26.867813],[82.765197,26.867828],[82.765296,26.868079],[82.765363,26.868191],[82.765449,26.868333],[82.765192,26.868561],[82.765132,26.868615],[82.765085,26.868671],[82.765073,26.868687],[82.764968,26.868813],[82.764886,26.868968],[82.764876,26.869014],[82.764881,26.869026],[82.764952,26.869207],[82.764988,26.869245],[82.765023,26.869339],[82.765033,26.869365],[82.76508,26.869493],[82.765086,26.86951],[82.7651,26.869547],[82.765099,26.869727],[82.76504,26.869954],[82.765016,26.87005],[82.764982,26.870128],[82.764919,26.870274],[82.764883,26.870358],[82.764523,26.870347],[82.764226,26.870337],[82.764043,26.870346],[82.764001,26.870377],[82.763929,26.870477],[82.763814,26.870573],[82.763721,26.870671],[82.763612,26.870751],[82.763575,26.870751],[82.763413,26.870605],[82.763181,26.870358],[82.762971,26.870133],[82.762772,26.869924],[82.762557,26.869742],[82.76243,26.869687],[82.76199,26.86958],[82.761697,26.869531],[82.761487,26.869485],[82.761299,26.86938],[82.761122,26.869254],[82.761052,26.869234],[82.76088,26.869242],[82.760678,26.869288],[82.76042,26.869339],[82.760076,26.869452],[82.759898,26.869509],[82.759811,26.869537],[82.759643,26.869587],[82.759156,26.869768],[82.759085,26.869803],[82.759025,26.869874],[82.758916,26.869944],[82.758797,26.869996],[82.758554,26.870078],[82.758496,26.870104],[82.758396,26.870147],[82.757872,26.870312],[82.757619,26.870383],[82.757362,26.870465],[82.757307,26.870482],[82.757277,26.870491],[82.757257,26.870497],[82.756836,26.870619],[82.756551,26.870717],[82.756302,26.870797],[82.756089,26.870861],[82.756149,26.870947],[82.756213,26.871099],[82.756256,26.871226],[82.75631,26.871386],[82.756315,26.871407],[82.756347,26.871537],[82.756381,26.871673],[82.756415,26.871809],[82.756446,26.871938],[82.756472,26.872045],[82.756512,26.872186],[82.756516,26.8722],[82.756654,26.872606],[82.756677,26.872672],[82.756713,26.872785],[82.756726,26.872825],[82.756802,26.873074],[82.756809,26.873095],[82.756814,26.873113],[82.756873,26.873258],[82.756939,26.873458],[82.755705,26.874255],[82.75588,26.874927],[82.7559,26.875049],[82.755804,26.87527],[82.755794,26.875721],[82.756638,26.877031],[82.757697,26.87917],[82.758134,26.880502],[82.758138,26.881757],[82.758212,26.883088],[82.757949,26.88404],[82.757943,26.884063],[82.758503,26.884018],[82.759539,26.884258],[82.760626,26.884304],[82.761557,26.884756],[82.761979,26.885045],[82.762336,26.885375],[82.762215,26.885559],[82.761842,26.886344],[82.761096,26.887296],[82.760083,26.888423],[82.760232,26.890314],[82.760629,26.891388],[82.761025,26.892481],[82.76114,26.893469],[82.760807,26.894227],[82.760434,26.894701],[82.759371,26.895702],[82.757755,26.896625],[82.756823,26.897315],[82.756823,26.897577],[82.757275,26.898155],[82.757964,26.899107],[82.75827,26.899965],[82.759144,26.901468],[82.75938,26.901631],[82.760936,26.900982],[82.762623,26.900551],[82.764229,26.900024],[82.766349,26.899453],[82.767768,26.899255],[82.769238,26.899143],[82.770441,26.899045],[82.772263,26.898857],[82.773385,26.898736],[82.774321,26.898976],[82.77494,26.899526],[82.77527,26.901476],[82.774928,26.902049],[82.774131,26.903235],[82.773889,26.904214],[82.773916,26.904833],[82.773943,26.905451],[82.775328,26.904368],[82.776803,26.906327],[82.775325,26.908078],[82.77621,26.909234],[82.777527,26.91067],[82.77874,26.911564],[82.7802,26.911326],[82.781182,26.910781],[82.782219,26.91028],[82.783357,26.909713],[82.784445,26.909307],[82.784792,26.909425],[82.785748,26.910165],[82.786527,26.910983],[82.787588,26.912757],[82.788251,26.914233],[82.789257,26.916327],[82.79,26.917686],[82.789481,26.918656],[82.788866,26.919657],[82.788287,26.920393],[82.78736,26.921191],[82.787993,26.92227],[82.789105,26.923768],[82.790327,26.925195],[82.791585,26.925507],[82.792728,26.925463],[82.793523,26.926009],[82.794026,26.926817],[82.794559,26.927887],[82.794664,26.928627],[82.795403,26.930009],[82.796093,26.93046],[82.796767,26.93047],[82.79787,26.93015],[82.799144,26.9302],[82.799989,26.93085],[82.800618,26.931464],[82.800874,26.932065],[82.801196,26.933152],[82.801598,26.934321],[82.8021,26.935725],[82.802407,26.936677],[82.802935,26.937463],[82.803292,26.937937],[82.801993,26.938581],[82.800986,26.93896],[82.800134,26.939339],[82.799369,26.939934],[82.799102,26.940335],[82.799605,26.940954],[82.800189,26.941338],[82.801301,26.941695],[82.802323,26.941894],[82.803546,26.942179],[82.804075,26.942224],[82.805349,26.942464],[82.806436,26.942487],[82.807468,26.942582],[82.808505,26.942894],[82.809376,26.943346],[82.810982,26.944497],[82.81146,26.945048],[82.812174,26.945806],[82.81302,26.946926],[82.8131,26.947472],[82.813391,26.948636],[82.813537,26.949692],[82.813828,26.951759],[82.81386,26.953309],[82.813891,26.954859],[82.813785,26.956737],[82.813737,26.957314],[82.813597,26.958997],[82.813531,26.960789],[82.813394,26.962192],[82.813387,26.962317],[82.813343,26.963072],[82.813449,26.963803],[82.813474,26.963975],[82.813498,26.964972],[82.813699,26.966741],[82.81399,26.967526],[82.814463,26.968361],[82.814835,26.969309],[82.815222,26.970794],[82.815327,26.972193],[82.815218,26.972659],[82.815171,26.972861],[82.814546,26.973772],[82.81383,26.974272],[82.813065,26.974556],[82.812531,26.974556],[82.811604,26.974506],[82.810703,26.974411],[82.809776,26.974221],[82.808905,26.974184],[82.807999,26.973724],[82.807047,26.973245],[82.806307,26.972676],[82.806146,26.972225],[82.806091,26.971584],[82.806399,26.970713],[82.807226,26.969026],[82.807912,26.967578],[82.808365,26.966698],[82.808522,26.965913],[82.808484,26.965029],[82.808472,26.964748],[82.808181,26.963895],[82.80797,26.963322],[82.807653,26.962943],[82.807588,26.962875],[82.807069,26.962324],[82.806379,26.961873],[82.805763,26.961873],[82.805503,26.961873],[82.804762,26.962184],[82.804296,26.962621],[82.804233,26.96268],[82.803729,26.96332],[82.803331,26.963988],[82.802908,26.96484],[82.802484,26.965747],[82.801899,26.966744],[82.801445,26.967385],[82.801007,26.967773],[82.799974,26.968602],[82.798412,26.969694],[82.797298,26.970623],[82.796487,26.971367],[82.795666,26.972151],[82.794869,26.973026],[82.794234,26.973716],[82.793438,26.974429],[82.792722,26.975024],[82.792057,26.975592],[82.791503,26.976138],[82.791195,26.976476],[82.790288,26.976575],[82.789412,26.977003],[82.788404,26.977337],[82.787452,26.977453],[82.786495,26.977525],[82.785699,26.977642],[82.784845,26.97779],[82.784611,26.97783],[82.783528,26.978019],[82.782465,26.978353],[82.781528,26.978853],[82.781022,26.979084],[82.780651,26.979254],[82.779765,26.979596],[82.779539,26.979675],[82.778414,26.980069],[82.777462,26.980141],[82.77701,26.979689],[82.776824,26.978904],[82.776533,26.977121],[82.775955,26.976029],[82.775316,26.975744],[82.77447,26.975482],[82.773437,26.975625],[82.772616,26.975909],[82.771462,26.976535],[82.770162,26.977559],[82.769526,26.978316],[82.769153,26.979079],[82.768971,26.980026],[82.769076,26.981001],[82.769271,26.981746],[82.770106,26.982744],[82.770716,26.983195],[82.771672,26.983932],[82.773182,26.985169],[82.774188,26.986329],[82.77453,26.987282],[82.77474,26.988419],[82.774317,26.989015],[82.773284,26.989637],[82.771979,26.989347],[82.770257,26.98875],[82.769411,26.988203],[82.768591,26.987729],[82.767901,26.987372],[82.76703,26.986708],[82.766064,26.986148],[82.765147,26.985804],[82.764075,26.985437],[82.763148,26.985319],[82.762035,26.985057],[82.761028,26.984794],[82.760127,26.984554],[82.759145,26.98408],[82.758405,26.983533],[82.758325,26.983059],[82.758618,26.982324],[82.759284,26.981539],[82.760262,26.980638],[82.761285,26.979966],[82.761965,26.979773],[82.762822,26.979065],[82.763004,26.978469],[82.762768,26.977472],[82.762043,26.976916],[82.76085,26.976297],[82.76003,26.976012],[82.759184,26.975655],[82.758308,26.975559],[82.756852,26.975369],[82.756488,26.975276],[82.755261,26.974966],[82.754204,26.974703],[82.753197,26.974558],[82.752376,26.974557],[82.751207,26.974579],[82.750905,26.974614],[82.750451,26.975138],[82.749654,26.976351],[82.748962,26.977821],[82.748831,26.978049],[82.748513,26.978601],[82.74817,26.979386],[82.748108,26.979454],[82.747372,26.981332],[82.74562,26.981492],[82.744785,26.981264],[82.744358,26.980394],[82.743999,26.979554],[82.743691,26.978837],[82.743366,26.977966],[82.743025,26.977218],[82.742444,26.976516],[82.741992,26.976349],[82.741541,26.976181],[82.74057,26.976625],[82.739956,26.97716],[82.738833,26.978887],[82.738297,26.979658],[82.737761,26.98043],[82.73754,26.981301],[82.737524,26.982263],[82.737644,26.983408],[82.738259,26.984507],[82.73872,26.985316],[82.739386,26.986247],[82.739431,26.986302],[82.739881,26.986842],[82.74087,26.987422],[82.741791,26.98791],[82.744256,26.989259],[82.744605,26.989114],[82.745305,26.989541],[82.746039,26.990182],[82.746824,26.991174],[82.747319,26.992258],[82.74732,26.992656],[82.74732,26.993082],[82.747099,26.993831],[82.746725,26.994267],[82.74635,26.994702],[82.74555,26.995192],[82.745309,26.995265],[82.744493,26.995513],[82.743453,26.995377],[82.742327,26.995164],[82.740878,26.994982],[82.74056,26.994854],[82.738712,26.994113],[82.73809,26.993922],[82.737467,26.993732],[82.736751,26.993519],[82.735523,26.993046],[82.734653,26.992436],[82.734277,26.991933],[82.733868,26.991291],[82.733424,26.990757],[82.73269,26.990162],[82.732202,26.990115],[82.731906,26.990086],[82.731105,26.990515],[82.730833,26.991019],[82.730731,26.991828],[82.730902,26.992424],[82.731483,26.993263],[82.731876,26.993889],[82.732149,26.994683],[82.731792,26.995401],[82.731519,26.995959],[82.731247,26.996516],[82.730865,26.997039],[82.730856,26.997051],[82.730259,26.997403],[82.729595,26.997709],[82.728691,26.99771],[82.728432,26.997679],[82.727549,26.997573],[82.726543,26.997238],[82.725639,26.996918],[82.723831,26.996216],[82.722961,26.995835],[82.72088,26.994783],[82.720096,26.994463],[82.718851,26.994265],[82.718016,26.994601],[82.718068,26.995502],[82.718324,26.996205],[82.718683,26.997167],[82.719127,26.998235],[82.719418,26.998953],[82.719725,26.999503],[82.720305,26.999899],[82.720783,27.000235],[82.7209,27.000267],[82.722056,27.001352],[82.721948,27.001474],[82.721943,27.00148],[82.721925,27.001496],[82.72155,27.001828],[82.721637,27.001925],[82.721661,27.001948],[82.721819,27.002096],[82.721918,27.00219],[82.721948,27.002218],[82.721973,27.002241],[82.722207,27.00242],[82.722237,27.002443],[82.722687,27.002761],[82.722724,27.00279],[82.722786,27.002839],[82.722972,27.002989],[82.722991,27.003003],[82.72354,27.003401],[82.723622,27.003466],[82.723671,27.00346],[82.724065,27.003754],[82.724091,27.003773],[82.724186,27.003725],[82.724443,27.003953],[82.724592,27.004085],[82.724758,27.004245],[82.72494,27.00442],[82.725123,27.004619],[82.725217,27.004723],[82.725677,27.005254],[82.726002,27.005719],[82.726113,27.005818],[82.726181,27.005839],[82.726396,27.006071],[82.72656,27.006254],[82.72656,27.006278],[82.72656,27.006298],[82.726541,27.006372],[82.726549,27.006386],[82.7267,27.006635],[82.727138,27.007271],[82.727169,27.007316],[82.72726,27.007483],[82.727364,27.007672],[82.727492,27.007985],[82.727615,27.00829],[82.728048,27.008081],[82.728067,27.008071],[82.728247,27.008696],[82.728399,27.009323],[82.728735,27.010178],[82.728828,27.010415],[82.728995,27.010857],[82.729212,27.011615],[82.729626,27.012404],[82.730176,27.013076],[82.730625,27.01364],[82.733872,27.015747],[82.736451,27.016322],[82.737536,27.017507],[82.737004,27.019709],[82.736418,27.0196],[82.734174,27.021507],[82.733716,27.021426],[82.732915,27.021427],[82.732356,27.021608],[82.731691,27.021829],[82.730839,27.022218],[82.730456,27.022038],[82.730119,27.021817],[82.729343,27.021641],[82.728823,27.02133],[82.728092,27.020735],[82.724856,27.017489],[82.721808,27.019585],[82.720123,27.018539],[82.718665,27.018929],[82.717817,27.017375],[82.717989,27.01615],[82.717382,27.016131],[82.716434,27.016041],[82.716137,27.01606],[82.715009,27.016133],[82.714511,27.016126],[82.713996,27.01612],[82.7132,27.015958],[82.712892,27.01589],[82.712585,27.015823],[82.710927,27.015395],[82.709854,27.015066],[82.708992,27.014886],[82.708392,27.014828],[82.707712,27.014828],[82.707133,27.014874],[82.706579,27.014912],[82.706468,27.014919],[82.705687,27.01501],[82.70476,27.015141],[82.704458,27.01516],[82.703762,27.014921],[82.70345,27.014889],[82.703213,27.01507],[82.702669,27.015472],[82.70207,27.01577],[82.70136,27.015933],[82.700745,27.01583],[82.700095,27.015487],[82.699878,27.015816],[82.699647,27.016367],[82.699169,27.017301],[82.698721,27.018164],[82.698475,27.018895],[82.698533,27.019215],[82.698591,27.019531],[82.698889,27.019901],[82.699287,27.020198],[82.699816,27.020749],[82.699932,27.020879],[82.699902,27.02143],[82.699983,27.022012],[82.699853,27.023258],[82.70007,27.023452],[82.700302,27.023528],[82.700483,27.023587],[82.700765,27.023541],[82.701083,27.023424],[82.701249,27.023451],[82.701314,27.023541],[82.701461,27.02369],[82.701662,27.023721],[82.701959,27.023658],[82.70209,27.023748],[82.702393,27.024059],[82.70261,27.024628],[82.702792,27.024921],[82.703024,27.025147],[82.703654,27.025413],[82.704284,27.025548],[82.705674,27.025817],[82.70637,27.025998],[82.70697,27.026263],[82.707166,27.02643],[82.707449,27.027039],[82.707515,27.027545],[82.707697,27.028285],[82.707656,27.028831],[82.707652,27.02888],[82.707617,27.029359],[82.707451,27.029729],[82.707089,27.030266],[82.706807,27.030519],[82.70662,27.030727],[82.706555,27.031232],[82.706574,27.031333],[82.706591,27.031426],[82.70709,27.031854],[82.7077,27.032242],[82.708466,27.032494],[82.709161,27.032566],[82.709454,27.0325],[82.709746,27.032435],[82.710426,27.032209],[82.711202,27.032091],[82.71162,27.03191],[82.712829,27.031598],[82.71369,27.031332],[82.714109,27.031331],[82.71429,27.031421],[82.715021,27.031777],[82.715752,27.032088],[82.716296,27.032011],[82.71689,27.031699],[82.717369,27.031298],[82.718562,27.030408],[82.720073,27.029811],[82.720703,27.029707],[82.720955,27.029752],[82.721071,27.029838],[82.721535,27.030257],[82.722135,27.030626],[82.722745,27.03091],[82.723446,27.031145],[82.724141,27.031221],[82.724806,27.03113],[82.725516,27.030967],[82.726116,27.030741],[82.726796,27.030443],[82.727345,27.030059],[82.727909,27.029625],[82.728241,27.029178],[82.728638,27.028614],[82.728935,27.028004],[82.729251,27.026772],[82.729367,27.026059],[82.729397,27.025495],[82.729779,27.024886],[82.730343,27.024425],[82.730741,27.024154],[82.730882,27.02414],[82.731023,27.024127],[82.731623,27.024424],[82.732727,27.025109],[82.733226,27.025479],[82.733791,27.025984],[82.734457,27.026845],[82.734951,27.027413],[82.735334,27.027932],[82.735495,27.028209],[82.735652,27.028482],[82.7359,27.029014],[82.736052,27.029754],[82.736249,27.030233],[82.736466,27.030647],[82.736799,27.031347],[82.73688,27.032014],[82.737067,27.032623],[82.737108,27.032962],[82.737149,27.033296],[82.737115,27.035178],[82.736985,27.035773],[82.736935,27.036441],[82.736855,27.03705],[82.736755,27.037664],[82.736554,27.038274],[82.736464,27.038653],[82.736097,27.03984],[82.736012,27.040237],[82.736657,27.040444],[82.737488,27.040497],[82.738219,27.040425],[82.738834,27.040275],[82.739549,27.040153],[82.739711,27.040645],[82.739812,27.041344],[82.740594,27.041564],[82.741239,27.041654],[82.741924,27.041861],[82.742157,27.042574],[82.742087,27.043156],[82.742188,27.043752],[82.742406,27.044198],[82.742588,27.044816],[82.74284,27.04538],[82.742755,27.046053],[82.74259,27.046585],[82.742374,27.047569],[82.742229,27.048463],[82.742244,27.04895],[82.742179,27.049546],[82.741998,27.049934],[82.741666,27.050304],[82.741067,27.050643],[82.740488,27.051018],[82.740039,27.051298],[82.739561,27.051642],[82.739591,27.051732],[82.739904,27.05179],[82.740221,27.051849],[82.740922,27.051965],[82.741401,27.05234],[82.741951,27.052799],[82.742249,27.053304],[82.742516,27.053512],[82.742829,27.053557],[82.743464,27.053479],[82.744189,27.053452],[82.74489,27.053496],[82.745238,27.053627],[82.745505,27.053839],[82.745637,27.054371],[82.74597,27.054759],[82.746353,27.055025],[82.746898,27.055322],[82.747362,27.055353],[82.747548,27.055204],[82.747628,27.055186],[82.747679,27.055249],[82.747745,27.055367],[82.748053,27.055667],[82.748542,27.055881],[82.749087,27.055832],[82.749273,27.055777],[82.749631,27.05567],[82.750373,27.055341],[82.751613,27.054909],[82.752621,27.054572],[82.753882,27.054094],[82.754805,27.053608],[82.755743,27.053017],[82.756681,27.052644],[82.757704,27.05223],[82.758445,27.052005],[82.758794,27.051418],[82.759132,27.050579],[82.759683,27.049293],[82.760091,27.048942],[82.76054,27.048554],[82.761125,27.048194],[82.761897,27.047477],[82.762321,27.04685],[82.762992,27.046277],[82.763819,27.045764],[82.764923,27.044997],[82.765735,27.04461],[82.765931,27.045585],[82.766207,27.046943],[82.766483,27.047571],[82.766749,27.048311],[82.767278,27.049051],[82.767615,27.049679],[82.768228,27.051358],[82.768384,27.05185],[82.76855,27.052374],[82.768816,27.053024],[82.769249,27.053647],[82.768881,27.054097],[82.768573,27.054463],[82.768492,27.0549],[82.768547,27.055212],[82.768924,27.055916],[82.769508,27.057523],[82.770031,27.058539],[82.770443,27.059342],[82.770931,27.060746],[82.771646,27.062051],[82.77222,27.062015],[82.773284,27.06184],[82.775139,27.06139],[82.775275,27.061322],[82.775477,27.061367],[82.775688,27.061616],[82.775774,27.061765],[82.77588,27.061842],[82.776056,27.061756],[82.776308,27.061589],[82.7765,27.061558],[82.776817,27.061626],[82.777069,27.061721],[82.777331,27.061757],[82.777659,27.061739],[82.778103,27.061645],[82.77843,27.0616],[82.778758,27.061559],[82.779106,27.061514],[82.779242,27.061487],[82.779449,27.061406],[82.779817,27.061199],[82.780114,27.060969],[82.780427,27.060915],[82.780704,27.060969],[82.781062,27.061141],[82.781334,27.061408],[82.781585,27.061764],[82.781757,27.061936],[82.782008,27.062013],[82.782412,27.061981],[82.782765,27.061887],[82.783218,27.06186],[82.783586,27.061946],[82.783954,27.062104],[82.784271,27.062398],[82.784503,27.062655],[82.78485,27.063125],[82.785042,27.063581],[82.785167,27.063833],[82.785449,27.064023],[82.785767,27.063816],[82.786433,27.063405],[82.786831,27.063221],[82.787224,27.063049],[82.787517,27.06291],[82.787693,27.062765],[82.787789,27.062571],[82.787835,27.062387],[82.787865,27.062278],[82.788052,27.062143],[82.788279,27.061981],[82.78839,27.061823]]]}},{"type":"Feature","properties":{"OBJECTID":2528,"state_lgd":"09","state_name":"UTTAR PRADESH","district_lgd":"185","district_name":"BASTI","district_name_source":"district_table","subdistrict_lgd":"938","subdistrict_name":"HARRAIYA","subdistrict_type":"Tehsil","name_corrupted":false,"remarks":""},"geometry":{"type":"MultiPolygon","coordinates":[[[[82.619058,26.890418],[82.619008,26.890423],[82.618973,26.890435],[82.618853,26.890472],[82.618664,26.890533],[82.618581,26.890561],[82.618426,26.890611],[82.618198,26.890687],[82.618134,26.89071],[82.618058,26.890749],[82.617971,26.89081],[82.61787,26.890884],[82.617808,26.890938],[82.617759,26.890985],[82.61774,26.891],[82.617648,26.89107],[82.617472,26.89117],[82.617378,26.891218],[82.617509,26.891439],[82.618216,26.892638],[82.618369,26.892896],[82.619683,26.894833],[82.619768,26.894778],[82.619902,26.894705],[82.619987,26.894656],[82.620116,26.894581],[82.620208,26.89453],[82.620323,26.894466],[82.620387,26.894426],[82.620439,26.894394],[82.620554,26.894337],[82.620629,26.894299],[82.620642,26.894291],[82.620731,26.894235],[82.62085,26.89416],[82.621079,26.894037],[82.621109,26.894015],[82.621138,26.893993],[82.621129,26.893935],[82.621053,26.893809],[82.620916,26.893606],[82.620874,26.89354],[82.620851,26.893505],[82.620798,26.893413],[82.620703,26.893265],[82.620649,26.893188],[82.620571,26.893074],[82.620511,26.892981],[82.620472,26.89294],[82.620251,26.892585],[82.620168,26.892447],[82.620116,26.892368],[82.620049,26.892265],[82.620007,26.892166],[82.619989,26.892098],[82.619984,26.892084],[82.619956,26.892011],[82.619912,26.891912],[82.619893,26.891868],[82.619865,26.891817],[82.619841,26.891771],[82.619824,26.89174],[82.61974,26.891598],[82.619722,26.891569],[82.61966,26.89146],[82.619647,26.891437],[82.619611,26.891368],[82.61958,26.891308],[82.619544,26.891241],[82.619486,26.891148],[82.619473,26.891132],[82.61944,26.891092],[82.619427,26.891077],[82.619369,26.890974],[82.619367,26.890971],[82.619324,26.890895],[82.619209,26.890679],[82.619101,26.89047],[82.619058,26.890418]]],[[[82.659587,27.114633],[82.659859,27.114633],[82.660621,27.114777],[82.661468,27.114826],[82.662119,27.114682],[82.662945,27.114262],[82.663177,27.114248],[82.664509,27.113932],[82.667025,27.113282],[82.669026,27.112848],[82.673035,27.112179],[82.675741,27.111937],[82.676333,27.111884],[82.679,27.111883],[82.679172,27.111883],[82.681632,27.111986],[82.683619,27.112387],[82.684769,27.112856],[82.685642,27.113311],[82.686081,27.11383],[82.686348,27.114154],[82.686419,27.114163],[82.68657,27.114163],[82.687044,27.114091],[82.687291,27.113906],[82.687558,27.113685],[82.687811,27.113563],[82.687916,27.113612],[82.687927,27.113716],[82.687927,27.113955],[82.687927,27.114339],[82.687927,27.114704],[82.687927,27.114975],[82.688033,27.11511],[82.688497,27.115214],[82.688906,27.115092],[82.689067,27.114979],[82.689137,27.114762],[82.689127,27.114419],[82.689092,27.11418],[82.689092,27.114022],[82.689147,27.113941],[82.689278,27.113919],[82.689616,27.113909],[82.689813,27.113909],[82.689964,27.113814],[82.690055,27.11367],[82.690034,27.113377],[82.689893,27.113065],[82.689893,27.112907],[82.689938,27.112754],[82.690135,27.112772],[82.690321,27.112858],[82.690554,27.113178],[82.690836,27.113448],[82.691088,27.113489],[82.691416,27.113408],[82.691728,27.113272],[82.691996,27.113096],[82.692389,27.112802],[82.692505,27.112523],[82.6926,27.112292],[82.692762,27.11218],[82.692888,27.112211],[82.69309,27.11241],[82.693296,27.112784],[82.693725,27.113249],[82.693892,27.11351],[82.694063,27.113533],[82.694285,27.113397],[82.69433,27.113262],[82.694481,27.112783],[82.694476,27.112075],[82.69445,27.111709],[82.694324,27.111398],[82.694047,27.11111],[82.6938,27.110929],[82.693744,27.110785],[82.693729,27.1106],[82.693845,27.110392],[82.694218,27.110108],[82.694545,27.109589],[82.694681,27.109358],[82.694832,27.109277],[82.695019,27.109214],[82.69515,27.109245],[82.695301,27.109444],[82.695357,27.109651],[82.695428,27.10985],[82.695579,27.109881],[82.695856,27.109859],[82.69638,27.109389],[82.696834,27.108649],[82.69704,27.108545],[82.697388,27.108545],[82.697807,27.108558],[82.698089,27.108567],[82.698241,27.108535],[82.698251,27.108431],[82.698144,27.108224],[82.698054,27.107994],[82.698038,27.107791],[82.698084,27.107746],[82.698215,27.107728],[82.698714,27.107727],[82.699309,27.107871],[82.699667,27.10807],[82.699924,27.10807],[82.700202,27.108015],[82.70062,27.107663],[82.700872,27.107645],[82.70123,27.107758],[82.701533,27.107924],[82.70179,27.107924],[82.701961,27.10782],[82.702112,27.107531],[82.702273,27.107206],[82.702334,27.107039],[82.702566,27.106958],[82.70301,27.106958],[82.703424,27.107094],[82.703832,27.107228],[82.704401,27.107332],[82.704578,27.107467],[82.704649,27.107738],[82.704846,27.107986],[82.705219,27.108297],[82.705728,27.108558],[82.705935,27.108567],[82.706112,27.108535],[82.706228,27.108382],[82.706227,27.108152],[82.706005,27.107818],[82.705985,27.10766],[82.70597,27.107484],[82.706076,27.107349],[82.706343,27.10729],[82.706585,27.107258],[82.706746,27.107091],[82.706842,27.106811],[82.706932,27.106563],[82.70708,27.106513],[82.707209,27.106468],[82.707492,27.106477],[82.707865,27.106477],[82.70849,27.106562],[82.708813,27.106575],[82.70907,27.106666],[82.709464,27.106846],[82.70964,27.106855],[82.709847,27.106751],[82.709847,27.106512],[82.709846,27.106264],[82.709917,27.106074],[82.710113,27.105948],[82.710219,27.105979],[82.710335,27.106083],[82.710416,27.106399],[82.710462,27.106696],[82.710513,27.107021],[82.710583,27.107125],[82.710835,27.107093],[82.711334,27.106926],[82.711647,27.106863],[82.711834,27.106862],[82.712182,27.107196],[82.712394,27.107395],[82.712686,27.107489],[82.713185,27.107435],[82.713473,27.107435],[82.713674,27.107489],[82.713811,27.10761],[82.713811,27.107985],[82.713811,27.108382],[82.713802,27.108856],[82.713857,27.108982],[82.714185,27.109022],[82.714578,27.108855],[82.714906,27.108846],[82.715077,27.108981],[82.715194,27.109229],[82.715209,27.109459],[82.71531,27.109595],[82.715522,27.109626],[82.715739,27.109572],[82.715925,27.109396],[82.71597,27.10926],[82.715995,27.109175],[82.716005,27.109062],[82.716111,27.108999],[82.716217,27.10899],[82.716404,27.109084],[82.71654,27.10926],[82.716717,27.109382],[82.717019,27.109309],[82.71719,27.109237],[82.717357,27.109124],[82.717508,27.108966],[82.717669,27.108925],[82.71775,27.108948],[82.717831,27.109092],[82.717876,27.109237],[82.717912,27.109381],[82.718229,27.109489],[82.718708,27.109173],[82.71949,27.109127],[82.719696,27.109096],[82.719792,27.108879],[82.719757,27.108667],[82.719535,27.108446],[82.719232,27.108175],[82.719045,27.107927],[82.718989,27.10776],[82.718929,27.107386],[82.718984,27.106962],[82.719427,27.106596],[82.719704,27.106397],[82.719795,27.106077],[82.719925,27.105481],[82.720283,27.105106],[82.720575,27.104876],[82.721029,27.104803],[82.721447,27.104659],[82.72177,27.104514],[82.722118,27.104108],[82.722072,27.103711],[82.72242,27.10339],[82.722933,27.102776],[82.722953,27.102528],[82.722897,27.102225],[82.722721,27.101955],[82.722363,27.101675],[82.722186,27.101581],[82.722151,27.101463],[82.722201,27.101175],[82.72221,27.100737],[82.722185,27.100475],[82.722104,27.100195],[82.722149,27.100051],[82.722291,27.100019],[82.722371,27.100037],[82.722815,27.100299],[82.723067,27.100538],[82.723335,27.100736],[82.723673,27.100984],[82.724162,27.101435],[82.724334,27.101403],[82.724535,27.101173],[82.724777,27.100848],[82.724893,27.100839],[82.725054,27.101015],[82.72508,27.101245],[82.72508,27.101628],[82.72509,27.101849],[82.725217,27.101994],[82.725474,27.10216],[82.725716,27.102223],[82.726195,27.102273],[82.726533,27.102232],[82.726588,27.102087],[82.726507,27.101763],[82.726416,27.101366],[82.726355,27.10114],[82.726436,27.101014],[82.726612,27.101023],[82.726935,27.101261],[82.727495,27.10169],[82.727541,27.102082],[82.727632,27.102574],[82.727854,27.102741],[82.728016,27.10275],[82.728086,27.102727],[82.728333,27.102583],[82.7286,27.102303],[82.728867,27.101978],[82.729215,27.101729],[82.729356,27.101752],[82.729518,27.101887],[82.729609,27.102157],[82.729609,27.102311],[82.729574,27.102437],[82.729297,27.102844],[82.729297,27.103051],[82.729307,27.103177],[82.729458,27.103281],[82.729599,27.103281],[82.729973,27.103281],[82.73019,27.103393],[82.730311,27.103466],[82.730467,27.103596],[82.730467,27.10375],[82.730261,27.104052],[82.730165,27.104323],[82.730281,27.104377],[82.730548,27.104377],[82.730816,27.104273],[82.731249,27.104051],[82.731829,27.104019],[82.732257,27.104019],[82.733579,27.104226],[82.734234,27.104361],[82.734799,27.104644],[82.735723,27.105424],[82.736091,27.105839],[82.73649,27.106335],[82.736687,27.106628],[82.736723,27.10698],[82.736743,27.107441],[82.736981,27.108095],[82.737047,27.108555],[82.737214,27.108907],[82.737915,27.1097],[82.738486,27.11025],[82.738763,27.110498],[82.739021,27.110697],[82.739217,27.110697],[82.739797,27.110624],[82.740064,27.110497],[82.740528,27.110488],[82.740785,27.110519],[82.741108,27.110641],[82.741285,27.110862],[82.741482,27.111132],[82.741543,27.111363],[82.741679,27.111453],[82.742087,27.111484],[82.742879,27.111402],[82.74357,27.111252],[82.744361,27.111243],[82.744896,27.111265],[82.74534,27.111431],[82.745733,27.11172],[82.746162,27.111927],[82.746465,27.112198],[82.746642,27.112396],[82.746733,27.112635],[82.746885,27.113186],[82.747208,27.113623],[82.74743,27.113758],[82.747526,27.113767],[82.747707,27.113744],[82.748052,27.113491],[82.748279,27.113269],[82.74844,27.113111],[82.748391,27.112638],[82.748374,27.111882],[82.748305,27.111427],[82.74852,27.111021],[82.748531,27.111014],[82.749091,27.110997],[82.749575,27.111033],[82.749958,27.110984],[82.750422,27.110741],[82.750685,27.110552],[82.750907,27.110421],[82.751144,27.110381],[82.751305,27.110403],[82.751451,27.110494],[82.751486,27.110611],[82.751481,27.110864],[82.751471,27.110985],[82.751516,27.111171],[82.751586,27.111301],[82.751753,27.111383],[82.752101,27.111392],[82.752701,27.111339],[82.753139,27.111352],[82.753548,27.111402],[82.754007,27.111475],[82.75439,27.111493],[82.754864,27.111471],[82.755045,27.111435],[82.755162,27.1113],[82.755308,27.111264],[82.755429,27.111264],[82.755575,27.111386],[82.755686,27.111526],[82.755741,27.111634],[82.755852,27.111666],[82.756134,27.111567],[82.756351,27.111382],[82.756599,27.111283],[82.756856,27.111234],[82.757047,27.111315],[82.757098,27.111423],[82.756992,27.111654],[82.75687,27.111951],[82.756835,27.112132],[82.75688,27.112249],[82.757006,27.112362],[82.757172,27.112331],[82.757465,27.112029],[82.757768,27.111735],[82.757975,27.111496],[82.758101,27.111366],[82.758303,27.111312],[82.758822,27.111317],[82.75915,27.111303],[82.759327,27.111425],[82.759528,27.111768],[82.759628,27.112102],[82.759699,27.112211],[82.759825,27.112306],[82.760001,27.112256],[82.760173,27.112031],[82.760295,27.111661],[82.760441,27.111345],[82.760522,27.111165],[82.760693,27.111097],[82.760966,27.111133],[82.761213,27.111274],[82.76151,27.111526],[82.761792,27.11164],[82.761984,27.111671],[82.762241,27.111762],[82.762589,27.11183],[82.76276,27.111911],[82.762941,27.111992],[82.763178,27.112011],[82.763414,27.112011],[82.763471,27.111718],[82.763476,27.111474],[82.763547,27.111316],[82.763719,27.111167],[82.763961,27.110996],[82.764168,27.110798],[82.764299,27.110522],[82.764421,27.110211],[82.764497,27.109986],[82.764608,27.109814],[82.764724,27.109674],[82.764865,27.109494],[82.764906,27.109359],[82.764956,27.109101],[82.764982,27.108813],[82.764997,27.10856],[82.765103,27.108298],[82.765295,27.108095],[82.765694,27.107771],[82.765936,27.107563],[82.766128,27.107392],[82.766209,27.10723],[82.766234,27.107031],[82.766194,27.106779],[82.766134,27.10663],[82.766003,27.106566],[82.765745,27.106611],[82.765322,27.106656],[82.764999,27.106678],[82.764656,27.106714],[82.764399,27.106791],[82.764152,27.10684],[82.763975,27.106804],[82.76387,27.106691],[82.763809,27.106587],[82.763784,27.106461],[82.763794,27.106307],[82.763926,27.106181],[82.764037,27.105974],[82.764138,27.105626],[82.764209,27.10518],[82.764411,27.104936],[82.764653,27.104697],[82.764729,27.104548],[82.764769,27.10435],[82.76477,27.10402],[82.76477,27.10379],[82.764795,27.103583],[82.764886,27.103398],[82.765068,27.103181],[82.765235,27.102978],[82.765467,27.102744],[82.765578,27.102496],[82.765583,27.102284],[82.765528,27.102035],[82.765437,27.10176],[82.765327,27.101552],[82.765287,27.101381],[82.765287,27.101209],[82.765362,27.101079],[82.765579,27.100966],[82.765816,27.100871],[82.766099,27.100827],[82.766351,27.100723],[82.766558,27.100633],[82.766765,27.100448],[82.766992,27.100128],[82.767073,27.099848],[82.767073,27.099541],[82.767058,27.099207],[82.767008,27.098964],[82.766973,27.098761],[82.766973,27.098607],[82.767089,27.098458],[82.767256,27.098418],[82.767462,27.098481],[82.767745,27.098752],[82.768062,27.099095],[82.768334,27.099335],[82.76851,27.099425],[82.768687,27.099448],[82.768934,27.099416],[82.769136,27.099358],[82.769267,27.099263],[82.769307,27.099137],[82.769302,27.099001],[82.769227,27.098785],[82.76901,27.098645],[82.768753,27.098622],[82.768395,27.098635],[82.768214,27.098635],[82.768037,27.098635],[82.767957,27.098545],[82.767921,27.098382],[82.767957,27.09822],[82.768078,27.098012],[82.768295,27.097751],[82.768512,27.09753],[82.768704,27.097277],[82.768886,27.097142],[82.769108,27.096993],[82.769435,27.096944],[82.769743,27.096922],[82.770116,27.097048],[82.770479,27.097242],[82.770786,27.097437],[82.771094,27.097532],[82.77127,27.097541],[82.771477,27.097532],[82.771618,27.097451],[82.771774,27.097302],[82.771891,27.097131],[82.771941,27.09691],[82.771876,27.096684],[82.771629,27.096449],[82.771312,27.096255],[82.771055,27.096061],[82.770898,27.095889],[82.770808,27.095718],[82.770773,27.095582],[82.770778,27.095402],[82.770829,27.095194],[82.77094,27.095009],[82.771061,27.094896],[82.771202,27.094883],[82.771318,27.094937],[82.771434,27.095109],[82.771469,27.09524],[82.771575,27.09533],[82.771701,27.095375],[82.771852,27.095339],[82.772049,27.095123],[82.772165,27.095024],[82.772493,27.094879],[82.772926,27.094848],[82.773148,27.094817],[82.773279,27.094731],[82.773325,27.094641],[82.773239,27.094483],[82.773043,27.094275],[82.772876,27.094113],[82.772741,27.093941],[82.772715,27.093761],[82.772726,27.093584],[82.772751,27.093427],[82.772842,27.093318],[82.773049,27.093152],[82.773225,27.093107],[82.773417,27.093174],[82.773649,27.093481],[82.773724,27.093721],[82.773905,27.093933],[82.774046,27.094032],[82.774223,27.094023],[82.774419,27.093956],[82.774551,27.093762],[82.774717,27.093437],[82.774869,27.093221],[82.775025,27.093103],[82.775277,27.093],[82.775479,27.092995],[82.77563,27.092937],[82.775812,27.092833],[82.775928,27.09263],[82.775979,27.092391],[82.776004,27.09208],[82.776019,27.091904],[82.776105,27.091755],[82.776257,27.091597],[82.776398,27.091529],[82.776695,27.09153],[82.777129,27.091562],[82.777542,27.091598],[82.77785,27.091562],[82.778132,27.091449],[82.778259,27.091183],[82.778375,27.090877],[82.778506,27.090601],[82.778542,27.09029],[82.778587,27.08997],[82.778709,27.089798],[82.778855,27.089568],[82.779037,27.089248],[82.779072,27.089009],[82.779113,27.088756],[82.779088,27.088594],[82.778997,27.088481],[82.77878,27.088418],[82.778488,27.088408],[82.77814,27.088386],[82.777908,27.08834],[82.777722,27.088268],[82.777691,27.088169],[82.777692,27.087993],[82.777767,27.087767],[82.777984,27.087627],[82.778549,27.087488],[82.779023,27.087402],[82.779255,27.087299],[82.779462,27.08715],[82.779608,27.086942],[82.77978,27.086509],[82.779927,27.086225],[82.780103,27.086004],[82.780275,27.085833],[82.780567,27.085675],[82.780925,27.085549],[82.781223,27.085491],[82.781475,27.08541],[82.781571,27.085292],[82.781616,27.085044],[82.781682,27.084832],[82.781713,27.084665],[82.781808,27.084557],[82.781955,27.084503],[82.782186,27.084539],[82.782711,27.084729],[82.783003,27.084788],[82.783351,27.084765],[82.783633,27.084684],[82.783931,27.084459],[82.784249,27.08417],[82.784587,27.08381],[82.784854,27.083616],[82.785217,27.083372],[82.78554,27.083179],[82.785777,27.082976],[82.785873,27.082786],[82.785924,27.082466],[82.785959,27.082213],[82.786201,27.082051],[82.786665,27.081776],[82.786756,27.081618],[82.786681,27.081478],[82.786368,27.08127],[82.786132,27.081099],[82.786021,27.080936],[82.786001,27.080801],[82.786066,27.080661],[82.786218,27.080481],[82.786515,27.080436],[82.786797,27.080503],[82.787075,27.080756],[82.787316,27.080987],[82.787503,27.081181],[82.787785,27.081434],[82.787961,27.08147],[82.788128,27.081479],[82.788284,27.081447],[82.78842,27.081357],[82.788577,27.081136],[82.788728,27.080771],[82.788849,27.080527],[82.78894,27.080383],[82.789122,27.080266],[82.789333,27.080243],[82.789656,27.080338],[82.789913,27.080429],[82.79016,27.080465],[82.790326,27.080442],[82.790513,27.080352],[82.790579,27.080203],[82.790569,27.079969],[82.790518,27.079766],[82.790322,27.079558],[82.790095,27.079377],[82.789879,27.079188],[82.789516,27.07903],[82.789244,27.078867],[82.789108,27.078754],[82.789077,27.078673],[82.789133,27.078546],[82.789365,27.078307],[82.789597,27.078217],[82.789834,27.07819],[82.790046,27.078033],[82.790222,27.077789],[82.790238,27.077505],[82.790258,27.077333],[82.790364,27.077252],[82.790596,27.077144],[82.790919,27.076869],[82.791045,27.076666],[82.791186,27.076377],[82.791242,27.076251],[82.791277,27.076039],[82.791252,27.075795],[82.791116,27.075461],[82.791046,27.075091],[82.791036,27.074852],[82.791087,27.074599],[82.791243,27.074396],[82.791536,27.074108],[82.791808,27.073837],[82.791924,27.073593],[82.792025,27.073273],[82.792106,27.07284],[82.792177,27.072393],[82.79239,27.071405],[82.792466,27.071071],[82.792567,27.070773],[82.792627,27.070503],[82.792708,27.070223],[82.792774,27.069961],[82.792789,27.069722],[82.792744,27.069528],[82.792628,27.069217],[82.792558,27.069023],[82.792533,27.06886],[82.792533,27.068612],[82.792558,27.068395],[82.792614,27.068179],[82.792725,27.067971],[82.792781,27.067732],[82.792776,27.067511],[82.79266,27.0672],[82.792494,27.066911],[82.792076,27.06641],[82.791829,27.066089],[82.791678,27.06589],[82.791653,27.065773],[82.791673,27.065638],[82.791789,27.065498],[82.792006,27.065385],[82.792268,27.065304],[82.792445,27.065223],[82.792586,27.065128],[82.792687,27.064962],[82.792692,27.064813],[82.792576,27.064533],[82.79238,27.064221],[82.792229,27.063982],[82.792169,27.063779],[82.792164,27.063594],[82.792144,27.063404],[82.792209,27.063247],[82.792371,27.063053],[82.792537,27.062962],[82.792769,27.062935],[82.793091,27.063017],[82.793293,27.063098],[82.793459,27.06313],[82.793646,27.063071],[82.793747,27.062986],[82.793757,27.062855],[82.793656,27.062638],[82.793505,27.062331],[82.793258,27.062038],[82.793107,27.06188],[82.793012,27.061803],[82.792861,27.061762],[82.792608,27.061798],[82.792387,27.061803],[82.79223,27.061798],[82.792145,27.061676],[82.792145,27.06159],[82.792211,27.061469],[82.792397,27.061284],[82.792589,27.061121],[82.79273,27.060982],[82.792811,27.060855],[82.792912,27.060729],[82.793068,27.060648],[82.79325,27.060567],[82.793476,27.060513],[82.793618,27.060463],[82.793759,27.060373],[82.793809,27.060247],[82.793789,27.060111],[82.793628,27.059876],[82.793417,27.059637],[82.79327,27.059475],[82.79321,27.059276],[82.793185,27.058978],[82.793155,27.058653],[82.79311,27.058419],[82.793014,27.058116],[82.792929,27.057922],[82.792879,27.057751],[82.792859,27.057435],[82.792849,27.057326],[82.792849,27.057327],[82.792511,27.057453],[82.792274,27.057579],[82.792097,27.057764],[82.792032,27.057949],[82.791916,27.058156],[82.791749,27.05826],[82.791568,27.058318],[82.791381,27.058409],[82.791326,27.058544],[82.791316,27.058639],[82.791325,27.058806],[82.791381,27.059049],[82.791476,27.05932],[82.791521,27.059641],[82.791526,27.05983],[82.791486,27.060083],[82.791319,27.060223],[82.791123,27.060317],[82.790941,27.060358],[82.790725,27.06029],[82.790417,27.060154],[82.790266,27.060046],[82.790029,27.059978],[82.789812,27.060005],[82.78955,27.059987],[82.789409,27.059937],[82.789203,27.059775],[82.789031,27.059761],[82.788845,27.059792],[82.788714,27.059986],[82.788683,27.060248],[82.788658,27.0606],[82.788637,27.06088],[82.788562,27.061038],[82.788506,27.061232],[82.788466,27.061403],[82.78842,27.061669],[82.78839,27.061823],[82.788279,27.061981],[82.788052,27.062143],[82.787865,27.062278],[82.787835,27.062387],[82.787789,27.062571],[82.787693,27.062765],[82.787517,27.06291],[82.787224,27.063049],[82.786831,27.063221],[82.786433,27.063405],[82.785767,27.063816],[82.785449,27.064023],[82.785167,27.063833],[82.785042,27.063581],[82.78485,27.063125],[82.784503,27.062655],[82.784271,27.062398],[82.783954,27.062104],[82.783586,27.061946],[82.783218,27.06186],[82.782765,27.061887],[82.782412,27.061981],[82.782008,27.062013],[82.781757,27.061936],[82.781585,27.061764],[82.781334,27.061408],[82.781062,27.061141],[82.780704,27.060969],[82.780427,27.060915],[82.780114,27.060969],[82.779817,27.061199],[82.779449,27.061406],[82.779242,27.061487],[82.779106,27.061514],[82.778758,27.061559],[82.77843,27.0616],[82.778103,27.061645],[82.777659,27.061739],[82.777331,27.061757],[82.777069,27.061721],[82.776817,27.061626],[82.7765,27.061558],[82.776308,27.061589],[82.776056,27.061756],[82.77588,27.061842],[82.775774,27.061765],[82.775688,27.061616],[82.775477,27.061367],[82.775275,27.061322],[82.775139,27.06139],[82.773284,27.06184],[82.77222,27.062015],[82.771646,27.062051],[82.770931,27.060746],[82.770443,27.059342],[82.770031,27.058539],[82.769508,27.057523],[82.768924,27.055916],[82.768547,27.055212],[82.768492,27.0549],[82.768573,27.054463],[82.768881,27.054097],[82.769249,27.053647],[82.768816,27.053024],[82.76855,27.052374],[82.768384,27.05185],[82.768228,27.051358],[82.767615,27.049679],[82.767278,27.049051],[82.766749,27.048311],[82.766483,27.047571],[82.766207,27.046943],[82.765931,27.045585],[82.765735,27.04461],[82.764923,27.044997],[82.763819,27.045764],[82.762992,27.046277],[82.762321,27.04685],[82.761897,27.047477],[82.761125,27.048194],[82.76054,27.048554],[82.760091,27.048942],[82.759683,27.049293],[82.759132,27.050579],[82.758794,27.051418],[82.758445,27.052005],[82.757704,27.05223],[82.756681,27.052644],[82.755743,27.053017],[82.754805,27.053608],[82.753882,27.054094],[82.752621,27.054572],[82.751613,27.054909],[82.750373,27.055341],[82.749631,27.05567],[82.749273,27.055777],[82.749087,27.055832],[82.748542,27.055881],[82.748053,27.055667],[82.747745,27.055367],[82.747679,27.055249],[82.747628,27.055186],[82.747548,27.055204],[82.747362,27.055353],[82.746898,27.055322],[82.746353,27.055025],[82.74597,27.054759],[82.745637,27.054371],[82.745505,27.053839],[82.745238,27.053627],[82.74489,27.053496],[82.744189,27.053452],[82.743464,27.053479],[82.742829,27.053557],[82.742516,27.053512],[82.742249,27.053304],[82.741951,27.052799],[82.741401,27.05234],[82.740922,27.051965],[82.740221,27.051849],[82.739904,27.05179],[82.739591,27.051732],[82.739561,27.051642],[82.740039,27.051298],[82.740488,27.051018],[82.741067,27.050643],[82.741666,27.050304],[82.741998,27.049934],[82.742179,27.049546],[82.742244,27.04895],[82.742229,27.048463],[82.742374,27.047569],[82.74259,27.046585],[82.742755,27.046053],[82.74284,27.04538],[82.742588,27.044816],[82.742406,27.044198],[82.742188,27.043752],[82.742087,27.043156],[82.742157,27.042574],[82.741924,27.041861],[82.741239,27.041654],[82.740594,27.041564],[82.739812,27.041344],[82.739711,27.040645],[82.739549,27.040153],[82.738834,27.040275],[82.738219,27.040425],[82.737488,27.040497],[82.736657,27.040444],[82.736012,27.040237],[82.736097,27.03984],[82.736464,27.038653],[82.736554,27.038274],[82.736755,27.037664],[82.736855,27.03705],[82.736935,27.036441],[82.736985,27.035773],[82.737115,27.035178],[82.737149,27.033296],[82.737108,27.032962],[82.737067,27.032623],[82.73688,27.032014],[82.736799,27.031347],[82.736466,27.030647],[82.736249,27.030233],[82.736052,27.029754],[82.7359,27.029014],[82.735652,27.028482],[82.735495,27.028209],[82.735334,27.027932],[82.734951,27.027413],[82.734457,27.026845],[82.733791,27.025984],[82.733226,27.025479],[82.732727,27.025109],[82.731623,27.024424],[82.731023,27.024127],[82.730882,27.02414],[82.730741,27.024154],[82.730343,27.024425],[82.729779,27.024886],[82.729397,27.025495],[82.729367,27.026059],[82.729251,27.026772],[82.728935,27.028004],[82.728638,27.028614],[82.728241,27.029178],[82.727909,27.029625],[82.727345,27.030059],[82.726796,27.030443],[82.726116,27.030741],[82.725516,27.030967],[82.724806,27.03113],[82.724141,27.031221],[82.723446,27.031145],[82.722745,27.03091],[82.722135,27.030626],[82.721535,27.030257],[82.721071,27.029838],[82.720955,27.029752],[82.720703,27.029707],[82.720073,27.029811],[82.718562,27.030408],[82.717369,27.031298],[82.71689,27.031699],[82.716296,27.032011],[82.715752,27.032088],[82.715021,27.031777],[82.71429,27.031421],[82.714109,27.031331],[82.71369,27.031332],[82.712829,27.031598],[82.71162,27.03191],[82.711202,27.032091],[82.710426,27.032209],[82.709746,27.032435],[82.709454,27.0325],[82.709161,27.032566],[82.708466,27.032494],[82.7077,27.032242],[82.70709,27.031854],[82.706591,27.031426],[82.706574,27.031333],[82.706555,27.031232],[82.70662,27.030727],[82.706807,27.030519],[82.707089,27.030266],[82.707451,27.029729],[82.707617,27.029359],[82.707652,27.02888],[82.707656,27.028831],[82.707697,27.028285],[82.707515,27.027545],[82.707449,27.027039],[82.707166,27.02643],[82.70697,27.026263],[82.70637,27.025998],[82.705674,27.025817],[82.704284,27.025548],[82.703654,27.025413],[82.703024,27.025147],[82.702792,27.024921],[82.70261,27.024628],[82.702393,27.024059],[82.70209,27.023748],[82.701959,27.023658],[82.701662,27.023721],[82.701461,27.02369],[82.701314,27.023541],[82.701249,27.023451],[82.701083,27.023424],[82.700765,27.023541],[82.700483,27.023587],[82.700302,27.023528],[82.70007,27.023452],[82.699853,27.023258],[82.699983,27.022012],[82.699902,27.02143],[82.699932,27.020879],[82.699816,27.020749],[82.699287,27.020198],[82.698889,27.019901],[82.698591,27.019531],[82.698533,27.019215],[82.698475,27.018895],[82.698721,27.018164],[82.699169,27.017301],[82.699647,27.016367],[82.699878,27.015816],[82.700095,27.015487],[82.700745,27.01583],[82.70136,27.015933],[82.70207,27.01577],[82.702669,27.015472],[82.703213,27.01507],[82.70345,27.014889],[82.703762,27.014921],[82.704458,27.01516],[82.70476,27.015141],[82.705687,27.01501],[82.706468,27.014919],[82.706579,27.014912],[82.707133,27.014874],[82.707712,27.014828],[82.708392,27.014828],[82.708992,27.014886],[82.709854,27.015066],[82.710927,27.015395],[82.712585,27.015823],[82.712892,27.01589],[82.7132,27.015958],[82.713996,27.01612],[82.714511,27.016126],[82.715009,27.016133],[82.716137,27.01606],[82.716434,27.016041],[82.717382,27.016131],[82.717989,27.01615],[82.717817,27.017375],[82.718665,27.018929],[82.720123,27.018539],[82.721808,27.019585],[82.724856,27.017489],[82.728092,27.020735],[82.728823,27.02133],[82.729343,27.021641],[82.730119,27.021817],[82.730456,27.022038],[82.730839,27.022218],[82.731691,27.021829],[82.732356,27.021608],[82.732915,27.021427],[82.733716,27.021426],[82.734174,27.021507],[82.736418,27.0196],[82.737004,27.019709],[82.737536,27.017507],[82.736451,27.016322],[82.733872,27.015747],[82.730625,27.01364],[82.730176,27.013076],[82.729626,27.012404],[82.729212,27.011615],[82.728995,27.010857],[82.728828,27.010415],[82.728735,27.010178],[82.728399,27.009323],[82.728247,27.008696],[82.728067,27.008071],[82.728048,27.008081],[82.727615,27.00829],[82.727492,27.007985],[82.727364,27.007672],[82.72726,27.007483],[82.727169,27.007316],[82.727138,27.007271],[82.7267,27.006635],[82.726549,27.006386],[82.726541,27.006372],[82.72656,27.006298],[82.72656,27.006278],[82.72656,27.006254],[82.726396,27.006071],[82.726181,27.005839],[82.726113,27.005818],[82.726002,27.005719],[82.725677,27.005254],[82.725217,27.004723],[82.725123,27.004619],[82.72494,27.00442],[82.724758,27.004245],[82.724592,27.004085],[82.724443,27.003953],[82.724186,27.003725],[82.724091,27.003773],[82.724065,27.003754],[82.723671,27.00346],[82.723622,27.003466],[82.72354,27.003401],[82.722991,27.003003],[82.722972,27.002989],[82.722786,27.002839],[82.722724,27.00279],[82.722687,27.002761],[82.722237,27.002443],[82.722207,27.00242],[82.721973,27.002241],[82.721948,27.002218],[82.721918,27.00219],[82.721819,27.002096],[82.721661,27.001948],[82.721637,27.001925],[82.72155,27.001828],[82.721925,27.001496],[82.721943,27.00148],[82.721948,27.001474],[82.722056,27.001352],[82.7209,27.000267],[82.720783,27.000235],[82.720305,26.999899],[82.719725,26.999503],[82.719418,26.998953],[82.719127,26.998235],[82.718683,26.997167],[82.718324,26.996205],[82.718068,26.995502],[82.718016,26.994601],[82.718851,26.994265],[82.720096,26.994463],[82.72088,26.994783],[82.722961,26.995835],[82.723831,26.996216],[82.725639,26.996918],[82.726543,26.997238],[82.727549,26.997573],[82.728432,26.997679],[82.728691,26.99771],[82.729595,26.997709],[82.730259,26.997403],[82.730856,26.997051],[82.730865,26.997039],[82.731247,26.996516],[82.731519,26.995959],[82.731792,26.995401],[82.732149,26.994683],[82.731876,26.993889],[82.731483,26.993263],[82.730902,26.992424],[82.730731,26.991828],[82.730833,26.991019],[82.731105,26.990515],[82.731906,26.990086],[82.732202,26.990115],[82.73269,26.990162],[82.733424,26.990757],[82.733868,26.991291],[82.734277,26.991933],[82.734653,26.992436],[82.735523,26.993046],[82.736751,26.993519],[82.737467,26.993732],[82.73809,26.993922],[82.738712,26.994113],[82.74056,26.994854],[82.740878,26.994982],[82.742327,26.995164],[82.743453,26.995377],[82.744493,26.995513],[82.745309,26.995265],[82.74555,26.995192],[82.74635,26.994702],[82.746725,26.994267],[82.747099,26.993831],[82.74732,26.993082],[82.74732,26.992656],[82.747319,26.992258],[82.746824,26.991174],[82.746039,26.990182],[82.745305,26.989541],[82.744605,26.989114],[82.744256,26.989259],[82.741791,26.98791],[82.74087,26.987422],[82.739881,26.986842],[82.739431,26.986302],[82.739386,26.986247],[82.73872,26.985316],[82.738259,26.984507],[82.737644,26.983408],[82.737524,26.982263],[82.73754,26.981301],[82.737761,26.98043],[82.738297,26.979658],[82.738833,26.978887],[82.739956,26.97716],[82.74057,26.976625],[82.741541,26.976181],[82.741992,26.976349],[82.742444,26.976516],[82.743025,26.977218],[82.743366,26.977966],[82.743691,26.978837],[82.743999,26.979554],[82.744358,26.980394],[82.744785,26.981264],[82.74562,26.981492],[82.747372,26.981332],[82.748108,26.979454],[82.74817,26.979386],[82.748513,26.978601],[82.748831,26.978049],[82.748962,26.977821],[82.749654,26.976351],[82.750451,26.975138],[82.750905,26.974614],[82.751207,26.974579],[82.752376,26.974557],[82.753197,26.974558],[82.754204,26.974703],[82.755261,26.974966],[82.756488,26.975276],[82.756852,26.975369],[82.758308,26.975559],[82.759184,26.975655],[82.76003,26.976012],[82.76085,26.976297],[82.762043,26.976916],[82.762768,26.977472],[82.763004,26.978469],[82.762822,26.979065],[82.761965,26.979773],[82.761285,26.979966],[82.760262,26.980638],[82.759284,26.981539],[82.758618,26.982324],[82.758325,26.983059],[82.758405,26.983533],[82.759145,26.98408],[82.760127,26.984554],[82.761028,26.984794],[82.762035,26.985057],[82.763148,26.985319],[82.764075,26.985437],[82.765147,26.985804],[82.766064,26.986148],[82.76703,26.986708],[82.767901,26.987372],[82.768591,26.987729],[82.769411,26.988203],[82.770257,26.98875],[82.771979,26.989347],[82.773284,26.989637],[82.774317,26.989015],[82.77474,26.988419],[82.77453,26.987282],[82.774188,26.986329],[82.773182,26.985169],[82.771672,26.983932],[82.770716,26.983195],[82.770106,26.982744],[82.769271,26.981746],[82.769076,26.981001],[82.768971,26.980026],[82.769153,26.979079],[82.769526,26.978316],[82.770162,26.977559],[82.771462,26.976535],[82.772616,26.975909],[82.773437,26.975625],[82.77447,26.975482],[82.775316,26.975744],[82.775955,26.976029],[82.776533,26.977121],[82.776824,26.978904],[82.77701,26.979689],[82.777462,26.980141],[82.778414,26.980069],[82.779539,26.979675],[82.779765,26.979596],[82.780651,26.979254],[82.781022,26.979084],[82.781528,26.978853],[82.782465,26.978353],[82.783528,26.978019],[82.784611,26.97783],[82.784845,26.97779],[82.785699,26.977642],[82.786495,26.977525],[82.787452,26.977453],[82.788404,26.977337],[82.789412,26.977003],[82.790288,26.976575],[82.791195,26.976476],[82.791503,26.976138],[82.792057,26.975592],[82.792722,26.975024],[82.793438,26.974429],[82.794234,26.973716],[82.794869,26.973026],[82.795666,26.972151],[82.796487,26.971367],[82.797298,26.970623],[82.798412,26.969694],[82.799974,26.968602],[82.801007,26.967773],[82.801445,26.967385],[82.801899,26.966744],[82.802484,26.965747],[82.802908,26.96484],[82.803331,26.963988],[82.803729,26.96332],[82.804233,26.96268],[82.804296,26.962621],[82.804762,26.962184],[82.805503,26.961873],[82.805763,26.961873],[82.806379,26.961873],[82.807069,26.962324],[82.807588,26.962875],[82.807653,26.962943],[82.80797,26.963322],[82.808181,26.963895],[82.808472,26.964748],[82.808484,26.965029],[82.808522,26.965913],[82.808365,26.966698],[82.807912,26.967578],[82.807226,26.969026],[82.806399,26.970713],[82.806091,26.971584],[82.806146,26.972225],[82.806307,26.972676],[82.807047,26.973245],[82.807999,26.973724],[82.808905,26.974184],[82.809776,26.974221],[82.810703,26.974411],[82.811604,26.974506],[82.812531,26.974556],[82.813065,26.974556],[82.81383,26.974272],[82.814546,26.973772],[82.815171,26.972861],[82.815218,26.972659],[82.815327,26.972193],[82.815222,26.970794],[82.814835,26.969309],[82.814463,26.968361],[82.81399,26.967526],[82.813699,26.966741],[82.813498,26.964972],[82.813474,26.963975],[82.813449,26.963803],[82.813343,26.963072],[82.813387,26.962317],[82.813394,26.962192],[82.813531,26.960789],[82.813597,26.958997],[82.813737,26.957314],[82.813785,26.956737],[82.813891,26.954859],[82.81386,26.953309],[82.813828,26.951759],[82.813537,26.949692],[82.813391,26.948636],[82.8131,26.947472],[82.81302,26.946926],[82.812174,26.945806],[82.81146,26.945048],[82.810982,26.944497],[82.809376,26.943346],[82.808505,26.942894],[82.807468,26.942582],[82.806436,26.942487],[82.805349,26.942464],[82.804075,26.942224],[82.803546,26.942179],[82.802323,26.941894],[82.801301,26.941695],[82.800189,26.941338],[82.799605,26.940954],[82.799102,26.940335],[82.799369,26.939934],[82.800134,26.939339],[82.800986,26.93896],[82.801993,26.938581],[82.803292,26.937937],[82.802935,26.937463],[82.802407,26.936677],[82.8021,26.935725],[82.801598,26.934321],[82.801196,26.933152],[82.800874,26.932065],[82.800618,26.931464],[82.799989,26.93085],[82.799144,26.9302],[82.79787,26.93015],[82.796767,26.93047],[82.796093,26.93046],[82.795403,26.930009],[82.794664,26.928627],[82.794559,26.927887],[82.794026,26.926817],[82.793523,26.926009],[82.792728,26.925463],[82.791585,26.925507],[82.790327,26.925195],[82.789105,26.923768],[82.787993,26.92227],[82.78736,26.921191],[82.788287,26.920393],[82.788866,26.919657],[82.789481,26.918656],[82.79,26.917686],[82.789257,26.916327],[82.788251,26.914233],[82.787588,26.912757],[82.786527,26.910983],[82.785748,26.910165],[82.784792,26.909425],[82.784445,26.909307],[82.783357,26.909713],[82.782219,26.91028],[82.781182,26.910781],[82.7802,26.911326],[82.77874,26.911564],[82.777527,26.91067],[82.77621,26.909234],[82.775325,26.908078],[82.776803,26.906327],[82.775328,26.904368],[82.773943,26.905451],[82.773916,26.904833],[82.773889,26.904214],[82.774131,26.903235],[82.774928,26.902049],[82.77527,26.901476],[82.77494,26.899526],[82.774321,26.898976],[82.773385,26.898736],[82.772263,26.898857],[82.770441,26.899045],[82.769238,26.899143],[82.767768,26.899255],[82.766349,26.899453],[82.764229,26.900024],[82.762623,26.900551],[82.760936,26.900982],[82.75938,26.901631],[82.759144,26.901468],[82.75827,26.899965],[82.757964,26.899107],[82.757275,26.898155],[82.756823,26.897577],[82.756823,26.897315],[82.757755,26.896625],[82.759371,26.895702],[82.760434,26.894701],[82.760807,26.894227],[82.76114,26.893469],[82.761025,26.892481],[82.760629,26.891388],[82.760232,26.890314],[82.760083,26.888423],[82.759047,26.888116],[82.757537,26.887947],[82.75642,26.888064],[82.755348,26.888442],[82.754336,26.88882],[82.752875,26.889577],[82.752134,26.890862],[82.751243,26.891674],[82.750633,26.891958],[82.749441,26.891767],[82.748438,26.891362],[82.748067,26.891289],[82.746376,26.890613],[82.745217,26.890707],[82.744455,26.89091],[82.744058,26.891112],[82.743968,26.8912],[82.743556,26.891609],[82.743327,26.891807],[82.743089,26.892012],[82.742641,26.892187],[82.74225,26.89234],[82.741481,26.89251],[82.740702,26.893007],[82.739682,26.893443],[82.738748,26.89394],[82.738679,26.893942],[82.738336,26.894094],[82.738297,26.894111],[82.737774,26.89427],[82.737543,26.894371],[82.737487,26.894396],[82.737159,26.8945],[82.737081,26.894525],[82.736775,26.894614],[82.736728,26.894628],[82.736522,26.894692],[82.736393,26.894732],[82.736147,26.894807],[82.736,26.894851],[82.735874,26.894889],[82.735832,26.894897],[82.735807,26.894901],[82.735575,26.89456],[82.735547,26.894518],[82.73551,26.894481],[82.735335,26.894549],[82.735291,26.894559],[82.735221,26.89459],[82.73484,26.89467],[82.734604,26.89474],[82.734454,26.894801],[82.734262,26.894889],[82.734241,26.894907],[82.734222,26.894923],[82.734199,26.894945],[82.734253,26.894999],[82.734468,26.895331],[82.734129,26.895436],[82.733422,26.895655],[82.733372,26.895671],[82.733128,26.895746],[82.732701,26.895791],[82.732043,26.894614],[82.731978,26.894186],[82.731944,26.893967],[82.731222,26.893761],[82.730532,26.893585],[82.730302,26.893335],[82.730072,26.893085],[82.729941,26.892497],[82.730432,26.891172],[82.730694,26.890583],[82.730801,26.890005],[82.730956,26.889384],[82.730938,26.888825],[82.730315,26.888438],[82.729241,26.887849],[82.728635,26.887353],[82.728202,26.886702],[82.728046,26.88619],[82.727866,26.885699],[82.727112,26.885876],[82.72639,26.886407],[82.725898,26.886937],[82.725538,26.887467],[82.724881,26.887703],[82.724487,26.887409],[82.723568,26.886879],[82.722484,26.886203],[82.721926,26.886086],[82.720514,26.886116],[82.719517,26.885704],[82.719228,26.885414],[82.71921,26.88517],[82.719585,26.884727],[82.719959,26.884314],[82.720384,26.883596],[82.72103,26.882572],[82.721558,26.882022],[82.721234,26.881305],[82.720978,26.880694],[82.720858,26.880388],[82.72142,26.880098],[82.722186,26.879792],[82.722561,26.87941],[82.72256,26.878891],[82.722441,26.878417],[82.722048,26.877715],[82.721435,26.877074],[82.722053,26.876385],[82.722793,26.875865],[82.723952,26.875459],[82.724982,26.875286],[82.725705,26.874405],[82.725689,26.874043],[82.725141,26.873033],[82.724722,26.872253],[82.724109,26.871445],[82.72369,26.870319],[82.723496,26.86928],[82.723398,26.868558],[82.722528,26.868068],[82.72153,26.867722],[82.721524,26.867674],[82.721177,26.867792],[82.71992,26.868041],[82.7186,26.868157],[82.717635,26.868937],[82.717377,26.868187],[82.717118,26.867205],[82.716699,26.866137],[82.716021,26.864202],[82.715215,26.862412],[82.714054,26.860334],[82.713538,26.859266],[82.71257,26.856898],[82.711829,26.855628],[82.711151,26.853809],[82.71025,26.854445],[82.709284,26.854388],[82.706863,26.85348],[82.706515,26.85335],[82.703737,26.852478],[82.703737,26.852478],[82.703801,26.851886],[82.703717,26.85114],[82.703093,26.85142],[82.702047,26.851616],[82.701283,26.851645],[82.700775,26.851673],[82.700268,26.851701],[82.699566,26.85152],[82.698848,26.851338],[82.698177,26.851143],[82.697599,26.850667],[82.697536,26.850107],[82.697988,26.849617],[82.698706,26.849085],[82.700796,26.84788],[82.70245,26.846899],[82.703604,26.846157],[82.703417,26.845961],[82.702839,26.845723],[82.70131,26.845598],[82.700077,26.845445],[82.699218,26.845179],[82.698625,26.844941],[82.697299,26.844508],[82.696112,26.844159],[82.69463,26.844047],[82.6936,26.844174],[82.693116,26.844174],[82.692929,26.84388],[82.693085,26.84332],[82.693271,26.842564],[82.693099,26.841963],[82.692491,26.841669],[82.691679,26.841725],[82.69118,26.841908],[82.690494,26.842412],[82.68948,26.843336],[82.688544,26.844022],[82.68792,26.844359],[82.687031,26.844639],[82.686126,26.845031],[82.685408,26.845368],[82.684987,26.845816],[82.684925,26.846306],[82.685113,26.846809],[82.685503,26.847341],[82.685792,26.847607],[82.686081,26.847873],[82.687018,26.848684],[82.687361,26.849216],[82.687565,26.85042],[82.687783,26.850854],[82.688064,26.851231],[82.688283,26.851329],[82.688611,26.851301],[82.68911,26.850965],[82.690092,26.849929],[82.690155,26.849397],[82.689967,26.848865],[82.68978,26.848501],[82.689998,26.848221],[82.691184,26.847731],[82.692525,26.847422],[82.693337,26.847492],[82.693602,26.847645],[82.693696,26.847855],[82.693524,26.848149],[82.693213,26.848373],[82.692448,26.849004],[82.691512,26.849886],[82.691248,26.850348],[82.690967,26.851496],[82.690749,26.852364],[82.690625,26.85326],[82.690657,26.854002],[82.690657,26.85466],[82.690782,26.855219],[82.691267,26.856409],[82.691704,26.857599],[82.691861,26.85813],[82.691674,26.858732],[82.691416,26.858929],[82.691159,26.859125],[82.690316,26.859363],[82.689723,26.859293],[82.689676,26.858873],[82.689676,26.858187],[82.689582,26.857726],[82.689348,26.857446],[82.688473,26.857012],[82.687053,26.856691],[82.685773,26.856579],[82.6844,26.856692],[82.68376,26.856748],[82.683058,26.856763],[82.682309,26.856861],[82.681497,26.856931],[82.680405,26.857338],[82.679656,26.85759],[82.678954,26.857702],[82.678298,26.857562],[82.677752,26.857255],[82.677455,26.856625],[82.677237,26.856093],[82.677002,26.855407],[82.676425,26.855113],[82.675847,26.855226],[82.67541,26.855604],[82.675239,26.856304],[82.675333,26.857325],[82.675536,26.858095],[82.675786,26.858683],[82.676614,26.859341],[82.676302,26.859593],[82.675927,26.859901],[82.674991,26.860419],[82.674077,26.860958],[82.673875,26.861077],[82.67301,26.861581],[82.672011,26.862002],[82.671293,26.862646],[82.670856,26.862688],[82.669982,26.862254],[82.669896,26.862205],[82.66981,26.862156],[82.669326,26.861331],[82.668811,26.860491],[82.668233,26.859623],[82.667687,26.859484],[82.667265,26.859358],[82.666142,26.859176],[82.665439,26.859554],[82.665128,26.860212],[82.665097,26.861164],[82.665128,26.862116],[82.665144,26.863166],[82.664614,26.863642],[82.663834,26.864244],[82.66285,26.864832],[82.661891,26.865476],[82.661477,26.864244],[82.661149,26.863321],[82.660524,26.861501],[82.659806,26.861837],[82.658932,26.862397],[82.657926,26.863014],[82.657186,26.861314],[82.657136,26.861338],[82.654463,26.862616],[82.654144,26.862168],[82.652464,26.862766],[82.652314,26.862593],[82.651781,26.862763],[82.651624,26.862284],[82.649626,26.863002],[82.649787,26.863536],[82.649932,26.863912],[82.650238,26.864431],[82.650265,26.864477],[82.650306,26.864564],[82.650349,26.864653],[82.65038,26.865059],[82.650474,26.865717],[82.65063,26.866067],[82.65088,26.866402],[82.651036,26.86678],[82.651036,26.867172],[82.651068,26.867634],[82.651317,26.868096],[82.65138,26.86853],[82.651286,26.868852],[82.650943,26.86895],[82.650584,26.868866],[82.65054,26.868822],[82.650334,26.868614],[82.650174,26.868524],[82.649835,26.868334],[82.649601,26.868474],[82.649148,26.868866],[82.649023,26.869146],[82.64907,26.869608],[82.649039,26.870126],[82.648821,26.870336],[82.648571,26.870462],[82.648306,26.870532],[82.647915,26.870658],[82.647894,26.870681],[82.647728,26.870854],[82.647354,26.871204],[82.647036,26.871372],[82.646729,26.871534],[82.646699,26.87155],[82.646558,26.871624],[82.645902,26.87168],[82.645549,26.871682],[82.645074,26.87147],[82.644048,26.870001],[82.641957,26.870445],[82.641937,26.870421],[82.641563,26.869637],[82.641126,26.869623],[82.640236,26.869315],[82.639846,26.869231],[82.639518,26.869498],[82.639331,26.869302],[82.639112,26.86891],[82.638831,26.868476],[82.638316,26.868392],[82.637988,26.868406],[82.637509,26.868647],[82.637146,26.868938],[82.636521,26.869274],[82.635663,26.869848],[82.634773,26.870366],[82.634244,26.870619],[82.633119,26.871416],[82.632011,26.871878],[82.631105,26.872298],[82.6302,26.872704],[82.629044,26.87322],[82.628863,26.873371],[82.628624,26.873571],[82.628312,26.873725],[82.627828,26.873837],[82.62725,26.874005],[82.626735,26.874117],[82.626158,26.874243],[82.625814,26.874383],[82.625334,26.874814],[82.62524,26.875371],[82.625121,26.875891],[82.624831,26.876792],[82.624491,26.877647],[82.624167,26.878365],[82.623809,26.878976],[82.623593,26.879385],[82.623503,26.879556],[82.623315,26.880335],[82.622983,26.88119],[82.623298,26.881603],[82.623434,26.88203],[82.623605,26.882778],[82.623792,26.883634],[82.623928,26.884336],[82.624031,26.885161],[82.624082,26.885772],[82.624051,26.886084],[82.624157,26.886189],[82.624237,26.886456],[82.624275,26.886561],[82.624351,26.886716],[82.624478,26.886704],[82.624582,26.886694],[82.624663,26.886672],[82.624969,26.88652],[82.625045,26.886514],[82.625097,26.886527],[82.625251,26.88645],[82.62549,26.88635],[82.625558,26.886325],[82.625612,26.886333],[82.625648,26.8864],[82.625675,26.886523],[82.625736,26.886799],[82.625824,26.887024],[82.625801,26.887156],[82.625789,26.88728],[82.625835,26.887424],[82.625911,26.887458],[82.626065,26.88743],[82.626221,26.887352],[82.626432,26.887263],[82.62655,26.887265],[82.626694,26.887294],[82.626768,26.887282],[82.626797,26.887278],[82.627009,26.88725],[82.627071,26.88727],[82.627154,26.887282],[82.627158,26.887539],[82.627159,26.887748],[82.627159,26.887845],[82.627159,26.887887],[82.627096,26.888211],[82.627092,26.88823],[82.627078,26.888333],[82.627077,26.888341],[82.627132,26.88847],[82.6272,26.888612],[82.627249,26.888715],[82.62732,26.888862],[82.627384,26.888922],[82.627399,26.888931],[82.627464,26.888974],[82.627816,26.888814],[82.627819,26.888821],[82.627956,26.889254],[82.628476,26.890491],[82.628601,26.890617],[82.6292,26.891224],[82.629949,26.89211],[82.630699,26.893179],[82.630737,26.893248],[82.63075,26.893272],[82.631133,26.893973],[82.631516,26.89437],[82.632096,26.89463],[82.632777,26.894553],[82.633152,26.894691],[82.633799,26.894904],[82.63414,26.89505],[82.634361,26.895103],[82.634685,26.895294],[82.635076,26.895706],[82.635485,26.896218],[82.635869,26.896737],[82.636018,26.897004],[82.636167,26.897272],[82.636456,26.898004],[82.636755,26.898692],[82.636823,26.899088],[82.636891,26.899478],[82.636874,26.90012],[82.636465,26.900777],[82.635631,26.901342],[82.63466,26.901907],[82.633246,26.902747],[82.632939,26.902984],[82.632122,26.903617],[82.63144,26.904213],[82.630895,26.90458],[82.63035,26.904702],[82.629447,26.90487],[82.628834,26.905084],[82.627693,26.905618],[82.627042,26.906138],[82.626899,26.90595],[82.626758,26.90577],[82.626637,26.905631],[82.626549,26.905553],[82.626439,26.905449],[82.626278,26.905302],[82.626101,26.905152],[82.625593,26.90467],[82.62523,26.904366],[82.625037,26.90421],[82.624905,26.904097],[82.624736,26.903964],[82.624497,26.90379],[82.624377,26.903714],[82.624258,26.903638],[82.623937,26.903427],[82.623911,26.903402],[82.623691,26.90329],[82.623477,26.90317],[82.623469,26.903168],[82.623414,26.903154],[82.623344,26.90316],[82.623301,26.903172],[82.623084,26.90325],[82.622903,26.903323],[82.6228,26.903368],[82.622788,26.903373],[82.622634,26.903441],[82.622479,26.903518],[82.622302,26.903599],[82.622277,26.903611],[82.621921,26.903809],[82.621622,26.903976],[82.621486,26.90405],[82.621447,26.904074],[82.621227,26.904234],[82.621004,26.904422],[82.621002,26.904493],[82.62107,26.904502],[82.62114,26.904474],[82.621224,26.904428],[82.621254,26.904418],[82.62131,26.904393],[82.621382,26.904395],[82.62141,26.904415],[82.621426,26.904456],[82.621428,26.904485],[82.621398,26.904551],[82.621322,26.904695],[82.62131,26.904728],[82.621316,26.904863],[82.621347,26.904914],[82.621381,26.904935],[82.62145,26.904945],[82.621514,26.904951],[82.621591,26.904976],[82.621665,26.905012],[82.62171,26.905017],[82.621792,26.905016],[82.621857,26.904995],[82.621936,26.904967],[82.621995,26.904921],[82.622031,26.90488],[82.62211,26.904808],[82.622163,26.904772],[82.622199,26.904766],[82.622235,26.904788],[82.622237,26.904817],[82.622209,26.904862],[82.622136,26.90493],[82.622019,26.905016],[82.621965,26.905068],[82.621942,26.905114],[82.621954,26.905171],[82.622019,26.905215],[82.622071,26.905245],[82.62215,26.905267],[82.622261,26.9053],[82.622335,26.9053],[82.622424,26.905334],[82.622465,26.905373],[82.622478,26.9054],[82.622455,26.905489],[82.622292,26.905691],[82.622231,26.905794],[82.622227,26.905834],[82.62228,26.905878],[82.622339,26.905902],[82.622433,26.905928],[82.622519,26.905966],[82.622559,26.905901],[82.622564,26.905859],[82.622607,26.905842],[82.622688,26.905836],[82.622755,26.905844],[82.622842,26.905885],[82.622874,26.905951],[82.62289,26.906066],[82.622878,26.906148],[82.622825,26.906166],[82.622748,26.906172],[82.622567,26.906202],[82.622523,26.906223],[82.622523,26.906255],[82.622581,26.906298],[82.622653,26.906349],[82.622822,26.906463],[82.62301,26.906597],[82.623134,26.906725],[82.623236,26.906843],[82.623294,26.906964],[82.623343,26.907079],[82.623357,26.907165],[82.623217,26.907236],[82.623081,26.907275],[82.623055,26.907301],[82.623055,26.907338],[82.623081,26.907421],[82.623111,26.907497],[82.623048,26.907636],[82.623035,26.907691],[82.623114,26.907758],[82.623281,26.907877],[82.623307,26.907927],[82.623304,26.907983],[82.623336,26.908066],[82.623367,26.908079],[82.623495,26.908094],[82.623598,26.908112],[82.623669,26.908165],[82.623727,26.908257],[82.623731,26.908265],[82.623758,26.908276],[82.623971,26.908466],[82.623548,26.908797],[82.623562,26.90882],[82.623629,26.908881],[82.623674,26.908906],[82.623709,26.9089],[82.623785,26.908845],[82.623816,26.90882],[82.623869,26.908803],[82.623919,26.908797],[82.623951,26.908837],[82.623987,26.908895],[82.624008,26.908961],[82.624038,26.908987],[82.624102,26.909005],[82.624146,26.909012],[82.624189,26.909009],[82.624233,26.909035],[82.624287,26.908994],[82.624369,26.908983],[82.624422,26.908989],[82.624471,26.909005],[82.62454,26.909057],[82.624587,26.909098],[82.624646,26.909183],[82.624663,26.909245],[82.624718,26.90929],[82.624763,26.909305],[82.62479,26.909304],[82.624861,26.90928],[82.624931,26.90922],[82.624961,26.909123],[82.624945,26.909099],[82.624941,26.908995],[82.624937,26.908782],[82.624936,26.908772],[82.625283,26.908911],[82.625593,26.909228],[82.625622,26.909967],[82.625519,26.910521],[82.625401,26.911207],[82.625534,26.911418],[82.62574,26.911775],[82.626314,26.911933],[82.626711,26.912131],[82.627241,26.912395],[82.6278,26.912421],[82.628242,26.91254],[82.628801,26.912725],[82.629125,26.91316],[82.629287,26.913846],[82.629478,26.914242],[82.630126,26.914743],[82.630568,26.914915],[82.630935,26.914968],[82.631804,26.914849],[82.63251,26.914915],[82.632864,26.915205],[82.633217,26.915363],[82.633629,26.915377],[82.633953,26.915165],[82.634336,26.914862],[82.634586,26.914585],[82.634895,26.914598],[82.635307,26.914638],[82.635778,26.914862],[82.636234,26.914915],[82.636779,26.914928],[82.637309,26.915007],[82.637692,26.915073],[82.638045,26.914862],[82.638398,26.914862],[82.638678,26.914756],[82.639075,26.914664],[82.640253,26.914795],[82.641136,26.914901],[82.641371,26.91593],[82.641313,26.916748],[82.640989,26.91725],[82.640842,26.917474],[82.640444,26.917791],[82.64018,26.918371],[82.640297,26.919044],[82.640445,26.919453],[82.640629,26.919783],[82.640813,26.920113],[82.641107,26.920997],[82.641254,26.921446],[82.641152,26.922026],[82.64068,26.922409],[82.640018,26.922528],[82.639577,26.922303],[82.63912,26.921947],[82.638796,26.921354],[82.638605,26.920905],[82.638399,26.920443],[82.638075,26.919876],[82.637663,26.919506],[82.636868,26.919308],[82.636308,26.919454],[82.636044,26.91985],[82.636014,26.920536],[82.636397,26.921063],[82.636868,26.921604],[82.637295,26.922106],[82.637707,26.922792],[82.638178,26.923491],[82.638326,26.924388],[82.638311,26.924929],[82.637943,26.925154],[82.637619,26.925246],[82.636618,26.925062],[82.63625,26.924784],[82.635529,26.924046],[82.634822,26.92332],[82.634071,26.922792],[82.633085,26.922805],[82.632658,26.923148],[82.631804,26.924349],[82.631495,26.925049],[82.631422,26.925682],[82.631408,26.926026],[82.631392,26.926434],[82.631657,26.927107],[82.631687,26.928018],[82.631451,26.928717],[82.631231,26.929007],[82.631044,26.929195],[82.630406,26.929838],[82.629714,26.930274],[82.628743,26.930643],[82.627595,26.930736],[82.626564,26.930683],[82.625902,26.930366],[82.62546,26.929905],[82.625033,26.929416],[82.624223,26.928651],[82.623399,26.928572],[82.622604,26.92877],[82.621917,26.929188],[82.62178,26.929271],[82.621117,26.930248],[82.620779,26.931607],[82.621029,26.932847],[82.621632,26.933665],[82.622045,26.934272],[82.623958,26.936146],[82.623885,26.935935],[82.624371,26.936449],[82.625283,26.937267],[82.626358,26.937412],[82.627183,26.937373],[82.628051,26.936872],[82.628846,26.936159],[82.629847,26.935446],[82.630379,26.935523],[82.630848,26.935591],[82.631467,26.936093],[82.631982,26.936753],[82.63207,26.937491],[82.631923,26.938112],[82.631584,26.938679],[82.631113,26.939418],[82.631143,26.940276],[82.632026,26.940579],[82.633175,26.940777],[82.63366,26.941265],[82.633646,26.941701],[82.633351,26.942479],[82.632615,26.943033],[82.631379,26.943654],[82.630377,26.944564],[82.62917,26.946966],[82.628935,26.94785],[82.628523,26.949657],[82.628464,26.950779],[82.628567,26.952547],[82.628464,26.953141],[82.627919,26.953655],[82.627345,26.953722],[82.626432,26.953722],[82.625239,26.953695],[82.624415,26.954051],[82.623796,26.954632],[82.623472,26.955516],[82.62331,26.956017],[82.622972,26.957192],[82.623016,26.958155],[82.623193,26.958868],[82.623782,26.959514],[82.624591,26.960016],[82.625445,26.960372],[82.626108,26.960688],[82.627301,26.961018],[82.628052,26.961348],[82.628641,26.961889],[82.628817,26.962707],[82.628714,26.963288],[82.628582,26.963855],[82.628096,26.964739],[82.627831,26.965623],[82.627625,26.966705],[82.627654,26.967576],[82.628184,26.969225],[82.628744,26.970334],[82.629363,26.97131],[82.629657,26.972023],[82.630335,26.972788],[82.631012,26.973553],[82.631837,26.974292],[82.632897,26.974688],[82.633575,26.974873],[82.634488,26.975163],[82.635165,26.975348],[82.636402,26.975743],[82.637374,26.975875],[82.637993,26.9754],[82.63867,26.97474],[82.63973,26.973817],[82.640525,26.973368],[82.641497,26.973236],[82.642352,26.973473],[82.643,26.974186],[82.643559,26.975109],[82.643619,26.976165],[82.643265,26.977379],[82.642735,26.978276],[82.641866,26.978765],[82.640909,26.9792],[82.639495,26.979688],[82.638435,26.980335],[82.638082,26.981193],[82.637949,26.982301],[82.638273,26.983014],[82.63876,26.983607],[82.639732,26.984095],[82.640512,26.984201],[82.642029,26.98424],[82.643723,26.984346],[82.644798,26.984372],[82.645225,26.98451],[82.645515,26.984247],[82.645719,26.983942],[82.64606,26.983759],[82.647015,26.983407],[82.647424,26.983025],[82.647611,26.98272],[82.647986,26.98272],[82.648702,26.982628],[82.649264,26.982445],[82.649827,26.98217],[82.650526,26.981818],[82.65148,26.981177],[82.652315,26.980612],[82.65281,26.980306],[82.653185,26.980367],[82.653594,26.980413],[82.653628,26.980779],[82.654174,26.981436],[82.6546,26.981787],[82.656407,26.983039],[82.657191,26.983757],[82.658163,26.984505],[82.659417,26.985589],[82.65911,26.985612],[82.658036,26.986024],[82.656775,26.986635],[82.656212,26.986681],[82.65553,26.986269],[82.654916,26.985842],[82.654371,26.985674],[82.653859,26.985643],[82.653297,26.985796],[82.652786,26.986422],[82.652735,26.987125],[82.652667,26.988087],[82.652462,26.98879],[82.651627,26.989309],[82.650809,26.989661],[82.64924,26.989966],[82.647962,26.990104],[82.64595,26.990593],[82.645013,26.990379],[82.644212,26.990257],[82.642217,26.989799],[82.640925,26.990323],[82.6415,26.990455],[82.642354,26.990785],[82.643076,26.991181],[82.64343,26.991458],[82.643886,26.992249],[82.643783,26.992738],[82.643474,26.993226],[82.643047,26.993635],[82.642428,26.994031],[82.642075,26.994598],[82.641957,26.9951],[82.641692,26.995812],[82.641383,26.996129],[82.641074,26.996446],[82.64016,26.996842],[82.639011,26.997238],[82.637997,26.997297],[82.637656,26.997317],[82.636797,26.997409],[82.636183,26.997475],[82.634917,26.997766],[82.632943,26.998874],[82.631352,26.999349],[82.630056,26.999297],[82.628907,26.999323],[82.628053,26.998954],[82.627611,26.998584],[82.627565,26.998507],[82.627375,26.998188],[82.627287,26.997766],[82.627169,26.997212],[82.627228,26.996473],[82.627228,26.995602],[82.627169,26.994784],[82.627021,26.994151],[82.626638,26.993623],[82.626049,26.993465],[82.625696,26.993649],[82.62549,26.994283],[82.625342,26.995022],[82.62493,26.995708],[82.624488,26.996209],[82.622868,26.997423],[82.622278,26.998083],[82.621454,26.999217],[82.620666,27.000253],[82.620158,27.001274],[82.61969,27.001852],[82.618954,27.002213],[82.618713,27.002249],[82.618456,27.002213],[82.618083,27.002141],[82.617443,27.001915],[82.616375,27.001409],[82.61571,27.001112],[82.614884,27.000579],[82.614018,27.00043],[82.613604,27.000255],[82.613755,27.000642],[82.613796,27.001102],[82.613892,27.001554],[82.613942,27.001942],[82.613892,27.00224],[82.613725,27.002456],[82.613534,27.002582],[82.613221,27.002691],[82.612959,27.002691],[82.612597,27.002519],[82.612022,27.002217],[82.611614,27.002027],[82.611206,27.002027],[82.610728,27.002478],[82.61039,27.002907],[82.610415,27.003124],[82.610703,27.003273],[82.611111,27.00325],[82.61176,27.00321],[82.612214,27.00325],[82.61231,27.003467],[82.612309,27.003747],[82.611972,27.00409],[82.611327,27.004369],[82.610753,27.004626],[82.610465,27.004992],[82.610294,27.005186],[82.609911,27.005186],[82.609649,27.004992],[82.60967,27.004604],[82.609599,27.003918],[82.609574,27.003616],[82.609337,27.003381],[82.60905,27.003313],[82.608783,27.003313],[82.608592,27.003593],[82.608592,27.004044],[82.608738,27.004495],[82.608662,27.004843],[82.608355,27.004969],[82.607921,27.004861],[82.607367,27.004391],[82.606964,27.003981],[82.606531,27.003917],[82.606264,27.004066],[82.606168,27.00426],[82.605836,27.004906],[82.605211,27.006408],[82.604994,27.006819],[82.604566,27.007098],[82.603986,27.00727],[82.603342,27.007356],[82.602883,27.00731],[82.602334,27.007184],[82.60176,27.007184],[82.601377,27.007292],[82.60121,27.007572],[82.601064,27.007829],[82.600923,27.008149],[82.600586,27.008452],[82.600298,27.008646],[82.599936,27.008645],[82.599628,27.008578],[82.599291,27.008492],[82.598908,27.008537],[82.598716,27.008668],[82.598621,27.008988],[82.598595,27.009309],[82.598449,27.009588],[82.598066,27.009868],[82.597633,27.010021],[82.597467,27.010256],[82.59723,27.010536],[82.596917,27.010707],[82.596676,27.010793],[82.596459,27.010707],[82.596222,27.010387],[82.596101,27.009999],[82.596006,27.009588],[82.595739,27.009461],[82.595477,27.009502],[82.595285,27.00961],[82.595044,27.009913],[82.594928,27.010084],[82.594615,27.010341],[82.594252,27.010707],[82.593728,27.011049],[82.593295,27.011072],[82.592837,27.010923],[82.592454,27.01049],[82.592383,27.010147],[82.592333,27.009849],[82.592096,27.009781],[82.591834,27.009934],[82.591351,27.010061],[82.590897,27.010146],[82.590323,27.01006],[82.589673,27.009952],[82.589194,27.009803],[82.588882,27.009866],[82.588665,27.010019],[82.588544,27.010191],[82.588569,27.010403],[82.589073,27.010922],[82.589506,27.011373],[82.589743,27.011694],[82.589602,27.011974],[82.58936,27.012122],[82.589073,27.012145],[82.588836,27.011933],[82.588715,27.011653],[82.588569,27.011545],[82.588237,27.011567],[82.587899,27.011802],[82.587778,27.012167],[82.587803,27.012663],[82.587752,27.013372],[82.58742,27.013909],[82.58677,27.014617],[82.586074,27.015113],[82.585283,27.01537],[82.584371,27.015519],[82.583645,27.01565],[82.582109,27.015757],[82.581272,27.015843],[82.580577,27.016186],[82.58029,27.01638],[82.580264,27.016592],[82.580526,27.016917],[82.580909,27.017129],[82.581463,27.017323],[82.581584,27.017454],[82.581559,27.017991],[82.581271,27.018614],[82.58114,27.018893],[82.581009,27.019173],[82.580697,27.019475],[82.580384,27.019538],[82.580238,27.019475],[82.579976,27.019304],[82.579568,27.018721],[82.579594,27.018139],[82.579594,27.017688],[82.579403,27.017174],[82.579111,27.016785],[82.578632,27.016334],[82.578224,27.015905],[82.577912,27.01554],[82.577796,27.015025],[82.577701,27.014592],[82.577605,27.013757],[82.577313,27.013603],[82.57686,27.013603],[82.576356,27.013626],[82.575948,27.01386],[82.575827,27.014054],[82.576018,27.014573],[82.576547,27.015065],[82.576572,27.015796],[82.576259,27.016225],[82.575921,27.016486],[82.575206,27.016464],[82.574531,27.016333],[82.574007,27.016292],[82.573599,27.016377],[82.573095,27.016526],[82.572782,27.016526],[82.572591,27.016183],[82.572662,27.01584],[82.573141,27.015429],[82.57362,27.014699],[82.573912,27.01427],[82.573837,27.013905],[82.573524,27.01371],[82.573167,27.013453],[82.572734,27.013065],[82.572185,27.012658],[82.571802,27.012613],[82.571298,27.012721],[82.571056,27.012848],[82.571081,27.013172],[82.571081,27.013475],[82.571489,27.01403],[82.571705,27.014355],[82.571534,27.014612],[82.571317,27.014635],[82.570864,27.01444],[82.570411,27.014291],[82.570118,27.014332],[82.570023,27.014463],[82.570022,27.014891],[82.570213,27.015451],[82.570118,27.015753],[82.56981,27.016028],[82.56921,27.016484],[82.568726,27.01698],[82.56856,27.0173],[82.568509,27.017883],[82.56868,27.018591],[82.569229,27.0193],[82.569491,27.019688],[82.569375,27.019923],[82.569133,27.020076],[82.568679,27.020202],[82.568004,27.020224],[82.567405,27.020224],[82.567047,27.020395],[82.566805,27.02072],[82.566709,27.021149],[82.566689,27.021361],[82.566784,27.021492],[82.567117,27.021469],[82.567742,27.021429],[82.56815,27.021538],[82.568316,27.021835],[82.568291,27.022093],[82.568124,27.022332],[82.567595,27.022697],[82.567116,27.023148],[82.566783,27.023513],[82.566733,27.023748],[82.566854,27.023942],[82.566974,27.024073],[82.567332,27.024285],[82.568148,27.0242],[82.568678,27.024223],[82.569085,27.024458],[82.569418,27.024697],[82.569564,27.025274],[82.569584,27.025793],[82.569417,27.026245],[82.568792,27.026845],[82.568505,27.027169],[82.568338,27.027575],[82.568325,27.02787],[82.568313,27.028157],[82.568338,27.028843],[82.568675,27.029448],[82.568937,27.029728],[82.569224,27.029814],[82.569728,27.02962],[82.570998,27.028718],[82.571502,27.028438],[82.571865,27.028457],[82.572223,27.028845],[82.572197,27.029364],[82.572081,27.030158],[82.57196,27.030889],[82.571672,27.031403],[82.571309,27.03166],[82.57078,27.032048],[82.570447,27.03235],[82.570205,27.03263],[82.57016,27.03295],[82.570159,27.033745],[82.569977,27.034584],[82.56969,27.035184],[82.569428,27.035549],[82.569236,27.035874],[82.569236,27.036411],[82.56916,27.036926],[82.569044,27.037205],[82.568656,27.037399],[82.568202,27.037485],[82.56736,27.037827],[82.566907,27.038215],[82.566211,27.03886],[82.565944,27.039397],[82.565465,27.040065],[82.564915,27.040493],[82.564436,27.04047],[82.564144,27.040172],[82.564144,27.039848],[82.564144,27.039482],[82.564049,27.039139],[82.563717,27.038728],[82.563404,27.038602],[82.562638,27.038453],[82.562109,27.038452],[82.561772,27.038452],[82.561484,27.038515],[82.561242,27.038623],[82.561172,27.038835],[82.561242,27.039269],[82.561745,27.040257],[82.562657,27.041503],[82.56376,27.042943],[82.564817,27.044126],[82.565225,27.044708],[82.565366,27.045371],[82.565487,27.04589],[82.565391,27.046319],[82.56527,27.046468],[82.565128,27.046554],[82.564937,27.046535],[82.564549,27.046468],[82.564,27.046364],[82.563713,27.045975],[82.563592,27.045632],[82.563784,27.045199],[82.563809,27.045005],[82.563638,27.044901],[82.563139,27.044879],[82.562489,27.044901],[82.561818,27.045027],[82.561264,27.045243],[82.561097,27.045415],[82.560951,27.045866],[82.560734,27.046403],[82.560567,27.047071],[82.560375,27.047779],[82.560133,27.048293],[82.559871,27.04851],[82.559533,27.048595],[82.559009,27.048509],[82.558142,27.048378],[82.557281,27.048251],[82.556273,27.048273],[82.555532,27.048399],[82.555048,27.048638],[82.55469,27.048936],[82.554523,27.049193],[82.554402,27.049604],[82.554331,27.050461],[82.554255,27.05126],[82.554235,27.051711],[82.554446,27.051923],[82.554784,27.052031],[82.55553,27.052009],[82.556149,27.052055],[82.556653,27.052272],[82.556704,27.052529],[82.55694,27.052849],[82.557036,27.053066],[82.557232,27.053323],[82.557444,27.053581],[82.557731,27.05373],[82.557948,27.053775],[82.558311,27.053775],[82.558598,27.053689],[82.558815,27.05341],[82.558931,27.053067],[82.559032,27.052742],[82.559198,27.052571],[82.559531,27.052508],[82.559894,27.05253],[82.560206,27.052679],[82.560443,27.052896],[82.560614,27.053194],[82.560564,27.053519],[82.560469,27.053671],[82.560231,27.054056],[82.559726,27.054701],[82.559388,27.055301],[82.558884,27.056162],[82.558692,27.056483],[82.558717,27.056848],[82.558787,27.057299],[82.559291,27.058116],[82.559527,27.058482],[82.55989,27.058933],[82.560152,27.059687],[82.560247,27.060075],[82.560081,27.060481],[82.559818,27.060847],[82.559602,27.061212],[82.559722,27.061921],[82.559863,27.06248],[82.560029,27.062977],[82.560245,27.063234],[82.560608,27.063365],[82.561208,27.063343],[82.561637,27.063257],[82.56207,27.063366],[82.562357,27.063623],[82.562528,27.063989],[82.562765,27.064246],[82.563027,27.064309],[82.563269,27.064269],[82.563607,27.064075],[82.564036,27.063836],[82.564278,27.063687],[82.564635,27.063687],[82.564877,27.063818],[82.565094,27.063773],[82.565311,27.063539],[82.565407,27.063173],[82.565216,27.06274],[82.564928,27.062356],[82.564616,27.061882],[82.564541,27.061517],[82.564521,27.0613],[82.564712,27.061192],[82.56507,27.061192],[82.565599,27.061215],[82.56632,27.061432],[82.566773,27.061797],[82.567156,27.062118],[82.567328,27.062551],[82.567443,27.062957],[82.567519,27.063431],[82.567493,27.063882],[82.567301,27.064334],[82.56711,27.064762],[82.566797,27.065087],[82.566293,27.065624],[82.565738,27.066246],[82.565597,27.066567],[82.565596,27.066932],[82.565425,27.067383],[82.565137,27.06788],[82.564779,27.068182],[82.564517,27.068394],[82.5643,27.068696],[82.564179,27.069084],[82.564083,27.069558],[82.564083,27.070009],[82.564299,27.070266],[82.564587,27.070284],[82.564995,27.070009],[82.565424,27.069558],[82.565832,27.069405],[82.566124,27.069405],[82.56624,27.069644],[82.566099,27.07001],[82.565831,27.070461],[82.565811,27.070696],[82.566144,27.070998],[82.566935,27.071211],[82.567515,27.071468],[82.567585,27.071748],[82.567489,27.072009],[82.567055,27.072461],[82.566602,27.072758],[82.565734,27.073168],[82.565185,27.073448],[82.564438,27.073705],[82.563647,27.07379],[82.562926,27.07379],[82.561898,27.073767],[82.56096,27.073789],[82.560194,27.073874],[82.559639,27.074023],[82.559307,27.074285],[82.559135,27.074691],[82.559039,27.075056],[82.559114,27.075485],[82.559159,27.075832],[82.559542,27.076108],[82.560072,27.076456],[82.560313,27.07665],[82.560742,27.076754],[82.561201,27.076668],[82.561846,27.076285],[82.562376,27.075789],[82.562688,27.075658],[82.563071,27.075812],[82.563333,27.07611],[82.563429,27.076628],[82.563358,27.07736],[82.563166,27.077833],[82.562924,27.078456],[82.562616,27.078907],[82.562132,27.079227],[82.561678,27.079398],[82.56127,27.079615],[82.560932,27.079935],[82.560619,27.0803],[82.560069,27.080837],[82.559565,27.081333],[82.55906,27.082001],[82.563979,27.085239],[82.564215,27.085428],[82.566841,27.087252],[82.56925,27.089149],[82.570046,27.08997],[82.572546,27.090874],[82.573257,27.091898],[82.574073,27.093171],[82.574184,27.093514],[82.574829,27.093726],[82.576416,27.095933],[82.57757,27.09759],[82.578396,27.100081],[82.57837,27.10037],[82.57837,27.100704],[82.578879,27.101476],[82.580649,27.1026],[82.582791,27.103656],[82.584525,27.104925],[82.585352,27.105259],[82.586693,27.105837],[82.587767,27.106198],[82.588569,27.106293],[82.592431,27.106876],[82.595295,27.107333],[82.596737,27.107261],[82.59774,27.107094],[82.598971,27.106765],[82.599702,27.106336],[82.600227,27.105583],[82.60059,27.104852],[82.600948,27.103467],[82.601629,27.102325],[82.602794,27.101531],[82.603999,27.101107],[82.604887,27.100372],[82.605295,27.100128],[82.606505,27.099988],[82.608073,27.099804],[82.609485,27.099438],[82.610287,27.099461],[82.611925,27.09924],[82.613131,27.09924],[82.614361,27.099524],[82.615273,27.099728],[82.615909,27.100116],[82.616169,27.100339],[82.616362,27.100504],[82.617113,27.101618],[82.619302,27.106221],[82.619821,27.106442],[82.621465,27.106564],[82.623648,27.106645],[82.627601,27.106451],[82.629482,27.106709],[82.630763,27.106952],[82.631953,27.106564],[82.633107,27.105675],[82.633969,27.105093],[82.63518,27.104786],[82.636188,27.104786],[82.636697,27.104998],[82.63765,27.105693],[82.63821,27.106726],[82.638916,27.108698],[82.639224,27.110589],[82.639154,27.111784],[82.638998,27.112403],[82.639018,27.11294],[82.639018,27.113987],[82.639159,27.114763],[82.639447,27.115417],[82.639901,27.115841],[82.640622,27.116193],[82.641363,27.116419],[82.641943,27.116464],[82.643189,27.116481],[82.643728,27.116675],[82.644792,27.117321],[82.645443,27.118002],[82.64624,27.119003],[82.647703,27.119906],[82.650567,27.12097],[82.651546,27.121358],[82.652176,27.121439],[82.653169,27.121453],[82.654687,27.121488],[82.655893,27.122021],[82.656347,27.122535],[82.658133,27.124037],[82.658728,27.124231],[82.659358,27.12428],[82.659867,27.124294],[82.660099,27.124168],[82.660407,27.123712],[82.660422,27.122629],[82.66026,27.121433],[82.660335,27.119754],[82.660204,27.118495],[82.659553,27.11693],[82.6593,27.11596],[82.65932,27.115071],[82.659411,27.114795],[82.659587,27.114633]]]]}}]}