{
"type": "FeatureCollection",
"name": "684_Alluri_Sitarama_Raju",
"crs": { "type": "name", "properties": { "name": "urn:ogc:def:crs:OGC:1.3:CRS84" } },
"xy_coordinate_resolution": 1e-05,
"features": [
{ "type": "Feature", "properties": { "OBJECTID": 548, "state_lgd": "28", "state_name": "ANDHRA PRADESH", "district_lgd": "684", "district_name": "Alluri Sitarama Raju", "district_name_source": "district_table", "subdistrict_lgd": "4887", "subdistrict_name": "ADDATEEGALA", "subdistrict_type": "Mandal", "name_corrupted": false, "remarks": "", "label_lon": 82.060517733122424, "label_lat": 17.506524101294577 }, "geometry": { "type": "Polygon", "coordinates": [ [ [ 82.10543, 17.65097 ], [ 82.10709, 17.65125 ], [ 82.11375, 17.65564 ], [ 82.11559, 17.65587 ], [ 82.12659, 17.65373 ], [ 82.13413, 17.64997 ], [ 82.13727, 17.64795 ], [ 82.138, 17.64131 ], [ 82.13767, 17.63538 ], [ 82.14792, 17.62684 ], [ 82.14965, 17.62121 ], [ 82.15128, 17.61874 ], [ 82.16291, 17.6105 ], [ 82.16445, 17.61228 ], [ 82.17554, 17.6097 ], [ 82.17462, 17.60566 ], [ 82.16979, 17.60138 ], [ 82.16758, 17.60088 ], [ 82.16326, 17.59284 ], [ 82.16007, 17.59109 ], [ 82.15681, 17.58409 ], [ 82.15168, 17.58085 ], [ 82.1455, 17.57542 ], [ 82.14142, 17.57654 ], [ 82.13827, 17.56812 ], [ 82.1401, 17.56642 ], [ 82.12572, 17.55493 ], [ 82.122, 17.54629 ], [ 82.12121, 17.54155 ], [ 82.11795, 17.53794 ], [ 82.11863, 17.5373 ], [ 82.12169, 17.53745 ], [ 82.12092, 17.53553 ], [ 82.11274, 17.53032 ], [ 82.10867, 17.52866 ], [ 82.09532, 17.53286 ], [ 82.08944, 17.53643 ], [ 82.08617, 17.53657 ], [ 82.08075, 17.53446 ], [ 82.07793, 17.53512 ], [ 82.07737, 17.52517 ], [ 82.08329, 17.52345 ], [ 82.08818, 17.52493 ], [ 82.09207, 17.52475 ], [ 82.0921, 17.5172 ], [ 82.09417, 17.51511 ], [ 82.09839, 17.51341 ], [ 82.1011, 17.51427 ], [ 82.10132, 17.51589 ], [ 82.10241, 17.51655 ], [ 82.10446, 17.51729 ], [ 82.10632, 17.51696 ], [ 82.11141, 17.51211 ], [ 82.11929, 17.50856 ], [ 82.12414, 17.501 ], [ 82.1224, 17.48973 ], [ 82.12207, 17.47837 ], [ 82.11827, 17.47631 ], [ 82.11893, 17.46925 ], [ 82.12005, 17.46799 ], [ 82.12358, 17.46729 ], [ 82.12383, 17.46647 ], [ 82.12108, 17.44458 ], [ 82.11896, 17.44035 ], [ 82.11278, 17.43674 ], [ 82.10644, 17.43086 ], [ 82.12024, 17.42486 ], [ 82.13684, 17.42867 ], [ 82.1485, 17.43035 ], [ 82.14992, 17.43171 ], [ 82.16023, 17.42929 ], [ 82.16192, 17.4254 ], [ 82.1637, 17.42546 ], [ 82.16462, 17.42462 ], [ 82.16332, 17.4235 ], [ 82.16314, 17.42117 ], [ 82.1598, 17.41565 ], [ 82.15694, 17.40839 ], [ 82.15792, 17.4003 ], [ 82.15537, 17.38912 ], [ 82.15152, 17.37697 ], [ 82.15243, 17.37279 ], [ 82.1496, 17.37193 ], [ 82.15064, 17.37055 ], [ 82.14796, 17.36853 ], [ 82.14066, 17.36874 ], [ 82.13926, 17.36711 ], [ 82.13939, 17.36522 ], [ 82.14274, 17.36318 ], [ 82.14632, 17.36428 ], [ 82.14894, 17.36335 ], [ 82.14749, 17.36253 ], [ 82.14549, 17.35816 ], [ 82.14541, 17.35213 ], [ 82.15341, 17.35094 ], [ 82.15442, 17.35039 ], [ 82.15391, 17.34884 ], [ 82.1434, 17.34274 ], [ 82.14392, 17.34419 ], [ 82.14167, 17.34554 ], [ 82.13728, 17.34298 ], [ 82.13196, 17.34639 ], [ 82.12986, 17.34598 ], [ 82.12849, 17.34658 ], [ 82.12543, 17.34543 ], [ 82.12518, 17.34406 ], [ 82.12268, 17.34133 ], [ 82.12176, 17.33739 ], [ 82.12149, 17.32825 ], [ 82.12214, 17.32234 ], [ 82.11567, 17.32412 ], [ 82.11443, 17.32517 ], [ 82.1144, 17.32685 ], [ 82.10668, 17.32603 ], [ 82.10441, 17.32647 ], [ 82.10116, 17.32515 ], [ 82.10033, 17.32566 ], [ 82.09933, 17.32714 ], [ 82.10824, 17.33687 ], [ 82.10848, 17.33838 ], [ 82.10795, 17.33959 ], [ 82.10609, 17.33988 ], [ 82.10634, 17.34144 ], [ 82.10076, 17.34072 ], [ 82.0938, 17.34171 ], [ 82.09253, 17.3464 ], [ 82.09549, 17.35112 ], [ 82.09512, 17.35487 ], [ 82.09566, 17.3555 ], [ 82.0975, 17.35622 ], [ 82.09948, 17.35591 ], [ 82.10577, 17.35852 ], [ 82.10698, 17.36393 ], [ 82.10989, 17.36452 ], [ 82.11251, 17.36794 ], [ 82.11222, 17.36915 ], [ 82.11342, 17.36965 ], [ 82.11305, 17.37028 ], [ 82.11185, 17.36999 ], [ 82.11138, 17.37165 ], [ 82.11193, 17.37297 ], [ 82.11089, 17.37373 ], [ 82.112, 17.37577 ], [ 82.11545, 17.3786 ], [ 82.1144, 17.37893 ], [ 82.11463, 17.37955 ], [ 82.12152, 17.38049 ], [ 82.11963, 17.38334 ], [ 82.12091, 17.38608 ], [ 82.11757, 17.3853 ], [ 82.11692, 17.38402 ], [ 82.11604, 17.38464 ], [ 82.11683, 17.38617 ], [ 82.11618, 17.38706 ], [ 82.11807, 17.38994 ], [ 82.11665, 17.39152 ], [ 82.11723, 17.3925 ], [ 82.11208, 17.39252 ], [ 82.10864, 17.39127 ], [ 82.10849, 17.3901 ], [ 82.10767, 17.39003 ], [ 82.10755, 17.38742 ], [ 82.10532, 17.38523 ], [ 82.10088, 17.38649 ], [ 82.1005, 17.38894 ], [ 82.09824, 17.38934 ], [ 82.09749, 17.39082 ], [ 82.09803, 17.39162 ], [ 82.10296, 17.39142 ], [ 82.10298, 17.3938 ], [ 82.09952, 17.39411 ], [ 82.09831, 17.39564 ], [ 82.09824, 17.39797 ], [ 82.10097, 17.39822 ], [ 82.10112, 17.39883 ], [ 82.09794, 17.40121 ], [ 82.09409, 17.39986 ], [ 82.0939, 17.39737 ], [ 82.09568, 17.39585 ], [ 82.09556, 17.39474 ], [ 82.09403, 17.39604 ], [ 82.09254, 17.39188 ], [ 82.08676, 17.38856 ], [ 82.08443, 17.39935 ], [ 82.0816, 17.39878 ], [ 82.08113, 17.40131 ], [ 82.08176, 17.40282 ], [ 82.07945, 17.40311 ], [ 82.07841, 17.40134 ], [ 82.07543, 17.40102 ], [ 82.07555, 17.40195 ], [ 82.0746, 17.40207 ], [ 82.07388, 17.39965 ], [ 82.07221, 17.39997 ], [ 82.07191, 17.39869 ], [ 82.0769, 17.39764 ], [ 82.07907, 17.39531 ], [ 82.08122, 17.39628 ], [ 82.08052, 17.39227 ], [ 82.07822, 17.39119 ], [ 82.07799, 17.39189 ], [ 82.07505, 17.3893 ], [ 82.07433, 17.38494 ], [ 82.06994, 17.38489 ], [ 82.06985, 17.38662 ], [ 82.06773, 17.38663 ], [ 82.069, 17.39082 ], [ 82.06794, 17.39065 ], [ 82.06424, 17.38552 ], [ 82.05747, 17.38328 ], [ 82.05448, 17.37605 ], [ 82.05377, 17.37643 ], [ 82.05211, 17.37515 ], [ 82.05314, 17.36907 ], [ 82.05456, 17.36672 ], [ 82.05628, 17.36525 ], [ 82.06025, 17.36552 ], [ 82.06212, 17.36272 ], [ 82.06202, 17.35927 ], [ 82.05992, 17.35773 ], [ 82.05651, 17.35002 ], [ 82.04836, 17.35276 ], [ 82.04755, 17.37399 ], [ 82.04561, 17.37586 ], [ 82.04516, 17.37777 ], [ 82.04672, 17.37881 ], [ 82.04918, 17.37824 ], [ 82.0475, 17.38016 ], [ 82.04385, 17.37943 ], [ 82.0416, 17.38065 ], [ 82.0401, 17.38529 ], [ 82.04018, 17.38891 ], [ 82.03227, 17.39097 ], [ 82.02985, 17.38766 ], [ 82.03196, 17.38248 ], [ 82.0324, 17.37782 ], [ 82.02774, 17.37722 ], [ 82.0281, 17.37551 ], [ 82.02334, 17.37212 ], [ 82.02222, 17.37497 ], [ 82.02073, 17.37544 ], [ 82.01984, 17.38086 ], [ 82.02028, 17.38759 ], [ 82.01931, 17.38784 ], [ 82.02006, 17.3921 ], [ 82.0226, 17.39482 ], [ 82.01979, 17.40433 ], [ 82.018, 17.4037 ], [ 82.00335, 17.40577 ], [ 82.00454, 17.41767 ], [ 82.00266, 17.41924 ], [ 82.00203, 17.41942 ], [ 81.99829, 17.41585 ], [ 81.99351, 17.41771 ], [ 81.98829, 17.41778 ], [ 81.98646, 17.4139 ], [ 81.98686, 17.41113 ], [ 81.98359, 17.41202 ], [ 81.98074, 17.41072 ], [ 81.97804, 17.41258 ], [ 81.97705, 17.40958 ], [ 81.97525, 17.41003 ], [ 81.97294, 17.40857 ], [ 81.97265, 17.40633 ], [ 81.97002, 17.40437 ], [ 81.96682, 17.40656 ], [ 81.96612, 17.41622 ], [ 81.96803, 17.42706 ], [ 81.96754, 17.43404 ], [ 81.96848, 17.43515 ], [ 81.96788, 17.43879 ], [ 81.9692, 17.44197 ], [ 81.96812, 17.44462 ], [ 81.96848, 17.4507 ], [ 81.97132, 17.45858 ], [ 81.97391, 17.47142 ], [ 81.97453, 17.4791 ], [ 81.97276, 17.48586 ], [ 81.97094, 17.48801 ], [ 81.96082, 17.49161 ], [ 81.95903, 17.49438 ], [ 81.95712, 17.49446 ], [ 81.95398, 17.49182 ], [ 81.95101, 17.49275 ], [ 81.95392, 17.50417 ], [ 81.95594, 17.50645 ], [ 81.95199, 17.50884 ], [ 81.95119, 17.51029 ], [ 81.95576, 17.51137 ], [ 81.95641, 17.51258 ], [ 81.95288, 17.51621 ], [ 81.94992, 17.5231 ], [ 81.95025, 17.52455 ], [ 81.95321, 17.52602 ], [ 81.95425, 17.52836 ], [ 81.95201, 17.53522 ], [ 81.94933, 17.53828 ], [ 81.94343, 17.53872 ], [ 81.9421, 17.54388 ], [ 81.94335, 17.54593 ], [ 81.94561, 17.54716 ], [ 81.94698, 17.54488 ], [ 81.95107, 17.54994 ], [ 81.95235, 17.54909 ], [ 81.95542, 17.55327 ], [ 81.96065, 17.5522 ], [ 81.96235, 17.54907 ], [ 81.97166, 17.55567 ], [ 81.97093, 17.56086 ], [ 81.97193, 17.56314 ], [ 81.97708, 17.56233 ], [ 81.97971, 17.56046 ], [ 81.98417, 17.56023 ], [ 81.98917, 17.5673 ], [ 81.99087, 17.57274 ], [ 81.98711, 17.57729 ], [ 81.98669, 17.58066 ], [ 81.98313, 17.57964 ], [ 81.97463, 17.57046 ], [ 81.96862, 17.56636 ], [ 81.96765, 17.56748 ], [ 81.9641, 17.56731 ], [ 81.95905, 17.56343 ], [ 81.95746, 17.56318 ], [ 81.95238, 17.56473 ], [ 81.95596, 17.56932 ], [ 81.96112, 17.574 ], [ 81.97273, 17.58002 ], [ 81.9751, 17.58236 ], [ 81.97576, 17.58549 ], [ 81.9809, 17.58744 ], [ 81.98058, 17.59057 ], [ 81.98341, 17.59301 ], [ 81.98626, 17.59387 ], [ 81.98726, 17.59649 ], [ 81.99149, 17.59838 ], [ 82.00052, 17.59956 ], [ 82.00161, 17.60086 ], [ 82.00241, 17.60409 ], [ 82.00647, 17.60567 ], [ 82.00971, 17.60599 ], [ 82.01323, 17.61326 ], [ 82.01589, 17.61427 ], [ 82.01763, 17.617 ], [ 82.01779, 17.61875 ], [ 82.02068, 17.62057 ], [ 82.02261, 17.62321 ], [ 82.0244, 17.62359 ], [ 82.02277, 17.62828 ], [ 82.02334, 17.63237 ], [ 82.02645, 17.63209 ], [ 82.0284, 17.6335 ], [ 82.03352, 17.63255 ], [ 82.04423, 17.64015 ], [ 82.04675, 17.64014 ], [ 82.05157, 17.64338 ], [ 82.05614, 17.64114 ], [ 82.05709, 17.63863 ], [ 82.05641, 17.63564 ], [ 82.05806, 17.63592 ], [ 82.05838, 17.63793 ], [ 82.06006, 17.63872 ], [ 82.06049, 17.63991 ], [ 82.06198, 17.63991 ], [ 82.06175, 17.64117 ], [ 82.06288, 17.6411 ], [ 82.06335, 17.64244 ], [ 82.06462, 17.64241 ], [ 82.06445, 17.64381 ], [ 82.06641, 17.64456 ], [ 82.06791, 17.64368 ], [ 82.06803, 17.64541 ], [ 82.06917, 17.64485 ], [ 82.07113, 17.64558 ], [ 82.07251, 17.64437 ], [ 82.07425, 17.64514 ], [ 82.07621, 17.64486 ], [ 82.07902, 17.64709 ], [ 82.07905, 17.64928 ], [ 82.08357, 17.65075 ], [ 82.08516, 17.65388 ], [ 82.09096, 17.65706 ], [ 82.09356, 17.65665 ], [ 82.10543, 17.65097 ] ] ] } },
{ "type": "Feature", "properties": { "OBJECTID": 568, "state_lgd": "28", "state_name": "ANDHRA PRADESH", "district_lgd": "684", "district_name": "Alluri Sitarama Raju", "district_name_source": "district_table", "subdistrict_lgd": "4845", "subdistrict_name": "ANANTAGIRI", "subdistrict_type": "Mandal", "name_corrupted": false, "remarks": "", "label_lon": 83.038558335411366, "label_lat": 18.18471796243254 }, "geometry": { "type": "MultiPolygon", "coordinates": [ [ [ [ 83.11513, 18.34891 ], [ 83.12254, 18.35079 ], [ 83.13239, 18.35 ], [ 83.14394, 18.34371 ], [ 83.15112, 18.34112 ], [ 83.14923, 18.33573 ], [ 83.14839, 18.32738 ], [ 83.1513, 18.32515 ], [ 83.15413, 18.32742 ], [ 83.15749, 18.3264 ], [ 83.15791, 18.32947 ], [ 83.16136, 18.32875 ], [ 83.16212, 18.32795 ], [ 83.15904, 18.32422 ], [ 83.15899, 18.32307 ], [ 83.16574, 18.31712 ], [ 83.16512, 18.31421 ], [ 83.16793, 18.3136 ], [ 83.1742, 18.31475 ], [ 83.17673, 18.32095 ], [ 83.17823, 18.32208 ], [ 83.18425, 18.32382 ], [ 83.18951, 18.32816 ], [ 83.19053, 18.32994 ], [ 83.19551, 18.33058 ], [ 83.19937, 18.3324 ], [ 83.21251, 18.33519 ], [ 83.21607, 18.33519 ], [ 83.21865, 18.33412 ], [ 83.22078, 18.33159 ], [ 83.21858, 18.32169 ], [ 83.21426, 18.31742 ], [ 83.21018, 18.30844 ], [ 83.21093, 18.30419 ], [ 83.2102, 18.30088 ], [ 83.21138, 18.2911 ], [ 83.21043, 18.28632 ], [ 83.21268, 18.28537 ], [ 83.2191, 18.28588 ], [ 83.22144, 18.2829 ], [ 83.22522, 18.28175 ], [ 83.22736, 18.28316 ], [ 83.22826, 18.28821 ], [ 83.22947, 18.28854 ], [ 83.24936, 18.27762 ], [ 83.24933, 18.27956 ], [ 83.2588, 18.27667 ], [ 83.26135, 18.27258 ], [ 83.25797, 18.25091 ], [ 83.26067, 18.23743 ], [ 83.26357, 18.23501 ], [ 83.2647, 18.23107 ], [ 83.26482, 18.22116 ], [ 83.26687, 18.21655 ], [ 83.26554, 18.21548 ], [ 83.26404, 18.2163 ], [ 83.26423, 18.21727 ], [ 83.25998, 18.21821 ], [ 83.25298, 18.22755 ], [ 83.25052, 18.22628 ], [ 83.2486, 18.22901 ], [ 83.24781, 18.2286 ], [ 83.24633, 18.23019 ], [ 83.24241, 18.22956 ], [ 83.23768, 18.23092 ], [ 83.23443, 18.2373 ], [ 83.23237, 18.23747 ], [ 83.23308, 18.233 ], [ 83.23259, 18.22364 ], [ 83.24058, 18.22247 ], [ 83.24145, 18.20265 ], [ 83.22846, 18.20531 ], [ 83.22698, 18.20696 ], [ 83.22622, 18.20973 ], [ 83.22709, 18.21372 ], [ 83.22569, 18.21496 ], [ 83.2267, 18.21847 ], [ 83.22168, 18.22319 ], [ 83.21895, 18.22468 ], [ 83.21809, 18.22414 ], [ 83.2187, 18.22132 ], [ 83.22159, 18.21592 ], [ 83.21632, 18.20642 ], [ 83.21515, 18.20369 ], [ 83.2151, 18.20131 ], [ 83.22535, 18.19685 ], [ 83.22525, 18.19423 ], [ 83.22423, 18.19156 ], [ 83.2213, 18.18925 ], [ 83.21642, 18.18857 ], [ 83.20869, 18.18931 ], [ 83.20851, 18.19093 ], [ 83.19565, 18.19945 ], [ 83.19028, 18.19739 ], [ 83.18926, 18.19831 ], [ 83.18408, 18.20703 ], [ 83.18362, 18.2113 ], [ 83.1808, 18.21615 ], [ 83.18065, 18.21906 ], [ 83.18416, 18.22271 ], [ 83.18393, 18.22342 ], [ 83.17976, 18.22317 ], [ 83.17753, 18.22395 ], [ 83.17513, 18.22658 ], [ 83.17422, 18.22882 ], [ 83.17121, 18.22464 ], [ 83.17152, 18.22152 ], [ 83.16882, 18.22191 ], [ 83.16742, 18.2164 ], [ 83.16793, 18.2111 ], [ 83.16338, 18.20947 ], [ 83.15615, 18.20908 ], [ 83.15631, 18.20519 ], [ 83.15776, 18.20034 ], [ 83.15499, 18.1994 ], [ 83.15188, 18.20031 ], [ 83.14822, 18.19682 ], [ 83.14634, 18.19731 ], [ 83.14446, 18.20037 ], [ 83.1436, 18.19999 ], [ 83.14562, 18.19211 ], [ 83.14685, 18.19167 ], [ 83.1498, 18.19303 ], [ 83.15153, 18.19278 ], [ 83.15276, 18.19081 ], [ 83.14727, 18.18577 ], [ 83.14412, 18.18703 ], [ 83.14118, 18.18703 ], [ 83.13648, 18.1851 ], [ 83.13332, 18.18126 ], [ 83.13256, 18.17605 ], [ 83.1292, 18.17864 ], [ 83.1233, 18.18049 ], [ 83.11745, 18.18692 ], [ 83.11391, 18.1885 ], [ 83.10434, 18.18887 ], [ 83.10774, 18.18112 ], [ 83.11279, 18.17892 ], [ 83.11806, 18.17005 ], [ 83.11772, 18.16861 ], [ 83.11344, 18.16434 ], [ 83.10956, 18.16281 ], [ 83.10845, 18.16165 ], [ 83.10731, 18.15846 ], [ 83.11066, 18.1586 ], [ 83.11412, 18.15699 ], [ 83.11744, 18.15649 ], [ 83.11826, 18.15447 ], [ 83.11565, 18.15298 ], [ 83.11487, 18.15018 ], [ 83.11243, 18.1467 ], [ 83.11135, 18.13901 ], [ 83.10355, 18.14192 ], [ 83.10197, 18.13463 ], [ 83.11404, 18.12561 ], [ 83.12072, 18.12234 ], [ 83.1218, 18.12128 ], [ 83.12236, 18.11536 ], [ 83.11764, 18.11453 ], [ 83.11544, 18.11183 ], [ 83.10649, 18.11047 ], [ 83.10486, 18.11139 ], [ 83.10465, 18.1099 ], [ 83.1078, 18.10914 ], [ 83.11846, 18.11036 ], [ 83.12134, 18.10953 ], [ 83.12525, 18.1102 ], [ 83.12869, 18.1089 ], [ 83.12936, 18.10517 ], [ 83.12707, 18.09837 ], [ 83.12514, 18.09838 ], [ 83.12325, 18.09685 ], [ 83.11433, 18.0974 ], [ 83.10754, 18.09607 ], [ 83.09959, 18.09033 ], [ 83.07428, 18.08568 ], [ 83.06861, 18.07343 ], [ 83.06352, 18.07259 ], [ 83.05925, 18.07355 ], [ 83.05097, 18.07181 ], [ 83.04665, 18.07222 ], [ 83.04485, 18.07746 ], [ 83.04408, 18.07788 ], [ 83.03763, 18.0788 ], [ 83.03077, 18.07787 ], [ 83.02644, 18.08001 ], [ 83.02557, 18.08258 ], [ 83.03259, 18.08825 ], [ 83.0283, 18.094 ], [ 83.02746, 18.08869 ], [ 83.02577, 18.08441 ], [ 83.02522, 18.08522 ], [ 83.02562, 18.09068 ], [ 83.02491, 18.09195 ], [ 83.01244, 18.08235 ], [ 83.0024, 18.07292 ], [ 83.00528, 18.05872 ], [ 83.00546, 18.05455 ], [ 83.00247, 18.05198 ], [ 82.99681, 18.05267 ], [ 82.99588, 18.05218 ], [ 82.99476, 18.04818 ], [ 82.9898, 18.04425 ], [ 82.98963, 18.04196 ], [ 82.98443, 18.03443 ], [ 82.98359, 18.03122 ], [ 82.98137, 18.03081 ], [ 82.97866, 18.02818 ], [ 82.97678, 18.02198 ], [ 82.97862, 18.01633 ], [ 82.98086, 18.01547 ], [ 82.9791, 18.01477 ], [ 82.97708, 18.01525 ], [ 82.9738, 18.01229 ], [ 82.97018, 18.01166 ], [ 82.9654, 18.00749 ], [ 82.95995, 18.00866 ], [ 82.95153, 17.99653 ], [ 82.9499, 17.99195 ], [ 82.94417, 17.98804 ], [ 82.94205, 17.98872 ], [ 82.93553, 17.99443 ], [ 82.93742, 18.00321 ], [ 82.94006, 18.00769 ], [ 82.93802, 18.00775 ], [ 82.93435, 18.0102 ], [ 82.92894, 18.00879 ], [ 82.92815, 18.00935 ], [ 82.92844, 18.01418 ], [ 82.92527, 18.01299 ], [ 82.91832, 18.01349 ], [ 82.91752, 18.01165 ], [ 82.91442, 18.00987 ], [ 82.91378, 18.01013 ], [ 82.91368, 18.01317 ], [ 82.90286, 18.01128 ], [ 82.89861, 18.01151 ], [ 82.89246, 18.01018 ], [ 82.88695, 18.01 ], [ 82.8859, 18.01784 ], [ 82.88915, 18.02081 ], [ 82.8902, 18.02383 ], [ 82.88905, 18.02501 ], [ 82.88623, 18.02572 ], [ 82.88783, 18.02784 ], [ 82.88775, 18.02896 ], [ 82.8843, 18.03414 ], [ 82.88132, 18.0332 ], [ 82.88034, 18.03384 ], [ 82.88113, 18.03614 ], [ 82.8802, 18.03868 ], [ 82.8808, 18.04216 ], [ 82.87978, 18.04228 ], [ 82.8795, 18.04592 ], [ 82.87709, 18.05115 ], [ 82.87729, 18.05642 ], [ 82.87515, 18.05543 ], [ 82.86496, 18.0582 ], [ 82.84596, 18.05545 ], [ 82.83615, 18.05521 ], [ 82.83428, 18.06052 ], [ 82.83567, 18.06741 ], [ 82.83301, 18.07181 ], [ 82.83341, 18.07425 ], [ 82.83236, 18.07759 ], [ 82.83289, 18.07948 ], [ 82.83722, 18.07836 ], [ 82.84049, 18.0785 ], [ 82.85462, 18.08386 ], [ 82.86255, 18.09488 ], [ 82.8626, 18.09891 ], [ 82.87003, 18.10422 ], [ 82.86768, 18.10991 ], [ 82.86488, 18.11397 ], [ 82.86093, 18.11678 ], [ 82.8593, 18.11992 ], [ 82.86372, 18.12705 ], [ 82.8653, 18.13491 ], [ 82.86514, 18.13979 ], [ 82.86615, 18.1416 ], [ 82.86728, 18.14212 ], [ 82.87234, 18.1415 ], [ 82.88333, 18.14395 ], [ 82.89102, 18.14193 ], [ 82.89597, 18.14209 ], [ 82.90451, 18.14381 ], [ 82.91348, 18.14272 ], [ 82.91447, 18.14335 ], [ 82.92331, 18.15908 ], [ 82.92434, 18.16261 ], [ 82.9229, 18.16208 ], [ 82.91798, 18.16288 ], [ 82.90568, 18.16103 ], [ 82.90187, 18.16007 ], [ 82.8997, 18.15855 ], [ 82.89438, 18.1585 ], [ 82.89298, 18.15697 ], [ 82.88596, 18.15743 ], [ 82.87875, 18.15541 ], [ 82.87807, 18.15637 ], [ 82.87799, 18.16397 ], [ 82.88008, 18.16804 ], [ 82.87855, 18.17292 ], [ 82.87331, 18.17844 ], [ 82.86895, 18.18138 ], [ 82.8685, 18.18452 ], [ 82.86971, 18.19109 ], [ 82.87343, 18.19557 ], [ 82.87219, 18.19796 ], [ 82.87001, 18.19986 ], [ 82.86771, 18.19897 ], [ 82.86688, 18.20136 ], [ 82.85793, 18.20658 ], [ 82.8565, 18.21386 ], [ 82.85129, 18.21707 ], [ 82.84953, 18.21956 ], [ 82.84661, 18.22067 ], [ 82.84611, 18.22526 ], [ 82.84799, 18.22794 ], [ 82.8505, 18.22844 ], [ 82.85563, 18.22582 ], [ 82.85897, 18.22191 ], [ 82.86279, 18.21903 ], [ 82.85937, 18.21836 ], [ 82.86183, 18.21215 ], [ 82.86486, 18.21507 ], [ 82.86774, 18.21414 ], [ 82.87049, 18.2147 ], [ 82.87594, 18.21901 ], [ 82.88073, 18.22024 ], [ 82.90046, 18.21588 ], [ 82.88852, 18.19999 ], [ 82.88352, 18.20117 ], [ 82.88119, 18.19968 ], [ 82.88147, 18.19811 ], [ 82.88302, 18.19729 ], [ 82.88699, 18.19622 ], [ 82.88929, 18.1965 ], [ 82.89019, 18.18856 ], [ 82.88963, 18.18633 ], [ 82.89314, 18.18392 ], [ 82.89762, 18.18505 ], [ 82.90092, 18.1839 ], [ 82.90837, 18.18451 ], [ 82.90972, 18.1853 ], [ 82.91286, 18.18506 ], [ 82.91566, 18.17963 ], [ 82.91865, 18.17719 ], [ 82.91873, 18.17613 ], [ 82.92333, 18.17763 ], [ 82.93014, 18.1764 ], [ 82.93076, 18.17696 ], [ 82.92883, 18.17848 ], [ 82.93132, 18.18283 ], [ 82.92987, 18.18777 ], [ 82.93228, 18.18998 ], [ 82.93597, 18.19007 ], [ 82.93748, 18.18931 ], [ 82.93807, 18.19039 ], [ 82.94076, 18.18857 ], [ 82.94374, 18.18823 ], [ 82.94931, 18.1861 ], [ 82.94994, 18.18662 ], [ 82.95089, 18.18601 ], [ 82.95167, 18.1823 ], [ 82.95293, 18.18151 ], [ 82.95401, 18.18346 ], [ 82.959, 18.18721 ], [ 82.95026, 18.19139 ], [ 82.94376, 18.19155 ], [ 82.93836, 18.19861 ], [ 82.93341, 18.20155 ], [ 82.93423, 18.20597 ], [ 82.93596, 18.20977 ], [ 82.93651, 18.21396 ], [ 82.93543, 18.21662 ], [ 82.93692, 18.22305 ], [ 82.93498, 18.22758 ], [ 82.93281, 18.2296 ], [ 82.93249, 18.23307 ], [ 82.93898, 18.23729 ], [ 82.94473, 18.23983 ], [ 82.94896, 18.2459 ], [ 82.95437, 18.24566 ], [ 82.95593, 18.2477 ], [ 82.95473, 18.25141 ], [ 82.96348, 18.25742 ], [ 82.96872, 18.26339 ], [ 82.97261, 18.26425 ], [ 82.97486, 18.26916 ], [ 82.9773, 18.26925 ], [ 82.9803, 18.26704 ], [ 82.98215, 18.27193 ], [ 82.99598, 18.27582 ], [ 82.99538, 18.27993 ], [ 82.9977, 18.28256 ], [ 83.00861, 18.28423 ], [ 83.00637, 18.28486 ], [ 83.00578, 18.28591 ], [ 83.00643, 18.28994 ], [ 83.00451, 18.29224 ], [ 83.00544, 18.29444 ], [ 83.00564, 18.29892 ], [ 83.00392, 18.30267 ], [ 83.00255, 18.30327 ], [ 83.0036, 18.30619 ], [ 83.00161, 18.31101 ], [ 83.00797, 18.31425 ], [ 83.02531, 18.32016 ], [ 83.03185, 18.3174 ], [ 83.03292, 18.31464 ], [ 83.03647, 18.31185 ], [ 83.03878, 18.31109 ], [ 83.03962, 18.30825 ], [ 83.04251, 18.30845 ], [ 83.04588, 18.30614 ], [ 83.04833, 18.30223 ], [ 83.04963, 18.30115 ], [ 83.05052, 18.30196 ], [ 83.05018, 18.30145 ], [ 83.05166, 18.30073 ], [ 83.05137, 18.29951 ], [ 83.0554, 18.29513 ], [ 83.06579, 18.28993 ], [ 83.07219, 18.29122 ], [ 83.07731, 18.29784 ], [ 83.08172, 18.29832 ], [ 83.08708, 18.30186 ], [ 83.08517, 18.30272 ], [ 83.08729, 18.3119 ], [ 83.08496, 18.31582 ], [ 83.08181, 18.3152 ], [ 83.07856, 18.32212 ], [ 83.07491, 18.33341 ], [ 83.0752, 18.34155 ], [ 83.07756, 18.3419 ], [ 83.08465, 18.33961 ], [ 83.07915, 18.34671 ], [ 83.088, 18.34474 ], [ 83.09172, 18.34264 ], [ 83.09386, 18.35311 ], [ 83.10453, 18.35758 ], [ 83.10576, 18.35401 ], [ 83.11054, 18.35294 ], [ 83.10974, 18.35038 ], [ 83.11145, 18.3489 ], [ 83.11513, 18.34891 ] ], [ [ 83.06374, 18.16373 ], [ 83.06242, 18.16328 ], [ 83.05672, 18.15603 ], [ 83.05612, 18.15312 ], [ 83.05147, 18.14925 ], [ 83.05125, 18.14682 ], [ 83.05494, 18.14641 ], [ 83.06453, 18.14947 ], [ 83.06644, 18.15271 ], [ 83.06691, 18.1599 ], [ 83.06374, 18.16373 ] ], [ [ 83.08209, 18.17466 ], [ 83.07661, 18.16757 ], [ 83.08213, 18.15977 ], [ 83.09606, 18.16587 ], [ 83.09461, 18.16999 ], [ 83.09532, 18.17347 ], [ 83.09442, 18.17423 ], [ 83.09075, 18.17376 ], [ 83.08419, 18.17491 ], [ 83.08209, 18.17466 ] ] ], [ [ [ 82.99206, 18.29369 ], [ 83.00229, 18.29294 ], [ 83.00195, 18.28877 ], [ 82.99817, 18.28893 ], [ 82.99508, 18.28736 ], [ 82.98996, 18.29021 ], [ 82.99206, 18.29369 ] ] ] ] } },
{ "type": "Feature", "properties": { "OBJECTID": 574, "state_lgd": "28", "state_name": "ANDHRA PRADESH", "district_lgd": "684", "district_name": "Alluri Sitarama Raju", "district_name_source": "district_table", "subdistrict_lgd": "4844", "subdistrict_name": "ARAKU VALLEY", "subdistrict_type": "Mandal", "name_corrupted": false, "remarks": "", "label_lon": 82.943692379235998, "label_lat": 18.313375560420869 }, "geometry": { "type": "Polygon", "coordinates": [ [ [ 83.10368, 18.41314 ], [ 83.09552, 18.39399 ], [ 83.09328, 18.39103 ], [ 83.09086, 18.39002 ], [ 83.07984, 18.37864 ], [ 83.07551, 18.37204 ], [ 83.07438, 18.36832 ], [ 83.07402, 18.36311 ], [ 83.07706, 18.3583 ], [ 83.07812, 18.3541 ], [ 83.07874, 18.35392 ], [ 83.07745, 18.35206 ], [ 83.0788, 18.34739 ], [ 83.08465, 18.33961 ], [ 83.07756, 18.3419 ], [ 83.0752, 18.34155 ], [ 83.07491, 18.33341 ], [ 83.07856, 18.32212 ], [ 83.08181, 18.3152 ], [ 83.08496, 18.31582 ], [ 83.08707, 18.31255 ], [ 83.08517, 18.30272 ], [ 83.08708, 18.30186 ], [ 83.08672, 18.30123 ], [ 83.08172, 18.29832 ], [ 83.07731, 18.29784 ], [ 83.07219, 18.29122 ], [ 83.06579, 18.28993 ], [ 83.05428, 18.29597 ], [ 83.05137, 18.29951 ], [ 83.05166, 18.30073 ], [ 83.05018, 18.30145 ], [ 83.05052, 18.30196 ], [ 83.04963, 18.30115 ], [ 83.04833, 18.30223 ], [ 83.04634, 18.30576 ], [ 83.04251, 18.30845 ], [ 83.03962, 18.30825 ], [ 83.03878, 18.31109 ], [ 83.03647, 18.31185 ], [ 83.03292, 18.31464 ], [ 83.03185, 18.3174 ], [ 83.02648, 18.31973 ], [ 83.02468, 18.32024 ], [ 83.00633, 18.31349 ], [ 83.00161, 18.31101 ], [ 83.0036, 18.30619 ], [ 83.00255, 18.30327 ], [ 83.00392, 18.30267 ], [ 83.00564, 18.29892 ], [ 83.00544, 18.29444 ], [ 83.00451, 18.29224 ], [ 83.00643, 18.28994 ], [ 83.00578, 18.28591 ], [ 83.00637, 18.28486 ], [ 83.00861, 18.28423 ], [ 82.9977, 18.28256 ], [ 82.99538, 18.27993 ], [ 82.99598, 18.27582 ], [ 82.98215, 18.27193 ], [ 82.9803, 18.26704 ], [ 82.9773, 18.26925 ], [ 82.97486, 18.26916 ], [ 82.97261, 18.26425 ], [ 82.96872, 18.26339 ], [ 82.96348, 18.25742 ], [ 82.95473, 18.25141 ], [ 82.95593, 18.2477 ], [ 82.95489, 18.24612 ], [ 82.95179, 18.24531 ], [ 82.94896, 18.2459 ], [ 82.94473, 18.23983 ], [ 82.93898, 18.23729 ], [ 82.93216, 18.23283 ], [ 82.9225, 18.22278 ], [ 82.92025, 18.22328 ], [ 82.91865, 18.22484 ], [ 82.90503, 18.22013 ], [ 82.90046, 18.21588 ], [ 82.88344, 18.22005 ], [ 82.87908, 18.22007 ], [ 82.87546, 18.21874 ], [ 82.87049, 18.2147 ], [ 82.86774, 18.21414 ], [ 82.86486, 18.21507 ], [ 82.86183, 18.21215 ], [ 82.85937, 18.21836 ], [ 82.86279, 18.21903 ], [ 82.85897, 18.22191 ], [ 82.85563, 18.22582 ], [ 82.8581, 18.22512 ], [ 82.86396, 18.22789 ], [ 82.86753, 18.2314 ], [ 82.86205, 18.23556 ], [ 82.86153, 18.23778 ], [ 82.86483, 18.24302 ], [ 82.86518, 18.24521 ], [ 82.86714, 18.24456 ], [ 82.86715, 18.24575 ], [ 82.87243, 18.24668 ], [ 82.87424, 18.24883 ], [ 82.87842, 18.24676 ], [ 82.88144, 18.24815 ], [ 82.88189, 18.24941 ], [ 82.88009, 18.25298 ], [ 82.88036, 18.25745 ], [ 82.88143, 18.25786 ], [ 82.87966, 18.25866 ], [ 82.87666, 18.25749 ], [ 82.87387, 18.2598 ], [ 82.87169, 18.25825 ], [ 82.86466, 18.25686 ], [ 82.86185, 18.25435 ], [ 82.85917, 18.25546 ], [ 82.85773, 18.25713 ], [ 82.85184, 18.25839 ], [ 82.85012, 18.25772 ], [ 82.84908, 18.25511 ], [ 82.83922, 18.25079 ], [ 82.83749, 18.25174 ], [ 82.83585, 18.25506 ], [ 82.82838, 18.25893 ], [ 82.82262, 18.25666 ], [ 82.81307, 18.25523 ], [ 82.8116, 18.25857 ], [ 82.80837, 18.25757 ], [ 82.80837, 18.25939 ], [ 82.81161, 18.2626 ], [ 82.81672, 18.26281 ], [ 82.82055, 18.26562 ], [ 82.82011, 18.26711 ], [ 82.81781, 18.26786 ], [ 82.81873, 18.27218 ], [ 82.81173, 18.27269 ], [ 82.80808, 18.27648 ], [ 82.8087, 18.27815 ], [ 82.81176, 18.27884 ], [ 82.81138, 18.2803 ], [ 82.80556, 18.28074 ], [ 82.8042, 18.28362 ], [ 82.79681, 18.28338 ], [ 82.79415, 18.28677 ], [ 82.79773, 18.2886 ], [ 82.79892, 18.29039 ], [ 82.79537, 18.29254 ], [ 82.79995, 18.29536 ], [ 82.80205, 18.29465 ], [ 82.80078, 18.29368 ], [ 82.80147, 18.29294 ], [ 82.80271, 18.29363 ], [ 82.80337, 18.29229 ], [ 82.8027, 18.29158 ], [ 82.80366, 18.291 ], [ 82.80634, 18.292 ], [ 82.80644, 18.29268 ], [ 82.80792, 18.29231 ], [ 82.80863, 18.28884 ], [ 82.81173, 18.28806 ], [ 82.81202, 18.2852 ], [ 82.81361, 18.28406 ], [ 82.81502, 18.2854 ], [ 82.81408, 18.2888 ], [ 82.81174, 18.29278 ], [ 82.80814, 18.2954 ], [ 82.81204, 18.296 ], [ 82.81148, 18.29827 ], [ 82.81247, 18.29911 ], [ 82.81384, 18.29792 ], [ 82.81516, 18.30006 ], [ 82.81524, 18.30427 ], [ 82.81345, 18.30577 ], [ 82.81324, 18.30528 ], [ 82.8093, 18.30653 ], [ 82.80941, 18.30879 ], [ 82.81279, 18.31406 ], [ 82.81202, 18.31536 ], [ 82.80942, 18.31607 ], [ 82.81103, 18.31678 ], [ 82.81093, 18.31769 ], [ 82.81511, 18.32138 ], [ 82.8204, 18.32044 ], [ 82.82207, 18.31944 ], [ 82.8222, 18.32026 ], [ 82.82395, 18.3203 ], [ 82.82654, 18.31762 ], [ 82.82679, 18.31487 ], [ 82.82927, 18.31423 ], [ 82.83122, 18.31467 ], [ 82.83251, 18.31596 ], [ 82.83554, 18.31572 ], [ 82.83516, 18.31725 ], [ 82.83764, 18.31708 ], [ 82.83929, 18.31821 ], [ 82.83812, 18.3212 ], [ 82.84041, 18.32202 ], [ 82.84109, 18.32342 ], [ 82.84277, 18.32361 ], [ 82.84269, 18.32462 ], [ 82.84418, 18.32525 ], [ 82.84968, 18.32399 ], [ 82.84955, 18.33833 ], [ 82.85954, 18.33867 ], [ 82.8601, 18.34087 ], [ 82.86379, 18.34564 ], [ 82.86988, 18.34998 ], [ 82.87064, 18.35154 ], [ 82.87089, 18.35471 ], [ 82.86974, 18.35627 ], [ 82.86923, 18.36062 ], [ 82.87299, 18.36643 ], [ 82.87567, 18.36688 ], [ 82.87739, 18.37314 ], [ 82.87736, 18.3786 ], [ 82.87912, 18.38141 ], [ 82.87852, 18.38305 ], [ 82.882, 18.38929 ], [ 82.88318, 18.38947 ], [ 82.883, 18.39578 ], [ 82.88483, 18.3996 ], [ 82.89579, 18.3986 ], [ 82.89318, 18.39323 ], [ 82.89072, 18.3905 ], [ 82.89075, 18.38956 ], [ 82.89341, 18.38701 ], [ 82.89419, 18.38157 ], [ 82.90192, 18.37407 ], [ 82.91088, 18.37295 ], [ 82.91308, 18.36848 ], [ 82.91786, 18.37528 ], [ 82.9222, 18.37542 ], [ 82.92603, 18.36814 ], [ 82.93973, 18.36082 ], [ 82.94738, 18.36036 ], [ 82.95373, 18.36157 ], [ 82.95604, 18.36423 ], [ 82.96011, 18.36641 ], [ 82.96699, 18.35893 ], [ 82.97642, 18.36257 ], [ 82.98318, 18.36644 ], [ 82.98219, 18.36812 ], [ 82.98463, 18.3736 ], [ 82.98811, 18.37767 ], [ 82.98728, 18.37884 ], [ 82.989, 18.37895 ], [ 82.99027, 18.3806 ], [ 82.99208, 18.37856 ], [ 82.99536, 18.38178 ], [ 82.99604, 18.38503 ], [ 82.99683, 18.38552 ], [ 82.99817, 18.38593 ], [ 83.00124, 18.38315 ], [ 83.00528, 18.38276 ], [ 83.01033, 18.38604 ], [ 83.01067, 18.38773 ], [ 83.01179, 18.38865 ], [ 83.01598, 18.38705 ], [ 83.02192, 18.3917 ], [ 83.02579, 18.38693 ], [ 83.02951, 18.38609 ], [ 83.03222, 18.38349 ], [ 83.03923, 18.38345 ], [ 83.04308, 18.37937 ], [ 83.04581, 18.3792 ], [ 83.04886, 18.38036 ], [ 83.05449, 18.37999 ], [ 83.06122, 18.38626 ], [ 83.06206, 18.38895 ], [ 83.07705, 18.40365 ], [ 83.07898, 18.40393 ], [ 83.08431, 18.40682 ], [ 83.08616, 18.40951 ], [ 83.08659, 18.41219 ], [ 83.09428, 18.4123 ], [ 83.1, 18.41356 ], [ 83.10368, 18.41314 ] ], [ [ 82.85779, 18.27051 ], [ 82.85583, 18.27051 ], [ 82.85522, 18.26818 ], [ 82.85163, 18.26833 ], [ 82.84851, 18.26509 ], [ 82.85496, 18.26081 ], [ 82.85896, 18.26225 ], [ 82.86145, 18.2623 ], [ 82.86317, 18.26359 ], [ 82.86316, 18.26782 ], [ 82.85779, 18.27051 ] ], [ [ 82.98996, 18.29021 ], [ 82.99508, 18.28736 ], [ 82.99817, 18.28893 ], [ 83.00195, 18.28877 ], [ 83.00229, 18.29294 ], [ 82.99206, 18.29369 ], [ 82.98996, 18.29021 ] ] ] } },
{ "type": "Feature", "properties": { "OBJECTID": 650, "state_lgd": "28", "state_name": "ANDHRA PRADESH", "district_lgd": "684", "district_name": "Alluri Sitarama Raju", "district_name_source": "district_table", "subdistrict_lgd": "4849", "subdistrict_name": "CHINTAPALLI", "subdistrict_type": "Mandal", "name_corrupted": false, "remarks": "", "label_lon": 82.437952875886594, "label_lat": 17.894906862957395 }, "geometry": { "type": "Polygon", "coordinates": [ [ [ 82.41554, 18.07441 ], [ 82.42212, 18.07426 ], [ 82.42665, 18.07068 ], [ 82.43033, 18.07084 ], [ 82.43246, 18.07244 ], [ 82.43318, 18.07166 ], [ 82.43243, 18.0688 ], [ 82.43399, 18.06691 ], [ 82.44, 18.06827 ], [ 82.44231, 18.06595 ], [ 82.44732, 18.06589 ], [ 82.44816, 18.06526 ], [ 82.44725, 18.06211 ], [ 82.44805, 18.05954 ], [ 82.44466, 18.0551 ], [ 82.44016, 18.05385 ], [ 82.43955, 18.04977 ], [ 82.44212, 18.04411 ], [ 82.44724, 18.04407 ], [ 82.44945, 18.0421 ], [ 82.44889, 18.04078 ], [ 82.45076, 18.03819 ], [ 82.44659, 18.03765 ], [ 82.44654, 18.03707 ], [ 82.45227, 18.03435 ], [ 82.45569, 18.03154 ], [ 82.45137, 18.02389 ], [ 82.4492, 18.01359 ], [ 82.44791, 18.01218 ], [ 82.43973, 18.00824 ], [ 82.43661, 18.00891 ], [ 82.43374, 18.00728 ], [ 82.42888, 18.01041 ], [ 82.42762, 18.00854 ], [ 82.42739, 18.00612 ], [ 82.42875, 18.00391 ], [ 82.42852, 18.00093 ], [ 82.43028, 17.99999 ], [ 82.43151, 17.9977 ], [ 82.43018, 17.99039 ], [ 82.42868, 17.98873 ], [ 82.42814, 17.98635 ], [ 82.43191, 17.98073 ], [ 82.43086, 17.97529 ], [ 82.43434, 17.97326 ], [ 82.43789, 17.97236 ], [ 82.44078, 17.97604 ], [ 82.44291, 17.97339 ], [ 82.44304, 17.96939 ], [ 82.44136, 17.96551 ], [ 82.43763, 17.96056 ], [ 82.43381, 17.95695 ], [ 82.43105, 17.95544 ], [ 82.43217, 17.9534 ], [ 82.43527, 17.95089 ], [ 82.43707, 17.95102 ], [ 82.43834, 17.95008 ], [ 82.44033, 17.94675 ], [ 82.44395, 17.9476 ], [ 82.44422, 17.94694 ], [ 82.44583, 17.94708 ], [ 82.4462, 17.94589 ], [ 82.44903, 17.94459 ], [ 82.44777, 17.93781 ], [ 82.44279, 17.9363 ], [ 82.43813, 17.93276 ], [ 82.43166, 17.93118 ], [ 82.42941, 17.92964 ], [ 82.43059, 17.92719 ], [ 82.42921, 17.92482 ], [ 82.42861, 17.91966 ], [ 82.443, 17.91202 ], [ 82.44349, 17.90688 ], [ 82.44692, 17.89989 ], [ 82.44898, 17.90135 ], [ 82.45295, 17.90172 ], [ 82.46063, 17.90062 ], [ 82.46524, 17.89893 ], [ 82.46916, 17.89968 ], [ 82.47719, 17.89831 ], [ 82.48098, 17.89865 ], [ 82.48205, 17.89111 ], [ 82.47966, 17.88832 ], [ 82.47691, 17.88188 ], [ 82.47862, 17.87849 ], [ 82.4802, 17.87635 ], [ 82.48656, 17.88046 ], [ 82.49235, 17.87473 ], [ 82.49576, 17.87309 ], [ 82.49823, 17.87955 ], [ 82.50501, 17.87375 ], [ 82.5238, 17.87348 ], [ 82.52769, 17.87437 ], [ 82.53026, 17.87718 ], [ 82.53708, 17.87906 ], [ 82.54428, 17.88471 ], [ 82.55002, 17.88665 ], [ 82.54976, 17.88841 ], [ 82.55343, 17.89208 ], [ 82.56093, 17.89738 ], [ 82.57031, 17.90227 ], [ 82.57869, 17.9008 ], [ 82.58929, 17.89568 ], [ 82.59085, 17.87896 ], [ 82.59434, 17.8762 ], [ 82.61009, 17.85367 ], [ 82.62595, 17.82736 ], [ 82.63493, 17.81137 ], [ 82.63687, 17.80194 ], [ 82.64141, 17.79463 ], [ 82.64085, 17.79217 ], [ 82.63555, 17.79391 ], [ 82.63138, 17.79297 ], [ 82.62832, 17.78904 ], [ 82.62444, 17.78105 ], [ 82.62003, 17.77752 ], [ 82.61751, 17.78046 ], [ 82.61661, 17.78925 ], [ 82.61494, 17.79081 ], [ 82.61227, 17.79035 ], [ 82.60488, 17.78242 ], [ 82.60466, 17.77834 ], [ 82.60256, 17.77262 ], [ 82.59641, 17.76824 ], [ 82.58768, 17.7652 ], [ 82.5868, 17.76678 ], [ 82.58893, 17.77233 ], [ 82.58692, 17.77328 ], [ 82.58012, 17.7736 ], [ 82.57247, 17.77288 ], [ 82.57702, 17.77582 ], [ 82.57447, 17.78404 ], [ 82.56921, 17.7882 ], [ 82.56426, 17.78536 ], [ 82.55989, 17.7908 ], [ 82.55564, 17.79011 ], [ 82.55183, 17.78462 ], [ 82.55065, 17.78471 ], [ 82.54588, 17.77986 ], [ 82.53857, 17.77552 ], [ 82.53761, 17.77163 ], [ 82.53384, 17.77067 ], [ 82.52531, 17.77826 ], [ 82.52048, 17.77765 ], [ 82.51891, 17.77585 ], [ 82.51627, 17.77646 ], [ 82.51501, 17.7776 ], [ 82.51229, 17.78591 ], [ 82.51061, 17.78717 ], [ 82.50805, 17.7869 ], [ 82.49823, 17.78133 ], [ 82.49262, 17.77997 ], [ 82.49086, 17.77794 ], [ 82.48698, 17.76859 ], [ 82.48502, 17.76587 ], [ 82.47812, 17.76069 ], [ 82.4767, 17.75808 ], [ 82.47403, 17.75833 ], [ 82.47178, 17.76045 ], [ 82.46922, 17.75818 ], [ 82.45539, 17.75962 ], [ 82.42631, 17.76948 ], [ 82.42365, 17.76839 ], [ 82.42239, 17.76999 ], [ 82.41981, 17.76871 ], [ 82.41901, 17.77185 ], [ 82.41626, 17.77282 ], [ 82.41454, 17.77537 ], [ 82.41067, 17.77525 ], [ 82.40927, 17.7762 ], [ 82.40503, 17.7765 ], [ 82.40453, 17.77795 ], [ 82.40703, 17.78272 ], [ 82.40222, 17.78829 ], [ 82.39069, 17.79539 ], [ 82.38402, 17.80097 ], [ 82.38293, 17.80339 ], [ 82.38408, 17.80684 ], [ 82.38384, 17.8103 ], [ 82.37801, 17.81415 ], [ 82.37559, 17.81381 ], [ 82.37319, 17.81075 ], [ 82.37172, 17.8125 ], [ 82.37039, 17.81475 ], [ 82.36986, 17.81898 ], [ 82.36532, 17.82763 ], [ 82.36487, 17.83191 ], [ 82.36161, 17.83419 ], [ 82.35279, 17.83002 ], [ 82.34884, 17.82926 ], [ 82.34701, 17.82961 ], [ 82.34304, 17.83401 ], [ 82.34263, 17.83472 ], [ 82.34767, 17.83967 ], [ 82.35084, 17.84406 ], [ 82.3511, 17.84658 ], [ 82.35019, 17.84811 ], [ 82.34694, 17.84928 ], [ 82.34292, 17.85227 ], [ 82.3336, 17.85275 ], [ 82.32699, 17.85455 ], [ 82.31974, 17.85888 ], [ 82.31873, 17.86064 ], [ 82.31571, 17.86138 ], [ 82.30912, 17.87045 ], [ 82.30653, 17.86643 ], [ 82.3047, 17.86133 ], [ 82.29811, 17.86225 ], [ 82.29304, 17.86008 ], [ 82.29272, 17.86504 ], [ 82.29678, 17.87624 ], [ 82.29964, 17.87953 ], [ 82.30071, 17.8839 ], [ 82.30559, 17.8832 ], [ 82.30738, 17.88498 ], [ 82.31101, 17.8849 ], [ 82.31188, 17.88119 ], [ 82.3153, 17.87878 ], [ 82.32061, 17.87958 ], [ 82.32258, 17.87686 ], [ 82.32242, 17.87572 ], [ 82.32682, 17.87282 ], [ 82.33329, 17.87495 ], [ 82.32949, 17.88448 ], [ 82.32366, 17.88431 ], [ 82.32129, 17.88613 ], [ 82.32, 17.88522 ], [ 82.31862, 17.88557 ], [ 82.31875, 17.88635 ], [ 82.31758, 17.88686 ], [ 82.31833, 17.89075 ], [ 82.31671, 17.89167 ], [ 82.31514, 17.89113 ], [ 82.31674, 17.89714 ], [ 82.31485, 17.89988 ], [ 82.31673, 17.90083 ], [ 82.31496, 17.90366 ], [ 82.31585, 17.90434 ], [ 82.31285, 17.9063 ], [ 82.31772, 17.91175 ], [ 82.32203, 17.91386 ], [ 82.32308, 17.91665 ], [ 82.32451, 17.91758 ], [ 82.32931, 17.91793 ], [ 82.32925, 17.91968 ], [ 82.33104, 17.92201 ], [ 82.34069, 17.92346 ], [ 82.34982, 17.93 ], [ 82.36277, 17.94759 ], [ 82.35896, 17.95967 ], [ 82.3573, 17.96932 ], [ 82.35663, 17.9793 ], [ 82.35565, 17.98095 ], [ 82.33758, 17.98393 ], [ 82.33403, 17.988 ], [ 82.32842, 17.99101 ], [ 82.32282, 17.99276 ], [ 82.30066, 17.9964 ], [ 82.28251, 17.99726 ], [ 82.26757, 17.99949 ], [ 82.26878, 18.00094 ], [ 82.27123, 18.00887 ], [ 82.27355, 18.02134 ], [ 82.26957, 18.0303 ], [ 82.26901, 18.03402 ], [ 82.26626, 18.0377 ], [ 82.26161, 18.04185 ], [ 82.26498, 18.0428 ], [ 82.26895, 18.04519 ], [ 82.26961, 18.05194 ], [ 82.27261, 18.05722 ], [ 82.27698, 18.0582 ], [ 82.27939, 18.06173 ], [ 82.28349, 18.0645 ], [ 82.28767, 18.06272 ], [ 82.29138, 18.06891 ], [ 82.29721, 18.06707 ], [ 82.30117, 18.06931 ], [ 82.30373, 18.06864 ], [ 82.3046, 18.06746 ], [ 82.30379, 18.06528 ], [ 82.30012, 18.06321 ], [ 82.30018, 18.06009 ], [ 82.29865, 18.05557 ], [ 82.30128, 18.05462 ], [ 82.30617, 18.05571 ], [ 82.31033, 18.05393 ], [ 82.30987, 18.05239 ], [ 82.30726, 18.05005 ], [ 82.30733, 18.0458 ], [ 82.30818, 18.04491 ], [ 82.31068, 18.04507 ], [ 82.31658, 18.04744 ], [ 82.31849, 18.04662 ], [ 82.31947, 18.04489 ], [ 82.32036, 18.04498 ], [ 82.32223, 18.04862 ], [ 82.32076, 18.05097 ], [ 82.32026, 18.05489 ], [ 82.31897, 18.05707 ], [ 82.32303, 18.06003 ], [ 82.33002, 18.05809 ], [ 82.33214, 18.05511 ], [ 82.33247, 18.05196 ], [ 82.33511, 18.05139 ], [ 82.33788, 18.05308 ], [ 82.33477, 18.04731 ], [ 82.33484, 18.04556 ], [ 82.3371, 18.04451 ], [ 82.33825, 18.04457 ], [ 82.33852, 18.04611 ], [ 82.34253, 18.04652 ], [ 82.34596, 18.04515 ], [ 82.34675, 18.04357 ], [ 82.34887, 18.0447 ], [ 82.34975, 18.04713 ], [ 82.35789, 18.04823 ], [ 82.35932, 18.04709 ], [ 82.35931, 18.04343 ], [ 82.36255, 18.04274 ], [ 82.36463, 18.03996 ], [ 82.36616, 18.04132 ], [ 82.36623, 18.04337 ], [ 82.3683, 18.04438 ], [ 82.37306, 18.04203 ], [ 82.37787, 18.04154 ], [ 82.37985, 18.03994 ], [ 82.38839, 18.04099 ], [ 82.39215, 18.04317 ], [ 82.39506, 18.04832 ], [ 82.39772, 18.0507 ], [ 82.39982, 18.05165 ], [ 82.4034, 18.05144 ], [ 82.40575, 18.05271 ], [ 82.40895, 18.05818 ], [ 82.41231, 18.06129 ], [ 82.41249, 18.06343 ], [ 82.40855, 18.06772 ], [ 82.40368, 18.07087 ], [ 82.39894, 18.07601 ], [ 82.40042, 18.07953 ], [ 82.40274, 18.07993 ], [ 82.40716, 18.07923 ], [ 82.41211, 18.07701 ], [ 82.41359, 18.07522 ], [ 82.41554, 18.07441 ] ], [ [ 82.415, 17.78177 ], [ 82.41599, 17.77544 ], [ 82.41775, 17.77583 ], [ 82.42027, 17.77829 ], [ 82.42235, 17.77704 ], [ 82.42279, 17.77541 ], [ 82.42389, 17.77576 ], [ 82.42373, 17.77822 ], [ 82.42127, 17.77912 ], [ 82.42027, 17.78219 ], [ 82.41797, 17.78505 ], [ 82.415, 17.78177 ] ] ] } },
{ "type": "Feature", "properties": { "OBJECTID": 652, "state_lgd": "28", "state_name": "ANDHRA PRADESH", "district_lgd": "684", "district_name": "Alluri Sitarama Raju", "district_name_source": "district_table", "subdistrict_lgd": "4732", "subdistrict_name": "CHINTUR", "subdistrict_type": "Mandal", "name_corrupted": false, "remarks": "", "label_lon": 81.408534818536353, "label_lat": 17.761092080969764 }, "geometry": { "type": "Polygon", "coordinates": [ [ [ 81.78874, 17.88034 ], [ 81.79199, 17.88025 ], [ 81.79654, 17.8771 ], [ 81.79915, 17.8773 ], [ 81.80443, 17.87344 ], [ 81.80305, 17.87032 ], [ 81.80603, 17.86915 ], [ 81.8053, 17.8661 ], [ 81.80887, 17.86362 ], [ 81.80445, 17.861 ], [ 81.7881, 17.8449 ], [ 81.78553, 17.84367 ], [ 81.77103, 17.84415 ], [ 81.76071, 17.83112 ], [ 81.75033, 17.83431 ], [ 81.74564, 17.83024 ], [ 81.73306, 17.82446 ], [ 81.72001, 17.81283 ], [ 81.71375, 17.8103 ], [ 81.70894, 17.7983 ], [ 81.70785, 17.79083 ], [ 81.70607, 17.7879 ], [ 81.70037, 17.78212 ], [ 81.68832, 17.77816 ], [ 81.67694, 17.77605 ], [ 81.63437, 17.77385 ], [ 81.62692, 17.76751 ], [ 81.61529, 17.75081 ], [ 81.60241, 17.74539 ], [ 81.58349, 17.73236 ], [ 81.58137, 17.71394 ], [ 81.58346, 17.69916 ], [ 81.58157, 17.69319 ], [ 81.57515, 17.68838 ], [ 81.57444, 17.68445 ], [ 81.57296, 17.68221 ], [ 81.56779, 17.68161 ], [ 81.56254, 17.66994 ], [ 81.5601, 17.66789 ], [ 81.55366, 17.65073 ], [ 81.54864, 17.64293 ], [ 81.54712, 17.6435 ], [ 81.54601, 17.64256 ], [ 81.54601, 17.63871 ], [ 81.5443, 17.636 ], [ 81.54155, 17.63755 ], [ 81.53973, 17.63482 ], [ 81.53306, 17.6305 ], [ 81.53146, 17.62546 ], [ 81.52873, 17.62505 ], [ 81.52466, 17.62197 ], [ 81.49786, 17.63748 ], [ 81.45132, 17.6619 ], [ 81.44596, 17.66017 ], [ 81.43907, 17.65624 ], [ 81.43545, 17.65725 ], [ 81.43451, 17.65619 ], [ 81.42539, 17.66095 ], [ 81.42551, 17.66609 ], [ 81.41685, 17.67473 ], [ 81.41386, 17.67653 ], [ 81.4133, 17.68573 ], [ 81.40957, 17.68917 ], [ 81.40096, 17.69069 ], [ 81.39726, 17.69479 ], [ 81.39578, 17.69545 ], [ 81.39589, 17.69688 ], [ 81.39419, 17.69772 ], [ 81.39411, 17.69978 ], [ 81.39095, 17.69998 ], [ 81.38833, 17.70144 ], [ 81.38661, 17.69855 ], [ 81.38316, 17.69724 ], [ 81.38059, 17.69915 ], [ 81.37727, 17.69925 ], [ 81.3761, 17.6978 ], [ 81.37686, 17.69515 ], [ 81.37375, 17.69317 ], [ 81.36803, 17.69031 ], [ 81.35959, 17.68745 ], [ 81.35824, 17.68727 ], [ 81.35739, 17.68818 ], [ 81.34401, 17.67937 ], [ 81.33704, 17.6843 ], [ 81.33337, 17.68841 ], [ 81.3256, 17.69171 ], [ 81.3226, 17.69404 ], [ 81.3254, 17.69831 ], [ 81.32756, 17.70134 ], [ 81.33277, 17.70467 ], [ 81.36956, 17.70776 ], [ 81.37261, 17.71199 ], [ 81.38229, 17.7316 ], [ 81.38444, 17.74017 ], [ 81.38185, 17.7412 ], [ 81.378, 17.73984 ], [ 81.37198, 17.73503 ], [ 81.36377, 17.73199 ], [ 81.35336, 17.73167 ], [ 81.34719, 17.73503 ], [ 81.34512, 17.73732 ], [ 81.34156, 17.74579 ], [ 81.331, 17.74577 ], [ 81.32581, 17.74715 ], [ 81.3257, 17.74527 ], [ 81.3264, 17.74523 ], [ 81.32535, 17.72806 ], [ 81.31834, 17.72842 ], [ 81.31648, 17.72565 ], [ 81.30544, 17.72264 ], [ 81.29342, 17.72463 ], [ 81.28588, 17.72932 ], [ 81.28603, 17.73171 ], [ 81.27807, 17.73354 ], [ 81.27321, 17.73174 ], [ 81.2702, 17.73211 ], [ 81.26595, 17.73069 ], [ 81.2644, 17.72944 ], [ 81.26358, 17.72692 ], [ 81.26099, 17.72654 ], [ 81.2584, 17.72501 ], [ 81.25661, 17.72202 ], [ 81.25481, 17.72067 ], [ 81.25569, 17.71684 ], [ 81.25484, 17.69541 ], [ 81.24839, 17.68568 ], [ 81.24712, 17.6854 ], [ 81.2401, 17.68855 ], [ 81.23533, 17.6862 ], [ 81.23245, 17.6857 ], [ 81.22411, 17.68546 ], [ 81.21167, 17.68656 ], [ 81.20025, 17.68572 ], [ 81.1944, 17.67627 ], [ 81.19167, 17.67453 ], [ 81.18764, 17.67001 ], [ 81.19012, 17.66729 ], [ 81.19014, 17.66478 ], [ 81.19312, 17.66127 ], [ 81.20027, 17.65773 ], [ 81.20286, 17.65521 ], [ 81.20517, 17.64614 ], [ 81.20422, 17.64016 ], [ 81.21105, 17.63382 ], [ 81.20894, 17.63179 ], [ 81.20676, 17.62582 ], [ 81.20628, 17.62058 ], [ 81.2027, 17.62066 ], [ 81.19005, 17.63002 ], [ 81.18693, 17.63109 ], [ 81.18578, 17.63006 ], [ 81.18367, 17.62063 ], [ 81.17939, 17.61623 ], [ 81.16926, 17.62107 ], [ 81.16624, 17.61761 ], [ 81.15966, 17.6153 ], [ 81.15266, 17.61087 ], [ 81.1506, 17.61101 ], [ 81.14817, 17.61489 ], [ 81.14475, 17.61544 ], [ 81.14268, 17.61699 ], [ 81.14272, 17.61832 ], [ 81.1458, 17.61897 ], [ 81.14445, 17.62095 ], [ 81.12498, 17.6226 ], [ 81.12479, 17.62691 ], [ 81.12806, 17.63429 ], [ 81.12861, 17.64007 ], [ 81.12382, 17.64482 ], [ 81.13038, 17.64727 ], [ 81.13138, 17.65021 ], [ 81.13077, 17.65311 ], [ 81.12733, 17.65606 ], [ 81.1272, 17.65836 ], [ 81.1305, 17.66212 ], [ 81.13567, 17.66267 ], [ 81.13868, 17.6618 ], [ 81.14066, 17.6627 ], [ 81.14384, 17.66594 ], [ 81.14811, 17.66422 ], [ 81.15286, 17.66507 ], [ 81.15119, 17.66956 ], [ 81.14984, 17.67701 ], [ 81.14852, 17.67912 ], [ 81.14518, 17.68201 ], [ 81.13812, 17.68544 ], [ 81.13492, 17.68828 ], [ 81.13382, 17.69262 ], [ 81.13346, 17.69959 ], [ 81.12641, 17.70733 ], [ 81.12517, 17.71221 ], [ 81.11987, 17.71122 ], [ 81.1101, 17.71227 ], [ 81.10065, 17.7145 ], [ 81.10066, 17.72279 ], [ 81.10352, 17.72699 ], [ 81.10582, 17.73471 ], [ 81.11401, 17.75333 ], [ 81.11689, 17.77182 ], [ 81.11418, 17.77455 ], [ 81.11206, 17.77542 ], [ 81.10388, 17.7732 ], [ 81.096, 17.77449 ], [ 81.08978, 17.79104 ], [ 81.08559, 17.79802 ], [ 81.08582, 17.79948 ], [ 81.08679, 17.79926 ], [ 81.0896, 17.80151 ], [ 81.09396, 17.80927 ], [ 81.10244, 17.81603 ], [ 81.11343, 17.82163 ], [ 81.12274, 17.82398 ], [ 81.12792, 17.827 ], [ 81.13294, 17.83118 ], [ 81.14213, 17.84146 ], [ 81.15728, 17.85043 ], [ 81.16593, 17.85753 ], [ 81.1678, 17.85584 ], [ 81.16975, 17.85581 ], [ 81.17065, 17.85476 ], [ 81.17138, 17.8551 ], [ 81.18491, 17.85037 ], [ 81.19931, 17.84693 ], [ 81.21561, 17.83451 ], [ 81.22929, 17.83057 ], [ 81.23454, 17.82715 ], [ 81.2393, 17.82602 ], [ 81.24087, 17.82325 ], [ 81.24524, 17.82075 ], [ 81.24837, 17.81666 ], [ 81.26626, 17.80952 ], [ 81.30497, 17.80866 ], [ 81.31491, 17.81211 ], [ 81.32612, 17.81395 ], [ 81.3456, 17.8103 ], [ 81.34845, 17.81233 ], [ 81.35106, 17.81167 ], [ 81.35411, 17.81229 ], [ 81.35878, 17.80948 ], [ 81.36925, 17.80768 ], [ 81.37731, 17.80446 ], [ 81.38161, 17.80151 ], [ 81.38344, 17.79891 ], [ 81.38544, 17.79844 ], [ 81.38656, 17.79487 ], [ 81.39257, 17.79416 ], [ 81.39313, 17.80767 ], [ 81.39181, 17.81542 ], [ 81.39655, 17.82023 ], [ 81.40165, 17.82095 ], [ 81.41016, 17.81859 ], [ 81.41397, 17.81359 ], [ 81.4156, 17.81342 ], [ 81.41762, 17.81459 ], [ 81.42143, 17.81902 ], [ 81.42582, 17.82191 ], [ 81.43048, 17.83006 ], [ 81.43412, 17.83193 ], [ 81.43672, 17.83162 ], [ 81.44088, 17.82533 ], [ 81.44419, 17.82497 ], [ 81.4514, 17.82801 ], [ 81.46011, 17.82957 ], [ 81.46905, 17.83622 ], [ 81.47182, 17.83614 ], [ 81.47392, 17.83797 ], [ 81.4759, 17.83746 ], [ 81.47784, 17.83499 ], [ 81.48061, 17.82921 ], [ 81.48152, 17.82358 ], [ 81.48551, 17.82022 ], [ 81.48627, 17.81434 ], [ 81.49004, 17.8127 ], [ 81.49534, 17.81255 ], [ 81.50155, 17.81563 ], [ 81.50478, 17.81629 ], [ 81.51841, 17.81626 ], [ 81.52245, 17.81751 ], [ 81.53018, 17.82291 ], [ 81.53781, 17.82159 ], [ 81.54684, 17.82472 ], [ 81.56369, 17.82571 ], [ 81.56526, 17.82682 ], [ 81.57039, 17.83531 ], [ 81.57432, 17.83717 ], [ 81.57901, 17.83719 ], [ 81.58864, 17.8346 ], [ 81.59418, 17.83404 ], [ 81.60689, 17.82583 ], [ 81.61581, 17.82198 ], [ 81.61723, 17.8223 ], [ 81.61875, 17.82381 ], [ 81.62083, 17.83157 ], [ 81.62235, 17.83345 ], [ 81.62442, 17.83385 ], [ 81.63015, 17.83202 ], [ 81.63981, 17.83912 ], [ 81.64217, 17.84192 ], [ 81.64556, 17.84802 ], [ 81.65202, 17.8561 ], [ 81.65428, 17.86328 ], [ 81.65385, 17.8681 ], [ 81.66219, 17.8816 ], [ 81.66738, 17.88428 ], [ 81.67091, 17.88723 ], [ 81.67365, 17.88816 ], [ 81.68368, 17.88498 ], [ 81.6861, 17.8853 ], [ 81.69279, 17.89437 ], [ 81.69475, 17.89871 ], [ 81.69763, 17.9012 ], [ 81.69965, 17.90097 ], [ 81.70123, 17.89948 ], [ 81.70256, 17.89422 ], [ 81.70113, 17.88795 ], [ 81.70411, 17.88271 ], [ 81.70436, 17.87768 ], [ 81.70967, 17.87176 ], [ 81.71877, 17.87676 ], [ 81.72562, 17.87886 ], [ 81.75035, 17.89375 ], [ 81.76614, 17.90445 ], [ 81.76931, 17.90315 ], [ 81.77056, 17.90143 ], [ 81.77181, 17.89119 ], [ 81.77972, 17.88841 ], [ 81.78605, 17.88369 ], [ 81.78689, 17.88152 ], [ 81.78874, 17.88034 ] ], [ [ 81.12232, 17.75049 ], [ 81.1226, 17.74914 ], [ 81.12445, 17.74969 ], [ 81.12331, 17.75149 ], [ 81.12232, 17.75049 ] ], [ [ 81.12919, 17.76207 ], [ 81.12899, 17.75983 ], [ 81.13159, 17.75981 ], [ 81.13187, 17.76241 ], [ 81.12919, 17.76207 ] ], [ [ 81.09846, 17.77823 ], [ 81.09736, 17.77638 ], [ 81.09812, 17.77557 ], [ 81.09997, 17.77587 ], [ 81.09972, 17.77801 ], [ 81.09846, 17.77823 ] ] ] } },
{ "type": "Feature", "properties": { "OBJECTID": 675, "state_lgd": "28", "state_name": "ANDHRA PRADESH", "district_lgd": "684", "district_name": "Alluri Sitarama Raju", "district_name_source": "district_table", "subdistrict_lgd": "4885", "subdistrict_name": "DEVIPATNAM", "subdistrict_type": "Mandal", "name_corrupted": false, "remarks": "", "label_lon": 81.680567953468199, "label_lat": 17.354117552415754 }, "geometry": { "type": "Polygon", "coordinates": [ [ [ 81.53771, 17.48792 ], [ 81.54103, 17.49006 ], [ 81.54261, 17.4887 ], [ 81.5427, 17.48596 ], [ 81.5442, 17.48418 ], [ 81.54963, 17.48371 ], [ 81.55336, 17.48118 ], [ 81.55005, 17.47505 ], [ 81.55271, 17.47001 ], [ 81.55151, 17.46565 ], [ 81.55263, 17.46436 ], [ 81.55872, 17.46353 ], [ 81.56496, 17.46686 ], [ 81.57008, 17.46744 ], [ 81.57155, 17.46693 ], [ 81.57367, 17.46438 ], [ 81.57389, 17.46113 ], [ 81.57716, 17.45687 ], [ 81.57976, 17.45526 ], [ 81.58298, 17.45464 ], [ 81.59435, 17.45586 ], [ 81.60228, 17.45884 ], [ 81.60399, 17.45878 ], [ 81.60448, 17.45612 ], [ 81.60389, 17.44977 ], [ 81.60091, 17.44011 ], [ 81.60829, 17.43985 ], [ 81.61219, 17.44391 ], [ 81.61435, 17.44304 ], [ 81.61875, 17.44291 ], [ 81.62399, 17.45052 ], [ 81.62689, 17.45121 ], [ 81.63016, 17.45642 ], [ 81.63426, 17.45432 ], [ 81.63518, 17.45287 ], [ 81.63994, 17.45565 ], [ 81.6417, 17.45343 ], [ 81.64581, 17.45215 ], [ 81.65061, 17.45231 ], [ 81.65576, 17.44999 ], [ 81.65788, 17.44757 ], [ 81.65971, 17.44371 ], [ 81.66607, 17.44083 ], [ 81.66884, 17.43559 ], [ 81.67573, 17.4328 ], [ 81.67769, 17.42986 ], [ 81.67858, 17.42353 ], [ 81.6798, 17.42245 ], [ 81.69047, 17.42346 ], [ 81.69574, 17.42191 ], [ 81.70065, 17.41816 ], [ 81.70363, 17.41735 ], [ 81.70897, 17.41942 ], [ 81.71478, 17.42495 ], [ 81.71891, 17.42687 ], [ 81.72647, 17.42393 ], [ 81.72892, 17.42379 ], [ 81.74139, 17.4269 ], [ 81.74668, 17.42488 ], [ 81.74745, 17.41698 ], [ 81.74984, 17.40602 ], [ 81.74831, 17.39613 ], [ 81.74702, 17.39294 ], [ 81.74801, 17.38983 ], [ 81.75083, 17.3878 ], [ 81.75085, 17.38706 ], [ 81.74752, 17.38382 ], [ 81.74809, 17.37733 ], [ 81.74705, 17.37637 ], [ 81.74424, 17.37628 ], [ 81.7426, 17.37358 ], [ 81.74659, 17.37101 ], [ 81.74753, 17.36804 ], [ 81.74736, 17.36303 ], [ 81.74562, 17.35922 ], [ 81.74777, 17.35575 ], [ 81.7481, 17.35328 ], [ 81.74817, 17.349 ], [ 81.74658, 17.34023 ], [ 81.74812, 17.33237 ], [ 81.74799, 17.32485 ], [ 81.74594, 17.3193 ], [ 81.73727, 17.31024 ], [ 81.73719, 17.30674 ], [ 81.73872, 17.3049 ], [ 81.73819, 17.30142 ], [ 81.7428, 17.29756 ], [ 81.75433, 17.29396 ], [ 81.76183, 17.29395 ], [ 81.77538, 17.29726 ], [ 81.78131, 17.29715 ], [ 81.78562, 17.29143 ], [ 81.78607, 17.28778 ], [ 81.78733, 17.28584 ], [ 81.79816, 17.28736 ], [ 81.79932, 17.29314 ], [ 81.81136, 17.29426 ], [ 81.81297, 17.29378 ], [ 81.81517, 17.29239 ], [ 81.81837, 17.28771 ], [ 81.82283, 17.2876 ], [ 81.82522, 17.283 ], [ 81.82715, 17.27642 ], [ 81.82651, 17.25893 ], [ 81.82202, 17.26003 ], [ 81.81083, 17.25936 ], [ 81.80773, 17.26068 ], [ 81.80722, 17.25488 ], [ 81.80776, 17.25356 ], [ 81.80598, 17.24682 ], [ 81.80558, 17.24597 ], [ 81.80149, 17.24564 ], [ 81.80065, 17.24463 ], [ 81.79832, 17.24502 ], [ 81.79571, 17.24357 ], [ 81.79382, 17.24474 ], [ 81.78533, 17.24576 ], [ 81.78249, 17.2498 ], [ 81.7783, 17.24655 ], [ 81.76965, 17.24941 ], [ 81.76576, 17.24971 ], [ 81.76452, 17.24709 ], [ 81.7574, 17.24164 ], [ 81.75701, 17.24058 ], [ 81.75893, 17.23847 ], [ 81.75796, 17.23755 ], [ 81.75552, 17.23765 ], [ 81.7544, 17.2346 ], [ 81.75187, 17.23518 ], [ 81.75151, 17.23858 ], [ 81.74394, 17.23915 ], [ 81.74284, 17.23712 ], [ 81.74071, 17.23545 ], [ 81.73862, 17.23608 ], [ 81.72972, 17.23376 ], [ 81.72104, 17.23459 ], [ 81.71886, 17.23348 ], [ 81.71944, 17.22228 ], [ 81.70938, 17.2247 ], [ 81.70365, 17.22948 ], [ 81.70208, 17.232 ], [ 81.69686, 17.23173 ], [ 81.6946, 17.23019 ], [ 81.69226, 17.23008 ], [ 81.68649, 17.23122 ], [ 81.68131, 17.2335 ], [ 81.68102, 17.23527 ], [ 81.68413, 17.23725 ], [ 81.68571, 17.24001 ], [ 81.68402, 17.24854 ], [ 81.68092, 17.251 ], [ 81.6801, 17.25494 ], [ 81.68118, 17.2587 ], [ 81.68636, 17.26497 ], [ 81.68666, 17.27057 ], [ 81.68561, 17.27317 ], [ 81.68243, 17.27227 ], [ 81.67232, 17.27457 ], [ 81.66607, 17.27476 ], [ 81.65937, 17.27389 ], [ 81.66368, 17.28334 ], [ 81.6732, 17.28932 ], [ 81.67813, 17.2895 ], [ 81.68026, 17.29112 ], [ 81.68056, 17.29455 ], [ 81.6788, 17.30281 ], [ 81.67663, 17.30536 ], [ 81.67219, 17.30827 ], [ 81.64227, 17.32434 ], [ 81.63339, 17.32641 ], [ 81.62774, 17.32498 ], [ 81.61853, 17.32758 ], [ 81.61575, 17.33003 ], [ 81.61224, 17.33654 ], [ 81.61106, 17.34384 ], [ 81.61418, 17.34883 ], [ 81.61475, 17.35222 ], [ 81.61304, 17.35674 ], [ 81.60625, 17.36911 ], [ 81.60468, 17.3761 ], [ 81.60531, 17.38106 ], [ 81.60708, 17.38537 ], [ 81.60732, 17.38934 ], [ 81.60986, 17.39736 ], [ 81.61112, 17.39865 ], [ 81.6163, 17.40087 ], [ 81.61453, 17.40675 ], [ 81.60895, 17.4107 ], [ 81.60318, 17.41162 ], [ 81.59697, 17.4101 ], [ 81.59431, 17.40763 ], [ 81.59124, 17.40616 ], [ 81.58625, 17.4059 ], [ 81.58259, 17.41025 ], [ 81.57991, 17.41533 ], [ 81.57754, 17.42881 ], [ 81.57595, 17.43305 ], [ 81.56839, 17.43616 ], [ 81.56359, 17.44027 ], [ 81.55227, 17.44021 ], [ 81.54089, 17.43685 ], [ 81.53542, 17.43818 ], [ 81.53091, 17.44061 ], [ 81.52824, 17.44291 ], [ 81.52568, 17.44708 ], [ 81.51722, 17.45686 ], [ 81.51578, 17.46059 ], [ 81.51389, 17.47028 ], [ 81.51264, 17.47283 ], [ 81.51031, 17.47532 ], [ 81.50538, 17.47845 ], [ 81.49835, 17.48144 ], [ 81.50982, 17.48275 ], [ 81.51558, 17.48432 ], [ 81.51782, 17.48735 ], [ 81.51904, 17.49141 ], [ 81.52971, 17.49647 ], [ 81.53519, 17.48987 ], [ 81.53771, 17.48792 ] ] ] } },
{ "type": "Feature", "properties": { "OBJECTID": 683, "state_lgd": "28", "state_name": "ANDHRA PRADESH", "district_lgd": "684", "district_name": "Alluri Sitarama Raju", "district_name_source": "district_table", "subdistrict_lgd": "4843", "subdistrict_name": "DUMBRIGUDA", "subdistrict_type": "Mandal", "name_corrupted": false, "remarks": "", "label_lon": 82.78346951570343, "label_lat": 18.31367591352646 }, "geometry": { "type": "MultiPolygon", "coordinates": [ [ [ [ 82.76698, 18.22855 ], [ 82.75949, 18.21959 ], [ 82.75361, 18.21579 ], [ 82.74991, 18.21365 ], [ 82.74699, 18.21376 ], [ 82.74209, 18.21644 ], [ 82.73902, 18.21716 ], [ 82.73725, 18.22019 ], [ 82.73591, 18.22099 ], [ 82.72315, 18.22371 ], [ 82.72286, 18.22754 ], [ 82.72996, 18.22816 ], [ 82.73286, 18.22518 ], [ 82.73611, 18.22395 ], [ 82.74411, 18.22446 ], [ 82.74621, 18.22663 ], [ 82.74779, 18.22523 ], [ 82.75074, 18.22463 ], [ 82.75434, 18.22528 ], [ 82.75964, 18.22425 ], [ 82.76288, 18.2288 ], [ 82.76698, 18.22855 ] ] ], [ [ [ 82.85934, 18.27028 ], [ 82.86316, 18.26782 ], [ 82.86317, 18.26359 ], [ 82.86145, 18.2623 ], [ 82.85896, 18.26225 ], [ 82.85496, 18.26081 ], [ 82.84851, 18.26509 ], [ 82.85163, 18.26833 ], [ 82.85552, 18.26836 ], [ 82.85583, 18.27051 ], [ 82.85934, 18.27028 ] ] ], [ [ [ 82.81564, 18.4509 ], [ 82.82322, 18.44726 ], [ 82.82279, 18.44517 ], [ 82.8238, 18.4435 ], [ 82.82824, 18.4433 ], [ 82.83122, 18.44229 ], [ 82.83595, 18.43929 ], [ 82.83638, 18.43709 ], [ 82.84076, 18.43628 ], [ 82.84584, 18.43375 ], [ 82.84734, 18.43091 ], [ 82.84863, 18.42372 ], [ 82.85242, 18.4192 ], [ 82.85384, 18.42293 ], [ 82.85641, 18.42544 ], [ 82.85914, 18.4232 ], [ 82.86444, 18.42174 ], [ 82.86722, 18.41983 ], [ 82.8713, 18.41846 ], [ 82.87426, 18.41959 ], [ 82.8764, 18.42163 ], [ 82.88156, 18.42068 ], [ 82.89117, 18.42396 ], [ 82.895, 18.4241 ], [ 82.8953, 18.4164 ], [ 82.8977, 18.40293 ], [ 82.89579, 18.3986 ], [ 82.88483, 18.3996 ], [ 82.883, 18.39578 ], [ 82.88318, 18.38947 ], [ 82.882, 18.38929 ], [ 82.87852, 18.38305 ], [ 82.87912, 18.38141 ], [ 82.87736, 18.3786 ], [ 82.87739, 18.37314 ], [ 82.87567, 18.36688 ], [ 82.87299, 18.36643 ], [ 82.86923, 18.36062 ], [ 82.86974, 18.35627 ], [ 82.87089, 18.35471 ], [ 82.86988, 18.34998 ], [ 82.86379, 18.34564 ], [ 82.8601, 18.34087 ], [ 82.85954, 18.33867 ], [ 82.84955, 18.33833 ], [ 82.84968, 18.32399 ], [ 82.84418, 18.32525 ], [ 82.84269, 18.32462 ], [ 82.84277, 18.32361 ], [ 82.84109, 18.32342 ], [ 82.84041, 18.32202 ], [ 82.83812, 18.3212 ], [ 82.83929, 18.31821 ], [ 82.83764, 18.31708 ], [ 82.83516, 18.31725 ], [ 82.83554, 18.31572 ], [ 82.83251, 18.31596 ], [ 82.83122, 18.31467 ], [ 82.82927, 18.31423 ], [ 82.82679, 18.31487 ], [ 82.82654, 18.31762 ], [ 82.82395, 18.3203 ], [ 82.8222, 18.32026 ], [ 82.82207, 18.31944 ], [ 82.8204, 18.32044 ], [ 82.81511, 18.32138 ], [ 82.81093, 18.31769 ], [ 82.81103, 18.31678 ], [ 82.80942, 18.31607 ], [ 82.81202, 18.31536 ], [ 82.81279, 18.31406 ], [ 82.80941, 18.30879 ], [ 82.8093, 18.30653 ], [ 82.81324, 18.30528 ], [ 82.81345, 18.30577 ], [ 82.81536, 18.30361 ], [ 82.81516, 18.30006 ], [ 82.8143, 18.29833 ], [ 82.81384, 18.29792 ], [ 82.81247, 18.29911 ], [ 82.81148, 18.29827 ], [ 82.81204, 18.296 ], [ 82.80814, 18.2954 ], [ 82.81174, 18.29278 ], [ 82.81408, 18.2888 ], [ 82.81502, 18.2854 ], [ 82.81361, 18.28406 ], [ 82.81202, 18.2852 ], [ 82.81173, 18.28806 ], [ 82.80863, 18.28884 ], [ 82.80792, 18.29231 ], [ 82.80644, 18.29268 ], [ 82.80634, 18.292 ], [ 82.80366, 18.291 ], [ 82.8027, 18.29158 ], [ 82.80337, 18.29229 ], [ 82.80271, 18.29363 ], [ 82.80147, 18.29294 ], [ 82.80078, 18.29368 ], [ 82.80205, 18.29465 ], [ 82.79995, 18.29536 ], [ 82.79537, 18.29254 ], [ 82.79892, 18.29039 ], [ 82.79773, 18.2886 ], [ 82.79421, 18.28717 ], [ 82.79681, 18.28338 ], [ 82.8042, 18.28362 ], [ 82.80556, 18.28074 ], [ 82.81138, 18.2803 ], [ 82.81176, 18.27884 ], [ 82.8087, 18.27815 ], [ 82.80808, 18.27648 ], [ 82.81173, 18.27269 ], [ 82.81873, 18.27218 ], [ 82.81781, 18.26786 ], [ 82.82011, 18.26711 ], [ 82.82055, 18.26562 ], [ 82.81672, 18.26281 ], [ 82.81161, 18.2626 ], [ 82.80837, 18.25939 ], [ 82.80837, 18.25757 ], [ 82.8116, 18.25857 ], [ 82.81307, 18.25523 ], [ 82.82262, 18.25666 ], [ 82.82838, 18.25893 ], [ 82.83585, 18.25506 ], [ 82.83749, 18.25174 ], [ 82.83922, 18.25079 ], [ 82.84908, 18.25511 ], [ 82.85012, 18.25772 ], [ 82.85184, 18.25839 ], [ 82.85773, 18.25713 ], [ 82.85917, 18.25546 ], [ 82.86185, 18.25435 ], [ 82.86466, 18.25686 ], [ 82.87169, 18.25825 ], [ 82.87387, 18.2598 ], [ 82.87666, 18.25749 ], [ 82.87966, 18.25866 ], [ 82.88143, 18.25786 ], [ 82.88036, 18.25745 ], [ 82.88009, 18.25298 ], [ 82.88189, 18.24941 ], [ 82.88144, 18.24815 ], [ 82.87842, 18.24676 ], [ 82.87424, 18.24883 ], [ 82.87243, 18.24668 ], [ 82.86715, 18.24575 ], [ 82.86714, 18.24456 ], [ 82.86518, 18.24521 ], [ 82.86483, 18.24302 ], [ 82.86153, 18.23778 ], [ 82.86205, 18.23556 ], [ 82.86753, 18.2314 ], [ 82.86636, 18.22988 ], [ 82.86396, 18.22789 ], [ 82.8581, 18.22512 ], [ 82.8505, 18.22844 ], [ 82.84799, 18.22794 ], [ 82.84611, 18.22526 ], [ 82.84661, 18.22067 ], [ 82.84953, 18.21956 ], [ 82.85129, 18.21707 ], [ 82.8565, 18.21386 ], [ 82.85793, 18.20658 ], [ 82.85411, 18.20439 ], [ 82.85464, 18.19587 ], [ 82.85, 18.19318 ], [ 82.84843, 18.19402 ], [ 82.849, 18.19527 ], [ 82.84796, 18.19618 ], [ 82.84822, 18.19939 ], [ 82.84367, 18.20352 ], [ 82.84187, 18.20203 ], [ 82.83622, 18.20228 ], [ 82.83481, 18.19657 ], [ 82.83212, 18.19446 ], [ 82.82805, 18.19329 ], [ 82.82646, 18.19364 ], [ 82.82486, 18.19483 ], [ 82.82415, 18.19675 ], [ 82.82828, 18.20053 ], [ 82.82789, 18.2044 ], [ 82.82301, 18.20714 ], [ 82.82155, 18.21229 ], [ 82.82195, 18.21681 ], [ 82.81988, 18.21657 ], [ 82.8136, 18.22194 ], [ 82.81078, 18.22107 ], [ 82.80827, 18.2187 ], [ 82.80913, 18.21647 ], [ 82.80823, 18.2156 ], [ 82.80568, 18.21625 ], [ 82.80582, 18.21159 ], [ 82.80067, 18.20872 ], [ 82.79932, 18.20886 ], [ 82.79917, 18.21497 ], [ 82.7944, 18.21316 ], [ 82.79641, 18.21892 ], [ 82.79914, 18.21876 ], [ 82.79925, 18.22251 ], [ 82.80215, 18.22546 ], [ 82.80447, 18.22635 ], [ 82.80252, 18.22938 ], [ 82.79803, 18.23216 ], [ 82.80038, 18.23382 ], [ 82.80624, 18.2348 ], [ 82.80983, 18.23699 ], [ 82.80656, 18.24023 ], [ 82.80707, 18.24517 ], [ 82.80568, 18.2466 ], [ 82.79666, 18.24775 ], [ 82.79699, 18.23888 ], [ 82.79177, 18.23035 ], [ 82.79009, 18.22931 ], [ 82.78581, 18.22966 ], [ 82.77659, 18.22747 ], [ 82.7654, 18.22966 ], [ 82.76419, 18.23083 ], [ 82.76497, 18.23231 ], [ 82.76875, 18.23548 ], [ 82.76734, 18.23934 ], [ 82.75639, 18.24168 ], [ 82.75319, 18.23947 ], [ 82.7524, 18.23456 ], [ 82.75277, 18.2315 ], [ 82.75131, 18.22919 ], [ 82.74544, 18.22802 ], [ 82.74393, 18.22933 ], [ 82.74117, 18.22835 ], [ 82.73833, 18.22885 ], [ 82.73467, 18.22812 ], [ 82.73413, 18.22942 ], [ 82.73174, 18.2288 ], [ 82.72633, 18.23273 ], [ 82.71587, 18.23465 ], [ 82.71276, 18.24144 ], [ 82.70975, 18.24417 ], [ 82.70691, 18.24365 ], [ 82.7002, 18.24821 ], [ 82.70012, 18.24491 ], [ 82.69815, 18.24311 ], [ 82.69349, 18.24248 ], [ 82.69039, 18.24347 ], [ 82.68708, 18.24259 ], [ 82.68616, 18.24054 ], [ 82.68694, 18.23833 ], [ 82.68926, 18.23946 ], [ 82.6905, 18.2377 ], [ 82.68886, 18.23551 ], [ 82.68402, 18.23334 ], [ 82.67911, 18.23649 ], [ 82.68131, 18.2382 ], [ 82.68139, 18.24018 ], [ 82.67842, 18.24271 ], [ 82.67653, 18.24061 ], [ 82.67321, 18.23922 ], [ 82.66981, 18.23887 ], [ 82.66111, 18.24132 ], [ 82.65469, 18.24775 ], [ 82.6517, 18.24886 ], [ 82.65249, 18.25 ], [ 82.65095, 18.251 ], [ 82.64966, 18.25782 ], [ 82.64848, 18.2587 ], [ 82.64712, 18.26223 ], [ 82.64228, 18.26377 ], [ 82.64197, 18.26917 ], [ 82.64279, 18.27155 ], [ 82.64578, 18.27168 ], [ 82.64854, 18.27287 ], [ 82.65024, 18.27539 ], [ 82.65224, 18.28114 ], [ 82.65123, 18.28296 ], [ 82.64606, 18.28544 ], [ 82.64382, 18.28801 ], [ 82.64278, 18.29214 ], [ 82.6408, 18.29555 ], [ 82.64212, 18.30144 ], [ 82.64522, 18.30265 ], [ 82.65119, 18.30186 ], [ 82.65494, 18.29699 ], [ 82.65742, 18.29607 ], [ 82.66225, 18.2983 ], [ 82.66677, 18.29803 ], [ 82.6691, 18.2989 ], [ 82.67239, 18.30214 ], [ 82.6736, 18.30497 ], [ 82.67632, 18.30656 ], [ 82.68018, 18.30335 ], [ 82.68442, 18.30359 ], [ 82.69195, 18.30764 ], [ 82.69451, 18.31228 ], [ 82.69603, 18.31137 ], [ 82.70167, 18.31064 ], [ 82.70938, 18.31318 ], [ 82.70856, 18.31584 ], [ 82.71165, 18.32013 ], [ 82.71502, 18.32252 ], [ 82.72011, 18.32358 ], [ 82.72313, 18.32329 ], [ 82.72491, 18.32453 ], [ 82.7267, 18.32261 ], [ 82.73385, 18.32018 ], [ 82.73504, 18.32091 ], [ 82.73605, 18.32311 ], [ 82.74052, 18.32226 ], [ 82.74125, 18.32358 ], [ 82.73831, 18.32663 ], [ 82.73846, 18.32733 ], [ 82.74149, 18.32846 ], [ 82.74287, 18.32999 ], [ 82.74784, 18.32897 ], [ 82.75064, 18.33092 ], [ 82.75517, 18.33019 ], [ 82.7563, 18.33331 ], [ 82.75919, 18.33403 ], [ 82.7581, 18.33763 ], [ 82.75969, 18.33961 ], [ 82.7633, 18.33891 ], [ 82.76458, 18.33617 ], [ 82.76845, 18.33806 ], [ 82.77122, 18.33765 ], [ 82.77147, 18.33911 ], [ 82.77425, 18.34055 ], [ 82.77412, 18.34443 ], [ 82.77639, 18.34924 ], [ 82.78394, 18.35534 ], [ 82.78581, 18.35852 ], [ 82.79056, 18.36319 ], [ 82.78872, 18.3691 ], [ 82.78924, 18.36985 ], [ 82.78876, 18.3718 ], [ 82.78478, 18.38041 ], [ 82.78265, 18.38189 ], [ 82.79386, 18.38602 ], [ 82.79334, 18.38818 ], [ 82.79409, 18.38892 ], [ 82.79146, 18.39614 ], [ 82.79389, 18.3992 ], [ 82.79383, 18.40135 ], [ 82.79954, 18.40675 ], [ 82.79549, 18.40909 ], [ 82.78688, 18.41071 ], [ 82.78784, 18.4169 ], [ 82.78656, 18.41812 ], [ 82.78743, 18.41917 ], [ 82.78631, 18.42027 ], [ 82.78478, 18.42042 ], [ 82.78289, 18.42261 ], [ 82.78216, 18.4265 ], [ 82.783, 18.42898 ], [ 82.78216, 18.43079 ], [ 82.79538, 18.43971 ], [ 82.79763, 18.44356 ], [ 82.80218, 18.4467 ], [ 82.80314, 18.44925 ], [ 82.80842, 18.45052 ], [ 82.81564, 18.4509 ] ] ] ] } },
{ "type": "Feature", "properties": { "OBJECTID": 695, "state_lgd": "28", "state_name": "ANDHRA PRADESH", "district_lgd": "684", "district_name": "Alluri Sitarama Raju", "district_name_source": "district_table", "subdistrict_lgd": "4848", "subdistrict_name": "G.MADUGULA", "subdistrict_type": "Mandal", "name_corrupted": false, "remarks": "", "label_lon": 82.54311567192336, "label_lat": 17.990698424767039 }, "geometry": { "type": "MultiPolygon", "coordinates": [ [ [ [ 82.49528, 18.17536 ], [ 82.4948, 18.1712 ], [ 82.49845, 18.16734 ], [ 82.49823, 18.15536 ], [ 82.49628, 18.15317 ], [ 82.49917, 18.14987 ], [ 82.50073, 18.14926 ], [ 82.5037, 18.14467 ], [ 82.51116, 18.14741 ], [ 82.51651, 18.14612 ], [ 82.52792, 18.14738 ], [ 82.53143, 18.14919 ], [ 82.53105, 18.14735 ], [ 82.52967, 18.14704 ], [ 82.53044, 18.14554 ], [ 82.52981, 18.14216 ], [ 82.52786, 18.14042 ], [ 82.52577, 18.14025 ], [ 82.52542, 18.13905 ], [ 82.52455, 18.13938 ], [ 82.52023, 18.13784 ], [ 82.51841, 18.14041 ], [ 82.51386, 18.14201 ], [ 82.51331, 18.14115 ], [ 82.51435, 18.14067 ], [ 82.50959, 18.13667 ], [ 82.50437, 18.13874 ], [ 82.5038, 18.13775 ], [ 82.50575, 18.13635 ], [ 82.50635, 18.1344 ], [ 82.50279, 18.13376 ], [ 82.50063, 18.12781 ], [ 82.50769, 18.12773 ], [ 82.50852, 18.13037 ], [ 82.51175, 18.13126 ], [ 82.51308, 18.13287 ], [ 82.51233, 18.12903 ], [ 82.51292, 18.1288 ], [ 82.51589, 18.12931 ], [ 82.51773, 18.13215 ], [ 82.51882, 18.13262 ], [ 82.52598, 18.1326 ], [ 82.52613, 18.13103 ], [ 82.52456, 18.12995 ], [ 82.5206, 18.12953 ], [ 82.51381, 18.12583 ], [ 82.51094, 18.12327 ], [ 82.5109, 18.11957 ], [ 82.51366, 18.11563 ], [ 82.51366, 18.11352 ], [ 82.51154, 18.11147 ], [ 82.50969, 18.11252 ], [ 82.50667, 18.10956 ], [ 82.51183, 18.10917 ], [ 82.5142, 18.11046 ], [ 82.51467, 18.10815 ], [ 82.51764, 18.10607 ], [ 82.52016, 18.10585 ], [ 82.52232, 18.10388 ], [ 82.52495, 18.09874 ], [ 82.52803, 18.09579 ], [ 82.52882, 18.09196 ], [ 82.53304, 18.08463 ], [ 82.53384, 18.07965 ], [ 82.53477, 18.07888 ], [ 82.53673, 18.08086 ], [ 82.54401, 18.07522 ], [ 82.54713, 18.07499 ], [ 82.55026, 18.07299 ], [ 82.55419, 18.07454 ], [ 82.55662, 18.0773 ], [ 82.55994, 18.07935 ], [ 82.56372, 18.06866 ], [ 82.57596, 18.06972 ], [ 82.57546, 18.07157 ], [ 82.57628, 18.07237 ], [ 82.57701, 18.07229 ], [ 82.5805, 18.06699 ], [ 82.58351, 18.06662 ], [ 82.59173, 18.07356 ], [ 82.60035, 18.06928 ], [ 82.60017, 18.06713 ], [ 82.60365, 18.06557 ], [ 82.60707, 18.06634 ], [ 82.60828, 18.06975 ], [ 82.607, 18.07127 ], [ 82.60875, 18.0736 ], [ 82.60826, 18.07454 ], [ 82.61205, 18.07256 ], [ 82.61288, 18.07354 ], [ 82.6117, 18.07484 ], [ 82.6123, 18.07558 ], [ 82.61903, 18.0731 ], [ 82.61768, 18.07251 ], [ 82.61791, 18.07009 ], [ 82.62025, 18.06681 ], [ 82.62508, 18.0668 ], [ 82.62502, 18.06559 ], [ 82.63195, 18.0628 ], [ 82.63027, 18.06079 ], [ 82.63339, 18.06078 ], [ 82.63664, 18.05909 ], [ 82.63652, 18.05583 ], [ 82.63732, 18.05429 ], [ 82.63868, 18.05374 ], [ 82.64132, 18.05471 ], [ 82.64225, 18.05908 ], [ 82.64532, 18.05666 ], [ 82.6492, 18.05549 ], [ 82.65172, 18.05559 ], [ 82.65813, 18.05949 ], [ 82.66804, 18.05994 ], [ 82.66946, 18.059 ], [ 82.66975, 18.05244 ], [ 82.66651, 18.04641 ], [ 82.65702, 18.05431 ], [ 82.65466, 18.04859 ], [ 82.64686, 18.0375 ], [ 82.65144, 18.02283 ], [ 82.65196, 18.02321 ], [ 82.65347, 18.02181 ], [ 82.64638, 18.01782 ], [ 82.64565, 18.01603 ], [ 82.64785, 18.01312 ], [ 82.65149, 18.0103 ], [ 82.65219, 18.00491 ], [ 82.65516, 18.00611 ], [ 82.65821, 18.01777 ], [ 82.66028, 18.0192 ], [ 82.66876, 18.02043 ], [ 82.66425, 18.01856 ], [ 82.66738, 18.0136 ], [ 82.66755, 18.00975 ], [ 82.6643, 18.01026 ], [ 82.6622, 18.00957 ], [ 82.66357, 18.00389 ], [ 82.66224, 18.00253 ], [ 82.65845, 18.00175 ], [ 82.65755, 17.99961 ], [ 82.65839, 17.9964 ], [ 82.66342, 17.99286 ], [ 82.66647, 17.98938 ], [ 82.66605, 17.98545 ], [ 82.67054, 17.98533 ], [ 82.67233, 17.98253 ], [ 82.67864, 17.97929 ], [ 82.68406, 17.97078 ], [ 82.69134, 17.96354 ], [ 82.69709, 17.96038 ], [ 82.7134, 17.95435 ], [ 82.71411, 17.95113 ], [ 82.70815, 17.94626 ], [ 82.71635, 17.94634 ], [ 82.72313, 17.94087 ], [ 82.72489, 17.93813 ], [ 82.72292, 17.93524 ], [ 82.72482, 17.93142 ], [ 82.7179, 17.92747 ], [ 82.71246, 17.92655 ], [ 82.70465, 17.9207 ], [ 82.70479, 17.91902 ], [ 82.70968, 17.91516 ], [ 82.70989, 17.91355 ], [ 82.70767, 17.90867 ], [ 82.70083, 17.89923 ], [ 82.69583, 17.89893 ], [ 82.6944, 17.89964 ], [ 82.69331, 17.90338 ], [ 82.68496, 17.90322 ], [ 82.6836, 17.90518 ], [ 82.6757, 17.90468 ], [ 82.67371, 17.90392 ], [ 82.67215, 17.90668 ], [ 82.66922, 17.90767 ], [ 82.66823, 17.90679 ], [ 82.66793, 17.90384 ], [ 82.66512, 17.90157 ], [ 82.66597, 17.90037 ], [ 82.66763, 17.90005 ], [ 82.67616, 17.90073 ], [ 82.67964, 17.897 ], [ 82.68271, 17.89729 ], [ 82.68814, 17.89499 ], [ 82.69104, 17.89204 ], [ 82.69194, 17.88924 ], [ 82.69496, 17.88905 ], [ 82.69595, 17.88682 ], [ 82.70118, 17.88439 ], [ 82.70198, 17.88574 ], [ 82.7051, 17.88557 ], [ 82.70554, 17.88513 ], [ 82.70282, 17.88353 ], [ 82.70279, 17.88239 ], [ 82.70075, 17.87961 ], [ 82.70552, 17.87635 ], [ 82.70564, 17.87481 ], [ 82.7067, 17.87403 ], [ 82.71597, 17.87168 ], [ 82.71602, 17.86823 ], [ 82.7127, 17.86479 ], [ 82.70355, 17.86394 ], [ 82.69912, 17.86469 ], [ 82.69705, 17.86367 ], [ 82.69583, 17.85427 ], [ 82.6935, 17.8497 ], [ 82.68686, 17.84869 ], [ 82.68369, 17.85232 ], [ 82.68439, 17.85266 ], [ 82.68442, 17.85456 ], [ 82.68105, 17.85492 ], [ 82.67964, 17.85633 ], [ 82.66438, 17.84804 ], [ 82.65425, 17.84487 ], [ 82.6465, 17.83996 ], [ 82.64263, 17.8362 ], [ 82.63903, 17.83467 ], [ 82.63706, 17.83458 ], [ 82.63248, 17.83238 ], [ 82.62404, 17.83594 ], [ 82.62214, 17.83844 ], [ 82.62281, 17.84107 ], [ 82.62155, 17.84184 ], [ 82.61881, 17.83872 ], [ 82.6119, 17.85098 ], [ 82.60588, 17.85985 ], [ 82.59434, 17.8762 ], [ 82.59085, 17.87896 ], [ 82.58929, 17.89568 ], [ 82.57869, 17.9008 ], [ 82.57031, 17.90227 ], [ 82.56093, 17.89738 ], [ 82.55343, 17.89208 ], [ 82.54976, 17.88841 ], [ 82.55002, 17.88665 ], [ 82.54428, 17.88471 ], [ 82.53708, 17.87906 ], [ 82.53026, 17.87718 ], [ 82.52706, 17.87417 ], [ 82.5238, 17.87348 ], [ 82.50501, 17.87375 ], [ 82.49823, 17.87955 ], [ 82.49576, 17.87309 ], [ 82.49235, 17.87473 ], [ 82.48656, 17.88046 ], [ 82.4802, 17.87635 ], [ 82.47691, 17.88188 ], [ 82.47966, 17.88832 ], [ 82.48205, 17.89111 ], [ 82.48098, 17.89865 ], [ 82.47719, 17.89831 ], [ 82.46916, 17.89968 ], [ 82.46524, 17.89893 ], [ 82.46063, 17.90062 ], [ 82.45295, 17.90172 ], [ 82.44898, 17.90135 ], [ 82.44692, 17.89989 ], [ 82.44349, 17.90688 ], [ 82.443, 17.91202 ], [ 82.42861, 17.91966 ], [ 82.42921, 17.92482 ], [ 82.43059, 17.92719 ], [ 82.42941, 17.92964 ], [ 82.43166, 17.93118 ], [ 82.43813, 17.93276 ], [ 82.44279, 17.9363 ], [ 82.44777, 17.93781 ], [ 82.44865, 17.94051 ], [ 82.44874, 17.94512 ], [ 82.44395, 17.9476 ], [ 82.44033, 17.94675 ], [ 82.43834, 17.95008 ], [ 82.43707, 17.95102 ], [ 82.43527, 17.95089 ], [ 82.43217, 17.9534 ], [ 82.43105, 17.95544 ], [ 82.43381, 17.95695 ], [ 82.43763, 17.96056 ], [ 82.44136, 17.96551 ], [ 82.44304, 17.96939 ], [ 82.44291, 17.97339 ], [ 82.44078, 17.97604 ], [ 82.43789, 17.97236 ], [ 82.43434, 17.97326 ], [ 82.43086, 17.97529 ], [ 82.43191, 17.98073 ], [ 82.42814, 17.98635 ], [ 82.42868, 17.98873 ], [ 82.43018, 17.99039 ], [ 82.43151, 17.9977 ], [ 82.43028, 17.99999 ], [ 82.42852, 18.00093 ], [ 82.42875, 18.00391 ], [ 82.42736, 18.00647 ], [ 82.42781, 18.00919 ], [ 82.42888, 18.01041 ], [ 82.43374, 18.00728 ], [ 82.43661, 18.00891 ], [ 82.44054, 18.0085 ], [ 82.44881, 18.01291 ], [ 82.45137, 18.02389 ], [ 82.45569, 18.03154 ], [ 82.45227, 18.03435 ], [ 82.44654, 18.03707 ], [ 82.44659, 18.03765 ], [ 82.45076, 18.03819 ], [ 82.44889, 18.04078 ], [ 82.44945, 18.0421 ], [ 82.44724, 18.04407 ], [ 82.44212, 18.04411 ], [ 82.43955, 18.04977 ], [ 82.44016, 18.05385 ], [ 82.44466, 18.0551 ], [ 82.44805, 18.05954 ], [ 82.44725, 18.06211 ], [ 82.44816, 18.06526 ], [ 82.44732, 18.06589 ], [ 82.44231, 18.06595 ], [ 82.44, 18.06827 ], [ 82.43413, 18.06685 ], [ 82.43243, 18.0688 ], [ 82.43318, 18.07166 ], [ 82.43258, 18.0724 ], [ 82.43033, 18.07084 ], [ 82.42665, 18.07068 ], [ 82.42212, 18.07426 ], [ 82.41554, 18.07441 ], [ 82.41359, 18.07522 ], [ 82.41211, 18.07701 ], [ 82.40716, 18.07923 ], [ 82.40274, 18.07993 ], [ 82.40042, 18.07953 ], [ 82.39894, 18.07601 ], [ 82.40368, 18.07087 ], [ 82.40855, 18.06772 ], [ 82.41249, 18.06343 ], [ 82.41231, 18.06129 ], [ 82.40895, 18.05818 ], [ 82.40575, 18.05271 ], [ 82.4034, 18.05144 ], [ 82.39982, 18.05165 ], [ 82.39772, 18.0507 ], [ 82.39506, 18.04832 ], [ 82.39215, 18.04317 ], [ 82.38953, 18.04139 ], [ 82.37998, 18.03992 ], [ 82.37787, 18.04154 ], [ 82.37306, 18.04203 ], [ 82.3683, 18.04438 ], [ 82.36623, 18.04337 ], [ 82.36616, 18.04132 ], [ 82.36463, 18.03996 ], [ 82.36255, 18.04274 ], [ 82.35931, 18.04343 ], [ 82.35932, 18.04709 ], [ 82.35789, 18.04823 ], [ 82.34975, 18.04713 ], [ 82.34887, 18.0447 ], [ 82.34675, 18.04357 ], [ 82.34596, 18.04515 ], [ 82.34353, 18.0464 ], [ 82.33852, 18.04611 ], [ 82.33825, 18.04457 ], [ 82.33484, 18.04556 ], [ 82.33572, 18.04986 ], [ 82.33788, 18.05308 ], [ 82.34074, 18.05479 ], [ 82.34245, 18.05753 ], [ 82.34388, 18.05799 ], [ 82.34708, 18.06995 ], [ 82.35064, 18.07381 ], [ 82.35178, 18.07659 ], [ 82.34732, 18.07998 ], [ 82.34781, 18.08276 ], [ 82.34958, 18.08563 ], [ 82.34701, 18.09484 ], [ 82.34708, 18.0981 ], [ 82.35353, 18.09959 ], [ 82.3616, 18.09989 ], [ 82.36302, 18.09911 ], [ 82.36749, 18.1014 ], [ 82.36931, 18.10464 ], [ 82.37121, 18.10427 ], [ 82.37498, 18.10548 ], [ 82.37866, 18.1042 ], [ 82.38103, 18.1053 ], [ 82.38435, 18.10485 ], [ 82.38603, 18.10566 ], [ 82.39054, 18.10564 ], [ 82.39511, 18.10918 ], [ 82.39742, 18.10754 ], [ 82.39778, 18.10506 ], [ 82.39904, 18.1038 ], [ 82.40431, 18.10235 ], [ 82.40528, 18.10518 ], [ 82.40984, 18.10744 ], [ 82.41108, 18.10975 ], [ 82.41398, 18.11005 ], [ 82.41451, 18.11121 ], [ 82.41342, 18.11323 ], [ 82.4138, 18.11593 ], [ 82.4167, 18.11738 ], [ 82.42161, 18.11741 ], [ 82.41816, 18.12303 ], [ 82.41796, 18.12558 ], [ 82.41953, 18.12537 ], [ 82.4191, 18.12418 ], [ 82.42131, 18.1247 ], [ 82.42774, 18.12151 ], [ 82.4293, 18.12142 ], [ 82.43063, 18.12233 ], [ 82.43035, 18.1245 ], [ 82.42711, 18.12775 ], [ 82.42621, 18.13006 ], [ 82.42199, 18.12903 ], [ 82.42335, 18.13087 ], [ 82.42119, 18.13144 ], [ 82.41958, 18.1352 ], [ 82.42049, 18.13615 ], [ 82.4267, 18.13742 ], [ 82.42896, 18.13475 ], [ 82.43362, 18.13509 ], [ 82.43312, 18.13858 ], [ 82.43421, 18.14055 ], [ 82.43371, 18.14681 ], [ 82.44213, 18.14337 ], [ 82.44351, 18.14478 ], [ 82.44568, 18.14459 ], [ 82.44634, 18.14185 ], [ 82.44593, 18.1378 ], [ 82.44675, 18.13496 ], [ 82.45205, 18.13902 ], [ 82.45275, 18.1329 ], [ 82.45379, 18.13313 ], [ 82.45542, 18.13176 ], [ 82.4615, 18.13351 ], [ 82.4634, 18.13346 ], [ 82.46362, 18.13029 ], [ 82.47207, 18.13067 ], [ 82.47412, 18.13142 ], [ 82.47401, 18.1328 ], [ 82.4704, 18.13332 ], [ 82.47616, 18.13615 ], [ 82.47938, 18.14094 ], [ 82.47759, 18.14136 ], [ 82.47422, 18.14048 ], [ 82.46918, 18.14156 ], [ 82.46758, 18.14356 ], [ 82.46207, 18.14064 ], [ 82.46155, 18.1423 ], [ 82.45892, 18.14084 ], [ 82.45831, 18.1416 ], [ 82.45872, 18.14509 ], [ 82.45386, 18.14421 ], [ 82.4543, 18.14578 ], [ 82.45208, 18.1466 ], [ 82.45571, 18.15495 ], [ 82.45403, 18.15768 ], [ 82.45386, 18.16057 ], [ 82.45488, 18.16123 ], [ 82.45796, 18.16042 ], [ 82.45982, 18.15873 ], [ 82.46374, 18.16032 ], [ 82.46506, 18.16272 ], [ 82.474, 18.16455 ], [ 82.47875, 18.16134 ], [ 82.4804, 18.16149 ], [ 82.48346, 18.15914 ], [ 82.48638, 18.16206 ], [ 82.48246, 18.16877 ], [ 82.48226, 18.16963 ], [ 82.48343, 18.17006 ], [ 82.48335, 18.17289 ], [ 82.48208, 18.1759 ], [ 82.48591, 18.17662 ], [ 82.49006, 18.17393 ], [ 82.49258, 18.17808 ], [ 82.49366, 18.17786 ], [ 82.49528, 18.17536 ] ], [ [ 82.58646, 18.05155 ], [ 82.58352, 18.05106 ], [ 82.58062, 18.05159 ], [ 82.57666, 18.04963 ], [ 82.57082, 18.05113 ], [ 82.57111, 18.04864 ], [ 82.56923, 18.04112 ], [ 82.57538, 18.03532 ], [ 82.58, 18.03292 ], [ 82.58956, 18.03195 ], [ 82.59154, 18.03386 ], [ 82.59147, 18.03476 ], [ 82.59313, 18.03488 ], [ 82.59479, 18.03326 ], [ 82.59578, 18.0344 ], [ 82.59938, 18.03475 ], [ 82.5985, 18.03633 ], [ 82.59623, 18.03579 ], [ 82.59305, 18.03766 ], [ 82.59259, 18.03928 ], [ 82.59682, 18.04156 ], [ 82.59692, 18.04284 ], [ 82.59941, 18.0433 ], [ 82.5915, 18.04719 ], [ 82.58646, 18.05155 ] ], [ [ 82.6058, 18.0547 ], [ 82.6145, 18.04574 ], [ 82.61693, 18.04586 ], [ 82.6196, 18.04839 ], [ 82.61904, 18.05104 ], [ 82.61332, 18.061 ], [ 82.61361, 18.06233 ], [ 82.60858, 18.06255 ], [ 82.60793, 18.06149 ], [ 82.60582, 18.05716 ], [ 82.6058, 18.0547 ] ], [ [ 82.47394, 18.12274 ], [ 82.47643, 18.11962 ], [ 82.47806, 18.12147 ], [ 82.4794, 18.12373 ], [ 82.47942, 18.12569 ], [ 82.47536, 18.12662 ], [ 82.47339, 18.12529 ], [ 82.47422, 18.12427 ], [ 82.47394, 18.12274 ] ] ], [ [ [ 82.44177, 18.20559 ], [ 82.44559, 18.20114 ], [ 82.44637, 18.20264 ], [ 82.44765, 18.2022 ], [ 82.45087, 18.20466 ], [ 82.45274, 18.20405 ], [ 82.4526, 18.19934 ], [ 82.45789, 18.20418 ], [ 82.46103, 18.20244 ], [ 82.45674, 18.19797 ], [ 82.45489, 18.19139 ], [ 82.4495, 18.19083 ], [ 82.44887, 18.18962 ], [ 82.45036, 18.18879 ], [ 82.45076, 18.1859 ], [ 82.45165, 18.18484 ], [ 82.45655, 18.18404 ], [ 82.45718, 18.18111 ], [ 82.45095, 18.18123 ], [ 82.44846, 18.1803 ], [ 82.44755, 18.1788 ], [ 82.44858, 18.17597 ], [ 82.44805, 18.17241 ], [ 82.44742, 18.17222 ], [ 82.44583, 18.17587 ], [ 82.44386, 18.17402 ], [ 82.44051, 18.17354 ], [ 82.43919, 18.17417 ], [ 82.43927, 18.17563 ], [ 82.44361, 18.17672 ], [ 82.4428, 18.18134 ], [ 82.44052, 18.18432 ], [ 82.43104, 18.18843 ], [ 82.42712, 18.19683 ], [ 82.42319, 18.20031 ], [ 82.42302, 18.20316 ], [ 82.42199, 18.20521 ], [ 82.42356, 18.20597 ], [ 82.42505, 18.2039 ], [ 82.42998, 18.20461 ], [ 82.43152, 18.20612 ], [ 82.43189, 18.20889 ], [ 82.43521, 18.20772 ], [ 82.43831, 18.2077 ], [ 82.44192, 18.20911 ], [ 82.44177, 18.20559 ] ], [ [ 82.43977, 18.19726 ], [ 82.4343, 18.19773 ], [ 82.43131, 18.19566 ], [ 82.432, 18.19403 ], [ 82.43481, 18.19251 ], [ 82.4347, 18.1903 ], [ 82.43827, 18.19063 ], [ 82.43815, 18.19318 ], [ 82.44274, 18.19315 ], [ 82.44459, 18.19539 ], [ 82.4446, 18.1975 ], [ 82.4421, 18.19916 ], [ 82.43977, 18.19726 ] ] ] ] } },
{ "type": "Feature", "properties": { "OBJECTID": 706, "state_lgd": "28", "state_name": "ANDHRA PRADESH", "district_lgd": "684", "district_name": "Alluri Sitarama Raju", "district_name_source": "district_table", "subdistrict_lgd": "4894", "subdistrict_name": "GANGAVARAM", "subdistrict_type": "Mandal", "name_corrupted": false, "remarks": "", "label_lon": 81.950122992404076, "label_lat": 17.387630988748263 }, "geometry": { "type": "Polygon", "coordinates": [ [ [ 81.94561, 17.54716 ], [ 81.94225, 17.54459 ], [ 81.94343, 17.53872 ], [ 81.94933, 17.53828 ], [ 81.95201, 17.53522 ], [ 81.9542, 17.52755 ], [ 81.95321, 17.52602 ], [ 81.95025, 17.52455 ], [ 81.94992, 17.5231 ], [ 81.95288, 17.51621 ], [ 81.95641, 17.51258 ], [ 81.95576, 17.51137 ], [ 81.95119, 17.51029 ], [ 81.95199, 17.50884 ], [ 81.95594, 17.50645 ], [ 81.95392, 17.50417 ], [ 81.95086, 17.49305 ], [ 81.95365, 17.49176 ], [ 81.95712, 17.49446 ], [ 81.95903, 17.49438 ], [ 81.96082, 17.49161 ], [ 81.97142, 17.48773 ], [ 81.97276, 17.48586 ], [ 81.97453, 17.4791 ], [ 81.97391, 17.47142 ], [ 81.97132, 17.45858 ], [ 81.96848, 17.4507 ], [ 81.96812, 17.44462 ], [ 81.9692, 17.44197 ], [ 81.96788, 17.43879 ], [ 81.96848, 17.43515 ], [ 81.96754, 17.43404 ], [ 81.96803, 17.42706 ], [ 81.96612, 17.41622 ], [ 81.96682, 17.40656 ], [ 81.97002, 17.40437 ], [ 81.97265, 17.40633 ], [ 81.97294, 17.40857 ], [ 81.97525, 17.41003 ], [ 81.97705, 17.40958 ], [ 81.97804, 17.41258 ], [ 81.98074, 17.41072 ], [ 81.98359, 17.41202 ], [ 81.98686, 17.41113 ], [ 81.98646, 17.4139 ], [ 81.98829, 17.41778 ], [ 81.99351, 17.41771 ], [ 81.99829, 17.41585 ], [ 82.00203, 17.41942 ], [ 82.00454, 17.41767 ], [ 82.00335, 17.40577 ], [ 82.018, 17.4037 ], [ 82.01979, 17.40433 ], [ 82.0226, 17.39482 ], [ 82.02006, 17.3921 ], [ 82.01931, 17.38784 ], [ 82.02028, 17.38759 ], [ 82.01984, 17.38086 ], [ 82.02073, 17.37544 ], [ 82.02222, 17.37497 ], [ 82.02334, 17.37212 ], [ 82.0281, 17.37551 ], [ 82.02774, 17.37722 ], [ 82.0324, 17.37782 ], [ 82.03196, 17.38248 ], [ 82.02985, 17.38766 ], [ 82.03227, 17.39097 ], [ 82.04018, 17.38891 ], [ 82.0401, 17.38529 ], [ 82.0416, 17.38065 ], [ 82.04385, 17.37943 ], [ 82.0475, 17.38016 ], [ 82.04918, 17.37824 ], [ 82.04672, 17.37881 ], [ 82.04516, 17.37777 ], [ 82.04561, 17.37586 ], [ 82.04755, 17.37399 ], [ 82.04836, 17.35276 ], [ 82.05651, 17.35002 ], [ 82.05573, 17.34792 ], [ 82.05646, 17.34641 ], [ 82.05497, 17.34323 ], [ 82.05618, 17.34134 ], [ 82.05834, 17.34124 ], [ 82.05869, 17.33768 ], [ 82.0626, 17.33266 ], [ 82.06235, 17.33156 ], [ 82.05894, 17.3282 ], [ 82.05868, 17.32393 ], [ 82.05328, 17.31526 ], [ 82.05987, 17.31157 ], [ 82.06037, 17.30617 ], [ 82.06178, 17.30412 ], [ 82.06392, 17.30379 ], [ 82.06877, 17.30548 ], [ 82.08051, 17.30147 ], [ 82.08648, 17.30218 ], [ 82.09031, 17.29891 ], [ 82.08879, 17.29722 ], [ 82.09352, 17.29387 ], [ 82.094, 17.29018 ], [ 82.08353, 17.28864 ], [ 82.08193, 17.28622 ], [ 82.072, 17.28648 ], [ 82.06946, 17.28786 ], [ 82.06731, 17.29046 ], [ 82.06618, 17.29539 ], [ 82.0611, 17.29256 ], [ 82.06048, 17.29115 ], [ 82.05003, 17.28384 ], [ 82.04799, 17.28107 ], [ 82.03971, 17.29023 ], [ 82.03799, 17.28868 ], [ 82.03841, 17.29197 ], [ 82.03923, 17.29203 ], [ 82.03824, 17.29588 ], [ 82.03881, 17.29858 ], [ 82.03622, 17.30527 ], [ 82.03637, 17.30687 ], [ 82.0357, 17.30716 ], [ 82.03477, 17.30579 ], [ 82.03313, 17.30555 ], [ 82.0291, 17.30707 ], [ 82.02649, 17.30901 ], [ 82.02501, 17.31179 ], [ 82.02125, 17.31024 ], [ 82.0152, 17.31232 ], [ 82.01119, 17.3098 ], [ 82.01008, 17.31663 ], [ 81.99918, 17.30939 ], [ 81.99849, 17.31095 ], [ 81.99628, 17.31085 ], [ 81.9904, 17.31306 ], [ 81.98513, 17.31141 ], [ 81.97578, 17.31415 ], [ 81.97581, 17.31477 ], [ 81.97419, 17.31531 ], [ 81.97637, 17.3038 ], [ 81.96291, 17.30066 ], [ 81.9648, 17.29246 ], [ 81.95543, 17.29228 ], [ 81.95196, 17.28515 ], [ 81.94702, 17.28565 ], [ 81.94507, 17.28241 ], [ 81.94135, 17.28096 ], [ 81.92468, 17.2809 ], [ 81.92477, 17.27957 ], [ 81.91603, 17.2798 ], [ 81.91751, 17.28192 ], [ 81.91674, 17.28435 ], [ 81.91709, 17.28633 ], [ 81.92048, 17.29236 ], [ 81.91816, 17.29207 ], [ 81.91856, 17.29451 ], [ 81.92107, 17.297 ], [ 81.91975, 17.30224 ], [ 81.92268, 17.3045 ], [ 81.92268, 17.30692 ], [ 81.92462, 17.30873 ], [ 81.92676, 17.31269 ], [ 81.92488, 17.31392 ], [ 81.92018, 17.30921 ], [ 81.91311, 17.30424 ], [ 81.90832, 17.30907 ], [ 81.90622, 17.31006 ], [ 81.90229, 17.31015 ], [ 81.9025, 17.31131 ], [ 81.89659, 17.31364 ], [ 81.89159, 17.31852 ], [ 81.88685, 17.31561 ], [ 81.88411, 17.31539 ], [ 81.88043, 17.31389 ], [ 81.88008, 17.31312 ], [ 81.88094, 17.31198 ], [ 81.87924, 17.31077 ], [ 81.87889, 17.30828 ], [ 81.88163, 17.30487 ], [ 81.88226, 17.2971 ], [ 81.8812, 17.29739 ], [ 81.8805, 17.29573 ], [ 81.87904, 17.295 ], [ 81.87896, 17.2938 ], [ 81.87455, 17.29424 ], [ 81.87124, 17.29303 ], [ 81.87073, 17.29149 ], [ 81.86754, 17.28843 ], [ 81.86422, 17.29178 ], [ 81.86289, 17.29173 ], [ 81.86165, 17.28931 ], [ 81.85999, 17.28916 ], [ 81.85858, 17.29591 ], [ 81.85702, 17.29781 ], [ 81.85498, 17.29888 ], [ 81.85122, 17.29855 ], [ 81.84612, 17.3012 ], [ 81.84456, 17.30382 ], [ 81.84519, 17.30607 ], [ 81.84344, 17.30916 ], [ 81.84501, 17.31007 ], [ 81.84536, 17.31359 ], [ 81.84891, 17.32031 ], [ 81.85308, 17.32431 ], [ 81.85852, 17.32684 ], [ 81.85966, 17.32883 ], [ 81.86445, 17.33143 ], [ 81.86925, 17.33264 ], [ 81.86962, 17.33489 ], [ 81.87402, 17.33861 ], [ 81.8743, 17.34273 ], [ 81.87638, 17.34327 ], [ 81.87604, 17.34629 ], [ 81.87702, 17.35382 ], [ 81.8825, 17.36744 ], [ 81.88347, 17.37522 ], [ 81.88097, 17.3869 ], [ 81.87695, 17.38942 ], [ 81.87639, 17.39245 ], [ 81.87716, 17.39662 ], [ 81.87633, 17.40136 ], [ 81.87865, 17.40435 ], [ 81.88788, 17.41042 ], [ 81.89363, 17.4185 ], [ 81.89365, 17.42029 ], [ 81.89453, 17.42137 ], [ 81.89403, 17.4264 ], [ 81.89084, 17.42953 ], [ 81.89023, 17.43134 ], [ 81.8902, 17.43553 ], [ 81.88803, 17.44139 ], [ 81.88823, 17.44369 ], [ 81.88593, 17.44456 ], [ 81.88782, 17.45009 ], [ 81.88688, 17.45615 ], [ 81.89118, 17.46571 ], [ 81.90106, 17.46611 ], [ 81.90261, 17.47327 ], [ 81.89721, 17.47312 ], [ 81.88523, 17.47931 ], [ 81.8779, 17.4822 ], [ 81.87794, 17.48296 ], [ 81.88016, 17.48596 ], [ 81.89385, 17.49389 ], [ 81.9004, 17.49647 ], [ 81.90044, 17.49943 ], [ 81.90195, 17.50105 ], [ 81.90552, 17.51091 ], [ 81.89898, 17.52132 ], [ 81.88579, 17.524 ], [ 81.89077, 17.52924 ], [ 81.89257, 17.53476 ], [ 81.89341, 17.53523 ], [ 81.90705, 17.54013 ], [ 81.90996, 17.54078 ], [ 81.92141, 17.54003 ], [ 81.9281, 17.54254 ], [ 81.93591, 17.54669 ], [ 81.94308, 17.54775 ], [ 81.94561, 17.54716 ] ] ] } },
{ "type": "Feature", "properties": { "OBJECTID": 727, "state_lgd": "28", "state_name": "ANDHRA PRADESH", "district_lgd": "684", "district_name": "Alluri Sitarama Raju", "district_name_source": "district_table", "subdistrict_lgd": "4850", "subdistrict_name": "GUDEM KOTHA VEEDHI", "subdistrict_type": "Mandal", "name_corrupted": false, "remarks": "", "label_lon": 82.177701966842406, "label_lat": 17.905710305337706 }, "geometry": { "type": "Polygon", "coordinates": [ [ [ 82.0871, 18.06893 ], [ 82.09609, 18.06743 ], [ 82.0964, 18.0634 ], [ 82.10203, 18.06024 ], [ 82.10444, 18.06087 ], [ 82.10787, 18.06326 ], [ 82.11365, 18.06123 ], [ 82.12063, 18.06423 ], [ 82.12498, 18.05967 ], [ 82.13349, 18.05989 ], [ 82.13468, 18.059 ], [ 82.13648, 18.05124 ], [ 82.13718, 18.04394 ], [ 82.14027, 18.04697 ], [ 82.14483, 18.04885 ], [ 82.14678, 18.05231 ], [ 82.15321, 18.04787 ], [ 82.15827, 18.05034 ], [ 82.16884, 18.05195 ], [ 82.17446, 18.04191 ], [ 82.18432, 18.02879 ], [ 82.17862, 18.02039 ], [ 82.18354, 18.0191 ], [ 82.1878, 18.01473 ], [ 82.18814, 18.01531 ], [ 82.19052, 18.01499 ], [ 82.19118, 18.01579 ], [ 82.19311, 18.01569 ], [ 82.19429, 18.01677 ], [ 82.19716, 18.01697 ], [ 82.19737, 18.01774 ], [ 82.19992, 18.01715 ], [ 82.20166, 18.01851 ], [ 82.20531, 18.01837 ], [ 82.20618, 18.01776 ], [ 82.20565, 18.01658 ], [ 82.20443, 18.01628 ], [ 82.2046, 18.01501 ], [ 82.20685, 18.01321 ], [ 82.2082, 18.01044 ], [ 82.21347, 18.00828 ], [ 82.21472, 18.0064 ], [ 82.22225, 18.00167 ], [ 82.23724, 18.00255 ], [ 82.24405, 17.99838 ], [ 82.24796, 17.99778 ], [ 82.25886, 17.99771 ], [ 82.26557, 17.99863 ], [ 82.26741, 17.99966 ], [ 82.28251, 17.99726 ], [ 82.30066, 17.9964 ], [ 82.32375, 17.99252 ], [ 82.32842, 17.99101 ], [ 82.33458, 17.98767 ], [ 82.33758, 17.98393 ], [ 82.35591, 17.98079 ], [ 82.35896, 17.95967 ], [ 82.36277, 17.94759 ], [ 82.34982, 17.93 ], [ 82.34069, 17.92346 ], [ 82.33104, 17.92201 ], [ 82.32925, 17.91968 ], [ 82.32931, 17.91793 ], [ 82.32451, 17.91758 ], [ 82.32308, 17.91665 ], [ 82.32203, 17.91386 ], [ 82.31772, 17.91175 ], [ 82.31285, 17.9063 ], [ 82.31585, 17.90434 ], [ 82.31496, 17.90366 ], [ 82.31673, 17.90083 ], [ 82.31485, 17.89988 ], [ 82.31674, 17.89714 ], [ 82.31514, 17.89113 ], [ 82.31671, 17.89167 ], [ 82.31833, 17.89075 ], [ 82.31758, 17.88686 ], [ 82.31875, 17.88635 ], [ 82.31862, 17.88557 ], [ 82.32, 17.88522 ], [ 82.32129, 17.88613 ], [ 82.32366, 17.88431 ], [ 82.32949, 17.88448 ], [ 82.33329, 17.87495 ], [ 82.32682, 17.87282 ], [ 82.32242, 17.87572 ], [ 82.32258, 17.87686 ], [ 82.32061, 17.87958 ], [ 82.3153, 17.87878 ], [ 82.31188, 17.88119 ], [ 82.31101, 17.8849 ], [ 82.30738, 17.88498 ], [ 82.30559, 17.8832 ], [ 82.30071, 17.8839 ], [ 82.29964, 17.87953 ], [ 82.29678, 17.87624 ], [ 82.29272, 17.86504 ], [ 82.29304, 17.86008 ], [ 82.29811, 17.86225 ], [ 82.3047, 17.86133 ], [ 82.30653, 17.86643 ], [ 82.30912, 17.87045 ], [ 82.31571, 17.86138 ], [ 82.31873, 17.86064 ], [ 82.31974, 17.85888 ], [ 82.32699, 17.85455 ], [ 82.3336, 17.85275 ], [ 82.34381, 17.85201 ], [ 82.34617, 17.84974 ], [ 82.35072, 17.84769 ], [ 82.35117, 17.84536 ], [ 82.34767, 17.83967 ], [ 82.34263, 17.83472 ], [ 82.34304, 17.83401 ], [ 82.34701, 17.82961 ], [ 82.34884, 17.82926 ], [ 82.35279, 17.83002 ], [ 82.36161, 17.83419 ], [ 82.36502, 17.83166 ], [ 82.36532, 17.82763 ], [ 82.36986, 17.81898 ], [ 82.37039, 17.81475 ], [ 82.37172, 17.8125 ], [ 82.37319, 17.81075 ], [ 82.37527, 17.81359 ], [ 82.37678, 17.81382 ], [ 82.37216, 17.77881 ], [ 82.36038, 17.77435 ], [ 82.34805, 17.76794 ], [ 82.33596, 17.76622 ], [ 82.34734, 17.75289 ], [ 82.33236, 17.74272 ], [ 82.31729, 17.73501 ], [ 82.30628, 17.73572 ], [ 82.29386, 17.735 ], [ 82.29247, 17.73533 ], [ 82.2906, 17.73958 ], [ 82.28941, 17.74053 ], [ 82.2789, 17.74002 ], [ 82.27477, 17.74083 ], [ 82.26689, 17.74464 ], [ 82.25931, 17.75095 ], [ 82.26293, 17.76244 ], [ 82.24825, 17.76371 ], [ 82.2383, 17.76788 ], [ 82.22753, 17.76945 ], [ 82.22549, 17.77795 ], [ 82.22455, 17.77912 ], [ 82.22041, 17.78015 ], [ 82.21269, 17.7807 ], [ 82.20666, 17.77825 ], [ 82.2014, 17.77752 ], [ 82.19601, 17.77895 ], [ 82.19524, 17.7825 ], [ 82.1884, 17.78291 ], [ 82.18699, 17.79164 ], [ 82.18385, 17.79412 ], [ 82.15085, 17.79614 ], [ 82.15439, 17.7902 ], [ 82.15478, 17.78569 ], [ 82.15098, 17.77563 ], [ 82.13024, 17.7761 ], [ 82.127, 17.7796 ], [ 82.12282, 17.77869 ], [ 82.12244, 17.78091 ], [ 82.12152, 17.7812 ], [ 82.11859, 17.78056 ], [ 82.11374, 17.77771 ], [ 82.11238, 17.77974 ], [ 82.10757, 17.78185 ], [ 82.10453, 17.78453 ], [ 82.10274, 17.78404 ], [ 82.10274, 17.78632 ], [ 82.10109, 17.79068 ], [ 82.09914, 17.79309 ], [ 82.0997, 17.79717 ], [ 82.09185, 17.80455 ], [ 82.0904, 17.81075 ], [ 82.09075, 17.81408 ], [ 82.08884, 17.81874 ], [ 82.08742, 17.82026 ], [ 82.08478, 17.81973 ], [ 82.08112, 17.81632 ], [ 82.07913, 17.81684 ], [ 82.07239, 17.81464 ], [ 82.07166, 17.8153 ], [ 82.0738, 17.82004 ], [ 82.07134, 17.82152 ], [ 82.06949, 17.82047 ], [ 82.06574, 17.82004 ], [ 82.0612, 17.82212 ], [ 82.05402, 17.82026 ], [ 82.0441, 17.82111 ], [ 82.04042, 17.82255 ], [ 82.03931, 17.8223 ], [ 82.03765, 17.81929 ], [ 82.03237, 17.81685 ], [ 82.03078, 17.81646 ], [ 82.02713, 17.81792 ], [ 82.02625, 17.81909 ], [ 82.02758, 17.82176 ], [ 82.03673, 17.82882 ], [ 82.03638, 17.83075 ], [ 82.02889, 17.8306 ], [ 82.02734, 17.8346 ], [ 82.03214, 17.84178 ], [ 82.0194, 17.84021 ], [ 82.01667, 17.85143 ], [ 82.01771, 17.85618 ], [ 82.01706, 17.86237 ], [ 82.01363, 17.86657 ], [ 82.0063, 17.86961 ], [ 82.00478, 17.87116 ], [ 82.00087, 17.87941 ], [ 82.00176, 17.88248 ], [ 82.00087, 17.88612 ], [ 82.002, 17.8872 ], [ 82.00163, 17.88947 ], [ 82.00254, 17.89042 ], [ 82.00357, 17.89468 ], [ 82.00255, 17.89642 ], [ 82.0027, 17.90084 ], [ 82.00627, 17.90335 ], [ 82.00663, 17.90589 ], [ 82.00838, 17.90785 ], [ 82.00789, 17.9102 ], [ 82.01052, 17.91158 ], [ 82.01317, 17.91662 ], [ 82.01558, 17.91887 ], [ 82.0179, 17.91922 ], [ 82.02029, 17.92116 ], [ 82.02061, 17.9279 ], [ 82.0244, 17.93059 ], [ 82.02774, 17.93167 ], [ 82.02776, 17.93548 ], [ 82.02701, 17.93687 ], [ 82.02916, 17.93768 ], [ 82.02956, 17.93931 ], [ 82.02598, 17.94348 ], [ 82.02611, 17.94614 ], [ 82.02223, 17.95234 ], [ 82.02235, 17.95717 ], [ 82.01205, 17.96164 ], [ 82.00718, 17.9655 ], [ 82.00693, 17.96713 ], [ 82.00952, 17.96961 ], [ 82.00814, 17.97306 ], [ 82.00965, 17.97698 ], [ 82.00989, 17.98039 ], [ 82.00796, 17.97964 ], [ 82.00748, 17.98181 ], [ 82.00129, 17.98648 ], [ 82.00112, 17.98945 ], [ 81.99677, 17.99638 ], [ 81.99654, 17.99974 ], [ 81.9913, 18.00234 ], [ 81.98529, 18.00287 ], [ 81.9845, 18.00588 ], [ 81.98253, 18.00542 ], [ 81.98171, 18.00763 ], [ 81.97849, 18.0114 ], [ 81.98006, 18.01271 ], [ 81.97936, 18.01442 ], [ 81.98251, 18.01813 ], [ 81.985, 18.0188 ], [ 81.98912, 18.01834 ], [ 81.99222, 18.02043 ], [ 81.99317, 18.02239 ], [ 81.99318, 18.02542 ], [ 81.99427, 18.02731 ], [ 82.00203, 18.03006 ], [ 82.00849, 18.02949 ], [ 82.0103, 18.03124 ], [ 82.01166, 18.03524 ], [ 82.00673, 18.0451 ], [ 82.00621, 18.05076 ], [ 82.00649, 18.05391 ], [ 82.00867, 18.05766 ], [ 82.01349, 18.05941 ], [ 82.02028, 18.0635 ], [ 82.02305, 18.06289 ], [ 82.02708, 18.06403 ], [ 82.02961, 18.06583 ], [ 82.03169, 18.06896 ], [ 82.03296, 18.06943 ], [ 82.03534, 18.06894 ], [ 82.03758, 18.06698 ], [ 82.03938, 18.06265 ], [ 82.03963, 18.05875 ], [ 82.04045, 18.05731 ], [ 82.05042, 18.05814 ], [ 82.06156, 18.05545 ], [ 82.06578, 18.05634 ], [ 82.06695, 18.05739 ], [ 82.06782, 18.06284 ], [ 82.07082, 18.06909 ], [ 82.07664, 18.07522 ], [ 82.0871, 18.06893 ] ], [ [ 82.10784, 17.78421 ], [ 82.10913, 17.78446 ], [ 82.10974, 17.78324 ], [ 82.11173, 17.78404 ], [ 82.10975, 17.78509 ], [ 82.10765, 17.78935 ], [ 82.10558, 17.78814 ], [ 82.10784, 17.78421 ] ] ] } },
{ "type": "Feature", "properties": { "OBJECTID": 750, "state_lgd": "28", "state_name": "ANDHRA PRADESH", "district_lgd": "684", "district_name": "Alluri Sitarama Raju", "district_name_source": "district_table", "subdistrict_lgd": "4846", "subdistrict_name": "HUKUMPETA", "subdistrict_type": "Mandal", "name_corrupted": false, "remarks": "", "label_lon": 82.766332120677049, "label_lat": 18.151260615423475 }, "geometry": { "type": "MultiPolygon", "coordinates": [ [ [ [ 82.70198, 18.11229 ], [ 82.70405, 18.11342 ], [ 82.70875, 18.11411 ], [ 82.71031, 18.11183 ], [ 82.70979, 18.10916 ], [ 82.70831, 18.10943 ], [ 82.70528, 18.10785 ], [ 82.70321, 18.10552 ], [ 82.70212, 18.10634 ], [ 82.70162, 18.10831 ], [ 82.70116, 18.11257 ], [ 82.70198, 18.11229 ] ] ], [ [ [ 82.69693, 18.11265 ], [ 82.69538, 18.11176 ], [ 82.69391, 18.10926 ], [ 82.6918, 18.109 ], [ 82.68651, 18.11029 ], [ 82.68135, 18.1096 ], [ 82.67766, 18.11477 ], [ 82.67104, 18.11921 ], [ 82.66264, 18.12067 ], [ 82.65669, 18.11872 ], [ 82.65351, 18.11677 ], [ 82.65297, 18.11769 ], [ 82.65339, 18.11973 ], [ 82.65637, 18.12268 ], [ 82.65638, 18.12424 ], [ 82.65579, 18.12551 ], [ 82.65269, 18.1257 ], [ 82.64947, 18.12188 ], [ 82.64995, 18.11968 ], [ 82.64936, 18.11848 ], [ 82.6461, 18.11728 ], [ 82.64209, 18.11782 ], [ 82.64001, 18.11556 ], [ 82.64008, 18.11146 ], [ 82.63918, 18.11019 ], [ 82.63471, 18.10872 ], [ 82.63685, 18.11907 ], [ 82.64267, 18.12023 ], [ 82.64328, 18.12734 ], [ 82.64009, 18.12832 ], [ 82.63732, 18.12662 ], [ 82.6284, 18.12694 ], [ 82.62771, 18.13228 ], [ 82.63112, 18.13322 ], [ 82.63124, 18.13847 ], [ 82.62877, 18.13918 ], [ 82.62498, 18.14476 ], [ 82.62504, 18.14623 ], [ 82.62134, 18.14803 ], [ 82.6228, 18.15245 ], [ 82.6265, 18.15195 ], [ 82.62835, 18.15277 ], [ 82.62822, 18.15407 ], [ 82.62529, 18.1546 ], [ 82.62441, 18.15612 ], [ 82.6231, 18.15979 ], [ 82.62398, 18.16115 ], [ 82.62315, 18.16385 ], [ 82.62413, 18.16637 ], [ 82.62107, 18.16862 ], [ 82.62269, 18.17154 ], [ 82.6244, 18.1729 ], [ 82.62445, 18.17525 ], [ 82.62895, 18.17375 ], [ 82.62879, 18.17576 ], [ 82.62969, 18.17624 ], [ 82.63169, 18.17439 ], [ 82.63456, 18.17347 ], [ 82.63521, 18.1722 ], [ 82.63719, 18.1721 ], [ 82.63836, 18.17384 ], [ 82.64083, 18.17535 ], [ 82.64667, 18.17441 ], [ 82.65087, 18.17712 ], [ 82.65022, 18.1793 ], [ 82.65114, 18.1814 ], [ 82.64926, 18.1823 ], [ 82.65061, 18.18476 ], [ 82.64976, 18.18589 ], [ 82.64953, 18.1898 ], [ 82.64994, 18.19131 ], [ 82.65148, 18.19242 ], [ 82.65178, 18.19552 ], [ 82.6485, 18.20157 ], [ 82.64618, 18.20314 ], [ 82.64809, 18.20542 ], [ 82.65109, 18.20588 ], [ 82.65239, 18.20696 ], [ 82.65307, 18.21306 ], [ 82.648, 18.21719 ], [ 82.64316, 18.21899 ], [ 82.63954, 18.21625 ], [ 82.63581, 18.2158 ], [ 82.63485, 18.21782 ], [ 82.63219, 18.21887 ], [ 82.63095, 18.2218 ], [ 82.63365, 18.2259 ], [ 82.62804, 18.22535 ], [ 82.62982, 18.2284 ], [ 82.62987, 18.23002 ], [ 82.6314, 18.23145 ], [ 82.6347, 18.23269 ], [ 82.63634, 18.23206 ], [ 82.63434, 18.23497 ], [ 82.63455, 18.23791 ], [ 82.63843, 18.23681 ], [ 82.64269, 18.24 ], [ 82.64605, 18.24396 ], [ 82.64863, 18.24499 ], [ 82.6517, 18.24886 ], [ 82.65469, 18.24775 ], [ 82.66111, 18.24132 ], [ 82.66707, 18.23932 ], [ 82.67321, 18.23922 ], [ 82.67653, 18.24061 ], [ 82.67842, 18.24271 ], [ 82.68139, 18.24018 ], [ 82.68131, 18.2382 ], [ 82.67911, 18.23649 ], [ 82.68402, 18.23334 ], [ 82.68886, 18.23551 ], [ 82.6905, 18.2377 ], [ 82.68926, 18.23946 ], [ 82.68694, 18.23833 ], [ 82.68616, 18.24054 ], [ 82.68708, 18.24259 ], [ 82.69039, 18.24347 ], [ 82.69349, 18.24248 ], [ 82.69815, 18.24311 ], [ 82.70012, 18.24491 ], [ 82.7002, 18.24821 ], [ 82.70125, 18.24796 ], [ 82.70691, 18.24365 ], [ 82.70975, 18.24417 ], [ 82.71276, 18.24144 ], [ 82.71587, 18.23465 ], [ 82.72633, 18.23273 ], [ 82.73174, 18.2288 ], [ 82.73413, 18.22942 ], [ 82.73467, 18.22812 ], [ 82.73833, 18.22885 ], [ 82.74117, 18.22835 ], [ 82.74393, 18.22933 ], [ 82.74544, 18.22802 ], [ 82.75131, 18.22919 ], [ 82.75277, 18.2315 ], [ 82.7524, 18.23456 ], [ 82.75319, 18.23947 ], [ 82.75639, 18.24168 ], [ 82.75978, 18.24121 ], [ 82.76734, 18.23934 ], [ 82.76875, 18.23548 ], [ 82.76497, 18.23231 ], [ 82.76419, 18.23083 ], [ 82.7654, 18.22966 ], [ 82.77659, 18.22747 ], [ 82.78581, 18.22966 ], [ 82.79009, 18.22931 ], [ 82.79177, 18.23035 ], [ 82.79699, 18.23888 ], [ 82.79666, 18.24775 ], [ 82.80568, 18.2466 ], [ 82.80707, 18.24517 ], [ 82.80656, 18.24023 ], [ 82.80983, 18.23699 ], [ 82.80624, 18.2348 ], [ 82.80038, 18.23382 ], [ 82.79803, 18.23216 ], [ 82.80252, 18.22938 ], [ 82.80447, 18.22635 ], [ 82.80215, 18.22546 ], [ 82.79967, 18.2231 ], [ 82.79943, 18.21904 ], [ 82.79662, 18.21914 ], [ 82.79432, 18.2142 ], [ 82.7944, 18.21316 ], [ 82.79603, 18.21341 ], [ 82.79917, 18.21497 ], [ 82.79942, 18.20865 ], [ 82.80582, 18.21159 ], [ 82.80568, 18.21625 ], [ 82.80823, 18.2156 ], [ 82.80913, 18.21647 ], [ 82.80827, 18.2187 ], [ 82.81078, 18.22107 ], [ 82.8136, 18.22194 ], [ 82.81988, 18.21657 ], [ 82.82195, 18.21681 ], [ 82.82155, 18.21229 ], [ 82.82301, 18.20714 ], [ 82.82789, 18.2044 ], [ 82.82828, 18.20053 ], [ 82.82415, 18.19675 ], [ 82.82486, 18.19483 ], [ 82.82646, 18.19364 ], [ 82.82805, 18.19329 ], [ 82.83212, 18.19446 ], [ 82.83481, 18.19657 ], [ 82.83622, 18.20228 ], [ 82.84187, 18.20203 ], [ 82.84367, 18.20352 ], [ 82.84822, 18.19939 ], [ 82.84796, 18.19618 ], [ 82.849, 18.19527 ], [ 82.84843, 18.19402 ], [ 82.85, 18.19318 ], [ 82.85464, 18.19587 ], [ 82.85411, 18.20439 ], [ 82.85793, 18.20658 ], [ 82.86688, 18.20136 ], [ 82.86771, 18.19897 ], [ 82.87001, 18.19986 ], [ 82.87219, 18.19796 ], [ 82.87343, 18.19557 ], [ 82.86971, 18.19109 ], [ 82.8685, 18.18452 ], [ 82.86895, 18.18138 ], [ 82.87331, 18.17844 ], [ 82.87855, 18.17292 ], [ 82.88008, 18.16804 ], [ 82.87799, 18.16397 ], [ 82.87807, 18.15637 ], [ 82.87875, 18.15541 ], [ 82.88596, 18.15743 ], [ 82.89298, 18.15697 ], [ 82.89438, 18.1585 ], [ 82.8997, 18.15855 ], [ 82.90187, 18.16007 ], [ 82.90568, 18.16103 ], [ 82.91798, 18.16288 ], [ 82.9229, 18.16208 ], [ 82.92434, 18.16261 ], [ 82.92331, 18.15908 ], [ 82.91447, 18.14335 ], [ 82.91348, 18.14272 ], [ 82.90451, 18.14381 ], [ 82.89597, 18.14209 ], [ 82.89102, 18.14193 ], [ 82.88333, 18.14395 ], [ 82.87234, 18.1415 ], [ 82.86728, 18.14212 ], [ 82.86615, 18.1416 ], [ 82.86514, 18.13979 ], [ 82.8653, 18.13491 ], [ 82.86372, 18.12705 ], [ 82.8593, 18.11992 ], [ 82.86093, 18.11678 ], [ 82.86488, 18.11397 ], [ 82.86768, 18.10991 ], [ 82.87003, 18.10422 ], [ 82.8626, 18.09891 ], [ 82.86255, 18.09488 ], [ 82.85646, 18.08586 ], [ 82.85383, 18.08334 ], [ 82.84049, 18.0785 ], [ 82.83722, 18.07836 ], [ 82.83289, 18.07948 ], [ 82.83236, 18.07759 ], [ 82.83341, 18.07425 ], [ 82.83301, 18.07181 ], [ 82.83567, 18.06741 ], [ 82.83428, 18.06052 ], [ 82.83615, 18.05521 ], [ 82.84596, 18.05545 ], [ 82.86496, 18.0582 ], [ 82.87515, 18.05543 ], [ 82.87729, 18.05642 ], [ 82.87709, 18.05115 ], [ 82.8795, 18.04592 ], [ 82.87978, 18.04228 ], [ 82.8808, 18.04216 ], [ 82.8802, 18.03868 ], [ 82.88113, 18.03614 ], [ 82.88034, 18.03384 ], [ 82.88132, 18.0332 ], [ 82.8843, 18.03414 ], [ 82.88775, 18.02896 ], [ 82.88783, 18.02784 ], [ 82.88623, 18.02572 ], [ 82.88118, 18.0242 ], [ 82.87891, 18.02057 ], [ 82.87898, 18.0177 ], [ 82.87706, 18.01165 ], [ 82.87387, 18.01037 ], [ 82.86883, 18.01024 ], [ 82.86134, 18.00343 ], [ 82.85962, 17.99898 ], [ 82.85889, 17.99901 ], [ 82.85702, 18.00355 ], [ 82.84935, 18.01266 ], [ 82.84422, 18.02498 ], [ 82.83975, 18.03011 ], [ 82.83482, 18.03173 ], [ 82.83272, 18.03162 ], [ 82.83041, 18.03377 ], [ 82.82895, 18.04254 ], [ 82.83187, 18.03797 ], [ 82.83493, 18.04354 ], [ 82.83179, 18.05102 ], [ 82.82855, 18.05012 ], [ 82.82689, 18.04668 ], [ 82.82511, 18.04488 ], [ 82.82253, 18.04815 ], [ 82.80654, 18.04586 ], [ 82.80659, 18.05018 ], [ 82.81419, 18.05286 ], [ 82.81672, 18.05533 ], [ 82.81177, 18.06162 ], [ 82.80582, 18.0629 ], [ 82.80678, 18.07303 ], [ 82.80463, 18.07298 ], [ 82.80035, 18.0713 ], [ 82.79683, 18.07227 ], [ 82.79365, 18.0714 ], [ 82.77897, 18.07211 ], [ 82.77724, 18.07316 ], [ 82.77578, 18.08122 ], [ 82.77395, 18.0805 ], [ 82.77633, 18.0691 ], [ 82.77602, 18.06624 ], [ 82.77443, 18.06421 ], [ 82.77413, 18.06579 ], [ 82.7717, 18.06741 ], [ 82.7665, 18.06849 ], [ 82.76363, 18.06705 ], [ 82.76189, 18.06725 ], [ 82.76041, 18.06851 ], [ 82.75414, 18.06778 ], [ 82.75209, 18.06947 ], [ 82.74917, 18.06972 ], [ 82.74507, 18.07619 ], [ 82.74398, 18.07552 ], [ 82.73848, 18.0766 ], [ 82.7364, 18.07815 ], [ 82.73327, 18.07825 ], [ 82.73387, 18.07989 ], [ 82.73735, 18.08048 ], [ 82.73935, 18.08193 ], [ 82.74085, 18.0841 ], [ 82.7399, 18.08668 ], [ 82.74229, 18.08811 ], [ 82.74595, 18.08752 ], [ 82.74719, 18.08929 ], [ 82.75015, 18.0938 ], [ 82.75138, 18.10297 ], [ 82.75571, 18.10992 ], [ 82.76248, 18.11254 ], [ 82.76116, 18.11847 ], [ 82.76335, 18.12028 ], [ 82.76267, 18.12238 ], [ 82.76637, 18.12264 ], [ 82.77247, 18.12512 ], [ 82.76997, 18.12801 ], [ 82.76359, 18.12927 ], [ 82.76323, 18.13456 ], [ 82.75696, 18.139 ], [ 82.75219, 18.13658 ], [ 82.74798, 18.13698 ], [ 82.74366, 18.13915 ], [ 82.74506, 18.15199 ], [ 82.74726, 18.15788 ], [ 82.7489, 18.15968 ], [ 82.74966, 18.15922 ], [ 82.74822, 18.1604 ], [ 82.74393, 18.16051 ], [ 82.74314, 18.15637 ], [ 82.74174, 18.1548 ], [ 82.73998, 18.15486 ], [ 82.73555, 18.15546 ], [ 82.72937, 18.16211 ], [ 82.72823, 18.1625 ], [ 82.72154, 18.15955 ], [ 82.71901, 18.15654 ], [ 82.71378, 18.15596 ], [ 82.71214, 18.15398 ], [ 82.71441, 18.15211 ], [ 82.72059, 18.1527 ], [ 82.72403, 18.15472 ], [ 82.72696, 18.15536 ], [ 82.73088, 18.15526 ], [ 82.73188, 18.15452 ], [ 82.73175, 18.14506 ], [ 82.7283, 18.14523 ], [ 82.72366, 18.14389 ], [ 82.72073, 18.1439 ], [ 82.71927, 18.14112 ], [ 82.71989, 18.13895 ], [ 82.7253, 18.13922 ], [ 82.73023, 18.13849 ], [ 82.73003, 18.1354 ], [ 82.73191, 18.13115 ], [ 82.73479, 18.13172 ], [ 82.73986, 18.13062 ], [ 82.74151, 18.12875 ], [ 82.73987, 18.12418 ], [ 82.73521, 18.12506 ], [ 82.73399, 18.12486 ], [ 82.73417, 18.12358 ], [ 82.73227, 18.12231 ], [ 82.7305, 18.12367 ], [ 82.72709, 18.12219 ], [ 82.72481, 18.12637 ], [ 82.72796, 18.12901 ], [ 82.72679, 18.13185 ], [ 82.72387, 18.13069 ], [ 82.71475, 18.12987 ], [ 82.70804, 18.12805 ], [ 82.70798, 18.13133 ], [ 82.70901, 18.13258 ], [ 82.70421, 18.13423 ], [ 82.70025, 18.12657 ], [ 82.69919, 18.12589 ], [ 82.69704, 18.12641 ], [ 82.69593, 18.12532 ], [ 82.69529, 18.1219 ], [ 82.69832, 18.12174 ], [ 82.69903, 18.12083 ], [ 82.70116, 18.11257 ], [ 82.69693, 18.11265 ] ], [ [ 82.74991, 18.21365 ], [ 82.7604, 18.22038 ], [ 82.76698, 18.22855 ], [ 82.76288, 18.2288 ], [ 82.75964, 18.22425 ], [ 82.75434, 18.22528 ], [ 82.75074, 18.22463 ], [ 82.74779, 18.22523 ], [ 82.74621, 18.22663 ], [ 82.74411, 18.22446 ], [ 82.73611, 18.22395 ], [ 82.73286, 18.22518 ], [ 82.72996, 18.22816 ], [ 82.72286, 18.22754 ], [ 82.72315, 18.22371 ], [ 82.73591, 18.22099 ], [ 82.73725, 18.22019 ], [ 82.73902, 18.21716 ], [ 82.74209, 18.21644 ], [ 82.74615, 18.21403 ], [ 82.74991, 18.21365 ] ] ], [ [ [ 82.93651, 18.21396 ], [ 82.93341, 18.20155 ], [ 82.93836, 18.19861 ], [ 82.94376, 18.19155 ], [ 82.95026, 18.19139 ], [ 82.959, 18.18721 ], [ 82.95401, 18.18346 ], [ 82.95293, 18.18151 ], [ 82.95167, 18.1823 ], [ 82.95089, 18.18601 ], [ 82.94994, 18.18662 ], [ 82.94931, 18.1861 ], [ 82.94374, 18.18823 ], [ 82.94076, 18.18857 ], [ 82.93807, 18.19039 ], [ 82.93748, 18.18931 ], [ 82.93597, 18.19007 ], [ 82.93228, 18.18998 ], [ 82.92987, 18.18777 ], [ 82.93132, 18.18283 ], [ 82.92883, 18.17848 ], [ 82.93054, 18.17668 ], [ 82.92333, 18.17763 ], [ 82.91873, 18.17613 ], [ 82.91865, 18.17719 ], [ 82.91566, 18.17963 ], [ 82.91286, 18.18506 ], [ 82.90972, 18.1853 ], [ 82.90837, 18.18451 ], [ 82.90092, 18.1839 ], [ 82.89762, 18.18505 ], [ 82.89434, 18.18401 ], [ 82.89181, 18.18454 ], [ 82.88963, 18.18633 ], [ 82.89019, 18.18856 ], [ 82.88929, 18.1965 ], [ 82.88699, 18.19622 ], [ 82.88147, 18.19811 ], [ 82.88119, 18.19968 ], [ 82.88352, 18.20117 ], [ 82.88852, 18.19999 ], [ 82.89935, 18.21476 ], [ 82.90393, 18.2194 ], [ 82.91865, 18.22484 ], [ 82.92025, 18.22328 ], [ 82.9225, 18.22278 ], [ 82.93249, 18.23307 ], [ 82.93281, 18.2296 ], [ 82.93498, 18.22758 ], [ 82.93692, 18.22305 ], [ 82.93543, 18.21662 ], [ 82.93651, 18.21396 ] ] ] ] } },
{ "type": "Feature", "properties": { "OBJECTID": 844, "state_lgd": "28", "state_name": "ANDHRA PRADESH", "district_lgd": "684", "district_name": "Alluri Sitarama Raju", "district_name_source": "district_table", "subdistrict_lgd": "4851", "subdistrict_name": "KOYYURU", "subdistrict_type": "Mandal", "name_corrupted": false, "remarks": "", "label_lon": 82.215052002622329, "label_lat": 17.713639675400227 }, "geometry": { "type": "MultiPolygon", "coordinates": [ [ [ [ 81.99326, 17.84582 ], [ 81.99828, 17.8456 ], [ 82.00024, 17.84466 ], [ 82.00786, 17.84531 ], [ 82.00985, 17.83522 ], [ 82.00995, 17.8278 ], [ 82.0186, 17.83786 ], [ 82.0194, 17.84021 ], [ 82.03214, 17.84178 ], [ 82.02734, 17.8346 ], [ 82.02889, 17.8306 ], [ 82.03638, 17.83075 ], [ 82.03679, 17.82958 ], [ 82.03673, 17.82882 ], [ 82.02758, 17.82176 ], [ 82.02625, 17.81909 ], [ 82.02713, 17.81792 ], [ 82.03078, 17.81646 ], [ 82.03765, 17.81929 ], [ 82.03931, 17.8223 ], [ 82.04042, 17.82255 ], [ 82.0441, 17.82111 ], [ 82.05402, 17.82026 ], [ 82.0612, 17.82212 ], [ 82.06574, 17.82004 ], [ 82.06949, 17.82047 ], [ 82.07134, 17.82152 ], [ 82.0738, 17.82004 ], [ 82.07166, 17.8153 ], [ 82.07239, 17.81464 ], [ 82.07913, 17.81684 ], [ 82.08112, 17.81632 ], [ 82.08478, 17.81973 ], [ 82.08742, 17.82026 ], [ 82.08884, 17.81874 ], [ 82.09075, 17.81408 ], [ 82.0904, 17.81075 ], [ 82.09185, 17.80455 ], [ 82.0997, 17.79717 ], [ 82.09914, 17.79309 ], [ 82.10109, 17.79068 ], [ 82.10274, 17.78632 ], [ 82.10274, 17.78404 ], [ 82.10453, 17.78453 ], [ 82.10757, 17.78185 ], [ 82.11238, 17.77974 ], [ 82.11374, 17.77771 ], [ 82.11859, 17.78056 ], [ 82.12152, 17.7812 ], [ 82.12244, 17.78091 ], [ 82.12282, 17.77869 ], [ 82.127, 17.7796 ], [ 82.13024, 17.7761 ], [ 82.15098, 17.77563 ], [ 82.15478, 17.78569 ], [ 82.15439, 17.7902 ], [ 82.15085, 17.79614 ], [ 82.18385, 17.79412 ], [ 82.18699, 17.79164 ], [ 82.1884, 17.78291 ], [ 82.19524, 17.7825 ], [ 82.19601, 17.77895 ], [ 82.2014, 17.77752 ], [ 82.20666, 17.77825 ], [ 82.21269, 17.7807 ], [ 82.22041, 17.78015 ], [ 82.22455, 17.77912 ], [ 82.22549, 17.77795 ], [ 82.22753, 17.76945 ], [ 82.2383, 17.76788 ], [ 82.24825, 17.76371 ], [ 82.26293, 17.76244 ], [ 82.25931, 17.75095 ], [ 82.26689, 17.74464 ], [ 82.27477, 17.74083 ], [ 82.2789, 17.74002 ], [ 82.28941, 17.74053 ], [ 82.2906, 17.73958 ], [ 82.29247, 17.73533 ], [ 82.29386, 17.735 ], [ 82.30628, 17.73572 ], [ 82.31729, 17.73501 ], [ 82.33236, 17.74272 ], [ 82.34734, 17.75289 ], [ 82.33596, 17.76622 ], [ 82.34805, 17.76794 ], [ 82.36038, 17.77435 ], [ 82.37216, 17.77881 ], [ 82.37662, 17.81396 ], [ 82.37734, 17.81422 ], [ 82.38034, 17.81311 ], [ 82.38404, 17.81005 ], [ 82.38408, 17.80684 ], [ 82.38293, 17.80339 ], [ 82.3849, 17.79995 ], [ 82.39069, 17.79539 ], [ 82.40222, 17.78829 ], [ 82.40703, 17.78272 ], [ 82.40453, 17.77795 ], [ 82.40567, 17.77602 ], [ 82.40856, 17.77634 ], [ 82.41067, 17.77525 ], [ 82.41454, 17.77537 ], [ 82.41626, 17.77282 ], [ 82.41901, 17.77185 ], [ 82.41981, 17.76871 ], [ 82.42239, 17.76999 ], [ 82.42365, 17.76839 ], [ 82.42631, 17.76948 ], [ 82.45539, 17.75962 ], [ 82.46922, 17.75818 ], [ 82.47178, 17.76045 ], [ 82.47403, 17.75833 ], [ 82.4767, 17.75808 ], [ 82.47812, 17.76069 ], [ 82.48502, 17.76587 ], [ 82.48698, 17.76859 ], [ 82.49086, 17.77794 ], [ 82.49262, 17.77997 ], [ 82.49823, 17.78133 ], [ 82.50805, 17.7869 ], [ 82.51061, 17.78717 ], [ 82.51229, 17.78591 ], [ 82.51501, 17.7776 ], [ 82.51627, 17.77646 ], [ 82.51891, 17.77585 ], [ 82.52048, 17.77765 ], [ 82.52531, 17.77826 ], [ 82.53384, 17.77067 ], [ 82.53761, 17.77163 ], [ 82.53857, 17.77552 ], [ 82.54588, 17.77986 ], [ 82.55065, 17.78471 ], [ 82.55183, 17.78462 ], [ 82.55564, 17.79011 ], [ 82.55989, 17.7908 ], [ 82.56426, 17.78536 ], [ 82.56921, 17.7882 ], [ 82.57447, 17.78404 ], [ 82.57702, 17.77582 ], [ 82.57247, 17.77288 ], [ 82.56873, 17.7736 ], [ 82.56412, 17.77215 ], [ 82.56176, 17.76769 ], [ 82.56121, 17.76212 ], [ 82.55972, 17.75916 ], [ 82.55922, 17.75269 ], [ 82.56107, 17.75173 ], [ 82.56087, 17.74691 ], [ 82.55874, 17.74582 ], [ 82.55308, 17.7464 ], [ 82.55342, 17.74291 ], [ 82.55224, 17.73679 ], [ 82.54997, 17.73369 ], [ 82.54983, 17.73082 ], [ 82.54781, 17.72964 ], [ 82.54617, 17.72724 ], [ 82.54852, 17.72609 ], [ 82.54664, 17.72396 ], [ 82.54422, 17.71722 ], [ 82.53427, 17.70974 ], [ 82.53121, 17.71006 ], [ 82.5298, 17.70933 ], [ 82.53011, 17.70616 ], [ 82.52677, 17.70322 ], [ 82.5246, 17.70264 ], [ 82.52113, 17.70373 ], [ 82.51749, 17.70057 ], [ 82.51546, 17.70027 ], [ 82.51158, 17.69721 ], [ 82.50611, 17.69456 ], [ 82.49889, 17.69407 ], [ 82.49949, 17.69669 ], [ 82.49835, 17.69896 ], [ 82.49701, 17.69937 ], [ 82.497, 17.70154 ], [ 82.49509, 17.70454 ], [ 82.49552, 17.7086 ], [ 82.49923, 17.71 ], [ 82.50259, 17.7129 ], [ 82.50614, 17.71437 ], [ 82.50993, 17.71855 ], [ 82.51151, 17.72339 ], [ 82.50431, 17.72017 ], [ 82.50051, 17.71482 ], [ 82.49822, 17.71622 ], [ 82.49644, 17.7188 ], [ 82.49752, 17.72218 ], [ 82.49629, 17.72289 ], [ 82.47768, 17.73269 ], [ 82.4725, 17.73403 ], [ 82.46723, 17.73697 ], [ 82.46345, 17.73797 ], [ 82.45861, 17.73802 ], [ 82.45548, 17.73713 ], [ 82.45414, 17.73593 ], [ 82.45344, 17.73152 ], [ 82.45433, 17.72734 ], [ 82.45083, 17.72326 ], [ 82.44363, 17.72509 ], [ 82.44279, 17.72612 ], [ 82.43943, 17.72611 ], [ 82.43482, 17.72482 ], [ 82.43044, 17.71848 ], [ 82.42443, 17.71457 ], [ 82.42732, 17.71323 ], [ 82.42908, 17.71037 ], [ 82.4275, 17.70561 ], [ 82.42388, 17.70103 ], [ 82.42327, 17.69891 ], [ 82.42059, 17.6978 ], [ 82.41679, 17.69439 ], [ 82.41306, 17.69318 ], [ 82.40138, 17.68624 ], [ 82.39717, 17.6821 ], [ 82.39395, 17.68399 ], [ 82.39103, 17.68435 ], [ 82.38724, 17.68192 ], [ 82.38554, 17.67842 ], [ 82.38004, 17.67835 ], [ 82.38062, 17.68115 ], [ 82.37329, 17.68656 ], [ 82.36964, 17.68517 ], [ 82.36553, 17.68177 ], [ 82.36013, 17.68196 ], [ 82.35814, 17.67534 ], [ 82.34656, 17.67758 ], [ 82.34834, 17.66694 ], [ 82.35299, 17.65892 ], [ 82.34187, 17.65051 ], [ 82.34403, 17.64635 ], [ 82.34707, 17.64305 ], [ 82.35139, 17.6419 ], [ 82.35865, 17.63612 ], [ 82.36032, 17.63854 ], [ 82.36326, 17.63933 ], [ 82.36773, 17.63746 ], [ 82.37353, 17.63654 ], [ 82.37353, 17.6407 ], [ 82.37606, 17.64234 ], [ 82.37606, 17.64459 ], [ 82.37926, 17.64466 ], [ 82.37933, 17.64664 ], [ 82.38325, 17.64881 ], [ 82.38656, 17.65201 ], [ 82.38649, 17.65313 ], [ 82.38519, 17.65341 ], [ 82.38547, 17.6546 ], [ 82.38099, 17.65669 ], [ 82.37822, 17.65588 ], [ 82.37826, 17.66215 ], [ 82.37956, 17.66241 ], [ 82.3794, 17.6639 ], [ 82.3803, 17.66359 ], [ 82.38033, 17.66447 ], [ 82.38581, 17.66336 ], [ 82.38598, 17.66442 ], [ 82.38808, 17.66361 ], [ 82.39266, 17.66375 ], [ 82.39353, 17.6657 ], [ 82.39319, 17.66988 ], [ 82.39686, 17.67178 ], [ 82.39977, 17.67111 ], [ 82.40445, 17.67136 ], [ 82.40493, 17.66849 ], [ 82.40682, 17.66538 ], [ 82.40837, 17.66456 ], [ 82.4075, 17.66235 ], [ 82.41035, 17.6615 ], [ 82.41053, 17.6606 ], [ 82.39393, 17.65237 ], [ 82.3933, 17.65073 ], [ 82.395, 17.6484 ], [ 82.39803, 17.64669 ], [ 82.40072, 17.6482 ], [ 82.40248, 17.64775 ], [ 82.40423, 17.64524 ], [ 82.40508, 17.64197 ], [ 82.40643, 17.64185 ], [ 82.41372, 17.64355 ], [ 82.42887, 17.65333 ], [ 82.4306, 17.64992 ], [ 82.43195, 17.64942 ], [ 82.42981, 17.64338 ], [ 82.43166, 17.64084 ], [ 82.43156, 17.63876 ], [ 82.43408, 17.63641 ], [ 82.43503, 17.63624 ], [ 82.43613, 17.63783 ], [ 82.43852, 17.63753 ], [ 82.44362, 17.63951 ], [ 82.44469, 17.63884 ], [ 82.44629, 17.63928 ], [ 82.44766, 17.63718 ], [ 82.4551, 17.63536 ], [ 82.45805, 17.636 ], [ 82.46007, 17.63454 ], [ 82.4629, 17.63109 ], [ 82.46136, 17.62326 ], [ 82.46399, 17.61817 ], [ 82.46185, 17.61201 ], [ 82.45887, 17.61128 ], [ 82.46045, 17.6071 ], [ 82.4473, 17.6052 ], [ 82.42192, 17.59814 ], [ 82.42286, 17.59448 ], [ 82.40209, 17.58916 ], [ 82.38164, 17.58176 ], [ 82.36612, 17.57456 ], [ 82.36091, 17.57488 ], [ 82.34825, 17.5688 ], [ 82.35074, 17.57169 ], [ 82.35412, 17.57263 ], [ 82.35647, 17.57495 ], [ 82.35643, 17.57623 ], [ 82.35233, 17.57869 ], [ 82.35262, 17.58109 ], [ 82.35416, 17.58193 ], [ 82.36127, 17.58091 ], [ 82.36426, 17.58255 ], [ 82.36644, 17.58259 ], [ 82.37003, 17.5841 ], [ 82.37278, 17.58602 ], [ 82.37684, 17.59278 ], [ 82.38295, 17.59703 ], [ 82.37191, 17.59895 ], [ 82.36624, 17.59631 ], [ 82.36269, 17.59295 ], [ 82.35825, 17.59114 ], [ 82.34923, 17.59058 ], [ 82.34103, 17.58727 ], [ 82.33159, 17.58869 ], [ 82.32725, 17.58545 ], [ 82.32528, 17.58503 ], [ 82.31556, 17.58627 ], [ 82.31387, 17.58704 ], [ 82.31087, 17.59083 ], [ 82.30404, 17.59016 ], [ 82.28886, 17.60524 ], [ 82.27465, 17.61212 ], [ 82.27683, 17.6206 ], [ 82.27638, 17.62445 ], [ 82.27339, 17.62448 ], [ 82.27275, 17.62318 ], [ 82.26956, 17.62405 ], [ 82.26751, 17.62221 ], [ 82.26617, 17.62298 ], [ 82.26495, 17.62248 ], [ 82.26316, 17.62378 ], [ 82.25998, 17.62195 ], [ 82.25919, 17.62316 ], [ 82.25684, 17.62258 ], [ 82.2568, 17.62139 ], [ 82.25494, 17.62106 ], [ 82.25337, 17.61964 ], [ 82.2519, 17.62135 ], [ 82.24866, 17.6194 ], [ 82.24716, 17.61999 ], [ 82.24612, 17.62372 ], [ 82.24415, 17.6247 ], [ 82.2432, 17.62631 ], [ 82.24204, 17.6263 ], [ 82.24171, 17.62798 ], [ 82.23874, 17.62829 ], [ 82.23025, 17.6374 ], [ 82.22813, 17.63873 ], [ 82.22594, 17.639 ], [ 82.22241, 17.63816 ], [ 82.21761, 17.63565 ], [ 82.21429, 17.63602 ], [ 82.21077, 17.63459 ], [ 82.20619, 17.6316 ], [ 82.20161, 17.627 ], [ 82.19952, 17.62639 ], [ 82.19575, 17.62343 ], [ 82.19367, 17.6237 ], [ 82.19084, 17.62254 ], [ 82.19011, 17.62089 ], [ 82.1906, 17.61847 ], [ 82.18959, 17.61768 ], [ 82.18817, 17.61847 ], [ 82.18702, 17.61604 ], [ 82.18456, 17.6158 ], [ 82.18544, 17.61435 ], [ 82.18054, 17.61009 ], [ 82.18142, 17.60878 ], [ 82.16445, 17.61228 ], [ 82.16291, 17.6105 ], [ 82.15128, 17.61874 ], [ 82.14965, 17.62121 ], [ 82.14792, 17.62684 ], [ 82.13767, 17.63538 ], [ 82.138, 17.64131 ], [ 82.13727, 17.64795 ], [ 82.12659, 17.65373 ], [ 82.11655, 17.65582 ], [ 82.11375, 17.65564 ], [ 82.10605, 17.65092 ], [ 82.09853, 17.65379 ], [ 82.09304, 17.65685 ], [ 82.08998, 17.65683 ], [ 82.08479, 17.65355 ], [ 82.08357, 17.65075 ], [ 82.07905, 17.64928 ], [ 82.07902, 17.64709 ], [ 82.07621, 17.64486 ], [ 82.07425, 17.64514 ], [ 82.07251, 17.64437 ], [ 82.07113, 17.64558 ], [ 82.06917, 17.64485 ], [ 82.06803, 17.64541 ], [ 82.06791, 17.64368 ], [ 82.06641, 17.64456 ], [ 82.06445, 17.64381 ], [ 82.06462, 17.64241 ], [ 82.06335, 17.64244 ], [ 82.06288, 17.6411 ], [ 82.06185, 17.64128 ], [ 82.06198, 17.63991 ], [ 82.06049, 17.63991 ], [ 82.06006, 17.63872 ], [ 82.05838, 17.63793 ], [ 82.05837, 17.63607 ], [ 82.05679, 17.63558 ], [ 82.05653, 17.64059 ], [ 82.05157, 17.64338 ], [ 82.04675, 17.64014 ], [ 82.04423, 17.64015 ], [ 82.03352, 17.63255 ], [ 82.0284, 17.6335 ], [ 82.02645, 17.63209 ], [ 82.02334, 17.63237 ], [ 82.02277, 17.62828 ], [ 82.0244, 17.62359 ], [ 82.02261, 17.62321 ], [ 82.02068, 17.62057 ], [ 82.01779, 17.61875 ], [ 82.01598, 17.61879 ], [ 82.01318, 17.62199 ], [ 82.00926, 17.62439 ], [ 82.00767, 17.62687 ], [ 82.00498, 17.62794 ], [ 82.00365, 17.63336 ], [ 82.00192, 17.63626 ], [ 82.00179, 17.63909 ], [ 82.00332, 17.64129 ], [ 82.00731, 17.64237 ], [ 82.00753, 17.64468 ], [ 82.01033, 17.64667 ], [ 82.00644, 17.64791 ], [ 82.00792, 17.65235 ], [ 82.00775, 17.65497 ], [ 82.00646, 17.65699 ], [ 82.00667, 17.65899 ], [ 82.00601, 17.65937 ], [ 82.01162, 17.66272 ], [ 82.01629, 17.66158 ], [ 82.02216, 17.66955 ], [ 82.02216, 17.67443 ], [ 82.01963, 17.67493 ], [ 82.01928, 17.67674 ], [ 82.02111, 17.67971 ], [ 82.0262, 17.68443 ], [ 82.02863, 17.69579 ], [ 82.0246, 17.70326 ], [ 82.02772, 17.70505 ], [ 82.02943, 17.7075 ], [ 82.03288, 17.70891 ], [ 82.03154, 17.71003 ], [ 82.03328, 17.71436 ], [ 82.02876, 17.71537 ], [ 82.03056, 17.71885 ], [ 82.03049, 17.72094 ], [ 82.02779, 17.7281 ], [ 82.02312, 17.73181 ], [ 82.01984, 17.73184 ], [ 82.01129, 17.73799 ], [ 82.01476, 17.7418 ], [ 82.01511, 17.74609 ], [ 82.01807, 17.74954 ], [ 82.01614, 17.75344 ], [ 82.0111, 17.75254 ], [ 82.00305, 17.75737 ], [ 82.00162, 17.76126 ], [ 81.99739, 17.76585 ], [ 81.98625, 17.76969 ], [ 81.9807, 17.7702 ], [ 81.97796, 17.76968 ], [ 81.97119, 17.76496 ], [ 81.96439, 17.76307 ], [ 81.9595, 17.7594 ], [ 81.96617, 17.74964 ], [ 81.9693, 17.74962 ], [ 81.97239, 17.74709 ], [ 81.96177, 17.74406 ], [ 81.95366, 17.74387 ], [ 81.94689, 17.74053 ], [ 81.93949, 17.74035 ], [ 81.93534, 17.73872 ], [ 81.92979, 17.74222 ], [ 81.92319, 17.74291 ], [ 81.92002, 17.74136 ], [ 81.91689, 17.74184 ], [ 81.90786, 17.74054 ], [ 81.89842, 17.74552 ], [ 81.88809, 17.74538 ], [ 81.88267, 17.74203 ], [ 81.88024, 17.74131 ], [ 81.87724, 17.74169 ], [ 81.86949, 17.74586 ], [ 81.86789, 17.74981 ], [ 81.86118, 17.75289 ], [ 81.86115, 17.75438 ], [ 81.86419, 17.75621 ], [ 81.86471, 17.75813 ], [ 81.86733, 17.75651 ], [ 81.86867, 17.75889 ], [ 81.87281, 17.76082 ], [ 81.87341, 17.76657 ], [ 81.87712, 17.77033 ], [ 81.87832, 17.77345 ], [ 81.88429, 17.77661 ], [ 81.8859, 17.77929 ], [ 81.89158, 17.78091 ], [ 81.89814, 17.78721 ], [ 81.89939, 17.78954 ], [ 81.90156, 17.78996 ], [ 81.90484, 17.79216 ], [ 81.91175, 17.79304 ], [ 81.9168, 17.79864 ], [ 81.9251, 17.80167 ], [ 81.92323, 17.80874 ], [ 81.93305, 17.81449 ], [ 81.94201, 17.81308 ], [ 81.94826, 17.81512 ], [ 81.9559, 17.81573 ], [ 81.9606, 17.81816 ], [ 81.96277, 17.82214 ], [ 81.96806, 17.82719 ], [ 81.97194, 17.84012 ], [ 81.97777, 17.84825 ], [ 81.98482, 17.85007 ], [ 81.98742, 17.85342 ], [ 81.99153, 17.85002 ], [ 81.99326, 17.84582 ] ] ], [ [ [ 82.42373, 17.77822 ], [ 82.42389, 17.77576 ], [ 82.42279, 17.77541 ], [ 82.42235, 17.77704 ], [ 82.42027, 17.77829 ], [ 82.41775, 17.77583 ], [ 82.41599, 17.77544 ], [ 82.41509, 17.7768 ], [ 82.415, 17.78177 ], [ 82.41765, 17.78496 ], [ 82.42027, 17.78219 ], [ 82.42127, 17.77912 ], [ 82.42373, 17.77822 ] ] ], [ [ [ 82.11172, 17.78451 ], [ 82.10974, 17.78324 ], [ 82.10913, 17.78446 ], [ 82.10784, 17.78421 ], [ 82.10581, 17.78844 ], [ 82.10765, 17.78935 ], [ 82.10975, 17.78509 ], [ 82.11172, 17.78451 ] ] ] ] } },
{ "type": "Feature", "properties": { "OBJECTID": 850, "state_lgd": "28", "state_name": "ANDHRA PRADESH", "district_lgd": "684", "district_name": "Alluri Sitarama Raju", "district_name_source": "district_table", "subdistrict_lgd": "4731", "subdistrict_name": "KUNAVARAM", "subdistrict_type": "Mandal", "name_corrupted": false, "remarks": "", "label_lon": 81.246868042157359, "label_lat": 17.646407550195331 }, "geometry": { "type": "Polygon", "coordinates": [ [ [ 81.32897, 17.74602 ], [ 81.34156, 17.74579 ], [ 81.34512, 17.73732 ], [ 81.34719, 17.73503 ], [ 81.35336, 17.73167 ], [ 81.36377, 17.73199 ], [ 81.37198, 17.73503 ], [ 81.378, 17.73984 ], [ 81.38185, 17.7412 ], [ 81.38444, 17.74017 ], [ 81.38229, 17.7316 ], [ 81.37261, 17.71199 ], [ 81.36956, 17.70776 ], [ 81.34788, 17.70565 ], [ 81.33871, 17.70549 ], [ 81.33277, 17.70467 ], [ 81.33016, 17.70332 ], [ 81.32756, 17.70134 ], [ 81.32127, 17.69207 ], [ 81.31576, 17.68588 ], [ 81.30758, 17.6705 ], [ 81.29316, 17.65498 ], [ 81.2867, 17.64344 ], [ 81.2853, 17.63854 ], [ 81.28471, 17.63393 ], [ 81.28612, 17.62149 ], [ 81.2853, 17.598 ], [ 81.28307, 17.59354 ], [ 81.27588, 17.5865 ], [ 81.26444, 17.58035 ], [ 81.26091, 17.57701 ], [ 81.25988, 17.57375 ], [ 81.26025, 17.57085 ], [ 81.26195, 17.56822 ], [ 81.26184, 17.56124 ], [ 81.25835, 17.56401 ], [ 81.24743, 17.56931 ], [ 81.24305, 17.56923 ], [ 81.23648, 17.56636 ], [ 81.22209, 17.56418 ], [ 81.21665, 17.56619 ], [ 81.21079, 17.57098 ], [ 81.20294, 17.57128 ], [ 81.19217, 17.57017 ], [ 81.18507, 17.57105 ], [ 81.17694, 17.57399 ], [ 81.16986, 17.57425 ], [ 81.16419, 17.57586 ], [ 81.15601, 17.57694 ], [ 81.15149, 17.57675 ], [ 81.13656, 17.58127 ], [ 81.12771, 17.5864 ], [ 81.12698, 17.58828 ], [ 81.12807, 17.59501 ], [ 81.12253, 17.60279 ], [ 81.11764, 17.61494 ], [ 81.12113, 17.61875 ], [ 81.12444, 17.62432 ], [ 81.12498, 17.6226 ], [ 81.14445, 17.62095 ], [ 81.1458, 17.61897 ], [ 81.14272, 17.61832 ], [ 81.14268, 17.61699 ], [ 81.14475, 17.61544 ], [ 81.14817, 17.61489 ], [ 81.1506, 17.61101 ], [ 81.15266, 17.61087 ], [ 81.15966, 17.6153 ], [ 81.16624, 17.61761 ], [ 81.16926, 17.62107 ], [ 81.17939, 17.61623 ], [ 81.18367, 17.62063 ], [ 81.18578, 17.63006 ], [ 81.18693, 17.63109 ], [ 81.19005, 17.63002 ], [ 81.2027, 17.62066 ], [ 81.20628, 17.62058 ], [ 81.20676, 17.62582 ], [ 81.20894, 17.63179 ], [ 81.21105, 17.63382 ], [ 81.20422, 17.64016 ], [ 81.20517, 17.64614 ], [ 81.20286, 17.65521 ], [ 81.20027, 17.65773 ], [ 81.19312, 17.66127 ], [ 81.19014, 17.66478 ], [ 81.19012, 17.66729 ], [ 81.18764, 17.67001 ], [ 81.19167, 17.67453 ], [ 81.1944, 17.67627 ], [ 81.20025, 17.68572 ], [ 81.21167, 17.68656 ], [ 81.22411, 17.68546 ], [ 81.23245, 17.6857 ], [ 81.23533, 17.6862 ], [ 81.2401, 17.68855 ], [ 81.24712, 17.6854 ], [ 81.24839, 17.68568 ], [ 81.25484, 17.69541 ], [ 81.25569, 17.71684 ], [ 81.25481, 17.72067 ], [ 81.25863, 17.72517 ], [ 81.26099, 17.72654 ], [ 81.26358, 17.72692 ], [ 81.26495, 17.73008 ], [ 81.2702, 17.73211 ], [ 81.27321, 17.73174 ], [ 81.27894, 17.73352 ], [ 81.28603, 17.73171 ], [ 81.28588, 17.72932 ], [ 81.29342, 17.72463 ], [ 81.30633, 17.72273 ], [ 81.31648, 17.72565 ], [ 81.31834, 17.72842 ], [ 81.32535, 17.72806 ], [ 81.3264, 17.74523 ], [ 81.3257, 17.74527 ], [ 81.32581, 17.74715 ], [ 81.32897, 17.74602 ] ] ] } },
{ "type": "Feature", "properties": { "OBJECTID": 888, "state_lgd": "28", "state_name": "ANDHRA PRADESH", "district_lgd": "684", "district_name": "Alluri Sitarama Raju", "district_name_source": "district_table", "subdistrict_lgd": "4884", "subdistrict_name": "MAREDUMILLI", "subdistrict_type": "Mandal", "name_corrupted": false, "remarks": "", "label_lon": 81.691054052262132, "label_lat": 17.638799321800736 }, "geometry": { "type": "Polygon", "coordinates": [ [ [ 81.80388, 17.85104 ], [ 81.80835, 17.85089 ], [ 81.81198, 17.84709 ], [ 81.80451, 17.83076 ], [ 81.80059, 17.81955 ], [ 81.79681, 17.81759 ], [ 81.79487, 17.81359 ], [ 81.79855, 17.81068 ], [ 81.80309, 17.81235 ], [ 81.80793, 17.81102 ], [ 81.80988, 17.8129 ], [ 81.81653, 17.8163 ], [ 81.82095, 17.81178 ], [ 81.82386, 17.8111 ], [ 81.82707, 17.80873 ], [ 81.82665, 17.80379 ], [ 81.82934, 17.79963 ], [ 81.8301, 17.79501 ], [ 81.83266, 17.79374 ], [ 81.83312, 17.79195 ], [ 81.84202, 17.78779 ], [ 81.84558, 17.7902 ], [ 81.85085, 17.78933 ], [ 81.85639, 17.79255 ], [ 81.85891, 17.79132 ], [ 81.86288, 17.78539 ], [ 81.86241, 17.78063 ], [ 81.8601, 17.7752 ], [ 81.86064, 17.77078 ], [ 81.85172, 17.76987 ], [ 81.84829, 17.75328 ], [ 81.851, 17.75099 ], [ 81.84816, 17.74576 ], [ 81.83531, 17.7288 ], [ 81.8274, 17.7131 ], [ 81.82511, 17.7106 ], [ 81.82341, 17.7046 ], [ 81.82082, 17.70173 ], [ 81.81495, 17.69951 ], [ 81.813, 17.69951 ], [ 81.81637, 17.68648 ], [ 81.81398, 17.68334 ], [ 81.81021, 17.68051 ], [ 81.80956, 17.67802 ], [ 81.80247, 17.66956 ], [ 81.80112, 17.66689 ], [ 81.80022, 17.65947 ], [ 81.80158, 17.64692 ], [ 81.79514, 17.64235 ], [ 81.78937, 17.63977 ], [ 81.78622, 17.63957 ], [ 81.78338, 17.64181 ], [ 81.77479, 17.64422 ], [ 81.7745, 17.64244 ], [ 81.77098, 17.64019 ], [ 81.7712, 17.63719 ], [ 81.76975, 17.63046 ], [ 81.77501, 17.62384 ], [ 81.77119, 17.61857 ], [ 81.77273, 17.61983 ], [ 81.77839, 17.61867 ], [ 81.78007, 17.62049 ], [ 81.78357, 17.62078 ], [ 81.78557, 17.62229 ], [ 81.79301, 17.61855 ], [ 81.79774, 17.61554 ], [ 81.79859, 17.61304 ], [ 81.79356, 17.61017 ], [ 81.79676, 17.60868 ], [ 81.79627, 17.60315 ], [ 81.79855, 17.59955 ], [ 81.80376, 17.59476 ], [ 81.80398, 17.59187 ], [ 81.81146, 17.59133 ], [ 81.81249, 17.58918 ], [ 81.81524, 17.58933 ], [ 81.81889, 17.58802 ], [ 81.82464, 17.59061 ], [ 81.83033, 17.58533 ], [ 81.83724, 17.58323 ], [ 81.84325, 17.5765 ], [ 81.85363, 17.57002 ], [ 81.86456, 17.56111 ], [ 81.86508, 17.56027 ], [ 81.86088, 17.54825 ], [ 81.8705, 17.53835 ], [ 81.87283, 17.53348 ], [ 81.86731, 17.53078 ], [ 81.86828, 17.5285 ], [ 81.86732, 17.52948 ], [ 81.86583, 17.52875 ], [ 81.86277, 17.52988 ], [ 81.86234, 17.53131 ], [ 81.85858, 17.5338 ], [ 81.85474, 17.53486 ], [ 81.85025, 17.53438 ], [ 81.84847, 17.53325 ], [ 81.8446, 17.53432 ], [ 81.83163, 17.5316 ], [ 81.82758, 17.53156 ], [ 81.81937, 17.53427 ], [ 81.8148, 17.53688 ], [ 81.81177, 17.53535 ], [ 81.80698, 17.53584 ], [ 81.80074, 17.5334 ], [ 81.7999, 17.52907 ], [ 81.80368, 17.52733 ], [ 81.80642, 17.52398 ], [ 81.80417, 17.51393 ], [ 81.80143, 17.51454 ], [ 81.79971, 17.51596 ], [ 81.7879, 17.51696 ], [ 81.78021, 17.51996 ], [ 81.7786, 17.5196 ], [ 81.7731, 17.51322 ], [ 81.76628, 17.51649 ], [ 81.7624, 17.51549 ], [ 81.76101, 17.51101 ], [ 81.76461, 17.50803 ], [ 81.76472, 17.50554 ], [ 81.76125, 17.50444 ], [ 81.75484, 17.50626 ], [ 81.75227, 17.50563 ], [ 81.75224, 17.50096 ], [ 81.75008, 17.49373 ], [ 81.74829, 17.49234 ], [ 81.74383, 17.49232 ], [ 81.73733, 17.48832 ], [ 81.7363, 17.4838 ], [ 81.73459, 17.48226 ], [ 81.72843, 17.48107 ], [ 81.72499, 17.47438 ], [ 81.72116, 17.47069 ], [ 81.72119, 17.46617 ], [ 81.72205, 17.4647 ], [ 81.72022, 17.4637 ], [ 81.71747, 17.4642 ], [ 81.71446, 17.46686 ], [ 81.71144, 17.46621 ], [ 81.70675, 17.46729 ], [ 81.70132, 17.46428 ], [ 81.70037, 17.46444 ], [ 81.69903, 17.46651 ], [ 81.69598, 17.46772 ], [ 81.69423, 17.47479 ], [ 81.68908, 17.48503 ], [ 81.68528, 17.48886 ], [ 81.67396, 17.49474 ], [ 81.66387, 17.49767 ], [ 81.65793, 17.501 ], [ 81.64963, 17.50997 ], [ 81.64532, 17.5134 ], [ 81.64262, 17.51416 ], [ 81.63356, 17.49797 ], [ 81.632, 17.49628 ], [ 81.63026, 17.49604 ], [ 81.62697, 17.4921 ], [ 81.61014, 17.49513 ], [ 81.5967, 17.48263 ], [ 81.59618, 17.48205 ], [ 81.60219, 17.47798 ], [ 81.60464, 17.47437 ], [ 81.60388, 17.47108 ], [ 81.5992, 17.46668 ], [ 81.59024, 17.46307 ], [ 81.58585, 17.4639 ], [ 81.58288, 17.46128 ], [ 81.57832, 17.46003 ], [ 81.5762, 17.45864 ], [ 81.57389, 17.46113 ], [ 81.57367, 17.46438 ], [ 81.57155, 17.46693 ], [ 81.57008, 17.46744 ], [ 81.56496, 17.46686 ], [ 81.55872, 17.46353 ], [ 81.55222, 17.46456 ], [ 81.55151, 17.46565 ], [ 81.55271, 17.47001 ], [ 81.55005, 17.47505 ], [ 81.55336, 17.48118 ], [ 81.54963, 17.48371 ], [ 81.5442, 17.48418 ], [ 81.5427, 17.48596 ], [ 81.54261, 17.4887 ], [ 81.54103, 17.49006 ], [ 81.53805, 17.48784 ], [ 81.53652, 17.48868 ], [ 81.52971, 17.49647 ], [ 81.51904, 17.49141 ], [ 81.52063, 17.50096 ], [ 81.52298, 17.50239 ], [ 81.52465, 17.50478 ], [ 81.52372, 17.50871 ], [ 81.5166, 17.50899 ], [ 81.51146, 17.51665 ], [ 81.51039, 17.51974 ], [ 81.51301, 17.52518 ], [ 81.51509, 17.53356 ], [ 81.51475, 17.53467 ], [ 81.51251, 17.53611 ], [ 81.51282, 17.53889 ], [ 81.51411, 17.54143 ], [ 81.51233, 17.54511 ], [ 81.5144, 17.54606 ], [ 81.51618, 17.54978 ], [ 81.51983, 17.55428 ], [ 81.51901, 17.55916 ], [ 81.52097, 17.56081 ], [ 81.52169, 17.56283 ], [ 81.52662, 17.56044 ], [ 81.52698, 17.56467 ], [ 81.53184, 17.56744 ], [ 81.5319, 17.56873 ], [ 81.52973, 17.57075 ], [ 81.52964, 17.57173 ], [ 81.53417, 17.57405 ], [ 81.53499, 17.57656 ], [ 81.53305, 17.57916 ], [ 81.53585, 17.5813 ], [ 81.5367, 17.58422 ], [ 81.53627, 17.58563 ], [ 81.53061, 17.59002 ], [ 81.52973, 17.59257 ], [ 81.52506, 17.59485 ], [ 81.52376, 17.59733 ], [ 81.52141, 17.59708 ], [ 81.517, 17.59875 ], [ 81.51637, 17.59985 ], [ 81.51897, 17.60328 ], [ 81.5235, 17.60582 ], [ 81.52362, 17.61185 ], [ 81.52128, 17.61374 ], [ 81.52632, 17.61496 ], [ 81.52624, 17.61608 ], [ 81.52452, 17.61769 ], [ 81.52423, 17.62146 ], [ 81.5283, 17.62482 ], [ 81.53146, 17.62546 ], [ 81.53306, 17.6305 ], [ 81.53973, 17.63482 ], [ 81.54155, 17.63755 ], [ 81.5443, 17.636 ], [ 81.54601, 17.63871 ], [ 81.54601, 17.64256 ], [ 81.54712, 17.6435 ], [ 81.54864, 17.64293 ], [ 81.55366, 17.65073 ], [ 81.5601, 17.66789 ], [ 81.56254, 17.66994 ], [ 81.56779, 17.68161 ], [ 81.57296, 17.68221 ], [ 81.57444, 17.68445 ], [ 81.57515, 17.68838 ], [ 81.58157, 17.69319 ], [ 81.58346, 17.69916 ], [ 81.58137, 17.71394 ], [ 81.58349, 17.73236 ], [ 81.60241, 17.74539 ], [ 81.61529, 17.75081 ], [ 81.62692, 17.76751 ], [ 81.63437, 17.77385 ], [ 81.67694, 17.77605 ], [ 81.68832, 17.77816 ], [ 81.70037, 17.78212 ], [ 81.70607, 17.7879 ], [ 81.70785, 17.79083 ], [ 81.70894, 17.7983 ], [ 81.71375, 17.8103 ], [ 81.71941, 17.81242 ], [ 81.73351, 17.82478 ], [ 81.74564, 17.83024 ], [ 81.75033, 17.83431 ], [ 81.76071, 17.83112 ], [ 81.77103, 17.84415 ], [ 81.78553, 17.84367 ], [ 81.78709, 17.84423 ], [ 81.80445, 17.861 ], [ 81.80887, 17.86362 ], [ 81.80925, 17.86162 ], [ 81.80446, 17.85501 ], [ 81.8033, 17.85235 ], [ 81.80388, 17.85104 ] ], [ [ 81.64492, 17.52631 ], [ 81.63148, 17.52499 ], [ 81.6344, 17.51641 ], [ 81.62945, 17.51124 ], [ 81.60727, 17.50828 ], [ 81.60311, 17.50348 ], [ 81.60188, 17.49968 ], [ 81.60095, 17.49899 ], [ 81.60271, 17.49677 ], [ 81.60595, 17.49493 ], [ 81.60889, 17.49502 ], [ 81.60963, 17.49689 ], [ 81.61339, 17.49746 ], [ 81.6193, 17.501 ], [ 81.63331, 17.51168 ], [ 81.63871, 17.51412 ], [ 81.64254, 17.51745 ], [ 81.6477, 17.51981 ], [ 81.64492, 17.52631 ] ] ] } },
{ "type": "Feature", "properties": { "OBJECTID": 908, "state_lgd": "28", "state_name": "ANDHRA PRADESH", "district_lgd": "684", "district_name": "Alluri Sitarama Raju", "district_name_source": "district_table", "subdistrict_lgd": "4841", "subdistrict_name": "MUNCHINGI PUTTU", "subdistrict_type": "Mandal", "name_corrupted": false, "remarks": "", "label_lon": 82.465141243470214, "label_lat": 18.371233003549577 }, "geometry": { "type": "Polygon", "coordinates": [ [ [ 82.4935, 18.54364 ], [ 82.49234, 18.54179 ], [ 82.484, 18.54332 ], [ 82.48134, 18.54061 ], [ 82.48395, 18.53545 ], [ 82.48759, 18.53261 ], [ 82.48594, 18.52877 ], [ 82.48684, 18.52752 ], [ 82.49063, 18.52668 ], [ 82.49405, 18.52455 ], [ 82.49573, 18.52194 ], [ 82.50037, 18.51891 ], [ 82.5051, 18.51345 ], [ 82.51097, 18.5176 ], [ 82.5152, 18.5181 ], [ 82.52028, 18.51759 ], [ 82.52286, 18.51625 ], [ 82.52597, 18.51632 ], [ 82.53011, 18.51174 ], [ 82.53216, 18.51099 ], [ 82.53107, 18.50874 ], [ 82.52698, 18.50588 ], [ 82.52966, 18.5013 ], [ 82.52649, 18.49629 ], [ 82.52789, 18.49385 ], [ 82.53199, 18.49243 ], [ 82.53327, 18.48828 ], [ 82.53293, 18.48688 ], [ 82.52829, 18.48305 ], [ 82.52785, 18.48065 ], [ 82.52857, 18.47994 ], [ 82.5319, 18.48049 ], [ 82.5339, 18.4789 ], [ 82.53419, 18.47773 ], [ 82.53084, 18.47303 ], [ 82.52477, 18.4717 ], [ 82.52368, 18.46956 ], [ 82.51945, 18.46722 ], [ 82.51942, 18.4656 ], [ 82.52389, 18.46349 ], [ 82.52834, 18.46421 ], [ 82.52739, 18.45966 ], [ 82.53325, 18.45866 ], [ 82.53726, 18.44643 ], [ 82.53956, 18.4436 ], [ 82.54126, 18.44481 ], [ 82.54447, 18.44938 ], [ 82.54134, 18.45416 ], [ 82.54237, 18.45763 ], [ 82.54523, 18.4564 ], [ 82.54689, 18.45396 ], [ 82.54876, 18.45305 ], [ 82.55258, 18.45504 ], [ 82.55482, 18.45448 ], [ 82.55659, 18.44982 ], [ 82.56034, 18.44946 ], [ 82.5614, 18.44849 ], [ 82.56095, 18.44518 ], [ 82.55652, 18.44297 ], [ 82.55662, 18.44161 ], [ 82.55815, 18.43966 ], [ 82.55058, 18.4333 ], [ 82.55214, 18.43008 ], [ 82.552, 18.42857 ], [ 82.54574, 18.42752 ], [ 82.54562, 18.4224 ], [ 82.54141, 18.42191 ], [ 82.5433, 18.41402 ], [ 82.54445, 18.41335 ], [ 82.54719, 18.41429 ], [ 82.54709, 18.4126 ], [ 82.53541, 18.40705 ], [ 82.53553, 18.40617 ], [ 82.54088, 18.39943 ], [ 82.54764, 18.39781 ], [ 82.55218, 18.39791 ], [ 82.55377, 18.39463 ], [ 82.55533, 18.39363 ], [ 82.55867, 18.39791 ], [ 82.56273, 18.39989 ], [ 82.56623, 18.39671 ], [ 82.571, 18.39467 ], [ 82.57256, 18.39454 ], [ 82.57446, 18.39629 ], [ 82.57583, 18.39623 ], [ 82.58388, 18.38673 ], [ 82.58863, 18.39163 ], [ 82.59273, 18.389 ], [ 82.5948, 18.38923 ], [ 82.59644, 18.38297 ], [ 82.60036, 18.3793 ], [ 82.60226, 18.37992 ], [ 82.60427, 18.38235 ], [ 82.60529, 18.38203 ], [ 82.60612, 18.37567 ], [ 82.60322, 18.37265 ], [ 82.60335, 18.37171 ], [ 82.60573, 18.37005 ], [ 82.60599, 18.36606 ], [ 82.60812, 18.36451 ], [ 82.61707, 18.36117 ], [ 82.61998, 18.36097 ], [ 82.6214, 18.35854 ], [ 82.61868, 18.35646 ], [ 82.61405, 18.35075 ], [ 82.60724, 18.3511 ], [ 82.60374, 18.35289 ], [ 82.60205, 18.35228 ], [ 82.6031, 18.34757 ], [ 82.60212, 18.3464 ], [ 82.60288, 18.34435 ], [ 82.60854, 18.34004 ], [ 82.6112, 18.33371 ], [ 82.61123, 18.33199 ], [ 82.60898, 18.32846 ], [ 82.60894, 18.32713 ], [ 82.60378, 18.32515 ], [ 82.60125, 18.32534 ], [ 82.59775, 18.3266 ], [ 82.59616, 18.32868 ], [ 82.59489, 18.32888 ], [ 82.58985, 18.32157 ], [ 82.58847, 18.31788 ], [ 82.58389, 18.31976 ], [ 82.58151, 18.31635 ], [ 82.58222, 18.31351 ], [ 82.57452, 18.3077 ], [ 82.57441, 18.30668 ], [ 82.57191, 18.30715 ], [ 82.56764, 18.30616 ], [ 82.566, 18.30653 ], [ 82.56376, 18.30531 ], [ 82.56242, 18.3013 ], [ 82.56379, 18.29748 ], [ 82.56255, 18.29816 ], [ 82.55825, 18.2979 ], [ 82.55494, 18.29527 ], [ 82.54981, 18.29591 ], [ 82.5484, 18.297 ], [ 82.547, 18.29648 ], [ 82.54682, 18.29449 ], [ 82.55157, 18.29181 ], [ 82.55354, 18.28709 ], [ 82.55214, 18.28515 ], [ 82.5482, 18.2835 ], [ 82.547, 18.27947 ], [ 82.5488, 18.27693 ], [ 82.55333, 18.27957 ], [ 82.55533, 18.27745 ], [ 82.55431, 18.27374 ], [ 82.55488, 18.27176 ], [ 82.5506, 18.27209 ], [ 82.54948, 18.2713 ], [ 82.54981, 18.26943 ], [ 82.55188, 18.26891 ], [ 82.55343, 18.26609 ], [ 82.55369, 18.26332 ], [ 82.55271, 18.2624 ], [ 82.55061, 18.26289 ], [ 82.54813, 18.26468 ], [ 82.54635, 18.26477 ], [ 82.54429, 18.26938 ], [ 82.54287, 18.26933 ], [ 82.54231, 18.27057 ], [ 82.54108, 18.27067 ], [ 82.54044, 18.27233 ], [ 82.53407, 18.2724 ], [ 82.53207, 18.27044 ], [ 82.53104, 18.27272 ], [ 82.52314, 18.27507 ], [ 82.52197, 18.27604 ], [ 82.52697, 18.27791 ], [ 82.52713, 18.28057 ], [ 82.52485, 18.28391 ], [ 82.52592, 18.28774 ], [ 82.52378, 18.29057 ], [ 82.51884, 18.29047 ], [ 82.51801, 18.28874 ], [ 82.51597, 18.28829 ], [ 82.51384, 18.28927 ], [ 82.51154, 18.28843 ], [ 82.50476, 18.2913 ], [ 82.50215, 18.28969 ], [ 82.49936, 18.29188 ], [ 82.49883, 18.29335 ], [ 82.49825, 18.29238 ], [ 82.49548, 18.29502 ], [ 82.49035, 18.29697 ], [ 82.48823, 18.29679 ], [ 82.48706, 18.29861 ], [ 82.48557, 18.29876 ], [ 82.48364, 18.29767 ], [ 82.48397, 18.29536 ], [ 82.48271, 18.29429 ], [ 82.48135, 18.29594 ], [ 82.48138, 18.29809 ], [ 82.48219, 18.29982 ], [ 82.48445, 18.30038 ], [ 82.4823, 18.30233 ], [ 82.4812, 18.30464 ], [ 82.48355, 18.30914 ], [ 82.48228, 18.31098 ], [ 82.4822, 18.31467 ], [ 82.48075, 18.31651 ], [ 82.47662, 18.31596 ], [ 82.47516, 18.31136 ], [ 82.47397, 18.31031 ], [ 82.4725, 18.31109 ], [ 82.47071, 18.30618 ], [ 82.46942, 18.30592 ], [ 82.46511, 18.3067 ], [ 82.46271, 18.31238 ], [ 82.46085, 18.31195 ], [ 82.45509, 18.3148 ], [ 82.45324, 18.31485 ], [ 82.45193, 18.31985 ], [ 82.45097, 18.32036 ], [ 82.44636, 18.32038 ], [ 82.43935, 18.31414 ], [ 82.43692, 18.31421 ], [ 82.43509, 18.31695 ], [ 82.43205, 18.31606 ], [ 82.43122, 18.31502 ], [ 82.4312, 18.31263 ], [ 82.43353, 18.30925 ], [ 82.43922, 18.30657 ], [ 82.4399, 18.3055 ], [ 82.43908, 18.30405 ], [ 82.43737, 18.30432 ], [ 82.43645, 18.30278 ], [ 82.43801, 18.30096 ], [ 82.43966, 18.30037 ], [ 82.44307, 18.29549 ], [ 82.4427, 18.29296 ], [ 82.44337, 18.29186 ], [ 82.44611, 18.29225 ], [ 82.4472, 18.2915 ], [ 82.44735, 18.28978 ], [ 82.44495, 18.28827 ], [ 82.44396, 18.28654 ], [ 82.44782, 18.28257 ], [ 82.44897, 18.2826 ], [ 82.44842, 18.27707 ], [ 82.44772, 18.27379 ], [ 82.44643, 18.27292 ], [ 82.44401, 18.27331 ], [ 82.44378, 18.27208 ], [ 82.43947, 18.27378 ], [ 82.43749, 18.27138 ], [ 82.43584, 18.2708 ], [ 82.43185, 18.27497 ], [ 82.42925, 18.27369 ], [ 82.42675, 18.27391 ], [ 82.42485, 18.27156 ], [ 82.42564, 18.2647 ], [ 82.42521, 18.26205 ], [ 82.42475, 18.26134 ], [ 82.42339, 18.26189 ], [ 82.42222, 18.26108 ], [ 82.4207, 18.25879 ], [ 82.42149, 18.25753 ], [ 82.42541, 18.25604 ], [ 82.42683, 18.25358 ], [ 82.42873, 18.25273 ], [ 82.42784, 18.24458 ], [ 82.42918, 18.24306 ], [ 82.42621, 18.23781 ], [ 82.4239, 18.23541 ], [ 82.42376, 18.23379 ], [ 82.41889, 18.23102 ], [ 82.41559, 18.22501 ], [ 82.41573, 18.22327 ], [ 82.41745, 18.22335 ], [ 82.41953, 18.22507 ], [ 82.4214, 18.22502 ], [ 82.42196, 18.22374 ], [ 82.42072, 18.22183 ], [ 82.4176, 18.21866 ], [ 82.40827, 18.22147 ], [ 82.4075, 18.22287 ], [ 82.40769, 18.2258 ], [ 82.40687, 18.22662 ], [ 82.40553, 18.22683 ], [ 82.39907, 18.22454 ], [ 82.39607, 18.22559 ], [ 82.38647, 18.22593 ], [ 82.3864, 18.22693 ], [ 82.38395, 18.22796 ], [ 82.38266, 18.22076 ], [ 82.37671, 18.21934 ], [ 82.37591, 18.21703 ], [ 82.37785, 18.21508 ], [ 82.37713, 18.21269 ], [ 82.37575, 18.21242 ], [ 82.3689, 18.21579 ], [ 82.3703, 18.21908 ], [ 82.36932, 18.22103 ], [ 82.37043, 18.22325 ], [ 82.36742, 18.22473 ], [ 82.36769, 18.22744 ], [ 82.36153, 18.23061 ], [ 82.36099, 18.23342 ], [ 82.35992, 18.2344 ], [ 82.35823, 18.23201 ], [ 82.35837, 18.22629 ], [ 82.36141, 18.22626 ], [ 82.36079, 18.22487 ], [ 82.35778, 18.22121 ], [ 82.35555, 18.22065 ], [ 82.35113, 18.21523 ], [ 82.3463, 18.21158 ], [ 82.34571, 18.20901 ], [ 82.34379, 18.20665 ], [ 82.34148, 18.20557 ], [ 82.33986, 18.20324 ], [ 82.33616, 18.20063 ], [ 82.33024, 18.19866 ], [ 82.32882, 18.19645 ], [ 82.32945, 18.19445 ], [ 82.3138, 18.18707 ], [ 82.31234, 18.19274 ], [ 82.31354, 18.19715 ], [ 82.31084, 18.20409 ], [ 82.31225, 18.20538 ], [ 82.32489, 18.21041 ], [ 82.32842, 18.21608 ], [ 82.33706, 18.22431 ], [ 82.33144, 18.22513 ], [ 82.32441, 18.23121 ], [ 82.32673, 18.23638 ], [ 82.32994, 18.23676 ], [ 82.33653, 18.24077 ], [ 82.33586, 18.25 ], [ 82.33354, 18.25107 ], [ 82.33336, 18.25291 ], [ 82.33546, 18.25705 ], [ 82.33612, 18.26117 ], [ 82.34005, 18.26234 ], [ 82.34044, 18.27223 ], [ 82.34467, 18.28055 ], [ 82.35555, 18.28055 ], [ 82.35894, 18.28146 ], [ 82.36319, 18.27987 ], [ 82.3659, 18.27761 ], [ 82.37481, 18.28105 ], [ 82.3765, 18.28068 ], [ 82.37831, 18.28434 ], [ 82.38089, 18.28544 ], [ 82.38249, 18.28798 ], [ 82.38581, 18.29024 ], [ 82.38707, 18.29342 ], [ 82.39234, 18.29795 ], [ 82.39157, 18.3098 ], [ 82.39506, 18.31564 ], [ 82.39411, 18.31705 ], [ 82.39283, 18.32596 ], [ 82.39007, 18.32688 ], [ 82.38896, 18.32851 ], [ 82.38427, 18.3296 ], [ 82.37946, 18.32853 ], [ 82.37807, 18.32706 ], [ 82.37509, 18.32869 ], [ 82.36753, 18.32371 ], [ 82.36734, 18.32187 ], [ 82.364, 18.31846 ], [ 82.35587, 18.31592 ], [ 82.35432, 18.31722 ], [ 82.34902, 18.31652 ], [ 82.34623, 18.31914 ], [ 82.34276, 18.32045 ], [ 82.34048, 18.32241 ], [ 82.33822, 18.32671 ], [ 82.33813, 18.32803 ], [ 82.3405, 18.32821 ], [ 82.34409, 18.33079 ], [ 82.34694, 18.32883 ], [ 82.34899, 18.33044 ], [ 82.35247, 18.33357 ], [ 82.3558, 18.33844 ], [ 82.36311, 18.34422 ], [ 82.36449, 18.35277 ], [ 82.36818, 18.35386 ], [ 82.36984, 18.35604 ], [ 82.36988, 18.35852 ], [ 82.37233, 18.35842 ], [ 82.37682, 18.35984 ], [ 82.38442, 18.36578 ], [ 82.38555, 18.36751 ], [ 82.38445, 18.36942 ], [ 82.38552, 18.37714 ], [ 82.38402, 18.3845 ], [ 82.38607, 18.38627 ], [ 82.38148, 18.38964 ], [ 82.38066, 18.40019 ], [ 82.37963, 18.4038 ], [ 82.37522, 18.40634 ], [ 82.37093, 18.41425 ], [ 82.36421, 18.42154 ], [ 82.37574, 18.43003 ], [ 82.382, 18.43258 ], [ 82.38324, 18.43781 ], [ 82.38536, 18.44041 ], [ 82.38665, 18.44501 ], [ 82.3927, 18.44865 ], [ 82.39603, 18.44917 ], [ 82.3968, 18.45422 ], [ 82.40254, 18.4617 ], [ 82.40352, 18.46422 ], [ 82.41497, 18.47443 ], [ 82.42048, 18.4764 ], [ 82.43193, 18.48691 ], [ 82.43416, 18.49177 ], [ 82.43674, 18.49314 ], [ 82.43791, 18.49485 ], [ 82.43726, 18.49632 ], [ 82.43473, 18.4966 ], [ 82.43384, 18.49789 ], [ 82.43715, 18.50094 ], [ 82.43813, 18.50626 ], [ 82.44285, 18.50843 ], [ 82.44415, 18.51326 ], [ 82.44558, 18.51484 ], [ 82.45098, 18.51737 ], [ 82.45538, 18.521 ], [ 82.45786, 18.52422 ], [ 82.46098, 18.5255 ], [ 82.46412, 18.53287 ], [ 82.46863, 18.5349 ], [ 82.47003, 18.53837 ], [ 82.47347, 18.54258 ], [ 82.47969, 18.54591 ], [ 82.48275, 18.54872 ], [ 82.48728, 18.5498 ], [ 82.49151, 18.54802 ], [ 82.4935, 18.54364 ] ] ] } },
{ "type": "Feature", "properties": { "OBJECTID": 962, "state_lgd": "28", "state_name": "ANDHRA PRADESH", "district_lgd": "684", "district_name": "Alluri Sitarama Raju", "district_name_source": "district_table", "subdistrict_lgd": "4847", "subdistrict_name": "PADERU", "subdistrict_type": "Mandal", "name_corrupted": false, "remarks": "", "label_lon": 82.712011660764261, "label_lat": 18.042870593043038 }, "geometry": { "type": "MultiPolygon", "coordinates": [ [ [ [ 82.58646, 18.05155 ], [ 82.5915, 18.04719 ], [ 82.59941, 18.0433 ], [ 82.59692, 18.04284 ], [ 82.59682, 18.04156 ], [ 82.59259, 18.03928 ], [ 82.59305, 18.03766 ], [ 82.59623, 18.03579 ], [ 82.5985, 18.03633 ], [ 82.59938, 18.03475 ], [ 82.59578, 18.0344 ], [ 82.59479, 18.03326 ], [ 82.59313, 18.03488 ], [ 82.59147, 18.03476 ], [ 82.59154, 18.03386 ], [ 82.58956, 18.03195 ], [ 82.58, 18.03292 ], [ 82.57538, 18.03532 ], [ 82.56923, 18.04112 ], [ 82.57111, 18.04864 ], [ 82.57082, 18.05113 ], [ 82.57666, 18.04963 ], [ 82.58062, 18.05159 ], [ 82.58352, 18.05106 ], [ 82.58646, 18.05155 ] ] ], [ [ [ 82.70116, 18.11257 ], [ 82.69903, 18.12083 ], [ 82.69832, 18.12174 ], [ 82.69529, 18.1219 ], [ 82.69559, 18.12376 ], [ 82.69642, 18.12618 ], [ 82.69919, 18.12589 ], [ 82.70025, 18.12657 ], [ 82.70421, 18.13423 ], [ 82.70901, 18.13258 ], [ 82.70798, 18.13133 ], [ 82.70804, 18.12805 ], [ 82.71475, 18.12987 ], [ 82.72387, 18.13069 ], [ 82.72679, 18.13185 ], [ 82.72796, 18.12901 ], [ 82.72481, 18.12637 ], [ 82.72709, 18.12219 ], [ 82.7305, 18.12367 ], [ 82.73227, 18.12231 ], [ 82.73417, 18.12358 ], [ 82.73399, 18.12486 ], [ 82.73521, 18.12506 ], [ 82.73987, 18.12418 ], [ 82.74151, 18.12875 ], [ 82.73986, 18.13062 ], [ 82.73479, 18.13172 ], [ 82.73191, 18.13115 ], [ 82.73003, 18.1354 ], [ 82.73023, 18.13849 ], [ 82.7253, 18.13922 ], [ 82.71989, 18.13895 ], [ 82.71927, 18.14112 ], [ 82.72073, 18.1439 ], [ 82.72366, 18.14389 ], [ 82.7283, 18.14523 ], [ 82.73175, 18.14506 ], [ 82.73188, 18.15452 ], [ 82.73088, 18.15526 ], [ 82.72696, 18.15536 ], [ 82.72403, 18.15472 ], [ 82.72059, 18.1527 ], [ 82.71441, 18.15211 ], [ 82.71214, 18.15398 ], [ 82.71378, 18.15596 ], [ 82.71901, 18.15654 ], [ 82.72154, 18.15955 ], [ 82.72823, 18.1625 ], [ 82.72937, 18.16211 ], [ 82.73555, 18.15546 ], [ 82.73998, 18.15486 ], [ 82.74174, 18.1548 ], [ 82.74314, 18.15637 ], [ 82.74393, 18.16051 ], [ 82.74822, 18.1604 ], [ 82.74966, 18.15922 ], [ 82.7489, 18.15968 ], [ 82.74726, 18.15788 ], [ 82.74506, 18.15199 ], [ 82.74366, 18.13915 ], [ 82.74798, 18.13698 ], [ 82.75219, 18.13658 ], [ 82.75696, 18.139 ], [ 82.76323, 18.13456 ], [ 82.76359, 18.12927 ], [ 82.76997, 18.12801 ], [ 82.77247, 18.12512 ], [ 82.76637, 18.12264 ], [ 82.76267, 18.12238 ], [ 82.76335, 18.12028 ], [ 82.76116, 18.11847 ], [ 82.76248, 18.11254 ], [ 82.75571, 18.10992 ], [ 82.75138, 18.10297 ], [ 82.75015, 18.0938 ], [ 82.74719, 18.08929 ], [ 82.74595, 18.08752 ], [ 82.74229, 18.08811 ], [ 82.7399, 18.08668 ], [ 82.74085, 18.0841 ], [ 82.73935, 18.08193 ], [ 82.73735, 18.08048 ], [ 82.73387, 18.07989 ], [ 82.73327, 18.07825 ], [ 82.7364, 18.07815 ], [ 82.73848, 18.0766 ], [ 82.74398, 18.07552 ], [ 82.74507, 18.07619 ], [ 82.74917, 18.06972 ], [ 82.75209, 18.06947 ], [ 82.75414, 18.06778 ], [ 82.76041, 18.06851 ], [ 82.76189, 18.06725 ], [ 82.76363, 18.06705 ], [ 82.7665, 18.06849 ], [ 82.7717, 18.06741 ], [ 82.77413, 18.06579 ], [ 82.77443, 18.06421 ], [ 82.77602, 18.06624 ], [ 82.77633, 18.0691 ], [ 82.77395, 18.0805 ], [ 82.77578, 18.08122 ], [ 82.77724, 18.07316 ], [ 82.77897, 18.07211 ], [ 82.79365, 18.0714 ], [ 82.79683, 18.07227 ], [ 82.80035, 18.0713 ], [ 82.80463, 18.07298 ], [ 82.80678, 18.07303 ], [ 82.80582, 18.0629 ], [ 82.81177, 18.06162 ], [ 82.81672, 18.05533 ], [ 82.81419, 18.05286 ], [ 82.80659, 18.05018 ], [ 82.80654, 18.04586 ], [ 82.82253, 18.04815 ], [ 82.82511, 18.04488 ], [ 82.82689, 18.04668 ], [ 82.82855, 18.05012 ], [ 82.83179, 18.05102 ], [ 82.83493, 18.04354 ], [ 82.83187, 18.03797 ], [ 82.82895, 18.04254 ], [ 82.83041, 18.03377 ], [ 82.83272, 18.03162 ], [ 82.83482, 18.03173 ], [ 82.83975, 18.03011 ], [ 82.84422, 18.02498 ], [ 82.84935, 18.01266 ], [ 82.8566, 18.00352 ], [ 82.85297, 17.9989 ], [ 82.84958, 17.99904 ], [ 82.84842, 17.9995 ], [ 82.84766, 18.00192 ], [ 82.84824, 18.00688 ], [ 82.84548, 18.00143 ], [ 82.84265, 18.00247 ], [ 82.84229, 18.00389 ], [ 82.84077, 18.0052 ], [ 82.83086, 18.00023 ], [ 82.82845, 18.00052 ], [ 82.81824, 17.99831 ], [ 82.81915, 17.99546 ], [ 82.81706, 17.99445 ], [ 82.81503, 17.99536 ], [ 82.81462, 17.99439 ], [ 82.81726, 17.99262 ], [ 82.81712, 17.99156 ], [ 82.82352, 17.98857 ], [ 82.82456, 17.99088 ], [ 82.82572, 17.99123 ], [ 82.82635, 17.99328 ], [ 82.827, 17.99245 ], [ 82.8298, 17.99211 ], [ 82.83295, 17.9894 ], [ 82.83918, 17.98825 ], [ 82.84051, 17.98864 ], [ 82.84327, 17.98759 ], [ 82.8444, 17.9869 ], [ 82.84425, 17.9854 ], [ 82.8492, 17.98331 ], [ 82.84816, 17.97843 ], [ 82.84501, 17.97871 ], [ 82.84294, 17.97796 ], [ 82.84306, 17.97168 ], [ 82.84489, 17.97 ], [ 82.84853, 17.96982 ], [ 82.85398, 17.96649 ], [ 82.85532, 17.96103 ], [ 82.84937, 17.95574 ], [ 82.84712, 17.95081 ], [ 82.84619, 17.95134 ], [ 82.84623, 17.95241 ], [ 82.84247, 17.95215 ], [ 82.83476, 17.94852 ], [ 82.83543, 17.94666 ], [ 82.83494, 17.94509 ], [ 82.83307, 17.94404 ], [ 82.83306, 17.94299 ], [ 82.83604, 17.94224 ], [ 82.83591, 17.93535 ], [ 82.83167, 17.93397 ], [ 82.82394, 17.93323 ], [ 82.81976, 17.92957 ], [ 82.81681, 17.93076 ], [ 82.81355, 17.9345 ], [ 82.81024, 17.9354 ], [ 82.80824, 17.93239 ], [ 82.80799, 17.92434 ], [ 82.80619, 17.92342 ], [ 82.80397, 17.92372 ], [ 82.80066, 17.92113 ], [ 82.79875, 17.9212 ], [ 82.79491, 17.92278 ], [ 82.79183, 17.92665 ], [ 82.78512, 17.92997 ], [ 82.78148, 17.9339 ], [ 82.7745, 17.93866 ], [ 82.77473, 17.93671 ], [ 82.77706, 17.93334 ], [ 82.77726, 17.9309 ], [ 82.77877, 17.92893 ], [ 82.77883, 17.92615 ], [ 82.77789, 17.92535 ], [ 82.77635, 17.92957 ], [ 82.76818, 17.93711 ], [ 82.76448, 17.94436 ], [ 82.76129, 17.94665 ], [ 82.76112, 17.95094 ], [ 82.75666, 17.95625 ], [ 82.75372, 17.95845 ], [ 82.75297, 17.95859 ], [ 82.75589, 17.95519 ], [ 82.75319, 17.9567 ], [ 82.75359, 17.95363 ], [ 82.75256, 17.95193 ], [ 82.75354, 17.94806 ], [ 82.75132, 17.94608 ], [ 82.74627, 17.94658 ], [ 82.74408, 17.94853 ], [ 82.73143, 17.94569 ], [ 82.7211, 17.95186 ], [ 82.71115, 17.95484 ], [ 82.69276, 17.96247 ], [ 82.68406, 17.97078 ], [ 82.67864, 17.97929 ], [ 82.67233, 17.98253 ], [ 82.67054, 17.98533 ], [ 82.66605, 17.98545 ], [ 82.66647, 17.98938 ], [ 82.66342, 17.99286 ], [ 82.65839, 17.9964 ], [ 82.65755, 17.99961 ], [ 82.65845, 18.00175 ], [ 82.66224, 18.00253 ], [ 82.66357, 18.00389 ], [ 82.6622, 18.00957 ], [ 82.6643, 18.01026 ], [ 82.66755, 18.00975 ], [ 82.66738, 18.0136 ], [ 82.66425, 18.01856 ], [ 82.66876, 18.02043 ], [ 82.66028, 18.0192 ], [ 82.65821, 18.01777 ], [ 82.65516, 18.00611 ], [ 82.65219, 18.00491 ], [ 82.65149, 18.0103 ], [ 82.64785, 18.01312 ], [ 82.64565, 18.01603 ], [ 82.64638, 18.01782 ], [ 82.65347, 18.02181 ], [ 82.65196, 18.02321 ], [ 82.65144, 18.02283 ], [ 82.64686, 18.0375 ], [ 82.65466, 18.04859 ], [ 82.65702, 18.05431 ], [ 82.66651, 18.04641 ], [ 82.66975, 18.05244 ], [ 82.66946, 18.059 ], [ 82.66804, 18.05994 ], [ 82.65813, 18.05949 ], [ 82.65172, 18.05559 ], [ 82.6492, 18.05549 ], [ 82.64532, 18.05666 ], [ 82.64225, 18.05908 ], [ 82.64132, 18.05471 ], [ 82.63868, 18.05374 ], [ 82.63732, 18.05429 ], [ 82.63652, 18.05583 ], [ 82.63664, 18.05909 ], [ 82.63339, 18.06078 ], [ 82.63027, 18.06079 ], [ 82.63195, 18.0628 ], [ 82.62502, 18.06559 ], [ 82.62508, 18.0668 ], [ 82.62025, 18.06681 ], [ 82.61791, 18.07009 ], [ 82.61768, 18.07251 ], [ 82.61903, 18.0731 ], [ 82.61196, 18.07564 ], [ 82.6117, 18.07484 ], [ 82.61288, 18.07354 ], [ 82.61205, 18.07256 ], [ 82.60826, 18.07454 ], [ 82.60875, 18.0736 ], [ 82.607, 18.07127 ], [ 82.60828, 18.06975 ], [ 82.60707, 18.06634 ], [ 82.60554, 18.06575 ], [ 82.60111, 18.06652 ], [ 82.60017, 18.06713 ], [ 82.60035, 18.06928 ], [ 82.59173, 18.07356 ], [ 82.58351, 18.06662 ], [ 82.5805, 18.06699 ], [ 82.57701, 18.07229 ], [ 82.57628, 18.07237 ], [ 82.57546, 18.07157 ], [ 82.57596, 18.06972 ], [ 82.56372, 18.06866 ], [ 82.55994, 18.07935 ], [ 82.55662, 18.0773 ], [ 82.55419, 18.07454 ], [ 82.55026, 18.07299 ], [ 82.54713, 18.07499 ], [ 82.54401, 18.07522 ], [ 82.53673, 18.08086 ], [ 82.53477, 18.07888 ], [ 82.53384, 18.07965 ], [ 82.53304, 18.08463 ], [ 82.52882, 18.09196 ], [ 82.52803, 18.09579 ], [ 82.52442, 18.09977 ], [ 82.52648, 18.10075 ], [ 82.53281, 18.10094 ], [ 82.53288, 18.1035 ], [ 82.52842, 18.11058 ], [ 82.52995, 18.11464 ], [ 82.53274, 18.11706 ], [ 82.53389, 18.11604 ], [ 82.5372, 18.11646 ], [ 82.53905, 18.11915 ], [ 82.54208, 18.12138 ], [ 82.54051, 18.12509 ], [ 82.54123, 18.12788 ], [ 82.54608, 18.13067 ], [ 82.54785, 18.13511 ], [ 82.54691, 18.14218 ], [ 82.55102, 18.14291 ], [ 82.55546, 18.14518 ], [ 82.55581, 18.14644 ], [ 82.55799, 18.14838 ], [ 82.55888, 18.14768 ], [ 82.55872, 18.14445 ], [ 82.5597, 18.14421 ], [ 82.55966, 18.14248 ], [ 82.56129, 18.14241 ], [ 82.56245, 18.14347 ], [ 82.56397, 18.1431 ], [ 82.56546, 18.14216 ], [ 82.56607, 18.13888 ], [ 82.56892, 18.1379 ], [ 82.57164, 18.1406 ], [ 82.57208, 18.1422 ], [ 82.57801, 18.14087 ], [ 82.58121, 18.13694 ], [ 82.58252, 18.13749 ], [ 82.58597, 18.13658 ], [ 82.59305, 18.1369 ], [ 82.59378, 18.13288 ], [ 82.59281, 18.13199 ], [ 82.58449, 18.1322 ], [ 82.5813, 18.13364 ], [ 82.57764, 18.13198 ], [ 82.57823, 18.12848 ], [ 82.58111, 18.12638 ], [ 82.58697, 18.12394 ], [ 82.58784, 18.12132 ], [ 82.5965, 18.12223 ], [ 82.60222, 18.12178 ], [ 82.60333, 18.12263 ], [ 82.6048, 18.12747 ], [ 82.60763, 18.12716 ], [ 82.60826, 18.13027 ], [ 82.61174, 18.13128 ], [ 82.60987, 18.1327 ], [ 82.61002, 18.13396 ], [ 82.61424, 18.13768 ], [ 82.61765, 18.1449 ], [ 82.62045, 18.14632 ], [ 82.62134, 18.14803 ], [ 82.62398, 18.14685 ], [ 82.62504, 18.14623 ], [ 82.62498, 18.14476 ], [ 82.62877, 18.13918 ], [ 82.63124, 18.13847 ], [ 82.63112, 18.13322 ], [ 82.62771, 18.13228 ], [ 82.6284, 18.12694 ], [ 82.63732, 18.12662 ], [ 82.64009, 18.12832 ], [ 82.64328, 18.12734 ], [ 82.64267, 18.12023 ], [ 82.63685, 18.11907 ], [ 82.63471, 18.10872 ], [ 82.63918, 18.11019 ], [ 82.64008, 18.11146 ], [ 82.64001, 18.11556 ], [ 82.64209, 18.11782 ], [ 82.6461, 18.11728 ], [ 82.64936, 18.11848 ], [ 82.64995, 18.11968 ], [ 82.64947, 18.12188 ], [ 82.65269, 18.1257 ], [ 82.65579, 18.12551 ], [ 82.65638, 18.12424 ], [ 82.65637, 18.12268 ], [ 82.65339, 18.11973 ], [ 82.65297, 18.11769 ], [ 82.65351, 18.11677 ], [ 82.66177, 18.12072 ], [ 82.67104, 18.11921 ], [ 82.67766, 18.11477 ], [ 82.68135, 18.1096 ], [ 82.68651, 18.11029 ], [ 82.6918, 18.109 ], [ 82.69391, 18.10926 ], [ 82.69538, 18.11176 ], [ 82.69693, 18.11265 ], [ 82.70116, 18.11257 ] ], [ [ 82.70116, 18.11257 ], [ 82.70212, 18.10634 ], [ 82.70321, 18.10552 ], [ 82.70528, 18.10785 ], [ 82.70831, 18.10943 ], [ 82.70979, 18.10916 ], [ 82.71031, 18.11183 ], [ 82.70875, 18.11411 ], [ 82.70405, 18.11342 ], [ 82.70198, 18.11229 ], [ 82.70116, 18.11257 ] ] ], [ [ [ 82.61361, 18.06233 ], [ 82.61332, 18.061 ], [ 82.61904, 18.05104 ], [ 82.6196, 18.04839 ], [ 82.61601, 18.04553 ], [ 82.6145, 18.04574 ], [ 82.6058, 18.0547 ], [ 82.60582, 18.05716 ], [ 82.60858, 18.06255 ], [ 82.61361, 18.06233 ] ] ] ] } },
{ "type": "Feature", "properties": { "OBJECTID": 985, "state_lgd": "28", "state_name": "ANDHRA PRADESH", "district_lgd": "684", "district_name": "Alluri Sitarama Raju", "district_name_source": "district_table", "subdistrict_lgd": "4842", "subdistrict_name": "PEDA BAYALU", "subdistrict_type": "Mandal", "name_corrupted": false, "remarks": "", "label_lon": 82.49449838155526, "label_lat": 18.202597351175292 }, "geometry": { "type": "MultiPolygon", "coordinates": [ [ [ [ 82.47643, 18.11962 ], [ 82.47394, 18.12274 ], [ 82.47422, 18.12427 ], [ 82.47339, 18.12529 ], [ 82.47536, 18.12662 ], [ 82.47942, 18.12569 ], [ 82.47898, 18.12274 ], [ 82.47643, 18.11962 ] ] ], [ [ [ 82.4446, 18.1975 ], [ 82.44329, 18.1934 ], [ 82.43868, 18.19351 ], [ 82.43815, 18.19318 ], [ 82.43864, 18.19084 ], [ 82.43541, 18.19023 ], [ 82.43432, 18.19072 ], [ 82.43481, 18.19251 ], [ 82.432, 18.19403 ], [ 82.43132, 18.19523 ], [ 82.4343, 18.19773 ], [ 82.43977, 18.19726 ], [ 82.4421, 18.19916 ], [ 82.4446, 18.1975 ] ] ], [ [ [ 82.45509, 18.3148 ], [ 82.46085, 18.31195 ], [ 82.46271, 18.31238 ], [ 82.46511, 18.3067 ], [ 82.46942, 18.30592 ], [ 82.47071, 18.30618 ], [ 82.4725, 18.31109 ], [ 82.47397, 18.31031 ], [ 82.47516, 18.31136 ], [ 82.47662, 18.31596 ], [ 82.48075, 18.31651 ], [ 82.4822, 18.31467 ], [ 82.48228, 18.31098 ], [ 82.48355, 18.30914 ], [ 82.4812, 18.30464 ], [ 82.4823, 18.30233 ], [ 82.48445, 18.30038 ], [ 82.48219, 18.29982 ], [ 82.48138, 18.29809 ], [ 82.48135, 18.29594 ], [ 82.48271, 18.29429 ], [ 82.48397, 18.29536 ], [ 82.48364, 18.29767 ], [ 82.48557, 18.29876 ], [ 82.48706, 18.29861 ], [ 82.48823, 18.29679 ], [ 82.49035, 18.29697 ], [ 82.49548, 18.29502 ], [ 82.49825, 18.29238 ], [ 82.49883, 18.29335 ], [ 82.49936, 18.29188 ], [ 82.50215, 18.28969 ], [ 82.50476, 18.2913 ], [ 82.51154, 18.28843 ], [ 82.51384, 18.28927 ], [ 82.51597, 18.28829 ], [ 82.51801, 18.28874 ], [ 82.51884, 18.29047 ], [ 82.52378, 18.29057 ], [ 82.52592, 18.28774 ], [ 82.52485, 18.28391 ], [ 82.52713, 18.28057 ], [ 82.52697, 18.27791 ], [ 82.52197, 18.27604 ], [ 82.52314, 18.27507 ], [ 82.53104, 18.27272 ], [ 82.53207, 18.27044 ], [ 82.53407, 18.2724 ], [ 82.54044, 18.27233 ], [ 82.54108, 18.27067 ], [ 82.54231, 18.27057 ], [ 82.54287, 18.26933 ], [ 82.54429, 18.26938 ], [ 82.54635, 18.26477 ], [ 82.54813, 18.26468 ], [ 82.5517, 18.26236 ], [ 82.55369, 18.26332 ], [ 82.55343, 18.26609 ], [ 82.55188, 18.26891 ], [ 82.54981, 18.26943 ], [ 82.54948, 18.2713 ], [ 82.5506, 18.27209 ], [ 82.55488, 18.27176 ], [ 82.55431, 18.27374 ], [ 82.55533, 18.27745 ], [ 82.55333, 18.27957 ], [ 82.5488, 18.27693 ], [ 82.547, 18.27947 ], [ 82.5482, 18.2835 ], [ 82.55214, 18.28515 ], [ 82.55354, 18.28709 ], [ 82.55157, 18.29181 ], [ 82.54682, 18.29449 ], [ 82.547, 18.29648 ], [ 82.5484, 18.297 ], [ 82.54981, 18.29591 ], [ 82.55494, 18.29527 ], [ 82.55825, 18.2979 ], [ 82.56255, 18.29816 ], [ 82.56379, 18.29748 ], [ 82.56242, 18.3013 ], [ 82.56376, 18.30531 ], [ 82.5666, 18.3066 ], [ 82.56764, 18.30616 ], [ 82.57251, 18.30715 ], [ 82.57395, 18.30644 ], [ 82.57452, 18.3077 ], [ 82.58222, 18.31351 ], [ 82.58559, 18.30833 ], [ 82.5918, 18.30882 ], [ 82.59323, 18.3108 ], [ 82.59606, 18.31028 ], [ 82.59647, 18.30639 ], [ 82.59865, 18.30419 ], [ 82.59467, 18.29822 ], [ 82.59565, 18.2963 ], [ 82.5952, 18.29184 ], [ 82.59257, 18.2912 ], [ 82.59102, 18.28977 ], [ 82.59419, 18.28697 ], [ 82.59424, 18.28537 ], [ 82.59288, 18.28349 ], [ 82.59215, 18.28035 ], [ 82.58805, 18.2803 ], [ 82.58778, 18.27606 ], [ 82.59264, 18.27429 ], [ 82.59678, 18.27437 ], [ 82.59607, 18.27289 ], [ 82.5973, 18.26869 ], [ 82.59642, 18.26611 ], [ 82.59691, 18.26479 ], [ 82.60129, 18.2639 ], [ 82.60422, 18.26469 ], [ 82.60696, 18.26157 ], [ 82.61471, 18.25783 ], [ 82.6172, 18.25575 ], [ 82.62037, 18.24929 ], [ 82.62214, 18.24831 ], [ 82.62354, 18.24632 ], [ 82.62755, 18.24458 ], [ 82.63187, 18.23926 ], [ 82.63421, 18.23869 ], [ 82.63434, 18.23497 ], [ 82.63634, 18.23206 ], [ 82.6347, 18.23269 ], [ 82.6314, 18.23145 ], [ 82.62987, 18.23002 ], [ 82.62982, 18.2284 ], [ 82.62804, 18.22535 ], [ 82.63365, 18.2259 ], [ 82.63095, 18.2218 ], [ 82.63219, 18.21887 ], [ 82.63485, 18.21782 ], [ 82.63581, 18.2158 ], [ 82.63799, 18.21574 ], [ 82.64316, 18.21899 ], [ 82.648, 18.21719 ], [ 82.65307, 18.21306 ], [ 82.65239, 18.20696 ], [ 82.65109, 18.20588 ], [ 82.64809, 18.20542 ], [ 82.64618, 18.20314 ], [ 82.6485, 18.20157 ], [ 82.65178, 18.19552 ], [ 82.65148, 18.19242 ], [ 82.64994, 18.19131 ], [ 82.64953, 18.1898 ], [ 82.64976, 18.18589 ], [ 82.65061, 18.18476 ], [ 82.64926, 18.1823 ], [ 82.65114, 18.1814 ], [ 82.65022, 18.1793 ], [ 82.65087, 18.17712 ], [ 82.64667, 18.17441 ], [ 82.64083, 18.17535 ], [ 82.63836, 18.17384 ], [ 82.63719, 18.1721 ], [ 82.63521, 18.1722 ], [ 82.63456, 18.17347 ], [ 82.63169, 18.17439 ], [ 82.62969, 18.17624 ], [ 82.62879, 18.17576 ], [ 82.62895, 18.17375 ], [ 82.62445, 18.17525 ], [ 82.6244, 18.1729 ], [ 82.62269, 18.17154 ], [ 82.62107, 18.16862 ], [ 82.62413, 18.16637 ], [ 82.62315, 18.16385 ], [ 82.62398, 18.16115 ], [ 82.6231, 18.15979 ], [ 82.62441, 18.15612 ], [ 82.62529, 18.1546 ], [ 82.62822, 18.15407 ], [ 82.62835, 18.15277 ], [ 82.6265, 18.15195 ], [ 82.6228, 18.15245 ], [ 82.6208, 18.14675 ], [ 82.61765, 18.1449 ], [ 82.61424, 18.13768 ], [ 82.61002, 18.13396 ], [ 82.60987, 18.1327 ], [ 82.61174, 18.13128 ], [ 82.60826, 18.13027 ], [ 82.60763, 18.12716 ], [ 82.6048, 18.12747 ], [ 82.60333, 18.12263 ], [ 82.60222, 18.12178 ], [ 82.5965, 18.12223 ], [ 82.58784, 18.12132 ], [ 82.58697, 18.12394 ], [ 82.58111, 18.12638 ], [ 82.57823, 18.12848 ], [ 82.57764, 18.13198 ], [ 82.57982, 18.13339 ], [ 82.58275, 18.13353 ], [ 82.58449, 18.1322 ], [ 82.58646, 18.13205 ], [ 82.59349, 18.13233 ], [ 82.59305, 18.1369 ], [ 82.58597, 18.13658 ], [ 82.58252, 18.13749 ], [ 82.58121, 18.13694 ], [ 82.57801, 18.14087 ], [ 82.57208, 18.1422 ], [ 82.57164, 18.1406 ], [ 82.56892, 18.1379 ], [ 82.56607, 18.13888 ], [ 82.56546, 18.14216 ], [ 82.56397, 18.1431 ], [ 82.56245, 18.14347 ], [ 82.56129, 18.14241 ], [ 82.55966, 18.14248 ], [ 82.5597, 18.14421 ], [ 82.55872, 18.14445 ], [ 82.55888, 18.14768 ], [ 82.55799, 18.14838 ], [ 82.55581, 18.14644 ], [ 82.55546, 18.14518 ], [ 82.55102, 18.14291 ], [ 82.54691, 18.14218 ], [ 82.54785, 18.13511 ], [ 82.54608, 18.13067 ], [ 82.54123, 18.12788 ], [ 82.54051, 18.12509 ], [ 82.54208, 18.12138 ], [ 82.53905, 18.11915 ], [ 82.5372, 18.11646 ], [ 82.53389, 18.11604 ], [ 82.53274, 18.11706 ], [ 82.52995, 18.11464 ], [ 82.52875, 18.1121 ], [ 82.52842, 18.11058 ], [ 82.53288, 18.1035 ], [ 82.53281, 18.10094 ], [ 82.52648, 18.10075 ], [ 82.52442, 18.09977 ], [ 82.52232, 18.10388 ], [ 82.52016, 18.10585 ], [ 82.51764, 18.10607 ], [ 82.51467, 18.10815 ], [ 82.5142, 18.11046 ], [ 82.51183, 18.10917 ], [ 82.50667, 18.10956 ], [ 82.50969, 18.11252 ], [ 82.51154, 18.11147 ], [ 82.51366, 18.11352 ], [ 82.51366, 18.11563 ], [ 82.5109, 18.11957 ], [ 82.51094, 18.12327 ], [ 82.51381, 18.12583 ], [ 82.5206, 18.12953 ], [ 82.52456, 18.12995 ], [ 82.52613, 18.13103 ], [ 82.52598, 18.1326 ], [ 82.51882, 18.13262 ], [ 82.51773, 18.13215 ], [ 82.51589, 18.12931 ], [ 82.51292, 18.1288 ], [ 82.51233, 18.12903 ], [ 82.51308, 18.13287 ], [ 82.51175, 18.13126 ], [ 82.50852, 18.13037 ], [ 82.50769, 18.12773 ], [ 82.50063, 18.12781 ], [ 82.50279, 18.13376 ], [ 82.50635, 18.1344 ], [ 82.50575, 18.13635 ], [ 82.5038, 18.13775 ], [ 82.50437, 18.13874 ], [ 82.50959, 18.13667 ], [ 82.51435, 18.14067 ], [ 82.51331, 18.14115 ], [ 82.51386, 18.14201 ], [ 82.51841, 18.14041 ], [ 82.52023, 18.13784 ], [ 82.52455, 18.13938 ], [ 82.52542, 18.13905 ], [ 82.52577, 18.14025 ], [ 82.52786, 18.14042 ], [ 82.52981, 18.14216 ], [ 82.53044, 18.14554 ], [ 82.52967, 18.14704 ], [ 82.53105, 18.14735 ], [ 82.53143, 18.14919 ], [ 82.52792, 18.14738 ], [ 82.51651, 18.14612 ], [ 82.51116, 18.14741 ], [ 82.5037, 18.14467 ], [ 82.50073, 18.14926 ], [ 82.49917, 18.14987 ], [ 82.49628, 18.15317 ], [ 82.49823, 18.15536 ], [ 82.49845, 18.16734 ], [ 82.4948, 18.1712 ], [ 82.49573, 18.17381 ], [ 82.49528, 18.17536 ], [ 82.49366, 18.17786 ], [ 82.49258, 18.17808 ], [ 82.49006, 18.17393 ], [ 82.48591, 18.17662 ], [ 82.48208, 18.1759 ], [ 82.48335, 18.17289 ], [ 82.48343, 18.17006 ], [ 82.48226, 18.16963 ], [ 82.48246, 18.16877 ], [ 82.48638, 18.16206 ], [ 82.48346, 18.15914 ], [ 82.4804, 18.16149 ], [ 82.47875, 18.16134 ], [ 82.474, 18.16455 ], [ 82.46506, 18.16272 ], [ 82.46374, 18.16032 ], [ 82.45982, 18.15873 ], [ 82.45796, 18.16042 ], [ 82.45488, 18.16123 ], [ 82.45386, 18.16057 ], [ 82.45403, 18.15768 ], [ 82.45571, 18.15495 ], [ 82.45208, 18.1466 ], [ 82.4543, 18.14578 ], [ 82.45386, 18.14421 ], [ 82.45872, 18.14509 ], [ 82.45831, 18.1416 ], [ 82.45892, 18.14084 ], [ 82.46155, 18.1423 ], [ 82.46207, 18.14064 ], [ 82.46758, 18.14356 ], [ 82.46918, 18.14156 ], [ 82.47422, 18.14048 ], [ 82.47759, 18.14136 ], [ 82.47938, 18.14094 ], [ 82.47616, 18.13615 ], [ 82.4704, 18.13332 ], [ 82.47401, 18.1328 ], [ 82.47412, 18.13142 ], [ 82.47207, 18.13067 ], [ 82.46362, 18.13029 ], [ 82.4634, 18.13346 ], [ 82.4615, 18.13351 ], [ 82.45542, 18.13176 ], [ 82.45379, 18.13313 ], [ 82.45275, 18.1329 ], [ 82.45205, 18.13902 ], [ 82.44675, 18.13496 ], [ 82.44593, 18.1378 ], [ 82.44634, 18.14185 ], [ 82.44568, 18.14459 ], [ 82.44351, 18.14478 ], [ 82.44213, 18.14337 ], [ 82.43371, 18.14681 ], [ 82.43421, 18.14055 ], [ 82.43312, 18.13858 ], [ 82.43362, 18.13509 ], [ 82.42896, 18.13475 ], [ 82.4267, 18.13742 ], [ 82.42049, 18.13615 ], [ 82.41958, 18.1352 ], [ 82.42119, 18.13144 ], [ 82.42335, 18.13087 ], [ 82.42199, 18.12903 ], [ 82.42621, 18.13006 ], [ 82.42711, 18.12775 ], [ 82.43035, 18.1245 ], [ 82.43063, 18.12233 ], [ 82.4293, 18.12142 ], [ 82.42774, 18.12151 ], [ 82.42131, 18.1247 ], [ 82.4191, 18.12418 ], [ 82.41953, 18.12537 ], [ 82.41796, 18.12558 ], [ 82.41816, 18.12303 ], [ 82.42161, 18.11741 ], [ 82.4167, 18.11738 ], [ 82.4138, 18.11593 ], [ 82.41342, 18.11323 ], [ 82.41451, 18.11121 ], [ 82.41398, 18.11005 ], [ 82.41108, 18.10975 ], [ 82.40984, 18.10744 ], [ 82.40528, 18.10518 ], [ 82.40431, 18.10235 ], [ 82.39904, 18.1038 ], [ 82.39778, 18.10506 ], [ 82.39742, 18.10754 ], [ 82.39511, 18.10918 ], [ 82.39054, 18.10564 ], [ 82.38603, 18.10566 ], [ 82.38435, 18.10485 ], [ 82.38103, 18.1053 ], [ 82.37866, 18.1042 ], [ 82.37498, 18.10548 ], [ 82.37121, 18.10427 ], [ 82.36931, 18.10464 ], [ 82.36749, 18.1014 ], [ 82.36302, 18.09911 ], [ 82.3616, 18.09989 ], [ 82.35353, 18.09959 ], [ 82.34708, 18.0981 ], [ 82.3385, 18.09911 ], [ 82.33579, 18.10586 ], [ 82.33567, 18.11375 ], [ 82.33377, 18.11925 ], [ 82.33616, 18.12415 ], [ 82.3342, 18.12686 ], [ 82.34209, 18.13662 ], [ 82.34077, 18.14097 ], [ 82.33868, 18.14417 ], [ 82.3388, 18.14692 ], [ 82.34018, 18.15057 ], [ 82.34709, 18.14617 ], [ 82.35493, 18.14247 ], [ 82.35963, 18.13629 ], [ 82.36325, 18.13481 ], [ 82.36753, 18.13715 ], [ 82.36875, 18.14317 ], [ 82.37232, 18.14816 ], [ 82.36461, 18.15814 ], [ 82.35912, 18.1627 ], [ 82.35337, 18.17169 ], [ 82.35083, 18.17264 ], [ 82.34617, 18.17292 ], [ 82.33737, 18.17218 ], [ 82.32661, 18.17728 ], [ 82.32181, 18.18123 ], [ 82.3164, 18.18323 ], [ 82.3138, 18.18707 ], [ 82.32945, 18.19445 ], [ 82.32882, 18.19645 ], [ 82.33024, 18.19866 ], [ 82.33616, 18.20063 ], [ 82.33986, 18.20324 ], [ 82.34148, 18.20557 ], [ 82.34379, 18.20665 ], [ 82.34571, 18.20901 ], [ 82.3463, 18.21158 ], [ 82.35113, 18.21523 ], [ 82.35555, 18.22065 ], [ 82.35778, 18.22121 ], [ 82.36079, 18.22487 ], [ 82.36141, 18.22626 ], [ 82.35837, 18.22629 ], [ 82.35823, 18.23201 ], [ 82.35992, 18.2344 ], [ 82.36099, 18.23342 ], [ 82.36153, 18.23061 ], [ 82.36769, 18.22744 ], [ 82.36742, 18.22473 ], [ 82.37043, 18.22325 ], [ 82.36932, 18.22103 ], [ 82.3703, 18.21908 ], [ 82.3689, 18.21579 ], [ 82.37575, 18.21242 ], [ 82.37713, 18.21269 ], [ 82.37785, 18.21508 ], [ 82.37591, 18.21703 ], [ 82.37671, 18.21934 ], [ 82.38266, 18.22076 ], [ 82.38395, 18.22796 ], [ 82.3864, 18.22693 ], [ 82.38647, 18.22593 ], [ 82.39607, 18.22559 ], [ 82.39907, 18.22454 ], [ 82.40553, 18.22683 ], [ 82.40687, 18.22662 ], [ 82.40769, 18.2258 ], [ 82.4075, 18.22287 ], [ 82.40827, 18.22147 ], [ 82.4176, 18.21866 ], [ 82.42196, 18.22374 ], [ 82.4214, 18.22502 ], [ 82.41953, 18.22507 ], [ 82.41745, 18.22335 ], [ 82.41573, 18.22327 ], [ 82.41559, 18.22501 ], [ 82.41712, 18.22837 ], [ 82.41889, 18.23102 ], [ 82.42376, 18.23379 ], [ 82.4239, 18.23541 ], [ 82.42621, 18.23781 ], [ 82.42918, 18.24306 ], [ 82.42784, 18.24458 ], [ 82.42873, 18.25273 ], [ 82.42683, 18.25358 ], [ 82.42541, 18.25604 ], [ 82.42149, 18.25753 ], [ 82.4207, 18.25879 ], [ 82.42222, 18.26108 ], [ 82.42339, 18.26189 ], [ 82.42475, 18.26134 ], [ 82.42521, 18.26205 ], [ 82.42564, 18.2647 ], [ 82.42485, 18.27156 ], [ 82.42675, 18.27391 ], [ 82.42925, 18.27369 ], [ 82.43185, 18.27497 ], [ 82.43584, 18.2708 ], [ 82.43749, 18.27138 ], [ 82.43947, 18.27378 ], [ 82.44378, 18.27208 ], [ 82.44401, 18.27331 ], [ 82.44643, 18.27292 ], [ 82.44772, 18.27379 ], [ 82.44842, 18.27707 ], [ 82.44897, 18.2826 ], [ 82.44782, 18.28257 ], [ 82.44396, 18.28654 ], [ 82.44495, 18.28827 ], [ 82.44735, 18.28978 ], [ 82.4472, 18.2915 ], [ 82.44611, 18.29225 ], [ 82.44412, 18.29166 ], [ 82.44287, 18.29243 ], [ 82.44307, 18.29549 ], [ 82.43966, 18.30037 ], [ 82.43801, 18.30096 ], [ 82.43645, 18.30278 ], [ 82.43737, 18.30432 ], [ 82.43908, 18.30405 ], [ 82.43975, 18.30579 ], [ 82.43353, 18.30925 ], [ 82.4312, 18.31263 ], [ 82.43122, 18.31502 ], [ 82.43205, 18.31606 ], [ 82.43509, 18.31695 ], [ 82.43692, 18.31421 ], [ 82.43935, 18.31414 ], [ 82.44636, 18.32038 ], [ 82.44787, 18.32071 ], [ 82.4515, 18.32021 ], [ 82.453, 18.31508 ], [ 82.45509, 18.3148 ] ], [ [ 82.43831, 18.2077 ], [ 82.43521, 18.20772 ], [ 82.43189, 18.20889 ], [ 82.43152, 18.20612 ], [ 82.42998, 18.20461 ], [ 82.42505, 18.2039 ], [ 82.42356, 18.20597 ], [ 82.42199, 18.20521 ], [ 82.42302, 18.20316 ], [ 82.42319, 18.20031 ], [ 82.42712, 18.19683 ], [ 82.43104, 18.18843 ], [ 82.44052, 18.18432 ], [ 82.4428, 18.18134 ], [ 82.44361, 18.17672 ], [ 82.43927, 18.17563 ], [ 82.43919, 18.17417 ], [ 82.44051, 18.17354 ], [ 82.44386, 18.17402 ], [ 82.44583, 18.17587 ], [ 82.44742, 18.17222 ], [ 82.44805, 18.17241 ], [ 82.44858, 18.17597 ], [ 82.44755, 18.1788 ], [ 82.44846, 18.1803 ], [ 82.45095, 18.18123 ], [ 82.45718, 18.18111 ], [ 82.45655, 18.18404 ], [ 82.45165, 18.18484 ], [ 82.45076, 18.1859 ], [ 82.45036, 18.18879 ], [ 82.44887, 18.18962 ], [ 82.4495, 18.19083 ], [ 82.45489, 18.19139 ], [ 82.45674, 18.19797 ], [ 82.46103, 18.20244 ], [ 82.45789, 18.20418 ], [ 82.4526, 18.19934 ], [ 82.45274, 18.20405 ], [ 82.45087, 18.20466 ], [ 82.44765, 18.2022 ], [ 82.44637, 18.20264 ], [ 82.44559, 18.20114 ], [ 82.44177, 18.20559 ], [ 82.44192, 18.20911 ], [ 82.43831, 18.2077 ] ] ] ] } },
{ "type": "Feature", "properties": { "OBJECTID": 1052, "state_lgd": "28", "state_name": "ANDHRA PRADESH", "district_lgd": "684", "district_name": "Alluri Sitarama Raju", "district_name_source": "district_table", "subdistrict_lgd": "4888", "subdistrict_name": "RAJAVOMMANGI", "subdistrict_type": "Mandal", "name_corrupted": false, "remarks": "", "label_lon": 82.213595329031136, "label_lat": 17.503843100365305 }, "geometry": { "type": "Polygon", "coordinates": [ [ [ 82.22544, 17.63902 ], [ 82.23025, 17.6374 ], [ 82.23874, 17.62829 ], [ 82.24171, 17.62798 ], [ 82.24204, 17.6263 ], [ 82.2432, 17.62631 ], [ 82.24415, 17.6247 ], [ 82.24612, 17.62372 ], [ 82.24716, 17.61999 ], [ 82.24866, 17.6194 ], [ 82.2519, 17.62135 ], [ 82.25337, 17.61964 ], [ 82.25494, 17.62106 ], [ 82.2568, 17.62139 ], [ 82.25684, 17.62258 ], [ 82.25919, 17.62316 ], [ 82.25998, 17.62195 ], [ 82.26316, 17.62378 ], [ 82.26495, 17.62248 ], [ 82.26617, 17.62298 ], [ 82.26751, 17.62221 ], [ 82.26956, 17.62405 ], [ 82.27275, 17.62318 ], [ 82.27339, 17.62448 ], [ 82.27638, 17.62445 ], [ 82.27683, 17.6206 ], [ 82.27465, 17.61212 ], [ 82.28886, 17.60524 ], [ 82.30404, 17.59016 ], [ 82.31087, 17.59083 ], [ 82.31403, 17.58692 ], [ 82.32187, 17.58513 ], [ 82.32725, 17.58545 ], [ 82.33159, 17.58869 ], [ 82.34103, 17.58727 ], [ 82.34372, 17.58123 ], [ 82.3418, 17.57418 ], [ 82.33351, 17.56806 ], [ 82.33386, 17.56529 ], [ 82.32913, 17.55777 ], [ 82.32881, 17.55592 ], [ 82.33091, 17.53944 ], [ 82.33647, 17.53114 ], [ 82.33753, 17.52442 ], [ 82.33264, 17.51832 ], [ 82.33303, 17.51319 ], [ 82.33397, 17.51173 ], [ 82.33021, 17.51014 ], [ 82.3161, 17.501 ], [ 82.31446, 17.49679 ], [ 82.31234, 17.49443 ], [ 82.30517, 17.48883 ], [ 82.30044, 17.48695 ], [ 82.29663, 17.48329 ], [ 82.29212, 17.48111 ], [ 82.28972, 17.47857 ], [ 82.2867, 17.46754 ], [ 82.28726, 17.45685 ], [ 82.28509, 17.44715 ], [ 82.28112, 17.44302 ], [ 82.27434, 17.43869 ], [ 82.26773, 17.43823 ], [ 82.26235, 17.4357 ], [ 82.2591, 17.43546 ], [ 82.25664, 17.43422 ], [ 82.24767, 17.42565 ], [ 82.24581, 17.42094 ], [ 82.23655, 17.41 ], [ 82.23409, 17.40834 ], [ 82.23278, 17.40586 ], [ 82.22988, 17.40521 ], [ 82.2179, 17.39685 ], [ 82.21966, 17.39161 ], [ 82.19717, 17.37993 ], [ 82.19962, 17.37579 ], [ 82.18851, 17.37523 ], [ 82.18457, 17.37157 ], [ 82.17934, 17.36896 ], [ 82.17558, 17.3654 ], [ 82.16292, 17.35932 ], [ 82.15573, 17.35686 ], [ 82.16145, 17.34935 ], [ 82.16374, 17.34803 ], [ 82.16568, 17.34905 ], [ 82.16668, 17.34878 ], [ 82.16786, 17.3464 ], [ 82.17099, 17.34511 ], [ 82.17105, 17.3438 ], [ 82.16384, 17.33463 ], [ 82.16306, 17.33011 ], [ 82.16078, 17.32842 ], [ 82.15364, 17.32565 ], [ 82.14857, 17.32142 ], [ 82.14765, 17.31824 ], [ 82.14799, 17.31619 ], [ 82.1583, 17.31612 ], [ 82.16228, 17.32037 ], [ 82.16483, 17.31777 ], [ 82.16757, 17.31657 ], [ 82.18834, 17.32104 ], [ 82.19426, 17.32056 ], [ 82.18696, 17.31752 ], [ 82.18217, 17.3131 ], [ 82.18156, 17.31062 ], [ 82.17945, 17.31007 ], [ 82.17913, 17.30854 ], [ 82.16711, 17.30563 ], [ 82.16691, 17.30698 ], [ 82.16428, 17.30649 ], [ 82.16399, 17.30467 ], [ 82.16234, 17.30316 ], [ 82.14512, 17.29955 ], [ 82.14032, 17.29974 ], [ 82.1394, 17.30078 ], [ 82.13966, 17.30302 ], [ 82.14215, 17.30544 ], [ 82.14732, 17.30844 ], [ 82.14637, 17.30922 ], [ 82.14336, 17.30712 ], [ 82.13996, 17.30635 ], [ 82.13903, 17.30441 ], [ 82.13019, 17.3024 ], [ 82.12657, 17.30245 ], [ 82.12757, 17.30649 ], [ 82.12998, 17.30848 ], [ 82.13139, 17.31211 ], [ 82.13676, 17.31689 ], [ 82.13632, 17.31737 ], [ 82.1339, 17.31594 ], [ 82.12906, 17.31146 ], [ 82.1271, 17.31158 ], [ 82.13171, 17.32428 ], [ 82.14121, 17.34145 ], [ 82.1538, 17.34868 ], [ 82.15442, 17.35039 ], [ 82.14541, 17.35213 ], [ 82.14549, 17.35816 ], [ 82.14749, 17.36253 ], [ 82.14894, 17.36335 ], [ 82.14632, 17.36428 ], [ 82.14274, 17.36318 ], [ 82.13939, 17.36522 ], [ 82.13926, 17.36711 ], [ 82.14066, 17.36874 ], [ 82.14796, 17.36853 ], [ 82.15064, 17.37055 ], [ 82.1496, 17.37193 ], [ 82.15243, 17.37279 ], [ 82.15152, 17.37697 ], [ 82.15537, 17.38912 ], [ 82.15792, 17.4003 ], [ 82.15694, 17.40839 ], [ 82.1598, 17.41565 ], [ 82.16314, 17.42117 ], [ 82.16332, 17.4235 ], [ 82.16462, 17.42462 ], [ 82.1637, 17.42546 ], [ 82.16192, 17.4254 ], [ 82.16023, 17.42929 ], [ 82.14992, 17.43171 ], [ 82.1485, 17.43035 ], [ 82.13684, 17.42867 ], [ 82.12024, 17.42486 ], [ 82.10644, 17.43086 ], [ 82.11278, 17.43674 ], [ 82.11896, 17.44035 ], [ 82.12108, 17.44458 ], [ 82.12383, 17.46647 ], [ 82.12358, 17.46729 ], [ 82.12005, 17.46799 ], [ 82.11893, 17.46925 ], [ 82.11827, 17.47631 ], [ 82.12207, 17.47837 ], [ 82.1224, 17.48973 ], [ 82.12414, 17.501 ], [ 82.11929, 17.50856 ], [ 82.11141, 17.51211 ], [ 82.10632, 17.51696 ], [ 82.10446, 17.51729 ], [ 82.10241, 17.51655 ], [ 82.10132, 17.51589 ], [ 82.1011, 17.51427 ], [ 82.09839, 17.51341 ], [ 82.09417, 17.51511 ], [ 82.0921, 17.5172 ], [ 82.09207, 17.52475 ], [ 82.08818, 17.52493 ], [ 82.08329, 17.52345 ], [ 82.07737, 17.52517 ], [ 82.07793, 17.53512 ], [ 82.08075, 17.53446 ], [ 82.08617, 17.53657 ], [ 82.08944, 17.53643 ], [ 82.09532, 17.53286 ], [ 82.10867, 17.52866 ], [ 82.11274, 17.53032 ], [ 82.12092, 17.53553 ], [ 82.12169, 17.53745 ], [ 82.11863, 17.5373 ], [ 82.11795, 17.53794 ], [ 82.12121, 17.54155 ], [ 82.122, 17.54629 ], [ 82.12572, 17.55493 ], [ 82.1401, 17.56642 ], [ 82.13827, 17.56812 ], [ 82.14142, 17.57654 ], [ 82.1455, 17.57542 ], [ 82.15168, 17.58085 ], [ 82.15681, 17.58409 ], [ 82.16007, 17.59109 ], [ 82.16326, 17.59284 ], [ 82.16758, 17.60088 ], [ 82.16979, 17.60138 ], [ 82.17462, 17.60566 ], [ 82.17554, 17.6097 ], [ 82.18142, 17.60878 ], [ 82.18054, 17.61009 ], [ 82.18544, 17.61435 ], [ 82.18456, 17.6158 ], [ 82.18702, 17.61604 ], [ 82.18817, 17.61847 ], [ 82.18959, 17.61768 ], [ 82.1906, 17.61847 ], [ 82.19011, 17.62089 ], [ 82.19084, 17.62254 ], [ 82.19367, 17.6237 ], [ 82.19575, 17.62343 ], [ 82.19952, 17.62639 ], [ 82.20161, 17.627 ], [ 82.20887, 17.63362 ], [ 82.21374, 17.63588 ], [ 82.21694, 17.63547 ], [ 82.22241, 17.63816 ], [ 82.22544, 17.63902 ] ] ] } },
{ "type": "Feature", "properties": { "OBJECTID": 1063, "state_lgd": "28", "state_name": "ANDHRA PRADESH", "district_lgd": "684", "district_name": "Alluri Sitarama Raju", "district_name_source": "district_table", "subdistrict_lgd": "4895", "subdistrict_name": "RAMPA CHODAVARAM", "subdistrict_type": "Mandal", "name_corrupted": false, "remarks": "", "label_lon": 81.786800010786649, "label_lat": 17.426079030753797 }, "geometry": { "type": "MultiPolygon", "coordinates": [ [ [ [ 81.8148, 17.53688 ], [ 81.82681, 17.53161 ], [ 81.82922, 17.5315 ], [ 81.8446, 17.53432 ], [ 81.84847, 17.53325 ], [ 81.85025, 17.53438 ], [ 81.85527, 17.53482 ], [ 81.85858, 17.5338 ], [ 81.86234, 17.53131 ], [ 81.86277, 17.52988 ], [ 81.86583, 17.52875 ], [ 81.86732, 17.52948 ], [ 81.86828, 17.5285 ], [ 81.86731, 17.53078 ], [ 81.87283, 17.53348 ], [ 81.87601, 17.52642 ], [ 81.87692, 17.52584 ], [ 81.89898, 17.52132 ], [ 81.90552, 17.51091 ], [ 81.90195, 17.50105 ], [ 81.90044, 17.49943 ], [ 81.9004, 17.49647 ], [ 81.89385, 17.49389 ], [ 81.88016, 17.48596 ], [ 81.87794, 17.48296 ], [ 81.8779, 17.4822 ], [ 81.88523, 17.47931 ], [ 81.89721, 17.47312 ], [ 81.90261, 17.47327 ], [ 81.90106, 17.46611 ], [ 81.89118, 17.46571 ], [ 81.88688, 17.45615 ], [ 81.88782, 17.45009 ], [ 81.88593, 17.44456 ], [ 81.88823, 17.44369 ], [ 81.88803, 17.44139 ], [ 81.8902, 17.43553 ], [ 81.89023, 17.43134 ], [ 81.89084, 17.42953 ], [ 81.89403, 17.4264 ], [ 81.89453, 17.42137 ], [ 81.89365, 17.42029 ], [ 81.89363, 17.4185 ], [ 81.88788, 17.41042 ], [ 81.87865, 17.40435 ], [ 81.87633, 17.40136 ], [ 81.87716, 17.39662 ], [ 81.87639, 17.39245 ], [ 81.87695, 17.38942 ], [ 81.88097, 17.3869 ], [ 81.88347, 17.37522 ], [ 81.8825, 17.36744 ], [ 81.87702, 17.35382 ], [ 81.87604, 17.34629 ], [ 81.87638, 17.34327 ], [ 81.8743, 17.34273 ], [ 81.87402, 17.33861 ], [ 81.86962, 17.33489 ], [ 81.86925, 17.33264 ], [ 81.86445, 17.33143 ], [ 81.85966, 17.32883 ], [ 81.85852, 17.32684 ], [ 81.85308, 17.32431 ], [ 81.85072, 17.32236 ], [ 81.84548, 17.31388 ], [ 81.84501, 17.31007 ], [ 81.84344, 17.30916 ], [ 81.84145, 17.31023 ], [ 81.83933, 17.3091 ], [ 81.8336, 17.30826 ], [ 81.8288, 17.31 ], [ 81.82567, 17.30773 ], [ 81.82442, 17.3052 ], [ 81.82638, 17.30083 ], [ 81.82283, 17.2876 ], [ 81.81837, 17.28771 ], [ 81.81517, 17.29239 ], [ 81.81136, 17.29426 ], [ 81.79932, 17.29314 ], [ 81.79816, 17.28736 ], [ 81.78733, 17.28584 ], [ 81.78607, 17.28778 ], [ 81.78562, 17.29143 ], [ 81.78131, 17.29715 ], [ 81.77538, 17.29726 ], [ 81.76183, 17.29395 ], [ 81.75433, 17.29396 ], [ 81.7428, 17.29756 ], [ 81.73819, 17.30142 ], [ 81.73872, 17.3049 ], [ 81.73719, 17.30674 ], [ 81.73727, 17.31024 ], [ 81.74594, 17.3193 ], [ 81.74799, 17.32485 ], [ 81.74812, 17.33237 ], [ 81.74658, 17.34023 ], [ 81.74817, 17.349 ], [ 81.7481, 17.35328 ], [ 81.74777, 17.35575 ], [ 81.74562, 17.35922 ], [ 81.74736, 17.36303 ], [ 81.74753, 17.36804 ], [ 81.74659, 17.37101 ], [ 81.7426, 17.37358 ], [ 81.74424, 17.37628 ], [ 81.74705, 17.37637 ], [ 81.74809, 17.37733 ], [ 81.74752, 17.38382 ], [ 81.75085, 17.38706 ], [ 81.75083, 17.3878 ], [ 81.74801, 17.38983 ], [ 81.74702, 17.39294 ], [ 81.74831, 17.39613 ], [ 81.74984, 17.40602 ], [ 81.74745, 17.41698 ], [ 81.74725, 17.42237 ], [ 81.74668, 17.42488 ], [ 81.74563, 17.4257 ], [ 81.74139, 17.4269 ], [ 81.73854, 17.42666 ], [ 81.72892, 17.42379 ], [ 81.72418, 17.42446 ], [ 81.72036, 17.42681 ], [ 81.71891, 17.42687 ], [ 81.71627, 17.42606 ], [ 81.71056, 17.42045 ], [ 81.70629, 17.41789 ], [ 81.7022, 17.41732 ], [ 81.69574, 17.42191 ], [ 81.69047, 17.42346 ], [ 81.67886, 17.42283 ], [ 81.67844, 17.4277 ], [ 81.67573, 17.4328 ], [ 81.66884, 17.43559 ], [ 81.66607, 17.44083 ], [ 81.65971, 17.44371 ], [ 81.65676, 17.44915 ], [ 81.65061, 17.45231 ], [ 81.64581, 17.45215 ], [ 81.6417, 17.45343 ], [ 81.63994, 17.45565 ], [ 81.63518, 17.45287 ], [ 81.63426, 17.45432 ], [ 81.63016, 17.45642 ], [ 81.62689, 17.45121 ], [ 81.62399, 17.45052 ], [ 81.61875, 17.44291 ], [ 81.61435, 17.44304 ], [ 81.61219, 17.44391 ], [ 81.60829, 17.43985 ], [ 81.60375, 17.43967 ], [ 81.60091, 17.44011 ], [ 81.60084, 17.44113 ], [ 81.60389, 17.44977 ], [ 81.60448, 17.45612 ], [ 81.60399, 17.45878 ], [ 81.60228, 17.45884 ], [ 81.59435, 17.45586 ], [ 81.58298, 17.45464 ], [ 81.5779, 17.45629 ], [ 81.5762, 17.45864 ], [ 81.57832, 17.46003 ], [ 81.58288, 17.46128 ], [ 81.58585, 17.4639 ], [ 81.59024, 17.46307 ], [ 81.5992, 17.46668 ], [ 81.60388, 17.47108 ], [ 81.60464, 17.47437 ], [ 81.60219, 17.47798 ], [ 81.59618, 17.48205 ], [ 81.5967, 17.48263 ], [ 81.61014, 17.49513 ], [ 81.62697, 17.4921 ], [ 81.63026, 17.49604 ], [ 81.632, 17.49628 ], [ 81.63356, 17.49797 ], [ 81.64262, 17.51416 ], [ 81.64532, 17.5134 ], [ 81.64963, 17.50997 ], [ 81.65793, 17.501 ], [ 81.66387, 17.49767 ], [ 81.67396, 17.49474 ], [ 81.68528, 17.48886 ], [ 81.68908, 17.48503 ], [ 81.69423, 17.47479 ], [ 81.69598, 17.46772 ], [ 81.69903, 17.46651 ], [ 81.70037, 17.46444 ], [ 81.70132, 17.46428 ], [ 81.70675, 17.46729 ], [ 81.71144, 17.46621 ], [ 81.71446, 17.46686 ], [ 81.71747, 17.4642 ], [ 81.7212, 17.46392 ], [ 81.72205, 17.4647 ], [ 81.72119, 17.46617 ], [ 81.72116, 17.47069 ], [ 81.72499, 17.47438 ], [ 81.72843, 17.48107 ], [ 81.73459, 17.48226 ], [ 81.7363, 17.4838 ], [ 81.73733, 17.48832 ], [ 81.74383, 17.49232 ], [ 81.74829, 17.49234 ], [ 81.75008, 17.49373 ], [ 81.75224, 17.50096 ], [ 81.75227, 17.50563 ], [ 81.75484, 17.50626 ], [ 81.76125, 17.50444 ], [ 81.76472, 17.50554 ], [ 81.76461, 17.50803 ], [ 81.76101, 17.51101 ], [ 81.76212, 17.51529 ], [ 81.76628, 17.51649 ], [ 81.7731, 17.51322 ], [ 81.7786, 17.5196 ], [ 81.78021, 17.51996 ], [ 81.7879, 17.51696 ], [ 81.79971, 17.51596 ], [ 81.80143, 17.51454 ], [ 81.80417, 17.51393 ], [ 81.80642, 17.52398 ], [ 81.80368, 17.52733 ], [ 81.7999, 17.52907 ], [ 81.80074, 17.5334 ], [ 81.80698, 17.53584 ], [ 81.81177, 17.53535 ], [ 81.8148, 17.53688 ] ] ], [ [ [ 81.64593, 17.5248 ], [ 81.6477, 17.51981 ], [ 81.64254, 17.51745 ], [ 81.63871, 17.51412 ], [ 81.63331, 17.51168 ], [ 81.6193, 17.501 ], [ 81.61339, 17.49746 ], [ 81.60963, 17.49689 ], [ 81.60889, 17.49502 ], [ 81.60595, 17.49493 ], [ 81.60413, 17.49564 ], [ 81.60109, 17.49876 ], [ 81.60502, 17.50624 ], [ 81.60848, 17.50881 ], [ 81.61821, 17.50943 ], [ 81.62945, 17.51124 ], [ 81.6344, 17.51641 ], [ 81.6315, 17.52508 ], [ 81.64402, 17.52645 ], [ 81.64593, 17.5248 ] ] ] ] } },
{ "type": "Feature", "properties": { "OBJECTID": 1179, "state_lgd": "28", "state_name": "ANDHRA PRADESH", "district_lgd": "684", "district_name": "Alluri Sitarama Raju", "district_name_source": "district_table", "subdistrict_lgd": "4733", "subdistrict_name": "VARARAMACHANDRAPURAM", "subdistrict_type": "Mandal", "name_corrupted": false, "remarks": "", "label_lon": 81.399208251337086, "label_lat": 17.575936350132416 }, "geometry": { "type": "Polygon", "coordinates": [ [ [ 81.39095, 17.69998 ], [ 81.39411, 17.69978 ], [ 81.39419, 17.69772 ], [ 81.39589, 17.69688 ], [ 81.39578, 17.69545 ], [ 81.39726, 17.69479 ], [ 81.40096, 17.69069 ], [ 81.40957, 17.68917 ], [ 81.4133, 17.68573 ], [ 81.41386, 17.67653 ], [ 81.41685, 17.67473 ], [ 81.42551, 17.66609 ], [ 81.42539, 17.66095 ], [ 81.43451, 17.65619 ], [ 81.43545, 17.65725 ], [ 81.43907, 17.65624 ], [ 81.44596, 17.66017 ], [ 81.45132, 17.6619 ], [ 81.49786, 17.63748 ], [ 81.52466, 17.62197 ], [ 81.52409, 17.62091 ], [ 81.52481, 17.61948 ], [ 81.52452, 17.61769 ], [ 81.52624, 17.61608 ], [ 81.52632, 17.61496 ], [ 81.52128, 17.61374 ], [ 81.52362, 17.61185 ], [ 81.5235, 17.60582 ], [ 81.51897, 17.60328 ], [ 81.51664, 17.60061 ], [ 81.51647, 17.59925 ], [ 81.52141, 17.59708 ], [ 81.52376, 17.59733 ], [ 81.52506, 17.59485 ], [ 81.52973, 17.59257 ], [ 81.53061, 17.59002 ], [ 81.53627, 17.58563 ], [ 81.5367, 17.58422 ], [ 81.53585, 17.5813 ], [ 81.53305, 17.57916 ], [ 81.53499, 17.57656 ], [ 81.53417, 17.57405 ], [ 81.52964, 17.57173 ], [ 81.52973, 17.57075 ], [ 81.5319, 17.56873 ], [ 81.53184, 17.56744 ], [ 81.52698, 17.56467 ], [ 81.52662, 17.56044 ], [ 81.52169, 17.56283 ], [ 81.52097, 17.56081 ], [ 81.51901, 17.55916 ], [ 81.51983, 17.55428 ], [ 81.51618, 17.54978 ], [ 81.5144, 17.54606 ], [ 81.51228, 17.54493 ], [ 81.51411, 17.54143 ], [ 81.51282, 17.53889 ], [ 81.51251, 17.53611 ], [ 81.51475, 17.53467 ], [ 81.51509, 17.53356 ], [ 81.5132, 17.52575 ], [ 81.51052, 17.5207 ], [ 81.5105, 17.51934 ], [ 81.51146, 17.51665 ], [ 81.5166, 17.50899 ], [ 81.51999, 17.50839 ], [ 81.52361, 17.50883 ], [ 81.52466, 17.50495 ], [ 81.52298, 17.50239 ], [ 81.52063, 17.50096 ], [ 81.5187, 17.4898 ], [ 81.51558, 17.48432 ], [ 81.50982, 17.48275 ], [ 81.49468, 17.48062 ], [ 81.48946, 17.47756 ], [ 81.48039, 17.46959 ], [ 81.4753, 17.46752 ], [ 81.47128, 17.46731 ], [ 81.46465, 17.46849 ], [ 81.44856, 17.46248 ], [ 81.43932, 17.46217 ], [ 81.41828, 17.46542 ], [ 81.40847, 17.46448 ], [ 81.39899, 17.4696 ], [ 81.39213, 17.47196 ], [ 81.38872, 17.47632 ], [ 81.38431, 17.49081 ], [ 81.37632, 17.49468 ], [ 81.36351, 17.49928 ], [ 81.35566, 17.50016 ], [ 81.34916, 17.49991 ], [ 81.34103, 17.49557 ], [ 81.33321, 17.49418 ], [ 81.3269, 17.49109 ], [ 81.31499, 17.48744 ], [ 81.30132, 17.49218 ], [ 81.29546, 17.49611 ], [ 81.29439, 17.49782 ], [ 81.29256, 17.50098 ], [ 81.29232, 17.51047 ], [ 81.2901, 17.51959 ], [ 81.28498, 17.52963 ], [ 81.27559, 17.54419 ], [ 81.26944, 17.55307 ], [ 81.26184, 17.56124 ], [ 81.26195, 17.56822 ], [ 81.26025, 17.57085 ], [ 81.25988, 17.57375 ], [ 81.26019, 17.57565 ], [ 81.26219, 17.57846 ], [ 81.26676, 17.58177 ], [ 81.27588, 17.5865 ], [ 81.28307, 17.59354 ], [ 81.2847, 17.59625 ], [ 81.28551, 17.60135 ], [ 81.28612, 17.62149 ], [ 81.28471, 17.63393 ], [ 81.2867, 17.64344 ], [ 81.29316, 17.65498 ], [ 81.30758, 17.6705 ], [ 81.31576, 17.68588 ], [ 81.3226, 17.69404 ], [ 81.3256, 17.69171 ], [ 81.33337, 17.68841 ], [ 81.33704, 17.6843 ], [ 81.34401, 17.67937 ], [ 81.35739, 17.68818 ], [ 81.35824, 17.68727 ], [ 81.35959, 17.68745 ], [ 81.36803, 17.69031 ], [ 81.37375, 17.69317 ], [ 81.37686, 17.69515 ], [ 81.3761, 17.6978 ], [ 81.37727, 17.69925 ], [ 81.38059, 17.69915 ], [ 81.38316, 17.69724 ], [ 81.38661, 17.69855 ], [ 81.38833, 17.70144 ], [ 81.39095, 17.69998 ] ] ] } },
{ "type": "Feature", "properties": { "OBJECTID": 1219, "state_lgd": "28", "state_name": "ANDHRA PRADESH", "district_lgd": "684", "district_name": "Alluri Sitarama Raju", "district_name_source": "district_table", "subdistrict_lgd": "4886", "subdistrict_name": "Y. RAMAVARAM", "subdistrict_type": "Mandal", "name_corrupted": false, "remarks": "", "label_lon": 81.863146918116996, "label_lat": 17.768122 }, "geometry": { "type": "Polygon", "coordinates": [ [ [ 81.98253, 18.00542 ], [ 81.9845, 18.00588 ], [ 81.98529, 18.00287 ], [ 81.9913, 18.00234 ], [ 81.99654, 17.99974 ], [ 81.99677, 17.99638 ], [ 82.00112, 17.98945 ], [ 82.00129, 17.98648 ], [ 82.00748, 17.98181 ], [ 82.00796, 17.97964 ], [ 82.00989, 17.98039 ], [ 82.00965, 17.97698 ], [ 82.00814, 17.97306 ], [ 82.00952, 17.96961 ], [ 82.00693, 17.96713 ], [ 82.00718, 17.9655 ], [ 82.01205, 17.96164 ], [ 82.02235, 17.95717 ], [ 82.02223, 17.95234 ], [ 82.02611, 17.94614 ], [ 82.02598, 17.94348 ], [ 82.02956, 17.93931 ], [ 82.02916, 17.93768 ], [ 82.02701, 17.93687 ], [ 82.02776, 17.93548 ], [ 82.02774, 17.93167 ], [ 82.0244, 17.93059 ], [ 82.02061, 17.9279 ], [ 82.02029, 17.92116 ], [ 82.0179, 17.91922 ], [ 82.01558, 17.91887 ], [ 82.01317, 17.91662 ], [ 82.01052, 17.91158 ], [ 82.00789, 17.9102 ], [ 82.00838, 17.90785 ], [ 82.00663, 17.90589 ], [ 82.00627, 17.90335 ], [ 82.0027, 17.90084 ], [ 82.00255, 17.89642 ], [ 82.00357, 17.89468 ], [ 82.00254, 17.89042 ], [ 82.00163, 17.88947 ], [ 82.002, 17.8872 ], [ 82.00087, 17.88612 ], [ 82.00176, 17.88248 ], [ 82.00087, 17.87941 ], [ 82.00478, 17.87116 ], [ 82.0063, 17.86961 ], [ 82.01363, 17.86657 ], [ 82.01706, 17.86237 ], [ 82.01771, 17.85618 ], [ 82.01667, 17.85143 ], [ 82.01966, 17.83955 ], [ 82.00995, 17.8278 ], [ 82.00985, 17.83522 ], [ 82.00786, 17.84531 ], [ 82.00024, 17.84466 ], [ 81.99828, 17.8456 ], [ 81.99326, 17.84582 ], [ 81.99153, 17.85002 ], [ 81.98742, 17.85342 ], [ 81.98482, 17.85007 ], [ 81.97777, 17.84825 ], [ 81.97194, 17.84012 ], [ 81.96806, 17.82719 ], [ 81.96277, 17.82214 ], [ 81.9606, 17.81816 ], [ 81.9559, 17.81573 ], [ 81.94826, 17.81512 ], [ 81.94201, 17.81308 ], [ 81.93305, 17.81449 ], [ 81.92323, 17.80874 ], [ 81.9251, 17.80167 ], [ 81.9168, 17.79864 ], [ 81.91175, 17.79304 ], [ 81.90484, 17.79216 ], [ 81.90156, 17.78996 ], [ 81.89939, 17.78954 ], [ 81.89814, 17.78721 ], [ 81.89158, 17.78091 ], [ 81.8859, 17.77929 ], [ 81.88429, 17.77661 ], [ 81.87832, 17.77345 ], [ 81.87712, 17.77033 ], [ 81.87341, 17.76657 ], [ 81.87281, 17.76082 ], [ 81.86867, 17.75889 ], [ 81.86733, 17.75651 ], [ 81.86471, 17.75813 ], [ 81.86419, 17.75621 ], [ 81.86115, 17.75438 ], [ 81.86118, 17.75289 ], [ 81.86789, 17.74981 ], [ 81.86949, 17.74586 ], [ 81.87724, 17.74169 ], [ 81.88024, 17.74131 ], [ 81.88267, 17.74203 ], [ 81.88809, 17.74538 ], [ 81.89842, 17.74552 ], [ 81.90786, 17.74054 ], [ 81.91689, 17.74184 ], [ 81.92002, 17.74136 ], [ 81.92319, 17.74291 ], [ 81.92979, 17.74222 ], [ 81.93534, 17.73872 ], [ 81.93949, 17.74035 ], [ 81.94689, 17.74053 ], [ 81.95366, 17.74387 ], [ 81.96177, 17.74406 ], [ 81.97239, 17.74709 ], [ 81.9693, 17.74962 ], [ 81.96617, 17.74964 ], [ 81.9595, 17.7594 ], [ 81.96439, 17.76307 ], [ 81.97119, 17.76496 ], [ 81.97796, 17.76968 ], [ 81.9807, 17.7702 ], [ 81.98625, 17.76969 ], [ 81.99739, 17.76585 ], [ 82.00162, 17.76126 ], [ 82.00305, 17.75737 ], [ 82.0111, 17.75254 ], [ 82.01614, 17.75344 ], [ 82.01807, 17.74954 ], [ 82.01511, 17.74609 ], [ 82.01476, 17.7418 ], [ 82.01129, 17.73799 ], [ 82.01984, 17.73184 ], [ 82.02312, 17.73181 ], [ 82.02779, 17.7281 ], [ 82.03049, 17.72094 ], [ 82.03056, 17.71885 ], [ 82.02876, 17.71537 ], [ 82.03328, 17.71436 ], [ 82.03154, 17.71003 ], [ 82.03288, 17.70891 ], [ 82.02943, 17.7075 ], [ 82.02772, 17.70505 ], [ 82.0246, 17.70326 ], [ 82.02863, 17.69579 ], [ 82.0262, 17.68443 ], [ 82.02111, 17.67971 ], [ 82.01928, 17.67674 ], [ 82.01963, 17.67493 ], [ 82.02216, 17.67443 ], [ 82.02216, 17.66955 ], [ 82.01629, 17.66158 ], [ 82.01162, 17.66272 ], [ 82.00601, 17.65937 ], [ 82.00667, 17.65899 ], [ 82.00646, 17.65699 ], [ 82.00775, 17.65497 ], [ 82.00792, 17.65235 ], [ 82.00644, 17.64791 ], [ 82.01033, 17.64667 ], [ 82.00753, 17.64468 ], [ 82.00731, 17.64237 ], [ 82.00332, 17.64129 ], [ 82.00179, 17.63909 ], [ 82.00192, 17.63626 ], [ 82.00365, 17.63336 ], [ 82.00498, 17.62794 ], [ 82.00767, 17.62687 ], [ 82.00926, 17.62439 ], [ 82.01318, 17.62199 ], [ 82.01598, 17.61879 ], [ 82.01779, 17.61875 ], [ 82.01763, 17.617 ], [ 82.01589, 17.61427 ], [ 82.01323, 17.61326 ], [ 82.00971, 17.60599 ], [ 82.00647, 17.60567 ], [ 82.00241, 17.60409 ], [ 82.00161, 17.60086 ], [ 82.00052, 17.59956 ], [ 81.99149, 17.59838 ], [ 81.98726, 17.59649 ], [ 81.98626, 17.59387 ], [ 81.98341, 17.59301 ], [ 81.98058, 17.59057 ], [ 81.9809, 17.58744 ], [ 81.97576, 17.58549 ], [ 81.9751, 17.58236 ], [ 81.97273, 17.58002 ], [ 81.96112, 17.574 ], [ 81.95596, 17.56932 ], [ 81.95238, 17.56473 ], [ 81.95746, 17.56318 ], [ 81.95905, 17.56343 ], [ 81.9641, 17.56731 ], [ 81.96765, 17.56748 ], [ 81.96862, 17.56636 ], [ 81.97463, 17.57046 ], [ 81.98313, 17.57964 ], [ 81.98669, 17.58066 ], [ 81.98711, 17.57729 ], [ 81.99087, 17.57274 ], [ 81.98917, 17.5673 ], [ 81.9836, 17.55983 ], [ 81.97971, 17.56046 ], [ 81.97708, 17.56233 ], [ 81.97193, 17.56314 ], [ 81.97093, 17.56086 ], [ 81.97166, 17.55567 ], [ 81.96235, 17.54907 ], [ 81.96065, 17.5522 ], [ 81.95542, 17.55327 ], [ 81.95235, 17.54909 ], [ 81.95107, 17.54994 ], [ 81.94698, 17.54488 ], [ 81.94529, 17.54757 ], [ 81.93795, 17.54718 ], [ 81.92141, 17.54003 ], [ 81.90996, 17.54078 ], [ 81.90701, 17.54012 ], [ 81.89257, 17.53476 ], [ 81.89077, 17.52924 ], [ 81.88579, 17.524 ], [ 81.87939, 17.52528 ], [ 81.87608, 17.52632 ], [ 81.87096, 17.53769 ], [ 81.86088, 17.54825 ], [ 81.86517, 17.56059 ], [ 81.85363, 17.57002 ], [ 81.84325, 17.5765 ], [ 81.83724, 17.58323 ], [ 81.83033, 17.58533 ], [ 81.82464, 17.59061 ], [ 81.81889, 17.58802 ], [ 81.81524, 17.58933 ], [ 81.81249, 17.58918 ], [ 81.81146, 17.59133 ], [ 81.80398, 17.59187 ], [ 81.80376, 17.59476 ], [ 81.79855, 17.59955 ], [ 81.79627, 17.60315 ], [ 81.79676, 17.60868 ], [ 81.79356, 17.61017 ], [ 81.79859, 17.61304 ], [ 81.79774, 17.61554 ], [ 81.79301, 17.61855 ], [ 81.78557, 17.62229 ], [ 81.78357, 17.62078 ], [ 81.78007, 17.62049 ], [ 81.77839, 17.61867 ], [ 81.77273, 17.61983 ], [ 81.77119, 17.61857 ], [ 81.77501, 17.62384 ], [ 81.76975, 17.63046 ], [ 81.7712, 17.63719 ], [ 81.77098, 17.64019 ], [ 81.7745, 17.64244 ], [ 81.77479, 17.64422 ], [ 81.78338, 17.64181 ], [ 81.78622, 17.63957 ], [ 81.78937, 17.63977 ], [ 81.79514, 17.64235 ], [ 81.80158, 17.64692 ], [ 81.80022, 17.65947 ], [ 81.80112, 17.66689 ], [ 81.80247, 17.66956 ], [ 81.80956, 17.67802 ], [ 81.81021, 17.68051 ], [ 81.81398, 17.68334 ], [ 81.81637, 17.68648 ], [ 81.813, 17.69951 ], [ 81.81677, 17.70007 ], [ 81.82244, 17.7031 ], [ 81.82409, 17.70598 ], [ 81.82511, 17.7106 ], [ 81.8274, 17.7131 ], [ 81.83531, 17.7288 ], [ 81.84984, 17.74858 ], [ 81.851, 17.75099 ], [ 81.84829, 17.75328 ], [ 81.85172, 17.76987 ], [ 81.86064, 17.77078 ], [ 81.8601, 17.7752 ], [ 81.86241, 17.78063 ], [ 81.86288, 17.78539 ], [ 81.85891, 17.79132 ], [ 81.85639, 17.79255 ], [ 81.85085, 17.78933 ], [ 81.84558, 17.7902 ], [ 81.84202, 17.78779 ], [ 81.83312, 17.79195 ], [ 81.83266, 17.79374 ], [ 81.8301, 17.79501 ], [ 81.82934, 17.79963 ], [ 81.82665, 17.80379 ], [ 81.82707, 17.80873 ], [ 81.82386, 17.8111 ], [ 81.82095, 17.81178 ], [ 81.81653, 17.8163 ], [ 81.80988, 17.8129 ], [ 81.80793, 17.81102 ], [ 81.80309, 17.81235 ], [ 81.79855, 17.81068 ], [ 81.79487, 17.81359 ], [ 81.79681, 17.81759 ], [ 81.80059, 17.81955 ], [ 81.80451, 17.83076 ], [ 81.81198, 17.84709 ], [ 81.80835, 17.85089 ], [ 81.80329, 17.85156 ], [ 81.80446, 17.85501 ], [ 81.80925, 17.86162 ], [ 81.80938, 17.86285 ], [ 81.80763, 17.86501 ], [ 81.8053, 17.8661 ], [ 81.80603, 17.86915 ], [ 81.80305, 17.87032 ], [ 81.80443, 17.87344 ], [ 81.79915, 17.8773 ], [ 81.79654, 17.8771 ], [ 81.79199, 17.88025 ], [ 81.78825, 17.8804 ], [ 81.78689, 17.88152 ], [ 81.78605, 17.88369 ], [ 81.77972, 17.88841 ], [ 81.77181, 17.89119 ], [ 81.77056, 17.90143 ], [ 81.76931, 17.90315 ], [ 81.76614, 17.90445 ], [ 81.76881, 17.90688 ], [ 81.77138, 17.91246 ], [ 81.77841, 17.91284 ], [ 81.78458, 17.91788 ], [ 81.79013, 17.92081 ], [ 81.79349, 17.92548 ], [ 81.7947, 17.93294 ], [ 81.79707, 17.93728 ], [ 81.80426, 17.94614 ], [ 81.81072, 17.9514 ], [ 81.81358, 17.95216 ], [ 81.8165, 17.95131 ], [ 81.81911, 17.95169 ], [ 81.82739, 17.95685 ], [ 81.83201, 17.95813 ], [ 81.83961, 17.95677 ], [ 81.84323, 17.95696 ], [ 81.8513, 17.95989 ], [ 81.86649, 17.96329 ], [ 81.88027, 17.96817 ], [ 81.88894, 17.97254 ], [ 81.89337, 17.97624 ], [ 81.90372, 17.97666 ], [ 81.90619, 17.97838 ], [ 81.90903, 17.98422 ], [ 81.91991, 17.99121 ], [ 81.92955, 17.98968 ], [ 81.93657, 17.99028 ], [ 81.93915, 17.99115 ], [ 81.94602, 17.99575 ], [ 81.95171, 17.99634 ], [ 81.95601, 17.99847 ], [ 81.96297, 17.99925 ], [ 81.96516, 18.00094 ], [ 81.96857, 18.00565 ], [ 81.97491, 18.00945 ], [ 81.97936, 18.01442 ], [ 81.98006, 18.01271 ], [ 81.97857, 18.0109 ], [ 81.98171, 18.00763 ], [ 81.98253, 18.00542 ] ] ] } },
{ "type": "Feature", "properties": { "OBJECTID": 1229, "state_lgd": "28", "state_name": "ANDHRA PRADESH", "district_lgd": "684", "district_name": "Alluri Sitarama Raju", "district_name_source": "district_table", "subdistrict_lgd": "6147", "subdistrict_name": "YETAPAKA", "subdistrict_type": "Mandal", "name_corrupted": false, "remarks": "", "label_lon": 81.01660869074361, "label_lat": 17.688316800316837 }, "geometry": { "type": "MultiPolygon", "coordinates": [ [ [ [ 80.97613, 17.7779 ], [ 80.98423, 17.75566 ], [ 80.98926, 17.75254 ], [ 80.99132, 17.74992 ], [ 80.99841, 17.74909 ], [ 81.01592, 17.74503 ], [ 81.02763, 17.74813 ], [ 81.04056, 17.74761 ], [ 81.04416, 17.74042 ], [ 81.05051, 17.734 ], [ 81.05817, 17.73309 ], [ 81.06983, 17.74071 ], [ 81.08258, 17.7531 ], [ 81.09565, 17.7622 ], [ 81.1015, 17.7677 ], [ 81.10426, 17.77201 ], [ 81.10388, 17.7732 ], [ 81.11206, 17.77542 ], [ 81.11581, 17.77326 ], [ 81.11689, 17.77182 ], [ 81.11401, 17.75333 ], [ 81.10582, 17.73471 ], [ 81.10352, 17.72699 ], [ 81.10066, 17.72279 ], [ 81.10065, 17.7145 ], [ 81.1101, 17.71227 ], [ 81.11987, 17.71122 ], [ 81.12517, 17.71221 ], [ 81.12641, 17.70733 ], [ 81.13346, 17.69959 ], [ 81.13382, 17.69262 ], [ 81.13492, 17.68828 ], [ 81.13812, 17.68544 ], [ 81.14518, 17.68201 ], [ 81.14852, 17.67912 ], [ 81.14984, 17.67701 ], [ 81.15119, 17.66956 ], [ 81.15286, 17.66507 ], [ 81.14811, 17.66422 ], [ 81.14384, 17.66594 ], [ 81.14066, 17.6627 ], [ 81.13868, 17.6618 ], [ 81.13567, 17.66267 ], [ 81.1305, 17.66212 ], [ 81.1272, 17.65836 ], [ 81.12733, 17.65606 ], [ 81.13077, 17.65311 ], [ 81.13131, 17.64992 ], [ 81.13038, 17.64727 ], [ 81.12382, 17.64482 ], [ 81.12861, 17.64007 ], [ 81.12869, 17.63693 ], [ 81.12395, 17.62289 ], [ 81.11764, 17.61494 ], [ 81.11496, 17.61911 ], [ 81.10865, 17.62024 ], [ 81.09868, 17.61761 ], [ 81.08092, 17.60986 ], [ 81.07645, 17.60896 ], [ 81.06419, 17.60873 ], [ 81.05667, 17.60694 ], [ 81.03965, 17.59766 ], [ 81.03199, 17.59684 ], [ 81.02377, 17.59829 ], [ 81.01724, 17.59808 ], [ 81.01181, 17.59978 ], [ 81.0077, 17.60436 ], [ 81.00668, 17.61114 ], [ 81.00695, 17.62113 ], [ 81.00955, 17.64365 ], [ 81.0069, 17.64762 ], [ 80.99955, 17.65152 ], [ 80.99041, 17.65357 ], [ 80.98006, 17.65261 ], [ 80.97514, 17.65061 ], [ 80.97014, 17.64967 ], [ 80.96043, 17.64438 ], [ 80.95387, 17.63781 ], [ 80.93878, 17.63263 ], [ 80.92533, 17.63442 ], [ 80.91867, 17.63676 ], [ 80.91629, 17.63664 ], [ 80.91106, 17.63802 ], [ 80.91258, 17.64871 ], [ 80.91177, 17.65454 ], [ 80.91245, 17.65781 ], [ 80.91011, 17.66151 ], [ 80.90433, 17.6627 ], [ 80.90054, 17.66446 ], [ 80.89792, 17.66886 ], [ 80.89951, 17.67293 ], [ 80.90312, 17.67507 ], [ 80.90496, 17.67732 ], [ 80.898, 17.68079 ], [ 80.89455, 17.68164 ], [ 80.89155, 17.67996 ], [ 80.88577, 17.68122 ], [ 80.89117, 17.69066 ], [ 80.89475, 17.70291 ], [ 80.89099, 17.71369 ], [ 80.89076, 17.72188 ], [ 80.88555, 17.73568 ], [ 80.90237, 17.7462 ], [ 80.90603, 17.74704 ], [ 80.91073, 17.74573 ], [ 80.913, 17.74592 ], [ 80.91459, 17.74653 ], [ 80.91273, 17.74948 ], [ 80.91444, 17.75045 ], [ 80.915, 17.74836 ], [ 80.91757, 17.74811 ], [ 80.91724, 17.75041 ], [ 80.91946, 17.7562 ], [ 80.92338, 17.75729 ], [ 80.92404, 17.75885 ], [ 80.92611, 17.75933 ], [ 80.92785, 17.76178 ], [ 80.94631, 17.76019 ], [ 80.95562, 17.77291 ], [ 80.95502, 17.77439 ], [ 80.95847, 17.77502 ], [ 80.96036, 17.77667 ], [ 80.96343, 17.77739 ], [ 80.96559, 17.77967 ], [ 80.9681, 17.77849 ], [ 80.97217, 17.77795 ], [ 80.97342, 17.78012 ], [ 80.97613, 17.7779 ] ] ], [ [ [ 81.12232, 17.75049 ], [ 81.12331, 17.75149 ], [ 81.12445, 17.74969 ], [ 81.1226, 17.74914 ], [ 81.12232, 17.75049 ] ] ], [ [ [ 81.12899, 17.75983 ], [ 81.12919, 17.76207 ], [ 81.13187, 17.76241 ], [ 81.13159, 17.75981 ], [ 81.12899, 17.75983 ] ] ], [ [ [ 81.09736, 17.77638 ], [ 81.09846, 17.77823 ], [ 81.09972, 17.77801 ], [ 81.10026, 17.77696 ], [ 81.09997, 17.77587 ], [ 81.09812, 17.77557 ], [ 81.09736, 17.77638 ] ] ] ] } }
]
}
