{"type":"FeatureCollection","name":"INDORE, MADHYA PRADESH - Sub-district boundaries","crs_note":"RFC 7946 WGS84 lon/lat (EPSG:4326); source CRS was LCC_WGS84","features":[{"type":"Feature","properties":{"OBJECTID":4161,"state_lgd":"23","state_name":"MADHYA PRADESH","district_lgd":"439","district_name":"INDORE","district_name_source":"district_table","subdistrict_lgd":"6788","subdistrict_name":"BHICHOLI_HAPSI","subdistrict_type":"","name_corrupted":false,"remarks":""},"geometry":{"type":"MultiPolygon","coordinates":[[[[76.229068,22.665815],[76.229258,22.665793],[76.229727,22.665782],[76.230195,22.66577],[76.23065,22.665738],[76.231128,22.665718],[76.231574,22.66569],[76.231992,22.665659],[76.232292,22.666097],[76.232517,22.666394],[76.232774,22.666757],[76.232881,22.666926],[76.232957,22.667014],[76.233075,22.666922],[76.233168,22.666848],[76.233238,22.666743],[76.233371,22.666549],[76.233522,22.666326],[76.233599,22.666225],[76.233678,22.666121],[76.233743,22.666014],[76.233882,22.665836],[76.23398,22.665703],[76.234038,22.66563],[76.234095,22.665462],[76.234151,22.665286],[76.234266,22.664909],[76.234314,22.664758],[76.234331,22.664678],[76.234273,22.664439],[76.234184,22.664181],[76.234048,22.663883],[76.233893,22.663575],[76.233827,22.663485],[76.233739,22.663414],[76.233709,22.663057],[76.233686,22.662745],[76.233599,22.662668],[76.233332,22.662466],[76.232992,22.662243],[76.232744,22.662084],[76.232697,22.662044],[76.232691,22.661768],[76.232671,22.661454],[76.232657,22.661138],[76.232642,22.660817],[76.232628,22.6605],[76.232615,22.660194],[76.232147,22.659766],[76.231858,22.659503],[76.2318,22.659274],[76.231932,22.658895],[76.231726,22.658613],[76.231588,22.658362],[76.231722,22.658203],[76.231761,22.658172],[76.231958,22.658012],[76.231955,22.657697],[76.231613,22.657385],[76.231202,22.657337],[76.231103,22.657326],[76.230966,22.657169],[76.230795,22.65695],[76.230793,22.656726],[76.230792,22.656635],[76.230722,22.656447],[76.230721,22.656258],[76.230516,22.656133],[76.230357,22.656069],[76.230209,22.65601],[76.22997,22.655823],[76.229427,22.655827],[76.229358,22.655701],[76.229423,22.655386],[76.229685,22.655026],[76.229792,22.654879],[76.229993,22.654625],[76.229957,22.654311],[76.229885,22.653902],[76.229577,22.653589],[76.229234,22.653182],[76.228756,22.652871],[76.228447,22.652464],[76.228117,22.652146],[76.227831,22.65187],[76.22776,22.651524],[76.228013,22.651356],[76.228097,22.651301],[76.228155,22.651321],[76.228266,22.651201],[76.228057,22.651005],[76.225748,22.649578],[76.219664,22.645616],[76.218708,22.64484],[76.216966,22.643428],[76.215199,22.641996],[76.212484,22.639793],[76.210915,22.638258],[76.208127,22.63553],[76.204225,22.631712],[76.200594,22.625106],[76.200578,22.625077],[76.200562,22.625079],[76.200492,22.624938],[76.198773,22.625201],[76.197905,22.623649],[76.195239,22.618368],[76.194619,22.617281],[76.192239,22.612966],[76.192087,22.612509],[76.192031,22.611998],[76.192062,22.611451],[76.192195,22.610816],[76.192465,22.609142],[76.192516,22.608681],[76.19257,22.608124],[76.192912,22.604606],[76.192934,22.604393],[76.192956,22.603623],[76.192897,22.602788],[76.192749,22.601745],[76.192673,22.601423],[76.192419,22.600762],[76.192293,22.60053],[76.192203,22.600425],[76.19166,22.599832],[76.191297,22.599498],[76.190831,22.599224],[76.189797,22.598719],[76.188153,22.597902],[76.187587,22.597551],[76.187337,22.59746],[76.187004,22.597435],[76.186738,22.597458],[76.186554,22.597503],[76.186152,22.597616],[76.185914,22.597615],[76.18469,22.597456],[76.18379,22.597222],[76.183657,22.597776],[76.183514,22.598181],[76.183086,22.598954],[76.18298,22.598966],[76.182673,22.59898],[76.181269,22.598892],[76.181136,22.598866],[76.180518,22.59877],[76.179511,22.598712],[76.179142,22.598669],[76.178833,22.599228],[76.178755,22.599341],[76.178619,22.59943],[76.178309,22.599597],[76.177601,22.599745],[76.17543,22.600156],[76.175435,22.600331],[76.175436,22.600406],[76.175468,22.601023],[76.17556,22.601535],[76.175657,22.60189],[76.175841,22.602268],[76.17662,22.603368],[76.177279,22.604275],[76.1774,22.604391],[76.177868,22.604803],[76.178432,22.605163],[76.17937,22.604521],[76.179677,22.604364],[76.17982,22.604314],[76.180034,22.604243],[76.180171,22.604213],[76.180344,22.604201],[76.180576,22.604219],[76.18068,22.604242],[76.181241,22.604424],[76.181465,22.604548],[76.181692,22.604681],[76.182561,22.605072],[76.183818,22.605462],[76.185104,22.605973],[76.186304,22.60645],[76.186785,22.606648],[76.187269,22.606882],[76.187561,22.607039],[76.188017,22.607389],[76.188512,22.607981],[76.188514,22.608195],[76.188223,22.608895],[76.187667,22.609779],[76.187419,22.61005],[76.186863,22.610495],[76.18563,22.611277],[76.185144,22.611495],[76.184841,22.611575],[76.184605,22.611593],[76.18426,22.611581],[76.183937,22.61153],[76.182678,22.611413],[76.182053,22.611487],[76.181898,22.61156],[76.181745,22.611699],[76.181599,22.612254],[76.181504,22.612904],[76.181399,22.613615],[76.181341,22.614015],[76.181331,22.614403],[76.181361,22.614671],[76.18142,22.614879],[76.181498,22.615004],[76.181617,22.615152],[76.181664,22.615182],[76.181884,22.615248],[76.182295,22.615313],[76.182616,22.61542],[76.182795,22.615527],[76.182884,22.615628],[76.182943,22.615747],[76.183003,22.615914],[76.183244,22.616367],[76.183263,22.61655],[76.183253,22.616663],[76.18314,22.616848],[76.182919,22.617092],[76.182506,22.617414],[76.182229,22.617443],[76.181974,22.617413],[76.18131,22.617188],[76.180975,22.617108],[76.180332,22.616919],[76.1801,22.616877],[76.179856,22.61677],[76.179487,22.616544],[76.178754,22.616023],[76.178339,22.615718],[76.177799,22.615396],[76.177671,22.61532],[76.17725,22.615111],[76.176763,22.614903],[76.176304,22.614752],[76.175342,22.614681],[76.174835,22.614682],[76.174615,22.614718],[76.174413,22.614736],[76.174373,22.615435],[76.174376,22.615682],[76.174306,22.616681],[76.174295,22.616992],[76.17429,22.617133],[76.174234,22.617522],[76.173883,22.618711],[76.173812,22.618983],[76.173798,22.619033],[76.173762,22.619137],[76.173677,22.61938],[76.173648,22.619437],[76.173503,22.619639],[76.172799,22.62042],[76.171803,22.621526],[76.172261,22.622313],[76.172316,22.622407],[76.172652,22.62285],[76.172896,22.623076],[76.173146,22.623266],[76.173461,22.623451],[76.173723,22.623599],[76.174044,22.62376],[76.174318,22.623897],[76.174538,22.624022],[76.174794,22.62423],[76.174972,22.624438],[76.175209,22.624814],[76.17471,22.625271],[76.174752,22.625521],[76.17482,22.625781],[76.174915,22.625969],[76.175193,22.62647],[76.175873,22.627465],[76.175947,22.627572],[76.176221,22.627978],[76.176679,22.628537],[76.177036,22.628995],[76.177268,22.62937],[76.177506,22.629881],[76.17778,22.630381],[76.177821,22.630452],[76.177887,22.630547],[76.178083,22.63072],[76.178226,22.630803],[76.178398,22.630898],[76.178529,22.630982],[76.178642,22.631059],[76.178761,22.631136],[76.178833,22.63119],[76.178886,22.631238],[76.178952,22.631351],[76.179029,22.631511],[76.179094,22.631725],[76.179065,22.631928],[76.179053,22.632136],[76.179022,22.632301],[76.179029,22.632519],[76.179047,22.632612],[76.179273,22.633135],[76.179612,22.633706],[76.179856,22.633903],[76.180135,22.634069],[76.180469,22.63417],[76.181015,22.634164],[76.181081,22.634163],[76.18148,22.634135],[76.18173,22.634129],[76.181974,22.634051],[76.18217,22.633926],[76.182402,22.633754],[76.183068,22.632975],[76.18362,22.632518],[76.183674,22.632479],[76.183913,22.632308],[76.184175,22.632201],[76.184407,22.632166],[76.184627,22.632177],[76.184734,22.632207],[76.185031,22.632302],[76.18518,22.63238],[76.185483,22.632505],[76.185602,22.632588],[76.18584,22.632713],[76.185953,22.632802],[76.18637,22.633248],[76.186495,22.633355],[76.186578,22.633462],[76.186631,22.633587],[76.186721,22.633968],[76.186733,22.634111],[76.18678,22.634349],[76.186813,22.634586],[76.18685,22.634857],[76.186881,22.634967],[76.186905,22.635057],[76.186941,22.635187],[76.186982,22.63533],[76.187048,22.635443],[76.187238,22.63558],[76.187393,22.635735],[76.187524,22.63586],[76.187684,22.636032],[76.187785,22.636217],[76.187916,22.636562],[76.187994,22.636716],[76.188029,22.636823],[76.188107,22.636913],[76.18822,22.636936],[76.188309,22.636877],[76.188392,22.63677],[76.188446,22.636657],[76.188523,22.636496],[76.188684,22.636276],[76.188773,22.636169],[76.188856,22.636104],[76.188953,22.636091],[76.189085,22.63652],[76.189141,22.637173],[76.189205,22.638266],[76.189211,22.638378],[76.189231,22.638453],[76.189255,22.63859],[76.189249,22.638709],[76.189219,22.638822],[76.189189,22.639001],[76.189195,22.639114],[76.189315,22.639341],[76.188945,22.639536],[76.188483,22.63975],[76.188225,22.639814],[76.188059,22.639774],[76.187345,22.63949],[76.187178,22.639343],[76.18642,22.638675],[76.18607,22.63842],[76.185339,22.637776],[76.184545,22.636983],[76.184317,22.636701],[76.184241,22.636593],[76.183848,22.637291],[76.18341,22.637901],[76.182575,22.638927],[76.181899,22.638538],[76.181608,22.638398],[76.181044,22.638175],[76.180887,22.638133],[76.1806,22.638095],[76.180244,22.638087],[76.179578,22.638009],[76.179409,22.637989],[76.179265,22.638],[76.179069,22.638044],[76.178821,22.638144],[76.178391,22.638406],[76.178145,22.638147],[76.177733,22.637636],[76.177411,22.637145],[76.176923,22.636193],[76.176846,22.63602],[76.176763,22.635842],[76.176691,22.635693],[76.176644,22.63558],[76.17656,22.635431],[76.176477,22.635324],[76.176307,22.635189],[76.176117,22.63512],[76.175674,22.63512],[76.175482,22.635078],[76.175174,22.635033],[76.175008,22.635033],[76.174851,22.635013],[76.174663,22.634934],[76.174372,22.634754],[76.17417,22.634535],[76.173994,22.634303],[76.173704,22.633778],[76.173183,22.632592],[76.173086,22.63248],[76.17295,22.63238],[76.172807,22.632332],[76.172735,22.632332],[76.172581,22.632392],[76.172509,22.632427],[76.172432,22.632505],[76.172337,22.632606],[76.172075,22.632731],[76.172022,22.632748],[76.171873,22.632772],[76.17176,22.632772],[76.17159,22.632712],[76.171486,22.632618],[76.171453,22.632279],[76.171565,22.631418],[76.171572,22.631153],[76.171516,22.630851],[76.170753,22.629561],[76.170487,22.629132],[76.170106,22.628495],[76.16948,22.627686],[76.168655,22.627673],[76.168122,22.627705],[76.16759,22.627775],[76.167346,22.627799],[76.167173,22.627829],[76.166989,22.627859],[76.166799,22.627871],[76.166543,22.627936],[76.166347,22.628001],[76.166174,22.628067],[76.166013,22.628126],[76.165716,22.628251],[76.165305,22.628436],[76.165133,22.628507],[76.164853,22.628638],[76.164681,22.628769],[76.164306,22.629114],[76.164175,22.62928],[76.164044,22.629471],[76.163937,22.629602],[76.163812,22.629804],[76.16367,22.629988],[76.163473,22.630274],[76.163104,22.630738],[76.163021,22.630851],[76.162962,22.631],[76.162878,22.631178],[76.162742,22.631493],[76.162658,22.63166],[76.162545,22.631767],[76.162307,22.631981],[76.162136,22.632142],[76.162111,22.632166],[76.16195,22.632326],[76.161826,22.632487],[76.16161,22.632807],[76.161385,22.633028],[76.161254,22.633147],[76.161046,22.633296],[76.160838,22.633421],[76.160535,22.63348],[76.160205,22.633516],[76.15994,22.633486],[76.159815,22.633504],[76.159565,22.633569],[76.159446,22.633617],[76.159321,22.6337],[76.159131,22.633849],[76.158887,22.633986],[76.15873,22.634054],[76.158584,22.634117],[76.158453,22.634117],[76.158267,22.634072],[76.158097,22.633956],[76.158087,22.633942],[76.157843,22.63417],[76.157517,22.6345],[76.157477,22.634547],[76.157638,22.634608],[76.158028,22.63466],[76.158117,22.634681],[76.158531,22.635056],[76.158573,22.635056],[76.158823,22.634967],[76.159215,22.634825],[76.159276,22.634794],[76.159378,22.634754],[76.159545,22.634696],[76.159979,22.634564],[76.160042,22.635498],[76.160025,22.63571],[76.159964,22.636365],[76.159912,22.636883],[76.159865,22.637391],[76.159826,22.637804],[76.159747,22.638452],[76.159571,22.640039],[76.159446,22.640502],[76.158946,22.644392],[76.159446,22.64457],[76.161849,22.645475],[76.162401,22.646322],[76.163141,22.646547],[76.163548,22.646667],[76.163985,22.646802],[76.164461,22.646944],[76.164899,22.647069],[76.165273,22.647171],[76.165799,22.647321],[76.166205,22.647435],[76.16671,22.647577],[76.16729,22.647744],[76.167457,22.647765],[76.167575,22.647758],[76.167772,22.647815],[76.167969,22.647864],[76.168165,22.647926],[76.168363,22.647982],[76.168555,22.64804],[76.168739,22.648094],[76.168872,22.648129],[76.169122,22.648204],[76.169237,22.648231],[76.169472,22.648307],[76.169965,22.648444],[76.170008,22.648319],[76.170057,22.648165],[76.17007,22.648124],[76.170274,22.64801],[76.170405,22.647944],[76.170543,22.647879],[76.170808,22.647766],[76.171398,22.647508],[76.17201,22.64723],[76.172643,22.646956],[76.172862,22.646854],[76.173361,22.646639],[76.173518,22.646578],[76.173576,22.646552],[76.173604,22.646538],[76.173718,22.646346],[76.173833,22.646143],[76.173895,22.646045],[76.173937,22.645963],[76.173959,22.645941],[76.173994,22.645945],[76.17405,22.646008],[76.174218,22.646183],[76.174907,22.646866],[76.175181,22.647151],[76.175431,22.64741],[76.175522,22.6475],[76.17559,22.647639],[76.1757,22.647969],[76.175753,22.648055],[76.17584,22.648123],[76.176606,22.648814],[76.177138,22.649291],[76.177349,22.649487],[76.177495,22.649593],[76.178145,22.649907],[76.178322,22.649994],[76.178384,22.650009],[76.178695,22.650083],[76.17907,22.650181],[76.179141,22.650199],[76.179899,22.650408],[76.180129,22.650477],[76.180321,22.650404],[76.180379,22.650385],[76.180522,22.650346],[76.180631,22.650311],[76.180852,22.650221],[76.181399,22.650015],[76.181504,22.649979],[76.181661,22.649922],[76.18189,22.649853],[76.182394,22.649717],[76.182857,22.649559],[76.183319,22.649404],[76.183791,22.649255],[76.184258,22.649093],[76.184737,22.648929],[76.185199,22.648754],[76.18566,22.648539],[76.186188,22.648305],[76.18665,22.648123],[76.187152,22.64793],[76.187259,22.647877],[76.187569,22.6478],[76.188095,22.647658],[76.188566,22.647537],[76.188692,22.647509],[76.188782,22.647511],[76.189137,22.64788],[76.189431,22.648155],[76.189586,22.648331],[76.189962,22.648656],[76.190278,22.648926],[76.190364,22.64904],[76.190426,22.64914],[76.190668,22.649708],[76.190826,22.650062],[76.190921,22.650278],[76.190944,22.650389],[76.190986,22.650688],[76.191242,22.653076],[76.191342,22.653974],[76.191426,22.654792],[76.191497,22.655442],[76.191586,22.656252],[76.191645,22.656817],[76.191669,22.657088],[76.191712,22.657429],[76.191766,22.657959],[76.191756,22.658093],[76.191792,22.658384],[76.191832,22.658679],[76.191875,22.658972],[76.191912,22.659265],[76.191949,22.659554],[76.191974,22.659845],[76.191981,22.659951],[76.191988,22.660112],[76.192047,22.660228],[76.19229,22.660687],[76.192314,22.660732],[76.192412,22.660918],[76.192462,22.660992],[76.192729,22.661221],[76.193144,22.661567],[76.193343,22.661733],[76.194272,22.662312],[76.195017,22.662769],[76.195565,22.663118],[76.195623,22.663122],[76.195896,22.662961],[76.19664,22.662611],[76.198322,22.661811],[76.199666,22.661269],[76.20081,22.661411],[76.202018,22.66168],[76.204694,22.662273],[76.205785,22.66242],[76.206492,22.662455],[76.207379,22.662441],[76.209862,22.662223],[76.211736,22.662017],[76.212739,22.661881],[76.2136,22.662525],[76.214596,22.664325],[76.215971,22.665844],[76.217832,22.667265],[76.21811,22.667446],[76.219665,22.668456],[76.221946,22.670437],[76.222226,22.670294],[76.222699,22.670067],[76.223055,22.669908],[76.223256,22.669816],[76.223507,22.669702],[76.223501,22.669585],[76.223451,22.66916],[76.223431,22.668892],[76.223409,22.66861],[76.223385,22.668332],[76.223366,22.668057],[76.223355,22.66789],[76.22333,22.667775],[76.2233,22.667498],[76.223273,22.667226],[76.223252,22.666955],[76.223222,22.666681],[76.223203,22.666414],[76.223166,22.666142],[76.223159,22.666004],[76.223379,22.665995],[76.223731,22.665979],[76.224285,22.665971],[76.224785,22.665955],[76.225253,22.665943],[76.225558,22.665944],[76.225758,22.665926],[76.225939,22.665912],[76.226291,22.665902],[76.226793,22.66588],[76.227281,22.66587],[76.227739,22.665843],[76.22822,22.665827],[76.228589,22.665803],[76.228745,22.665806],[76.229068,22.665815]],[[76.191187,22.641214],[76.19125,22.641279],[76.1914,22.641435],[76.191535,22.641564],[76.191663,22.641686],[76.191687,22.641708],[76.191712,22.641733],[76.191949,22.641966],[76.192141,22.64216],[76.192267,22.642284],[76.192388,22.642403],[76.192441,22.642563],[76.192472,22.642633],[76.19255,22.642789],[76.192644,22.643025],[76.192728,22.643239],[76.192796,22.643396],[76.192915,22.643671],[76.192771,22.643694],[76.192528,22.643726],[76.192317,22.64376],[76.192223,22.643699],[76.191981,22.643514],[76.191802,22.643365],[76.191722,22.643485],[76.191628,22.643626],[76.191576,22.643709],[76.191515,22.6438],[76.191459,22.643892],[76.191426,22.643938],[76.191398,22.644],[76.191394,22.644002],[76.191387,22.644003],[76.191384,22.644002],[76.191373,22.64398],[76.191307,22.643876],[76.191254,22.643783],[76.191209,22.643707],[76.191173,22.643658],[76.191134,22.643585],[76.191072,22.643479],[76.19102,22.643392],[76.191022,22.643387],[76.191032,22.643376],[76.191099,22.643315],[76.191152,22.643276],[76.191207,22.643227],[76.191234,22.643202],[76.191249,22.643182],[76.191247,22.64318],[76.191234,22.643176],[76.191153,22.64315],[76.191052,22.643128],[76.191039,22.643125],[76.19103,22.643122],[76.191017,22.643111],[76.190982,22.643076],[76.190951,22.643041],[76.19092,22.643012],[76.190852,22.642962],[76.190812,22.64293],[76.190746,22.642876],[76.190659,22.642802],[76.190629,22.642779],[76.190613,22.642767],[76.190608,22.642762],[76.190594,22.642752],[76.190573,22.642717],[76.190503,22.642603],[76.190364,22.642345],[76.190268,22.642174],[76.190145,22.641933],[76.190257,22.641839],[76.190324,22.641785],[76.190516,22.641612],[76.190626,22.641517],[76.190753,22.641419],[76.190792,22.641389],[76.190862,22.641348],[76.190998,22.64128],[76.191114,22.641229],[76.191156,22.641212],[76.191187,22.641214]]],[[[75.971499,22.705689],[75.9716,22.705361],[75.971707,22.704939],[75.971844,22.704529],[75.971999,22.703928],[75.97213,22.7035],[75.972183,22.703327],[75.972308,22.702857],[75.972546,22.702209],[75.972659,22.702006],[75.972725,22.701876],[75.972816,22.701473],[75.972947,22.700866],[75.973037,22.700385],[75.973102,22.700159],[75.973161,22.699736],[75.973239,22.699409],[75.973298,22.699195],[75.973376,22.698939],[75.973453,22.698814],[75.973548,22.698713],[75.973637,22.698493],[75.973911,22.698475],[75.97403,22.698422],[75.974143,22.698184],[75.97428,22.697963],[75.97444,22.697351],[75.974512,22.697089],[75.974631,22.696839],[75.974708,22.696625],[75.974744,22.696453],[75.974797,22.696054],[75.974815,22.695489],[75.974821,22.695162],[75.974845,22.695001],[75.974922,22.694739],[75.974934,22.694507],[75.974946,22.694275],[75.974922,22.69399],[75.974893,22.693758],[75.974898,22.693431],[75.974774,22.693246],[75.974738,22.692883],[75.974726,22.692235],[75.974666,22.691819],[75.974726,22.691688],[75.974768,22.691384],[75.974732,22.691152],[75.974708,22.690867],[75.974702,22.690599],[75.974714,22.690373],[75.974744,22.690141],[75.974762,22.689879],[75.974762,22.68976],[75.974714,22.689695],[75.974672,22.689612],[75.974619,22.689475],[75.974583,22.689273],[75.974506,22.688874],[75.974476,22.688577],[75.974417,22.688249],[75.974333,22.687869],[75.974304,22.687506],[75.974292,22.687357],[75.974292,22.687214],[75.974292,22.687095],[75.974274,22.686994],[75.974179,22.686863],[75.974125,22.686744],[75.974107,22.686566],[75.974078,22.686203],[75.974083,22.68587],[75.974066,22.685656],[75.97406,22.685453],[75.974054,22.68515],[75.974006,22.684847],[75.973981,22.68478],[75.973929,22.684639],[75.973847,22.684171],[75.973828,22.684061],[75.973786,22.683788],[75.973661,22.683252],[75.973649,22.682771],[75.973631,22.682307],[75.973614,22.681658],[75.973495,22.680944],[75.973393,22.680284],[75.973364,22.679999],[75.973358,22.679618],[75.973364,22.679433],[75.973453,22.679273],[75.973501,22.679053],[75.973519,22.678949],[75.973322,22.677226],[75.973157,22.674666],[75.973609,22.673334],[75.973726,22.672525],[75.973847,22.671692],[75.973792,22.671607],[75.973868,22.671545],[75.973987,22.671271],[75.97394,22.670926],[75.973928,22.670653],[75.973928,22.67032],[75.97407,22.670034],[75.974225,22.669868],[75.974201,22.669713],[75.97432,22.669178],[75.974415,22.668809],[75.974487,22.668131],[75.974594,22.667714],[75.974784,22.667369],[75.974891,22.666965],[75.974951,22.666417],[75.975153,22.666049],[75.975272,22.665858],[75.975379,22.665644],[75.97545,22.665323],[75.975474,22.664799],[75.975546,22.664466],[75.975486,22.663955],[75.975367,22.66305],[75.975367,22.662658],[75.975367,22.662218],[75.975415,22.661837],[75.975534,22.661254],[75.975677,22.660528],[75.975688,22.659933],[75.975724,22.659624],[75.975712,22.659053],[75.975736,22.658399],[75.975736,22.657958],[75.975807,22.656685],[75.975867,22.655888],[75.975843,22.655519],[75.974308,22.65037],[75.974292,22.65036],[75.974366,22.650358],[75.974461,22.650343],[75.974564,22.650324],[75.974635,22.650274],[75.974721,22.650201],[75.974778,22.650153],[75.974813,22.650129],[75.974871,22.650122],[75.974916,22.65011],[75.97499,22.650072],[75.975023,22.650036],[75.97507,22.650015],[75.975128,22.649984],[75.975182,22.649965],[75.97522,22.649934],[75.975246,22.64991],[75.975275,22.649896],[75.975339,22.649877],[75.975423,22.649841],[75.975515,22.649789],[75.975606,22.649722],[75.975691,22.64962],[75.975753,22.649544],[75.975791,22.649506],[75.975865,22.649439],[75.975918,22.649408],[75.976039,22.649356],[75.976186,22.649311],[75.976324,22.649258],[75.976441,22.649225],[75.976493,22.649206],[75.976548,22.64917],[75.97665,22.649094],[75.976796,22.649008],[75.976898,22.648958],[75.976969,22.648901],[75.977053,22.648854],[75.97711,22.648832],[75.977169,22.64879],[75.977186,22.648759],[75.977181,22.64873],[75.977188,22.648706],[75.97721,22.648685],[75.977257,22.648659],[75.977286,22.64863],[75.977329,22.648568],[75.977378,22.648504],[75.977433,22.648461],[75.977488,22.648402],[75.977547,22.648366],[75.977605,22.648342],[75.977685,22.648326],[75.977762,22.648302],[75.977814,22.648295],[75.977854,22.648252],[75.977902,22.64819],[75.977973,22.648149],[75.978076,22.648083],[75.978135,22.648042],[75.978161,22.648011],[75.97818,22.647969],[75.978223,22.647933],[75.978268,22.647878],[75.978318,22.647831],[75.978347,22.647776],[75.978399,22.647676],[75.978497,22.647609],[75.978587,22.647559],[75.978675,22.64754],[75.978794,22.647488],[75.97887,22.647448],[75.978956,22.647395],[75.979068,22.647359],[75.979132,22.647333],[75.979196,22.647307],[75.979239,22.647267],[75.979308,22.647205],[75.979361,22.647172],[75.979415,22.647102],[75.979463,22.647067],[75.979527,22.64705],[75.979594,22.647045],[75.979653,22.647017],[75.97976,22.646957],[75.979832,22.6469],[75.979903,22.64685],[75.979998,22.646803],[75.980086,22.646741],[75.980165,22.646688],[75.980231,22.646643],[75.98031,22.646605],[75.980412,22.646581],[75.980486,22.646577],[75.980572,22.646584],[75.980624,22.646577],[75.980691,22.646546],[75.980743,22.646493],[75.980769,22.646443],[75.980784,22.646377],[75.980791,22.646327],[75.980845,22.646274],[75.980902,22.646234],[75.980981,22.646167],[75.981026,22.646134],[75.981117,22.646072],[75.981236,22.645975],[75.981357,22.645865],[75.981569,22.645684],[75.981688,22.645608],[75.982047,22.645404],[75.982079,22.645321],[75.982126,22.645232],[75.982208,22.645136],[75.982272,22.645043],[75.982336,22.644932],[75.982375,22.644872],[75.982379,22.644793],[75.982964,22.644076],[75.983325,22.643883],[75.983325,22.643755],[75.983314,22.643612],[75.983275,22.643455],[75.98313,22.642975],[75.983033,22.642556],[75.982998,22.642431],[75.983051,22.642408],[75.983515,22.642479],[75.984169,22.642378],[75.984152,22.642122],[75.98414,22.641777],[75.984449,22.641628],[75.984288,22.641093],[75.984628,22.640998],[75.984973,22.640914],[75.985312,22.640849],[75.985425,22.640813],[75.985466,22.640766],[75.98549,22.640599],[75.985526,22.640415],[75.985556,22.640266],[75.985606,22.640223],[75.985639,22.640195],[75.986376,22.640129],[75.98715,22.64007],[75.987626,22.640105],[75.988232,22.640207],[75.988637,22.64026],[75.989678,22.640391],[75.99016,22.640439],[75.990612,22.640421],[75.990808,22.640391],[75.991231,22.640332],[75.991772,22.640254],[75.992224,22.640207],[75.992712,22.640165],[75.99311,22.640135],[75.993348,22.640135],[75.993574,22.640135],[75.993878,22.640147],[75.994175,22.640111],[75.994592,22.640082],[75.995032,22.640034],[75.995282,22.639986],[75.99549,22.639939],[75.995704,22.639909],[75.995823,22.639927],[75.995888,22.639969],[75.995972,22.640022],[75.996079,22.640052],[75.996275,22.640052],[75.996442,22.639981],[75.99659,22.639957],[75.99709,22.639951],[75.997572,22.639951],[75.998066,22.639891],[75.998434,22.639844],[75.998797,22.639844],[75.999594,22.639885],[75.999892,22.639915],[76.000231,22.639915],[76.00051,22.639927],[76.000742,22.639951],[76.001046,22.639998],[76.001712,22.640052],[76.001766,22.64026],[76.001831,22.640998],[76.00195,22.641474],[76.002051,22.642086],[76.002307,22.642045],[76.003164,22.64195],[76.00361,22.641878],[76.00383,22.641872],[76.004008,22.641819],[76.004205,22.641753],[76.004371,22.641628],[76.004437,22.641468],[76.004454,22.641242],[76.004454,22.640837],[76.004448,22.639975],[76.004448,22.639439],[76.004442,22.639094],[76.00446,22.638785],[76.004454,22.638333],[76.004508,22.638071],[76.004561,22.637869],[76.004639,22.637661],[76.004728,22.6375],[76.004823,22.637399],[76.004912,22.637339],[76.005008,22.637274],[76.005012,22.637257],[76.005031,22.637173],[76.005067,22.63659],[76.005097,22.636221],[76.005085,22.635894],[76.005037,22.635531],[76.005025,22.635299],[76.005002,22.634918],[76.005002,22.634656],[76.004901,22.634407],[76.004847,22.63421],[76.004782,22.633621],[76.004645,22.63258],[76.004573,22.631837],[76.004442,22.631087],[76.004371,22.630546],[76.004252,22.629975],[76.004109,22.629856],[76.003925,22.628773],[76.003812,22.628184],[76.003723,22.627524],[76.003687,22.627239],[76.003729,22.627161],[76.003729,22.627024],[76.003687,22.626739],[76.003639,22.626435],[76.003616,22.626233],[76.003574,22.62596],[76.00352,22.625734],[76.003461,22.625597],[76.00339,22.625448],[76.003366,22.625293],[76.00336,22.625145],[76.003312,22.624568],[76.003265,22.62405],[76.003205,22.623782],[76.003158,22.623562],[76.003128,22.623271],[76.003098,22.623146],[76.003062,22.623051],[76.003062,22.62295],[76.003074,22.622854],[76.003086,22.622741],[76.003086,22.622652],[76.00305,22.622569],[76.002937,22.62239],[76.002836,22.622236],[76.002765,22.622099],[76.00264,22.621903],[76.002586,22.621726],[76.002522,22.62139],[76.002512,22.621263],[76.002498,22.621125],[76.00247,22.62066],[76.002465,22.620488],[76.002469,22.620292],[76.002456,22.620042],[76.002455,22.619482],[76.002448,22.619156],[76.002448,22.619049],[76.00245,22.61868],[76.00244,22.618559],[76.00241,22.61853],[76.002185,22.618304],[76.001976,22.618084],[76.0018,22.617532],[76.001289,22.616675],[76.000396,22.614914],[76.002847,22.614736],[76.005155,22.614593],[76.007915,22.614236],[76.008665,22.614057],[76.009795,22.613962],[76.010319,22.614081],[76.010878,22.614081],[76.011651,22.61401],[76.012103,22.613998],[76.012781,22.613891],[76.013326,22.613757],[76.013507,22.613712],[76.014044,22.613661],[76.013859,22.61337],[76.013766,22.613141],[76.013652,22.612892],[76.013595,22.61262],[76.013538,22.612278],[76.013517,22.612092],[76.013488,22.611921],[76.013517,22.611664],[76.013574,22.611607],[76.013724,22.611542],[76.013766,22.61145],[76.013802,22.611257],[76.013866,22.610415],[76.013873,22.609729],[76.013866,22.609487],[76.013831,22.609101],[76.013859,22.608823],[76.013845,22.608366],[76.013859,22.607638],[76.013859,22.607331],[76.013895,22.606952],[76.013873,22.606417],[76.014295,22.606424],[76.014459,22.60641],[76.014537,22.606167],[76.01463,22.60561],[76.014716,22.605268],[76.014809,22.604939],[76.014937,22.604233],[76.015401,22.602412],[76.015444,22.602341],[76.015808,22.601934],[76.016129,22.601542],[76.016643,22.600849],[76.016857,22.600578],[76.017264,22.600135],[76.01765,22.599728],[76.018049,22.599293],[76.018214,22.599093],[76.018413,22.598793],[76.018613,22.598479],[76.018742,22.598236],[76.018835,22.598044],[76.01892,22.597858],[76.019049,22.597694],[76.01922,22.597437],[76.019313,22.597416],[76.019377,22.597401],[76.019434,22.59728],[76.019627,22.596802],[76.019713,22.596552],[76.019756,22.596495],[76.019941,22.596502],[76.020134,22.596495],[76.020327,22.59648],[76.020491,22.596438],[76.020591,22.59643],[76.020576,22.596223],[76.020591,22.595981],[76.020591,22.595802],[76.020626,22.595595],[76.020691,22.595103],[76.020698,22.59471],[76.020676,22.594546],[76.020027,22.594482],[76.019349,22.594432],[76.019399,22.593775],[76.019606,22.593768],[76.019598,22.593682],[76.019384,22.593561],[76.019092,22.593354],[76.01882,22.593154],[76.018563,22.592954],[76.018171,22.592619],[76.01785,22.592426],[76.017485,22.592062],[76.01715,22.591669],[76.016779,22.591348],[76.016622,22.591184],[76.016443,22.59102],[76.016222,22.590841],[76.015994,22.590677],[76.015672,22.59052],[76.015294,22.590256],[76.015094,22.590106],[76.015037,22.589992],[76.014694,22.589471],[76.014216,22.588814],[76.013674,22.588107],[76.013317,22.587543],[76.013067,22.587229],[76.012953,22.586986],[76.012767,22.586886],[76.012432,22.586794],[76.011996,22.586758],[76.011118,22.586737],[76.009769,22.586665],[76.008277,22.586608],[76.007834,22.586565],[76.00791,22.586148],[76.00792,22.586094],[76.007978,22.585878],[76.008026,22.585675],[76.008026,22.585414],[76.008121,22.585092],[76.008181,22.584664],[76.008216,22.584414],[76.008181,22.584188],[76.008062,22.58401],[76.008062,22.583831],[76.008121,22.583546],[76.008074,22.583201],[76.007955,22.582701],[76.0078,22.582273],[76.007705,22.581951],[76.007574,22.581725],[76.007419,22.581583],[76.007229,22.581535],[76.007015,22.58138],[76.006872,22.581238],[76.006836,22.581119],[76.006765,22.580893],[76.006801,22.580774],[76.00686,22.580655],[76.006955,22.580548],[76.007074,22.580524],[76.007502,22.580524],[76.007943,22.580536],[76.008906,22.580607],[76.009275,22.580559],[76.009715,22.5805],[76.010108,22.580464],[76.010608,22.580452],[76.010846,22.580464],[76.011048,22.580452],[76.011333,22.580393],[76.011631,22.580286],[76.011714,22.580214],[76.011833,22.580095],[76.011869,22.579929],[76.011845,22.579679],[76.011767,22.579523],[76.014396,22.579182],[76.015696,22.578968],[76.016174,22.578868],[76.016595,22.578775],[76.016781,22.578754],[76.017195,22.578761],[76.017851,22.578747],[76.018258,22.578768],[76.018472,22.578782],[76.018908,22.578754],[76.019479,22.578661],[76.020207,22.578547],[76.020749,22.57844],[76.021171,22.57834],[76.021813,22.578197],[76.022363,22.578054],[76.022555,22.578001],[76.022955,22.57789],[76.023355,22.577797],[76.023712,22.577733],[76.023745,22.577723],[76.025034,22.57742],[76.025895,22.577218],[76.024743,22.573934],[76.024447,22.572426],[76.024362,22.571993],[76.024092,22.570998],[76.023801,22.569925],[76.023387,22.569984],[76.023036,22.570051],[76.022804,22.570097],[76.022678,22.570132],[76.022435,22.570196],[76.022102,22.570265],[76.021747,22.570338],[76.021181,22.570459],[76.021082,22.570357],[76.020907,22.57021],[76.020722,22.570055],[76.020535,22.569907],[76.020331,22.569745],[76.02013,22.569582],[76.019918,22.569415],[76.019671,22.56921],[76.019439,22.569025],[76.019247,22.568873],[76.019032,22.568702],[76.018884,22.568624],[76.018724,22.568596],[76.018484,22.56857],[76.018087,22.568547],[76.017779,22.568523],[76.017546,22.56851],[76.017232,22.568488],[76.017095,22.568482],[76.016808,22.568465],[76.016623,22.56846],[76.016444,22.568445],[76.016203,22.568425],[76.015816,22.568399],[76.015541,22.568382],[76.015383,22.568377],[76.015063,22.56836],[76.014863,22.568343],[76.014599,22.568325],[76.014197,22.568296],[76.014089,22.568297],[76.013852,22.568283],[76.013579,22.568277],[76.013308,22.568263],[76.013074,22.568247],[76.012766,22.56823],[76.012514,22.568215],[76.01221,22.568212],[76.011961,22.568203],[76.011435,22.568173],[76.011231,22.568193],[76.011013,22.5684],[76.010825,22.568572],[76.010565,22.568807],[76.01028,22.569067],[76.00998,22.569334],[76.009888,22.569435],[76.009883,22.56944],[76.009698,22.568966],[76.007341,22.567946],[76.00729,22.568275],[76.007247,22.568496],[76.0072,22.568765],[76.007193,22.568803],[76.007151,22.568845],[76.006689,22.568644],[76.006253,22.568452],[76.006272,22.568419],[76.006308,22.567979],[76.006287,22.567681],[76.006271,22.567401],[76.006228,22.567343],[76.006169,22.567308],[76.006031,22.567224],[76.00576,22.567078],[76.005453,22.566938],[76.005267,22.566873],[76.005258,22.56687],[76.005158,22.566867],[76.004789,22.566877],[76.004575,22.566892],[76.004456,22.566901],[76.004109,22.566956],[76.003914,22.567005],[76.003529,22.567081],[76.003093,22.567208],[76.002981,22.567264],[76.002732,22.566938],[76.002614,22.566785],[76.002533,22.566574],[76.002473,22.566504],[76.002226,22.566302],[76.001865,22.566075],[76.001459,22.565795],[76.00097,22.56541],[76.000758,22.565231],[76.000564,22.565067],[76.000355,22.564877],[76.000156,22.564684],[75.999777,22.56425],[75.999627,22.564056],[75.999577,22.563981],[75.999703,22.563788],[75.999711,22.563776],[75.999835,22.563573],[75.999836,22.563462],[75.999767,22.56322],[75.999722,22.563071],[75.999721,22.562986],[75.999699,22.562858],[75.999697,22.562846],[75.999636,22.562593],[75.999648,22.562467],[75.999678,22.56238],[75.999749,22.562175],[75.99989,22.561873],[76.000001,22.561602],[76.00011,22.561055],[76.00011,22.560595],[76.000056,22.5604],[75.99997,22.560279],[75.999803,22.560173],[75.999479,22.559985],[75.99906,22.559808],[75.998829,22.559716],[75.998667,22.559662],[75.998328,22.559548],[75.998138,22.559441],[75.997989,22.559194],[75.997931,22.559047],[75.997741,22.558747],[75.997713,22.558667],[75.997658,22.558565],[75.997466,22.558266],[75.997356,22.558172],[75.997216,22.558088],[75.996775,22.557842],[75.996533,22.557723],[75.996257,22.55759],[75.996005,22.557476],[75.995674,22.557361],[75.995148,22.557167],[75.994893,22.557071],[75.994662,22.557007],[75.994105,22.556882],[75.993787,22.556803],[75.993537,22.556734],[75.993137,22.556631],[75.992923,22.556549],[75.992726,22.556461],[75.992563,22.556367],[75.99212,22.556118],[75.991867,22.555958],[75.991693,22.555862],[75.991404,22.555705],[75.991115,22.55554],[75.990827,22.555374],[75.990516,22.555214],[75.990243,22.555075],[75.989627,22.554761],[75.989369,22.55467],[75.989222,22.554603],[75.988667,22.554367],[75.988407,22.554269],[75.988078,22.554134],[75.987781,22.554023],[75.987503,22.55389],[75.987172,22.553766],[75.986913,22.553662],[75.986313,22.553421],[75.98608,22.553316],[75.985787,22.553214],[75.985431,22.553091],[75.985085,22.552968],[75.984665,22.552825],[75.984228,22.552695],[75.983624,22.552523],[75.983433,22.552458],[75.982991,22.552364],[75.982783,22.552308],[75.982286,22.552229],[75.982116,22.552195],[75.981821,22.552226],[75.981432,22.552328],[75.981089,22.552417],[75.980765,22.552423],[75.980625,22.552426],[75.98042,22.552439],[75.98039,22.552445],[75.980259,22.552471],[75.980165,22.55278],[75.980164,22.552782],[75.980009,22.553287],[75.980051,22.553372],[75.97997,22.553662],[75.97986,22.554229],[75.979699,22.55479],[75.979675,22.554795],[75.979437,22.554809],[75.979204,22.554847],[75.978937,22.554866],[75.978528,22.554885],[75.978228,22.554866],[75.977909,22.554871],[75.9777,22.5549],[75.977276,22.554985],[75.977167,22.555028],[75.977157,22.555076],[75.977133,22.555199],[75.977095,22.555366],[75.977062,22.555452],[75.976934,22.555537],[75.976872,22.555652],[75.976796,22.555775],[75.976372,22.555804],[75.976153,22.555818],[75.975939,22.555842],[75.975787,22.555842],[75.975668,22.555809],[75.975482,22.555775],[75.975282,22.555775],[75.975135,22.555766],[75.974949,22.555804],[75.974759,22.555866],[75.974602,22.555871],[75.974468,22.555871],[75.974288,22.555875],[75.974121,22.555904],[75.973931,22.555932],[75.973769,22.555947],[75.973669,22.555942],[75.973488,22.555937],[75.973345,22.555961],[75.973231,22.556004],[75.97315,22.556047],[75.97305,22.556132],[75.972946,22.55618],[75.97285,22.556199],[75.972755,22.556204],[75.972574,22.556194],[75.97246,22.55618],[75.97236,22.556213],[75.972217,22.556289],[75.971932,22.556375],[75.971537,22.556423],[75.970614,22.556546],[75.970176,22.55657],[75.969514,22.556594],[75.968981,22.55667],[75.968853,22.556646],[75.968172,22.556741],[75.967549,22.556837],[75.967068,22.556889],[75.966545,22.55696],[75.965674,22.557117],[75.96476,22.557289],[75.964199,22.557379],[75.963632,22.557431],[75.962985,22.557546],[75.962814,22.557565],[75.962428,22.557646],[75.962324,22.557693],[75.96229,22.557931],[75.962276,22.558754],[75.962309,22.559302],[75.962409,22.559378],[75.962395,22.559497],[75.962305,22.559744],[75.962248,22.560796],[75.962195,22.561262],[75.9621,22.561829],[75.962114,22.562052],[75.962171,22.562381],[75.962214,22.562914],[75.962229,22.563218],[75.962224,22.563865],[75.962176,22.564641],[75.962176,22.56477],[75.962286,22.564841],[75.962386,22.564903],[75.962452,22.565017],[75.962409,22.56516],[75.962433,22.565274],[75.962462,22.565403],[75.962443,22.565474],[75.96239,22.565645],[75.962309,22.56584],[75.962295,22.565955],[75.962252,22.566069],[75.962209,22.566174],[75.962138,22.566283],[75.962038,22.566388],[75.961919,22.566478],[75.961786,22.566535],[75.961634,22.566573],[75.961467,22.566621],[75.961439,22.566688],[75.961439,22.566783],[75.961515,22.566883],[75.961496,22.567063],[75.9614,22.567159],[75.961324,22.567287],[75.961339,22.567525],[75.961315,22.56763],[75.961239,22.567749],[75.96122,22.567882],[75.961239,22.567972],[75.96132,22.56811],[75.961358,22.568215],[75.96141,22.568339],[75.961415,22.568544],[75.961424,22.568682],[75.961439,22.568753],[75.961557,22.568858],[75.961591,22.568929],[75.961619,22.569062],[75.961596,22.569181],[75.961572,22.569248],[75.961477,22.569424],[75.961443,22.569533],[75.961386,22.56969],[75.96131,22.569905],[75.961267,22.570028],[75.961267,22.570133],[75.961315,22.570257],[75.961348,22.570361],[75.961362,22.57048],[75.961362,22.570595],[75.961358,22.570637],[75.961224,22.570595],[75.961063,22.570547],[75.960858,22.570447],[75.960596,22.570314],[75.96032,22.570157],[75.960154,22.570085],[75.959916,22.570028],[75.959687,22.569966],[75.959459,22.569933],[75.959169,22.569933],[75.958821,22.569962],[75.958383,22.570043],[75.95805,22.570123],[75.957736,22.570209],[75.957327,22.570309],[75.956408,22.570571],[75.956056,22.570652],[75.955913,22.570647],[75.955775,22.57059],[75.955695,22.570547],[75.955595,22.570485],[75.955471,22.570466],[75.955176,22.570457],[75.954895,22.570442],[75.954643,22.57039],[75.954414,22.570361],[75.954115,22.5703],[75.953829,22.570223],[75.953529,22.570076],[75.953306,22.569933],[75.95303,22.569767],[75.952844,22.569724],[75.952639,22.569662],[75.952516,22.569605],[75.952392,22.569524],[75.952235,22.5694],[75.952106,22.569329],[75.951906,22.569257],[75.951735,22.569176],[75.951411,22.569081],[75.951254,22.56901],[75.951097,22.5689],[75.950964,22.568824],[75.950769,22.568743],[75.950555,22.56871],[75.950322,22.568701],[75.950193,22.568715],[75.950103,22.568662],[75.949963,22.568911],[75.949849,22.569082],[75.949763,22.56931],[75.949753,22.569548],[75.949744,22.569786],[75.949839,22.570062],[75.949934,22.570386],[75.95002,22.570624],[75.95002,22.570824],[75.949972,22.570976],[75.949811,22.571262],[75.949687,22.571442],[75.949515,22.571661],[75.949287,22.57189],[75.94903,22.57209],[75.948772,22.572322],[75.948848,22.572474],[75.948848,22.572636],[75.948782,22.572827],[75.948677,22.57315],[75.948572,22.573331],[75.948553,22.573617],[75.948553,22.573845],[75.948715,22.57413],[75.948801,22.574349],[75.948791,22.574464],[75.948724,22.574663],[75.948572,22.574863],[75.948515,22.574997],[75.948515,22.575152],[75.948515,22.575158],[75.948407,22.575261],[75.94725,22.575704],[75.946322,22.576061],[75.94568,22.576332],[75.944381,22.576632],[75.944352,22.577432],[75.944438,22.578145],[75.944409,22.578702],[75.944323,22.579844],[75.944238,22.581215],[75.944209,22.582143],[75.943524,22.582528],[75.942782,22.582971],[75.942168,22.583371],[75.941368,22.584227],[75.941125,22.584913],[75.94094,22.585384],[75.940754,22.586098],[75.940183,22.586269],[75.939455,22.587468],[75.939127,22.588196],[75.938613,22.58881],[75.938655,22.589264],[75.93867,22.589424],[75.93889,22.589823],[75.938906,22.589852],[75.938956,22.589941],[75.939095,22.590193],[75.939045,22.590973],[75.93904,22.59104],[75.938976,22.592049],[75.938524,22.592239],[75.938619,22.594],[75.940825,22.597636],[75.940967,22.598867],[75.941449,22.598802],[75.941443,22.599545],[75.94208,22.599486],[75.94211,22.599861],[75.942431,22.599837],[75.942484,22.600372],[75.942642,22.600386],[75.942964,22.600803],[75.943235,22.601155],[75.943313,22.601266],[75.943145,22.601435],[75.943026,22.601563],[75.942977,22.60161],[75.942909,22.601679],[75.942834,22.601749],[75.942759,22.601816],[75.942689,22.601879],[75.942538,22.602014],[75.942446,22.602108],[75.942349,22.602205],[75.942194,22.602358],[75.942039,22.602508],[75.941956,22.602608],[75.941925,22.602629],[75.941872,22.602716],[75.94182,22.602824],[75.941746,22.602989],[75.941603,22.603251],[75.941497,22.603453],[75.941303,22.603798],[75.941115,22.604023],[75.940654,22.604494],[75.940198,22.604961],[75.940138,22.60502],[75.940001,22.605167],[75.93975,22.60543],[75.939662,22.60545],[75.939539,22.605926],[75.939448,22.606373],[75.939382,22.606735],[75.939439,22.60704],[75.939277,22.607206],[75.939158,22.607201],[75.938939,22.607182],[75.938834,22.607144],[75.938747,22.607333],[75.938682,22.607473],[75.938815,22.607853],[75.938896,22.608025],[75.938963,22.608115],[75.939186,22.608291],[75.939339,22.608443],[75.939396,22.608591],[75.939486,22.609062],[75.939662,22.609371],[75.939791,22.609543],[75.940038,22.609728],[75.940462,22.609981],[75.940462,22.610085],[75.94039,22.61029],[75.940305,22.610495],[75.940195,22.610642],[75.939972,22.610942],[75.93981,22.611099],[75.939581,22.611365],[75.939343,22.611684],[75.939072,22.611613],[75.938834,22.611494],[75.938877,22.612255],[75.938825,22.612398],[75.938744,22.612579],[75.938596,22.612845],[75.938544,22.612983],[75.938473,22.613117],[75.938439,22.613179],[75.938401,22.613221],[75.938382,22.613298],[75.938396,22.613464],[75.93842,22.613688],[75.938468,22.61423],[75.938611,22.614506],[75.938249,22.614744],[75.938092,22.614759],[75.937816,22.614806],[75.937235,22.614925],[75.936769,22.615058],[75.936288,22.615168],[75.935965,22.615239],[75.93576,22.615263],[75.935379,22.615325],[75.935037,22.615387],[75.934413,22.615534],[75.933914,22.615706],[75.933676,22.615753],[75.932943,22.61561],[75.932695,22.615601],[75.932362,22.615596],[75.932053,22.615544],[75.93201,22.615549],[75.931981,22.615615],[75.93191,22.615648],[75.931539,22.615625],[75.931072,22.615629],[75.930868,22.615606],[75.930711,22.615582],[75.930435,22.615534],[75.92994,22.615553],[75.929531,22.615568],[75.928636,22.615706],[75.928407,22.615729],[75.928193,22.615734],[75.927884,22.615725],[75.927508,22.615753],[75.927284,22.615796],[75.927051,22.615839],[75.926585,22.615886],[75.92618,22.615953],[75.926156,22.61611],[75.926152,22.616576],[75.92619,22.617466],[75.926195,22.617828],[75.926223,22.618506],[75.92618,22.618756],[75.926073,22.619106],[75.926002,22.619391],[75.925988,22.619577],[75.925952,22.620034],[75.92593,22.620341],[75.925809,22.620676],[75.925666,22.621005],[75.925575,22.62109],[75.925417,22.621001],[75.924582,22.62023],[75.923775,22.619482],[75.923175,22.618935],[75.923082,22.618851],[75.923005,22.618773],[75.922319,22.618043],[75.921611,22.617291],[75.921416,22.617076],[75.921233,22.616936],[75.920895,22.616898],[75.920686,22.616527],[75.92021,22.615936],[75.919906,22.615622],[75.919534,22.615384],[75.919154,22.615565],[75.91904,22.615499],[75.918973,22.61527],[75.918935,22.61488],[75.91883,22.614337],[75.91843,22.612986],[75.918564,22.612548],[75.918906,22.611996],[75.918992,22.611606],[75.919059,22.610083],[75.919049,22.609855],[75.918763,22.60857],[75.918535,22.60837],[75.918135,22.608094],[75.91785,22.607932],[75.917602,22.607856],[75.917393,22.607675],[75.917269,22.607485],[75.917136,22.607313],[75.916898,22.607094],[75.916736,22.606818],[75.91666,22.606542],[75.916317,22.60678],[75.916022,22.60698],[75.915537,22.607218],[75.915166,22.607427],[75.914633,22.607684],[75.914347,22.607827],[75.914223,22.607951],[75.913862,22.608332],[75.913664,22.608592],[75.913588,22.608625],[75.913455,22.608625],[75.913284,22.608639],[75.913112,22.608654],[75.913029,22.608654],[75.912998,22.608654],[75.912841,22.608692],[75.912693,22.608739],[75.912565,22.608754],[75.91236,22.608787],[75.912253,22.608811],[75.911692,22.608811],[75.911263,22.608754],[75.910921,22.608706],[75.910169,22.608735],[75.909683,22.608744],[75.909293,22.608687],[75.908627,22.608649],[75.907894,22.608573],[75.907485,22.608497],[75.906638,22.608297],[75.905477,22.607983],[75.904525,22.607688],[75.903894,22.608],[75.903878,22.608004],[75.903832,22.608022],[75.903734,22.608071],[75.903536,22.608164],[75.90334,22.608255],[75.903229,22.608313],[75.90301,22.608419],[75.902835,22.608505],[75.902688,22.608579],[75.902518,22.60866],[75.902276,22.608766],[75.902048,22.608859],[75.901948,22.608896],[75.901713,22.60897],[75.901441,22.608992],[75.901251,22.607811],[75.901051,22.606936],[75.900775,22.606393],[75.900023,22.605013],[75.899624,22.604507],[75.899363,22.604133],[75.899142,22.603877],[75.898887,22.603496],[75.898437,22.602856],[75.898197,22.602515],[75.897596,22.601783],[75.897483,22.601605],[75.897388,22.601491],[75.897191,22.601295],[75.896947,22.601081],[75.896757,22.60092],[75.896602,22.600766],[75.896501,22.600712],[75.896341,22.60054],[75.896049,22.600088],[75.895912,22.599796],[75.895793,22.599683],[75.895657,22.599606],[75.895419,22.599558],[75.895187,22.599552],[75.895038,22.599534],[75.894758,22.599439],[75.894836,22.599302],[75.895085,22.598731],[75.895306,22.598226],[75.895603,22.597542],[75.895817,22.597054],[75.895948,22.596869],[75.895948,22.596679],[75.895942,22.59656],[75.895941,22.59656],[75.895799,22.596489],[75.895484,22.596376],[75.89521,22.596298],[75.894937,22.596275],[75.894663,22.596275],[75.894579,22.596275],[75.894419,22.596275],[75.893955,22.596269],[75.893616,22.596245],[75.893319,22.596197],[75.893063,22.596179],[75.89295,22.596179],[75.892581,22.596251],[75.892159,22.596328],[75.89135,22.596489],[75.890838,22.596608],[75.890356,22.59675],[75.88991,22.596822],[75.889613,22.596863],[75.889399,22.596941],[75.888911,22.597012],[75.888524,22.597089],[75.887923,22.597173],[75.886424,22.597435],[75.885365,22.597625],[75.884788,22.597762],[75.883973,22.597928],[75.883616,22.598006],[75.883319,22.598101],[75.882635,22.598773],[75.882004,22.599285],[75.881433,22.599636],[75.880529,22.600367],[75.88022,22.600778],[75.879268,22.600837],[75.877574,22.600464],[75.877431,22.60043],[75.87715,22.600411],[75.876884,22.60044],[75.876574,22.60044],[75.87617,22.600416],[75.875661,22.600421],[75.874676,22.600502],[75.873976,22.600602],[75.873833,22.600706],[75.873453,22.601011],[75.873115,22.601173],[75.872867,22.601201],[75.872539,22.601192],[75.872053,22.601106],[75.872015,22.601058],[75.871982,22.600859],[75.871754,22.600792],[75.871173,22.600711],[75.870645,22.600697],[75.870559,22.600916],[75.870497,22.601035],[75.870445,22.601087],[75.870098,22.601177],[75.869712,22.601235],[75.869446,22.601201],[75.869388,22.601073],[75.869308,22.600735],[75.86927,22.60033],[75.86925,22.599921],[75.869212,22.599873],[75.868941,22.599831],[75.868694,22.599821],[75.868551,22.599735],[75.868551,22.599631],[75.868527,22.599602],[75.868437,22.599588],[75.868265,22.599583],[75.868204,22.599564],[75.868175,22.599512],[75.86817,22.599298],[75.86808,22.599264],[75.867985,22.59926],[75.867932,22.59925],[75.867899,22.599183],[75.867837,22.599093],[75.867761,22.59906],[75.867675,22.599045],[75.86748,22.599074],[75.867223,22.599098],[75.867171,22.599583],[75.867147,22.59985],[75.86708,22.600069],[75.866985,22.600254],[75.866947,22.600335],[75.866923,22.600345],[75.866847,22.600335],[75.866785,22.600321],[75.866671,22.600307],[75.866566,22.600311],[75.866243,22.600173],[75.865853,22.60005],[75.865462,22.599954],[75.865334,22.599945],[75.865144,22.599892],[75.864991,22.599821],[75.864863,22.599721],[75.864734,22.599612],[75.864687,22.599517],[75.864625,22.599364],[75.864511,22.599217],[75.864439,22.599083],[75.864439,22.598998],[75.864377,22.598893],[75.864263,22.598779],[75.864111,22.598703],[75.864006,22.598688],[75.863992,22.598646],[75.864054,22.59855],[75.864054,22.598455],[75.863982,22.598374],[75.863901,22.598289],[75.863844,22.598194],[75.863792,22.598037],[75.863773,22.597932],[75.863782,22.597851],[75.863835,22.597727],[75.86383,22.597627],[75.863797,22.597513],[75.863649,22.597137],[75.863549,22.596761],[75.863506,22.596623],[75.863468,22.596561],[75.863454,22.596471],[75.863464,22.596404],[75.863478,22.596304],[75.863478,22.596214],[75.863411,22.596043],[75.863307,22.595933],[75.863192,22.595862],[75.863052,22.595731],[75.862885,22.59554],[75.862338,22.595445],[75.861434,22.595374],[75.859491,22.595378],[75.859007,22.595294],[75.858954,22.595284],[75.858713,22.59525],[75.858698,22.595251],[75.858574,22.595242],[75.857961,22.595377],[75.857628,22.595455],[75.857295,22.595554],[75.856622,22.595735],[75.856473,22.595769],[75.856288,22.595845],[75.855954,22.596013],[75.855614,22.596179],[75.855272,22.596343],[75.854935,22.596507],[75.854606,22.596664],[75.853988,22.596963],[75.853783,22.597062],[75.853585,22.59704],[75.852817,22.596799],[75.852743,22.596897],[75.852284,22.597628],[75.852247,22.597716],[75.851721,22.599015],[75.851673,22.599132],[75.851608,22.599202],[75.851468,22.599356],[75.85148,22.599455],[75.851671,22.60039],[75.851701,22.600525],[75.851719,22.600609],[75.851873,22.600751],[75.851899,22.600769],[75.851903,22.600772],[75.851931,22.601337],[75.851938,22.601471],[75.85196,22.601611],[75.851962,22.60162],[75.852062,22.601667],[75.85218,22.601721],[75.852189,22.601736],[75.852296,22.601907],[75.852301,22.601915],[75.85248,22.602847],[75.852618,22.603565],[75.852623,22.603572],[75.852726,22.603691],[75.85275,22.60372],[75.853545,22.603958],[75.853773,22.604026],[75.854144,22.604138],[75.854247,22.604149],[75.854434,22.604245],[75.854619,22.604322],[75.854794,22.604387],[75.855312,22.604979],[75.855829,22.605541],[75.855933,22.605761],[75.856162,22.606231],[75.856403,22.606749],[75.856588,22.607153],[75.856617,22.607217],[75.856855,22.607739],[75.85707,22.608203],[75.857084,22.608269],[75.856927,22.608816],[75.856733,22.609661],[75.856507,22.610592],[75.856246,22.611564],[75.856058,22.61235],[75.856103,22.61306],[75.856064,22.613762],[75.856064,22.61398],[75.856121,22.61409],[75.856198,22.61428],[75.856296,22.614503],[75.856377,22.614661],[75.85649,22.614836],[75.856588,22.61494],[75.856671,22.615003],[75.856727,22.615027],[75.856787,22.615035],[75.856846,22.615041],[75.856915,22.615068],[75.857004,22.615113],[75.857064,22.615145],[75.857165,22.615241],[75.857305,22.615363],[75.857409,22.615493],[75.857468,22.615562],[75.857495,22.615642],[75.857569,22.615794],[75.857653,22.615937],[75.857789,22.616198],[75.857825,22.616291],[75.857861,22.616395],[75.857926,22.616484],[75.858009,22.616558],[75.858078,22.616668],[75.858158,22.616823],[75.858209,22.616915],[75.858244,22.617055],[75.858298,22.617195],[75.858331,22.617266],[75.858372,22.617346],[75.858453,22.617457],[75.858533,22.617581],[75.858646,22.617772],[75.858827,22.618078],[75.859098,22.618465],[75.85922,22.618673],[75.859372,22.618866],[75.859592,22.61914],[75.859746,22.619384],[75.859889,22.619562],[75.859987,22.619628],[75.860008,22.619699],[75.860029,22.619765],[75.860038,22.619827],[75.860053,22.619895],[75.860047,22.619985],[75.860044,22.620029],[75.860023,22.620083],[75.860005,22.62016],[75.85999,22.620235],[75.859987,22.620297],[75.85999,22.620365],[75.860011,22.620517],[75.860026,22.620609],[75.860017,22.620737],[75.86002,22.620996],[75.860032,22.621145],[75.860071,22.621359],[75.860109,22.621567],[75.860139,22.621838],[75.86016,22.622094],[75.860181,22.622337],[75.860234,22.622763],[75.860273,22.623001],[75.860315,22.623304],[75.860383,22.623792],[75.860431,22.624104],[75.860454,22.624363],[75.860493,22.624541],[75.860523,22.624645],[75.860556,22.624751],[75.860656,22.62498],[75.860689,22.625051],[75.860722,22.62527],[75.860741,22.625413],[75.86078,22.625575],[75.860846,22.625746],[75.860918,22.62596],[75.861079,22.626255],[75.861108,22.626388],[75.861122,22.626455],[75.861103,22.626574],[75.861065,22.626788],[75.861017,22.627007],[75.860918,22.62734],[75.860822,22.627716],[75.860784,22.627968],[75.860746,22.628349],[75.860699,22.628725],[75.86068,22.629025],[75.86067,22.629258],[75.860632,22.629501],[75.860599,22.629701],[75.860561,22.629915],[75.860532,22.630196],[75.860496,22.630455],[75.860874,22.630493],[75.860931,22.630474],[75.860993,22.630469],[75.861098,22.630459],[75.861217,22.630493],[75.861341,22.630531],[75.861455,22.63054],[75.861617,22.630517],[75.86174,22.630488],[75.86195,22.630417],[75.862055,22.630407],[75.862216,22.630426],[75.862692,22.630407],[75.863382,22.630374],[75.864206,22.630255],[75.865015,22.630212],[75.865819,22.630212],[75.86618,22.630207],[75.866709,22.630207],[75.86758,22.630293],[75.86776,22.630217],[75.867903,22.630207],[75.86816,22.630188],[75.868484,22.630174],[75.868945,22.630107],[75.869412,22.63006],[75.869788,22.630003],[75.870359,22.629907],[75.870444,22.62986],[75.870502,22.629803],[75.870759,22.629708],[75.871249,22.629574],[75.871553,22.629489],[75.871682,22.629465],[75.87192,22.629379],[75.872162,22.629317],[75.872576,22.62927],[75.872976,22.629232],[75.873257,22.629222],[75.873747,22.629208],[75.874042,22.629241],[75.874632,22.629175],[75.875308,22.629103],[75.875456,22.629056],[75.875651,22.629084],[75.875865,22.629094],[75.876212,22.629098],[75.876774,22.629117],[75.877288,22.629127],[75.877573,22.629127],[75.877721,22.629113],[75.877887,22.629089],[75.878073,22.629027],[75.878287,22.628946],[75.878506,22.628856],[75.878782,22.628732],[75.879096,22.628627],[75.879348,22.628546],[75.879596,22.628499],[75.879872,22.628456],[75.880234,22.628418],[75.880538,22.628347],[75.881323,22.628113],[75.882161,22.628051],[75.882318,22.628009],[75.882366,22.627913],[75.882418,22.627818],[75.882856,22.627633],[75.883698,22.627366],[75.883984,22.627261],[75.884683,22.627038],[75.885245,22.626857],[75.885835,22.626671],[75.88642,22.626524],[75.88672,22.626476],[75.886967,22.626714],[75.888333,22.62858],[75.888357,22.628746],[75.888414,22.62926],[75.888514,22.62976],[75.888585,22.630064],[75.888671,22.630854],[75.888785,22.631449],[75.888952,22.632168],[75.889033,22.632553],[75.889118,22.632815],[75.889299,22.633448],[75.88939,22.633762],[75.889571,22.634595],[75.889804,22.635461],[75.890117,22.63635],[75.890175,22.636513],[75.89027,22.636875],[75.890327,22.637203],[75.890413,22.637641],[75.890565,22.638954],[75.89066,22.639992],[75.890698,22.641135],[75.890733,22.641716],[75.890896,22.641688],[75.89111,22.641688],[75.891431,22.641695],[75.891881,22.64173],[75.89273,22.641809],[75.894044,22.641973],[75.894979,22.642144],[75.895643,22.642259],[75.896192,22.642309],[75.896842,22.642266],[75.89737,22.642373],[75.898034,22.642487],[75.898691,22.642409],[75.899055,22.642373],[75.899333,22.64233],[75.89964,22.642223],[75.899897,22.64218],[75.900211,22.642152],[75.900761,22.642094],[75.901289,22.642009],[75.901532,22.641902],[75.901639,22.641816],[75.90171,22.641752],[75.901846,22.641638],[75.90201,22.641516],[75.902196,22.641423],[75.902603,22.641231],[75.903238,22.641002],[75.903945,22.640717],[75.90433,22.64061],[75.904523,22.640574],[75.904866,22.640631],[75.905215,22.640695],[75.906229,22.640867],[75.906686,22.640967],[75.906957,22.640995],[75.907185,22.641002],[75.907514,22.641002],[75.907742,22.641002],[75.908056,22.641002],[75.90852,22.641002],[75.908877,22.641017],[75.909284,22.641059],[75.909448,22.641067],[75.90957,22.641031],[75.909748,22.641017],[75.910069,22.641038],[75.910212,22.641052],[75.910376,22.641102],[75.910505,22.641159],[75.910605,22.641245],[75.910733,22.641373],[75.910847,22.641538],[75.910997,22.641709],[75.911162,22.641859],[75.911369,22.641995],[75.911518,22.642073],[75.911704,22.642137],[75.912061,22.642194],[75.912718,22.642273],[75.913253,22.642366],[75.913956,22.642694],[75.914037,22.642702],[75.914183,22.642631],[75.914248,22.642637],[75.914351,22.642647],[75.915515,22.642764],[75.916536,22.642873],[75.917098,22.642933],[75.918529,22.643086],[75.919139,22.643156],[75.919152,22.643159],[75.919222,22.643172],[75.919389,22.643132],[75.920985,22.642817],[75.922196,22.64258],[75.92239,22.642542],[75.922447,22.642531],[75.922674,22.642503],[75.922689,22.642614],[75.922717,22.6428],[75.92281,22.643127],[75.92282,22.643253],[75.923124,22.643216],[75.923649,22.643185],[75.923737,22.643175],[75.924186,22.644123],[75.923412,22.644323],[75.923121,22.644483],[75.923192,22.645328],[75.923516,22.646202],[75.923571,22.646855],[75.922956,22.647115],[75.923265,22.648417],[75.923824,22.648395],[75.923989,22.650558],[75.924281,22.654384],[75.92434,22.656138],[75.924043,22.656882],[75.924281,22.659172],[75.925203,22.662325],[75.927017,22.665002],[75.928147,22.665864],[75.929516,22.668274],[75.929746,22.671476],[75.929645,22.671466],[75.929582,22.67146],[75.929372,22.671435],[75.929344,22.671899],[75.929338,22.672],[75.929313,22.672487],[75.92929,22.672893],[75.929286,22.672957],[75.92926,22.672988],[75.929125,22.673037],[75.92893,22.673107],[75.928579,22.673209],[75.928384,22.673265],[75.928319,22.673288],[75.92819,22.673332],[75.928066,22.673376],[75.927887,22.673438],[75.927805,22.673465],[75.927207,22.673636],[75.927137,22.673656],[75.927046,22.673682],[75.926755,22.673764],[75.926361,22.67393],[75.926059,22.674069],[75.925655,22.674264],[75.925384,22.674376],[75.925307,22.67443],[75.925121,22.674615],[75.924985,22.674751],[75.92486,22.674875],[75.924833,22.674902],[75.924737,22.674998],[75.92453,22.675186],[75.924477,22.675241],[75.924271,22.675318],[75.924058,22.675397],[75.923912,22.675453],[75.923627,22.675562],[75.923609,22.675569],[75.923332,22.675675],[75.922878,22.675826],[75.922133,22.676139],[75.921731,22.676321],[75.921731,22.676342],[75.921717,22.676401],[75.921716,22.676444],[75.921709,22.676634],[75.921703,22.676713],[75.921693,22.676758],[75.921611,22.677128],[75.921629,22.677354],[75.921581,22.677479],[75.921528,22.677556],[75.92148,22.677645],[75.921498,22.677847],[75.921575,22.678645],[75.921635,22.679174],[75.921712,22.679614],[75.921825,22.679882],[75.921843,22.679924],[75.921432,22.680125],[75.921141,22.680269],[75.920228,22.680703],[75.919103,22.681098],[75.919091,22.681108],[75.918365,22.681452],[75.91765,22.681824],[75.917488,22.681908],[75.917039,22.68213],[75.916309,22.682531],[75.91598,22.682736],[75.915302,22.683158],[75.915064,22.683283],[75.915114,22.683566],[75.915154,22.683794],[75.915207,22.684098],[75.915258,22.684392],[75.915663,22.685778],[75.916388,22.68557],[75.91665,22.685522],[75.916757,22.685522],[75.917804,22.685338],[75.918988,22.685165],[75.919083,22.68551],[75.919291,22.685956],[75.919327,22.686057],[75.91941,22.686087],[75.919729,22.685979],[75.921597,22.685634],[75.922377,22.685455],[75.922775,22.685473],[75.923578,22.685616],[75.924619,22.685789],[75.926172,22.685997],[75.926648,22.686038],[75.926838,22.68605],[75.92729,22.68614],[75.927843,22.686258],[75.928355,22.686354],[75.928878,22.686496],[75.929503,22.686627],[75.929937,22.686717],[75.930425,22.686859],[75.931127,22.687068],[75.931686,22.687234],[75.93215,22.687329],[75.932281,22.687335],[75.932692,22.687353],[75.933286,22.687311],[75.933738,22.68724],[75.933791,22.687231],[75.934327,22.687139],[75.935089,22.687032],[75.935252,22.687012],[75.935605,22.68697],[75.936046,22.686906],[75.936429,22.686869],[75.936632,22.686859],[75.937241,22.686819],[75.937757,22.686748],[75.938173,22.686702],[75.938428,22.686669],[75.93879,22.686644],[75.93911,22.686633],[75.939673,22.686644],[75.940425,22.686598],[75.940597,22.686609],[75.940608,22.686611],[75.94074,22.686633],[75.940835,22.686699],[75.940838,22.686704],[75.940877,22.686776],[75.940903,22.686864],[75.940924,22.686937],[75.940966,22.687091],[75.940987,22.687089],[75.940977,22.687107],[75.941072,22.68904],[75.941053,22.689753],[75.941082,22.690534],[75.941044,22.691495],[75.941024,22.692161],[75.940996,22.692552],[75.941005,22.692923],[75.94092,22.693446],[75.940825,22.693722],[75.940777,22.69396],[75.940577,22.695426],[75.941129,22.697644],[75.941262,22.698053],[75.941596,22.69929],[75.941986,22.700518],[75.94209,22.700651],[75.942129,22.700766],[75.94209,22.701061],[75.942138,22.701289],[75.942271,22.701527],[75.942585,22.70207],[75.942747,22.702241],[75.943004,22.702536],[75.943176,22.702679],[75.943223,22.702802],[75.943271,22.702955],[75.943271,22.703212],[75.943271,22.704049],[75.943328,22.704278],[75.943366,22.704506],[75.943366,22.70467],[75.944667,22.704682],[75.944852,22.704872],[75.946131,22.705253],[75.946732,22.705485],[75.947398,22.705681],[75.948222,22.705814],[75.948356,22.705836],[75.948812,22.70589],[75.949408,22.705961],[75.949565,22.705987],[75.950426,22.706133],[75.951156,22.705905],[75.952001,22.705641],[75.952565,22.705528],[75.953274,22.70549],[75.953455,22.705492],[75.953857,22.705497],[75.95435,22.705537],[75.955125,22.705612],[75.955214,22.705616],[75.955894,22.705628],[75.95681,22.70563],[75.956934,22.705611],[75.957073,22.705855],[75.957196,22.705863],[75.957889,22.705869],[75.959355,22.706134],[75.961363,22.706551],[75.961503,22.70658],[75.963501,22.707444],[75.964577,22.707893],[75.966359,22.708638],[75.967033,22.708913],[75.967544,22.709054],[75.96782,22.709235],[75.968006,22.70931],[75.968171,22.709391],[75.969713,22.710752],[75.969996,22.710971],[75.970066,22.710757],[75.970123,22.710466],[75.970155,22.710305],[75.970244,22.709615],[75.97028,22.709335],[75.970304,22.70918],[75.970547,22.709139],[75.970565,22.708919],[75.970619,22.708603],[75.97066,22.708187],[75.970714,22.707907],[75.970732,22.707616],[75.97069,22.707497],[75.970904,22.707081],[75.971,22.706813],[75.97122,22.706283],[75.971499,22.705689]]]]}},{"type":"Feature","properties":{"OBJECTID":4162,"state_lgd":"23","state_name":"MADHYA PRADESH","district_lgd":"439","district_name":"INDORE","district_name_source":"district_table","subdistrict_lgd":"3540","subdistrict_name":"DEPALPUR","subdistrict_type":"","name_corrupted":false,"remarks":""},"geometry":{"type":"Polygon","coordinates":[[[75.606359,23.086614],[75.606332,23.085477],[75.606402,23.084125],[75.606483,23.084025],[75.606717,23.083756],[75.606772,23.083691],[75.606784,23.083405],[75.606816,23.08267],[75.606936,23.082671],[75.607263,23.082674],[75.608224,23.082731],[75.608872,23.08276],[75.609624,23.082883],[75.610556,23.082998],[75.61107,23.083083],[75.611879,23.083161],[75.612755,23.083245],[75.613046,23.08325],[75.613612,23.083305],[75.613992,23.083359],[75.61463,23.083321],[75.614961,23.083283],[75.615416,23.083068],[75.615598,23.083003],[75.615924,23.082921],[75.616714,23.082836],[75.617952,23.082779],[75.61878,23.082798],[75.619427,23.082817],[75.620084,23.082845],[75.620087,23.083271],[75.620084,23.083678],[75.62015,23.08399],[75.620212,23.084133],[75.620295,23.084224],[75.620502,23.084349],[75.621071,23.084488],[75.621236,23.084543],[75.622036,23.084877],[75.622384,23.08508],[75.622434,23.084806],[75.622492,23.084558],[75.622615,23.084301],[75.622787,23.083968],[75.622996,23.083721],[75.623405,23.083445],[75.623862,23.083169],[75.624195,23.083026],[75.624557,23.082902],[75.624881,23.082902],[75.625328,23.08294],[75.625899,23.082855],[75.626318,23.08275],[75.62668,23.08256],[75.626908,23.082312],[75.627032,23.082065],[75.627136,23.081751],[75.627251,23.081303],[75.627393,23.080885],[75.627403,23.080247],[75.627355,23.079857],[75.627289,23.079343],[75.627117,23.078924],[75.626917,23.078477],[75.626765,23.078277],[75.626499,23.077972],[75.626175,23.07762],[75.625909,23.077173],[75.625718,23.076763],[75.625566,23.076069],[75.625461,23.075469],[75.625537,23.07486],[75.62569,23.074393],[75.625851,23.074155],[75.626089,23.073965],[75.626613,23.073813],[75.626927,23.073718],[75.627289,23.073565],[75.627622,23.073442],[75.627888,23.073232],[75.62806,23.073023],[75.628183,23.072671],[75.628185,23.072645],[75.628202,23.072404],[75.628202,23.072042],[75.628183,23.071728],[75.628079,23.071405],[75.627898,23.071043],[75.627717,23.070567],[75.627612,23.070129],[75.627604,23.069894],[75.627603,23.069872],[75.627736,23.069577],[75.627888,23.069358],[75.628212,23.069073],[75.628555,23.068835],[75.629049,23.068492],[75.629216,23.068365],[75.629411,23.068216],[75.629649,23.06795],[75.630001,23.067455],[75.630163,23.066988],[75.630211,23.066598],[75.630182,23.066351],[75.630135,23.065999],[75.630058,23.065599],[75.629773,23.064999],[75.629411,23.064476],[75.62903,23.064135],[75.628773,23.063905],[75.628661,23.063817],[75.628117,23.063391],[75.627517,23.063001],[75.627146,23.062848],[75.626822,23.062734],[75.626489,23.062715],[75.62589,23.062753],[75.625404,23.062896],[75.624776,23.062981],[75.624081,23.063153],[75.623329,23.063315],[75.622787,23.063505],[75.622082,23.063514],[75.621626,23.063381],[75.621331,23.06321],[75.620931,23.062829],[75.62074,23.062382],[75.620674,23.062039],[75.620674,23.061763],[75.620788,23.061325],[75.620855,23.060916],[75.620855,23.060602],[75.620836,23.060421],[75.620759,23.060183],[75.620712,23.059926],[75.620598,23.05966],[75.620464,23.059441],[75.620312,23.059241],[75.619969,23.058974],[75.619503,23.058784],[75.619075,23.058518],[75.618816,23.058438],[75.61858,23.058365],[75.618018,23.05807],[75.617865,23.057952],[75.617685,23.057813],[75.617485,23.057623],[75.617181,23.057395],[75.616933,23.057185],[75.616733,23.056862],[75.616543,23.056547],[75.616391,23.056129],[75.616267,23.055672],[75.616172,23.055186],[75.616039,23.054768],[75.61582,23.054273],[75.615629,23.053711],[75.615534,23.053178],[75.615515,23.052893],[75.615553,23.052607],[75.615658,23.052302],[75.615981,23.051931],[75.616248,23.051646],[75.616581,23.051265],[75.61719,23.050646],[75.617695,23.050228],[75.618047,23.049961],[75.61828,23.049831],[75.618608,23.049647],[75.618753,23.049609],[75.619037,23.049533],[75.619475,23.04938],[75.619998,23.049285],[75.62036,23.049257],[75.620836,23.049314],[75.621112,23.049438],[75.621378,23.049599],[75.621616,23.049933],[75.621759,23.050275],[75.621816,23.050627],[75.62194,23.050941],[75.621997,23.051227],[75.62212,23.051455],[75.62233,23.051674],[75.622758,23.051988],[75.623025,23.052141],[75.623377,23.052169],[75.623853,23.052103],[75.624281,23.05196],[75.624548,23.051703],[75.624871,23.051417],[75.625204,23.050894],[75.625452,23.050351],[75.625575,23.049828],[75.625823,23.049095],[75.625985,23.048762],[75.626118,23.048391],[75.626461,23.048019],[75.626622,23.047801],[75.626647,23.047734],[75.626737,23.047496],[75.626841,23.047077],[75.626908,23.04643],[75.626879,23.046068],[75.626603,23.045773],[75.626223,23.045573],[75.625471,23.045345],[75.62489,23.045307],[75.624224,23.045354],[75.623653,23.045412],[75.623148,23.045354],[75.622777,23.045288],[75.622397,23.04525],[75.621997,23.045136],[75.621388,23.044879],[75.620864,23.044555],[75.62055,23.044327],[75.620379,23.044079],[75.620293,23.043708],[75.620284,23.04346],[75.620436,23.043061],[75.620607,23.042766],[75.621074,23.04229],[75.621511,23.041918],[75.621768,23.041614],[75.622197,23.041129],[75.622615,23.040567],[75.622996,23.040148],[75.623405,23.039691],[75.623891,23.039263],[75.624252,23.038958],[75.624633,23.038625],[75.624862,23.038368],[75.625138,23.037835],[75.62529,23.037274],[75.625471,23.036712],[75.62553,23.036579],[75.625861,23.035837],[75.626213,23.034999],[75.626508,23.034152],[75.62667,23.033638],[75.626737,23.0332],[75.626841,23.032905],[75.627222,23.03222],[75.628008,23.031029],[75.628379,23.030535],[75.628874,23.03004],[75.629284,23.029773],[75.629664,23.029621],[75.629978,23.029573],[75.630302,23.029545],[75.630749,23.029507],[75.631168,23.029459],[75.63152,23.029421],[75.631834,23.029374],[75.632263,23.029345],[75.632775,23.0293],[75.632709,23.029043],[75.632663,23.028835],[75.632283,23.027526],[75.631997,23.026634],[75.631854,23.025942],[75.631833,23.025421],[75.631876,23.024692],[75.631861,23.023971],[75.631883,23.023543],[75.631969,23.022872],[75.632047,23.022437],[75.632047,23.022115],[75.632013,23.021895],[75.63199,23.021744],[75.631932,23.02151],[75.631883,23.021109],[75.631864,23.020952],[75.631833,23.020702],[75.631747,23.020209],[75.631462,23.019239],[75.631219,23.018689],[75.631105,23.018218],[75.630926,23.017625],[75.630841,23.01694],[75.630803,23.016531],[75.63072,23.015833],[75.630686,23.01537],[75.630669,23.01457],[75.630691,23.013692],[75.630745,23.013446],[75.630844,23.013079],[75.63114,23.011986],[75.631483,23.010851],[75.631569,23.010294],[75.63169,23.009295],[75.631747,23.008588],[75.631764,23.008357],[75.631819,23.00761],[75.631795,23.007435],[75.631777,23.007323],[75.631754,23.007182],[75.631989,23.007183],[75.632122,23.007184],[75.632389,23.007184],[75.632865,23.007184],[75.633521,23.007213],[75.633759,23.007241],[75.634692,23.007255],[75.634906,23.00727],[75.634973,23.007313],[75.635073,23.007317],[75.635282,23.007308],[75.635944,23.007289],[75.63641,23.007279],[75.636777,23.007251],[75.63701,23.007208],[75.637305,23.00716],[75.6376,23.007165],[75.637847,23.007141],[75.63799,23.007141],[75.6381,23.007232],[75.638219,23.007274],[75.638466,23.007279],[75.638699,23.007322],[75.638947,23.007389],[75.639142,23.007436],[75.639508,23.007531],[75.639851,23.007622],[75.640013,23.007679],[75.64027,23.007722],[75.640493,23.007769],[75.640674,23.007788],[75.640822,23.007817],[75.641031,23.00785],[75.64125,23.007879],[75.64145,23.007912],[75.641764,23.007965],[75.64195,23.007965],[75.642149,23.00796],[75.642292,23.007955],[75.64253,23.007993],[75.642668,23.007993],[75.642782,23.008017],[75.642897,23.008041],[75.643063,23.008045],[75.643234,23.00805],[75.643406,23.008045],[75.643667,23.008026],[75.643874,23.008012],[75.644067,23.007998],[75.644272,23.008043],[75.645375,23.008155],[75.645406,23.008158],[75.645543,23.008172],[75.645571,23.007686],[75.645585,23.007372],[75.645685,23.007186],[75.645814,23.007015],[75.646156,23.006744],[75.646585,23.006358],[75.647013,23.006158],[75.647698,23.005902],[75.647955,23.005787],[75.648169,23.005502],[75.648284,23.005245],[75.648358,23.004933],[75.648412,23.004702],[75.648526,23.004331],[75.648726,23.003789],[75.648788,23.003609],[75.648961,23.003311],[75.649212,23.00306],[75.649524,23.002813],[75.649756,23.002793],[75.649996,23.002827],[75.650162,23.002909],[75.650776,23.003355],[75.651297,23.003599],[75.651578,23.003682],[75.652283,23.003772],[75.653127,23.003711],[75.653975,23.003497],[75.654121,23.003417],[75.654129,23.003411],[75.654373,23.003244],[75.654581,23.002936],[75.654662,23.002666],[75.654682,23.002462],[75.654592,23.002207],[75.654508,23.002118],[75.654023,23.001733],[75.653395,23.001319],[75.652995,23.00099],[75.651999,23.000264],[75.651496,23.000013],[75.651233,22.999952],[75.650889,22.999953],[75.650337,23.000042],[75.650047,23.000008],[75.649821,22.999937],[75.649625,22.99977],[75.649405,22.999526],[75.649328,22.999336],[75.64924,22.998973],[75.64924,22.998848],[75.649285,22.998654],[75.649354,22.998506],[75.650368,22.997935],[75.651053,22.997583],[75.652075,22.997058],[75.652547,22.996816],[75.653702,22.995977],[75.654206,22.995219],[75.654628,22.994555],[75.654694,22.994452],[75.654953,22.994143],[75.655157,22.993899],[75.656026,22.993274],[75.656537,22.993108],[75.657049,22.993012],[75.657646,22.993007],[75.658237,22.99291],[75.65903,22.992489],[75.65944,22.992132],[75.659538,22.991995],[75.659596,22.991856],[75.659635,22.991763],[75.659704,22.991627],[75.659725,22.991561],[75.659794,22.99137],[75.65979,22.991325],[75.659783,22.991219],[75.659752,22.990757],[75.659735,22.990482],[75.659734,22.990416],[75.659635,22.989941],[75.659515,22.989613],[75.659473,22.989519],[75.659228,22.98908],[75.659153,22.988946],[75.658985,22.988645],[75.658693,22.988665],[75.658618,22.988165],[75.658534,22.987563],[75.658213,22.987113],[75.658066,22.986895],[75.657976,22.986727],[75.657966,22.986689],[75.657943,22.986582],[75.657944,22.986259],[75.65792,22.985957],[75.657908,22.985889],[75.657806,22.985565],[75.657767,22.985434],[75.657785,22.98533],[75.657853,22.984957],[75.657935,22.984344],[75.657963,22.983744],[75.657938,22.9834],[75.657892,22.982759],[75.65788,22.982588],[75.657818,22.982222],[75.657798,22.981994],[75.657779,22.981767],[75.657827,22.981356],[75.657907,22.980984],[75.658308,22.980065],[75.658449,22.979795],[75.658716,22.979351],[75.65934,22.978491],[75.660084,22.977467],[75.660233,22.977134],[75.660351,22.976924],[75.660352,22.976922],[75.660434,22.976777],[75.660562,22.976548],[75.660876,22.975977],[75.660885,22.975959],[75.66099,22.975749],[75.661147,22.975435],[75.661242,22.9753],[75.661318,22.975192],[75.661319,22.975175],[75.661333,22.974907],[75.661247,22.974678],[75.661178,22.974628],[75.66099,22.974493],[75.660762,22.974278],[75.660576,22.974164],[75.660019,22.973922],[75.659448,22.973636],[75.65912,22.973393],[75.65892,22.973222],[75.658763,22.972965],[75.658763,22.972565],[75.658834,22.972365],[75.659048,22.972166],[75.659377,22.971851],[75.659962,22.971252],[75.660248,22.970938],[75.660576,22.970552],[75.660762,22.970224],[75.660804,22.969924],[75.660804,22.969553],[75.660647,22.969239],[75.660305,22.968782],[75.659834,22.968325],[75.659248,22.967811],[75.658806,22.96724],[75.658449,22.966826],[75.657821,22.966412],[75.657349,22.966084],[75.657135,22.965841],[75.656964,22.96547],[75.656978,22.965099],[75.657178,22.964542],[75.657378,22.964156],[75.657621,22.963885],[75.657878,22.963771],[75.65822,22.963771],[75.658663,22.963785],[75.659105,22.963856],[75.659505,22.963942],[75.660019,22.964185],[75.660462,22.96447],[75.660847,22.964699],[75.661647,22.965113],[75.662232,22.965227],[75.662603,22.96517],[75.66296,22.965056],[75.663174,22.964799],[75.663388,22.964456],[75.663531,22.964042],[75.663563,22.963822],[75.663588,22.963642],[75.663591,22.963568],[75.663603,22.963271],[75.663546,22.962729],[75.663331,22.962243],[75.663154,22.96202],[75.662889,22.961686],[75.662303,22.96113],[75.661989,22.960958],[75.661675,22.960801],[75.661304,22.960701],[75.661061,22.960601],[75.660876,22.960359],[75.660833,22.960059],[75.660904,22.959716],[75.661004,22.959445],[75.661218,22.959216],[75.661561,22.958902],[75.661918,22.958631],[75.662246,22.958246],[75.662389,22.957974],[75.662546,22.957589],[75.662589,22.957089],[75.662403,22.956518],[75.662303,22.955976],[75.662289,22.955662],[75.662289,22.955276],[75.662518,22.954919],[75.662846,22.954648],[75.663231,22.954362],[75.663703,22.954077],[75.664188,22.953777],[75.664236,22.953763],[75.664531,22.953677],[75.665073,22.953377],[75.66593,22.952763],[75.666772,22.952135],[75.667286,22.951578],[75.667586,22.951236],[75.667795,22.951026],[75.667914,22.950907],[75.668114,22.95055],[75.668243,22.950179],[75.668285,22.949951],[75.668314,22.949637],[75.668314,22.949308],[75.6683,22.94888],[75.668143,22.94838],[75.6681,22.947881],[75.668257,22.94691],[75.668442,22.946425],[75.668714,22.945711],[75.668942,22.945125],[75.669156,22.944668],[75.669556,22.944012],[75.669751,22.943787],[75.669787,22.943746],[75.669842,22.943683],[75.670441,22.943098],[75.670927,22.942413],[75.671398,22.942013],[75.671897,22.941699],[75.672354,22.941513],[75.672783,22.941313],[75.673111,22.940971],[75.673425,22.940528],[75.673782,22.939929],[75.673696,22.939737],[75.673653,22.939643],[75.673439,22.9394],[75.673197,22.939172],[75.672711,22.938858],[75.672297,22.938758],[75.671883,22.938601],[75.671355,22.938444],[75.670869,22.938258],[75.67067,22.938044],[75.670513,22.937839],[75.670398,22.937687],[75.670198,22.937173],[75.670056,22.936688],[75.66987,22.936388],[75.669599,22.935788],[75.669585,22.935431],[75.669613,22.934932],[75.669685,22.934718],[75.669842,22.934503],[75.670056,22.934361],[75.670327,22.934232],[75.670698,22.934161],[75.670955,22.934132],[75.671412,22.934189],[75.672012,22.934475],[75.672226,22.934589],[75.672568,22.934989],[75.672768,22.935232],[75.673197,22.935731],[75.673382,22.935917],[75.673696,22.936131],[75.673953,22.936202],[75.674353,22.936217],[75.674867,22.936217],[75.675438,22.936145],[75.675852,22.936017],[75.676266,22.935631],[75.676552,22.93536],[75.67698,22.93506],[75.677323,22.934789],[75.677694,22.934575],[75.678308,22.934275],[75.678864,22.934075],[75.679436,22.933932],[75.679792,22.933675],[75.680221,22.933433],[75.680549,22.933047],[75.680706,22.932705],[75.68082,22.93239],[75.680935,22.932005],[75.681035,22.93152],[75.681063,22.93112],[75.681149,22.93052],[75.681177,22.930106],[75.68122,22.929821],[75.681477,22.929435],[75.68162,22.92895],[75.681687,22.928733],[75.68182,22.928307],[75.681848,22.928022],[75.681877,22.927679],[75.681891,22.927165],[75.681863,22.92678],[75.681805,22.926394],[75.681534,22.925852],[75.681263,22.925295],[75.680877,22.924809],[75.680378,22.92441],[75.679992,22.924196],[75.679493,22.923967],[75.679079,22.923567],[75.678736,22.923296],[75.678536,22.923039],[75.67845,22.922825],[75.678408,22.922654],[75.678465,22.92244],[75.678579,22.922197],[75.678722,22.921968],[75.678922,22.921797],[75.679164,22.921697],[75.679564,22.921554],[75.67995,22.92144],[75.680463,22.921255],[75.680963,22.921126],[75.681691,22.921012],[75.682048,22.920955],[75.682334,22.920926],[75.682691,22.920983],[75.683033,22.921055],[75.683319,22.921055],[75.683619,22.920983],[75.68379,22.920826],[75.683819,22.920679],[75.68383,22.920627],[75.683861,22.920469],[75.683904,22.92017],[75.683804,22.919827],[75.683676,22.919527],[75.683476,22.919184],[75.683219,22.918885],[75.682819,22.918542],[75.682448,22.918185],[75.682005,22.917828],[75.68195,22.917754],[75.681759,22.917496],[75.681677,22.917386],[75.68132,22.916943],[75.680892,22.916372],[75.680592,22.916044],[75.680478,22.91563],[75.680321,22.915158],[75.680249,22.914873],[75.680249,22.914245],[75.680278,22.913831],[75.680478,22.913274],[75.680749,22.912389],[75.681077,22.911732],[75.68122,22.911361],[75.681634,22.910918],[75.681963,22.910433],[75.682262,22.910133],[75.682519,22.90979],[75.682719,22.909319],[75.682776,22.908991],[75.682817,22.908592],[75.682833,22.908434],[75.682919,22.907577],[75.682962,22.906949],[75.682919,22.906235],[75.682876,22.905893],[75.682837,22.90579],[75.682805,22.905707],[75.682619,22.905536],[75.682362,22.905279],[75.682162,22.905108],[75.681777,22.904893],[75.681463,22.904751],[75.681149,22.904565],[75.680806,22.904351],[75.680578,22.904194],[75.680349,22.903937],[75.680206,22.903766],[75.680107,22.903437],[75.680049,22.903095],[75.680049,22.902809],[75.680078,22.902538],[75.680149,22.902081],[75.680249,22.90181],[75.680364,22.901353],[75.680506,22.900782],[75.680649,22.900368],[75.680778,22.899982],[75.680877,22.899668],[75.680906,22.899425],[75.680935,22.899068],[75.68102,22.898626],[75.68102,22.898212],[75.681049,22.897926],[75.68102,22.897584],[75.68092,22.897241],[75.680863,22.896856],[75.680863,22.896427],[75.680877,22.895999],[75.681106,22.895514],[75.681271,22.895238],[75.679256,22.894946],[75.678471,22.894815],[75.677614,22.894673],[75.676776,22.894619],[75.676258,22.894589],[75.675324,22.894506],[75.674729,22.894494],[75.674441,22.894484],[75.674441,22.894464],[75.674413,22.894384],[75.674379,22.894364],[75.674365,22.894284],[75.674465,22.894217],[75.674551,22.894174],[75.674641,22.894131],[75.674665,22.89406],[75.674693,22.893955],[75.674746,22.893879],[75.674746,22.893779],[75.674679,22.89377],[75.674574,22.89377],[75.674422,22.893808],[75.674313,22.893836],[75.674113,22.893908],[75.673999,22.893874],[75.673946,22.893841],[75.673913,22.893765],[75.673861,22.893594],[75.673737,22.893251],[75.673656,22.893051],[75.67357,22.892918],[75.673413,22.892761],[75.673399,22.892656],[75.673375,22.892509],[75.673385,22.892394],[75.673413,22.892318],[75.673451,22.892228],[75.673451,22.892128],[75.673432,22.892066],[75.673366,22.891999],[75.673285,22.891904],[75.673266,22.891833],[75.67327,22.891761],[75.673228,22.891704],[75.67318,22.89168],[75.673151,22.891642],[75.673161,22.8916],[75.673218,22.891561],[75.673304,22.891542],[75.673366,22.891557],[75.673432,22.891585],[75.673489,22.891628],[75.673575,22.891609],[75.673646,22.891533],[75.67368,22.891423],[75.673723,22.891314],[75.673761,22.891219],[75.673761,22.891124],[75.673756,22.891048],[75.673727,22.890943],[75.673665,22.890843],[75.673599,22.890781],[75.673499,22.890719],[75.673413,22.890657],[75.673323,22.890572],[75.673261,22.890457],[75.673232,22.890262],[75.673204,22.890062],[75.67319,22.889929],[75.673118,22.889834],[75.672933,22.889777],[75.672771,22.889715],[75.672652,22.889615],[75.67258,22.889463],[75.672528,22.889325],[75.672519,22.889158],[75.67258,22.888968],[75.672737,22.888839],[75.672904,22.888716],[75.673009,22.888597],[75.673037,22.888511],[75.673033,22.888378],[75.67298,22.888311],[75.672871,22.88823],[75.672561,22.888192],[75.672319,22.888173],[75.672228,22.888121],[75.6721,22.888016],[75.672052,22.887888],[75.67209,22.887788],[75.672209,22.887692],[75.672314,22.887593],[75.672304,22.887459],[75.672247,22.887302],[75.67229,22.887055],[75.672257,22.886893],[75.672204,22.886665],[75.672081,22.886488],[75.671957,22.886303],[75.671833,22.886136],[75.671776,22.885946],[75.671776,22.88577],[75.671776,22.885603],[75.671914,22.885394],[75.671986,22.885261],[75.672005,22.885132],[75.671957,22.885004],[75.671909,22.884918],[75.671848,22.884775],[75.67179,22.884661],[75.671809,22.884471],[75.671781,22.884342],[75.671733,22.884204],[75.671695,22.884157],[75.671552,22.884128],[75.671395,22.88409],[75.671262,22.884057],[75.671215,22.884038],[75.671167,22.883933],[75.671153,22.883838],[75.671172,22.883743],[75.671186,22.883605],[75.671157,22.883528],[75.6711,22.883505],[75.671,22.883557],[75.670843,22.883609],[75.670686,22.883581],[75.670596,22.883509],[75.670529,22.883329],[75.67042,22.883238],[75.670315,22.8832],[75.670225,22.883129],[75.670196,22.883038],[75.670196,22.882924],[75.670301,22.882824],[75.670363,22.882724],[75.670372,22.882662],[75.670282,22.882543],[75.670201,22.882448],[75.67003,22.88232],[75.669787,22.882129],[75.669616,22.882025],[75.669506,22.881934],[75.66942,22.881753],[75.669406,22.881573],[75.669406,22.881506],[75.669497,22.881458],[75.669673,22.881487],[75.669806,22.881473],[75.669915,22.881454],[75.670034,22.881349],[75.670191,22.881249],[75.670358,22.881116],[75.670391,22.881025],[75.67042,22.880949],[75.670425,22.880887],[75.670472,22.880821],[75.670586,22.88074],[75.670682,22.880668],[75.670696,22.880606],[75.670658,22.880521],[75.670601,22.880435],[75.670496,22.880373],[75.670344,22.880378],[75.670196,22.880459],[75.670139,22.880502],[75.670101,22.880592],[75.670068,22.880716],[75.67002,22.880825],[75.669968,22.880887],[75.669887,22.880935],[75.669768,22.880968],[75.669677,22.880968],[75.669606,22.88094],[75.669563,22.88084],[75.669544,22.88073],[75.66953,22.880625],[75.669549,22.880511],[75.669616,22.880383],[75.669697,22.880264],[75.669768,22.880092],[75.669815,22.879897],[75.669839,22.879702],[75.669887,22.879626],[75.669968,22.879569],[75.670025,22.879455],[75.67002,22.879402],[75.669963,22.879302],[75.669934,22.879207],[75.669934,22.87915],[75.669953,22.879084],[75.670144,22.878969],[75.670277,22.878893],[75.670377,22.878798],[75.670396,22.878693],[75.670348,22.878622],[75.670253,22.878584],[75.670177,22.878498],[75.67022,22.878351],[75.670268,22.878227],[75.670306,22.87806],[75.670234,22.878013],[75.670101,22.878041],[75.669887,22.878051],[75.669763,22.878037],[75.669701,22.878008],[75.669654,22.877894],[75.669625,22.877775],[75.669573,22.877703],[75.669435,22.877651],[75.669335,22.87767],[75.66923,22.877727],[75.669178,22.877727],[75.66914,22.877703],[75.669083,22.877608],[75.668983,22.877646],[75.668902,22.877751],[75.668811,22.87778],[75.66874,22.877899],[75.668754,22.877989],[75.668745,22.87817],[75.668711,22.878246],[75.668645,22.87827],[75.668592,22.878265],[75.66854,22.878217],[75.668492,22.878156],[75.668345,22.878098],[75.668231,22.878075],[75.668159,22.878041],[75.668136,22.87798],[75.668159,22.87787],[75.668221,22.877775],[75.66835,22.87767],[75.668559,22.877665],[75.668821,22.877527],[75.668883,22.877366],[75.668883,22.877251],[75.66884,22.877104],[75.668849,22.876961],[75.668769,22.876923],[75.668607,22.877066],[75.668526,22.877151],[75.668421,22.877256],[75.668231,22.877475],[75.668021,22.877799],[75.667936,22.877956],[75.667802,22.87806],[75.667622,22.878146],[75.66745,22.878208],[75.667255,22.878303],[75.667098,22.878317],[75.666827,22.878432],[75.666603,22.878541],[75.66647,22.878527],[75.666341,22.878351],[75.666199,22.878122],[75.666139,22.878007],[75.666123,22.877975],[75.666089,22.877765],[75.666051,22.87757],[75.666132,22.877394],[75.666142,22.877266],[75.666104,22.877132],[75.666084,22.876956],[75.66608,22.876747],[75.666051,22.876595],[75.666013,22.876514],[75.665985,22.876357],[75.665985,22.876233],[75.666042,22.876033],[75.666084,22.875924],[75.666232,22.875867],[75.666418,22.875871],[75.666489,22.875938],[75.666632,22.876038],[75.666784,22.876138],[75.666974,22.876138],[75.667122,22.876119],[75.667208,22.876024],[75.667284,22.875786],[75.667288,22.875486],[75.66715,22.875219],[75.667027,22.8751],[75.66697,22.875034],[75.666936,22.874929],[75.666941,22.874805],[75.66697,22.874672],[75.66707,22.874534],[75.667089,22.87442],[75.667065,22.874291],[75.666974,22.874149],[75.666874,22.874053],[75.666775,22.873944],[75.666732,22.873911],[75.666617,22.873854],[75.666441,22.873815],[75.666289,22.873815],[75.666075,22.873892],[75.665842,22.873987],[75.665651,22.874034],[75.665494,22.874034],[75.665371,22.874006],[75.665309,22.873968],[75.665223,22.873915],[75.665123,22.873825],[75.665071,22.873754],[75.664985,22.873668],[75.664914,22.873582],[75.66489,22.873525],[75.6649,22.87343],[75.664966,22.873311],[75.665009,22.873183],[75.665014,22.87303],[75.66498,22.872873],[75.664923,22.872735],[75.664838,22.872635],[75.664738,22.872559],[75.664471,22.872573],[75.664409,22.872502],[75.664409,22.87245],[75.664433,22.872369],[75.664452,22.872259],[75.664438,22.872164],[75.664443,22.872093],[75.664505,22.872002],[75.664519,22.87194],[75.6645,22.871793],[75.664466,22.871545],[75.664452,22.871331],[75.664409,22.871184],[75.664357,22.871136],[75.664271,22.871136],[75.664138,22.871208],[75.663938,22.871336],[75.663776,22.871488],[75.663596,22.871593],[75.663534,22.871655],[75.663481,22.871831],[75.663486,22.871883],[75.663534,22.872026],[75.663629,22.872159],[75.663667,22.872255],[75.663624,22.872421],[75.663572,22.872664],[75.663519,22.872768],[75.663462,22.87283],[75.663377,22.872854],[75.663239,22.872854],[75.663048,22.872854],[75.66291,22.87284],[75.662839,22.87283],[75.662801,22.872773],[75.662763,22.872716],[75.662715,22.872683],[75.662653,22.872607],[75.662615,22.872545],[75.662568,22.872478],[75.662534,22.872402],[75.662487,22.872302],[75.662444,22.872245],[75.662344,22.872164],[75.662268,22.872083],[75.662168,22.87205],[75.662087,22.87205],[75.661958,22.872012],[75.66184,22.871993],[75.661735,22.871945],[75.661659,22.871855],[75.66164,22.871798],[75.661654,22.871712],[75.661759,22.871645],[75.662025,22.871612],[75.662163,22.871536],[75.662158,22.871446],[75.662106,22.871269],[75.662077,22.871122],[75.662001,22.870908],[75.661886,22.870515],[75.661767,22.869989],[75.661674,22.869972],[75.661517,22.869901],[75.661353,22.869922],[75.66121,22.870051],[75.661146,22.870193],[75.661075,22.870251],[75.660996,22.870251],[75.660775,22.870172],[75.660689,22.869865],[75.660611,22.869679],[75.660561,22.869572],[75.660489,22.869501],[75.660411,22.869515],[75.660168,22.869594],[75.660047,22.869672],[75.659811,22.869765],[75.659526,22.869822],[75.65894,22.869879],[75.658148,22.869986],[75.65757,22.870086],[75.65692,22.870193],[75.656213,22.870279],[75.655849,22.870315],[75.655064,22.870393],[75.654165,22.870536],[75.653394,22.870629],[75.653208,22.870643],[75.652894,22.870657],[75.652594,22.870643],[75.65213,22.870615],[75.651945,22.870579],[75.651445,22.870536],[75.651109,22.870536],[75.650852,22.8705],[75.650488,22.870479],[75.650231,22.870436],[75.649989,22.870336],[75.64986,22.870272],[75.649746,22.870165],[75.649503,22.869986],[75.649096,22.869858],[75.648711,22.869751],[75.648383,22.869644],[75.647847,22.869508],[75.647697,22.869487],[75.647704,22.869387],[75.647733,22.869151],[75.647569,22.869058],[75.647319,22.868887],[75.646919,22.86868],[75.646741,22.86853],[75.646569,22.868373],[75.646398,22.868145],[75.646227,22.867923],[75.646055,22.867709],[75.645884,22.867495],[75.645649,22.86736],[75.64537,22.867202],[75.644485,22.866924],[75.643943,22.866746],[75.643778,22.866717],[75.643686,22.86666],[75.64365,22.866524],[75.64365,22.866239],[75.643636,22.866075],[75.643543,22.865989],[75.643029,22.865832],[75.642558,22.865718],[75.642486,22.865768],[75.642152,22.865691],[75.641308,22.865496],[75.640545,22.865332],[75.639595,22.865132],[75.638974,22.86499],[75.637889,22.864897],[75.637475,22.864875],[75.636062,22.864804],[75.635662,22.864747],[75.635519,22.864761],[75.635501,22.864672],[75.635516,22.864537],[75.635529,22.864417],[75.635552,22.864011],[75.635571,22.863889],[75.635564,22.863698],[75.635538,22.863318],[75.635517,22.862866],[75.635502,22.862481],[75.635481,22.862028],[75.635461,22.861654],[75.635444,22.86131],[75.635427,22.860907],[75.635397,22.860357],[75.635392,22.860265],[75.635385,22.860139],[75.635372,22.859921],[75.635356,22.859646],[75.635342,22.859355],[75.635328,22.859099],[75.63533,22.859039],[75.635324,22.858959],[75.635263,22.858543],[75.635186,22.858016],[75.635117,22.857578],[75.635096,22.857444],[75.635085,22.85738],[75.635127,22.857123],[75.635119,22.856902],[75.635034,22.856638],[75.634941,22.856488],[75.634741,22.856266],[75.634655,22.856188],[75.634491,22.856059],[75.63442,22.855203],[75.634134,22.855217],[75.633678,22.855274],[75.633685,22.855153],[75.63362,22.854882],[75.633463,22.854568],[75.633256,22.854175],[75.633149,22.853939],[75.632992,22.853547],[75.632928,22.853283],[75.632842,22.853033],[75.632707,22.852676],[75.6325,22.852212],[75.6323,22.851884],[75.632057,22.851527],[75.631829,22.85117],[75.631593,22.850948],[75.63125,22.850599],[75.630872,22.850177],[75.630522,22.849799],[75.630258,22.849506],[75.630208,22.849456],[75.630066,22.849314],[75.629673,22.848843],[75.629537,22.848678],[75.629416,22.848564],[75.629216,22.848436],[75.62913,22.848321],[75.629073,22.8482],[75.62903,22.848136],[75.628909,22.848007],[75.628788,22.847915],[75.628666,22.8478],[75.628317,22.847329],[75.627938,22.846758],[75.627834,22.846511],[75.627552,22.846462],[75.627275,22.846433],[75.627004,22.846394],[75.626808,22.84638],[75.62672,22.846362],[75.626574,22.846317],[75.626262,22.846222],[75.625954,22.846125],[75.625644,22.846025],[75.625334,22.845921],[75.625022,22.845814],[75.624709,22.84571],[75.624399,22.845614],[75.624098,22.84553],[75.623789,22.845436],[75.623486,22.845358],[75.623069,22.84525],[75.622765,22.845177],[75.622623,22.845138],[75.622545,22.845111],[75.622116,22.845054],[75.621914,22.845032],[75.621645,22.845003],[75.621485,22.844986],[75.621242,22.844952],[75.621083,22.84493],[75.620999,22.844918],[75.620461,22.844852],[75.620237,22.844826],[75.620148,22.844825],[75.619702,22.844886],[75.61942,22.844936],[75.619318,22.84495],[75.619078,22.845057],[75.618537,22.845295],[75.618123,22.845468],[75.617699,22.845631],[75.617446,22.845752],[75.617142,22.845948],[75.616844,22.846135],[75.616483,22.846377],[75.616389,22.846463],[75.616108,22.846753],[75.615793,22.847063],[75.615562,22.847304],[75.615309,22.847465],[75.61473,22.847854],[75.614433,22.848044],[75.614345,22.848111],[75.613978,22.848417],[75.613956,22.848436],[75.613904,22.848486],[75.613481,22.84891],[75.613264,22.849123],[75.61293,22.849449],[75.612597,22.849755],[75.612161,22.850137],[75.612017,22.850213],[75.611788,22.850341],[75.611351,22.850584],[75.611018,22.850703],[75.610632,22.850836],[75.610727,22.851226],[75.610346,22.851217],[75.610313,22.851279],[75.610294,22.85145],[75.610313,22.851755],[75.610308,22.851955],[75.610289,22.852121],[75.610132,22.852135],[75.609913,22.852135],[75.609809,22.852112],[75.609675,22.852078],[75.609542,22.852074],[75.609352,22.852107],[75.609171,22.85215],[75.6089,22.852207],[75.608619,22.85224],[75.608452,22.852226],[75.608467,22.852421],[75.608524,22.852668],[75.608567,22.852859],[75.608671,22.853092],[75.608562,22.853063],[75.608291,22.853082],[75.608048,22.853082],[75.607682,22.853082],[75.607437,22.853053],[75.607248,22.85303],[75.606901,22.852959],[75.606582,22.852906],[75.606097,22.852849],[75.60556,22.852776],[75.605369,22.852749],[75.605135,22.852721],[75.604926,22.852654],[75.604712,22.85253],[75.604345,22.852307],[75.604093,22.852097],[75.603822,22.851855],[75.603613,22.851631],[75.603203,22.851303],[75.602827,22.851036],[75.602337,22.850679],[75.601771,22.850256],[75.601252,22.849875],[75.600891,22.849613],[75.600548,22.849361],[75.60011,22.849037],[75.599772,22.848809],[75.59942,22.848571],[75.598958,22.848224],[75.598344,22.847743],[75.597807,22.847376],[75.597245,22.847],[75.596807,22.846753],[75.596612,22.846648],[75.596389,22.846553],[75.596094,22.846477],[75.595746,22.846382],[75.59528,22.846258],[75.594761,22.846077],[75.593719,22.845792],[75.591929,22.845316],[75.591711,22.845273],[75.591625,22.845473],[75.591547,22.845616],[75.591482,22.845693],[75.591387,22.845777],[75.591268,22.845973],[75.591107,22.846294],[75.590964,22.846538],[75.590899,22.846687],[75.590744,22.846836],[75.590667,22.846907],[75.590518,22.846931],[75.590363,22.846901],[75.59031,22.846883],[75.590167,22.84677],[75.589971,22.846657],[75.589816,22.846556],[75.589489,22.846437],[75.589144,22.846324],[75.588924,22.846235],[75.588668,22.846092],[75.588258,22.84589],[75.588017,22.845789],[75.58738,22.845513],[75.586885,22.845322],[75.58638,22.845218],[75.586085,22.845065],[75.586142,22.844827],[75.586152,22.843647],[75.586123,22.843076],[75.586085,22.842143],[75.585971,22.841544],[75.585904,22.84082],[75.585857,22.840135],[75.585857,22.839316],[75.585866,22.837803],[75.585885,22.837613],[75.585762,22.835138],[75.585676,22.833948],[75.585743,22.832949],[75.585828,22.832473],[75.586019,22.832016],[75.586247,22.831683],[75.586314,22.831426],[75.586618,22.830474],[75.587237,22.830484],[75.587284,22.829856],[75.587399,22.829104],[75.587484,22.828114],[75.587541,22.827],[75.587646,22.826182],[75.587665,22.825685],[75.587672,22.825525],[75.587684,22.825202],[75.587677,22.824968],[75.587677,22.824958],[75.58768,22.824935],[75.587696,22.824852],[75.587743,22.824428],[75.587823,22.823837],[75.587901,22.823326],[75.587918,22.823224],[75.587917,22.823208],[75.58791,22.823192],[75.587875,22.823115],[75.5877,22.822718],[75.587506,22.822305],[75.587189,22.821547],[75.58703,22.821207],[75.586969,22.820858],[75.586902,22.820517],[75.586838,22.820175],[75.58677,22.819836],[75.586713,22.819492],[75.586659,22.819145],[75.586617,22.818895],[75.586601,22.818796],[75.586554,22.818445],[75.586503,22.818093],[75.586443,22.817752],[75.586391,22.817411],[75.586339,22.817073],[75.586287,22.816734],[75.586253,22.816398],[75.586221,22.816056],[75.586198,22.815711],[75.586165,22.81537],[75.586129,22.815031],[75.586106,22.814685],[75.586106,22.814504],[75.586106,22.814345],[75.58611,22.813994],[75.5861,22.813739],[75.586075,22.813079],[75.586509,22.813408],[75.587673,22.813622],[75.588751,22.813815],[75.590635,22.81415],[75.59217,22.814371],[75.592891,22.81445],[75.593926,22.81455],[75.594804,22.814607],[75.595083,22.814707],[75.59616,22.814828],[75.59686,22.814907],[75.597288,22.814914],[75.597774,22.814992],[75.598716,22.815014],[75.599144,22.81505],[75.600315,22.815035],[75.601436,22.814971],[75.602171,22.814914],[75.602449,22.814835],[75.602621,22.814835],[75.602813,22.814778],[75.603037,22.814763],[75.603489,22.814788],[75.603626,22.8148],[75.603793,22.814818],[75.603948,22.814818],[75.604245,22.8148],[75.604501,22.814824],[75.604673,22.814836],[75.604828,22.814871],[75.604947,22.814871],[75.605119,22.814806],[75.605221,22.814752],[75.605345,22.814663],[75.605387,22.814608],[75.605435,22.814544],[75.605524,22.814455],[75.605696,22.814354],[75.605917,22.814306],[75.606178,22.814265],[75.606392,22.814288],[75.606648,22.8143],[75.606898,22.814294],[75.607225,22.81427],[75.607422,22.81427],[75.607564,22.814223],[75.607743,22.814157],[75.60785,22.814157],[75.607921,22.814199],[75.607999,22.81433],[75.608088,22.814449],[75.608119,22.814484],[75.608141,22.814508],[75.608201,22.81452],[75.60832,22.81452],[75.608364,22.814481],[75.608367,22.814479],[75.608433,22.814425],[75.608504,22.814407],[75.608611,22.814401],[75.608683,22.814413],[75.608784,22.814419],[75.608915,22.814431],[75.609069,22.814443],[75.609236,22.814466],[75.609277,22.814466],[75.609494,22.814462],[75.609713,22.814459],[75.609926,22.814456],[75.609932,22.814456],[75.61015,22.814453],[75.610372,22.814447],[75.610594,22.814443],[75.610819,22.814441],[75.611044,22.814437],[75.611268,22.814434],[75.611493,22.81443],[75.611533,22.814429],[75.611635,22.814427],[75.611716,22.814426],[75.611945,22.814419],[75.612159,22.814417],[75.612229,22.814414],[75.612381,22.814407],[75.612602,22.814395],[75.612821,22.814383],[75.613044,22.814371],[75.613266,22.814359],[75.613373,22.814356],[75.613677,22.814334],[75.614208,22.814321],[75.614739,22.814308],[75.615272,22.814301],[75.615806,22.814293],[75.61634,22.814286],[75.616868,22.814275],[75.617355,22.814298],[75.617839,22.814321],[75.618289,22.814338],[75.618315,22.814339],[75.618787,22.814357],[75.619262,22.81438],[75.61973,22.814393],[75.620189,22.814413],[75.620456,22.814428],[75.620579,22.814425],[75.620726,22.814431],[75.621088,22.81249],[75.621278,22.812454],[75.621706,22.810991],[75.62192,22.810253],[75.622051,22.809491],[75.62223,22.808028],[75.622337,22.807267],[75.622515,22.806362],[75.622694,22.805863],[75.622772,22.805542],[75.622836,22.805449],[75.622901,22.805292],[75.622979,22.805106],[75.623043,22.805078],[75.623158,22.805078],[75.623215,22.805085],[75.623522,22.804471],[75.6241,22.803443],[75.624278,22.803229],[75.624557,22.803322],[75.624907,22.802858],[75.625299,22.802272],[75.625342,22.802079],[75.625278,22.801965],[75.624755,22.801951],[75.62322,22.801725],[75.620948,22.801368],[75.620044,22.801214],[75.619461,22.801035],[75.619021,22.800869],[75.618795,22.800869],[75.618652,22.800904],[75.618521,22.800964],[75.618168,22.800791],[75.617962,22.80069],[75.617489,22.800536],[75.617423,22.800548],[75.617356,22.800576],[75.617304,22.800591],[75.617209,22.8006],[75.617104,22.80061],[75.617014,22.800614],[75.61689,22.800605],[75.616623,22.8006],[75.616466,22.800605],[75.616181,22.800595],[75.61589,22.800576],[75.615691,22.800543],[75.615363,22.800494],[75.615171,22.800486],[75.614698,22.80044],[75.614584,22.800426],[75.614451,22.800411],[75.613721,22.800329],[75.612976,22.800232],[75.612869,22.800221],[75.612713,22.800205],[75.612579,22.800192],[75.612243,22.800131],[75.611518,22.800036],[75.6108,22.79993],[75.610305,22.799865],[75.60981,22.79979],[75.609441,22.79974],[75.609319,22.799726],[75.608826,22.799661],[75.608367,22.799598],[75.60793,22.799546],[75.60756,22.7995],[75.607526,22.799481],[75.607112,22.799421],[75.606678,22.799373],[75.606594,22.799362],[75.606522,22.799353],[75.606247,22.799317],[75.605817,22.799263],[75.605722,22.799257],[75.605539,22.799223],[75.605334,22.799197],[75.604981,22.799156],[75.604975,22.799156],[75.604933,22.799154],[75.604837,22.799093],[75.604656,22.798955],[75.604608,22.798902],[75.604522,22.79886],[75.604432,22.798817],[75.604356,22.798788],[75.604275,22.798741],[75.604204,22.79866],[75.604198,22.798653],[75.604089,22.798531],[75.603994,22.798422],[75.603942,22.798327],[75.603866,22.798246],[75.603866,22.798155],[75.603875,22.798103],[75.603956,22.798046],[75.604047,22.798008],[75.604246,22.797984],[75.604361,22.797951],[75.604427,22.797917],[75.604461,22.797865],[75.60448,22.79777],[75.604465,22.797722],[75.604427,22.79766],[75.604313,22.797613],[75.604161,22.797565],[75.604042,22.797527],[75.603951,22.797499],[75.60387,22.797441],[75.603832,22.797356],[75.603794,22.797203],[75.603799,22.79707],[75.603761,22.796951],[75.603694,22.796885],[75.60358,22.796794],[75.603409,22.796742],[75.603257,22.796699],[75.60318,22.796599],[75.603147,22.796499],[75.603061,22.796337],[75.603038,22.796199],[75.603009,22.795914],[75.60299,22.795709],[75.602933,22.795652],[75.602862,22.795662],[75.602738,22.795695],[75.602609,22.795738],[75.602476,22.795819],[75.602343,22.795904],[75.602124,22.795971],[75.602024,22.79599],[75.601924,22.795942],[75.601867,22.795876],[75.601886,22.7958],[75.601929,22.795709],[75.601967,22.795657],[75.602086,22.795619],[75.602205,22.795571],[75.602343,22.795519],[75.6025,22.795495],[75.6027,22.7955],[75.602847,22.795376],[75.602933,22.795281],[75.603033,22.795095],[75.603033,22.794962],[75.602823,22.794886],[75.602733,22.7948],[75.602752,22.794724],[75.603061,22.794538],[75.603047,22.794443],[75.603047,22.794367],[75.602909,22.79432],[75.602823,22.794262],[75.602828,22.794215],[75.602895,22.794172],[75.603042,22.794148],[75.603095,22.794134],[75.603114,22.794077],[75.603114,22.793896],[75.603171,22.793715],[75.603038,22.793468],[75.603042,22.793392],[75.603104,22.793373],[75.603171,22.793496],[75.603318,22.793768],[75.603304,22.793853],[75.603204,22.793925],[75.603209,22.794025],[75.603314,22.794082],[75.603556,22.794186],[75.603766,22.794262],[75.603832,22.794329],[75.603885,22.794391],[75.603909,22.794496],[75.603909,22.794553],[75.603932,22.794672],[75.603994,22.794696],[75.604075,22.794681],[75.604108,22.794643],[75.604166,22.794543],[75.604189,22.794462],[75.604218,22.79431],[75.604251,22.794177],[75.6043,22.794112],[75.60437,22.79402],[75.604532,22.793882],[75.604665,22.793801],[75.604732,22.793725],[75.604732,22.793634],[75.60466,22.79352],[75.604622,22.79343],[75.604608,22.793349],[75.604656,22.793282],[75.604708,22.793254],[75.604841,22.793211],[75.604917,22.793173],[75.604951,22.793111],[75.604951,22.793063],[75.604951,22.792987],[75.604936,22.792897],[75.604917,22.792806],[75.604913,22.792716],[75.604913,22.792587],[75.604889,22.792492],[75.604837,22.792421],[75.60477,22.79234],[75.604684,22.792316],[75.60458,22.792354],[75.604518,22.792426],[75.604484,22.792535],[75.604456,22.792606],[75.60438,22.792644],[75.604294,22.792654],[75.604213,22.79264],[75.604099,22.792568],[75.603994,22.792459],[75.604018,22.792368],[75.604075,22.792283],[75.604132,22.792207],[75.604242,22.792107],[75.604327,22.792007],[75.604351,22.791912],[75.604356,22.791797],[75.604313,22.791735],[75.604299,22.791707],[75.604199,22.791669],[75.604066,22.791664],[75.603951,22.791636],[75.603889,22.791602],[75.603823,22.791536],[75.60379,22.791445],[75.60378,22.791331],[75.603747,22.791164],[75.603742,22.791041],[75.603685,22.790926],[75.603575,22.790798],[75.603475,22.790746],[75.603409,22.790731],[75.603257,22.790717],[75.603128,22.790717],[75.603052,22.790717],[75.602976,22.790679],[75.60289,22.790631],[75.602857,22.790593],[75.6028,22.790546],[75.602762,22.790512],[75.602738,22.790427],[75.602738,22.79037],[75.602771,22.790303],[75.602819,22.790265],[75.602957,22.790246],[75.603066,22.790217],[75.603109,22.79016],[75.603109,22.790108],[75.60309,22.790056],[75.603033,22.789994],[75.602971,22.789927],[75.602881,22.78986],[75.602838,22.78977],[75.602809,22.789684],[75.602795,22.789546],[75.602895,22.789247],[75.603061,22.788885],[75.603138,22.788804],[75.603238,22.788704],[75.603352,22.78858],[75.603461,22.788423],[75.603511,22.7883],[75.603547,22.78821],[75.603561,22.788176],[75.603671,22.787919],[75.603685,22.787771],[75.603713,22.787514],[75.603699,22.787305],[75.603675,22.787157],[75.603642,22.786938],[75.603613,22.786667],[75.603566,22.786463],[75.603466,22.786168],[75.603385,22.785949],[75.603257,22.785801],[75.603214,22.785711],[75.603233,22.785625],[75.603276,22.785544],[75.603309,22.785501],[75.603385,22.785473],[75.603456,22.785497],[75.603485,22.785596],[75.603514,22.785701],[75.603537,22.785777],[75.603575,22.785815],[75.603633,22.785858],[75.603709,22.785887],[75.603828,22.78583],[75.603923,22.785701],[75.604023,22.785582],[75.604127,22.785449],[75.604223,22.785359],[75.604346,22.78532],[75.604389,22.785278],[75.604446,22.78523],[75.604422,22.785097],[75.604394,22.785006],[75.604351,22.78494],[75.604161,22.784864],[75.604027,22.784845],[75.603885,22.784797],[75.603818,22.784778],[75.603718,22.784802],[75.603666,22.784845],[75.603609,22.78494],[75.60359,22.784997],[75.603528,22.785044],[75.603414,22.785106],[75.60329,22.785102],[75.603195,22.785063],[75.603057,22.785016],[75.602966,22.784983],[75.602838,22.784949],[75.602719,22.784902],[75.602609,22.784864],[75.602547,22.784783],[75.602476,22.784673],[75.602395,22.784645],[75.602357,22.784573],[75.602357,22.784488],[75.602343,22.784364],[75.602376,22.784269],[75.602471,22.784193],[75.602505,22.784169],[75.6026,22.784159],[75.602676,22.784188],[75.602719,22.784307],[75.602752,22.784397],[75.602838,22.78453],[75.602942,22.784549],[75.603061,22.784502],[75.603242,22.784469],[75.603299,22.78444],[75.603342,22.784407],[75.603342,22.784369],[75.603309,22.784264],[75.603285,22.784202],[75.60328,22.784093],[75.603276,22.784026],[75.60318,22.783926],[75.603095,22.783898],[75.603009,22.783898],[75.602933,22.783912],[75.602881,22.783969],[75.602814,22.784007],[75.602719,22.784007],[75.602676,22.783955],[75.602657,22.783888],[75.602643,22.783798],[75.602647,22.78374],[75.602724,22.783655],[75.602724,22.783583],[75.60269,22.783512],[75.602614,22.783479],[75.602509,22.78345],[75.602457,22.783403],[75.602457,22.78335],[75.602462,22.783284],[75.6025,22.783207],[75.602543,22.783089],[75.602543,22.782974],[75.602547,22.78286],[75.602581,22.782765],[75.602647,22.782703],[75.602762,22.782698],[75.602857,22.78276],[75.602885,22.782817],[75.602976,22.782827],[75.603095,22.782841],[75.603161,22.782865],[75.603266,22.782865],[75.603328,22.782855],[75.603399,22.782789],[75.603437,22.782727],[75.603537,22.78267],[75.603666,22.782632],[75.603809,22.782617],[75.603889,22.782575],[75.603942,22.782508],[75.603956,22.782437],[75.603942,22.782337],[75.603851,22.782161],[75.603609,22.781604],[75.603428,22.781233],[75.603437,22.781133],[75.603509,22.781028],[75.603628,22.780976],[75.603709,22.780866],[75.603761,22.780776],[75.603761,22.78068],[75.603732,22.780623],[75.603661,22.780585],[75.603571,22.780562],[75.60348,22.780519],[75.603437,22.780466],[75.603385,22.780381],[75.603304,22.780338],[75.603299,22.780276],[75.603356,22.780214],[75.603356,22.780167],[75.603266,22.780114],[75.603176,22.780105],[75.603076,22.780133],[75.602981,22.780133],[75.602857,22.780128],[75.602728,22.780086],[75.602438,22.780019],[75.602286,22.779933],[75.602162,22.779838],[75.602053,22.779786],[75.601962,22.779757],[75.6019,22.779767],[75.6018,22.779824],[75.6017,22.779881],[75.601619,22.779914],[75.601524,22.779905],[75.601477,22.779905],[75.60142,22.779886],[75.601305,22.779786],[75.601205,22.779691],[75.601163,22.779638],[75.601001,22.779529],[75.600906,22.779481],[75.600796,22.779396],[75.600691,22.779315],[75.600582,22.779338],[75.600444,22.779343],[75.600344,22.779334],[75.600254,22.779315],[75.600197,22.779296],[75.600154,22.779243],[75.600154,22.779186],[75.600158,22.779143],[75.600244,22.779096],[75.600349,22.779062],[75.600468,22.779053],[75.600553,22.779005],[75.600606,22.778939],[75.60063,22.778886],[75.60063,22.778777],[75.60063,22.77871],[75.600615,22.778677],[75.600577,22.778682],[75.600544,22.778706],[75.600458,22.778763],[75.600415,22.778791],[75.600363,22.778796],[75.600325,22.778782],[75.600301,22.778725],[75.60033,22.778544],[75.600335,22.778415],[75.60032,22.778353],[75.600292,22.778325],[75.600206,22.778311],[75.600158,22.778282],[75.600135,22.778225],[75.600101,22.778192],[75.600044,22.778173],[75.600006,22.778163],[75.599949,22.778144],[75.599897,22.77812],[75.59984,22.77812],[75.599773,22.77813],[75.599683,22.77813],[75.59953,22.778139],[75.599464,22.778125],[75.599411,22.778087],[75.599349,22.778025],[75.599269,22.777968],[75.599188,22.777901],[75.599169,22.777868],[75.599164,22.777792],[75.599183,22.777735],[75.599264,22.777711],[75.599345,22.777716],[75.599449,22.777759],[75.599535,22.777806],[75.599576,22.777806],[75.599597,22.777806],[75.59963,22.777792],[75.599649,22.777716],[75.599659,22.777621],[75.599697,22.777525],[75.59973,22.77744],[75.599706,22.777373],[75.599659,22.777316],[75.599587,22.777306],[75.599487,22.777311],[75.599411,22.77733],[75.599316,22.777364],[75.599192,22.777387],[75.599112,22.777387],[75.599002,22.777354],[75.598893,22.777311],[75.598755,22.777254],[75.598698,22.777245],[75.598617,22.777273],[75.598555,22.777306],[75.598483,22.777316],[75.598402,22.777297],[75.598347,22.777266],[75.598188,22.777333],[75.597955,22.777429],[75.597756,22.777515],[75.597697,22.777542],[75.597649,22.777552],[75.597602,22.777556],[75.597519,22.777563],[75.597271,22.777551],[75.597103,22.777532],[75.596755,22.777498],[75.596451,22.777466],[75.596431,22.777462],[75.596274,22.777436],[75.596251,22.777432],[75.596221,22.777428],[75.596158,22.77742],[75.596039,22.777411],[75.596027,22.77741],[75.595885,22.777381],[75.594996,22.777248],[75.594777,22.77721],[75.594612,22.777175],[75.594553,22.777162],[75.59428,22.777103],[75.593501,22.776928],[75.593391,22.7769],[75.593237,22.776848],[75.592992,22.776774],[75.592534,22.776663],[75.592347,22.776623],[75.592144,22.776579],[75.591985,22.776548],[75.591939,22.776539],[75.591897,22.77653],[75.591749,22.776505],[75.591616,22.776464],[75.5914,22.776398],[75.591166,22.776325],[75.59078,22.776204],[75.590534,22.776133],[75.590046,22.775974],[75.589677,22.775863],[75.589287,22.775781],[75.588892,22.775679],[75.588464,22.775573],[75.588145,22.775491],[75.587711,22.775375],[75.58735,22.775308],[75.586982,22.775261],[75.586666,22.775189],[75.586328,22.775113],[75.586113,22.775072],[75.586048,22.775062],[75.585737,22.775018],[75.585547,22.774993],[75.585054,22.774928],[75.584747,22.774896],[75.584601,22.774889],[75.584388,22.774859],[75.584144,22.774843],[75.583653,22.774782],[75.583304,22.774758],[75.582805,22.77471],[75.582551,22.774686],[75.582175,22.77465],[75.58191,22.774619],[75.58152,22.774562],[75.58121,22.77452],[75.580742,22.774461],[75.580469,22.774433],[75.579899,22.774368],[75.579779,22.774358],[75.579676,22.774345],[75.579269,22.774293],[75.57916,22.77428],[75.578867,22.774237],[75.578447,22.774178],[75.578366,22.774163],[75.578182,22.77413],[75.577989,22.774115],[75.577901,22.774108],[75.5776,22.774096],[75.577562,22.774095],[75.577128,22.774086],[75.576734,22.774074],[75.576377,22.774053],[75.576137,22.774042],[75.575874,22.774049],[75.575506,22.774042],[75.57528,22.774026],[75.574916,22.774007],[75.574603,22.773985],[75.574322,22.773963],[75.573937,22.773931],[75.573076,22.77388],[75.57284,22.773869],[75.572319,22.773831],[75.572095,22.773807],[75.571532,22.773766],[75.570424,22.773692],[75.569924,22.773617],[75.56958,22.773577],[75.568982,22.773517],[75.568468,22.773481],[75.567707,22.773438],[75.567348,22.773415],[75.566996,22.773389],[75.56671,22.773388],[75.566719,22.773292],[75.566733,22.773126],[75.566734,22.773123],[75.566712,22.773067],[75.566703,22.772952],[75.566653,22.772432],[75.566613,22.771937],[75.56659,22.771742],[75.566564,22.771481],[75.566548,22.771427],[75.566514,22.770934],[75.566508,22.770862],[75.566475,22.770422],[75.566464,22.770346],[75.566448,22.769922],[75.566445,22.769802],[75.566442,22.769643],[75.566459,22.769473],[75.566392,22.769421],[75.566337,22.769378],[75.566414,22.768691],[75.566452,22.76846],[75.566455,22.768425],[75.566491,22.768222],[75.566508,22.76818],[75.566572,22.768022],[75.566694,22.767791],[75.566774,22.767607],[75.56682,22.767529],[75.56687,22.767408],[75.566963,22.76717],[75.566984,22.767115],[75.567049,22.766942],[75.567051,22.766936],[75.567127,22.766706],[75.5672,22.766476],[75.56728,22.766247],[75.567387,22.76602],[75.567491,22.765788],[75.567598,22.765551],[75.567709,22.765313],[75.567808,22.765077],[75.567923,22.764849],[75.568046,22.764613],[75.568073,22.764545],[75.568179,22.764368],[75.568302,22.764133],[75.56843,22.763902],[75.568555,22.76367],[75.568684,22.76344],[75.568812,22.763213],[75.568954,22.762979],[75.569084,22.76274],[75.569176,22.76258],[75.569222,22.762523],[75.569285,22.762463],[75.569448,22.762268],[75.569664,22.762023],[75.569887,22.761779],[75.570088,22.761536],[75.570289,22.761293],[75.570386,22.761172],[75.570483,22.761053],[75.570673,22.760814],[75.570788,22.760683],[75.570911,22.76058],[75.571191,22.760345],[75.571464,22.760111],[75.571704,22.759904],[75.571854,22.759835],[75.571911,22.759809],[75.572253,22.759813],[75.572332,22.759805],[75.572338,22.759805],[75.572379,22.759802],[75.572642,22.759648],[75.573036,22.759417],[75.573332,22.759239],[75.573406,22.759179],[75.573682,22.758931],[75.573868,22.75875],[75.574062,22.758582],[75.574253,22.758414],[75.574307,22.758317],[75.574271,22.758167],[75.575078,22.757596],[75.575877,22.756989],[75.576491,22.756404],[75.576741,22.756233],[75.577041,22.756097],[75.577426,22.755976],[75.577783,22.755904],[75.578419,22.755762],[75.578825,22.755697],[75.579382,22.755612],[75.579775,22.755533],[75.580103,22.755447],[75.580396,22.755319],[75.58138,22.75484],[75.581384,22.754684],[75.581392,22.754284],[75.58141,22.754158],[75.581583,22.754073],[75.581916,22.753941],[75.582213,22.753831],[75.582581,22.753685],[75.582968,22.75354],[75.583178,22.753425],[75.583292,22.753386],[75.583571,22.75328],[75.583824,22.75319],[75.58418,22.753057],[75.584546,22.752927],[75.584793,22.752826],[75.58489,22.752808],[75.585065,22.752676],[75.58522,22.752559],[75.585457,22.752558],[75.585788,22.752546],[75.585955,22.752548],[75.585948,22.752502],[75.586001,22.752159],[75.586098,22.751691],[75.586183,22.751476],[75.586255,22.751309],[75.586433,22.750902],[75.586613,22.750566],[75.586686,22.750446],[75.5868,22.750249],[75.5869,22.75006],[75.587126,22.749619],[75.587249,22.749271],[75.58732,22.749064],[75.587426,22.748667],[75.587574,22.74821],[75.587672,22.747783],[75.58773,22.747522],[75.58776,22.747325],[75.587806,22.746992],[75.587834,22.746699],[75.587844,22.746398],[75.587901,22.746374],[75.587959,22.746138],[75.587985,22.745976],[75.588048,22.745649],[75.588075,22.745415],[75.588095,22.745318],[75.588149,22.74495],[75.588198,22.74462],[75.588257,22.744295],[75.588282,22.744175],[75.588344,22.743892],[75.588388,22.74371],[75.588406,22.743677],[75.588446,22.743611],[75.588521,22.743434],[75.588631,22.743118],[75.588719,22.742818],[75.588778,22.742613],[75.588843,22.742426],[75.588883,22.742376],[75.589,22.742229],[75.589176,22.742028],[75.589282,22.741849],[75.589397,22.74165],[75.589499,22.741503],[75.589507,22.741491],[75.589522,22.74146],[75.589656,22.741176],[75.589819,22.740766],[75.589827,22.740745],[75.589907,22.740525],[75.589983,22.74028],[75.590039,22.740215],[75.590101,22.740141],[75.590154,22.740055],[75.590177,22.739952],[75.590209,22.739834],[75.590262,22.739619],[75.590289,22.739513],[75.590346,22.739306],[75.590402,22.739093],[75.590494,22.738814],[75.590596,22.73854],[75.590723,22.738173],[75.590775,22.737863],[75.590807,22.737716],[75.59089,22.737303],[75.590925,22.737078],[75.590957,22.736869],[75.590959,22.736853],[75.591053,22.736294],[75.591092,22.736052],[75.591184,22.735466],[75.591206,22.735189],[75.591229,22.735035],[75.591292,22.734789],[75.591364,22.734576],[75.591494,22.734212],[75.591567,22.733933],[75.591607,22.733732],[75.59167,22.733469],[75.59169,22.733383],[75.591849,22.732716],[75.591884,22.732619],[75.591943,22.732367],[75.592007,22.731934],[75.592051,22.731638],[75.592117,22.731286],[75.592117,22.731206],[75.592138,22.731076],[75.592144,22.73104],[75.592172,22.730863],[75.592206,22.730595],[75.592226,22.730081],[75.592229,22.729966],[75.592389,22.729949],[75.592536,22.729925],[75.59261,22.729913],[75.59279,22.72989],[75.592972,22.72987],[75.593158,22.729868],[75.593344,22.729879],[75.593533,22.729896],[75.593722,22.729905],[75.593909,22.729898],[75.594098,22.729882],[75.594286,22.729869],[75.594473,22.729857],[75.594655,22.729852],[75.594841,22.729857],[75.594996,22.729851],[75.595025,22.729849],[75.595203,22.729827],[75.595379,22.729807],[75.595555,22.729791],[75.595732,22.729777],[75.595906,22.729772],[75.595954,22.729771],[75.596082,22.729771],[75.596268,22.729764],[75.596453,22.729756],[75.596641,22.729748],[75.596831,22.729756],[75.596999,22.72977],[75.597178,22.729835],[75.59732,22.7299],[75.597464,22.729953],[75.597606,22.730019],[75.597746,22.730088],[75.5979,22.730136],[75.598053,22.730188],[75.598206,22.730242],[75.598355,22.730294],[75.598508,22.730348],[75.598659,22.730404],[75.598808,22.730462],[75.598961,22.730511],[75.59911,22.730574],[75.599255,22.730648],[75.599395,22.730728],[75.599463,22.730761],[75.599417,22.730894],[75.599501,22.730929],[75.599698,22.731006],[75.599898,22.731097],[75.600094,22.731177],[75.600292,22.731257],[75.60049,22.73133],[75.600689,22.731409],[75.600887,22.731487],[75.601084,22.73157],[75.60118,22.731619],[75.601133,22.731788],[75.601237,22.731853],[75.60134,22.731939],[75.601592,22.732168],[75.601741,22.732278],[75.601825,22.732347],[75.601952,22.732436],[75.602128,22.732535],[75.60231,22.732639],[75.60249,22.732736],[75.60267,22.732818],[75.602852,22.732917],[75.603033,22.733016],[75.60311,22.733066],[75.60344,22.733262],[75.60398,22.73351],[75.604073,22.733547],[75.604592,22.733793],[75.604613,22.733803],[75.604785,22.733885],[75.605245,22.73415],[75.605291,22.734176],[75.605475,22.734282],[75.606181,22.734697],[75.606589,22.734928],[75.606893,22.735064],[75.607074,22.735373],[75.607143,22.735534],[75.607225,22.735623],[75.607348,22.735681],[75.607883,22.735872],[75.608427,22.73605],[75.608637,22.7361],[75.608936,22.736189],[75.609394,22.736389],[75.609554,22.736461],[75.609569,22.736468],[75.609793,22.736541],[75.609832,22.736553],[75.610016,22.736613],[75.610104,22.736692],[75.610862,22.736957],[75.611609,22.737218],[75.612002,22.737346],[75.612369,22.737513],[75.61311,22.737845],[75.61364,22.738158],[75.613528,22.738472],[75.613947,22.738745],[75.614858,22.739307],[75.615225,22.739533],[75.615164,22.739765],[75.615363,22.739912],[75.61565,22.740106],[75.616254,22.740393],[75.617105,22.740766],[75.617132,22.740792],[75.617515,22.740979],[75.618075,22.741143],[75.618982,22.7414],[75.619125,22.741426],[75.619266,22.741451],[75.619294,22.742077],[75.619993,22.742184],[75.62115,22.742348],[75.621257,22.741999],[75.621464,22.741506],[75.621856,22.740678],[75.62212,22.740114],[75.622249,22.73975],[75.622777,22.738572],[75.623127,22.738508],[75.623216,22.738468],[75.623376,22.738366],[75.62348,22.738342],[75.623743,22.738266],[75.623994,22.738194],[75.624067,22.738171],[75.624161,22.738126],[75.62427,22.738097],[75.624305,22.738087],[75.624382,22.738064],[75.624511,22.738028],[75.62477,22.737949],[75.625043,22.737854],[75.625249,22.737767],[75.625308,22.737745],[75.625569,22.73764],[75.625831,22.737532],[75.626056,22.737448],[75.626086,22.737436],[75.626122,22.737419],[75.626303,22.737344],[75.626507,22.737262],[75.626567,22.737235],[75.626834,22.737132],[75.626922,22.737093],[75.627018,22.737041],[75.627259,22.736956],[75.627356,22.736925],[75.627615,22.736828],[75.627734,22.736771],[75.62803,22.736631],[75.628065,22.736598],[75.628105,22.736583],[75.628408,22.736409],[75.628931,22.736119],[75.629193,22.735976],[75.629351,22.735878],[75.629398,22.735855],[75.629545,22.735783],[75.630061,22.735466],[75.630742,22.735052],[75.630784,22.734999],[75.630888,22.73482],[75.631077,22.734391],[75.63111,22.734338],[75.63119,22.734207],[75.631269,22.734074],[75.631344,22.733942],[75.63142,22.733811],[75.631496,22.733679],[75.631574,22.73355],[75.631652,22.733421],[75.631656,22.733416],[75.631677,22.733384],[75.631687,22.733353],[75.631716,22.733286],[75.631774,22.733154],[75.631831,22.733021],[75.631888,22.732893],[75.631946,22.732765],[75.631967,22.732734],[75.63199,22.732706],[75.632026,22.732635],[75.632087,22.732503],[75.632145,22.732371],[75.632208,22.732238],[75.632269,22.732109],[75.632282,22.732077],[75.632303,22.732054],[75.632346,22.73198],[75.632422,22.731852],[75.632481,22.731757],[75.632551,22.731706],[75.632611,22.731662],[75.632609,22.731645],[75.632582,22.731138],[75.632581,22.731124],[75.632574,22.73098],[75.632572,22.73094],[75.632568,22.730854],[75.632562,22.730727],[75.633126,22.730731],[75.633925,22.730788],[75.634399,22.730857],[75.634482,22.730869],[75.634949,22.73093],[75.635577,22.730997],[75.635938,22.73103],[75.636248,22.732073],[75.636448,22.732672],[75.637038,22.73449],[75.637105,22.734586],[75.637221,22.734914],[75.637235,22.734953],[75.637298,22.735131],[75.637483,22.73569],[75.637726,22.735779],[75.638062,22.735921],[75.638189,22.735971],[75.63829,22.736034],[75.63848,22.736125],[75.638709,22.736191],[75.639147,22.736339],[75.639394,22.736425],[75.639561,22.736477],[75.639684,22.736577],[75.639903,22.736724],[75.640274,22.736929],[75.640593,22.737167],[75.640912,22.737353],[75.641138,22.737429],[75.64129,22.737511],[75.641605,22.737659],[75.641892,22.737793],[75.641964,22.737835],[75.642037,22.737871],[75.642347,22.738021],[75.642531,22.738119],[75.64264,22.73817],[75.642935,22.738362],[75.643349,22.738595],[75.643763,22.738761],[75.643806,22.738776],[75.643806,22.738833],[75.644205,22.739094],[75.644805,22.739428],[75.645205,22.739689],[75.645471,22.73988],[75.645676,22.740089],[75.645734,22.740179],[75.645925,22.740327],[75.646172,22.740511],[75.646398,22.740691],[75.646942,22.741094],[75.647021,22.741147],[75.647159,22.741258],[75.647482,22.741494],[75.647602,22.741587],[75.647712,22.741627],[75.647966,22.741703],[75.648167,22.741773],[75.648647,22.741943],[75.648849,22.742029],[75.649044,22.742104],[75.649176,22.742141],[75.649313,22.742179],[75.649616,22.742292],[75.650124,22.742459],[75.650271,22.742494],[75.650268,22.742733],[75.650427,22.742759],[75.6505,22.742778],[75.65052,22.742783],[75.650643,22.742814],[75.650696,22.742829],[75.650773,22.742851],[75.650894,22.742891],[75.651038,22.742933],[75.651155,22.74296],[75.651228,22.742974],[75.651409,22.743028],[75.65162,22.743086],[75.651813,22.74314],[75.651969,22.743181],[75.652124,22.743222],[75.652283,22.743265],[75.652484,22.743324],[75.652705,22.743388],[75.652732,22.743383],[75.652863,22.743399],[75.652939,22.74341],[75.652988,22.743415],[75.653101,22.743435],[75.653218,22.743448],[75.653347,22.743472],[75.653485,22.743491],[75.653623,22.743511],[75.653738,22.743528],[75.653831,22.74354],[75.654064,22.743574],[75.654159,22.743584],[75.654239,22.743594],[75.654353,22.743617],[75.654577,22.743652],[75.654702,22.743677],[75.654851,22.743709],[75.654991,22.743735],[75.655092,22.743748],[75.655221,22.743773],[75.655267,22.743777],[75.65536,22.743792],[75.655454,22.743802],[75.655567,22.743816],[75.655705,22.743851],[75.655837,22.743885],[75.65606,22.74394],[75.656159,22.743964],[75.65634,22.744013],[75.656537,22.744065],[75.656729,22.744114],[75.656891,22.744154],[75.657146,22.744221],[75.657253,22.744247],[75.657257,22.744228],[75.657265,22.744189],[75.657279,22.744122],[75.657292,22.743846],[75.657296,22.743381],[75.6573,22.743257],[75.657322,22.74291],[75.657323,22.742833],[75.65727,22.742431],[75.657265,22.742325],[75.657286,22.742113],[75.657293,22.741969],[75.657306,22.741925],[75.657281,22.741526],[75.657277,22.741439],[75.657286,22.741051],[75.657283,22.740935],[75.657329,22.740583],[75.657343,22.740201],[75.657358,22.739748],[75.657359,22.739708],[75.657361,22.739645],[75.657519,22.739197],[75.657566,22.738995],[75.657564,22.73878],[75.657564,22.738736],[75.657563,22.738683],[75.657623,22.73805],[75.657634,22.737685],[75.657642,22.737318],[75.65765,22.736952],[75.657658,22.736859],[75.657682,22.736588],[75.657756,22.736232],[75.657766,22.736148],[75.657766,22.736115],[75.657768,22.736037],[75.657771,22.735875],[75.657787,22.735517],[75.657791,22.73545],[75.657863,22.735349],[75.657874,22.735334],[75.658081,22.735326],[75.658117,22.735325],[75.658217,22.735321],[75.658269,22.735321],[75.658344,22.735312],[75.658369,22.735311],[75.658967,22.735288],[75.659359,22.735261],[75.659547,22.735207],[75.660126,22.735088],[75.660436,22.735033],[75.660722,22.734955],[75.661167,22.734821],[75.661268,22.734791],[75.66185,22.734588],[75.662427,22.734376],[75.66279,22.734282],[75.662966,22.73425],[75.663464,22.734037],[75.663688,22.733959],[75.663815,22.733928],[75.663887,22.73391],[75.663913,22.733904],[75.664038,22.733847],[75.664568,22.733656],[75.664579,22.733653],[75.664636,22.733637],[75.664648,22.733633],[75.66491,22.733554],[75.665166,22.733498],[75.665365,22.733444],[75.665763,22.733337],[75.666357,22.733191],[75.666654,22.733118],[75.666984,22.733038],[75.667273,22.732979],[75.667546,22.73291],[75.668111,22.732755],[75.66814,22.732747],[75.668167,22.732741],[75.668389,22.732693],[75.668396,22.732683],[75.668486,22.732566],[75.668502,22.732544],[75.668518,22.732277],[75.668524,22.73218],[75.668569,22.731662],[75.668606,22.731337],[75.668624,22.731329],[75.668711,22.73129],[75.669042,22.731297],[75.669426,22.731305],[75.669715,22.731307],[75.670265,22.7313],[75.670582,22.731317],[75.671145,22.731304],[75.671664,22.73132],[75.671782,22.731318],[75.671884,22.731343],[75.672315,22.731404],[75.67275,22.73146],[75.673096,22.731503],[75.673179,22.731514],[75.673585,22.73159],[75.673676,22.731603],[75.674006,22.731651],[75.674434,22.731734],[75.674649,22.731773],[75.674888,22.731775],[75.67494,22.731772],[75.674953,22.731771],[75.675284,22.731855],[75.675314,22.731863],[75.675735,22.731967],[75.675832,22.731989],[75.675883,22.732001],[75.675947,22.732015],[75.676163,22.732064],[75.676306,22.732102],[75.676601,22.73218],[75.677045,22.732289],[75.677486,22.732393],[75.677744,22.732449],[75.677928,22.732489],[75.678315,22.732586],[75.678367,22.732596],[75.678808,22.732697],[75.678943,22.732736],[75.678944,22.732738],[75.678972,22.73297],[75.679015,22.733237],[75.679044,22.733501],[75.679081,22.733759],[75.679102,22.733889],[75.679148,22.734279],[75.679186,22.734538],[75.679222,22.734794],[75.679255,22.735048],[75.679288,22.7353],[75.679315,22.735555],[75.679348,22.735807],[75.679356,22.735865],[75.679778,22.735906],[75.680224,22.735961],[75.680635,22.736003],[75.6808,22.736023],[75.681082,22.736056],[75.681139,22.736061],[75.681334,22.73609],[75.681479,22.736112],[75.681817,22.736138],[75.682004,22.736145],[75.682201,22.736156],[75.682457,22.736171],[75.682694,22.736187],[75.682852,22.736195],[75.683071,22.736213],[75.683387,22.736229],[75.683533,22.736236],[75.683941,22.736267],[75.684185,22.736285],[75.684629,22.736301],[75.684691,22.736298],[75.685035,22.736295],[75.685304,22.736298],[75.685348,22.736298],[75.685551,22.7363],[75.685977,22.736303],[75.686293,22.736286],[75.68662,22.736273],[75.686635,22.736273],[75.686701,22.736275],[75.68679,22.736289],[75.686847,22.736315],[75.687109,22.7364],[75.687361,22.736483],[75.68744,22.73651],[75.687548,22.736547],[75.687702,22.736591],[75.688022,22.736688],[75.688509,22.736841],[75.688722,22.736909],[75.688946,22.736997],[75.689211,22.737149],[75.689295,22.737182],[75.689521,22.737232],[75.689779,22.737272],[75.689981,22.737319],[75.690071,22.737337],[75.690216,22.737378],[75.690444,22.737425],[75.690687,22.737466],[75.690885,22.737505],[75.691124,22.737544],[75.691201,22.737553],[75.691499,22.737594],[75.691683,22.737618],[75.691794,22.737631],[75.692148,22.737678],[75.692307,22.737701],[75.692617,22.737738],[75.692745,22.737744],[75.692715,22.739348],[75.693576,22.739386],[75.693646,22.739815],[75.693689,22.740079],[75.693784,22.740696],[75.693787,22.740719],[75.693879,22.74132],[75.693904,22.741386],[75.693959,22.741652],[75.694068,22.74228],[75.694155,22.742826],[75.694183,22.743012],[75.694242,22.743374],[75.694305,22.743778],[75.694326,22.743891],[75.69435,22.744005],[75.694371,22.744204],[75.694395,22.74456],[75.694423,22.744905],[75.694458,22.745245],[75.694602,22.74609],[75.694733,22.746625],[75.694733,22.747089],[75.694673,22.747422],[75.695042,22.747446],[75.695922,22.747517],[75.6966,22.747636],[75.697505,22.747886],[75.698004,22.748053],[75.699075,22.748326],[75.699182,22.748636],[75.699253,22.748758],[75.699262,22.748909],[75.699275,22.748908],[75.70018,22.749048],[75.700554,22.749346],[75.70157,22.749362],[75.702503,22.749324],[75.702608,22.749324],[75.702912,22.748934],[75.703264,22.748915],[75.703474,22.748858],[75.703626,22.748763],[75.703864,22.748687],[75.704559,22.748525],[75.704812,22.748548],[75.705061,22.748555],[75.705309,22.748565],[75.705519,22.748575],[75.705899,22.748594],[75.706127,22.74863],[75.706182,22.748639],[75.70652,22.748658],[75.706751,22.74865],[75.706985,22.748664],[75.70728,22.748673],[75.707323,22.748678],[75.707841,22.748812],[75.708216,22.748919],[75.708428,22.748997],[75.708449,22.748958],[75.708587,22.74876],[75.708801,22.748275],[75.708915,22.747989],[75.70908,22.74769],[75.70928,22.747404],[75.709615,22.746897],[75.709872,22.746505],[75.710072,22.746191],[75.710343,22.745841],[75.710557,22.745584],[75.710764,22.745391],[75.711164,22.745163],[75.711642,22.744877],[75.712099,22.744642],[75.71262,22.744449],[75.713041,22.744313],[75.71332,22.744285],[75.713577,22.744385],[75.714162,22.744534],[75.714548,22.744656],[75.714833,22.744699],[75.715026,22.744777],[75.715276,22.744977],[75.715526,22.74522],[75.715711,22.745334],[75.715947,22.745377],[75.716311,22.745341],[75.716718,22.745234],[75.717217,22.745041],[75.717546,22.744927],[75.717846,22.744684],[75.718145,22.744385],[75.718281,22.744213],[75.718402,22.744028],[75.71841,22.743892],[75.718352,22.743564],[75.718245,22.743278],[75.718024,22.743028],[75.717631,22.742686],[75.717246,22.742293],[75.716968,22.741965],[75.716839,22.741729],[75.716689,22.741351],[75.716582,22.74098],[75.716489,22.740773],[75.716239,22.740301],[75.715825,22.739816],[75.715533,22.739481],[75.715147,22.739159],[75.714819,22.738959],[75.714583,22.738681],[75.714455,22.738438],[75.714426,22.73826],[75.714412,22.738003],[75.714476,22.737753],[75.714555,22.737532],[75.714748,22.737153],[75.714976,22.736711],[75.715047,22.73644],[75.715069,22.736161],[75.715019,22.735918],[75.714876,22.735547],[75.714669,22.73519],[75.714305,22.734648],[75.714084,22.734269],[75.713969,22.733948],[75.713884,22.733677],[75.713827,22.73337],[75.71377,22.733056],[75.713774,22.733012],[75.713791,22.732835],[75.713855,22.732356],[75.713991,22.731914],[75.714176,22.731428],[75.714255,22.731093],[75.714284,22.730815],[75.714248,22.730343],[75.714112,22.729772],[75.713969,22.729187],[75.713835,22.728811],[75.713749,22.728526],[75.713699,22.72829],[75.713691,22.7282],[75.713678,22.728062],[75.713664,22.727783],[75.713692,22.727505],[75.713757,22.727298],[75.713814,22.727134],[75.713992,22.726877],[75.714485,22.726284],[75.714631,22.726111],[75.714827,22.725877],[75.715134,22.725485],[75.715306,22.725249],[75.71552,22.724935],[75.715584,22.724707],[75.715648,22.724378],[75.715705,22.724078],[75.715827,22.723828],[75.716141,22.723379],[75.716469,22.723036],[75.716762,22.722772],[75.716933,22.722701],[75.717204,22.722629],[75.717447,22.722644],[75.717754,22.722743],[75.718197,22.723022],[75.718554,22.723207],[75.719017,22.723379],[75.71921,22.7235],[75.719339,22.723629],[75.719496,22.723878],[75.71961,22.724164],[75.719667,22.724364],[75.719738,22.724607],[75.719881,22.724792],[75.720045,22.724892],[75.720188,22.724949],[75.720367,22.724985],[75.720638,22.724935],[75.720881,22.724799],[75.721188,22.724514],[75.721566,22.724143],[75.721801,22.723843],[75.721951,22.723643],[75.722137,22.723457],[75.722508,22.723293],[75.722865,22.72315],[75.723458,22.72295],[75.724207,22.722758],[75.724728,22.722579],[75.724978,22.722451],[75.725128,22.722272],[75.725221,22.722065],[75.725278,22.721844],[75.725278,22.721644],[75.725242,22.721366],[75.725214,22.721123],[75.725214,22.721059],[75.725012,22.720853],[75.724784,22.720624],[75.724634,22.720453],[75.72452,22.720281],[75.72447,22.720174],[75.724434,22.720024],[75.724413,22.719896],[75.724427,22.719725],[75.72447,22.719582],[75.724562,22.719418],[75.724734,22.719254],[75.724855,22.719068],[75.724969,22.718947],[75.725055,22.718782],[75.725105,22.718583],[75.725155,22.718354],[75.725162,22.718147],[75.725141,22.717919],[75.725098,22.717669],[75.725012,22.717405],[75.724919,22.717169],[75.72472,22.716905],[75.724598,22.716755],[75.72437,22.716562],[75.724213,22.716305],[75.724077,22.71607],[75.723977,22.715777],[75.723941,22.715606],[75.723927,22.715427],[75.723906,22.715242],[75.723891,22.71507],[75.72387,22.714956],[75.723806,22.714828],[75.723742,22.714649],[75.723627,22.714471],[75.723556,22.714357],[75.723513,22.714192],[75.723527,22.713964],[75.723606,22.713721],[75.723635,22.71355],[75.723684,22.713364],[75.723727,22.713172],[75.723777,22.713029],[75.723877,22.712822],[75.723954,22.712745],[75.724056,22.712643],[75.724306,22.712444],[75.724655,22.712229],[75.724827,22.712058],[75.725055,22.711801],[75.725176,22.711644],[75.725298,22.71148],[75.725341,22.71128],[75.725383,22.711066],[75.725448,22.710902],[75.725548,22.710773],[75.725655,22.710666],[75.725776,22.710516],[75.725855,22.710388],[75.72594,22.710252],[75.726062,22.710116],[75.726226,22.709966],[75.72639,22.709881],[75.726533,22.709781],[75.726661,22.709681],[75.726804,22.70961],[75.726868,22.70951],[75.726897,22.709374],[75.726897,22.709181],[75.726875,22.70901],[75.726797,22.708789],[75.726683,22.708617],[75.726562,22.708517],[75.726476,22.708446],[75.725947,22.70816],[75.725462,22.707903],[75.725119,22.707804],[75.724912,22.707746],[75.724698,22.707618],[75.724448,22.707525],[75.724148,22.707475],[75.724013,22.70744],[75.723913,22.707354],[75.723842,22.707232],[75.723763,22.707104],[75.723692,22.706983],[75.723663,22.706818],[75.72367,22.706661],[75.723756,22.70649],[75.723963,22.706205],[75.724163,22.705948],[75.724484,22.705705],[75.724705,22.705541],[75.724912,22.705355],[75.725041,22.705212],[75.725162,22.705055],[75.725298,22.704863],[75.725369,22.704763],[75.725391,22.70462],[75.725398,22.70442],[75.725376,22.704192],[75.725333,22.704013],[75.725305,22.703827],[75.725248,22.703642],[75.725248,22.703356],[75.725238,22.703246],[75.725212,22.702942],[75.725062,22.702949],[75.724655,22.702985],[75.724327,22.703057],[75.724147,22.703091],[75.723957,22.703096],[75.72369,22.703115],[75.72351,22.703101],[75.723253,22.703091],[75.723048,22.703067],[75.722829,22.703062],[75.722624,22.703039],[75.722491,22.703029],[75.722344,22.703067],[75.722177,22.703129],[75.722049,22.703139],[75.721911,22.703162],[75.721801,22.703177],[75.721668,22.703177],[75.721525,22.703181],[75.721487,22.703124],[75.72124,22.703029],[75.720968,22.702939],[75.720649,22.702796],[75.720112,22.702582],[75.719736,22.702425],[75.719536,22.702353],[75.719117,22.702234],[75.71897,22.702192],[75.718779,22.702151],[75.718589,22.702094],[75.718275,22.702051],[75.718065,22.702027],[75.717908,22.702013],[75.717732,22.701956],[75.717523,22.701899],[75.717294,22.701842],[75.717032,22.701746],[75.716747,22.701666],[75.716471,22.701566],[75.716143,22.701442],[75.715847,22.701351],[75.715505,22.701275],[75.715267,22.701204],[75.715029,22.701137],[75.714858,22.70108],[75.714686,22.701056],[75.714448,22.701009],[75.71403,22.700966],[75.713711,22.700937],[75.713411,22.700928],[75.713267,22.700906],[75.713092,22.70088],[75.712826,22.700837],[75.712483,22.70078],[75.712202,22.700738],[75.71186,22.700676],[75.711764,22.700652],[75.711721,22.700609],[75.711655,22.700495],[75.711626,22.70039],[75.711636,22.700228],[75.711607,22.699705],[75.711579,22.69921],[75.71156,22.698905],[75.71155,22.698677],[75.711526,22.69852],[75.711493,22.698458],[75.711398,22.698368],[75.711388,22.698249],[75.7114,22.698156],[75.711407,22.698101],[75.71145,22.69803],[75.711517,22.697915],[75.711564,22.697839],[75.711598,22.697787],[75.711655,22.697744],[75.711721,22.697706],[75.71184,22.697682],[75.712012,22.697687],[75.712259,22.697706],[75.712583,22.697744],[75.712764,22.697777],[75.712902,22.697782],[75.713011,22.697787],[75.713144,22.697782],[75.713221,22.697739],[75.713306,22.697658],[75.713368,22.697554],[75.713539,22.697173],[75.713649,22.696888],[75.713754,22.696645],[75.713834,22.696454],[75.713972,22.696236],[75.714039,22.696093],[75.714034,22.696012],[75.71412,22.695645],[75.714172,22.695393],[75.714248,22.695013],[75.71431,22.69477],[75.714334,22.694527],[75.714363,22.694284],[75.714382,22.694137],[75.71441,22.693999],[75.714425,22.693875],[75.714453,22.693775],[75.714496,22.693694],[75.714529,22.693623],[75.714605,22.693575],[75.714743,22.693523],[75.714924,22.693494],[75.715267,22.693485],[75.715424,22.69349],[75.715709,22.693494],[75.715938,22.69348],[75.716062,22.69348],[75.716124,22.693475],[75.716195,22.693418],[75.716199,22.693401],[75.716209,22.693352],[75.716228,22.693047],[75.716219,22.692823],[75.716219,22.692624],[75.716257,22.692357],[75.71629,22.692176],[75.716304,22.692048],[75.716309,22.691929],[75.7163,22.691757],[75.716309,22.69161],[75.716314,22.691491],[75.716352,22.691339],[75.716385,22.691205],[75.716414,22.691129],[75.716466,22.69102],[75.716471,22.690925],[75.716476,22.69071],[75.716485,22.69052],[75.71648,22.690249],[75.716466,22.68992],[75.716457,22.68974],[75.716471,22.68954],[75.716495,22.689278],[75.71649,22.689116],[75.716471,22.688992],[75.716461,22.68894],[75.716433,22.688374],[75.714839,22.686632],[75.714734,22.686623],[75.714658,22.686366],[75.71471,22.686356],[75.714877,22.686408],[75.714958,22.686394],[75.715048,22.686332],[75.715077,22.686247],[75.715067,22.686151],[75.715072,22.686075],[75.715115,22.686023],[75.7152,22.685933],[75.7153,22.685833],[75.715414,22.685766],[75.715514,22.685656],[75.715576,22.685561],[75.715671,22.685371],[75.715719,22.685195],[75.715786,22.684781],[75.715814,22.684443],[75.715852,22.684015],[75.715962,22.683425],[75.716047,22.682953],[75.716133,22.68273],[75.716171,22.682649],[75.716219,22.682363],[75.716252,22.682221],[75.716304,22.681949],[75.716328,22.681669],[75.71638,22.681254],[75.71639,22.680945],[75.7164,22.680612],[75.7164,22.680165],[75.7164,22.679808],[75.716414,22.679584],[75.7164,22.679237],[75.716404,22.678785],[75.716395,22.67848],[75.71638,22.678356],[75.716361,22.678161],[75.716342,22.67798],[75.716314,22.677771],[75.71629,22.677509],[75.716242,22.677148],[75.716209,22.676905],[75.716157,22.676519],[75.716133,22.676258],[75.716095,22.676024],[75.716076,22.675858],[75.716076,22.675672],[75.716076,22.675472],[75.716109,22.675268],[75.716114,22.675115],[75.716128,22.675058],[75.716785,22.675111],[75.71778,22.675196],[75.718194,22.675273],[75.71876,22.675315],[75.71896,22.675306],[75.718891,22.674931],[75.718879,22.674663],[75.718879,22.674521],[75.718641,22.674485],[75.718421,22.674443],[75.71832,22.674402],[75.718237,22.674324],[75.718082,22.674289],[75.717915,22.674283],[75.717808,22.674277],[75.717654,22.674241],[75.717469,22.674194],[75.717315,22.674098],[75.717178,22.673979],[75.716993,22.673932],[75.716839,22.673926],[75.716696,22.673967],[75.716601,22.674015],[75.716529,22.674051],[75.71644,22.673991],[75.716178,22.673848],[75.715804,22.673694],[75.715417,22.673575],[75.715155,22.67348],[75.714953,22.673384],[75.714822,22.673331],[75.714608,22.673271],[75.714447,22.67326],[75.714311,22.673218],[75.714162,22.67317],[75.713876,22.673129],[75.713406,22.673087],[75.713038,22.673028],[75.71271,22.672974],[75.712401,22.672938],[75.711967,22.672885],[75.711539,22.672849],[75.711277,22.672843],[75.710938,22.672796],[75.710515,22.672712],[75.710313,22.672665],[75.709962,22.672623],[75.70957,22.672581],[75.709272,22.672504],[75.709076,22.672427],[75.708856,22.672338],[75.708677,22.672189],[75.708594,22.672106],[75.708445,22.671838],[75.707951,22.670476],[75.707714,22.669607],[75.707571,22.669137],[75.707553,22.668739],[75.707464,22.667995],[75.70738,22.667448],[75.707303,22.667186],[75.707255,22.666948],[75.707214,22.66677],[75.707095,22.66627],[75.706994,22.665824],[75.706869,22.665372],[75.706803,22.665116],[75.706815,22.66489],[75.706863,22.664378],[75.706934,22.664039],[75.707107,22.663183],[75.70716,22.662927],[75.707196,22.66273],[75.70722,22.662534],[75.707216,22.66249],[75.707208,22.662403],[75.707196,22.662171],[75.707184,22.661993],[75.707196,22.661814],[75.707209,22.661724],[75.707236,22.661591],[75.707271,22.661427],[75.707253,22.661408],[75.70686,22.661383],[75.705841,22.661309],[75.705524,22.6613],[75.703092,22.661229],[75.703038,22.661227],[75.702341,22.661237],[75.702112,22.661243],[75.701953,22.661246],[75.701874,22.661243],[75.701327,22.661218],[75.701194,22.661212],[75.701067,22.661206],[75.701065,22.661207],[75.700935,22.66126],[75.700789,22.661246],[75.700587,22.661196],[75.700549,22.661186],[75.700186,22.661175],[75.69936,22.661167],[75.698842,22.661161],[75.697986,22.661152],[75.696207,22.661166],[75.696201,22.661166],[75.695929,22.661183],[75.695831,22.66119],[75.695096,22.661203],[75.694192,22.661284],[75.693158,22.661417],[75.692682,22.661261],[75.692523,22.661277],[75.692139,22.661425],[75.69163,22.661535],[75.691119,22.661236],[75.690973,22.661152],[75.690773,22.661104],[75.690591,22.661017],[75.690365,22.660823],[75.690192,22.66066],[75.690092,22.660567],[75.689494,22.66028],[75.689091,22.660051],[75.688882,22.659925],[75.688853,22.66001],[75.688801,22.660019],[75.688664,22.66],[75.688319,22.659935],[75.688039,22.659895],[75.687819,22.659862],[75.687585,22.659856],[75.687511,22.659863],[75.687281,22.659922],[75.68711,22.659988],[75.687107,22.659989],[75.686906,22.660086],[75.68675,22.660155],[75.686614,22.660086],[75.686382,22.659943],[75.686175,22.65991],[75.686024,22.659881],[75.685896,22.659776],[75.685774,22.659699],[75.685597,22.659645],[75.685557,22.659632],[75.685444,22.659559],[75.685317,22.659456],[75.685221,22.659396],[75.68489,22.659298],[75.68472,22.659232],[75.684633,22.659197],[75.684524,22.659183],[75.684174,22.659155],[75.683844,22.659089],[75.683672,22.659093],[75.683457,22.659114],[75.683245,22.659097],[75.682997,22.659057],[75.68276,22.659041],[75.682388,22.659027],[75.682041,22.659058],[75.681872,22.659056],[75.681614,22.65899],[75.681479,22.658948],[75.681234,22.659025],[75.680994,22.659129],[75.680876,22.659242],[75.680095,22.659233],[75.680058,22.659261],[75.679986,22.659297],[75.679791,22.659268],[75.679733,22.659249],[75.6797,22.659238],[75.679665,22.659235],[75.679472,22.659221],[75.679204,22.659155],[75.679323,22.658127],[75.679538,22.658158],[75.679653,22.658175],[75.679911,22.658214],[75.679989,22.658225],[75.680057,22.658219],[75.680037,22.658101],[75.680021,22.657989],[75.679968,22.657956],[75.679815,22.657939],[75.679811,22.657911],[75.679772,22.657581],[75.679712,22.657094],[75.67971,22.657077],[75.679606,22.656221],[75.679714,22.655469],[75.680131,22.654367],[75.680716,22.653604],[75.680746,22.653565],[75.681144,22.652896],[75.681398,22.652596],[75.681754,22.652047],[75.681959,22.651694],[75.681963,22.651631],[75.681969,22.651528],[75.681838,22.651223],[75.681537,22.650567],[75.681178,22.650155],[75.680735,22.649688],[75.680624,22.649562],[75.680392,22.649276],[75.680229,22.64914],[75.680223,22.649126],[75.680004,22.648557],[75.679932,22.648309],[75.6799,22.647944],[75.679882,22.64765],[75.67987,22.64746],[75.679861,22.647324],[75.679897,22.647135],[75.6799,22.646999],[75.679905,22.646832],[75.679905,22.646831],[75.679902,22.646769],[75.679897,22.64666],[75.679828,22.646487],[75.67963,22.645994],[75.679278,22.645018],[75.679188,22.644764],[75.679088,22.644484],[75.679009,22.644345],[75.678918,22.644232],[75.67894,22.64359],[75.678998,22.64235],[75.679019,22.642052],[75.679029,22.641914],[75.679043,22.641868],[75.679099,22.641695],[75.679151,22.641531],[75.679248,22.641394],[75.679286,22.641331],[75.679554,22.641097],[75.679593,22.641063],[75.679759,22.640918],[75.679849,22.64085],[75.679889,22.64082],[75.680107,22.640656],[75.6803,22.640452],[75.680331,22.640413],[75.680408,22.640318],[75.680624,22.640051],[75.68089,22.639776],[75.681237,22.63944],[75.681259,22.639419],[75.681272,22.639406],[75.681382,22.639303],[75.681525,22.63914],[75.681938,22.638665],[75.682236,22.638231],[75.682556,22.637767],[75.682821,22.637533],[75.682984,22.63739],[75.683027,22.637351],[75.683038,22.637341],[75.683973,22.637566],[75.684152,22.637618],[75.684997,22.63786],[75.685452,22.637971],[75.685475,22.637964],[75.68556,22.637938],[75.685699,22.637956],[75.685861,22.638027],[75.686087,22.638114],[75.686309,22.638164],[75.686516,22.638227],[75.686845,22.638355],[75.687238,22.638492],[75.687293,22.638519],[75.687639,22.638688],[75.687706,22.638721],[75.687865,22.63886],[75.688387,22.639314],[75.688548,22.639496],[75.689141,22.640166],[75.689202,22.640234],[75.689791,22.6409],[75.690334,22.641505],[75.690427,22.641594],[75.691294,22.642413],[75.691306,22.642427],[75.692004,22.643185],[75.691992,22.643248],[75.69205,22.64351],[75.692558,22.643758],[75.69357,22.644226],[75.696394,22.645226],[75.6964,22.645276],[75.697483,22.645618],[75.697991,22.645741],[75.698079,22.645612],[75.698114,22.645508],[75.698127,22.645449],[75.698142,22.645425],[75.69816,22.645397],[75.698478,22.645587],[75.698621,22.64564],[75.698806,22.645638],[75.699509,22.645846],[75.69999,22.64597],[75.700321,22.645962],[75.700625,22.645989],[75.700891,22.646071],[75.701185,22.646123],[75.701493,22.646177],[75.701581,22.646187],[75.702395,22.646274],[75.702448,22.646282],[75.702759,22.646332],[75.702931,22.646331],[75.702967,22.646327],[75.703048,22.646316],[75.703166,22.646314],[75.703758,22.646321],[75.7039,22.646331],[75.704474,22.646371],[75.704615,22.646371],[75.704626,22.64637],[75.704639,22.646366],[75.704773,22.64633],[75.704808,22.646297],[75.70477,22.646158],[75.704728,22.646068],[75.704719,22.645988],[75.704718,22.645891],[75.704834,22.64423],[75.705041,22.642107],[75.705304,22.638162],[75.705308,22.638149],[75.705332,22.63814],[75.705414,22.638051],[75.705463,22.637849],[75.705504,22.63762],[75.705509,22.637539],[75.705506,22.637532],[75.705505,22.637205],[75.705517,22.637169],[75.705525,22.637101],[75.705546,22.636931],[75.705581,22.636787],[75.705576,22.636732],[75.705551,22.636509],[75.705551,22.636506],[75.705549,22.636401],[75.705531,22.636281],[75.705546,22.636132],[75.705568,22.635969],[75.705582,22.635865],[75.705612,22.63576],[75.705731,22.635342],[75.70582,22.635027],[75.706083,22.634172],[75.706086,22.634162],[75.706093,22.634124],[75.706123,22.633963],[75.706303,22.633341],[75.706309,22.633324],[75.706373,22.633131],[75.706362,22.632959],[75.706362,22.632951],[75.706362,22.632934],[75.706362,22.632846],[75.706362,22.632844],[75.706362,22.632844],[75.706428,22.632827],[75.706598,22.632769],[75.706688,22.632626],[75.706681,22.632451],[75.706664,22.632431],[75.706583,22.632427],[75.706504,22.63241],[75.706459,22.632352],[75.706367,22.632325],[75.706329,22.632329],[75.706218,22.632342],[75.706159,22.63232],[75.706111,22.632225],[75.706092,22.632196],[75.70603,22.632102],[75.70599,22.632026],[75.705962,22.631987],[75.705927,22.631936],[75.70592,22.631928],[75.705892,22.631898],[75.705897,22.631869],[75.705905,22.631842],[75.705894,22.631805],[75.705901,22.631784],[75.705971,22.631732],[75.706032,22.631659],[75.706046,22.631636],[75.706063,22.631609],[75.706067,22.631567],[75.706052,22.631551],[75.706028,22.631528],[75.705969,22.631488],[75.705952,22.631474],[75.705901,22.631429],[75.705846,22.631349],[75.705804,22.631287],[75.705781,22.631252],[75.705781,22.631241],[75.705781,22.631217],[75.705748,22.631172],[75.705744,22.631167],[75.705717,22.631132],[75.705707,22.631111],[75.705731,22.631091],[75.705731,22.631091],[75.705732,22.631085],[75.705735,22.631072],[75.705741,22.631033],[75.705765,22.630996],[75.705794,22.630965],[75.705825,22.630941],[75.705868,22.630912],[75.705932,22.630887],[75.705949,22.630856],[75.70596,22.630817],[75.705949,22.630781],[75.705945,22.63074],[75.705962,22.630725],[75.705993,22.630691],[75.706015,22.63059],[75.706019,22.630572],[75.706022,22.630523],[75.706019,22.630485],[75.705973,22.630431],[75.705967,22.630423],[75.705936,22.630382],[75.705875,22.630308],[75.705864,22.630301],[75.705814,22.630264],[75.70578,22.630237],[75.705779,22.630237],[75.705748,22.630195],[75.705744,22.630183],[75.705731,22.630146],[75.705726,22.630088],[75.705698,22.630043],[75.705687,22.630026],[75.705633,22.630003],[75.705619,22.630002],[75.705551,22.629995],[75.705505,22.629985],[75.705423,22.62998],[75.705373,22.629982],[75.705322,22.629985],[75.705312,22.630001],[75.705289,22.630039],[75.705246,22.630105],[75.7052,22.630132],[75.705132,22.630134],[75.704977,22.630139],[75.704887,22.630125],[75.704804,22.630086],[75.70474,22.630068],[75.704664,22.630068],[75.704561,22.63011],[75.704489,22.630129],[75.704433,22.630113],[75.704362,22.630091],[75.704287,22.630076],[75.704204,22.630085],[75.704136,22.630073],[75.704079,22.630047],[75.704012,22.63001],[75.703988,22.629979],[75.703972,22.629943],[75.703962,22.629882],[75.703968,22.629838],[75.703978,22.629824],[75.704003,22.629787],[75.704005,22.629785],[75.704042,22.629741],[75.70408,22.62969],[75.704112,22.629659],[75.704134,22.629631],[75.704143,22.629586],[75.704132,22.629542],[75.704082,22.629486],[75.704021,22.629433],[75.704003,22.629382],[75.704004,22.629378],[75.704008,22.62935],[75.704019,22.629314],[75.704019,22.629296],[75.704018,22.629278],[75.704045,22.629231],[75.70408,22.629176],[75.704103,22.62914],[75.704121,22.629112],[75.704121,22.629111],[75.704143,22.629089],[75.704185,22.629081],[75.70422,22.629079],[75.704268,22.629078],[75.704316,22.629072],[75.704353,22.629071],[75.704388,22.629078],[75.704425,22.629082],[75.70443,22.629083],[75.70444,22.629077],[75.704469,22.629061],[75.704471,22.629059],[75.704478,22.629054],[75.70448,22.629047],[75.704493,22.629001],[75.704473,22.62897],[75.704456,22.628931],[75.704416,22.628904],[75.704375,22.628901],[75.704316,22.628901],[75.704294,22.628899],[75.704255,22.628858],[75.704226,22.62885],[75.704194,22.628833],[75.704156,22.628822],[75.704117,22.628822],[75.704086,22.628828],[75.704064,22.628846],[75.704034,22.628862],[75.704005,22.62887],[75.703971,22.628872],[75.703938,22.628867],[75.703903,22.628841],[75.703892,22.628819],[75.703874,22.628797],[75.703831,22.628773],[75.703802,22.628763],[75.703761,22.628763],[75.703741,22.628766],[75.703734,22.628765],[75.703692,22.62876],[75.703664,22.628769],[75.703595,22.628776],[75.703509,22.628799],[75.703462,22.628799],[75.703461,22.628799],[75.703447,22.628799],[75.703404,22.628787],[75.703362,22.628765],[75.70334,22.628753],[75.703295,22.628714],[75.703259,22.628684],[75.703249,22.628668],[75.703231,22.628641],[75.703212,22.628622],[75.703161,22.628609],[75.703102,22.628609],[75.703002,22.628605],[75.70296,22.628619],[75.702927,22.628633],[75.70287,22.62866],[75.702826,22.62868],[75.702787,22.628696],[75.702737,22.628697],[75.702682,22.628694],[75.702625,22.628687],[75.702521,22.628674],[75.70249,22.62867],[75.702412,22.628671],[75.702249,22.628672],[75.702067,22.628628],[75.701938,22.628608],[75.701794,22.628558],[75.70146,22.628388],[75.70139,22.628286],[75.701422,22.627942],[75.701403,22.627853],[75.70134,22.627713],[75.701302,22.627636],[75.701267,22.627581],[75.701191,22.627534],[75.701149,22.627518],[75.700814,22.627533],[75.700734,22.627537],[75.700661,22.627559],[75.700607,22.627636],[75.700569,22.627734],[75.700495,22.627799],[75.70041,22.62784],[75.700329,22.627848],[75.700242,22.627814],[75.700115,22.627733],[75.700031,22.627695],[75.699891,22.627553],[75.69983,22.627435],[75.699725,22.627327],[75.699632,22.627219],[75.699606,22.627171],[75.699594,22.627156],[75.69956,22.627126],[75.699522,22.627105],[75.699463,22.627069],[75.699348,22.627024],[75.699289,22.627008],[75.699212,22.627012],[75.699161,22.627014],[75.699109,22.627058],[75.699108,22.627058],[75.698953,22.627158],[75.698949,22.627161],[75.69889,22.627183],[75.698807,22.627192],[75.698768,22.627192],[75.698726,22.627204],[75.698667,22.627238],[75.698615,22.627262],[75.69856,22.627277],[75.698538,22.62728],[75.698503,22.627267],[75.698446,22.627238],[75.698418,22.627229],[75.698361,22.627189],[75.698335,22.627165],[75.698306,22.627131],[75.698274,22.627095],[75.698254,22.627066],[75.698239,22.627036],[75.698221,22.627013],[75.698186,22.62699],[75.698146,22.626969],[75.698078,22.626944],[75.698,22.626917],[75.697932,22.6269],[75.697846,22.626874],[75.697774,22.626864],[75.697737,22.626864],[75.697689,22.626874],[75.697659,22.626889],[75.697529,22.627333],[75.697347,22.627596],[75.696852,22.62761],[75.696774,22.627617],[75.696682,22.627649],[75.696633,22.627651],[75.69652,22.627651],[75.696487,22.627651],[75.69648,22.627651],[75.696473,22.627653],[75.696375,22.627688],[75.696299,22.627698],[75.696229,22.627707],[75.69617,22.627698],[75.696114,22.627676],[75.696111,22.627674],[75.69605,22.627651],[75.696005,22.627632],[75.696002,22.62763],[75.695807,22.627605],[75.69565,22.627614],[75.695089,22.627649],[75.694807,22.627687],[75.694652,22.6277],[75.694603,22.627706],[75.694178,22.627758],[75.693841,22.627806],[75.693744,22.627829],[75.693612,22.627862],[75.693438,22.627879],[75.693386,22.627884],[75.693146,22.627916],[75.692799,22.627967],[75.692448,22.628057],[75.692255,22.628095],[75.692135,22.628125],[75.691691,22.628239],[75.691586,22.628266],[75.69151,22.628314],[75.691007,22.628492],[75.690904,22.628536],[75.690859,22.628555],[75.690584,22.628685],[75.690525,22.628711],[75.690211,22.628846],[75.690281,22.628929],[75.690206,22.629041],[75.690108,22.629176],[75.689948,22.629241],[75.689671,22.629341],[75.689314,22.629544],[75.689136,22.629601],[75.689056,22.629579],[75.68869,22.629492],[75.68848,22.629597],[75.686777,22.631168],[75.686661,22.631276],[75.686653,22.631296],[75.686481,22.631721],[75.686324,22.632157],[75.686083,22.632665],[75.685959,22.633027],[75.685892,22.6332],[75.685881,22.633221],[75.685746,22.633558],[75.68555,22.633708],[75.685274,22.633942],[75.684825,22.633999],[75.684326,22.634014],[75.684017,22.634025],[75.683584,22.634025],[75.68352,22.634018],[75.683498,22.634015],[75.683402,22.634005],[75.682553,22.634464],[75.682544,22.634469],[75.682187,22.634675],[75.682042,22.634717],[75.681963,22.634736],[75.681878,22.634731],[75.681745,22.63475],[75.681611,22.634767],[75.681581,22.634767],[75.681475,22.634767],[75.68135,22.634761],[75.681247,22.63475],[75.680999,22.634918],[75.680887,22.634971],[75.680781,22.635019],[75.680726,22.63503],[75.68066,22.635027],[75.680641,22.635008],[75.680611,22.634988],[75.68042,22.635013],[75.680232,22.635038],[75.680135,22.635064],[75.680026,22.635067],[75.679926,22.635062],[75.679826,22.635104],[75.679711,22.635216],[75.679583,22.635322],[75.67952,22.635361],[75.679405,22.635409],[75.679335,22.635431],[75.679271,22.635481],[75.679204,22.635582],[75.679171,22.635674],[75.679106,22.63571],[75.67903,22.635808],[75.678994,22.635852],[75.678964,22.635928],[75.678955,22.636018],[75.678918,22.636076],[75.678867,22.636149],[75.678815,22.63616],[75.67877,22.636194],[75.678724,22.636205],[75.678679,22.636208],[75.678636,22.636244],[75.678642,22.636311],[75.678615,22.636376],[75.678606,22.636429],[75.678603,22.636488],[75.678642,22.636546],[75.678676,22.63658],[75.678721,22.636646],[75.678724,22.636655],[75.678745,22.636713],[75.678745,22.636766],[75.678712,22.636808],[75.678618,22.636861],[75.678551,22.636887],[75.678488,22.636903],[75.678397,22.63692],[75.678363,22.63694],[75.677995,22.637063],[75.677437,22.637262],[75.677221,22.63732],[75.677085,22.637362],[75.677005,22.637428],[75.676957,22.63752],[75.676893,22.637649],[75.676832,22.637742],[75.676423,22.637543],[75.676345,22.637498],[75.676263,22.637484],[75.676109,22.637478],[75.675717,22.637476],[75.675442,22.637484],[75.675219,22.637495],[75.675167,22.637397],[75.675128,22.637325],[75.674622,22.637165],[75.674458,22.63712],[75.674273,22.637126],[75.674103,22.637157],[75.67404,22.637232],[75.67383,22.63733],[75.673496,22.637491],[75.673215,22.637627],[75.673023,22.637437],[75.67302,22.637427],[75.672971,22.637246],[75.672956,22.637095],[75.672956,22.637042],[75.672395,22.637014],[75.672268,22.637039],[75.672083,22.637104],[75.671901,22.637134],[75.671874,22.637133],[75.671868,22.637133],[75.671546,22.637118],[75.671406,22.637134],[75.67131,22.637146],[75.671176,22.63714],[75.671068,22.63709],[75.670999,22.637068],[75.670949,22.637053],[75.670881,22.637043],[75.670806,22.637032],[75.670746,22.637022],[75.670513,22.637008],[75.670134,22.636788],[75.669407,22.636713],[75.668952,22.636693],[75.668591,22.636634],[75.667909,22.636525],[75.66706,22.636693],[75.667014,22.636711],[75.666932,22.636742],[75.666651,22.63685],[75.666605,22.636857],[75.665456,22.637034],[75.665006,22.637065],[75.664442,22.637023],[75.663811,22.636944],[75.663629,22.63693],[75.662959,22.636855],[75.662683,22.636908],[75.662462,22.636936],[75.661785,22.637003],[75.661388,22.637025],[75.661151,22.637048],[75.66092,22.63705],[75.660867,22.637051],[75.660833,22.637025],[75.660198,22.63654],[75.66002,22.636392],[75.659828,22.636404],[75.658121,22.636766],[75.657773,22.636758],[75.657256,22.636848],[75.656998,22.636935],[75.656982,22.63691],[75.656906,22.636972],[75.656822,22.637248],[75.656741,22.637404],[75.656506,22.637493],[75.656492,22.637498],[75.656474,22.637503],[75.656086,22.637624],[75.655997,22.637659],[75.655948,22.637762],[75.655605,22.637852],[75.655608,22.637773],[75.655609,22.637741],[75.65556,22.637663],[75.655489,22.63756],[75.655382,22.637474],[75.655244,22.637367],[75.655177,22.637288],[75.655122,22.6371],[75.655086,22.637071],[75.654627,22.636911],[75.653727,22.636696],[75.653618,22.63666],[75.652571,22.636309],[75.652512,22.636275],[75.652427,22.636223],[75.652329,22.63612],[75.652217,22.63605],[75.651687,22.635853],[75.651354,22.635703],[75.651343,22.635698],[75.650925,22.63551],[75.650496,22.635283],[75.650086,22.635066],[75.65007,22.635057],[75.649255,22.634499],[75.649152,22.634428],[75.64905,22.634358],[75.64861,22.634057],[75.648533,22.634005],[75.648313,22.633811],[75.648154,22.633671],[75.647954,22.633524],[75.647767,22.633387],[75.647105,22.632814],[75.646514,22.632457],[75.646006,22.632171],[75.645456,22.631813],[75.645447,22.631953],[75.645451,22.632024],[75.645457,22.632116],[75.645496,22.632314],[75.645515,22.632411],[75.64559,22.632902],[75.645601,22.63487],[75.645044,22.635243],[75.645046,22.635793],[75.645,22.636315],[75.644703,22.636481],[75.644924,22.636691],[75.644813,22.636793],[75.643201,22.63624],[75.642203,22.635842],[75.641582,22.635595],[75.641452,22.635985],[75.64111,22.637015],[75.640784,22.637074],[75.64065,22.63722],[75.64048,22.637555],[75.640277,22.63772],[75.640227,22.637735],[75.640135,22.637753],[75.64004,22.637756],[75.639922,22.637709],[75.639665,22.637613],[75.63982,22.637129],[75.639879,22.636962],[75.639918,22.636841],[75.640049,22.636424],[75.639149,22.636347],[75.638179,22.636452],[75.637426,22.636465],[75.637422,22.636988],[75.637166,22.636904],[75.637131,22.636819],[75.637112,22.636773],[75.637134,22.6365],[75.636997,22.636362],[75.636351,22.63617],[75.63626,22.636415],[75.63622,22.636408],[75.636177,22.636311],[75.63599,22.636243],[75.635864,22.635815],[75.635848,22.635761],[75.635423,22.63577],[75.63539,22.63577],[75.635261,22.635941],[75.634814,22.636068],[75.634767,22.636246],[75.63459,22.636276],[75.634546,22.635889],[75.634253,22.635915],[75.634142,22.635843],[75.634356,22.635714],[75.634341,22.635476],[75.63415,22.635393],[75.634007,22.635335],[75.633885,22.635284],[75.633345,22.635395],[75.633216,22.635632],[75.632992,22.635588],[75.633032,22.635109],[75.63285,22.635036],[75.632825,22.635026],[75.63272,22.634988],[75.632523,22.634958],[75.632449,22.635192],[75.632446,22.635204],[75.632331,22.635265],[75.632229,22.635287],[75.632112,22.635353],[75.632186,22.63558],[75.632047,22.635624],[75.631782,22.635674],[75.631213,22.635495],[75.630998,22.635312],[75.631079,22.635154],[75.63105,22.63493],[75.630733,22.634902],[75.630625,22.634744],[75.630353,22.634759],[75.630212,22.635003],[75.629931,22.63513],[75.629829,22.635097],[75.629845,22.634742],[75.629558,22.634607],[75.629483,22.634464],[75.629355,22.634424],[75.629256,22.634393],[75.629179,22.634369],[75.62888,22.634343],[75.628678,22.634327],[75.628587,22.634104],[75.628584,22.634099],[75.628583,22.634042],[75.628579,22.633842],[75.628285,22.63396],[75.627599,22.634235],[75.626987,22.634327],[75.626917,22.63361],[75.626906,22.633491],[75.626709,22.633495],[75.626357,22.633467],[75.626228,22.633434],[75.625878,22.633273],[75.625592,22.633305],[75.625591,22.633324],[75.62557,22.633669],[75.625325,22.633723],[75.625348,22.634229],[75.623902,22.634066],[75.624257,22.633279],[75.624273,22.633243],[75.622796,22.633023],[75.622601,22.632997],[75.6226,22.633137],[75.622584,22.634315],[75.621316,22.634202],[75.618986,22.634089],[75.617336,22.634037],[75.617152,22.634032],[75.617115,22.634432],[75.616774,22.634429],[75.616446,22.634427],[75.61605,22.634311],[75.615851,22.631932],[75.615834,22.631731],[75.615724,22.631714],[75.615036,22.631607],[75.614364,22.631422],[75.614048,22.631389],[75.614009,22.631271],[75.613989,22.631211],[75.613243,22.631074],[75.612481,22.630944],[75.611579,22.630769],[75.610954,22.630656],[75.610601,22.630597],[75.610078,22.630481],[75.609887,22.630447],[75.609507,22.630379],[75.608275,22.63054],[75.606888,22.630686],[75.604972,22.630832],[75.604495,22.630856],[75.604255,22.630891],[75.604205,22.63165],[75.604201,22.632171],[75.604159,22.632594],[75.604112,22.632912],[75.604072,22.633185],[75.604002,22.633576],[75.603969,22.633757],[75.603889,22.634121],[75.60381,22.634457],[75.603782,22.634559],[75.603762,22.634633],[75.603711,22.63481],[75.603708,22.634822],[75.603707,22.634828],[75.603648,22.635091],[75.603585,22.63533],[75.603577,22.635361],[75.603522,22.635573],[75.60345,22.635767],[75.603449,22.635769],[75.603383,22.635908],[75.603311,22.636099],[75.603178,22.636454],[75.603211,22.636583],[75.603186,22.636781],[75.603126,22.636975],[75.603055,22.637089],[75.602969,22.637218],[75.602901,22.637319],[75.602828,22.637369],[75.602732,22.637493],[75.602653,22.637604],[75.602582,22.637682],[75.602571,22.637763],[75.602579,22.637829],[75.602617,22.637884],[75.60264,22.637912],[75.602664,22.63794],[75.602618,22.638014],[75.602573,22.638087],[75.602549,22.638127],[75.602234,22.638795],[75.602045,22.639115],[75.601809,22.639527],[75.601738,22.639697],[75.601547,22.640052],[75.601393,22.640375],[75.601385,22.64039],[75.601144,22.640831],[75.600997,22.641097],[75.600988,22.641114],[75.600859,22.641324],[75.600677,22.641609],[75.600632,22.641681],[75.60047,22.641935],[75.600416,22.642048],[75.600391,22.642102],[75.600385,22.642116],[75.600363,22.64217],[75.600344,22.642208],[75.600269,22.642274],[75.600078,22.642502],[75.599889,22.642934],[75.599814,22.643155],[75.599791,22.643237],[75.59977,22.643336],[75.599765,22.643366],[75.599747,22.643467],[75.599707,22.643465],[75.599689,22.643464],[75.599584,22.643472],[75.59947,22.643999],[75.599372,22.644404],[75.599257,22.645126],[75.599189,22.645485],[75.599135,22.64579],[75.599045,22.646322],[75.599013,22.646666],[75.598958,22.646974],[75.59891,22.647198],[75.598836,22.647683],[75.598751,22.648091],[75.5987,22.648438],[75.59867,22.648685],[75.598558,22.649726],[75.598549,22.649883],[75.598533,22.650159],[75.598548,22.650705],[75.598562,22.650751],[75.598575,22.650775],[75.598609,22.650797],[75.598625,22.650873],[75.598639,22.650941],[75.598649,22.650985],[75.598631,22.650996],[75.598617,22.651005],[75.598446,22.651029],[75.598324,22.651046],[75.598173,22.651068],[75.597884,22.65111],[75.597478,22.65117],[75.597115,22.651224],[75.596728,22.651287],[75.59663,22.651312],[75.596011,22.651433],[75.595484,22.651526],[75.595413,22.651382],[75.59481,22.65153],[75.594608,22.651578],[75.593841,22.651762],[75.593865,22.651844],[75.592608,22.652164],[75.592553,22.652189],[75.592436,22.652227],[75.592354,22.652276],[75.592325,22.652279],[75.592272,22.652285],[75.592111,22.652329],[75.592024,22.652366],[75.591852,22.652475],[75.591556,22.652848],[75.591384,22.653072],[75.591053,22.653484],[75.590333,22.655406],[75.590258,22.655902],[75.590207,22.656304],[75.590136,22.656665],[75.590109,22.656838],[75.59,22.657392],[75.58995,22.657618],[75.589881,22.657893],[75.58982,22.658181],[75.589772,22.658414],[75.589726,22.658588],[75.589705,22.658667],[75.58964,22.65891],[75.589585,22.658902],[75.589401,22.658876],[75.589399,22.658875],[75.589169,22.659007],[75.588802,22.659231],[75.588728,22.659317],[75.588688,22.659363],[75.588593,22.659429],[75.588516,22.659448],[75.588368,22.659477],[75.58821,22.659496],[75.588182,22.659499],[75.58778,22.659621],[75.58753,22.659719],[75.587477,22.659736],[75.586893,22.659926],[75.586663,22.660009],[75.586447,22.660053],[75.586219,22.660106],[75.586074,22.660126],[75.585817,22.660162],[75.585815,22.660289],[75.585601,22.66033],[75.585451,22.660325],[75.585269,22.66032],[75.585189,22.660317],[75.584018,22.660416],[75.583267,22.660485],[75.582008,22.660578],[75.581867,22.660588],[75.581723,22.660593],[75.581549,22.660598],[75.580593,22.660626],[75.580178,22.660637],[75.579119,22.66069],[75.578528,22.660709],[75.57694,22.66072],[75.575906,22.660715],[75.575856,22.660713],[75.575816,22.660712],[75.575405,22.660696],[75.575166,22.660638],[75.574825,22.660499],[75.574518,22.660369],[75.573725,22.660033],[75.573243,22.659864],[75.572568,22.659656],[75.572457,22.659616],[75.571655,22.659311],[75.571515,22.659254],[75.57129,22.65915],[75.570888,22.65898],[75.570569,22.658846],[75.570407,22.65878],[75.569782,22.658526],[75.569229,22.65837],[75.568834,22.658258],[75.568329,22.658156],[75.568322,22.658155],[75.567776,22.658062],[75.567775,22.658062],[75.567717,22.657794],[75.567592,22.657266],[75.567466,22.656788],[75.567361,22.656318],[75.567317,22.656119],[75.567145,22.655619],[75.567135,22.655581],[75.567062,22.655594],[75.566975,22.655323],[75.56686,22.654965],[75.566907,22.654911],[75.566876,22.654799],[75.567198,22.654707],[75.567162,22.654597],[75.566951,22.653918],[75.566949,22.653913],[75.566946,22.653905],[75.566826,22.653602],[75.566734,22.653397],[75.566704,22.653333],[75.5667,22.653301],[75.566642,22.653265],[75.566591,22.653235],[75.566506,22.653196],[75.566478,22.653178],[75.566406,22.653132],[75.56635,22.653059],[75.566321,22.653019],[75.566309,22.652977],[75.566277,22.652917],[75.566228,22.652825],[75.566228,22.65278],[75.566197,22.652701],[75.566192,22.652687],[75.566145,22.652612],[75.566076,22.65252],[75.566039,22.652457],[75.566036,22.652453],[75.566034,22.652445],[75.566004,22.652343],[75.565958,22.652091],[75.565933,22.651812],[75.565923,22.651699],[75.565907,22.651365],[75.565904,22.651294],[75.565783,22.650107],[75.565732,22.64967],[75.565749,22.649346],[75.565733,22.64884],[75.565709,22.648512],[75.565645,22.647767],[75.565619,22.64751],[75.5656,22.647321],[75.565603,22.647071],[75.565606,22.646837],[75.565625,22.646715],[75.565604,22.646597],[75.565621,22.646594],[75.565566,22.646322],[75.56552,22.646088],[75.565447,22.645645],[75.565413,22.645372],[75.565314,22.644725],[75.565306,22.644671],[75.565298,22.644567],[75.565272,22.644212],[75.565215,22.64334],[75.565202,22.643133],[75.565245,22.642634],[75.565246,22.642604],[75.565263,22.64206],[75.565302,22.641475],[75.565305,22.641407],[75.565307,22.640582],[75.565305,22.640242],[75.565281,22.639828],[75.565259,22.639428],[75.565211,22.639175],[75.565112,22.638631],[75.565033,22.638221],[75.564966,22.637912],[75.564851,22.637412],[75.564756,22.637093],[75.564742,22.637047],[75.56467,22.636747],[75.564624,22.636546],[75.564608,22.636475],[75.564486,22.635987],[75.564374,22.635601],[75.564323,22.635425],[75.564297,22.635437],[75.564058,22.635557],[75.563767,22.635702],[75.563631,22.635749],[75.563511,22.63579],[75.563302,22.635862],[75.561293,22.636553],[75.561294,22.63656],[75.561021,22.636652],[75.560436,22.636788],[75.560343,22.636695],[75.560293,22.636602],[75.557959,22.636909],[75.557887,22.636938],[75.557859,22.637002],[75.557694,22.637088],[75.55631,22.637266],[75.554147,22.63753],[75.553932,22.637488],[75.552776,22.637366],[75.552255,22.637331],[75.552019,22.637281],[75.550485,22.637109],[75.550163,22.637024],[75.549214,22.636988],[75.548343,22.636888],[75.547094,22.636781],[75.54703,22.636731],[75.546123,22.636624],[75.544852,22.63646],[75.543696,22.636374],[75.542996,22.636246],[75.542394,22.636077],[75.542482,22.635852],[75.542325,22.635735],[75.540993,22.635527],[75.53721,22.634935],[75.5363,22.632279],[75.535676,22.630118],[75.535627,22.63012],[75.535603,22.630121],[75.535274,22.630132],[75.53458,22.630171],[75.533881,22.630187],[75.533367,22.630199],[75.531654,22.630156],[75.531202,22.63012],[75.53093,22.630061],[75.530828,22.63003],[75.529785,22.62997],[75.529741,22.629964],[75.529654,22.629959],[75.52907,22.629928],[75.528862,22.629914],[75.528734,22.629864],[75.52862,22.629842],[75.528527,22.629842],[75.528384,22.629907],[75.528204,22.62997],[75.528126,22.630022],[75.528092,22.630085],[75.528099,22.630228],[75.528177,22.630392],[75.528199,22.63057],[75.528195,22.630596],[75.528177,22.630742],[75.528134,22.630942],[75.528104,22.63114],[75.528121,22.631217],[75.528318,22.631456],[75.528401,22.631613],[75.528475,22.631736],[75.528475,22.631813],[75.528422,22.631919],[75.528353,22.631996],[75.528243,22.632095],[75.528143,22.63216],[75.528124,22.632172],[75.528014,22.632267],[75.527924,22.632348],[75.527867,22.632454],[75.527843,22.632522],[75.527841,22.632656],[75.527773,22.63279],[75.527702,22.63285],[75.527623,22.632961],[75.527573,22.63309],[75.527566,22.633158],[75.527575,22.633215],[75.527601,22.633269],[75.527672,22.633356],[75.527718,22.633417],[75.527859,22.633591],[75.527883,22.633611],[75.528153,22.633803],[75.528212,22.633893],[75.528231,22.633985],[75.528234,22.634068],[75.528222,22.63415],[75.528193,22.634361],[75.528151,22.63448],[75.528092,22.634587],[75.528059,22.634635],[75.527961,22.6347],[75.527599,22.634996],[75.527471,22.635017],[75.52728,22.635048],[75.527255,22.635058],[75.527244,22.635063],[75.527173,22.635093],[75.527143,22.635137],[75.527131,22.635176],[75.527125,22.635224],[75.527122,22.635296],[75.527122,22.635307],[75.527107,22.635497],[75.527074,22.635652],[75.527036,22.635747],[75.526982,22.635801],[75.526881,22.635857],[75.526717,22.63592],[75.52655,22.635998],[75.526476,22.636108],[75.526471,22.636115],[75.526464,22.636181],[75.526407,22.636246],[75.526293,22.636303],[75.526214,22.63636],[75.526157,22.636445],[75.526128,22.636581],[75.526108,22.636689],[75.526061,22.636755],[75.525942,22.636832],[75.525823,22.636903],[75.525775,22.636969],[75.525734,22.637076],[75.52565,22.637201],[75.525519,22.637361],[75.525347,22.637486],[75.525156,22.637588],[75.525026,22.637706],[75.524948,22.637837],[75.524924,22.63795],[75.52492,22.63798],[75.524952,22.638107],[75.52501,22.638162],[75.525264,22.638367],[75.525371,22.638468],[75.525406,22.638575],[75.525351,22.638759],[75.525246,22.638861],[75.525091,22.638974],[75.524913,22.639122],[75.524841,22.639206],[75.524746,22.639307],[75.524574,22.639467],[75.524571,22.639469],[75.524325,22.639461],[75.524038,22.639485],[75.523899,22.639539],[75.523811,22.639651],[75.523717,22.639842],[75.523669,22.639961],[75.523556,22.640074],[75.523436,22.640265],[75.523436,22.640354],[75.523465,22.640418],[75.523504,22.640454],[75.523579,22.640504],[75.523715,22.640507],[75.523934,22.640456],[75.52408,22.640383],[75.524211,22.640312],[75.52433,22.640264],[75.524347,22.640254],[75.524394,22.640227],[75.524502,22.640163],[75.524609,22.640122],[75.524698,22.640187],[75.524722,22.640276],[75.524692,22.640336],[75.524639,22.640425],[75.52449,22.640556],[75.524336,22.640603],[75.524187,22.640609],[75.524104,22.640651],[75.524098,22.640693],[75.524098,22.640812],[75.524104,22.640996],[75.524175,22.641121],[75.524187,22.641407],[75.524139,22.641472],[75.524139,22.641555],[75.524193,22.641597],[75.524347,22.641627],[75.524431,22.641627],[75.524526,22.64168],[75.524526,22.641781],[75.524472,22.641882],[75.524472,22.641984],[75.524538,22.642055],[75.524633,22.642138],[75.524663,22.642192],[75.524663,22.642275],[75.524562,22.642358],[75.524466,22.642436],[75.524449,22.642513],[75.524419,22.642584],[75.524342,22.642697],[75.524324,22.642799],[75.524324,22.642965],[75.524371,22.643054],[75.524419,22.643096],[75.524496,22.643096],[75.524591,22.643078],[75.52474,22.643048],[75.524829,22.643048],[75.524954,22.643102],[75.525026,22.643227],[75.525061,22.64334],[75.525097,22.643459],[75.525085,22.643566],[75.525014,22.643691],[75.524889,22.643786],[75.5248,22.64384],[75.524681,22.643869],[75.52452,22.643881],[75.524431,22.643863],[75.524306,22.643863],[75.524169,22.643863],[75.524098,22.643899],[75.524038,22.643982],[75.523949,22.644095],[75.523895,22.644226],[75.523842,22.644458],[75.52386,22.644613],[75.523913,22.644655],[75.523967,22.644833],[75.523973,22.64494],[75.524044,22.645053],[75.524104,22.645107],[75.524199,22.645154],[75.524264,22.645243],[75.524228,22.645487],[75.524139,22.645654],[75.524044,22.645779],[75.523967,22.645785],[75.523889,22.645654],[75.523794,22.645505],[75.523657,22.645428],[75.523556,22.645422],[75.523437,22.645499],[75.52336,22.645547],[75.523265,22.645642],[75.523182,22.645773],[75.52314,22.645856],[75.523134,22.646005],[75.52314,22.646136],[75.52314,22.64629],[75.523128,22.646427],[75.523092,22.646493],[75.523009,22.646564],[75.522914,22.646659],[75.522777,22.646725],[75.522646,22.646742],[75.522515,22.646659],[75.522527,22.646499],[75.522545,22.646409],[75.522515,22.64632],[75.522361,22.646296],[75.522277,22.646296],[75.522242,22.646326],[75.522224,22.646475],[75.522242,22.646629],[75.522236,22.646731],[75.5222,22.646814],[75.522105,22.646969],[75.522063,22.647093],[75.522075,22.647189],[75.522141,22.64726],[75.522242,22.64729],[75.522491,22.647331],[75.522616,22.647409],[75.522658,22.647516],[75.522634,22.647581],[75.522521,22.647682],[75.522331,22.647778],[75.522129,22.647795],[75.521974,22.64776],[75.521849,22.647611],[75.521677,22.64751],[75.521599,22.64748],[75.521492,22.64748],[75.521373,22.64751],[75.521207,22.647534],[75.521082,22.647492],[75.520986,22.647522],[75.520957,22.647587],[75.520963,22.6477],[75.520963,22.647837],[75.520992,22.647968],[75.52101,22.648051],[75.520957,22.6482],[75.520909,22.648301],[75.52079,22.648349],[75.520665,22.648361],[75.520594,22.648402],[75.520558,22.648503],[75.520594,22.648688],[75.520695,22.648872],[75.520808,22.648979],[75.520879,22.649098],[75.520933,22.649181],[75.520933,22.649259],[75.520868,22.649289],[75.52076,22.649235],[75.520695,22.649164],[75.520588,22.649175],[75.520528,22.649223],[75.520505,22.649277],[75.520505,22.64936],[75.52054,22.649413],[75.520653,22.649485],[75.520754,22.649568],[75.520939,22.649663],[75.521046,22.649741],[75.5211,22.649854],[75.521105,22.649949],[75.521058,22.650056],[75.520981,22.65008],[75.520754,22.650056],[75.520618,22.649955],[75.520517,22.649877],[75.520445,22.64986],[75.52038,22.64986],[75.520308,22.649877],[75.520231,22.649889],[75.520142,22.649967],[75.520076,22.650056],[75.520023,22.650163],[75.51994,22.650282],[75.519892,22.650413],[75.519922,22.650538],[75.51988,22.650633],[75.519809,22.650799],[75.519773,22.65093],[75.519797,22.651049],[75.519832,22.651264],[75.519858,22.651405],[75.519874,22.65151],[75.519849,22.651598],[75.519784,22.651726],[75.5197,22.651863],[75.519619,22.651987],[75.51952,22.652149],[75.519443,22.652257],[75.519237,22.652229],[75.519069,22.652291],[75.518993,22.652404],[75.518949,22.652457],[75.518894,22.652492],[75.5188,22.652502],[75.5187,22.652546],[75.518892,22.652828],[75.519126,22.653169],[75.518834,22.653302],[75.518743,22.653335],[75.518653,22.653335],[75.51861,22.653321],[75.518572,22.653259],[75.518484,22.653058],[75.518426,22.653005],[75.518058,22.652698],[75.517822,22.652691],[75.517197,22.652804],[75.516594,22.652898],[75.51622,22.652974],[75.515873,22.653045],[75.515812,22.653078],[75.515674,22.653145],[75.51522,22.653249],[75.51521,22.652965],[75.515222,22.652525],[75.515216,22.65218],[75.515204,22.651906],[75.515157,22.651632],[75.515056,22.651412],[75.514883,22.651186],[75.514532,22.650788],[75.514211,22.650454],[75.513985,22.650199],[75.513854,22.650038],[75.513646,22.649883],[75.513491,22.649782],[75.513352,22.649732],[75.513212,22.649681],[75.512896,22.649586],[75.512599,22.649485],[75.512355,22.649241],[75.51223,22.64908],[75.512069,22.64889],[75.511927,22.648658],[75.511796,22.64839],[75.511671,22.648111],[75.511582,22.647843],[75.511326,22.647403],[75.511153,22.646945],[75.511011,22.646653],[75.510814,22.646284],[75.51066,22.645868],[75.510481,22.645481],[75.510398,22.645255],[75.510309,22.645053],[75.510184,22.644797],[75.510059,22.644631],[75.509928,22.644423],[75.509749,22.644179],[75.509625,22.644006],[75.509494,22.643846],[75.509268,22.643691],[75.509059,22.643536],[75.508917,22.643559],[75.508728,22.643589],[75.508209,22.643673],[75.50695,22.643878],[75.506946,22.643879],[75.506531,22.643947],[75.505026,22.644161],[75.504112,22.644284],[75.503831,22.644321],[75.503123,22.64444],[75.502694,22.644482],[75.500499,22.644631],[75.498929,22.644559],[75.498923,22.644583],[75.497614,22.644649],[75.496847,22.64472],[75.496002,22.64494],[75.496068,22.645922],[75.496127,22.646695],[75.496234,22.64754],[75.49646,22.648706],[75.496645,22.649431],[75.496853,22.650466],[75.49737,22.65209],[75.497858,22.653708],[75.49852,22.655967],[75.499072,22.659877],[75.49997,22.660234],[75.500541,22.66043],[75.501352,22.660762],[75.501982,22.659571],[75.503022,22.660325],[75.503021,22.661494],[75.503216,22.661599],[75.503718,22.661869],[75.504081,22.662063],[75.504556,22.662203],[75.505972,22.662649],[75.506371,22.662786],[75.506305,22.662536],[75.506329,22.662527],[75.506555,22.662435],[75.506592,22.662429],[75.506751,22.662405],[75.507144,22.662358],[75.508087,22.662396],[75.508619,22.662417],[75.509363,22.662423],[75.510642,22.662524],[75.512081,22.662459],[75.512194,22.662358],[75.5127,22.662268],[75.513152,22.662179],[75.513836,22.66209],[75.514401,22.66209],[75.515216,22.662114],[75.517108,22.662007],[75.517971,22.662001],[75.519202,22.662185],[75.518875,22.662554],[75.518661,22.66281],[75.5185,22.663072],[75.518411,22.663309],[75.518393,22.663613],[75.518423,22.663803],[75.5185,22.664029],[75.518678,22.664202],[75.519006,22.664392],[75.519327,22.664588],[75.519755,22.664874],[75.520136,22.665207],[75.520451,22.665522],[75.520653,22.665951],[75.520975,22.666629],[75.521159,22.667117],[75.521218,22.667372],[75.521218,22.667616],[75.521183,22.667854],[75.521094,22.668104],[75.520873,22.668431],[75.520481,22.668913],[75.520225,22.669181],[75.520195,22.669209],[75.520035,22.669359],[75.520006,22.669424],[75.519898,22.669663],[75.519838,22.670049],[75.519708,22.670698],[75.519625,22.671487],[75.51951,22.67265],[75.519506,22.672692],[75.519472,22.673234],[75.519466,22.673531],[75.519486,22.67464],[75.519497,22.674991],[75.51948,22.675348],[75.519477,22.675438],[75.519463,22.675513],[75.519461,22.675628],[75.51946,22.675716],[75.519438,22.675929],[75.51941,22.676199],[75.519369,22.676461],[75.519319,22.676721],[75.519261,22.676986],[75.519191,22.677246],[75.519122,22.67751],[75.519115,22.6776],[75.519086,22.677662],[75.519043,22.677784],[75.518956,22.678059],[75.51888,22.678211],[75.518833,22.678318],[75.51873,22.678584],[75.518716,22.678617],[75.51862,22.678848],[75.51852,22.67911],[75.518429,22.679365],[75.518387,22.679524],[75.518334,22.679634],[75.518228,22.679901],[75.518122,22.680169],[75.518084,22.680272],[75.517781,22.68104],[75.517672,22.681406],[75.517491,22.682282],[75.517358,22.683082],[75.517282,22.683672],[75.517158,22.684043],[75.516977,22.684414],[75.516834,22.684709],[75.516435,22.685099],[75.515883,22.685594],[75.515169,22.686156],[75.514303,22.686841],[75.513798,22.68746],[75.513544,22.687794],[75.513494,22.68786],[75.512903,22.688611],[75.512504,22.689164],[75.512152,22.689497],[75.511647,22.689944],[75.511009,22.690515],[75.510229,22.691096],[75.509629,22.691562],[75.508544,22.692428],[75.50783,22.693047],[75.507326,22.693589],[75.507088,22.69398],[75.507012,22.69457],[75.507031,22.695226],[75.507174,22.695626],[75.507402,22.696035],[75.507602,22.696302],[75.507897,22.696502],[75.50823,22.696664],[75.508735,22.696768],[75.509325,22.696768],[75.509858,22.696759],[75.510381,22.69673],[75.510714,22.696759],[75.511038,22.696882],[75.511295,22.697035],[75.511571,22.697311],[75.511847,22.697653],[75.511847,22.697901],[75.512161,22.698453],[75.512437,22.699367],[75.512656,22.7001],[75.512742,22.700909],[75.512761,22.701423],[75.512827,22.701841],[75.512922,22.702184],[75.513046,22.702612],[75.513093,22.702811],[75.51316,22.703098],[75.513408,22.703478],[75.513693,22.703916],[75.514188,22.704697],[75.514579,22.705553],[75.514933,22.706126],[75.515074,22.706353],[75.515207,22.70699],[75.515292,22.70778],[75.515273,22.708494],[75.515159,22.70897],[75.515016,22.709351],[75.514693,22.709817],[75.514398,22.710217],[75.513998,22.71076],[75.51356,22.711216],[75.513113,22.711445],[75.512685,22.711711],[75.511971,22.712035],[75.511247,22.712378],[75.510248,22.712882],[75.50962,22.713091],[75.509039,22.713396],[75.508487,22.713739],[75.508087,22.714138],[75.507631,22.714481],[75.507259,22.714871],[75.507031,22.715214],[75.506764,22.715623],[75.506631,22.716061],[75.506612,22.716432],[75.506612,22.717032],[75.506764,22.717479],[75.506955,22.71785],[75.507183,22.718212],[75.507421,22.718488],[75.507792,22.71885],[75.508125,22.71923],[75.508497,22.719506],[75.508725,22.719811],[75.508935,22.720058],[75.509096,22.720354],[75.509172,22.720687],[75.509211,22.721067],[75.509125,22.72142],[75.509087,22.721905],[75.509068,22.722371],[75.50902,22.722704],[75.509115,22.723047],[75.509258,22.723247],[75.509544,22.723409],[75.509896,22.723532],[75.510181,22.723875],[75.510245,22.724102],[75.510315,22.724351],[75.510315,22.724865],[75.510248,22.725474],[75.510143,22.725921],[75.509981,22.726293],[75.509639,22.726883],[75.509334,22.727463],[75.509134,22.72793],[75.509001,22.72831],[75.508925,22.728691],[75.508887,22.729148],[75.508877,22.729691],[75.508944,22.730319],[75.509068,22.730909],[75.509211,22.731461],[75.509277,22.73188],[75.509287,22.732289],[75.509239,22.732546],[75.509075,22.732475],[75.508761,22.732218],[75.50809,22.732197],[75.507905,22.73222],[75.507569,22.732261],[75.507312,22.732226],[75.506634,22.732161],[75.50607,22.73219],[75.505427,22.73214],[75.504563,22.73204],[75.503457,22.731954],[75.502593,22.731869],[75.501722,22.73174],[75.500595,22.731512],[75.499774,22.731369],[75.498996,22.731333],[75.498196,22.731333],[75.49709,22.731383],[75.496304,22.731497],[75.496147,22.731605],[75.496072,22.731635],[75.495948,22.731658],[75.495896,22.73172],[75.495853,22.73183],[75.495853,22.731911],[75.495891,22.731982],[75.495958,22.732125],[75.49601,22.732201],[75.496101,22.732282],[75.496201,22.732344],[75.496343,22.732377],[75.496477,22.732358],[75.496634,22.732282],[75.496829,22.73221],[75.497005,22.732191],[75.497209,22.732177],[75.497495,22.732196],[75.497642,22.732215],[75.497771,22.732272],[75.497933,22.732382],[75.498009,22.732501],[75.498057,22.732663],[75.498076,22.73281],[75.498052,22.7329],[75.498033,22.732996],[75.498033,22.733157],[75.498052,22.733357],[75.498047,22.733476],[75.49798,22.733614],[75.497942,22.733719],[75.497938,22.733819],[75.497876,22.733924],[75.497785,22.733985],[75.4977,22.734052],[75.497657,22.734143],[75.497647,22.734238],[75.497628,22.734352],[75.497566,22.734466],[75.497533,22.734533],[75.497504,22.734633],[75.497452,22.734733],[75.49739,22.734837],[75.497324,22.734899],[75.497224,22.734913],[75.497095,22.734871],[75.496924,22.734742],[75.49681,22.734538],[75.496776,22.734409],[75.496748,22.73429],[75.496705,22.734138],[75.496619,22.734095],[75.496419,22.734119],[75.4963,22.734143],[75.496177,22.734195],[75.496015,22.734219],[75.495882,22.73419],[75.495787,22.734143],[75.495653,22.734047],[75.495415,22.733976],[75.495201,22.733871],[75.494992,22.733752],[75.494859,22.733652],[75.494816,22.733529],[75.494778,22.733362],[75.494735,22.733186],[75.494673,22.733],[75.494587,22.732919],[75.494506,22.732877],[75.49443,22.732839],[75.494126,22.73282],[75.493907,22.732762],[75.493678,22.732724],[75.493388,22.732634],[75.49315,22.732553],[75.49296,22.732482],[75.492784,22.732486],[75.492655,22.732558],[75.492531,22.73262],[75.492422,22.732734],[75.492417,22.732796],[75.492431,22.732867],[75.492489,22.732934],[75.49099,22.733128],[75.490405,22.733171],[75.48972,22.733128],[75.488827,22.733064],[75.488299,22.73305],[75.487642,22.732978],[75.486143,22.732936],[75.48478,22.732971],[75.484237,22.732985],[75.483816,22.733007],[75.48191,22.732985],[75.479291,22.7332],[75.478448,22.733264],[75.478049,22.733292],[75.477991,22.733885],[75.478013,22.734606],[75.47797,22.735127],[75.477984,22.735348],[75.47802,22.735477],[75.478106,22.735641],[75.478134,22.735719],[75.478034,22.736419],[75.478006,22.737047],[75.478056,22.737575],[75.478013,22.738289],[75.477984,22.738939],[75.478002,22.739049],[75.477993,22.739559],[75.47799,22.73974],[75.477988,22.739907],[75.477986,22.740021],[75.477984,22.740144],[75.477981,22.740285],[75.47795,22.740395],[75.477933,22.740444],[75.477941,22.740535],[75.477972,22.740568],[75.47801,22.740582],[75.478101,22.740547],[75.478186,22.740449],[75.478253,22.740406],[75.478338,22.740411],[75.478486,22.74048],[75.478757,22.740825],[75.478899,22.741281],[75.479481,22.741773],[75.479996,22.742065],[75.480013,22.742005],[75.480111,22.741843],[75.480125,22.741782],[75.480175,22.741654],[75.480224,22.741617],[75.480262,22.7416],[75.480291,22.741602],[75.480652,22.741769],[75.480661,22.741827],[75.480691,22.74202],[75.480696,22.742083],[75.480751,22.74221],[75.480775,22.742286],[75.480837,22.742371],[75.481057,22.742539],[75.481243,22.742681],[75.481465,22.742786],[75.481572,22.74286],[75.481827,22.743038],[75.481893,22.743031],[75.482008,22.74296],[75.482093,22.742898],[75.482117,22.742827],[75.482136,22.742779],[75.482136,22.742712],[75.482127,22.742551],[75.482222,22.742381],[75.482264,22.742319],[75.482283,22.742196],[75.48225,22.742124],[75.482193,22.742034],[75.48215,22.741972],[75.482088,22.741792],[75.482264,22.741715],[75.482322,22.741705],[75.482417,22.741705],[75.482583,22.741705],[75.482645,22.74171],[75.482859,22.741772],[75.48295,22.741824],[75.483016,22.741867],[75.483073,22.741934],[75.483121,22.74201],[75.483121,22.742058],[75.483107,22.742124],[75.483088,22.742205],[75.483069,22.742295],[75.483069,22.742419],[75.482985,22.742707],[75.482917,22.743046],[75.482874,22.743198],[75.482788,22.743393],[75.482698,22.743498],[75.482555,22.743536],[75.482336,22.743536],[75.482222,22.743612],[75.48215,22.743712],[75.482155,22.743826],[75.482231,22.743978],[75.48236,22.744107],[75.482445,22.744207],[75.482598,22.74425],[75.482798,22.744216],[75.482885,22.744182],[75.483077,22.744132],[75.483164,22.744109],[75.483292,22.744132],[75.483421,22.744175],[75.483502,22.744228],[75.483573,22.744294],[75.483654,22.744408],[75.483687,22.744542],[75.483711,22.744689],[75.483685,22.744903],[75.4836,22.745097],[75.483565,22.745152],[75.483528,22.745208],[75.483355,22.745448],[75.483409,22.745524],[75.483512,22.745668],[75.48357,22.74575],[75.48364,22.745849],[75.4837,22.745933],[75.483759,22.745948],[75.483745,22.745851],[75.483803,22.745742],[75.483838,22.745684],[75.48396,22.745567],[75.484022,22.745518],[75.484062,22.745506],[75.484197,22.745522],[75.484298,22.745573],[75.48437,22.74566],[75.484397,22.745827],[75.484454,22.745931],[75.484501,22.746084],[75.484592,22.746178],[75.484762,22.746289],[75.484819,22.746311],[75.484844,22.746322],[75.484928,22.746376],[75.485038,22.74648],[75.485129,22.74665],[75.485172,22.746821],[75.485201,22.746874],[75.485272,22.746964],[75.485394,22.74702],[75.485515,22.747169],[75.485559,22.747242],[75.485615,22.747383],[75.485605,22.747502],[75.485539,22.747621],[75.485279,22.747677],[75.485134,22.747725],[75.48503,22.747804],[75.485114,22.748357],[75.485135,22.74849],[75.485149,22.748553],[75.485168,22.748853],[75.485117,22.74897],[75.485047,22.749021],[75.484885,22.749232],[75.48479,22.749404],[75.48501,22.749386],[75.485068,22.749386],[75.485246,22.749369],[75.485316,22.749385],[75.485405,22.749472],[75.485458,22.749562],[75.485458,22.749605],[75.485434,22.749686],[75.485326,22.749869],[75.485084,22.750055],[75.484953,22.750333],[75.484872,22.750533],[75.484844,22.7506],[75.484801,22.750676],[75.484758,22.750752],[75.484701,22.7508],[75.484544,22.750885],[75.484411,22.750919],[75.484254,22.750942],[75.484168,22.750947],[75.484055,22.750926],[75.484026,22.751062],[75.484014,22.751116],[75.484004,22.751163],[75.484102,22.751224],[75.484132,22.751227],[75.484301,22.751235],[75.484396,22.751233],[75.484612,22.751222],[75.484712,22.751215],[75.484813,22.751247],[75.484896,22.751366],[75.484915,22.751494],[75.484944,22.751571],[75.484958,22.75169],[75.484977,22.751766],[75.485048,22.751856],[75.485082,22.75198],[75.485061,22.75211],[75.484902,22.752182],[75.484821,22.752204],[75.484768,22.75228],[75.484739,22.752313],[75.48472,22.752356],[75.48472,22.75238],[75.484791,22.752413],[75.484896,22.752432],[75.485067,22.752503],[75.485134,22.752556],[75.485212,22.75264],[75.485228,22.752794],[75.485191,22.752959],[75.485147,22.753096],[75.48511,22.753218],[75.485001,22.753308],[75.484977,22.753365],[75.484953,22.753455],[75.484958,22.75355],[75.484983,22.753636],[75.485067,22.7537],[75.485153,22.753701],[75.485444,22.753655],[75.485439,22.753661],[75.485555,22.753692],[75.485654,22.753774],[75.485674,22.753883],[75.48569,22.753969],[75.485624,22.754115],[75.485535,22.754208],[75.485329,22.754378],[75.48512,22.754535],[75.485105,22.754654],[75.485115,22.754697],[75.485167,22.75475],[75.485248,22.754773],[75.485543,22.754792],[75.486315,22.754712],[75.486323,22.754716],[75.486534,22.754787],[75.486627,22.754844],[75.486731,22.754953],[75.486697,22.755064],[75.486639,22.755236],[75.486486,22.755287],[75.486409,22.755316],[75.486333,22.755316],[75.486252,22.755316],[75.486024,22.755259],[75.485862,22.755225],[75.485743,22.755197],[75.4856,22.755164],[75.48538,22.755117],[75.485214,22.755086],[75.485049,22.75507],[75.484963,22.755157],[75.484902,22.755219],[75.484891,22.755299],[75.484887,22.755364],[75.484977,22.755497],[75.485153,22.755817],[75.485201,22.755906],[75.485234,22.755987],[75.485215,22.756095],[75.485201,22.75616],[75.485158,22.756275],[75.485134,22.756391],[75.48511,22.756439],[75.48511,22.756491],[75.485115,22.756548],[75.485287,22.756632],[75.485315,22.756643],[75.485677,22.756725],[75.485815,22.756753],[75.485929,22.75681],[75.486,22.756882],[75.486057,22.757001],[75.486048,22.757043],[75.486053,22.757141],[75.485887,22.757185],[75.485746,22.757236],[75.485505,22.757364],[75.48543,22.757411],[75.485404,22.757478],[75.48549,22.75754],[75.485712,22.757638],[75.485844,22.757689],[75.485957,22.757734],[75.485963,22.757876],[75.485932,22.757899],[75.485777,22.75798],[75.485706,22.757985],[75.485572,22.757995],[75.485496,22.758033],[75.485401,22.758067],[75.485379,22.758158],[75.485534,22.7582],[75.485629,22.758286],[75.485701,22.758341],[75.485739,22.75837],[75.485817,22.75836],[75.486,22.758337],[75.486111,22.75832],[75.486409,22.758284],[75.486557,22.758285],[75.486717,22.758354],[75.486748,22.758581],[75.48675,22.758581],[75.486773,22.758729],[75.486912,22.758553],[75.487045,22.75841],[75.487169,22.758257],[75.487388,22.75802],[75.487573,22.757877],[75.489284,22.756172],[75.489798,22.756657],[75.489692,22.75675],[75.48923,22.757157],[75.488847,22.757522],[75.488468,22.757972],[75.48808,22.758419],[75.487572,22.759252],[75.487417,22.759562],[75.487816,22.760138],[75.488948,22.760989],[75.490011,22.761324],[75.490889,22.761546],[75.491167,22.761899],[75.491241,22.762194],[75.491095,22.762541],[75.490706,22.763241],[75.490181,22.763762],[75.488446,22.764843],[75.487183,22.765448],[75.485577,22.766042],[75.484986,22.766283],[75.484541,22.766736],[75.484484,22.767188],[75.484491,22.767582],[75.484491,22.767583],[75.484504,22.768388],[75.484529,22.768734],[75.484555,22.768999],[75.484598,22.769443],[75.484501,22.769544],[75.484406,22.769579],[75.484311,22.769597],[75.484162,22.769561],[75.483979,22.769415],[75.483836,22.769229],[75.483666,22.768949],[75.482538,22.769396],[75.481836,22.769674],[75.481325,22.769853],[75.481158,22.769859],[75.480748,22.769966],[75.480498,22.770115],[75.480248,22.770263],[75.48001,22.770406],[75.47982,22.770614],[75.47957,22.770995],[75.479397,22.771156],[75.479225,22.771233],[75.479118,22.771233],[75.47891,22.771203],[75.47869,22.771214],[75.478642,22.771254],[75.478443,22.771498],[75.478386,22.771364],[75.478356,22.771316],[75.478333,22.771239],[75.478297,22.771191],[75.478267,22.771144],[75.478231,22.77112],[75.478154,22.771084],[75.478071,22.771072],[75.477964,22.771072],[75.477892,22.771084],[75.477779,22.771114],[75.477678,22.771168],[75.477613,22.771179],[75.477524,22.771168],[75.477422,22.771126],[75.477226,22.77109],[75.477095,22.771066],[75.476845,22.771007],[75.476596,22.77093],[75.476411,22.7709],[75.476173,22.770894],[75.47584,22.770864],[75.475691,22.770947],[75.475495,22.77107],[75.475404,22.771275],[75.475396,22.771272],[75.475221,22.771864],[75.475174,22.772084],[75.475174,22.772256],[75.475311,22.772729],[75.474803,22.773024],[75.474632,22.772923],[75.474325,22.772779],[75.474172,22.772864],[75.474081,22.772845],[75.474001,22.772879],[75.473953,22.772993],[75.473915,22.773021],[75.473853,22.773017],[75.473677,22.773017],[75.473577,22.773045],[75.473535,22.7731],[75.473154,22.772964],[75.472828,22.77318],[75.472717,22.77325],[75.472318,22.773299],[75.471896,22.773208],[75.471617,22.77316],[75.471331,22.773095],[75.471135,22.773035],[75.471057,22.772964],[75.470873,22.772786],[75.470659,22.772625],[75.470445,22.77256],[75.470118,22.772452],[75.469059,22.771614],[75.468422,22.771233],[75.466865,22.770296],[75.466138,22.769651],[75.465882,22.769401],[75.46528,22.769427],[75.464629,22.769484],[75.46382,22.769525],[75.463428,22.769513],[75.462809,22.769436],[75.461863,22.76946],[75.460507,22.769543],[75.458666,22.769549],[75.457661,22.769686],[75.455956,22.770067],[75.454444,22.770287],[75.452813,22.770442],[75.452242,22.770579],[75.450582,22.770924],[75.449371,22.771226],[75.449287,22.771247],[75.448637,22.771406],[75.448182,22.771559],[75.448039,22.771568],[75.448024,22.771569],[75.44784,22.771589],[75.447657,22.771603],[75.447476,22.771613],[75.447296,22.771624],[75.447116,22.771637],[75.446937,22.771653],[75.446761,22.771669],[75.446583,22.771671],[75.446415,22.771667],[75.446404,22.771667],[75.446223,22.771669],[75.446042,22.771665],[75.445988,22.771671],[75.445906,22.771683],[75.445849,22.771692],[75.445662,22.771717],[75.44548,22.77174],[75.445301,22.771763],[75.445171,22.77178],[75.445125,22.771785],[75.44495,22.771801],[75.444775,22.771818],[75.444602,22.771837],[75.444427,22.771861],[75.444249,22.77188],[75.444074,22.771907],[75.443899,22.771933],[75.443738,22.771955],[75.443723,22.771957],[75.443549,22.771969],[75.443375,22.771979],[75.443201,22.771996],[75.443022,22.772032],[75.442843,22.772064],[75.442665,22.772088],[75.442489,22.772116],[75.442396,22.772131],[75.442315,22.772145],[75.44214,22.772174],[75.442052,22.772185],[75.441267,22.772452],[75.440134,22.772972],[75.439895,22.773064],[75.439392,22.773259],[75.438364,22.773464],[75.438417,22.773574],[75.438574,22.7739],[75.43869,22.774326],[75.43877,22.774946],[75.438796,22.775258],[75.438834,22.775712],[75.438828,22.775904],[75.438826,22.776099],[75.438824,22.776178],[75.438823,22.776207],[75.438819,22.776309],[75.43881,22.776389],[75.438802,22.776617],[75.438805,22.776842],[75.438791,22.777067],[75.43878,22.777292],[75.438774,22.777515],[75.438781,22.777737],[75.438777,22.777961],[75.438778,22.777985],[75.438787,22.778045],[75.438792,22.778216],[75.438798,22.778386],[75.43879,22.778558],[75.438789,22.778593],[75.438787,22.77873],[75.43879,22.7789],[75.438789,22.779071],[75.438819,22.779289],[75.438831,22.779855],[75.438795,22.780319],[75.438813,22.780675],[75.438866,22.780812],[75.438882,22.780913],[75.438997,22.781645],[75.439146,22.782561],[75.439211,22.782817],[75.439223,22.78312],[75.439241,22.7834],[75.439277,22.783697],[75.439295,22.784048],[75.439295,22.784536],[75.439247,22.785589],[75.439354,22.78622],[75.439449,22.786773],[75.439562,22.787207],[75.439723,22.787647],[75.439866,22.788022],[75.440342,22.788855],[75.440889,22.789848],[75.441103,22.790128],[75.441395,22.790723],[75.441615,22.791306],[75.441787,22.791906],[75.442239,22.793287],[75.442382,22.793632],[75.442584,22.793745],[75.442882,22.794268],[75.443233,22.795006],[75.443887,22.796457],[75.444059,22.796665],[75.443933,22.796701],[75.443747,22.796754],[75.443363,22.796852],[75.442985,22.796954],[75.442454,22.797095],[75.441926,22.797233],[75.441662,22.797301],[75.441603,22.797316],[75.441398,22.79737],[75.44087,22.797507],[75.440342,22.797644],[75.439814,22.797781],[75.439286,22.797918],[75.438758,22.798055],[75.43823,22.798192],[75.437706,22.79833],[75.437182,22.798468],[75.436658,22.798606],[75.436134,22.798744],[75.43561,22.798881],[75.435348,22.79895],[75.435237,22.79898],[75.435086,22.799019],[75.434952,22.799051],[75.435008,22.799294],[75.435022,22.799373],[75.43504,22.799481],[75.435183,22.800203],[75.435327,22.800928],[75.435458,22.801589],[75.435884,22.804654],[75.43618,22.806322],[75.436261,22.806798],[75.436368,22.807375],[75.436339,22.807916],[75.436291,22.80841],[75.436376,22.809211],[75.436568,22.809303],[75.436534,22.809433],[75.436469,22.809546],[75.436404,22.809582],[75.436189,22.809701],[75.436027,22.809762],[75.43574,22.809871],[75.435651,22.809871],[75.435583,22.809903],[75.435267,22.809895],[75.43476,22.809881],[75.434408,22.810084],[75.434354,22.810145],[75.434251,22.810204],[75.433918,22.810264],[75.433724,22.810299],[75.433328,22.810298],[75.433178,22.810306],[75.432767,22.810328],[75.432644,22.810335],[75.432565,22.810123],[75.432534,22.810095],[75.432411,22.80997],[75.432332,22.809945],[75.432208,22.809971],[75.431806,22.809936],[75.431756,22.809888],[75.431636,22.80977],[75.431604,22.809774],[75.431385,22.809774],[75.430557,22.809812],[75.429862,22.809812],[75.428891,22.809755],[75.427521,22.809812],[75.426359,22.809869],[75.425436,22.809898],[75.425503,22.811145],[75.425484,22.812458],[75.425512,22.813058],[75.425522,22.8142],[75.425636,22.815942],[75.425769,22.817189],[75.425864,22.818102],[75.426007,22.819501],[75.42614,22.820986],[75.426274,22.822128],[75.426302,22.823213],[75.426274,22.824013],[75.426245,22.824784],[75.425236,22.824749],[75.424,22.824897],[75.423977,22.824899],[75.42397,22.824953],[75.42395,22.824992],[75.423958,22.825516],[75.424004,22.826079],[75.42406,22.82638],[75.42407,22.826434],[75.424019,22.827276],[75.423983,22.82819],[75.424152,22.828376],[75.424209,22.828481],[75.424266,22.82859],[75.424295,22.828743],[75.42429,22.828866],[75.424261,22.828966],[75.424223,22.82908],[75.424195,22.829195],[75.424181,22.829437],[75.424266,22.830089],[75.42439,22.830622],[75.424531,22.830977],[75.424612,22.831111],[75.424742,22.831327],[75.425022,22.831201],[75.425394,22.831094],[75.425545,22.831066],[75.425655,22.831021],[75.42576,22.830951],[75.42626,22.830718],[75.427236,22.830368],[75.427739,22.830257],[75.428149,22.830285],[75.428415,22.830333],[75.428644,22.830447],[75.428977,22.830704],[75.428986,22.830707],[75.429192,22.830675],[75.429701,22.830499],[75.430132,22.830299],[75.430624,22.830177],[75.430892,22.830133],[75.431537,22.82999],[75.431576,22.82999],[75.432108,22.829923],[75.432305,22.82992],[75.433082,22.830109],[75.43362,22.830305],[75.43433,22.830566],[75.435069,22.830925],[75.435494,22.831386],[75.435616,22.831494],[75.435624,22.831501],[75.435553,22.831637],[75.435539,22.831671],[75.435474,22.831796],[75.435434,22.831875],[75.435379,22.83205],[75.435332,22.832226],[75.435314,22.832291],[75.435313,22.832294],[75.435282,22.832368],[75.435264,22.832401],[75.435214,22.83258],[75.435163,22.832758],[75.435113,22.832937],[75.435063,22.833115],[75.435007,22.833292],[75.434992,22.833323],[75.434976,22.833357],[75.434944,22.833468],[75.434902,22.833646],[75.434862,22.833823],[75.434823,22.834],[75.434793,22.834124],[75.434781,22.834176],[75.434742,22.834352],[75.434705,22.834527],[75.434664,22.834703],[75.434629,22.834876],[75.434594,22.835021],[75.434573,22.835049],[75.434546,22.835224],[75.434545,22.83523],[75.434518,22.835399],[75.434496,22.835574],[75.434478,22.835748],[75.434452,22.83592],[75.434432,22.836004],[75.434403,22.836094],[75.434374,22.83627],[75.434344,22.836446],[75.434314,22.836622],[75.434278,22.836796],[75.434248,22.836969],[75.434218,22.837142],[75.434196,22.837276],[75.434189,22.837316],[75.434167,22.837487],[75.434155,22.837662],[75.434149,22.83771],[75.434054,22.838188],[75.43392,22.839311],[75.433697,22.8411],[75.433625,22.842043],[75.433547,22.843642],[75.433568,22.845333],[75.434867,22.845091],[75.435645,22.844919],[75.43795,22.84441],[75.437954,22.844421],[75.438101,22.84471],[75.438274,22.845035],[75.438348,22.845174],[75.438518,22.845494],[75.438627,22.84571],[75.438742,22.84593],[75.438853,22.846087],[75.438857,22.846148],[75.439049,22.846533],[75.439223,22.846866],[75.439375,22.847163],[75.439473,22.847346],[75.43958,22.847557],[75.439718,22.847838],[75.43983,22.848037],[75.439927,22.848204],[75.440159,22.848589],[75.440536,22.849239],[75.440713,22.849529],[75.440872,22.849802],[75.441036,22.850129],[75.441164,22.85034],[75.44122,22.850451],[75.441316,22.850644],[75.441499,22.850968],[75.441642,22.851225],[75.441702,22.85168],[75.441773,22.85199],[75.441789,22.852097],[75.441816,22.852287],[75.441818,22.852296],[75.441822,22.852327],[75.441823,22.852331],[75.441881,22.852691],[75.441988,22.853393],[75.442012,22.853726],[75.442036,22.854034],[75.442061,22.854342],[75.442083,22.854651],[75.442109,22.85496],[75.442133,22.855268],[75.442157,22.855576],[75.442177,22.855888],[75.442202,22.856199],[75.442227,22.85651],[75.442238,22.856716],[75.442245,22.857118],[75.442247,22.857416],[75.442249,22.857713],[75.442249,22.858009],[75.442258,22.858307],[75.44226,22.858604],[75.442261,22.858903],[75.442266,22.859202],[75.442271,22.859836],[75.442254,22.860347],[75.442255,22.860838],[75.442254,22.861097],[75.442253,22.861383],[75.442244,22.861669],[75.442243,22.861955],[75.442238,22.86232],[75.442254,22.862398],[75.442296,22.862725],[75.442332,22.86309],[75.44237,22.863458],[75.44241,22.863822],[75.442452,22.864184],[75.442488,22.864551],[75.442587,22.865297],[75.442611,22.865506],[75.44263,22.865738],[75.442649,22.866092],[75.442667,22.866446],[75.442689,22.866994],[75.442649,22.86743],[75.442545,22.867427],[75.442465,22.867428],[75.440887,22.867652],[75.439986,22.867785],[75.438635,22.867986],[75.437441,22.868162],[75.437375,22.868171],[75.437535,22.868822],[75.437745,22.869655],[75.437804,22.869887],[75.437862,22.870119],[75.437921,22.87035],[75.437975,22.870576],[75.438037,22.870811],[75.438097,22.871044],[75.438155,22.871277],[75.438217,22.871511],[75.438327,22.871956],[75.438355,22.872071],[75.438489,22.872609],[75.438533,22.872817],[75.438682,22.873306],[75.438743,22.87351],[75.438807,22.873717],[75.438868,22.873925],[75.438935,22.87413],[75.438997,22.874337],[75.43906,22.87454],[75.439114,22.874745],[75.439196,22.87501],[75.439275,22.875278],[75.439338,22.875484],[75.439401,22.875689],[75.439463,22.875895],[75.439521,22.876098],[75.439721,22.876824],[75.439757,22.876926],[75.439874,22.877243],[75.439991,22.877561],[75.440105,22.87788],[75.440201,22.878193],[75.440259,22.878512],[75.440318,22.87883],[75.440375,22.879149],[75.440429,22.879468],[75.440481,22.879741],[75.440552,22.880098],[75.440601,22.880416],[75.440658,22.880736],[75.440867,22.881975],[75.440881,22.882234],[75.440889,22.882379],[75.440896,22.882494],[75.440895,22.882712],[75.440916,22.883115],[75.440926,22.883522],[75.440942,22.883928],[75.440952,22.884335],[75.440965,22.884743],[75.440981,22.885151],[75.440997,22.885559],[75.441017,22.885961],[75.441025,22.886363],[75.441039,22.886765],[75.441054,22.887167],[75.441069,22.887572],[75.441059,22.887973],[75.441052,22.888378],[75.441052,22.88841],[75.441049,22.889185],[75.441034,22.889902],[75.44102,22.890131],[75.441018,22.890174],[75.440768,22.890161],[75.440709,22.890326],[75.440696,22.89053],[75.440687,22.890707],[75.440676,22.890873],[75.44066,22.891242],[75.440658,22.891285],[75.440641,22.891618],[75.440624,22.891902],[75.440605,22.89224],[75.440591,22.892535],[75.440577,22.892814],[75.440593,22.893165],[75.440602,22.893414],[75.440605,22.893675],[75.440616,22.893979],[75.440625,22.894278],[75.440636,22.894552],[75.440654,22.894932],[75.440654,22.895148],[75.440641,22.895382],[75.440677,22.895548],[75.440699,22.895694],[75.440662,22.895926],[75.440628,22.89619],[75.440583,22.896419],[75.440517,22.896762],[75.440468,22.897033],[75.440426,22.897376],[75.440403,22.897551],[75.440353,22.897713],[75.440133,22.899129],[75.440067,22.899462],[75.439972,22.89986],[75.439871,22.901234],[75.439895,22.901367],[75.439907,22.901437],[75.439824,22.902757],[75.439669,22.904524],[75.439586,22.905161],[75.439502,22.905732],[75.439372,22.906374],[75.439223,22.907469],[75.43996,22.907623],[75.440436,22.907736],[75.441305,22.907891],[75.441311,22.907974],[75.442239,22.908212],[75.442447,22.908319],[75.443417,22.908706],[75.443756,22.908873],[75.444041,22.90898],[75.444565,22.909158],[75.445148,22.90939],[75.445951,22.909688],[75.447099,22.910245],[75.448604,22.911002],[75.449175,22.911246],[75.44949,22.911336],[75.449449,22.912048],[75.449431,22.912349],[75.449634,22.912542],[75.44989,22.912751],[75.450138,22.912994],[75.4504,22.913226],[75.450676,22.913475],[75.450942,22.913712],[75.45105,22.913812],[75.451101,22.91384],[75.451138,22.913853],[75.451217,22.91388],[75.451611,22.914021],[75.45211,22.914222],[75.452577,22.914403],[75.453169,22.914633],[75.453509,22.914764],[75.453852,22.914898],[75.454192,22.915035],[75.454485,22.915152],[75.454564,22.915176],[75.4551,22.915204],[75.455579,22.91525],[75.455793,22.915264],[75.456184,22.915287],[75.456506,22.915301],[75.456607,22.915308],[75.456729,22.915317],[75.456859,22.915296],[75.457379,22.917182],[75.457674,22.918248],[75.458258,22.919919],[75.458429,22.920566],[75.458886,22.922917],[75.458886,22.923127],[75.459619,22.925449],[75.459676,22.925677],[75.459781,22.926306],[75.459833,22.926384],[75.459857,22.92642],[75.460057,22.92642],[75.461028,22.92623],[75.463112,22.926077],[75.464778,22.926011],[75.466063,22.925944],[75.467452,22.925839],[75.468011,22.92583],[75.468438,22.926023],[75.469237,22.92637],[75.469536,22.9265],[75.469911,22.926666],[75.470088,22.926729],[75.470602,22.926716],[75.470834,22.92672],[75.471153,22.926717],[75.471775,22.926699],[75.472277,22.926694],[75.472639,22.926666],[75.472919,22.926653],[75.473213,22.926633],[75.473509,22.926615],[75.473804,22.926595],[75.474099,22.926575],[75.474394,22.926555],[75.474689,22.926535],[75.474997,22.926515],[75.475316,22.926491],[75.475643,22.926467],[75.475969,22.926441],[75.476097,22.926431],[75.476131,22.926428],[75.476569,22.926622],[75.47644,22.926734],[75.476391,22.926829],[75.476415,22.927348],[75.476467,22.928105],[75.476477,22.928466],[75.47652,22.929123],[75.476567,22.929566],[75.476634,22.929837],[75.476686,22.929985],[75.476781,22.930503],[75.476862,22.930903],[75.476834,22.931098],[75.476858,22.931355],[75.476924,22.931693],[75.476981,22.932136],[75.476996,22.932397],[75.476977,22.93264],[75.476934,22.933021],[75.476934,22.933411],[75.476891,22.933858],[75.476777,22.933939],[75.476805,22.934044],[75.476843,22.934215],[75.476872,22.93442],[75.476915,22.93492],[75.476919,22.935386],[75.476924,22.935881],[75.476891,22.936152],[75.476877,22.936676],[75.476896,22.936994],[75.4769,22.937765],[75.476839,22.938822],[75.476857,22.939644],[75.476531,22.93974],[75.476228,22.939827],[75.475957,22.939903],[75.475712,22.939941],[75.475492,22.939927],[75.475143,22.939909],[75.474698,22.939934],[75.473997,22.939964],[75.473202,22.940003],[75.4724,22.940045],[75.471597,22.940097],[75.471158,22.940129],[75.470797,22.940155],[75.470588,22.940168],[75.470589,22.940266],[75.470433,22.940318],[75.469977,22.94034],[75.469158,22.940377],[75.468384,22.940416],[75.468235,22.94042],[75.467812,22.940438],[75.467538,22.940443],[75.466886,22.940454],[75.466087,22.940478],[75.465643,22.940492],[75.465359,22.940528],[75.464536,22.940689],[75.463788,22.94084],[75.463736,22.94085],[75.46293,22.941014],[75.462125,22.941173],[75.461298,22.941337],[75.460472,22.941497],[75.459643,22.941659],[75.458805,22.941816],[75.457968,22.941978],[75.457135,22.94214],[75.456712,22.942215],[75.456673,22.94222],[75.45661,22.942228],[75.456783,22.942643],[75.456888,22.942968],[75.456925,22.943134],[75.457039,22.943633],[75.457158,22.944125],[75.457274,22.944616],[75.457387,22.945109],[75.457502,22.945599],[75.457613,22.946097],[75.457734,22.946596],[75.457849,22.947092],[75.457964,22.947591],[75.458084,22.94809],[75.458117,22.948342],[75.458149,22.948473],[75.458201,22.948721],[75.458262,22.948994],[75.458329,22.949328],[75.458378,22.94954],[75.458409,22.949691],[75.458459,22.949916],[75.458529,22.950272],[75.458586,22.950523],[75.458664,22.950896],[75.458734,22.951126],[75.458772,22.951201],[75.458783,22.951239],[75.458865,22.951431],[75.458913,22.951594],[75.458934,22.951848],[75.459138,22.952348],[75.459405,22.952843],[75.459448,22.953],[75.459471,22.953195],[75.459533,22.953471],[75.459643,22.953814],[75.459676,22.953985],[75.459752,22.954318],[75.459814,22.954504],[75.460052,22.955046],[75.460385,22.95586],[75.460656,22.956488],[75.460756,22.956759],[75.460856,22.957064],[75.461108,22.95783],[75.461437,22.958915],[75.461599,22.959291],[75.461741,22.959624],[75.461889,22.9599],[75.461979,22.960081],[75.462098,22.960514],[75.462251,22.961066],[75.462308,22.961214],[75.462441,22.961642],[75.462807,22.962646],[75.46295,22.962941],[75.463074,22.963103],[75.463179,22.963312],[75.463259,22.963469],[75.46335,22.963717],[75.463378,22.963926],[75.463378,22.963998],[75.463321,22.964102],[75.463278,22.964159],[75.463283,22.964231],[75.463364,22.964716],[75.463416,22.96513],[75.463493,22.965468],[75.463612,22.96603],[75.463797,22.967005],[75.46385,22.967219],[75.463854,22.967486],[75.46384,22.967724],[75.463859,22.967843],[75.463916,22.968],[75.463978,22.968171],[75.464083,22.968542],[75.464173,22.969204],[75.464202,22.969537],[75.464225,22.969666],[75.465449,22.969694],[75.466253,22.969623],[75.467523,22.969613],[75.468908,22.969613],[75.46946,22.969627],[75.470165,22.96957],[75.470978,22.969556],[75.471768,22.969556],[75.471711,22.96888],[75.471749,22.968804],[75.471783,22.968723],[75.471854,22.968657],[75.471902,22.968657],[75.471963,22.968709],[75.471978,22.968761],[75.472035,22.968833],[75.472159,22.968833],[75.472273,22.968785],[75.472473,22.968642],[75.472535,22.968542],[75.472654,22.968423],[75.472701,22.968352],[75.47272,22.968276],[75.472682,22.968195],[75.472611,22.968071],[75.472516,22.96799],[75.472439,22.967919],[75.472392,22.967857],[75.472368,22.967786],[75.472392,22.96771],[75.472558,22.967624],[75.472682,22.967591],[75.472806,22.9676],[75.472911,22.967638],[75.47302,22.967633],[75.473068,22.9676],[75.473187,22.967553],[75.473206,22.967505],[75.473196,22.967434],[75.473163,22.967396],[75.473096,22.967367],[75.473058,22.967324],[75.473058,22.967248],[75.473058,22.967158],[75.473058,22.967053],[75.473077,22.967005],[75.473148,22.966972],[75.473248,22.967001],[75.473401,22.96701],[75.473463,22.967043],[75.473463,22.967139],[75.473424,22.967196],[75.473382,22.967248],[75.473382,22.967272],[75.473415,22.967324],[75.473458,22.9674],[75.473463,22.967472],[75.473486,22.967529],[75.473543,22.96761],[75.473639,22.967681],[75.47371,22.967672],[75.473824,22.967605],[75.473872,22.967476],[75.473881,22.967396],[75.47391,22.967296],[75.473943,22.967267],[75.47401,22.967238],[75.474081,22.967238],[75.474119,22.967253],[75.4742,22.967262],[75.474329,22.967267],[75.474443,22.967272],[75.474581,22.967334],[75.474609,22.967362],[75.474643,22.96741],[75.474643,22.967495],[75.474614,22.96751],[75.474524,22.967591],[75.474505,22.967629],[75.474476,22.967714],[75.474481,22.967814],[75.474514,22.967852],[75.474543,22.967924],[75.4745,22.967948],[75.474414,22.967938],[75.4743,22.967938],[75.474257,22.967986],[75.474257,22.968047],[75.474319,22.968205],[75.474376,22.96829],[75.474529,22.968271],[75.4746,22.968247],[75.474667,22.968266],[75.474695,22.968352],[75.474681,22.968409],[75.474628,22.968433],[75.474567,22.968419],[75.474486,22.968442],[75.474476,22.968462],[75.47449,22.968538],[75.474524,22.968609],[75.4746,22.968685],[75.47469,22.968685],[75.474747,22.968666],[75.474833,22.968671],[75.474885,22.968695],[75.474966,22.968761],[75.474966,22.968833],[75.474947,22.968885],[75.4749,22.968895],[75.474771,22.968895],[75.474643,22.968885],[75.47459,22.968904],[75.474548,22.968947],[75.474562,22.969018],[75.474609,22.969052],[75.474705,22.969052],[75.474771,22.969023],[75.474857,22.969014],[75.474914,22.969047],[75.475,22.969033],[75.475043,22.968985],[75.475076,22.968918],[75.47509,22.968861],[75.475161,22.968818],[75.475209,22.968804],[75.475247,22.968799],[75.475285,22.968728],[75.475299,22.968676],[75.475314,22.968576],[75.475333,22.968528],[75.475414,22.968495],[75.475566,22.968462],[75.475604,22.968447],[75.475652,22.968414],[75.475718,22.968404],[75.475752,22.968423],[75.475771,22.968509],[75.475766,22.968576],[75.475733,22.968647],[75.475694,22.968704],[75.475671,22.968761],[75.475699,22.968818],[75.475747,22.968856],[75.475842,22.968833],[75.47598,22.968828],[75.476061,22.96888],[75.476051,22.968995],[75.476061,22.969085],[75.476156,22.96909],[75.476227,22.969052],[75.47628,22.969028],[75.476327,22.969061],[75.476389,22.969109],[75.47647,22.969085],[75.476475,22.969037],[75.47647,22.968995],[75.476451,22.968928],[75.476456,22.96889],[75.47647,22.968856],[75.476484,22.968847],[75.476542,22.968852],[75.47658,22.968895],[75.476608,22.968933],[75.476642,22.969004],[75.47667,22.96908],[75.476694,22.969152],[75.476784,22.969223],[75.476913,22.969237],[75.476994,22.969213],[75.477051,22.969161],[75.477117,22.969109],[75.477208,22.969052],[75.477213,22.968985],[75.477179,22.968952],[75.477089,22.968871],[75.477108,22.968785],[75.47716,22.968747],[75.477255,22.968728],[75.47737,22.968733],[75.477451,22.968785],[75.477541,22.968885],[75.47756,22.968942],[75.477598,22.968956],[75.477826,22.968937],[75.477898,22.968971],[75.477926,22.969009],[75.477969,22.969066],[75.477969,22.969133],[75.477903,22.969213],[75.477812,22.969275],[75.477784,22.969342],[75.477769,22.969428],[75.477731,22.969456],[75.477574,22.969547],[75.477579,22.969627],[75.477617,22.96967],[75.477746,22.969666],[75.477822,22.969699],[75.477846,22.969799],[75.477931,22.969865],[75.478022,22.969832],[75.478093,22.969804],[75.478098,22.969742],[75.478106,22.969637],[75.4781,22.969572],[75.4781,22.969536],[75.478112,22.9695],[75.478171,22.969453],[75.478273,22.969429],[75.47838,22.969423],[75.478481,22.969375],[75.47854,22.96934],[75.478606,22.969262],[75.478719,22.969232],[75.478766,22.969292],[75.478766,22.969357],[75.478725,22.969411],[75.478766,22.969464],[75.478856,22.96947],[75.478915,22.969542],[75.478969,22.969655],[75.479028,22.969667],[75.479099,22.969655],[75.479171,22.969595],[75.479171,22.969548],[75.479129,22.969512],[75.47904,22.969464],[75.478998,22.969423],[75.478981,22.969363],[75.479004,22.96928],[75.479052,22.969232],[75.479177,22.969244],[75.479314,22.969244],[75.479379,22.969191],[75.479403,22.969102],[75.479373,22.968983],[75.479308,22.968923],[75.47926,22.968834],[75.479326,22.968739],[75.479439,22.968679],[75.47954,22.968697],[75.479581,22.968757],[75.479605,22.968852],[75.479629,22.968971],[75.479651,22.969127],[75.479748,22.969108],[75.479855,22.969102],[75.479974,22.96903],[75.480087,22.969024],[75.480194,22.969012],[75.480194,22.968911],[75.480194,22.968822],[75.480224,22.968763],[75.480289,22.968685],[75.480533,22.968536],[75.48067,22.968548],[75.480848,22.96856],[75.481164,22.96859],[75.48166,22.968572],[75.481895,22.968494],[75.483458,22.96803],[75.486505,22.966779],[75.486728,22.966694],[75.486954,22.966867],[75.487062,22.966925],[75.48768,22.967259],[75.487977,22.96758],[75.488096,22.967949],[75.488049,22.968413],[75.487942,22.968949],[75.487846,22.969377],[75.487763,22.969769],[75.487739,22.970245],[75.487858,22.970947],[75.488025,22.97128],[75.488251,22.971554],[75.488644,22.971947],[75.489036,22.972327],[75.489227,22.972684],[75.489322,22.973041],[75.489369,22.973315],[75.489393,22.973648],[75.489393,22.974029],[75.489393,22.974528],[75.489393,22.975016],[75.489465,22.975885],[75.48956,22.976813],[75.489702,22.977372],[75.489893,22.977883],[75.490036,22.978228],[75.490309,22.97855],[75.490785,22.978835],[75.491202,22.979192],[75.491392,22.979478],[75.491558,22.979787],[75.491654,22.980084],[75.491666,22.980358],[75.491773,22.981084],[75.491773,22.981405],[75.491832,22.981667],[75.491927,22.982166],[75.491951,22.982428],[75.492106,22.982785],[75.492367,22.98319],[75.492522,22.983487],[75.492665,22.983761],[75.492915,22.98426],[75.493224,22.984713],[75.493532,22.98512],[75.493346,22.985362],[75.493204,22.985548],[75.493046,22.985641],[75.492925,22.985748],[75.492768,22.985812],[75.492654,22.985812],[75.492447,22.985727],[75.492211,22.985698],[75.492054,22.985677],[75.491911,22.985677],[75.491804,22.985734],[75.49174,22.985848],[75.491712,22.986005],[75.491626,22.986112],[75.491526,22.986176],[75.49144,22.986219],[75.491348,22.986219],[75.491248,22.986198],[75.491148,22.986141],[75.491012,22.986076],[75.490834,22.986012],[75.490677,22.985998],[75.490491,22.985955],[75.490348,22.985898],[75.490248,22.985805],[75.490163,22.985641],[75.490063,22.985534],[75.48997,22.985484],[75.489877,22.98552],[75.489806,22.985555],[75.489756,22.985705],[75.489749,22.985798],[75.489677,22.985926],[75.489563,22.986055],[75.489377,22.986183],[75.48927,22.986333],[75.489249,22.986512],[75.48922,22.986783],[75.489156,22.986976],[75.489113,22.987183],[75.488963,22.987397],[75.488863,22.987511],[75.488578,22.987647],[75.488271,22.987782],[75.487771,22.988039],[75.487643,22.988068],[75.487414,22.988011],[75.48727,22.98785],[75.486762,22.987159],[75.48642,22.987366],[75.485621,22.986178],[75.485556,22.986153],[75.484476,22.986028],[75.484028,22.985839],[75.483686,22.985703],[75.483439,22.985583],[75.482394,22.985582],[75.481266,22.985621],[75.47845,22.986039],[75.47716,22.986278],[75.475791,22.986524],[75.475311,22.986684],[75.475156,22.986719],[75.474118,22.986834],[75.473836,22.986863],[75.473798,22.986867],[75.47373,22.987343],[75.473675,22.987745],[75.473662,22.987838],[75.473619,22.988147],[75.473606,22.98824],[75.473591,22.988321],[75.473678,22.989529],[75.473613,22.991107],[75.473563,22.991849],[75.473777,22.992019],[75.473863,22.992356],[75.473899,22.994673],[75.473935,22.996132],[75.47392,22.997588],[75.473906,22.998267],[75.474006,22.999387],[75.473978,23.000516],[75.47411,23.001902],[75.474228,23.002839],[75.473359,23.003059],[75.472992,23.003168],[75.472307,23.003363],[75.471726,23.003549],[75.471198,23.003706],[75.470832,23.003796],[75.470213,23.003967],[75.469547,23.004139],[75.469109,23.004258],[75.468743,23.004305],[75.468114,23.004382],[75.46721,23.004481],[75.466706,23.004524],[75.465992,23.004615],[75.465383,23.004677],[75.46514,23.004705],[75.462409,23.005119],[75.46218,23.005143],[75.461619,23.005191],[75.460838,23.00529],[75.4602,23.005381],[75.45992,23.005405],[75.459777,23.005419],[75.459591,23.005486],[75.460193,23.006994],[75.461535,23.008032],[75.463334,23.009238],[75.46381,23.00947],[75.464376,23.009866],[75.464825,23.01018],[75.466657,23.011759],[75.46777,23.012302],[75.469473,23.012836],[75.470715,23.013486],[75.471924,23.014479],[75.472317,23.01476],[75.472953,23.015352],[75.473231,23.01558],[75.473417,23.015673],[75.473873,23.01588],[75.474387,23.016137],[75.47478,23.016316],[75.475337,23.016566],[75.475672,23.016751],[75.476134,23.01694],[75.476811,23.017121],[75.477728,23.0173],[75.478739,23.017397],[75.479955,23.017389],[75.48073,23.017441],[75.480745,23.017169],[75.483653,23.017526],[75.484122,23.017584],[75.484307,23.017549],[75.485879,23.01642],[75.487244,23.015465],[75.487628,23.015197],[75.487776,23.014708],[75.487778,23.014141],[75.487567,23.012661],[75.487408,23.011356],[75.487112,23.009313],[75.486947,23.007298],[75.486938,23.00574],[75.486993,23.00455],[75.487681,23.003833],[75.488942,23.00318],[75.490548,23.002944],[75.491973,23.002822],[75.492582,23.002744],[75.494245,23.002994],[75.494504,23.00281],[75.494884,23.002564],[75.495302,23.001838],[75.495766,23.000692],[75.496125,22.999987],[75.496651,22.999775],[75.497261,22.999529],[75.49746,22.999982],[75.497608,22.999793],[75.49771,22.999692],[75.497775,22.999609],[75.497906,22.999484],[75.497983,22.999419],[75.498049,22.999401],[75.498132,22.999401],[75.498168,22.999466],[75.498203,22.999549],[75.498245,22.999734],[75.498287,22.999853],[75.498334,23.000002],[75.498477,23.000109],[75.49862,23.000174],[75.498685,23.000287],[75.498685,23.000382],[75.498673,23.000471],[75.498655,23.000561],[75.498663,23.000701],[75.498677,23.000815],[75.501047,23.000958],[75.50231,23.001137],[75.502945,23.001081],[75.502953,23.001215],[75.502996,23.001472],[75.503138,23.001772],[75.503274,23.002079],[75.50333,23.002188],[75.503536,23.002412],[75.503961,23.002643],[75.50453,23.004088],[75.50503,23.005163],[75.505623,23.00624],[75.505788,23.006421],[75.505939,23.006551],[75.50614,23.006723],[75.506502,23.007159],[75.506652,23.007497],[75.506691,23.007767],[75.506772,23.008325],[75.506772,23.008496],[75.506972,23.009745],[75.507162,23.01096],[75.507236,23.01143],[75.507384,23.012429],[75.508416,23.011809],[75.509534,23.01262],[75.509784,23.012551],[75.510105,23.013072],[75.510308,23.013391],[75.510662,23.01395],[75.510956,23.014395],[75.511255,23.014849],[75.511497,23.015306],[75.511712,23.015742],[75.511919,23.016227],[75.511983,23.016498],[75.511979,23.01658],[75.511976,23.016663],[75.511926,23.016884],[75.511854,23.017091],[75.511733,23.017262],[75.511519,23.017441],[75.511347,23.017533],[75.511087,23.017629],[75.511055,23.01764],[75.510719,23.017748],[75.510434,23.017819],[75.51002,23.017862],[75.50967,23.017912],[75.509213,23.017947],[75.508663,23.017997],[75.508314,23.018019],[75.507957,23.018119],[75.5077,23.018212],[75.507414,23.01834],[75.507086,23.018633],[75.506722,23.01904],[75.506458,23.019468],[75.506343,23.019768],[75.506265,23.020096],[75.506244,23.020524],[75.506294,23.020803],[75.506393,23.02101],[75.506501,23.021131],[75.506629,23.021374],[75.5068,23.021624],[75.506957,23.021874],[75.50705,23.022109],[75.507186,23.022366],[75.507371,23.022602],[75.507578,23.022773],[75.507743,23.022894],[75.507985,23.023023],[75.508178,23.023059],[75.508364,23.023044],[75.508549,23.022951],[75.508735,23.02278],[75.508942,23.022623],[75.509177,23.022466],[75.509463,23.022288],[75.509706,23.022202],[75.509913,23.022166],[75.510141,23.022145],[75.510427,23.022131],[75.510655,23.022152],[75.510869,23.022223],[75.511048,23.02228],[75.511547,23.02243],[75.512033,23.022573],[75.51244,23.022644],[75.512547,23.022651],[75.512782,23.022666],[75.513011,23.022637],[75.513311,23.02258],[75.513632,23.022466],[75.513917,23.022338],[75.514296,23.022159],[75.514703,23.021959],[75.515359,23.021745],[75.515759,23.021695],[75.516045,23.021752],[75.516273,23.021831],[75.516459,23.021909],[75.516652,23.022127],[75.516753,23.02241],[75.516791,23.022638],[75.51682,23.023067],[75.516753,23.023552],[75.516611,23.024142],[75.516515,23.024599],[75.516454,23.024793],[75.515602,23.02616],[75.515297,23.02676],[75.515107,23.027407],[75.51505,23.027778],[75.515062,23.028047],[75.515126,23.028346],[75.51524,23.028625],[75.515334,23.028792],[75.515887,23.029349],[75.516401,23.029891],[75.516706,23.030224],[75.517087,23.030576],[75.517534,23.031005],[75.517934,23.031347],[75.518219,23.031766],[75.518343,23.032128],[75.5184,23.032566],[75.518324,23.032956],[75.518199,23.033286],[75.517581,23.034574],[75.516925,23.035706],[75.516477,23.036582],[75.516392,23.036777],[75.516208,23.037353],[75.516163,23.037677],[75.516163,23.038114],[75.516205,23.038573],[75.516318,23.038947],[75.516411,23.039142],[75.516734,23.039618],[75.517125,23.040085],[75.517677,23.040408],[75.518172,23.040627],[75.518193,23.040635],[75.519057,23.04097],[75.519923,23.041255],[75.520375,23.041384],[75.520555,23.040985],[75.520528,23.040844],[75.52051,23.040708],[75.520474,23.040535],[75.520445,23.040226],[75.520344,23.040017],[75.520302,23.039851],[75.520266,23.039613],[75.520308,23.039393],[75.520266,23.039214],[75.520159,23.038834],[75.520207,23.038572],[75.520308,23.038471],[75.520409,23.038471],[75.520513,23.038471],[75.520646,23.038472],[75.520688,23.038476],[75.520739,23.038564],[75.520772,23.038621],[75.520867,23.038727],[75.520942,23.038774],[75.521148,23.038778],[75.521167,23.038735],[75.521158,23.03864],[75.52111,23.038521],[75.521101,23.038407],[75.520961,23.038169],[75.520805,23.038117],[75.520701,23.038145],[75.520558,23.03814],[75.520403,23.038114],[75.520308,23.038084],[75.520242,23.037983],[75.520242,23.037906],[75.520189,23.037864],[75.519999,23.037858],[75.519808,23.037745],[75.51963,23.037703],[75.519588,23.037697],[75.519517,23.037614],[75.519487,23.037555],[75.519439,23.037436],[75.519398,23.037305],[75.519392,23.037198],[75.519404,23.037115],[75.519463,23.037067],[75.519505,23.037067],[75.519618,23.037067],[75.519784,23.037091],[75.519963,23.037061],[75.520064,23.037103],[75.520117,23.037174],[75.520195,23.037198],[75.520278,23.037198],[75.520349,23.037198],[75.520421,23.037216],[75.520421,23.037275],[75.520463,23.0374],[75.520552,23.037454],[75.520647,23.037442],[75.520677,23.0374],[75.520635,23.037293],[75.520599,23.037198],[75.520623,23.03712],[75.520683,23.037067],[75.520683,23.037013],[75.520695,23.036954],[75.520796,23.036924],[75.520843,23.036888],[75.520873,23.036841],[75.520897,23.03677],[75.520891,23.036698],[75.520932,23.036639],[75.521016,23.036639],[75.52117,23.036621],[75.52126,23.036627],[75.521355,23.036668],[75.52148,23.036668],[75.521611,23.036651],[75.521736,23.03668],[75.521843,23.036752],[75.521938,23.03674],[75.522057,23.036651],[75.522164,23.036597],[75.522277,23.036514],[75.522366,23.036448],[75.522461,23.036424],[75.522539,23.036424],[75.522574,23.036436],[75.522622,23.036508],[75.522669,23.036549],[75.522747,23.036549],[75.52279,23.036547],[75.523167,23.036524],[75.523472,23.036423],[75.523876,23.036451],[75.52428,23.036429],[75.524925,23.036316],[75.525388,23.036265],[75.525507,23.036201],[75.525668,23.036059],[75.52575,23.035951],[75.526066,23.03561],[75.526192,23.035518],[75.526386,23.035345],[75.526486,23.035217],[75.526585,23.034998],[75.52662,23.034758],[75.526664,23.034709],[75.526786,23.034592],[75.526835,23.034405],[75.526816,23.034286],[75.526783,23.034153],[75.526691,23.033878],[75.526607,23.033609],[75.526885,23.03331],[75.527151,23.033109],[75.527456,23.033247],[75.527603,23.033284],[75.528496,23.033554],[75.529515,23.033863],[75.53094,23.034309],[75.531647,23.034514],[75.531761,23.034555],[75.532018,23.034653],[75.532696,23.034907],[75.532922,23.034992],[75.532967,23.035027],[75.533055,23.035177],[75.533113,23.035434],[75.533132,23.035691],[75.533166,23.03587],[75.533235,23.036373],[75.53327,23.036436],[75.533337,23.036487],[75.533704,23.036581],[75.533978,23.036685],[75.534033,23.036724],[75.534133,23.036816],[75.534278,23.037009],[75.534405,23.037143],[75.53447,23.037208],[75.534603,23.037379],[75.534728,23.037651],[75.534801,23.037854],[75.534993,23.038447],[75.535031,23.038567],[75.535049,23.038633],[75.535076,23.038796],[75.535191,23.039686],[75.535416,23.040679],[75.535589,23.041621],[75.53566,23.041837],[75.535768,23.042068],[75.535836,23.042222],[75.536161,23.042854],[75.536312,23.043105],[75.536701,23.043591],[75.53711,23.044257],[75.537481,23.044752],[75.537757,23.045009],[75.538357,23.045532],[75.538823,23.045894],[75.539771,23.046502],[75.539961,23.046628],[75.539994,23.046655],[75.540403,23.04695],[75.540851,23.047207],[75.541441,23.047407],[75.542031,23.047588],[75.542621,23.047836],[75.543227,23.048038],[75.543852,23.048208],[75.54434,23.048313],[75.544581,23.048368],[75.54483,23.048438],[75.5449,23.048468],[75.544909,23.048562],[75.544922,23.048598],[75.544963,23.048654],[75.545011,23.048685],[75.545074,23.04871],[75.545036,23.048811],[75.544978,23.048974],[75.544908,23.049658],[75.544821,23.05083],[75.54475,23.051101],[75.544657,23.051244],[75.544657,23.051458],[75.544472,23.053299],[75.544436,23.054592],[75.544472,23.056098],[75.544472,23.057276],[75.544543,23.057968],[75.544507,23.058532],[75.544514,23.058846],[75.544593,23.059845],[75.544629,23.060502],[75.544771,23.061145],[75.5449,23.061751],[75.544921,23.062087],[75.545214,23.062344],[75.545421,23.062551],[75.545699,23.062722],[75.546113,23.062879],[75.546792,23.063058],[75.54702,23.063079],[75.547184,23.063129],[75.547434,23.063243],[75.548233,23.063457],[75.54974,23.063893],[75.550903,23.064171],[75.552131,23.0644],[75.553316,23.064571],[75.553994,23.064657],[75.554822,23.064771],[75.555036,23.064792],[75.555579,23.064721],[75.555886,23.064721],[75.556764,23.064714],[75.557742,23.064692],[75.558663,23.064671],[75.559277,23.064764],[75.560297,23.064857],[75.560968,23.064899],[75.561582,23.064899],[75.562232,23.064906],[75.562687,23.064877],[75.563175,23.064813],[75.563448,23.064804],[75.563456,23.064804],[75.563887,23.064818],[75.564138,23.064826],[75.564229,23.06499],[75.564396,23.06529],[75.56453,23.065542],[75.56473,23.065906],[75.564901,23.066184],[75.565055,23.06639],[75.565259,23.066627],[75.56558,23.067162],[75.565694,23.067378],[75.56571,23.067413],[75.565717,23.067428],[75.565842,23.067697],[75.566127,23.068104],[75.566227,23.068242],[75.566536,23.068667],[75.566593,23.068783],[75.566631,23.068859],[75.56684,23.069225],[75.567193,23.069703],[75.567286,23.069925],[75.567318,23.070095],[75.567367,23.070355],[75.567381,23.070414],[75.567429,23.070546],[75.567586,23.070903],[75.567673,23.071114],[75.567286,23.071167],[75.566072,23.07131],[75.565145,23.071396],[75.565215,23.071706],[75.565574,23.073036],[75.566078,23.074834],[75.565802,23.074912],[75.565622,23.074963],[75.565558,23.074972],[75.564869,23.075113],[75.564342,23.075145],[75.563899,23.075209],[75.563997,23.076074],[75.564011,23.076408],[75.564021,23.076659],[75.564033,23.077087],[75.564064,23.077496],[75.564068,23.077802],[75.563907,23.077834],[75.563873,23.077841],[75.563865,23.077906],[75.563857,23.07798],[75.563874,23.07817],[75.563926,23.078426],[75.56432,23.079931],[75.56479,23.081385],[75.56483,23.081482],[75.565009,23.081874],[75.565205,23.082635],[75.56534,23.083098],[75.565548,23.083997],[75.565662,23.084661],[75.56584,23.086243],[75.566011,23.086785],[75.566593,23.08671],[75.567299,23.086624],[75.567653,23.086624],[75.567778,23.086654],[75.567835,23.08668],[75.567971,23.08669],[75.568756,23.086624],[75.569541,23.086565],[75.570448,23.086589],[75.571417,23.086652],[75.571398,23.086433],[75.571589,23.086447],[75.572042,23.086469],[75.572434,23.086486],[75.572784,23.086527],[75.573208,23.08654],[75.573739,23.086543],[75.574167,23.086557],[75.574218,23.086562],[75.574381,23.086571],[75.574477,23.086558],[75.574738,23.086507],[75.575302,23.086343],[75.575902,23.086236],[75.575962,23.086231],[75.576128,23.08621],[75.576618,23.086135],[75.577513,23.085947],[75.578098,23.085838],[75.578213,23.085809],[75.578517,23.085728],[75.578807,23.085661],[75.578991,23.085616],[75.579447,23.085492],[75.580015,23.085344],[75.580491,23.085301],[75.580786,23.085236],[75.581135,23.0852],[75.581399,23.085205],[75.58233,23.085331],[75.583581,23.085552],[75.585347,23.085803],[75.585425,23.085814],[75.58598,23.08589],[75.586651,23.086],[75.587027,23.086049],[75.587705,23.086175],[75.588313,23.086327],[75.589328,23.086587],[75.590226,23.086773],[75.590912,23.086883],[75.591335,23.086963],[75.591932,23.087018],[75.592629,23.08709],[75.593837,23.087236],[75.594511,23.087323],[75.595546,23.087436],[75.596779,23.087511],[75.596951,23.087526],[75.597229,23.087555],[75.597475,23.087578],[75.597838,23.087608],[75.597995,23.087627],[75.59805,23.087631],[75.598184,23.087639],[75.598323,23.087651],[75.598464,23.087666],[75.598605,23.087678],[75.59868,23.087688],[75.598749,23.087692],[75.598895,23.087711],[75.599041,23.087732],[75.599184,23.087754],[75.599325,23.08777],[75.599465,23.08779],[75.599514,23.087795],[75.600212,23.087822],[75.601297,23.087952],[75.60162,23.08799],[75.602167,23.088045],[75.602682,23.08812],[75.602918,23.088162],[75.60378,23.088342],[75.604744,23.088625],[75.605079,23.088713],[75.605411,23.0888],[75.605743,23.088881],[75.606397,23.088965],[75.60639,23.088896],[75.606388,23.08887],[75.606392,23.088762],[75.606416,23.088194],[75.606359,23.086614]]]}},{"type":"Feature","properties":{"OBJECTID":4163,"state_lgd":"23","state_name":"MADHYA PRADESH","district_lgd":"439","district_name":"INDORE","district_name_source":"district_table","subdistrict_lgd":"3544","subdistrict_name":"Dr. Ambedkar Nagar Mhow","subdistrict_type":"","name_corrupted":false,"remarks":""},"geometry":{"type":"Polygon","coordinates":[[[75.713536,22.618755],[75.713739,22.618501],[75.714438,22.618309],[75.715207,22.618098],[75.715737,22.617941],[75.715779,22.61794],[75.716941,22.617899],[75.718991,22.617814],[75.720562,22.617566],[75.721999,22.617471],[75.72296,22.617404],[75.723874,22.617347],[75.724654,22.61749],[75.724978,22.617604],[75.72513,22.617928],[75.725179,22.618552],[75.726021,22.618322],[75.726973,22.618084],[75.727485,22.617929],[75.727949,22.617834],[75.728318,22.617822],[75.728829,22.617774],[75.729698,22.617751],[75.730614,22.617691],[75.731554,22.617679],[75.73222,22.61781],[75.732684,22.617846],[75.733552,22.617881],[75.734611,22.618024],[75.73523,22.618096],[75.736884,22.618096],[75.737597,22.618084],[75.73805,22.618072],[75.738704,22.618143],[75.739054,22.618191],[75.739311,22.618286],[75.739539,22.618372],[75.739758,22.618476],[75.739948,22.618533],[75.740196,22.618572],[75.740634,22.618572],[75.7409,22.618581],[75.741148,22.618562],[75.741271,22.618533],[75.741405,22.618429],[75.741509,22.618362],[75.741623,22.618438],[75.741747,22.6185],[75.741861,22.618519],[75.741957,22.618505],[75.742076,22.618448],[75.742147,22.618405],[75.742199,22.618362],[75.742309,22.618305],[75.742423,22.6183],[75.742475,22.618338],[75.742509,22.618324],[75.742566,22.618262],[75.742651,22.618157],[75.742732,22.618081],[75.742856,22.618034],[75.742937,22.618034],[75.743027,22.618105],[75.743118,22.618143],[75.743199,22.618143],[75.743265,22.61811],[75.74336,22.618034],[75.743408,22.617977],[75.743446,22.617881],[75.743427,22.61781],[75.743375,22.617734],[75.743308,22.617667],[75.743203,22.617672],[75.743103,22.617672],[75.742989,22.617629],[75.742956,22.617563],[75.742927,22.617434],[75.742927,22.617348],[75.742932,22.617244],[75.742932,22.617168],[75.742923,22.617068],[75.742923,22.616953],[75.742889,22.616877],[75.742808,22.616849],[75.742737,22.616854],[75.742699,22.616854],[75.742675,22.616834],[75.74267,22.616768],[75.742694,22.61672],[75.742718,22.616639],[75.742713,22.616563],[75.742756,22.616506],[75.742837,22.61642],[75.74288,22.616321],[75.742904,22.61624],[75.74297,22.616144],[75.743013,22.616068],[75.743051,22.616016],[75.743056,22.61594],[75.74307,22.615868],[75.74307,22.615683],[75.74307,22.615597],[75.74307,22.61555],[75.743108,22.615502],[75.743151,22.615469],[75.743241,22.615431],[75.743332,22.615402],[75.743399,22.615388],[75.74346,22.615364],[75.743498,22.615302],[75.743513,22.615216],[75.743551,22.615183],[75.743679,22.615145],[75.743846,22.615121],[75.744027,22.615069],[75.744136,22.615112],[75.744203,22.615117],[75.744246,22.615088],[75.744322,22.615007],[75.744374,22.614945],[75.744445,22.61486],[75.744507,22.614764],[75.744507,22.614698],[75.744493,22.614631],[75.744441,22.614584],[75.74435,22.614574],[75.744279,22.614584],[75.744222,22.614631],[75.744203,22.614683],[75.744122,22.614741],[75.744003,22.614722],[75.743898,22.614664],[75.743774,22.614564],[75.743736,22.614493],[75.743717,22.614398],[75.743713,22.614269],[75.743727,22.614189],[75.743774,22.614165],[75.743851,22.614112],[75.743946,22.614074],[75.743974,22.613998],[75.744022,22.613874],[75.74406,22.61377],[75.744093,22.613636],[75.744136,22.613551],[75.744184,22.613551],[75.744241,22.613594],[75.744317,22.613632],[75.744393,22.613651],[75.744465,22.613689],[75.744564,22.613641],[75.744645,22.61356],[75.744717,22.613484],[75.74476,22.613394],[75.744764,22.613308],[75.744755,22.613161],[75.744717,22.61307],[75.744664,22.613051],[75.744617,22.613018],[75.744569,22.612961],[75.744522,22.612899],[75.744522,22.612851],[75.744545,22.612794],[75.744626,22.612737],[75.744707,22.612737],[75.744798,22.612737],[75.744869,22.612737],[75.744959,22.612718],[75.744998,22.612656],[75.744964,22.61259],[75.744855,22.61248],[75.744836,22.612385],[75.74486,22.612323],[75.744959,22.612261],[75.745002,22.612176],[75.745093,22.612052],[75.745155,22.611971],[75.745197,22.612023],[75.745259,22.612047],[75.745316,22.612038],[75.745383,22.612042],[75.745454,22.612076],[75.745459,22.612109],[75.745492,22.612114],[75.745611,22.612076],[75.745616,22.612023],[75.745602,22.611919],[75.745554,22.611847],[75.745507,22.611757],[75.745473,22.611657],[75.745454,22.611585],[75.745454,22.611519],[75.745488,22.611485],[75.745545,22.611485],[75.745621,22.611533],[75.745678,22.611576],[75.745783,22.6116],[75.745854,22.611585],[75.745935,22.611524],[75.745997,22.611457],[75.746016,22.611386],[75.745983,22.611271],[75.745964,22.611238],[75.745854,22.611214],[75.745721,22.611214],[75.745592,22.61119],[75.745502,22.61111],[75.745469,22.611005],[75.745454,22.610914],[75.745416,22.610824],[75.745359,22.610729],[75.745316,22.610653],[75.745202,22.610543],[75.745145,22.610424],[75.745145,22.610315],[75.745193,22.610239],[75.745293,22.610177],[75.745416,22.610148],[75.745645,22.610105],[75.745749,22.610101],[75.745821,22.610082],[75.745887,22.610034],[75.745921,22.609958],[75.745926,22.609853],[75.745945,22.609806],[75.74604,22.609777],[75.746482,22.609758],[75.746796,22.609744],[75.74712,22.609691],[75.747567,22.609672],[75.747977,22.609701],[75.748395,22.609734],[75.748833,22.609796],[75.749452,22.609906],[75.749666,22.609948],[75.749756,22.609939],[75.749823,22.609906],[75.750009,22.609967],[75.750242,22.610039],[75.750347,22.610091],[75.750385,22.610148],[75.750423,22.610191],[75.750461,22.610201],[75.750518,22.610201],[75.750637,22.610167],[75.75077,22.610167],[75.750941,22.610205],[75.751265,22.610267],[75.751541,22.610291],[75.751736,22.610291],[75.751974,22.610329],[75.752383,22.6104],[75.752678,22.610472],[75.75295,22.610557],[75.753145,22.610681],[75.753273,22.610734],[75.753402,22.610781],[75.753511,22.610819],[75.753697,22.610848],[75.753944,22.610929],[75.754239,22.611024],[75.754787,22.611171],[75.755448,22.611343],[75.755453,22.611666],[75.755963,22.611705],[75.756891,22.611645],[75.757962,22.611524],[75.758847,22.611431],[75.759847,22.611317],[75.76071,22.611267],[75.76141,22.611203],[75.762002,22.611146],[75.762124,22.611146],[75.762174,22.61106],[75.762252,22.611046],[75.763216,22.611053],[75.764308,22.611067],[75.765165,22.611081],[75.765643,22.611089],[75.766021,22.611074],[75.766721,22.610996],[75.767542,22.610939],[75.769091,22.61081],[75.770718,22.610667],[75.770741,22.610672],[75.77071,22.610542],[75.770644,22.610419],[75.770586,22.6102],[75.770472,22.609467],[75.770349,22.608534],[75.770272,22.608068],[75.77012,22.607249],[75.769958,22.60664],[75.76992,22.606345],[75.769949,22.606231],[75.770025,22.606088],[75.770044,22.605964],[75.769987,22.605736],[75.769873,22.605346],[75.769749,22.604584],[75.769635,22.604042],[75.76953,22.603594],[75.769435,22.603366],[75.769349,22.603042],[75.769178,22.60229],[75.769092,22.601976],[75.768949,22.601624],[75.768873,22.601434],[75.768731,22.601253],[75.768616,22.601101],[75.76855,22.600863],[75.768454,22.600615],[75.76835,22.600568],[75.768274,22.600501],[75.768226,22.600178],[75.76815,22.599178],[75.768026,22.598036],[75.767902,22.597551],[75.767836,22.597379],[75.767817,22.59717],[75.767864,22.59698],[75.767921,22.596751],[75.767984,22.596627],[75.768084,22.596518],[75.768141,22.596446],[75.768256,22.596394],[75.768489,22.596323],[75.768684,22.596299],[75.768998,22.596313],[75.769274,22.596299],[75.769721,22.596232],[75.770026,22.596194],[75.770302,22.596137],[75.770649,22.596066],[75.770882,22.596009],[75.77122,22.595928],[75.771444,22.595928],[75.771844,22.595913],[75.772253,22.595885],[75.772772,22.595814],[75.773229,22.595761],[75.773538,22.595723],[75.773781,22.59569],[75.774323,22.595661],[75.774866,22.595652],[75.775441,22.595604],[75.775994,22.595571],[75.776565,22.595518],[75.777236,22.59548],[75.77774,22.595461],[75.77823,22.595452],[75.77893,22.59538],[75.779629,22.595319],[75.779924,22.595285],[75.780274,22.595228],[75.780768,22.595169],[75.78144,22.595062],[75.782029,22.594943],[75.78214,22.594909],[75.782201,22.595079],[75.782225,22.595346],[75.782255,22.595745],[75.782285,22.596227],[75.782332,22.596601],[75.782422,22.597131],[75.782487,22.59747],[75.782576,22.597964],[75.782654,22.59835],[75.782695,22.598648],[75.782802,22.599088],[75.782826,22.599385],[75.782897,22.599832],[75.782957,22.600254],[75.782975,22.600545],[75.782963,22.600759],[75.782975,22.600908],[75.782987,22.601033],[75.783005,22.601229],[75.783028,22.601301],[75.783076,22.601741],[75.783112,22.602175],[75.783141,22.602627],[75.783123,22.603192],[75.783141,22.603728],[75.783159,22.604448],[75.783201,22.605173],[75.78326,22.605875],[75.783326,22.606197],[75.783403,22.606524],[75.783421,22.606803],[75.783421,22.607071],[75.783463,22.607559],[75.78348,22.608053],[75.783486,22.608641],[75.78351,22.609111],[75.78354,22.609552],[75.783552,22.609956],[75.783552,22.610444],[75.783546,22.610771],[75.783496,22.610882],[75.783532,22.610974],[75.783753,22.610989],[75.784481,22.611053],[75.785159,22.61111],[75.785488,22.611188],[75.785773,22.611231],[75.786037,22.611267],[75.786623,22.611317],[75.787001,22.61131],[75.787158,22.611331],[75.787508,22.611353],[75.788107,22.611331],[75.788343,22.611353],[75.788436,22.611317],[75.788636,22.611188],[75.788864,22.611017],[75.789235,22.610932],[75.789549,22.610882],[75.789849,22.610874],[75.79067,22.610632],[75.791056,22.610532],[75.791669,22.610246],[75.792141,22.610018],[75.792833,22.609711],[75.793204,22.609632],[75.793611,22.609561],[75.793882,22.60959],[75.794239,22.60959],[75.794582,22.609575],[75.795153,22.60939],[75.795795,22.609076],[75.796366,22.608747],[75.796702,22.608476],[75.796966,22.60824],[75.797352,22.607991],[75.79783,22.607805],[75.79838,22.607669],[75.798572,22.607648],[75.798686,22.607584],[75.798656,22.607258],[75.79867,22.606749],[75.798656,22.606673],[75.798613,22.606268],[75.79857,22.605907],[75.798585,22.605455],[75.798613,22.605017],[75.798566,22.604774],[75.79859,22.604707],[75.798642,22.604574],[75.798666,22.604479],[75.798666,22.60436],[75.798623,22.604265],[75.798594,22.604165],[75.798599,22.604122],[75.798651,22.604051],[75.798699,22.604013],[75.798699,22.603937],[75.79868,22.603884],[75.798618,22.603784],[75.798609,22.603656],[75.798618,22.603565],[75.798637,22.60348],[75.798642,22.603351],[75.798623,22.603242],[75.798599,22.603061],[75.798412,22.601276],[75.798314,22.599715],[75.798275,22.599211],[75.798218,22.598816],[75.798209,22.598626],[75.798214,22.598435],[75.798223,22.59835],[75.798228,22.598283],[75.798242,22.598207],[75.798214,22.598055],[75.798171,22.59784],[75.798142,22.597545],[75.798099,22.596979],[75.798057,22.596446],[75.798018,22.596003],[75.797899,22.594995],[75.79789,22.594381],[75.797819,22.593835],[75.798213,22.593824],[75.798884,22.593824],[75.799484,22.593805],[75.799683,22.593829],[75.79994,22.593829],[75.800231,22.593805],[75.800535,22.593786],[75.800773,22.593791],[75.801021,22.593782],[75.801263,22.593805],[75.801444,22.593858],[75.80183,22.594053],[75.802201,22.594081],[75.802372,22.594086],[75.802843,22.59402],[75.802915,22.594058],[75.803038,22.59411],[75.803472,22.594215],[75.804085,22.594119],[75.805299,22.593962],[75.80537,22.59401],[75.806793,22.593953],[75.807126,22.593996],[75.80805,22.594119],[75.808725,22.594191],[75.809144,22.594219],[75.809139,22.594257],[75.809168,22.594529],[75.80973,22.594548],[75.810957,22.594638],[75.81139,22.59471],[75.811828,22.59479],[75.812428,22.594895],[75.81288,22.594976],[75.813232,22.595095],[75.813746,22.595304],[75.814336,22.595561],[75.815041,22.595795],[75.815355,22.59588],[75.815607,22.595885],[75.816184,22.595879],[75.817183,22.595867],[75.81801,22.595855],[75.818522,22.595748],[75.818534,22.595944],[75.818581,22.596224],[75.818611,22.596403],[75.818664,22.596623],[75.818766,22.596837],[75.818908,22.597128],[75.81898,22.597271],[75.819105,22.597634],[75.81914,22.597806],[75.819158,22.597931],[75.819164,22.598068],[75.819158,22.598211],[75.819128,22.598461],[75.819105,22.598675],[75.819105,22.598794],[75.81914,22.598943],[75.819146,22.599008],[75.819158,22.599145],[75.819206,22.599543],[75.819283,22.60015],[75.819331,22.600567],[75.819384,22.600828],[75.819467,22.60106],[75.819711,22.601304],[75.819771,22.601459],[75.819789,22.601572],[75.819735,22.601703],[75.819646,22.601869],[75.819592,22.602036],[75.819563,22.602268],[75.819592,22.602613],[75.819622,22.602839],[75.819616,22.603083],[75.819616,22.603243],[75.819634,22.603517],[75.819652,22.603803],[75.819658,22.604076],[75.81967,22.604421],[75.819699,22.604683],[75.819753,22.604951],[75.819771,22.605129],[75.819866,22.605355],[75.819943,22.605563],[75.819961,22.60573],[75.820003,22.605974],[75.820104,22.606361],[75.820253,22.606926],[75.820586,22.608151],[75.820764,22.608568],[75.82083,22.608746],[75.820937,22.609341],[75.820984,22.609644],[75.821026,22.609846],[75.821115,22.609995],[75.82121,22.610114],[75.821215,22.610169],[75.821132,22.610251],[75.819743,22.611251],[75.818294,22.612327],[75.818606,22.612248],[75.818711,22.612219],[75.821881,22.611341],[75.82661,22.611017],[75.828326,22.611055],[75.829738,22.611086],[75.831987,22.611136],[75.832093,22.611138],[75.832445,22.611146],[75.833143,22.611267],[75.834854,22.611563],[75.835721,22.611714],[75.835722,22.611714],[75.836974,22.611931],[75.837183,22.611967],[75.837727,22.612062],[75.837961,22.612102],[75.838043,22.612116],[75.838069,22.61212],[75.838195,22.61214],[75.838212,22.611897],[75.838312,22.611483],[75.838312,22.611198],[75.838326,22.610612],[75.838341,22.608471],[75.838269,22.607686],[75.838198,22.606229],[75.838683,22.606129],[75.84091,22.605901],[75.842324,22.605815],[75.842966,22.605687],[75.843437,22.605544],[75.844123,22.60523],[75.846992,22.603988],[75.84832,22.603445],[75.850005,22.60286],[75.850161,22.602775],[75.850422,22.602404],[75.850912,22.601765],[75.851211,22.601378],[75.85145,22.601024],[75.851719,22.600609],[75.851701,22.600525],[75.851671,22.60039],[75.85148,22.599455],[75.851468,22.599356],[75.851608,22.599202],[75.851673,22.599132],[75.851721,22.599015],[75.852247,22.597716],[75.852284,22.597628],[75.852743,22.596897],[75.852817,22.596799],[75.853585,22.59704],[75.853783,22.597062],[75.853988,22.596963],[75.854606,22.596664],[75.854935,22.596507],[75.855272,22.596343],[75.855614,22.596179],[75.855954,22.596013],[75.856288,22.595845],[75.856473,22.595769],[75.856622,22.595735],[75.857295,22.595554],[75.857628,22.595455],[75.857961,22.595377],[75.858574,22.595242],[75.858698,22.595251],[75.858713,22.59525],[75.858954,22.595284],[75.859007,22.595294],[75.859491,22.595378],[75.861434,22.595374],[75.862338,22.595445],[75.862885,22.59554],[75.863052,22.595731],[75.863192,22.595862],[75.863307,22.595933],[75.863411,22.596043],[75.863478,22.596214],[75.863478,22.596304],[75.863464,22.596404],[75.863454,22.596471],[75.863468,22.596561],[75.863506,22.596623],[75.863549,22.596761],[75.863649,22.597137],[75.863797,22.597513],[75.86383,22.597627],[75.863835,22.597727],[75.863782,22.597851],[75.863773,22.597932],[75.863792,22.598037],[75.863844,22.598194],[75.863901,22.598289],[75.863982,22.598374],[75.864054,22.598455],[75.864054,22.59855],[75.863992,22.598646],[75.864006,22.598688],[75.864111,22.598703],[75.864263,22.598779],[75.864377,22.598893],[75.864439,22.598998],[75.864439,22.599083],[75.864511,22.599217],[75.864625,22.599364],[75.864687,22.599517],[75.864734,22.599612],[75.864863,22.599721],[75.864991,22.599821],[75.865144,22.599892],[75.865334,22.599945],[75.865462,22.599954],[75.865853,22.60005],[75.866243,22.600173],[75.866566,22.600311],[75.866671,22.600307],[75.866785,22.600321],[75.866847,22.600335],[75.866923,22.600345],[75.866947,22.600335],[75.866985,22.600254],[75.86708,22.600069],[75.867147,22.59985],[75.867171,22.599583],[75.867223,22.599098],[75.86748,22.599074],[75.867675,22.599045],[75.867761,22.59906],[75.867837,22.599093],[75.867899,22.599183],[75.867932,22.59925],[75.867985,22.59926],[75.86808,22.599264],[75.86817,22.599298],[75.868175,22.599512],[75.868204,22.599564],[75.868265,22.599583],[75.868437,22.599588],[75.868527,22.599602],[75.868551,22.599631],[75.868551,22.599735],[75.868694,22.599821],[75.868941,22.599831],[75.869212,22.599873],[75.86925,22.599921],[75.86927,22.60033],[75.869308,22.600735],[75.869388,22.601073],[75.869446,22.601201],[75.869712,22.601235],[75.870098,22.601177],[75.870445,22.601087],[75.870497,22.601035],[75.870559,22.600916],[75.870645,22.600697],[75.871173,22.600711],[75.871754,22.600792],[75.871982,22.600859],[75.872015,22.601058],[75.872053,22.601106],[75.872539,22.601192],[75.872867,22.601201],[75.873115,22.601173],[75.873453,22.601011],[75.873833,22.600706],[75.873976,22.600602],[75.874676,22.600502],[75.875661,22.600421],[75.87617,22.600416],[75.876574,22.60044],[75.876884,22.60044],[75.87715,22.600411],[75.877431,22.60043],[75.877574,22.600464],[75.879268,22.600837],[75.88022,22.600778],[75.880529,22.600367],[75.881433,22.599636],[75.882004,22.599285],[75.882635,22.598773],[75.883319,22.598101],[75.883616,22.598006],[75.883973,22.597928],[75.884788,22.597762],[75.885365,22.597625],[75.886424,22.597435],[75.887923,22.597173],[75.888524,22.597089],[75.888911,22.597012],[75.889399,22.596941],[75.889613,22.596863],[75.88991,22.596822],[75.890356,22.59675],[75.890838,22.596608],[75.89135,22.596489],[75.892159,22.596328],[75.892581,22.596251],[75.89295,22.596179],[75.893063,22.596179],[75.893319,22.596197],[75.893616,22.596245],[75.893955,22.596269],[75.894419,22.596275],[75.894579,22.596275],[75.894663,22.596275],[75.894937,22.596275],[75.89521,22.596298],[75.895484,22.596376],[75.895799,22.596489],[75.895941,22.59656],[75.895942,22.59656],[75.895948,22.596679],[75.895948,22.596869],[75.895817,22.597054],[75.895603,22.597542],[75.895306,22.598226],[75.895085,22.598731],[75.894836,22.599302],[75.894758,22.599439],[75.895038,22.599534],[75.895187,22.599552],[75.895419,22.599558],[75.895657,22.599606],[75.895793,22.599683],[75.895912,22.599796],[75.896049,22.600088],[75.896341,22.60054],[75.896501,22.600712],[75.896602,22.600766],[75.896757,22.60092],[75.896947,22.601081],[75.897191,22.601295],[75.897388,22.601491],[75.897483,22.601605],[75.897596,22.601783],[75.898197,22.602515],[75.898437,22.602856],[75.898887,22.603496],[75.899142,22.603877],[75.899363,22.604133],[75.899624,22.604507],[75.900023,22.605013],[75.900775,22.606393],[75.901051,22.606936],[75.901251,22.607811],[75.901441,22.608992],[75.901713,22.60897],[75.901948,22.608896],[75.902048,22.608859],[75.902276,22.608766],[75.902518,22.60866],[75.902688,22.608579],[75.902835,22.608505],[75.90301,22.608419],[75.903229,22.608313],[75.90334,22.608255],[75.903536,22.608164],[75.903734,22.608071],[75.903832,22.608022],[75.903878,22.608004],[75.903894,22.608],[75.904525,22.607688],[75.905477,22.607983],[75.906638,22.608297],[75.907485,22.608497],[75.907894,22.608573],[75.908627,22.608649],[75.909293,22.608687],[75.909683,22.608744],[75.910169,22.608735],[75.910921,22.608706],[75.911263,22.608754],[75.911692,22.608811],[75.912253,22.608811],[75.91236,22.608787],[75.912565,22.608754],[75.912693,22.608739],[75.912841,22.608692],[75.912998,22.608654],[75.913029,22.608654],[75.913112,22.608654],[75.913284,22.608639],[75.913455,22.608625],[75.913588,22.608625],[75.913664,22.608592],[75.913862,22.608332],[75.914223,22.607951],[75.914347,22.607827],[75.914633,22.607684],[75.915166,22.607427],[75.915537,22.607218],[75.916022,22.60698],[75.916317,22.60678],[75.91666,22.606542],[75.916736,22.606818],[75.916898,22.607094],[75.917136,22.607313],[75.917269,22.607485],[75.917393,22.607675],[75.917602,22.607856],[75.91785,22.607932],[75.918135,22.608094],[75.918535,22.60837],[75.918763,22.60857],[75.919049,22.609855],[75.919059,22.610083],[75.918992,22.611606],[75.918906,22.611996],[75.918564,22.612548],[75.91843,22.612986],[75.91883,22.614337],[75.918935,22.61488],[75.918973,22.61527],[75.91904,22.615499],[75.919154,22.615565],[75.919534,22.615384],[75.919906,22.615622],[75.92021,22.615936],[75.920686,22.616527],[75.920895,22.616898],[75.921233,22.616936],[75.921416,22.617076],[75.921611,22.617291],[75.922319,22.618043],[75.923005,22.618773],[75.923082,22.618851],[75.923175,22.618935],[75.923775,22.619482],[75.924582,22.62023],[75.925417,22.621001],[75.925575,22.62109],[75.925666,22.621005],[75.925809,22.620676],[75.92593,22.620341],[75.925952,22.620034],[75.925988,22.619577],[75.926002,22.619391],[75.926073,22.619106],[75.92618,22.618756],[75.926223,22.618506],[75.926195,22.617828],[75.92619,22.617466],[75.926152,22.616576],[75.926156,22.61611],[75.92618,22.615953],[75.926585,22.615886],[75.927051,22.615839],[75.927284,22.615796],[75.927508,22.615753],[75.927884,22.615725],[75.928193,22.615734],[75.928407,22.615729],[75.928636,22.615706],[75.929531,22.615568],[75.92994,22.615553],[75.930435,22.615534],[75.930711,22.615582],[75.930868,22.615606],[75.931072,22.615629],[75.931539,22.615625],[75.93191,22.615648],[75.931981,22.615615],[75.93201,22.615549],[75.932053,22.615544],[75.932362,22.615596],[75.932695,22.615601],[75.932943,22.61561],[75.933676,22.615753],[75.933914,22.615706],[75.934413,22.615534],[75.935037,22.615387],[75.935379,22.615325],[75.93576,22.615263],[75.935965,22.615239],[75.936288,22.615168],[75.936769,22.615058],[75.937235,22.614925],[75.937816,22.614806],[75.938092,22.614759],[75.938249,22.614744],[75.938611,22.614506],[75.938468,22.61423],[75.93842,22.613688],[75.938396,22.613464],[75.938382,22.613298],[75.938401,22.613221],[75.938439,22.613179],[75.938473,22.613117],[75.938544,22.612983],[75.938596,22.612845],[75.938744,22.612579],[75.938825,22.612398],[75.938877,22.612255],[75.938834,22.611494],[75.939072,22.611613],[75.939343,22.611684],[75.939581,22.611365],[75.93981,22.611099],[75.939972,22.610942],[75.940195,22.610642],[75.940305,22.610495],[75.94039,22.61029],[75.940462,22.610085],[75.940462,22.609981],[75.940038,22.609728],[75.939791,22.609543],[75.939662,22.609371],[75.939486,22.609062],[75.939396,22.608591],[75.939339,22.608443],[75.939186,22.608291],[75.938963,22.608115],[75.938896,22.608025],[75.938815,22.607853],[75.938682,22.607473],[75.938747,22.607333],[75.938834,22.607144],[75.938939,22.607182],[75.939158,22.607201],[75.939277,22.607206],[75.939439,22.60704],[75.939382,22.606735],[75.939448,22.606373],[75.939539,22.605926],[75.939662,22.60545],[75.93975,22.60543],[75.940001,22.605167],[75.940138,22.60502],[75.940198,22.604961],[75.940654,22.604494],[75.941115,22.604023],[75.941303,22.603798],[75.941497,22.603453],[75.941603,22.603251],[75.941746,22.602989],[75.94182,22.602824],[75.941872,22.602716],[75.941925,22.602629],[75.941956,22.602608],[75.942039,22.602508],[75.942194,22.602358],[75.942349,22.602205],[75.942446,22.602108],[75.942538,22.602014],[75.942689,22.601879],[75.942759,22.601816],[75.942834,22.601749],[75.942909,22.601679],[75.942977,22.60161],[75.943026,22.601563],[75.943145,22.601435],[75.943313,22.601266],[75.943235,22.601155],[75.942964,22.600803],[75.942642,22.600386],[75.942484,22.600372],[75.942431,22.599837],[75.94211,22.599861],[75.94208,22.599486],[75.941443,22.599545],[75.941449,22.598802],[75.940967,22.598867],[75.940825,22.597636],[75.938619,22.594],[75.938524,22.592239],[75.938976,22.592049],[75.93904,22.59104],[75.939045,22.590973],[75.939095,22.590193],[75.938956,22.589941],[75.938906,22.589852],[75.93889,22.589823],[75.93867,22.589424],[75.938655,22.589264],[75.938613,22.58881],[75.939127,22.588196],[75.939455,22.587468],[75.940183,22.586269],[75.940754,22.586098],[75.94094,22.585384],[75.941125,22.584913],[75.941368,22.584227],[75.942168,22.583371],[75.942782,22.582971],[75.943524,22.582528],[75.944209,22.582143],[75.944238,22.581215],[75.944323,22.579844],[75.944409,22.578702],[75.944438,22.578145],[75.944352,22.577432],[75.944381,22.576632],[75.94568,22.576332],[75.946322,22.576061],[75.94725,22.575704],[75.948407,22.575261],[75.948515,22.575158],[75.948515,22.575152],[75.948515,22.574997],[75.948572,22.574863],[75.948724,22.574663],[75.948791,22.574464],[75.948801,22.574349],[75.948715,22.57413],[75.948553,22.573845],[75.948553,22.573617],[75.948572,22.573331],[75.948677,22.57315],[75.948782,22.572827],[75.948848,22.572636],[75.948848,22.572474],[75.948772,22.572322],[75.94903,22.57209],[75.949287,22.57189],[75.949515,22.571661],[75.949687,22.571442],[75.949811,22.571262],[75.949972,22.570976],[75.95002,22.570824],[75.95002,22.570624],[75.949934,22.570386],[75.949839,22.570062],[75.949744,22.569786],[75.949753,22.569548],[75.949763,22.56931],[75.949849,22.569082],[75.949963,22.568911],[75.950103,22.568662],[75.950193,22.568715],[75.950322,22.568701],[75.950555,22.56871],[75.950769,22.568743],[75.950964,22.568824],[75.951097,22.5689],[75.951254,22.56901],[75.951411,22.569081],[75.951735,22.569176],[75.951906,22.569257],[75.952106,22.569329],[75.952235,22.5694],[75.952392,22.569524],[75.952516,22.569605],[75.952639,22.569662],[75.952844,22.569724],[75.95303,22.569767],[75.953306,22.569933],[75.953529,22.570076],[75.953829,22.570223],[75.954115,22.5703],[75.954414,22.570361],[75.954643,22.57039],[75.954895,22.570442],[75.955176,22.570457],[75.955471,22.570466],[75.955595,22.570485],[75.955695,22.570547],[75.955775,22.57059],[75.955913,22.570647],[75.956056,22.570652],[75.956408,22.570571],[75.957327,22.570309],[75.957736,22.570209],[75.95805,22.570123],[75.958383,22.570043],[75.958821,22.569962],[75.959169,22.569933],[75.959459,22.569933],[75.959687,22.569966],[75.959916,22.570028],[75.960154,22.570085],[75.96032,22.570157],[75.960596,22.570314],[75.960858,22.570447],[75.961063,22.570547],[75.961224,22.570595],[75.961358,22.570637],[75.961362,22.570595],[75.961362,22.57048],[75.961348,22.570361],[75.961315,22.570257],[75.961267,22.570133],[75.961267,22.570028],[75.96131,22.569905],[75.961386,22.56969],[75.961443,22.569533],[75.961477,22.569424],[75.961572,22.569248],[75.961596,22.569181],[75.961619,22.569062],[75.961591,22.568929],[75.961557,22.568858],[75.961439,22.568753],[75.961424,22.568682],[75.961415,22.568544],[75.96141,22.568339],[75.961358,22.568215],[75.96132,22.56811],[75.961239,22.567972],[75.96122,22.567882],[75.961239,22.567749],[75.961315,22.56763],[75.961339,22.567525],[75.961324,22.567287],[75.9614,22.567159],[75.961496,22.567063],[75.961515,22.566883],[75.961439,22.566783],[75.961439,22.566688],[75.961467,22.566621],[75.961634,22.566573],[75.961786,22.566535],[75.961919,22.566478],[75.962038,22.566388],[75.962138,22.566283],[75.962209,22.566174],[75.962252,22.566069],[75.962295,22.565955],[75.962309,22.56584],[75.96239,22.565645],[75.962443,22.565474],[75.962462,22.565403],[75.962433,22.565274],[75.962409,22.56516],[75.962452,22.565017],[75.962386,22.564903],[75.962286,22.564841],[75.962176,22.56477],[75.962176,22.564641],[75.962224,22.563865],[75.962229,22.563218],[75.962214,22.562914],[75.962171,22.562381],[75.962114,22.562052],[75.9621,22.561829],[75.962195,22.561262],[75.962248,22.560796],[75.962305,22.559744],[75.962395,22.559497],[75.962409,22.559378],[75.962309,22.559302],[75.962276,22.558754],[75.96229,22.557931],[75.962324,22.557693],[75.962428,22.557646],[75.962814,22.557565],[75.962985,22.557546],[75.963632,22.557431],[75.964199,22.557379],[75.96476,22.557289],[75.965674,22.557117],[75.966545,22.55696],[75.967068,22.556889],[75.967549,22.556837],[75.968172,22.556741],[75.968853,22.556646],[75.968981,22.55667],[75.969514,22.556594],[75.970176,22.55657],[75.970614,22.556546],[75.971537,22.556423],[75.971932,22.556375],[75.972217,22.556289],[75.97236,22.556213],[75.97246,22.55618],[75.972574,22.556194],[75.972755,22.556204],[75.97285,22.556199],[75.972946,22.55618],[75.97305,22.556132],[75.97315,22.556047],[75.973231,22.556004],[75.973345,22.555961],[75.973488,22.555937],[75.973669,22.555942],[75.973769,22.555947],[75.973931,22.555932],[75.974121,22.555904],[75.974288,22.555875],[75.974468,22.555871],[75.974602,22.555871],[75.974759,22.555866],[75.974949,22.555804],[75.975135,22.555766],[75.975282,22.555775],[75.975482,22.555775],[75.975668,22.555809],[75.975787,22.555842],[75.975939,22.555842],[75.976153,22.555818],[75.976372,22.555804],[75.976796,22.555775],[75.976872,22.555652],[75.976934,22.555537],[75.977062,22.555452],[75.977095,22.555366],[75.977133,22.555199],[75.977157,22.555076],[75.977167,22.555028],[75.977276,22.554985],[75.9777,22.5549],[75.977909,22.554871],[75.978228,22.554866],[75.978528,22.554885],[75.978937,22.554866],[75.979204,22.554847],[75.979437,22.554809],[75.979675,22.554795],[75.979699,22.55479],[75.97986,22.554229],[75.97997,22.553662],[75.980051,22.553372],[75.980009,22.553287],[75.980164,22.552782],[75.980165,22.55278],[75.980259,22.552471],[75.98039,22.552445],[75.98042,22.552439],[75.980625,22.552426],[75.980765,22.552423],[75.981089,22.552417],[75.981432,22.552328],[75.981821,22.552226],[75.982116,22.552195],[75.982286,22.552229],[75.982783,22.552308],[75.982991,22.552364],[75.983433,22.552458],[75.984999,22.551212],[75.985467,22.550914],[75.986465,22.550279],[75.986974,22.55],[75.99465,22.544549],[75.996309,22.543681],[75.997262,22.543275],[76.006034,22.539467],[76.009574,22.538115],[76.015533,22.535888],[76.019283,22.534594],[76.020761,22.534131],[76.025475,22.532822],[76.028262,22.531677],[76.028888,22.531355],[76.029026,22.531253],[76.029421,22.530796],[76.029597,22.53037],[76.029116,22.530141],[76.02756,22.529324],[76.027378,22.529162],[76.02732,22.529098],[76.027184,22.528831],[76.027038,22.527678],[76.026989,22.526996],[76.026998,22.526524],[76.027051,22.525834],[76.027112,22.525553],[76.027199,22.525293],[76.027282,22.525133],[76.027371,22.524962],[76.027506,22.524703],[76.027654,22.524385],[76.027679,22.524277],[76.027711,22.523883],[76.027646,22.521518],[76.027697,22.519514],[76.027702,22.519281],[76.027808,22.518734],[76.028069,22.517901],[76.028244,22.517493],[76.028491,22.516915],[76.028641,22.51654],[76.028731,22.516245],[76.028779,22.516017],[76.028821,22.515817],[76.028956,22.515255],[76.028994,22.515096],[76.029404,22.514093],[76.02957,22.51375],[76.029802,22.513357],[76.02994,22.513171],[76.029997,22.513062],[76.03004,22.512914],[76.030049,22.512714],[76.030044,22.51259],[76.02989,22.511859],[76.029835,22.511355],[76.029721,22.510849],[76.029697,22.510673],[76.029673,22.510487],[76.029635,22.510373],[76.029592,22.510278],[76.029502,22.510082],[76.029459,22.509873],[76.029425,22.509685],[76.029308,22.509356],[76.02904,22.508883],[76.028934,22.508445],[76.029188,22.508312],[76.029259,22.50825],[76.02934,22.507893],[76.029297,22.507646],[76.029231,22.507489],[76.029112,22.507408],[76.029066,22.507369],[76.028988,22.507194],[76.028964,22.507075],[76.028917,22.506965],[76.028845,22.506851],[76.028721,22.506675],[76.028631,22.506494],[76.028545,22.506309],[76.02835,22.506009],[76.028193,22.505771],[76.027865,22.505271],[76.02766,22.504843],[76.027536,22.504624],[76.027517,22.504588],[76.027376,22.504443],[76.027203,22.504338],[76.026974,22.504154],[76.026789,22.504043],[76.026675,22.503982],[76.02658,22.503891],[76.026494,22.503786],[76.026361,22.503577],[76.026218,22.503258],[76.026096,22.503002],[76.025972,22.502743],[76.025676,22.502416],[76.025471,22.502097],[76.025369,22.501756],[76.025345,22.500535],[76.025344,22.500484],[76.025335,22.500012],[76.025334,22.499753],[76.025415,22.499694],[76.026019,22.499067],[76.026228,22.498796],[76.026329,22.498584],[76.026359,22.498452],[76.026425,22.49829],[76.02653,22.498053],[76.026578,22.497853],[76.026578,22.497719],[76.02653,22.497453],[76.026521,22.497129],[76.026508,22.496909],[76.026494,22.496677],[76.0259,22.496754],[76.025895,22.496755],[76.025869,22.496652],[76.025834,22.496521],[76.025336,22.496553],[76.024993,22.496652],[76.02477,22.496717],[76.024342,22.49688],[76.024229,22.496923],[76.024089,22.497002],[76.024078,22.496987],[76.024003,22.496888],[76.023891,22.496738],[76.024056,22.496635],[76.024242,22.496469],[76.024492,22.496301],[76.024795,22.496039],[76.024827,22.496006],[76.024885,22.495947],[76.025,22.495799],[76.024988,22.495684],[76.024969,22.495628],[76.024936,22.495591],[76.024892,22.495542],[76.024815,22.495497],[76.024676,22.495393],[76.024376,22.495311],[76.024169,22.495278],[76.023866,22.495257],[76.023912,22.495035],[76.024034,22.494789],[76.024179,22.494554],[76.024352,22.49435],[76.025773,22.493135],[76.027706,22.491446],[76.028491,22.490708],[76.029502,22.489667],[76.03032,22.488707],[76.031091,22.488132],[76.032272,22.487462],[76.03271,22.487143],[76.033666,22.486342],[76.034107,22.485854],[76.034107,22.485687],[76.034139,22.485163],[76.034098,22.482076],[76.034096,22.481979],[76.034101,22.481924],[76.034664,22.482138],[76.035794,22.482561],[76.037106,22.483048],[76.037979,22.483254],[76.038835,22.483419],[76.039233,22.48315],[76.039237,22.483152],[76.03955,22.482957],[76.039829,22.48163],[76.040026,22.481529],[76.040674,22.481333],[76.0411,22.481256],[76.041227,22.48125],[76.042001,22.481256],[76.042476,22.481226],[76.042913,22.481152],[76.043284,22.481105],[76.043552,22.48104],[76.044209,22.480909],[76.045332,22.480757],[76.046188,22.480583],[76.047411,22.480324],[76.048241,22.480129],[76.048395,22.480072],[76.048758,22.479905],[76.048978,22.479803],[76.049298,22.479602],[76.049532,22.479423],[76.049758,22.479168],[76.05005,22.478883],[76.050347,22.47864],[76.050951,22.478238],[76.050822,22.477841],[76.050877,22.477019],[76.050886,22.475896],[76.050862,22.474877],[76.050841,22.474345],[76.050813,22.474202],[76.050777,22.474073],[76.050705,22.473903],[76.050671,22.473766],[76.050648,22.473512],[76.050539,22.472893],[76.050525,22.472801],[76.050505,22.472693],[76.050499,22.472536],[76.050496,22.472493],[76.050496,22.472465],[76.050488,22.472417],[76.050464,22.472283],[76.050444,22.472228],[76.050433,22.472169],[76.050399,22.472067],[76.05038,22.472026],[76.050321,22.47185],[76.050281,22.471751],[76.050245,22.471638],[76.050239,22.471613],[76.050226,22.471571],[76.050223,22.471426],[76.050232,22.471372],[76.050238,22.471347],[76.050252,22.471312],[76.050275,22.471274],[76.050303,22.471216],[76.050321,22.471172],[76.050388,22.471003],[76.05042,22.470931],[76.050449,22.470876],[76.050483,22.470786],[76.050502,22.47074],[76.050508,22.470723],[76.050536,22.470573],[76.050539,22.470547],[76.050539,22.470526],[76.050934,22.470395],[76.0512,22.47028],[76.051476,22.470171],[76.051671,22.470071],[76.051758,22.469993],[76.051832,22.469872],[76.051866,22.469781],[76.051914,22.469595],[76.051914,22.469424],[76.0519,22.469262],[76.051838,22.469095],[76.051817,22.468913],[76.051851,22.468772],[76.0519,22.468677],[76.051981,22.468586],[76.052114,22.468539],[76.052212,22.468512],[76.052304,22.468462],[76.052361,22.468405],[76.052404,22.468253],[76.052447,22.468072],[76.052457,22.467853],[76.052437,22.467572],[76.052404,22.467358],[76.052384,22.46728],[76.052381,22.467195],[76.052397,22.467136],[76.052451,22.467044],[76.052514,22.466987],[76.052621,22.466876],[76.052722,22.46672],[76.052813,22.46653],[76.053009,22.466178],[76.053142,22.466016],[76.053332,22.465907],[76.053494,22.465864],[76.05376,22.465883],[76.053956,22.465912],[76.054194,22.465916],[76.054508,22.465902],[76.054628,22.465878],[76.054749,22.465839],[76.054851,22.465795],[76.054939,22.465729],[76.055012,22.465621],[76.055107,22.46546],[76.055198,22.465231],[76.055279,22.464927],[76.055331,22.464698],[76.055378,22.464593],[76.055445,22.464527],[76.05555,22.464479],[76.055659,22.464436],[76.055726,22.464346],[76.05574,22.464217],[76.055735,22.464022],[76.055812,22.463499],[76.05584,22.463104],[76.055797,22.462504],[76.055764,22.462057],[76.055735,22.461505],[76.055731,22.460981],[76.055745,22.460729],[76.055786,22.460505],[76.055787,22.460394],[76.05578,22.460346],[76.055745,22.460149],[76.055626,22.45972],[76.055497,22.459406],[76.055264,22.458983],[76.05506,22.458478],[76.054841,22.457874],[76.054631,22.457212],[76.054474,22.456822],[76.054298,22.456232],[76.054136,22.455842],[76.053984,22.455494],[76.053875,22.455204],[76.053775,22.454966],[76.053695,22.454753],[76.053655,22.454548],[76.053651,22.454466],[76.053656,22.454086],[76.053667,22.453874],[76.05355,22.45396],[76.053387,22.454087],[76.053284,22.45415],[76.053176,22.454175],[76.053102,22.454169],[76.053073,22.454158],[76.053033,22.454132],[76.053014,22.45408],[76.052981,22.45404],[76.052927,22.454017],[76.052841,22.45401],[76.052714,22.454034],[76.052568,22.454114],[76.052441,22.4542],[76.052295,22.454367],[76.052171,22.454513],[76.052038,22.454607],[76.051918,22.454643],[76.051869,22.454642],[76.051772,22.45464],[76.051596,22.45462],[76.051498,22.454696],[76.0512,22.454865],[76.050831,22.455065],[76.050238,22.455407],[76.05012,22.455469],[76.050014,22.455484],[76.049873,22.455495],[76.049699,22.455487],[76.049332,22.455487],[76.049043,22.455534],[76.048773,22.455594],[76.048375,22.45568],[76.047923,22.45581],[76.047703,22.45586],[76.047487,22.455907],[76.047307,22.45589],[76.04717,22.455867],[76.04702,22.45585],[76.046794,22.455857],[76.046544,22.455847],[76.046179,22.455778],[76.045951,22.455714],[76.045609,22.455623],[76.045282,22.455542],[76.044947,22.455439],[76.044689,22.455376],[76.044415,22.455272],[76.044112,22.455098],[76.043803,22.454928],[76.043503,22.454766],[76.043199,22.454595],[76.042893,22.454422],[76.042577,22.454258],[76.042272,22.454082],[76.041948,22.453918],[76.041599,22.453751],[76.041249,22.453597],[76.040919,22.453435],[76.040378,22.453187],[76.039733,22.452886],[76.039156,22.452598],[76.038782,22.452382],[76.038348,22.452179],[76.037905,22.451973],[76.037665,22.451906],[76.037209,22.451869],[76.036925,22.451849],[76.036463,22.4519],[76.035829,22.45199],[76.035192,22.451996],[76.034574,22.452],[76.034419,22.451863],[76.034243,22.451669],[76.034061,22.451482],[76.033876,22.451291],[76.033691,22.451107],[76.03352,22.450921],[76.033349,22.450727],[76.033164,22.450539],[76.032995,22.450357],[76.03282,22.450168],[76.032646,22.449985],[76.032473,22.449794],[76.032296,22.449611],[76.032026,22.449326],[76.031625,22.448882],[76.031517,22.448743],[76.031456,22.448494],[76.031421,22.448267],[76.03139,22.448035],[76.031354,22.447795],[76.031317,22.44756],[76.031285,22.447331],[76.031254,22.447099],[76.031222,22.446863],[76.031194,22.446631],[76.031153,22.446402],[76.031116,22.446166],[76.031072,22.445932],[76.031038,22.445703],[76.031007,22.445465],[76.03093,22.444978],[76.030905,22.444565],[76.030934,22.444438],[76.031076,22.443997],[76.031192,22.443653],[76.03131,22.443331],[76.031424,22.443],[76.031524,22.442701],[76.031622,22.442399],[76.031705,22.442145],[76.031806,22.441828],[76.031928,22.441459],[76.031994,22.441223],[76.032064,22.441002],[76.032179,22.440664],[76.032331,22.440245],[76.032473,22.439784],[76.032623,22.439332],[76.032347,22.439119],[76.032276,22.438753],[76.032249,22.438608],[76.031779,22.438106],[76.031921,22.437687],[76.03198,22.437482],[76.032182,22.436819],[76.032372,22.436217],[76.032385,22.436173],[76.032433,22.436018],[76.032245,22.436149],[76.031874,22.436405],[76.031687,22.436519],[76.031428,22.436646],[76.030976,22.436869],[76.030505,22.437085],[76.030156,22.437244],[76.029909,22.437331],[76.02931,22.437561],[76.029139,22.437594],[76.028618,22.437753],[76.02842,22.437798],[76.028018,22.437929],[76.027515,22.4381],[76.027,22.438269],[76.026677,22.438372],[76.026382,22.43843],[76.025695,22.438558],[76.025028,22.438689],[76.024718,22.438744],[76.024594,22.438759],[76.024505,22.438793],[76.024161,22.439004],[76.023822,22.439256],[76.023456,22.439505],[76.023096,22.439717],[76.022966,22.43976],[76.022773,22.43984],[76.022376,22.44],[76.022079,22.440125],[76.021528,22.44033],[76.021185,22.440467],[76.02093,22.44057],[76.020702,22.44067],[76.020514,22.440785],[76.020082,22.440989],[76.01967,22.441184],[76.019204,22.441361],[76.018737,22.441538],[76.01847,22.441641],[76.018167,22.441714],[76.018016,22.441753],[76.017744,22.441791],[76.01731,22.441899],[76.016874,22.442012],[76.016599,22.442076],[76.016347,22.442117],[76.016164,22.442133],[76.015797,22.442132],[76.015526,22.442127],[76.015389,22.442143],[76.014983,22.44225],[76.014572,22.442356],[76.014271,22.442433],[76.014192,22.44244],[76.013791,22.442358],[76.013253,22.44226],[76.012907,22.442196],[76.012818,22.442146],[76.012653,22.441993],[76.01244,22.44178],[76.012254,22.441586],[76.011944,22.441297],[76.011782,22.441146],[76.011489,22.440877],[76.011203,22.440613],[76.010991,22.440414],[76.010911,22.440354],[76.010874,22.440332],[76.01082,22.440314],[76.010065,22.439514],[76.009906,22.4392],[76.009716,22.438824],[76.009578,22.438369],[76.00945,22.438096],[76.009359,22.43795],[76.009015,22.437421],[76.008983,22.437373],[76.00882,22.437169],[76.008819,22.437078],[76.008765,22.436908],[76.008668,22.436643],[76.008565,22.436377],[76.008419,22.436114],[76.008422,22.436028],[76.008446,22.435851],[76.008458,22.435587],[76.008458,22.435332],[76.00846,22.435078],[76.008464,22.434821],[76.00847,22.434565],[76.008473,22.434308],[76.008469,22.434052],[76.008468,22.433989],[76.008465,22.433796],[76.008497,22.433569],[76.008596,22.433126],[76.008654,22.43291],[76.008731,22.432703],[76.00879,22.432568],[76.008908,22.432297],[76.008978,22.432192],[76.008944,22.432081],[76.008923,22.431959],[76.008912,22.431805],[76.008902,22.431632],[76.008747,22.431051],[76.008714,22.430931],[76.008762,22.430645],[76.008762,22.430378],[76.008735,22.430298],[76.008683,22.430139],[76.008592,22.429943],[76.008538,22.429825],[76.008489,22.42971],[76.008282,22.42927],[76.008261,22.429236],[76.008217,22.429165],[76.008175,22.429097],[76.007944,22.428704],[76.0079,22.428455],[76.007866,22.428265],[76.007784,22.427884],[76.007775,22.427842],[76.007643,22.427515],[76.007616,22.427448],[76.007529,22.42708],[76.007389,22.42667],[76.007314,22.426412],[76.00718,22.42605],[76.007147,22.425724],[76.007125,22.425491],[76.007121,22.425455],[76.007097,22.42508],[76.007078,22.424797],[76.007068,22.424744],[76.007038,22.424387],[76.007003,22.423968],[76.007518,22.422404],[76.007568,22.422259],[76.007575,22.422244],[76.007582,22.422229],[76.0076,22.422192],[76.007659,22.422078],[76.00666,22.421237],[76.006564,22.421152],[76.006053,22.420599],[76.005485,22.419987],[76.005161,22.41976],[76.004808,22.41951],[76.004211,22.419205],[76.003643,22.41908],[76.00289,22.418957],[76.002037,22.4189],[76.00186,22.418941],[76.001799,22.418954],[76.001517,22.419018],[76.001372,22.418972],[76.001255,22.418921],[76.000817,22.418658],[76.001005,22.418215],[76.000135,22.41817],[76.000055,22.418012],[75.999888,22.417681],[75.999654,22.417354],[75.999602,22.417276],[75.999542,22.417202],[75.999404,22.417085],[75.999319,22.416997],[75.999248,22.41691],[75.999161,22.416762],[75.999051,22.416528],[75.998927,22.416253],[75.998743,22.415952],[75.998498,22.415359],[75.99823,22.414901],[75.998134,22.414738],[75.998039,22.414578],[75.997698,22.414151],[75.997356,22.4138],[75.997182,22.413554],[75.997112,22.413424],[75.997062,22.413304],[75.997016,22.413147],[75.996959,22.412997],[75.996925,22.412905],[75.997044,22.412707],[75.996877,22.412749],[75.996516,22.412829],[75.995791,22.412989],[75.995492,22.413053],[75.995214,22.413113],[75.994848,22.413193],[75.994405,22.413289],[75.994015,22.413389],[75.993592,22.413509],[75.993262,22.413616],[75.993056,22.413702],[75.993032,22.413712],[75.992303,22.414072],[75.991403,22.414565],[75.990827,22.414865],[75.990427,22.415045],[75.989774,22.415305],[75.988968,22.415664],[75.988272,22.415931],[75.987576,22.416214],[75.986986,22.416497],[75.986726,22.41662],[75.986566,22.416704],[75.986204,22.416999],[75.985889,22.417197],[75.985603,22.417392],[75.985197,22.41766],[75.984916,22.41784],[75.98426,22.418208],[75.984114,22.418296],[75.983343,22.418761],[75.982553,22.419072],[75.982011,22.419195],[75.981743,22.419204],[75.98111,22.419227],[75.97895,22.419506],[75.978846,22.419517],[75.978195,22.419657],[75.977639,22.419773],[75.977507,22.419802],[75.977439,22.419812],[75.977361,22.419816],[75.976977,22.419872],[75.976272,22.419943],[75.97581,22.419976],[75.974612,22.420059],[75.974547,22.420068],[75.974483,22.420075],[75.974449,22.420073],[75.974365,22.420062],[75.973346,22.420099],[75.973023,22.42011],[75.97265,22.420116],[75.972455,22.420108],[75.972431,22.420109],[75.972349,22.420109],[75.972026,22.420108],[75.97198,22.420109],[75.971675,22.420108],[75.971584,22.420102],[75.970088,22.419931],[75.969739,22.419901],[75.969408,22.419869],[75.967069,22.424166],[75.96701,22.424484],[75.967032,22.425191],[75.967254,22.425994],[75.967467,22.426502],[75.968011,22.427687],[75.968276,22.428265],[75.967852,22.428621],[75.967507,22.42891],[75.967049,22.429294],[75.964298,22.429886],[75.960083,22.430793],[75.959313,22.43062],[75.949449,22.427899],[75.949263,22.427859],[75.948892,22.427755],[75.947286,22.427394],[75.945137,22.426912],[75.94469,22.426811],[75.941772,22.426156],[75.93841,22.425402],[75.937377,22.42517],[75.93723,22.424482],[75.937229,22.42448],[75.937187,22.424314],[75.936975,22.423914],[75.936389,22.423791],[75.936336,22.423795],[75.936163,22.424098],[75.935801,22.424731],[75.935727,22.424861],[75.935501,22.425184],[75.935427,22.425204],[75.934798,22.425244],[75.934144,22.425295],[75.933626,22.425338],[75.933517,22.425344],[75.932948,22.425113],[75.932835,22.425062],[75.931794,22.424733],[75.928768,22.424636],[75.928698,22.424377],[75.928684,22.424224],[75.928639,22.423896],[75.928599,22.423595],[75.928593,22.423465],[75.928616,22.423329],[75.928653,22.423121],[75.928764,22.422503],[75.928837,22.422154],[75.928837,22.422075],[75.928089,22.422114],[75.927507,22.422138],[75.92727,22.422153],[75.926707,22.422239],[75.924508,22.422726],[75.924052,22.422748],[75.923609,22.422638],[75.923166,22.422274],[75.923102,22.422222],[75.922968,22.421973],[75.922923,22.421885],[75.922823,22.421694],[75.922745,22.421542],[75.922571,22.421208],[75.922404,22.420864],[75.922234,22.420785],[75.921705,22.420696],[75.921325,22.420698],[75.920817,22.420904],[75.920176,22.421427],[75.920011,22.421743],[75.919802,22.421762],[75.919433,22.421561],[75.919008,22.42133],[75.918298,22.420772],[75.917498,22.420372],[75.916765,22.420206],[75.916495,22.420225],[75.916331,22.420268],[75.916181,22.420313],[75.915756,22.420442],[75.915407,22.420544],[75.915181,22.42061],[75.914926,22.420557],[75.914535,22.420449],[75.91399,22.420304],[75.913784,22.420181],[75.91315,22.418795],[75.913145,22.418744],[75.913004,22.417369],[75.912924,22.416505],[75.912848,22.41568],[75.912274,22.414059],[75.910885,22.412818],[75.910506,22.412492],[75.910286,22.412303],[75.909377,22.411521],[75.909323,22.411461],[75.908625,22.410695],[75.90844,22.410185],[75.908411,22.409996],[75.908447,22.409697],[75.908496,22.409593],[75.908618,22.408994],[75.908644,22.40886],[75.908683,22.40865],[75.908723,22.408444],[75.908768,22.408237],[75.908811,22.408025],[75.908835,22.40788],[75.908838,22.407856],[75.908836,22.407759],[75.908841,22.407659],[75.908843,22.407552],[75.90884,22.40744],[75.908829,22.407374],[75.908817,22.407312],[75.908799,22.407183],[75.908788,22.40712],[75.908776,22.407046],[75.908739,22.406894],[75.908691,22.406729],[75.90862,22.406544],[75.908596,22.406443],[75.90855,22.406348],[75.908528,22.406292],[75.908564,22.406165],[75.908674,22.405783],[75.909557,22.404519],[75.910616,22.403142],[75.910931,22.402243],[75.910814,22.40143],[75.910591,22.399886],[75.910445,22.39841],[75.910392,22.398089],[75.910187,22.396839],[75.909978,22.395312],[75.909696,22.393786],[75.909438,22.392034],[75.909195,22.390273],[75.908995,22.38854],[75.908443,22.388128],[75.908069,22.387901],[75.907653,22.387705],[75.907312,22.387612],[75.906964,22.387516],[75.906186,22.387378],[75.904743,22.387178],[75.903412,22.387032],[75.903006,22.386988],[75.90233,22.387758],[75.901855,22.38823],[75.901298,22.388772],[75.90056,22.389443],[75.899884,22.390091],[75.899351,22.390509],[75.899009,22.390638],[75.89868,22.390714],[75.898143,22.390862],[75.897619,22.391004],[75.896777,22.391195],[75.896092,22.391314],[75.895378,22.391437],[75.894481,22.391546],[75.894041,22.391571],[75.893481,22.391524],[75.892811,22.391363],[75.892455,22.391298],[75.892203,22.391237],[75.891713,22.391132],[75.891209,22.391016],[75.891064,22.390979],[75.890684,22.390897],[75.889977,22.390776],[75.889775,22.390722],[75.889615,22.390673],[75.889467,22.3906],[75.889318,22.390543],[75.888997,22.390485],[75.888433,22.390382],[75.888204,22.39034],[75.886666,22.39006],[75.886521,22.389754],[75.886379,22.38945],[75.886226,22.389145],[75.886105,22.388835],[75.886098,22.388818],[75.885982,22.388523],[75.88586,22.388212],[75.8858,22.388057],[75.885747,22.387931],[75.885716,22.387898],[75.885627,22.387872],[75.883987,22.386869],[75.883475,22.386484],[75.881757,22.384804],[75.880731,22.384042],[75.880324,22.383925],[75.879765,22.383891],[75.879259,22.383955],[75.878002,22.384438],[75.87656,22.383396],[75.875834,22.382872],[75.875594,22.382731],[75.875553,22.382695],[75.873978,22.381831],[75.873592,22.381651],[75.872939,22.38148],[75.871888,22.381384],[75.871128,22.381315],[75.870968,22.381338],[75.870842,22.381341],[75.870641,22.381319],[75.870522,22.381289],[75.869657,22.381214],[75.868434,22.38109],[75.867163,22.381052],[75.866602,22.380933],[75.865869,22.380659],[75.865426,22.380467],[75.865031,22.380329],[75.864679,22.38022],[75.864436,22.380134],[75.86423,22.380046],[75.863077,22.380122],[75.862867,22.380148],[75.862559,22.380194],[75.862323,22.38024],[75.86171,22.380293],[75.861276,22.380327],[75.861131,22.380317],[75.860015,22.380291],[75.859544,22.380281],[75.85914,22.380281],[75.858854,22.38031],[75.85864,22.380367],[75.85839,22.38052],[75.857927,22.380898],[75.857755,22.38099],[75.857626,22.381095],[75.857493,22.381233],[75.857379,22.381452],[75.857303,22.381661],[75.857279,22.381823],[75.857199,22.382101],[75.857178,22.382159],[75.857002,22.382443],[75.856749,22.382732],[75.856682,22.382753],[75.85657,22.38277],[75.856498,22.38277],[75.856404,22.382823],[75.856336,22.38286],[75.85581,22.383516],[75.85548,22.383659],[75.854533,22.383784],[75.853626,22.38388],[75.851277,22.383932],[75.850508,22.383949],[75.848799,22.383922],[75.848799,22.383923],[75.848466,22.386992],[75.848429,22.387565],[75.84849,22.388369],[75.848744,22.389914],[75.849038,22.391719],[75.848301,22.392511],[75.846932,22.3938],[75.846391,22.394283],[75.844904,22.39561],[75.844125,22.39611],[75.843006,22.396828],[75.842512,22.397085],[75.841859,22.397455],[75.840999,22.39782],[75.840836,22.397856],[75.840502,22.397906],[75.840353,22.39796],[75.840074,22.398073],[75.839842,22.398203],[75.839574,22.398495],[75.838956,22.39906],[75.838818,22.399149],[75.83775,22.399921],[75.837464,22.400218],[75.837207,22.400675],[75.836756,22.401378],[75.836697,22.401504],[75.836117,22.402603],[75.835708,22.403302],[75.835328,22.403919],[75.835071,22.404472],[75.834705,22.405417],[75.834399,22.406413],[75.83428,22.406734],[75.834252,22.406794],[75.833941,22.407787],[75.833661,22.408721],[75.831537,22.408013],[75.829061,22.407106],[75.829009,22.407092],[75.827966,22.406864],[75.827023,22.406704],[75.826028,22.406452],[75.8257,22.406356],[75.825422,22.406317],[75.824506,22.406312],[75.823847,22.406277],[75.823306,22.406224],[75.822661,22.40615],[75.822031,22.406109],[75.821906,22.406026],[75.82146,22.405431],[75.821234,22.404967],[75.821062,22.404015],[75.820931,22.403522],[75.820556,22.402724],[75.820092,22.401814],[75.819572,22.40122],[75.818962,22.400939],[75.818432,22.400476],[75.818177,22.400232],[75.817957,22.399917],[75.817701,22.399459],[75.817397,22.398751],[75.817093,22.397898],[75.81661,22.39559],[75.816354,22.394566],[75.816094,22.393861],[75.815493,22.392737],[75.815226,22.39216],[75.814816,22.391803],[75.814006,22.391328],[75.812873,22.390762],[75.81218,22.390268],[75.811168,22.389761],[75.810451,22.389252],[75.810092,22.388922],[75.809878,22.388751],[75.80964,22.3884],[75.809221,22.387802],[75.808921,22.387501],[75.808474,22.387115],[75.808008,22.386949],[75.807394,22.387158],[75.806019,22.387634],[75.805159,22.387803],[75.804518,22.387811],[75.802653,22.387641],[75.801637,22.38729],[75.800209,22.386493],[75.7997,22.385797],[75.79954,22.385194],[75.799145,22.3851],[75.799009,22.385068],[75.798009,22.384957],[75.794751,22.384662],[75.793494,22.384459],[75.793249,22.38442],[75.793424,22.384367],[75.793826,22.384272],[75.794136,22.384162],[75.79407,22.38405],[75.793617,22.383311],[75.793469,22.383117],[75.793403,22.383054],[75.793264,22.382984],[75.792924,22.382896],[75.793037,22.382484],[75.793112,22.382002],[75.793091,22.381446],[75.792893,22.381395],[75.79285,22.381384],[75.792703,22.381351],[75.79266,22.381342],[75.792414,22.381292],[75.792254,22.381264],[75.791978,22.381215],[75.791375,22.381172],[75.791084,22.381706],[75.791008,22.381843],[75.790846,22.382171],[75.790768,22.38276],[75.790711,22.382853],[75.790013,22.382939],[75.789951,22.382951],[75.789202,22.383096],[75.78862,22.383203],[75.788161,22.383317],[75.787931,22.38333],[75.787615,22.383299],[75.787615,22.383295],[75.787297,22.38323],[75.787131,22.383196],[75.786283,22.383015],[75.785859,22.382924],[75.785296,22.382809],[75.784688,22.382684],[75.784555,22.382656],[75.783721,22.382481],[75.783243,22.382381],[75.783101,22.382344],[75.782986,22.382315],[75.782283,22.382098],[75.782102,22.382017],[75.782031,22.381971],[75.781923,22.381888],[75.781831,22.381796],[75.781694,22.381688],[75.781548,22.381626],[75.781365,22.38158],[75.780978,22.381513],[75.780536,22.381476],[75.780124,22.381405],[75.778483,22.381106],[75.77833,22.381066],[75.777961,22.380968],[75.776163,22.380497],[75.775476,22.380317],[75.775476,22.380317],[75.775627,22.379818],[75.775689,22.3796],[75.77578,22.379343],[75.775884,22.378814],[75.77591,22.378757],[75.77597,22.37851],[75.775989,22.378324],[75.77613,22.378036],[75.776424,22.377452],[75.776767,22.377461],[75.776955,22.377468],[75.77692,22.377029],[75.776898,22.376762],[75.776843,22.376319],[75.77678,22.376136],[75.776776,22.376014],[75.776824,22.375843],[75.776964,22.375641],[75.77697,22.37446],[75.776968,22.374208],[75.776958,22.37405],[75.77695,22.373941],[75.776697,22.373947],[75.776546,22.373951],[75.776557,22.373892],[75.776567,22.373397],[75.775729,22.373263],[75.77591,22.372921],[75.77592,22.372759],[75.77592,22.372331],[75.775292,22.372217],[75.775349,22.371922],[75.775358,22.371874],[75.775356,22.371683],[75.775263,22.371436],[75.775206,22.371179],[75.775111,22.370703],[75.775025,22.370427],[75.774987,22.370104],[75.774387,22.370037],[75.774326,22.37],[75.774111,22.36978],[75.774007,22.36959],[75.773997,22.369295],[75.772836,22.369266],[75.772836,22.369894],[75.772846,22.370437],[75.772455,22.370627],[75.772122,22.370675],[75.771599,22.370742],[75.771285,22.370684],[75.770571,22.370656],[75.770514,22.371151],[75.769819,22.371265],[75.769191,22.371351],[75.769257,22.372426],[75.769714,22.372502],[75.769771,22.372578],[75.770523,22.372569],[75.770495,22.373064],[75.770304,22.373092],[75.770361,22.373863],[75.770197,22.374064],[75.770111,22.374169],[75.769987,22.374322],[75.769859,22.374477],[75.769819,22.374522],[75.769744,22.374574],[75.769621,22.37463],[75.769572,22.374654],[75.769375,22.374749],[75.769127,22.374865],[75.768877,22.374978],[75.768622,22.375099],[75.768365,22.37522],[75.768105,22.37534],[75.767846,22.375463],[75.767581,22.375582],[75.767375,22.375675],[75.767313,22.375685],[75.767071,22.375713],[75.76683,22.37574],[75.766587,22.37577],[75.76634,22.375798],[75.766123,22.375824],[75.766047,22.375876],[75.766031,22.376016],[75.764644,22.375947],[75.763894,22.375826],[75.763073,22.375619],[75.761984,22.375327],[75.76176,22.375222],[75.761553,22.374997],[75.761382,22.374785],[75.761244,22.374607],[75.761165,22.374507],[75.761095,22.374249],[75.761093,22.374166],[75.761083,22.373015],[75.761081,22.372842],[75.761051,22.369094],[75.760948,22.364558],[75.760925,22.364376],[75.759097,22.364054],[75.758747,22.363926],[75.75854,22.363783],[75.758319,22.363562],[75.758155,22.363341],[75.758005,22.363155],[75.757798,22.362919],[75.757662,22.362762],[75.757448,22.36262],[75.756913,22.362391],[75.756784,22.362348],[75.756245,22.36216],[75.754976,22.361624],[75.754432,22.361348],[75.754192,22.361222],[75.752915,22.3602],[75.752455,22.359627],[75.751624,22.358095],[75.751481,22.357787],[75.749039,22.357751],[75.745956,22.357981],[75.745107,22.358023],[75.745007,22.357991],[75.744557,22.357858],[75.744111,22.35774],[75.743933,22.357702],[75.743917,22.357698],[75.74391,22.357698],[75.743667,22.357692],[75.743209,22.357712],[75.742772,22.357707],[75.742332,22.357706],[75.742015,22.357714],[75.741888,22.357738],[75.741127,22.357814],[75.740991,22.357834],[75.740663,22.357893],[75.740553,22.357925],[75.740178,22.35802],[75.740103,22.35804],[75.739873,22.358099],[75.739847,22.3581],[75.739663,22.358194],[75.739388,22.35834],[75.739253,22.358419],[75.739203,22.358457],[75.73884,22.358667],[75.738749,22.358729],[75.738709,22.358776],[75.738625,22.358873],[75.736998,22.358432],[75.734683,22.358107],[75.733457,22.3593],[75.731904,22.360516],[75.730013,22.362756],[75.725179,22.365171],[75.725045,22.367925],[75.724365,22.368759],[75.722657,22.369454],[75.721546,22.369575],[75.7199,22.36903],[75.718516,22.368024],[75.71771,22.367496],[75.716767,22.366783],[75.71589,22.365838],[75.715606,22.365532],[75.715164,22.365055],[75.713993,22.363638],[75.713357,22.362888],[75.711745,22.362397],[75.710381,22.36266],[75.709065,22.362498],[75.708075,22.362196],[75.706458,22.361883],[75.70472,22.361547],[75.70221,22.361246],[75.702782,22.360284],[75.703379,22.359489],[75.701738,22.358722],[75.700107,22.359004],[75.698167,22.359354],[75.697292,22.359614],[75.697215,22.359641],[75.695757,22.360073],[75.694144,22.360295],[75.693505,22.360191],[75.692813,22.360078],[75.692093,22.359901],[75.691579,22.359608],[75.689243,22.357449],[75.688186,22.355299],[75.687437,22.353909],[75.687174,22.35387],[75.685587,22.353462],[75.683798,22.352996],[75.682403,22.352392],[75.681856,22.351702],[75.681109,22.351083],[75.680067,22.350245],[75.679656,22.349895],[75.679126,22.34955],[75.678389,22.34921],[75.676012,22.348139],[75.675564,22.347858],[75.675705,22.347389],[75.675728,22.346869],[75.675609,22.346],[75.67544,22.344621],[75.675437,22.344443],[75.675464,22.34331],[75.674614,22.343404],[75.673599,22.343445],[75.672889,22.34348],[75.672664,22.343478],[75.672008,22.343377],[75.671383,22.343308],[75.670917,22.343263],[75.670799,22.343252],[75.670471,22.343313],[75.67007,22.343391],[75.669064,22.343598],[75.668755,22.343666],[75.666863,22.344066],[75.666497,22.344093],[75.665706,22.344192],[75.664847,22.3443],[75.664649,22.344281],[75.664219,22.344393],[75.663702,22.344487],[75.662954,22.344352],[75.662289,22.34425],[75.662141,22.344187],[75.661882,22.344004],[75.661527,22.343903],[75.66068,22.343703],[75.660594,22.343665],[75.660155,22.343483],[75.659634,22.343252],[75.65925,22.343083],[75.658836,22.343054],[75.658654,22.343036],[75.658034,22.342974],[75.657236,22.342906],[75.656524,22.342814],[75.655767,22.342706],[75.655064,22.34262],[75.654594,22.342533],[75.654062,22.342428],[75.653979,22.342316],[75.653641,22.341876],[75.65333,22.341514],[75.652868,22.341033],[75.652361,22.340443],[75.652206,22.340292],[75.651691,22.33992],[75.651439,22.33974],[75.651544,22.339414],[75.651705,22.338888],[75.65185,22.338366],[75.652007,22.337844],[75.652159,22.33732],[75.652323,22.336798],[75.652472,22.336279],[75.652865,22.334943],[75.653076,22.334245],[75.653204,22.33407],[75.653424,22.33372],[75.65353,22.333186],[75.653579,22.332945],[75.653614,22.332768],[75.653654,22.332535],[75.653683,22.33236],[75.65372,22.332251],[75.653757,22.332142],[75.653939,22.331758],[75.653854,22.331746],[75.653473,22.331741],[75.65315,22.331764],[75.65256,22.331823],[75.652308,22.331876],[75.651776,22.33212],[75.651186,22.332411],[75.651015,22.332517],[75.650601,22.332885],[75.650417,22.332992],[75.650068,22.333174],[75.64996,22.333247],[75.649833,22.333418],[75.649764,22.333512],[75.649643,22.333678],[75.649462,22.33362],[75.649187,22.333505],[75.649012,22.333509],[75.648833,22.333541],[75.648009,22.333673],[75.647275,22.333848],[75.646829,22.333939],[75.646504,22.334162],[75.646321,22.33424],[75.646058,22.334335],[75.645937,22.334376],[75.64573,22.33442],[75.645238,22.334504],[75.645103,22.334531],[75.645078,22.334565],[75.645024,22.334714],[75.644948,22.33492],[75.64487,22.335128],[75.644793,22.335335],[75.644726,22.335539],[75.644661,22.335742],[75.644639,22.335798],[75.644642,22.335942],[75.644674,22.336108],[75.644691,22.336145],[75.644765,22.336351],[75.644844,22.336554],[75.644928,22.336754],[75.645007,22.336954],[75.645092,22.337156],[75.645183,22.337356],[75.64527,22.337555],[75.645356,22.337752],[75.645445,22.337951],[75.645533,22.338148],[75.645623,22.338343],[75.645718,22.338537],[75.645808,22.338733],[75.645896,22.338931],[75.645905,22.338987],[75.64596,22.339142],[75.64603,22.339349],[75.646094,22.339552],[75.646141,22.339751],[75.646164,22.339858],[75.646167,22.339954],[75.646168,22.34015],[75.646117,22.340357],[75.64607,22.340565],[75.646023,22.340708],[75.645989,22.340772],[75.645912,22.340983],[75.645888,22.341093],[75.645812,22.341191],[75.645667,22.341391],[75.645643,22.341425],[75.644821,22.341598],[75.644474,22.341425],[75.644196,22.341263],[75.644041,22.341155],[75.643788,22.341402],[75.643762,22.341425],[75.643167,22.342011],[75.643066,22.342131],[75.643005,22.342221],[75.642979,22.342262],[75.642956,22.342424],[75.642934,22.34263],[75.642912,22.342751],[75.642725,22.342835],[75.642517,22.34291],[75.642532,22.34304],[75.642548,22.343244],[75.642556,22.343337],[75.64254,22.343395],[75.642498,22.343452],[75.642457,22.34352],[75.642201,22.343649],[75.64193,22.343805],[75.642125,22.344001],[75.642193,22.344293],[75.642287,22.344655],[75.642358,22.344951],[75.642437,22.345199],[75.642461,22.345381],[75.642502,22.345608],[75.642509,22.345724],[75.642503,22.345849],[75.6425,22.345925],[75.642499,22.346182],[75.642486,22.346446],[75.642466,22.346726],[75.642447,22.347006],[75.642421,22.347288],[75.642396,22.347571],[75.642376,22.347852],[75.642352,22.348134],[75.642334,22.348416],[75.642307,22.3487],[75.642288,22.348984],[75.642206,22.349275],[75.642114,22.349562],[75.642029,22.349848],[75.641953,22.350108],[75.641946,22.350133],[75.641902,22.350281],[75.641856,22.350423],[75.641827,22.350536],[75.641841,22.350712],[75.641869,22.350991],[75.641891,22.35127],[75.641919,22.351549],[75.641943,22.351827],[75.641951,22.352099],[75.641958,22.352375],[75.641966,22.352652],[75.641931,22.352824],[75.641872,22.35361],[75.641875,22.353926],[75.641871,22.354311],[75.641742,22.35434],[75.641324,22.354438],[75.640896,22.354539],[75.640451,22.354635],[75.640007,22.354738],[75.639928,22.354756],[75.639615,22.354828],[75.639514,22.35487],[75.639159,22.355051],[75.638744,22.355265],[75.63853,22.355377],[75.638492,22.355378],[75.638175,22.355318],[75.637845,22.355258],[75.637508,22.355195],[75.637165,22.35513],[75.636834,22.355068],[75.636496,22.355003],[75.636158,22.35494],[75.63581,22.354877],[75.635695,22.354859],[75.635465,22.354822],[75.635104,22.354782],[75.634867,22.354755],[75.63459,22.354727],[75.63428,22.354701],[75.633902,22.35468],[75.633896,22.354502],[75.633894,22.354278],[75.633893,22.354053],[75.633888,22.353828],[75.633887,22.353605],[75.633884,22.353385],[75.63388,22.353334],[75.633906,22.352998],[75.633932,22.35288],[75.63396,22.352596],[75.633992,22.352313],[75.634024,22.35203],[75.634033,22.351933],[75.63407,22.35175],[75.634199,22.351469],[75.634341,22.351185],[75.634434,22.350962],[75.634265,22.350759],[75.634046,22.350481],[75.633829,22.350198],[75.633606,22.349915],[75.633384,22.349632],[75.633162,22.349351],[75.632945,22.349076],[75.632913,22.349035],[75.63272,22.348788],[75.632676,22.348732],[75.632501,22.348507],[75.63245,22.348444],[75.63228,22.348228],[75.6322,22.348122],[75.632135,22.348035],[75.63202,22.347938],[75.631853,22.347801],[75.631718,22.347677],[75.631525,22.347525],[75.631353,22.347372],[75.631209,22.347246],[75.631114,22.347164],[75.630991,22.347062],[75.630901,22.346971],[75.630767,22.346696],[75.630636,22.346414],[75.630503,22.346128],[75.630372,22.345859],[75.630353,22.345811],[75.630243,22.345572],[75.630195,22.345473],[75.63011,22.34529],[75.630068,22.345187],[75.629969,22.345009],[75.629843,22.344731],[75.62972,22.344447],[75.629669,22.344324],[75.629593,22.344158],[75.629534,22.344089],[75.629346,22.343873],[75.629287,22.343806],[75.629101,22.343596],[75.629015,22.343503],[75.628851,22.343315],[75.628761,22.343213],[75.628608,22.343035],[75.628518,22.342936],[75.628364,22.342756],[75.628285,22.342672],[75.628109,22.342478],[75.628023,22.342371],[75.627867,22.342196],[75.627615,22.341915],[75.627175,22.341826],[75.626959,22.341782],[75.626415,22.341673],[75.625937,22.341585],[75.625678,22.341705],[75.625312,22.341886],[75.624927,22.342072],[75.624444,22.342297],[75.624408,22.342279],[75.624266,22.342206],[75.624036,22.34208],[75.623795,22.341946],[75.623596,22.341838],[75.623424,22.341741],[75.623257,22.341652],[75.623151,22.341589],[75.62301,22.341515],[75.622755,22.341378],[75.62252,22.341243],[75.622318,22.34116],[75.622208,22.341104],[75.622025,22.341009],[75.621737,22.340869],[75.621441,22.340728],[75.621142,22.340582],[75.620855,22.340443],[75.620568,22.340304],[75.620282,22.340165],[75.619996,22.340027],[75.619713,22.33989],[75.619444,22.339761],[75.619339,22.339709],[75.619146,22.339617],[75.618873,22.339481],[75.618601,22.339352],[75.618504,22.339308],[75.618323,22.339214],[75.618029,22.339072],[75.617729,22.338928],[75.617694,22.33891],[75.617432,22.338784],[75.617129,22.338635],[75.616826,22.338493],[75.616724,22.338445],[75.61643,22.338304],[75.616285,22.338229],[75.616204,22.338188],[75.615799,22.337998],[75.615683,22.337938],[75.615558,22.337875],[75.615187,22.337964],[75.61513,22.33797],[75.614914,22.338029],[75.614856,22.338039],[75.614636,22.338094],[75.614561,22.338113],[75.61436,22.338159],[75.614277,22.338184],[75.614098,22.338222],[75.61404,22.338238],[75.613943,22.338261],[75.613825,22.338291],[75.61368,22.338328],[75.613506,22.338369],[75.613392,22.338396],[75.613189,22.338447],[75.61307,22.338477],[75.613047,22.338479],[75.612869,22.338524],[75.612833,22.338532],[75.61254,22.338606],[75.612468,22.338621],[75.612207,22.338685],[75.612103,22.338712],[75.611885,22.338761],[75.611809,22.338779],[75.611551,22.338842],[75.611337,22.338891],[75.611231,22.338922],[75.611174,22.338932],[75.610902,22.338998],[75.61085,22.339009],[75.610562,22.339081],[75.610245,22.339157],[75.609926,22.339239],[75.609871,22.339247],[75.609793,22.339268],[75.609741,22.339281],[75.60961,22.339314],[75.609509,22.339337],[75.60931,22.339388],[75.609264,22.339402],[75.609139,22.339432],[75.608915,22.339485],[75.60884,22.339504],[75.608815,22.339506],[75.60863,22.339553],[75.608455,22.339599],[75.608384,22.33961],[75.608285,22.33964],[75.607824,22.339753],[75.607669,22.339788],[75.607281,22.339885],[75.607054,22.33994],[75.606774,22.340011],[75.606604,22.340048],[75.606469,22.340083],[75.606343,22.340115],[75.606336,22.340117],[75.605938,22.340216],[75.605744,22.340264],[75.605699,22.340275],[75.605628,22.340292],[75.605453,22.340333],[75.605171,22.340406],[75.604886,22.340476],[75.604728,22.340517],[75.604582,22.340554],[75.604467,22.340558],[75.604181,22.340582],[75.604023,22.340597],[75.603849,22.340614],[75.603623,22.340636],[75.603517,22.340641],[75.60331,22.34066],[75.603193,22.340672],[75.603054,22.340682],[75.602684,22.340715],[75.602581,22.340724],[75.602474,22.340733],[75.602395,22.340738],[75.602036,22.34077],[75.60183,22.340788],[75.601497,22.340816],[75.601206,22.340843],[75.6008,22.34088],[75.600574,22.340902],[75.600532,22.34101],[75.600404,22.341301],[75.600252,22.341643],[75.600187,22.341793],[75.60013,22.341925],[75.600008,22.342207],[75.599885,22.342489],[75.599762,22.342773],[75.599636,22.343059],[75.599597,22.34316],[75.599478,22.343424],[75.599414,22.343539],[75.59939,22.343729],[75.599338,22.344195],[75.599314,22.344326],[75.599291,22.344453],[75.59925,22.344716],[75.599198,22.345092],[75.599183,22.345169],[75.599133,22.345488],[75.599118,22.345579],[75.599089,22.345778],[75.599074,22.34588],[75.599056,22.346015],[75.598996,22.346391],[75.598941,22.346781],[75.598874,22.347277],[75.598958,22.347202],[75.599565,22.346721],[75.599638,22.346664],[75.599752,22.346577],[75.600153,22.346253],[75.600311,22.346134],[75.600773,22.345771],[75.601087,22.345331],[75.601446,22.344866],[75.601708,22.344508],[75.601856,22.344279],[75.601941,22.344361],[75.602193,22.34468],[75.602393,22.344906],[75.602503,22.345066],[75.602604,22.3452],[75.603165,22.345407],[75.603554,22.345555],[75.603921,22.345675],[75.604271,22.345803],[75.60468,22.345744],[75.604899,22.345714],[75.605383,22.345621],[75.605718,22.345558],[75.605945,22.345526],[75.606089,22.345373],[75.606219,22.345234],[75.606327,22.345085],[75.606427,22.345015],[75.606606,22.344902],[75.606956,22.344672],[75.607232,22.344452],[75.607356,22.344475],[75.607644,22.34452],[75.607976,22.344583],[75.608341,22.344641],[75.608771,22.344792],[75.609039,22.344917],[75.609563,22.34515],[75.609975,22.345328],[75.610258,22.345454],[75.610354,22.345536],[75.610686,22.345887],[75.611241,22.346476],[75.611298,22.34658],[75.611452,22.347068],[75.61175,22.347865],[75.61137,22.348076],[75.611272,22.348128],[75.610778,22.348418],[75.61061,22.348511],[75.610197,22.348753],[75.609994,22.348879],[75.609765,22.348997],[75.609628,22.348954],[75.609057,22.348767],[75.608741,22.348671],[75.608454,22.348875],[75.608309,22.348977],[75.607907,22.349244],[75.607677,22.349407],[75.607552,22.349462],[75.607339,22.349526],[75.606797,22.34968],[75.606642,22.349727],[75.606338,22.349827],[75.606216,22.349863],[75.606085,22.349902],[75.605774,22.349983],[75.605623,22.350026],[75.60528,22.350127],[75.605002,22.350212],[75.604824,22.350255],[75.60486,22.35041],[75.604942,22.350696],[75.605022,22.350985],[75.605033,22.35101],[75.605167,22.351494],[75.605207,22.351598],[75.605294,22.3517],[75.605312,22.351723],[75.605484,22.351938],[75.605505,22.351965],[75.605618,22.35211],[75.605865,22.352406],[75.605985,22.352516],[75.606116,22.352581],[75.606237,22.352625],[75.606776,22.35285],[75.606965,22.352925],[75.607041,22.353026],[75.607152,22.353151],[75.607301,22.353328],[75.607424,22.353474],[75.607369,22.35362],[75.607234,22.353932],[75.607094,22.354233],[75.606979,22.354488],[75.606863,22.354551],[75.60653,22.354725],[75.606339,22.354818],[75.606523,22.354849],[75.607033,22.354994],[75.607573,22.355139],[75.608107,22.355281],[75.608238,22.355314],[75.608651,22.355428],[75.608752,22.355486],[75.609159,22.355662],[75.609646,22.355865],[75.609941,22.356005],[75.609811,22.356238],[75.609712,22.356434],[75.60959,22.35667],[75.609789,22.356906],[75.610169,22.35739],[75.610538,22.357857],[75.610927,22.358329],[75.611311,22.358804],[75.611702,22.359293],[75.612086,22.359768],[75.612458,22.360246],[75.612614,22.360436],[75.61317,22.361144],[75.613426,22.361458],[75.613563,22.361545],[75.613935,22.361819],[75.614192,22.362016],[75.614337,22.362139],[75.61436,22.362269],[75.61441,22.362751],[75.614438,22.363222],[75.61449,22.363743],[75.614528,22.364204],[75.61456,22.364315],[75.614184,22.364743],[75.61418,22.364747],[75.614092,22.364853],[75.613947,22.365049],[75.613794,22.365257],[75.613636,22.36545],[75.613491,22.365632],[75.613345,22.365792],[75.613006,22.365876],[75.612568,22.365981],[75.611874,22.366158],[75.611607,22.366219],[75.611333,22.366281],[75.611082,22.366336],[75.61091,22.366387],[75.610811,22.366417],[75.610693,22.366436],[75.610387,22.366535],[75.61012,22.366629],[75.609787,22.366752],[75.609434,22.366874],[75.60891,22.367005],[75.608551,22.367092],[75.608279,22.367163],[75.608151,22.367154],[75.607947,22.36711],[75.607367,22.367017],[75.607201,22.366984],[75.606523,22.36687],[75.606188,22.366808],[75.605723,22.366727],[75.605574,22.366699],[75.605324,22.366656],[75.604944,22.366587],[75.604796,22.366562],[75.604465,22.366487],[75.603965,22.366367],[75.603382,22.366238],[75.60305,22.36616],[75.602348,22.365999],[75.60225,22.365999],[75.602226,22.365999],[75.602138,22.366039],[75.601872,22.366052],[75.600685,22.366107],[75.600427,22.366112],[75.59941,22.36616],[75.598577,22.366204],[75.597762,22.366243],[75.597269,22.366268],[75.59715,22.36622],[75.596895,22.366105],[75.596748,22.366033],[75.595961,22.365667],[75.595422,22.365417],[75.594897,22.365172],[75.594236,22.364892],[75.593905,22.364711],[75.593665,22.364596],[75.593474,22.364463],[75.593206,22.364279],[75.593201,22.364437],[75.593231,22.365211],[75.593242,22.365398],[75.593253,22.365591],[75.593241,22.366085],[75.593242,22.36645],[75.593243,22.366628],[75.59331,22.366974],[75.593458,22.367769],[75.593546,22.368231],[75.59359,22.368387],[75.593381,22.369085],[75.593234,22.369596],[75.593073,22.369903],[75.592992,22.369954],[75.593036,22.370198],[75.59316,22.370975],[75.593253,22.371772],[75.593293,22.372108],[75.593272,22.372169],[75.593117,22.372329],[75.59282,22.372584],[75.592452,22.37293],[75.592013,22.373376],[75.591729,22.373484],[75.591287,22.373648],[75.591072,22.373683],[75.590823,22.373712],[75.59043,22.373762],[75.589952,22.373805],[75.589759,22.373933],[75.589566,22.37404],[75.589395,22.374126],[75.589259,22.374212],[75.588988,22.374219],[75.588674,22.374212],[75.588567,22.374233],[75.588467,22.374305],[75.588146,22.374333],[75.587839,22.374347],[75.587553,22.374333],[75.587232,22.374326],[75.587025,22.374297],[75.586797,22.374269],[75.586561,22.374162],[75.586411,22.374162],[75.58624,22.374126],[75.586104,22.374062],[75.585911,22.373926],[75.585712,22.373826],[75.58554,22.373783],[75.585362,22.373755],[75.585219,22.373698],[75.584991,22.373669],[75.584784,22.373641],[75.584584,22.373598],[75.584384,22.373541],[75.584041,22.373541],[75.583827,22.373562],[75.583591,22.373641],[75.583449,22.373655],[75.583292,22.373691],[75.583113,22.373676],[75.582842,22.373662],[75.582671,22.373662],[75.582549,22.373626],[75.582456,22.373634],[75.582349,22.373655],[75.582071,22.373619],[75.581807,22.373526],[75.58155,22.373498],[75.58125,22.373441],[75.581057,22.373419],[75.580822,22.373362],[75.580458,22.373291],[75.580058,22.373248],[75.579801,22.373291],[75.579587,22.373405],[75.579408,22.373512],[75.579223,22.373634],[75.578994,22.373798],[75.578794,22.373948],[75.578545,22.374026],[75.578445,22.374119],[75.578366,22.374212],[75.578366,22.374276],[75.578416,22.374369],[75.578488,22.374462],[75.578495,22.374576],[75.578466,22.374669],[75.578466,22.374811],[75.578488,22.374976],[75.578552,22.375133],[75.57858,22.37529],[75.578587,22.375497],[75.578587,22.375682],[75.578473,22.375918],[75.578266,22.376318],[75.578188,22.376589],[75.578059,22.376846],[75.577924,22.377146],[75.577838,22.377403],[75.577745,22.377581],[75.577638,22.377752],[75.577552,22.378009],[75.577438,22.378209],[75.577224,22.378409],[75.576938,22.378638],[75.576703,22.378787],[75.576439,22.378952],[75.576053,22.379109],[75.575711,22.379216],[75.575368,22.37923],[75.574983,22.379309],[75.574797,22.379316],[75.574611,22.379423],[75.574354,22.379508],[75.573955,22.379594],[75.573691,22.379615],[75.573483,22.37963],[75.573127,22.37968],[75.57287,22.379687],[75.572663,22.37973],[75.572527,22.379737],[75.57242,22.37968],[75.57232,22.379651],[75.572134,22.379687],[75.572034,22.379644],[75.571885,22.37963],[75.571763,22.379558],[75.571599,22.379551],[75.571485,22.379551],[75.571306,22.379523],[75.570985,22.37943],[75.570857,22.379366],[75.570485,22.379287],[75.570357,22.379351],[75.570257,22.379423],[75.570057,22.379473],[75.569843,22.379494],[75.569336,22.379201],[75.568694,22.378737],[75.568315,22.378466],[75.567587,22.378016],[75.567109,22.377767],[75.566702,22.377595],[75.566359,22.377445],[75.566088,22.37741],[75.565845,22.377395],[75.565617,22.377395],[75.565224,22.377288],[75.564953,22.377203],[75.564746,22.37711],[75.564646,22.377003],[75.564552,22.37694],[75.56417,22.377056],[75.563532,22.377245],[75.562901,22.377443],[75.561879,22.37776],[75.561663,22.377823],[75.561123,22.377933],[75.5607,22.378021],[75.560337,22.378096],[75.560098,22.378151],[75.559742,22.377993],[75.558826,22.377587],[75.558148,22.377288],[75.557706,22.377091],[75.55695,22.376965],[75.556352,22.377442],[75.556123,22.377784],[75.55595,22.378038],[75.555791,22.378273],[75.555663,22.378463],[75.555437,22.378806],[75.555282,22.379036],[75.555158,22.379226],[75.555065,22.379364],[75.554992,22.379472],[75.554832,22.379711],[75.554736,22.379852],[75.554705,22.3799],[75.554658,22.379991],[75.554677,22.380143],[75.554708,22.380566],[75.554754,22.381128],[75.554768,22.381371],[75.554791,22.381642],[75.554836,22.382137],[75.554866,22.38249],[75.554895,22.382798],[75.554922,22.383197],[75.554941,22.383399],[75.55494,22.383457],[75.554996,22.383611],[75.555114,22.383897],[75.555195,22.384075],[75.555302,22.384308],[75.555453,22.38459],[75.555529,22.384728],[75.555547,22.384751],[75.55558,22.38481],[75.555578,22.384875],[75.555584,22.38495],[75.555626,22.38514],[75.555685,22.385327],[75.555789,22.385543],[75.555809,22.385575],[75.555833,22.385599],[75.55591,22.385671],[75.556115,22.385835],[75.556274,22.385941],[75.556336,22.385978],[75.556388,22.386013],[75.556492,22.386074],[75.556598,22.386129],[75.55664,22.38615],[75.556705,22.386179],[75.55672,22.386197],[75.556689,22.386221],[75.556604,22.386288],[75.5563,22.38652],[75.556085,22.386693],[75.555282,22.38731],[75.554686,22.387775],[75.554314,22.388061],[75.554278,22.388074],[75.554198,22.38809],[75.553874,22.388141],[75.553436,22.388202],[75.55319,22.388238],[75.553108,22.388233],[75.552962,22.388351],[75.552356,22.388833],[75.551794,22.389275],[75.551706,22.389326],[75.550931,22.38913],[75.550855,22.389112],[75.550809,22.389251],[75.550689,22.389608],[75.550564,22.38998],[75.55026,22.39088],[75.550063,22.391469],[75.550024,22.391566],[75.54988,22.391697],[75.549626,22.391973],[75.549237,22.392327],[75.548813,22.392715],[75.548762,22.392755],[75.548751,22.392768],[75.548669,22.392866],[75.548277,22.393336],[75.548253,22.393345],[75.548203,22.393334],[75.548092,22.393287],[75.54783,22.393168],[75.54769,22.393103],[75.547667,22.393113],[75.547655,22.393128],[75.547505,22.393418],[75.54721,22.393973],[75.547132,22.394126],[75.547077,22.394236],[75.546894,22.394595],[75.546649,22.395058],[75.546637,22.395126],[75.546639,22.395165],[75.546644,22.395261],[75.546764,22.395349],[75.546865,22.395569],[75.546931,22.395938],[75.546907,22.39633],[75.546829,22.396652],[75.546829,22.396973],[75.546776,22.397276],[75.546734,22.397455],[75.546663,22.397621],[75.546609,22.397859],[75.546603,22.398014],[75.54658,22.398121],[75.546562,22.398305],[75.546562,22.39849],[75.546597,22.398621],[75.54652,22.398763],[75.546514,22.398847],[75.54655,22.398954],[75.546544,22.399097],[75.546467,22.399323],[75.546425,22.39943],[75.546365,22.399781],[75.546276,22.400114],[75.546258,22.400286],[75.546318,22.400542],[75.546419,22.400732],[75.546859,22.401399],[75.546847,22.401541],[75.546716,22.401827],[75.546633,22.402029],[75.54652,22.402232],[75.546437,22.402351],[75.546354,22.402469],[75.546223,22.402547],[75.546062,22.4026],[75.545937,22.402701],[75.545919,22.402749],[75.545896,22.402832],[75.545919,22.402922],[75.545919,22.403023],[75.545896,22.403106],[75.54583,22.403142],[75.545705,22.403171],[75.54558,22.403201],[75.545574,22.40332],[75.54558,22.403469],[75.54564,22.403701],[75.545681,22.403826],[75.545824,22.404016],[75.545985,22.404284],[75.546139,22.404474],[75.546342,22.404819],[75.546473,22.405033],[75.54643,22.405083],[75.546251,22.406003],[75.546091,22.406781],[75.545581,22.40717],[75.544955,22.407649],[75.54418,22.40827],[75.543927,22.408449],[75.543678,22.408628],[75.543428,22.408804],[75.543177,22.408981],[75.542971,22.409126],[75.542927,22.409158],[75.542676,22.409335],[75.542425,22.409511],[75.542173,22.409684],[75.541974,22.409827],[75.541953,22.409852],[75.541962,22.409883],[75.542012,22.409916],[75.542345,22.410131],[75.54265,22.410322],[75.542825,22.410434],[75.542953,22.410516],[75.543255,22.41071],[75.54356,22.410898],[75.543861,22.411092],[75.544162,22.411284],[75.544408,22.411402],[75.544523,22.411468],[75.544687,22.411565],[75.544846,22.411657],[75.545005,22.411748],[75.545164,22.411842],[75.545325,22.411936],[75.545483,22.412031],[75.545643,22.412123],[75.545803,22.412217],[75.545965,22.412308],[75.546127,22.412402],[75.546288,22.412496],[75.54645,22.412589],[75.546611,22.412683],[75.546773,22.412777],[75.546935,22.41287],[75.547098,22.412963],[75.54726,22.413057],[75.547423,22.41315],[75.547585,22.413245],[75.547748,22.41334],[75.54791,22.413435],[75.548044,22.413504],[75.548119,22.413518],[75.548142,22.413528],[75.548162,22.413537],[75.548304,22.413645],[75.548443,22.413753],[75.548582,22.413859],[75.548719,22.413965],[75.548855,22.414071],[75.548995,22.414176],[75.549132,22.414283],[75.549271,22.41439],[75.549411,22.414495],[75.549546,22.414601],[75.549685,22.414706],[75.549824,22.414811],[75.549961,22.414916],[75.550099,22.415021],[75.550237,22.415126],[75.550374,22.41523],[75.550511,22.415335],[75.550654,22.415441],[75.550793,22.415547],[75.550933,22.415652],[75.551068,22.415759],[75.551211,22.415864],[75.551315,22.415947],[75.551352,22.415968],[75.551488,22.416074],[75.551587,22.416146],[75.551647,22.416185],[75.551654,22.416194],[75.551699,22.416247],[75.551731,22.41628],[75.551854,22.416413],[75.551983,22.416546],[75.552113,22.416679],[75.552236,22.416812],[75.552363,22.416944],[75.552427,22.417012],[75.552486,22.417075],[75.552615,22.417207],[75.552702,22.417294],[75.552736,22.417339],[75.552867,22.417469],[75.552977,22.417585],[75.552995,22.417603],[75.553118,22.417736],[75.553244,22.417867],[75.55337,22.417998],[75.553497,22.41813],[75.553624,22.418261],[75.55375,22.418393],[75.553879,22.418524],[75.553974,22.418631],[75.554008,22.418657],[75.554035,22.418677],[75.554091,22.418708],[75.554197,22.418759],[75.554448,22.418887],[75.554701,22.419016],[75.554957,22.41914],[75.555214,22.419268],[75.55547,22.419396],[75.555725,22.419521],[75.555981,22.419649],[75.556237,22.419774],[75.556495,22.419901],[75.556753,22.420029],[75.556865,22.420081],[75.556881,22.420095],[75.556941,22.420146],[75.556997,22.420184],[75.557221,22.420353],[75.557399,22.420484],[75.557446,22.420525],[75.557679,22.420693],[75.557834,22.420816],[75.557906,22.420867],[75.558133,22.421038],[75.558358,22.421208],[75.558584,22.421376],[75.55881,22.421545],[75.559037,22.421716],[75.559263,22.421886],[75.55949,22.422057],[75.559618,22.422155],[75.559689,22.422237],[75.55974,22.42229],[75.559888,22.42243],[75.560039,22.422571],[75.560185,22.422709],[75.560339,22.422848],[75.560485,22.422988],[75.560637,22.423125],[75.560783,22.423263],[75.56091,22.423373],[75.560965,22.423406],[75.561499,22.42485],[75.5615,22.424852],[75.561602,22.424979],[75.561913,22.425324],[75.562216,22.42567],[75.562512,22.426015],[75.562816,22.426357],[75.563121,22.426699],[75.563432,22.427041],[75.563959,22.427623],[75.564145,22.42783],[75.564383,22.428098],[75.564405,22.428174],[75.564458,22.42862],[75.564526,22.42936],[75.564579,22.429946],[75.564581,22.429952],[75.564634,22.430166],[75.564743,22.430555],[75.564836,22.430905],[75.564918,22.431213],[75.565009,22.43152],[75.565091,22.431825],[75.565189,22.432133],[75.565268,22.432441],[75.565405,22.432897],[75.565588,22.433451],[75.565588,22.433451],[75.565608,22.433572],[75.565666,22.43385],[75.565751,22.434249],[75.565781,22.434392],[75.565807,22.434544],[75.565834,22.434694],[75.565865,22.434849],[75.565894,22.435007],[75.565921,22.435138],[75.565941,22.435244],[75.56596,22.435381],[75.566058,22.435947],[75.566168,22.436466],[75.566263,22.437029],[75.566346,22.437561],[75.566401,22.437695],[75.566369,22.438173],[75.566304,22.438497],[75.566282,22.438723],[75.566192,22.439359],[75.566085,22.440115],[75.566055,22.440338],[75.565802,22.44223],[75.565732,22.442723],[75.565672,22.443173],[75.565637,22.443474],[75.565719,22.443566],[75.566021,22.443951],[75.566367,22.444385],[75.566649,22.444749],[75.566966,22.445153],[75.567108,22.445346],[75.567366,22.445675],[75.567714,22.446119],[75.567872,22.446315],[75.568124,22.446816],[75.568384,22.447309],[75.568608,22.447742],[75.56868,22.447872],[75.568774,22.44809],[75.568882,22.448055],[75.56939,22.447947],[75.570141,22.447784],[75.570253,22.447757],[75.570717,22.448323],[75.571108,22.448805],[75.571424,22.449201],[75.571768,22.449625],[75.571959,22.449864],[75.572164,22.450112],[75.572362,22.450358],[75.572547,22.450578],[75.572571,22.450629],[75.572852,22.450983],[75.573096,22.451294],[75.573348,22.451599],[75.5736,22.451907],[75.573846,22.452222],[75.574093,22.452529],[75.574168,22.452622],[75.574342,22.452834],[75.574496,22.453025],[75.574573,22.453111],[75.574453,22.453342],[75.574289,22.453656],[75.574131,22.45397],[75.573968,22.454282],[75.573802,22.454591],[75.573637,22.454899],[75.573467,22.455211],[75.573323,22.455525],[75.573216,22.455742],[75.57316,22.455837],[75.57299,22.456146],[75.572839,22.456451],[75.572814,22.456513],[75.572813,22.456516],[75.572781,22.456591],[75.572698,22.456755],[75.572626,22.45691],[75.572626,22.45691],[75.572465,22.45723],[75.572391,22.457373],[75.572221,22.457679],[75.572038,22.457987],[75.571866,22.458301],[75.57169,22.458614],[75.571658,22.458674],[75.571524,22.458922],[75.571524,22.458922],[75.571427,22.459102],[75.571357,22.45923],[75.571191,22.459538],[75.571119,22.459667],[75.570946,22.459979],[75.57085,22.460145],[75.570673,22.460447],[75.570623,22.460533],[75.570425,22.460888],[75.570335,22.461059],[75.570204,22.461307],[75.570173,22.461367],[75.570004,22.461673],[75.569828,22.461976],[75.56966,22.462285],[75.569493,22.462595],[75.569251,22.463033],[75.569149,22.46321],[75.568973,22.463517],[75.5688,22.463822],[75.56862,22.464125],[75.56844,22.464428],[75.568331,22.464619],[75.568301,22.464671],[75.568155,22.464926],[75.568024,22.465157],[75.567894,22.465389],[75.567765,22.465622],[75.567634,22.465854],[75.567499,22.466085],[75.567367,22.466318],[75.567237,22.466553],[75.567129,22.466779],[75.567002,22.467009],[75.566892,22.467217],[75.566831,22.467303],[75.566782,22.467399],[75.566629,22.467704],[75.566609,22.467746],[75.566431,22.468119],[75.566392,22.468194],[75.566296,22.468378],[75.566029,22.468898],[75.56586,22.469221],[75.565742,22.469452],[75.565721,22.469494],[75.565637,22.469649],[75.565481,22.469925],[75.565339,22.470173],[75.565304,22.470235],[75.56508,22.470632],[75.564918,22.47092],[75.564769,22.471195],[75.564742,22.471243],[75.564733,22.47126],[75.564519,22.471686],[75.564516,22.471693],[75.564491,22.471744],[75.564486,22.471753],[75.564388,22.471949],[75.564247,22.472229],[75.564551,22.472789],[75.564741,22.473169],[75.564808,22.47332],[75.564878,22.473479],[75.565104,22.473954],[75.565312,22.474407],[75.565471,22.474764],[75.565544,22.47493],[75.565692,22.475211],[75.565842,22.475495],[75.566163,22.476197],[75.566151,22.476447],[75.566168,22.476823],[75.566169,22.47684],[75.56621,22.477423],[75.566109,22.478362],[75.56602,22.479088],[75.565972,22.479564],[75.565972,22.480189],[75.565907,22.480302],[75.565883,22.480421],[75.56583,22.480498],[75.565776,22.480581],[75.565717,22.480789],[75.56561,22.481045],[75.56561,22.481111],[75.565699,22.4812],[75.565657,22.481545],[75.565615,22.481949],[75.565574,22.48214],[75.565586,22.482967],[75.565526,22.483865],[75.565294,22.484519],[75.565223,22.485554],[75.565126,22.487651],[75.564991,22.490575],[75.564968,22.490878],[75.564582,22.491069],[75.56429,22.491253],[75.563987,22.491396],[75.563707,22.491545],[75.563416,22.491628],[75.563172,22.491664],[75.562964,22.49167],[75.562827,22.491634],[75.562761,22.491539],[75.562738,22.491378],[75.56269,22.491182],[75.562619,22.490979],[75.5625,22.490682],[75.562357,22.490426],[75.562006,22.490105],[75.561673,22.489867],[75.561244,22.489647],[75.560531,22.489474],[75.559948,22.489332],[75.559174,22.489225],[75.558538,22.489076],[75.558369,22.48903],[75.558145,22.488969],[75.557503,22.488761],[75.557104,22.488648],[75.55598,22.488469],[75.555599,22.488469],[75.555159,22.488457],[75.554725,22.488344],[75.554493,22.488291],[75.554261,22.488196],[75.554064,22.488178],[75.55388,22.488124],[75.553725,22.488017],[75.553624,22.487934],[75.553529,22.48788],[75.553351,22.487839],[75.553131,22.487737],[75.553089,22.487779],[75.553071,22.488029],[75.553083,22.488219],[75.553083,22.488439],[75.553125,22.488677],[75.553125,22.488903],[75.553142,22.489058],[75.553142,22.489147],[75.553136,22.489248],[75.553023,22.489278],[75.552869,22.489278],[75.552833,22.489278],[75.552798,22.489371],[75.552798,22.489479],[75.552825,22.489578],[75.55283,22.489755],[75.552834,22.489859],[75.552818,22.490686],[75.552781,22.492182],[75.552779,22.492242],[75.552774,22.492469],[75.55268,22.493124],[75.55278,22.493414],[75.552954,22.493912],[75.55311,22.494362],[75.553319,22.494961],[75.553434,22.495297],[75.553489,22.496195],[75.553557,22.496505],[75.553736,22.497318],[75.553926,22.497956],[75.553698,22.498032],[75.554145,22.499631],[75.554212,22.500145],[75.554402,22.500773],[75.554735,22.501973],[75.554793,22.502458],[75.555316,22.503381],[75.556068,22.504569],[75.55676,22.505775],[75.557239,22.506596],[75.557275,22.506665],[75.557474,22.507038],[75.55756,22.507274],[75.557588,22.507602],[75.557624,22.507902],[75.557681,22.508223],[75.557646,22.508402],[75.557576,22.508813],[75.557538,22.509037],[75.557424,22.509901],[75.557274,22.510529],[75.557182,22.511157],[75.557167,22.511678],[75.557167,22.511893],[75.557224,22.511978],[75.55726,22.512157],[75.557239,22.512806],[75.557025,22.514562],[75.556896,22.515662],[75.557124,22.515726],[75.557156,22.515729],[75.55809,22.515812],[75.559202,22.515911],[75.561543,22.515947],[75.563292,22.515947],[75.563692,22.515961],[75.563892,22.515976],[75.564141,22.516069],[75.56432,22.516133],[75.564484,22.51624],[75.564634,22.516375],[75.564763,22.516475],[75.565312,22.516597],[75.566626,22.516283],[75.566647,22.51599],[75.568025,22.515519],[75.56826,22.515319],[75.570059,22.514505],[75.570259,22.514384],[75.571037,22.514234],[75.57128,22.514184],[75.571594,22.51407],[75.571801,22.513977],[75.571908,22.513927],[75.572022,22.513841],[75.572136,22.513834],[75.572301,22.51387],[75.572451,22.513998],[75.57255,22.514063],[75.572693,22.514113],[75.572929,22.51412],[75.573286,22.514155],[75.57375,22.514198],[75.574414,22.514205],[75.575135,22.514305],[75.575649,22.514334],[75.576191,22.514348],[75.576855,22.514327],[75.577098,22.514263],[75.577223,22.514207],[75.577226,22.514205],[75.577298,22.514491],[75.577412,22.515098],[75.577514,22.515329],[75.577526,22.515355],[75.577602,22.515483],[75.577662,22.515583],[75.577769,22.515862],[75.577925,22.516354],[75.57804,22.516718],[75.578047,22.517004],[75.578061,22.517289],[75.578097,22.517496],[75.578154,22.517646],[75.578254,22.517853],[75.57839,22.518474],[75.57864,22.518431],[75.579015,22.518392],[75.579503,22.518398],[75.58017,22.518368],[75.580628,22.518362],[75.580919,22.518356],[75.581353,22.518374],[75.581823,22.518434],[75.582293,22.518446],[75.582632,22.518446],[75.582757,22.518416],[75.582906,22.518368],[75.583001,22.518356],[75.583429,22.518416],[75.585648,22.51863],[75.586606,22.518684],[75.587338,22.518719],[75.587552,22.518785],[75.588242,22.518838],[75.589069,22.51891],[75.589794,22.519011],[75.590395,22.519106],[75.590752,22.519177],[75.592251,22.519451],[75.59281,22.51954],[75.593667,22.519689],[75.593887,22.519754],[75.593988,22.519719],[75.59403,22.519653],[75.594018,22.519606],[75.593959,22.519516],[75.593964,22.519457],[75.594006,22.519362],[75.594066,22.519278],[75.594143,22.519255],[75.594196,22.519249],[75.594238,22.519219],[75.594315,22.519118],[75.594446,22.519064],[75.594565,22.519082],[75.594732,22.519106],[75.594863,22.519005],[75.594988,22.518939],[75.595148,22.518838],[75.595333,22.518755],[75.595469,22.518719],[75.595452,22.518868],[75.595386,22.519088],[75.595452,22.519249],[75.595612,22.519445],[75.595814,22.519707],[75.595886,22.519838],[75.595922,22.519986],[75.595975,22.520183],[75.596041,22.520206],[75.596058,22.520147],[75.59607,22.520099],[75.596094,22.520028],[75.596122,22.52],[75.596154,22.519968],[75.596225,22.519951],[75.59629,22.519998],[75.596356,22.520034],[75.596421,22.520034],[75.596481,22.519974],[75.596516,22.519897],[75.596552,22.51976],[75.596582,22.519689],[75.596612,22.51957],[75.596653,22.519522],[75.596713,22.519433],[75.596772,22.519302],[75.596826,22.519219],[75.596903,22.519171],[75.596986,22.519201],[75.597082,22.519255],[75.597105,22.519316],[75.597143,22.519369],[75.597153,22.519383],[75.597248,22.519397],[75.597348,22.519369],[75.597381,22.519416],[75.597362,22.519483],[75.597343,22.519564],[75.597339,22.519654],[75.597367,22.519716],[75.59741,22.519754],[75.597438,22.519826],[75.597462,22.519892],[75.597515,22.51993],[75.597615,22.519949],[75.597776,22.519949],[75.59791,22.519949],[75.597991,22.51994],[75.598043,22.519902],[75.598062,22.519869],[75.598071,22.519835],[75.598119,22.519797],[75.598185,22.519809],[75.598226,22.519926],[75.598497,22.520112],[75.59869,22.520248],[75.598725,22.520362],[75.598775,22.520505],[75.598811,22.52074],[75.59879,22.52089],[75.598782,22.52104],[75.598782,22.521268],[75.598832,22.521518],[75.598868,22.521654],[75.598947,22.521854],[75.598997,22.522046],[75.599039,22.522425],[75.599082,22.522682],[75.599092,22.522806],[75.599096,22.522867],[75.599096,22.52306],[75.599118,22.523239],[75.59915,22.523346],[75.599225,22.523603],[75.599282,22.523753],[75.599318,22.523938],[75.599339,22.524055],[75.599358,22.524162],[75.599382,22.524295],[75.599432,22.524688],[75.599418,22.52478],[75.599346,22.52483],[75.599139,22.524959],[75.598925,22.525123],[75.598461,22.52533],[75.598218,22.525487],[75.598061,22.525566],[75.597762,22.525723],[75.597662,22.525801],[75.597583,22.525851],[75.597497,22.525965],[75.59744,22.526194],[75.597333,22.526522],[75.597283,22.526729],[75.597248,22.527229],[75.597198,22.527729],[75.597191,22.528086],[75.597141,22.529506],[75.597133,22.53047],[75.597112,22.530869],[75.597076,22.531455],[75.597098,22.53194],[75.597096,22.532008],[75.597091,22.532247],[75.597098,22.532419],[75.597126,22.53269],[75.597119,22.532833],[75.597115,22.533228],[75.597112,22.533532],[75.597105,22.534239],[75.597141,22.53496],[75.597153,22.535336],[75.597155,22.535388],[75.597191,22.535931],[75.597219,22.53688],[75.597237,22.537306],[75.597255,22.537722],[75.597312,22.538022],[75.59744,22.538315],[75.597662,22.538993],[75.597662,22.539186],[75.597583,22.539428],[75.597419,22.5395],[75.59729,22.539507],[75.597126,22.539564],[75.597034,22.539593],[75.596991,22.539607],[75.597076,22.539764],[75.59724,22.540178],[75.597348,22.540563],[75.597376,22.540863],[75.597412,22.541127],[75.597512,22.541534],[75.597633,22.541827],[75.597769,22.541827],[75.597961,22.541784],[75.59814,22.541698],[75.598268,22.541663],[75.598375,22.541613],[75.598468,22.541613],[75.598533,22.54162],[75.598625,22.54162],[75.599732,22.54132],[75.600067,22.541206],[75.600631,22.540999],[75.60086,22.54082],[75.601117,22.540621],[75.601338,22.540499],[75.601474,22.540442],[75.601688,22.540378],[75.601752,22.540385],[75.601766,22.540449],[75.601763,22.540492],[75.601759,22.540549],[75.601638,22.540728],[75.601538,22.540813],[75.601431,22.540906],[75.601309,22.54097],[75.601217,22.54107],[75.601024,22.541292],[75.600924,22.541406],[75.600924,22.54152],[75.601038,22.541691],[75.601109,22.541791],[75.601188,22.541913],[75.601245,22.542005],[75.601288,22.542098],[75.601274,22.542284],[75.601159,22.542419],[75.601167,22.542505],[75.601252,22.542591],[75.601267,22.542719],[75.601124,22.542819],[75.600967,22.542891],[75.600824,22.54299],[75.600717,22.543055],[75.600588,22.543155],[75.600474,22.54334],[75.600374,22.54349],[75.600296,22.54359],[75.600132,22.543661],[75.59997,22.543725],[75.599789,22.543797],[75.599596,22.543911],[75.599432,22.544004],[75.599282,22.544118],[75.599111,22.544233],[75.598989,22.544361],[75.598925,22.544411],[75.598797,22.544461],[75.598748,22.544465],[75.598704,22.544468],[75.598625,22.544447],[75.598518,22.544375],[75.598454,22.544283],[75.598361,22.544147],[75.598247,22.544061],[75.598119,22.544026],[75.59799,22.54399],[75.597883,22.543983],[75.597712,22.544026],[75.597676,22.544068],[75.597626,22.544254],[75.597626,22.544325],[75.597597,22.544404],[75.597555,22.544482],[75.597555,22.544647],[75.597569,22.544832],[75.597547,22.545082],[75.597555,22.545275],[75.597505,22.54541],[75.597412,22.545439],[75.597162,22.545553],[75.596948,22.545532],[75.596855,22.545467],[75.596776,22.545489],[75.596684,22.54556],[75.596612,22.545625],[75.596548,22.54571],[75.596484,22.545817],[75.596441,22.545917],[75.596441,22.546039],[75.59647,22.546196],[75.596541,22.546231],[75.596605,22.546231],[75.596748,22.546267],[75.596841,22.546338],[75.596848,22.546438],[75.596862,22.546567],[75.596905,22.546652],[75.596911,22.546678],[75.596934,22.546774],[75.596948,22.546859],[75.596948,22.546931],[75.596884,22.546988],[75.596769,22.547017],[75.596634,22.546995],[75.596541,22.546917],[75.596384,22.546745],[75.59637,22.546678],[75.596355,22.54661],[75.596263,22.54656],[75.596105,22.54661],[75.596043,22.546678],[75.596034,22.546688],[75.595963,22.546752],[75.595834,22.546817],[75.595806,22.546859],[75.595806,22.546981],[75.595813,22.547152],[75.595749,22.547259],[75.59582,22.547545],[75.595863,22.547752],[75.59587,22.547902],[75.595863,22.548037],[75.59582,22.548201],[75.595749,22.548423],[75.595627,22.548751],[75.595427,22.549201],[75.595327,22.549386],[75.595242,22.549522],[75.59522,22.549672],[75.595185,22.549836],[75.595142,22.54995],[75.595128,22.55005],[75.595049,22.550136],[75.594978,22.550172],[75.594999,22.550372],[75.595163,22.550407],[75.595178,22.55043],[75.595242,22.550529],[75.595335,22.550607],[75.595363,22.55075],[75.59532,22.551043],[75.59527,22.551364],[75.595235,22.551599],[75.595213,22.551835],[75.595213,22.551949],[75.595242,22.552135],[75.595249,22.552299],[75.595249,22.552577],[75.595256,22.552784],[75.595277,22.552941],[75.595299,22.553113],[75.595356,22.553363],[75.595392,22.553655],[75.595477,22.554062],[75.595546,22.55473],[75.595549,22.554755],[75.595606,22.555154],[75.595663,22.555454],[75.595684,22.555725],[75.595713,22.556047],[75.595734,22.556311],[75.595729,22.556536],[75.595727,22.556618],[75.59577,22.557046],[75.595827,22.557538],[75.595841,22.558031],[75.59587,22.558417],[75.595898,22.558595],[75.595863,22.558702],[75.595834,22.558766],[75.59587,22.559009],[75.595898,22.559216],[75.595956,22.559423],[75.595991,22.559716],[75.59597,22.559958],[75.595948,22.560173],[75.595913,22.560294],[75.595863,22.560437],[75.59582,22.560615],[75.595777,22.560972],[75.595775,22.560991],[75.595756,22.561208],[75.595727,22.561393],[75.595677,22.561486],[75.59562,22.56155],[75.59557,22.561614],[75.595527,22.5617],[75.595542,22.561864],[75.595557,22.562116],[75.595563,22.562207],[75.595584,22.562443],[75.595549,22.562764],[75.595584,22.563185],[75.595592,22.563656],[75.595592,22.56417],[75.595592,22.564384],[75.59567,22.56457],[75.595734,22.564713],[75.595734,22.564862],[75.59572,22.564955],[75.595699,22.565084],[75.59572,22.565205],[75.595727,22.565362],[75.595727,22.565583],[75.595691,22.565762],[75.595691,22.56589],[75.595699,22.566097],[75.595699,22.566219],[75.595699,22.566347],[75.595749,22.566619],[75.595747,22.56665],[75.595943,22.566686],[75.599896,22.566876],[75.601037,22.566938],[75.601112,22.566942],[75.601401,22.566983],[75.607731,22.567877],[75.608127,22.567925],[75.60883,22.568031],[75.609673,22.568109],[75.609695,22.568078],[75.609713,22.568053],[75.609906,22.567759],[75.610205,22.5673],[75.610554,22.566776],[75.610953,22.566174],[75.611429,22.565441],[75.612013,22.564567],[75.612484,22.563864],[75.612942,22.563145],[75.613073,22.562955],[75.613103,22.562867],[75.613284,22.562428],[75.613443,22.562042],[75.613458,22.562005],[75.613556,22.561768],[75.61358,22.561709],[75.614283,22.560008],[75.614324,22.559907],[75.6144,22.559894],[75.614424,22.559846],[75.614491,22.559751],[75.614562,22.559675],[75.614691,22.559603],[75.614733,22.559584],[75.614786,22.55956],[75.614848,22.559484],[75.614867,22.559418],[75.614862,22.559303],[75.614852,22.559223],[75.614862,22.559123],[75.614886,22.559066],[75.614933,22.55898],[75.615038,22.558847],[75.61509,22.55877],[75.615162,22.55868],[75.615219,22.558594],[75.615281,22.558533],[75.615385,22.558485],[75.615523,22.558471],[75.615723,22.558471],[75.615857,22.558456],[75.616137,22.558433],[75.616618,22.558428],[75.617213,22.558409],[75.617622,22.558404],[75.617793,22.558399],[75.618303,22.558371],[75.618311,22.558381],[75.618393,22.55849],[75.618479,22.558552],[75.618588,22.55858],[75.618683,22.558618],[75.618817,22.558675],[75.618945,22.55877],[75.619002,22.558851],[75.619078,22.559051],[75.619093,22.559184],[75.619093,22.559251],[75.619093,22.559342],[75.619131,22.55947],[75.619221,22.559603],[75.619283,22.559708],[75.619359,22.559817],[75.619445,22.559936],[75.619545,22.560041],[75.619587,22.560122],[75.619683,22.560231],[75.619752,22.560353],[75.619759,22.560365],[75.619797,22.560507],[75.619887,22.560626],[75.619963,22.560707],[75.620044,22.560764],[75.620106,22.560803],[75.620168,22.560807],[75.620254,22.560807],[75.620373,22.560745],[75.62042,22.560688],[75.620458,22.560579],[75.620501,22.560493],[75.620515,22.560412],[75.620568,22.560341],[75.620639,22.560298],[75.620706,22.560308],[75.62083,22.560341],[75.620963,22.560369],[75.621106,22.560455],[75.621148,22.560507],[75.621196,22.560598],[75.621253,22.560626],[75.621358,22.560669],[75.621501,22.560703],[75.62171,22.560736],[75.621848,22.560731],[75.6219,22.560726],[75.621972,22.560669],[75.622043,22.560612],[75.622181,22.560565],[75.622333,22.560569],[75.622476,22.560569],[75.622576,22.560565],[75.622738,22.560522],[75.622809,22.560484],[75.622952,22.560436],[75.623042,22.560384],[75.623109,22.560336],[75.623147,22.560279],[75.623219,22.560212],[75.623327,22.560171],[75.623357,22.56016],[75.623471,22.560155],[75.623675,22.560093],[75.623771,22.560127],[75.62388,22.560155],[75.623956,22.560212],[75.624132,22.560336],[75.62427,22.560398],[75.624456,22.560427],[75.624589,22.560446],[75.624746,22.560455],[75.624841,22.560455],[75.624951,22.560412],[75.625003,22.56036],[75.625003,22.560265],[75.624979,22.560193],[75.624927,22.560108],[75.624879,22.559998],[75.624879,22.559913],[75.624898,22.559855],[75.624941,22.559794],[75.625032,22.559713],[75.625189,22.559675],[75.625322,22.559656],[75.62546,22.559608],[75.625546,22.55956],[75.625612,22.559499],[75.625712,22.559418],[75.625817,22.559356],[75.625941,22.559313],[75.626083,22.559318],[75.626183,22.559351],[75.62625,22.559399],[75.626298,22.559427],[75.626398,22.559456],[75.626545,22.559456],[75.626659,22.559413],[75.626816,22.559389],[75.626921,22.559365],[75.627054,22.559356],[75.627159,22.559413],[75.627216,22.559475],[75.627316,22.559579],[75.627359,22.559622],[75.627425,22.559675],[75.627578,22.559713],[75.627659,22.559713],[75.627759,22.559698],[75.627797,22.559665],[75.627849,22.559599],[75.627882,22.559518],[75.627882,22.559446],[75.627935,22.559399],[75.628011,22.559389],[75.628096,22.559427],[75.628163,22.559441],[75.628239,22.559456],[75.628344,22.559451],[75.628425,22.55947],[75.628544,22.559532],[75.628625,22.559622],[75.628658,22.559679],[75.628715,22.559822],[75.628729,22.559908],[75.628748,22.560036],[75.628782,22.560117],[75.628839,22.560174],[75.628896,22.560184],[75.628986,22.560184],[75.629063,22.560136],[75.629134,22.56006],[75.629188,22.560041],[75.629255,22.560017],[75.629307,22.559989],[75.629359,22.559951],[75.629435,22.559955],[75.629521,22.559965],[75.629607,22.559998],[75.629678,22.559998],[75.629731,22.559998],[75.629769,22.559974],[75.629821,22.559927],[75.629835,22.559879],[75.629859,22.559855],[75.629878,22.559827],[75.629935,22.559822],[75.629964,22.559798],[75.630054,22.55977],[75.630073,22.559789],[75.63013,22.559813],[75.630164,22.559822],[75.63023,22.559813],[75.630283,22.559798],[75.630335,22.55977],[75.630387,22.55976],[75.630449,22.559746],[75.630587,22.559737],[75.630678,22.559737],[75.630739,22.559737],[75.630796,22.559722],[75.630797,22.559722],[75.630896,22.559756],[75.630954,22.559798],[75.630968,22.559817],[75.631025,22.559875],[75.631803,22.56025],[75.633338,22.560843],[75.633595,22.560872],[75.633887,22.560907],[75.634059,22.560921],[75.634237,22.561036],[75.634249,22.561056],[75.634366,22.561257],[75.634407,22.561401],[75.634509,22.561757],[75.634644,22.562513],[75.634675,22.562728],[75.634758,22.563299],[75.634819,22.563629],[75.634867,22.564034],[75.634871,22.564083],[75.634902,22.564474],[75.634914,22.564777],[75.634962,22.565057],[75.634968,22.565331],[75.634986,22.56542],[75.635015,22.565461],[75.635063,22.565503],[75.635134,22.565503],[75.635218,22.565509],[75.635479,22.565557],[75.635634,22.565646],[75.63589,22.565741],[75.636253,22.565842],[75.636669,22.565931],[75.636978,22.565973],[75.63721,22.565991],[75.637526,22.56608],[75.637728,22.566152],[75.638055,22.566265],[75.638364,22.566318],[75.639102,22.566443],[75.640143,22.566562],[75.640476,22.566598],[75.640589,22.566633],[75.640726,22.566788],[75.640857,22.566824],[75.641838,22.566842],[75.642237,22.566824],[75.642499,22.566806],[75.643094,22.566836],[75.644057,22.566931],[75.644599,22.567014],[75.645782,22.567224],[75.645842,22.567234],[75.646133,22.567282],[75.647353,22.567442],[75.647739,22.56752],[75.64815,22.567686],[75.648281,22.567811],[75.648935,22.567966],[75.648935,22.568079],[75.649899,22.568222],[75.65009,22.568246],[75.650709,22.568282],[75.651177,22.568321],[75.651348,22.568342],[75.651509,22.568338],[75.651876,22.568294],[75.65232,22.568267],[75.652599,22.568254],[75.652816,22.568232],[75.653239,22.56822],[75.65388,22.568187],[75.653972,22.568178],[75.654061,22.568175],[75.654296,22.56815],[75.654741,22.568119],[75.654944,22.568104],[75.655544,22.568047],[75.656117,22.568026],[75.656316,22.567931],[75.656731,22.568096],[75.656792,22.568121],[75.656946,22.568224],[75.657163,22.568368],[75.657439,22.56854],[75.65762,22.568721],[75.657781,22.568999],[75.657992,22.569108],[75.658143,22.5692],[75.658348,22.569312],[75.658757,22.569578],[75.65909,22.569754],[75.659409,22.569935],[75.659564,22.570033],[75.659754,22.570116],[75.659985,22.570247],[75.660292,22.570385],[75.660556,22.570521],[75.66076,22.570632],[75.660922,22.570704],[75.661032,22.570761],[75.661124,22.570825],[75.661204,22.570861],[75.661301,22.57089],[75.661395,22.570916],[75.661507,22.570981],[75.66168,22.571074],[75.66179,22.571149],[75.661983,22.571231],[75.662197,22.571344],[75.662461,22.571475],[75.662637,22.571564],[75.662848,22.57165],[75.662979,22.571689],[75.66314,22.571722],[75.663229,22.571751],[75.663312,22.571817],[75.663357,22.571855],[75.663417,22.571933],[75.663451,22.572044],[75.66347,22.572105],[75.663485,22.572212],[75.66349,22.57226],[75.663508,22.572305],[75.663529,22.572382],[75.663535,22.57245],[75.66352,22.572542],[75.663514,22.572658],[75.663535,22.572783],[75.663577,22.57292],[75.663612,22.573063],[75.663669,22.573158],[75.663752,22.573287],[75.663758,22.573314],[75.663809,22.573535],[75.663858,22.573756],[75.663911,22.573977],[75.663965,22.57419],[75.664011,22.574408],[75.664066,22.574629],[75.664092,22.574737],[75.664094,22.574773],[75.664106,22.574981],[75.664109,22.575115],[75.664121,22.57516],[75.664166,22.575303],[75.664249,22.575606],[75.664285,22.575725],[75.664356,22.575939],[75.664396,22.576092],[75.664682,22.576073],[75.665417,22.576066],[75.665508,22.576097],[75.665401,22.576589],[75.665396,22.576612],[75.66537,22.57673],[75.665435,22.576756],[75.665665,22.576828],[75.665749,22.576879],[75.66585,22.57694],[75.665895,22.576959],[75.665935,22.576974],[75.666016,22.577007],[75.666152,22.577076],[75.666161,22.577083],[75.666221,22.577114],[75.66626,22.577135],[75.666287,22.577141],[75.666351,22.577154],[75.666394,22.577153],[75.666459,22.57715],[75.66658,22.577072],[75.666632,22.576999],[75.666811,22.577061],[75.667109,22.577163],[75.667519,22.577305],[75.667774,22.577396],[75.667929,22.57742],[75.668067,22.577469],[75.668282,22.577592],[75.668502,22.577683],[75.668612,22.577746],[75.668617,22.577746],[75.668629,22.577739],[75.668638,22.577733],[75.668823,22.577657],[75.66883,22.577651],[75.668844,22.577642],[75.668851,22.577636],[75.66906,22.577538],[75.669074,22.577527],[75.66909,22.577521],[75.669216,22.577471],[75.669277,22.577502],[75.669282,22.577506],[75.66938,22.57753],[75.66939,22.57753],[75.669401,22.57753],[75.669572,22.577553],[75.669586,22.57756],[75.669741,22.577629],[75.669781,22.577681],[75.66982,22.577757],[75.669823,22.577765],[75.669872,22.577832],[75.669963,22.577869],[75.669968,22.577874],[75.669975,22.577886],[75.670127,22.577943],[75.670342,22.577956],[75.670483,22.577964],[75.67071,22.577967],[75.671433,22.578218],[75.672166,22.578289],[75.672276,22.578276],[75.67229,22.57827],[75.672304,22.578263],[75.672313,22.578257],[75.672325,22.578246],[75.672327,22.57824],[75.672337,22.578227],[75.672346,22.578211],[75.672353,22.578203],[75.67236,22.578198],[75.672365,22.578196],[75.672374,22.578201],[75.67239,22.578211],[75.6724,22.578216],[75.672412,22.57822],[75.672419,22.578229],[75.672428,22.578235],[75.67244,22.578242],[75.672442,22.578244],[75.672461,22.578257],[75.672468,22.578257],[75.672475,22.578259],[75.672489,22.578259],[75.67251,22.578263],[75.672529,22.578266],[75.672531,22.578268],[75.672547,22.578274],[75.672561,22.578278],[75.672571,22.578283],[75.672585,22.578289],[75.672597,22.578294],[75.672604,22.5783],[75.672611,22.578309],[75.672613,22.578317],[75.672615,22.57833],[75.67262,22.578341],[75.67262,22.57835],[75.672622,22.578361],[75.672625,22.578371],[75.672627,22.578382],[75.672627,22.578391],[75.672634,22.5784],[75.672634,22.57841],[75.672639,22.578419],[75.672641,22.578432],[75.672646,22.578443],[75.672648,22.578462],[75.67265,22.578471],[75.67266,22.57849],[75.672667,22.578514],[75.672676,22.578525],[75.672683,22.578536],[75.67269,22.578547],[75.672697,22.578553],[75.672711,22.578566],[75.672721,22.578573],[75.67273,22.578579],[75.672739,22.578581],[75.672753,22.578588],[75.672767,22.578592],[75.672782,22.578601],[75.672803,22.578607],[75.672814,22.578616],[75.672831,22.578624],[75.672838,22.578631],[75.672852,22.57864],[75.672868,22.57865],[75.672882,22.578661],[75.672896,22.57867],[75.672913,22.578679],[75.672922,22.578689],[75.672934,22.578696],[75.672945,22.578704],[75.672957,22.578711],[75.672967,22.578717],[75.672978,22.578724],[75.672985,22.57873],[75.672995,22.578733],[75.673002,22.578741],[75.673016,22.57875],[75.673027,22.578761],[75.673037,22.578765],[75.673056,22.578774],[75.673063,22.578776],[75.673077,22.578782],[75.673086,22.578787],[75.6731,22.578795],[75.673112,22.5788],[75.673128,22.578808],[75.673138,22.57881],[75.673154,22.578817],[75.673166,22.578823],[75.67317,22.578823],[75.673182,22.578828],[75.673203,22.578832],[75.673212,22.578834],[75.673224,22.578839],[75.673236,22.578843],[75.673245,22.578847],[75.673269,22.578852],[75.673285,22.578856],[75.673297,22.578858],[75.673315,22.578865],[75.673325,22.578865],[75.673337,22.578865],[75.673348,22.578867],[75.675027,22.57934],[75.679581,22.580624],[75.679847,22.580649],[75.680152,22.580697],[75.680556,22.58071],[75.680815,22.580789],[75.680961,22.580905],[75.681027,22.581003],[75.681007,22.58112],[75.680989,22.581201],[75.680989,22.581209],[75.680995,22.581226],[75.681013,22.581313],[75.681022,22.58133],[75.681069,22.581398],[75.681078,22.581406],[75.681131,22.581489],[75.681152,22.581595],[75.681158,22.581724],[75.681203,22.581867],[75.681235,22.581984],[75.681235,22.581998],[75.681241,22.582012],[75.681265,22.582086],[75.681265,22.582099],[75.681265,22.582108],[75.681277,22.582198],[75.681342,22.582252],[75.681544,22.582291],[75.681663,22.582351],[75.681811,22.582425],[75.681953,22.582444],[75.682111,22.582444],[75.683066,22.583285],[75.683129,22.583331],[75.683389,22.583519],[75.683508,22.583606],[75.683685,22.583624],[75.683896,22.585076],[75.683191,22.585097],[75.682224,22.585127],[75.682475,22.585646],[75.68259,22.585885],[75.682732,22.586179],[75.683104,22.587046],[75.683173,22.587209],[75.68329,22.587481],[75.683416,22.587775],[75.683597,22.588167],[75.683655,22.588293],[75.683702,22.588379],[75.683826,22.58861],[75.683889,22.588726],[75.684088,22.589121],[75.684145,22.589254],[75.684227,22.589447],[75.68429,22.589592],[75.68442,22.589967],[75.684548,22.590392],[75.684554,22.59041],[75.684586,22.590519],[75.684709,22.590856],[75.684781,22.591045],[75.684866,22.591304],[75.684895,22.591381],[75.684907,22.591415],[75.685056,22.59179],[75.685094,22.591883],[75.685181,22.592124],[75.68532,22.592482],[75.68544,22.592793],[75.685524,22.592962],[75.685587,22.593236],[75.685627,22.593409],[75.685827,22.593997],[75.685969,22.594302],[75.685985,22.594312],[75.686055,22.594311],[75.686056,22.594311],[75.686059,22.594311],[75.686068,22.594309],[75.686077,22.594308],[75.686089,22.594308],[75.686093,22.594308],[75.686099,22.594308],[75.686109,22.594304],[75.68612,22.594304],[75.686128,22.594304],[75.686135,22.594304],[75.686141,22.594306],[75.68615,22.594312],[75.686152,22.594313],[75.686155,22.594316],[75.686161,22.594321],[75.686167,22.594323],[75.686171,22.594326],[75.686173,22.594328],[75.686178,22.594332],[75.686225,22.594488],[75.686221,22.59449],[75.686216,22.594492],[75.686203,22.594497],[75.68621,22.594517],[75.686203,22.594524],[75.686263,22.594677],[75.686349,22.594947],[75.68635,22.594955],[75.686373,22.594953],[75.686382,22.594952],[75.686431,22.595088],[75.686557,22.595465],[75.686655,22.595406],[75.686733,22.595345],[75.686821,22.59528],[75.686951,22.595173],[75.68706,22.595086],[75.687294,22.594901],[75.687307,22.59492],[75.687326,22.594948],[75.687468,22.594817],[75.687476,22.594818],[75.687702,22.594847],[75.68778,22.594857],[75.687963,22.594874],[75.688243,22.594883],[75.688408,22.594888],[75.688647,22.594895],[75.688762,22.5949],[75.688859,22.594904],[75.689374,22.59493],[75.689385,22.594931],[75.689477,22.594935],[75.689822,22.59496],[75.689833,22.594961],[75.690047,22.594984],[75.690057,22.594985],[75.690594,22.59504],[75.690854,22.595066],[75.690994,22.59508],[75.691043,22.595084],[75.691238,22.595099],[75.691329,22.595084],[75.691373,22.595077],[75.691471,22.595072],[75.691595,22.59508],[75.691721,22.59505],[75.691748,22.595051],[75.692168,22.595067],[75.692547,22.595088],[75.693168,22.595121],[75.694496,22.595202],[75.694498,22.595052],[75.695269,22.594984],[75.696039,22.594916],[75.696085,22.594942],[75.69612,22.594879],[75.696141,22.594839],[75.69625,22.594914],[75.696359,22.594989],[75.696437,22.595044],[75.696462,22.595061],[75.696532,22.595142],[75.696384,22.595341],[75.696138,22.595674],[75.696324,22.596055],[75.696188,22.596654],[75.696122,22.59747],[75.696162,22.598334],[75.696329,22.599444],[75.696532,22.600568],[75.696606,22.601545],[75.696648,22.601662],[75.69703,22.602714],[75.697274,22.603389],[75.698219,22.6051],[75.698308,22.605822],[75.69831,22.605836],[75.698345,22.60612],[75.698376,22.606245],[75.698542,22.606919],[75.698597,22.607141],[75.698732,22.607321],[75.698746,22.607864],[75.698812,22.609612],[75.698844,22.610459],[75.700133,22.610468],[75.700143,22.61105],[75.700458,22.611156],[75.700353,22.611456],[75.700334,22.611711],[75.700592,22.611826],[75.700994,22.611908],[75.70138,22.612163],[75.702161,22.612679],[75.702165,22.612682],[75.702771,22.613006],[75.70334,22.613043],[75.703973,22.613709],[75.704133,22.613877],[75.704395,22.614142],[75.704771,22.614522],[75.705298,22.614585],[75.705627,22.614619],[75.706291,22.614668],[75.706288,22.615219],[75.707579,22.615279],[75.708087,22.615347],[75.708224,22.614671],[75.708241,22.61459],[75.70913,22.614919],[75.709272,22.614993],[75.70966,22.615195],[75.709694,22.615212],[75.709731,22.615272],[75.709835,22.61544],[75.710036,22.615637],[75.710038,22.615639],[75.710521,22.616293],[75.710403,22.616363],[75.710033,22.616585],[75.711071,22.618292],[75.711418,22.618315],[75.711681,22.618426],[75.711854,22.61849],[75.711955,22.618471],[75.711967,22.618469],[75.712056,22.618387],[75.712084,22.618346],[75.712254,22.618338],[75.712323,22.61851],[75.712379,22.618536],[75.712581,22.618524],[75.712615,22.618485],[75.712629,22.618508],[75.712629,22.618506],[75.712641,22.618495],[75.712885,22.618544],[75.713014,22.618533],[75.713353,22.618984],[75.713536,22.618755]]]}},{"type":"Feature","properties":{"OBJECTID":4164,"state_lgd":"23","state_name":"MADHYA PRADESH","district_lgd":"439","district_name":"INDORE","district_name_source":"district_table","subdistrict_lgd":"3541","subdistrict_name":"HATOD","subdistrict_type":"","name_corrupted":false,"remarks":""},"geometry":{"type":"Polygon","coordinates":[[[75.748192,22.920819],[75.748927,22.920706],[75.749818,22.920465],[75.750924,22.920201],[75.751267,22.920133],[75.752003,22.920052],[75.75307,22.919922],[75.753735,22.919884],[75.754159,22.919831],[75.754391,22.919799],[75.754694,22.919783],[75.75509,22.919806],[75.755367,22.919846],[75.755723,22.919863],[75.756016,22.919887],[75.756242,22.919905],[75.756428,22.919914],[75.756974,22.919958],[75.757222,22.919987],[75.757298,22.920011],[75.757415,22.920058],[75.757564,22.920092],[75.75775,22.920101],[75.757888,22.920106],[75.758092,22.920106],[75.758302,22.920125],[75.758725,22.920177],[75.759016,22.920215],[75.75912,22.92022],[75.759258,22.920263],[75.759344,22.920268],[75.759392,22.920268],[75.759493,22.920226],[75.759558,22.920187],[75.759715,22.920196],[75.760253,22.920287],[75.760843,22.920344],[75.760955,22.920354],[75.760979,22.919947],[75.760988,22.919798],[75.761004,22.919441],[75.761021,22.918812],[75.761021,22.918802],[75.761025,22.918173],[75.761025,22.918109],[75.761026,22.917523],[75.76104,22.916874],[75.761041,22.916628],[75.761059,22.916238],[75.761062,22.915601],[75.761101,22.914967],[75.761115,22.914658],[75.761129,22.914328],[75.761105,22.913843],[75.761108,22.913681],[75.761128,22.913457],[75.761151,22.913128],[75.761171,22.912797],[75.761202,22.912467],[75.761219,22.912135],[75.761237,22.911802],[75.761276,22.911471],[75.761296,22.911137],[75.76134,22.910804],[75.761385,22.91047],[75.761436,22.910136],[75.76148,22.909802],[75.761524,22.909468],[75.761574,22.909136],[75.761615,22.908803],[75.761551,22.90861],[75.760665,22.908607],[75.760566,22.908596],[75.759565,22.908564],[75.759224,22.90855],[75.758437,22.908495],[75.758087,22.908467],[75.757899,22.908438],[75.757283,22.908403],[75.756723,22.908345],[75.756201,22.908274],[75.755416,22.908014],[75.755295,22.907959],[75.754947,22.907845],[75.754618,22.907606],[75.754388,22.907485],[75.754384,22.907478],[75.754352,22.907434],[75.75413,22.907357],[75.753685,22.907213],[75.753502,22.907143],[75.752933,22.906868],[75.752803,22.906805],[75.752584,22.906744],[75.752169,22.906553],[75.752082,22.906532],[75.751935,22.906442],[75.751886,22.906391],[75.751807,22.906361],[75.75137,22.906151],[75.751131,22.906052],[75.750972,22.905969],[75.750855,22.905915],[75.750759,22.905845],[75.750767,22.905787],[75.750744,22.90572],[75.750737,22.90554],[75.750755,22.905384],[75.750756,22.905104],[75.750726,22.904957],[75.750689,22.904628],[75.750668,22.904175],[75.750671,22.903915],[75.750662,22.903495],[75.750616,22.903083],[75.750561,22.902665],[75.750503,22.902249],[75.750489,22.901823],[75.750388,22.901619],[75.750293,22.90001],[75.750207,22.898782],[75.750122,22.897869],[75.749893,22.896441],[75.749713,22.895032],[75.749408,22.893119],[75.749341,22.892415],[75.749341,22.89211],[75.749379,22.891825],[75.749522,22.891368],[75.749379,22.891244],[75.749893,22.890102],[75.75002,22.889819],[75.750069,22.88971],[75.750464,22.888827],[75.750893,22.887818],[75.751207,22.887123],[75.751426,22.886599],[75.751873,22.885552],[75.752235,22.884658],[75.752482,22.883868],[75.752747,22.882786],[75.753248,22.881602],[75.753908,22.880405],[75.754536,22.879188],[75.75474,22.878794],[75.755483,22.877262],[75.755978,22.875689],[75.756299,22.874807],[75.756231,22.874517],[75.755896,22.874364],[75.756003,22.873844],[75.756015,22.873785],[75.756123,22.873259],[75.756175,22.873163],[75.756228,22.873065],[75.756275,22.872966],[75.756323,22.872869],[75.756355,22.87277],[75.756389,22.872673],[75.756422,22.872576],[75.756468,22.872457],[75.756577,22.872176],[75.756635,22.872034],[75.756695,22.871887],[75.756749,22.871741],[75.756799,22.871594],[75.756852,22.871448],[75.756902,22.871301],[75.756952,22.871154],[75.756997,22.871007],[75.757044,22.870911],[75.757074,22.870863],[75.757129,22.870755],[75.757149,22.870719],[75.757211,22.870615],[75.75723,22.870579],[75.757304,22.870437],[75.757372,22.870295],[75.757424,22.870155],[75.757469,22.870015],[75.757494,22.86987],[75.757512,22.869725],[75.757532,22.86958],[75.757559,22.869436],[75.757581,22.869291],[75.757603,22.869147],[75.757623,22.869003],[75.757634,22.868861],[75.75737,22.86587],[75.757284,22.864827],[75.757363,22.863464],[75.757514,22.861963],[75.758183,22.861958],[75.758189,22.861958],[75.758466,22.861961],[75.759315,22.861947],[75.75932,22.861951],[75.759909,22.862422],[75.760252,22.862515],[75.760426,22.862562],[75.7606,22.862608],[75.760926,22.862756],[75.761461,22.863107],[75.762044,22.86366],[75.76252,22.864196],[75.763021,22.86487],[75.763038,22.864875],[75.763108,22.864894],[75.763502,22.865002],[75.763644,22.865041],[75.764236,22.865079],[75.764755,22.865146],[75.765391,22.865247],[75.765424,22.865252],[75.765909,22.86534],[75.76633,22.86541],[75.766505,22.865427],[75.76672,22.865445],[75.76721,22.865502],[75.767873,22.865481],[75.767916,22.865633],[75.767987,22.865757],[75.768144,22.865871],[75.768287,22.866],[75.768372,22.866118],[75.768463,22.866347],[75.768539,22.866647],[75.768582,22.866866],[75.768587,22.867165],[75.768625,22.86718],[75.768801,22.867246],[75.768891,22.867318],[75.769367,22.867775],[75.770033,22.868246],[75.771352,22.869007],[75.771785,22.869274],[75.772232,22.869607],[75.77296,22.870149],[75.774088,22.870992],[75.775087,22.87162],[75.775516,22.871858],[75.775977,22.872081],[75.776529,22.87221],[75.777224,22.87241],[75.77751,22.872505],[75.777671,22.872591],[75.77789,22.872719],[75.778038,22.872905],[75.778214,22.8731],[75.778404,22.873442],[75.778657,22.873895],[75.778728,22.874042],[75.778937,22.874194],[75.779047,22.87428],[75.779132,22.874437],[75.779308,22.87477],[75.779661,22.875517],[75.779851,22.875936],[75.779908,22.87606],[75.779979,22.876122],[75.780141,22.87615],[75.780322,22.876203],[75.780579,22.876274],[75.780635,22.876296],[75.7807,22.876323],[75.780865,22.876388],[75.78112,22.876526],[75.781174,22.876555],[75.781307,22.876617],[75.78155,22.87665],[75.781821,22.876693],[75.782254,22.876769],[75.782711,22.876807],[75.782982,22.876864],[75.783273,22.876964],[75.783506,22.877045],[75.783763,22.877083],[75.784029,22.877154],[75.78422,22.877207],[75.784415,22.877335],[75.784658,22.877464],[75.784829,22.877573],[75.784943,22.877626],[75.785176,22.877687],[75.785281,22.877735],[75.785471,22.877868],[75.785666,22.878006],[75.785776,22.878078],[75.785862,22.878125],[75.786095,22.878201],[75.786228,22.878254],[75.786528,22.87833],[75.786851,22.878368],[75.787284,22.87842],[75.787499,22.878482],[75.787608,22.878482],[75.787932,22.878544],[75.788327,22.878587],[75.788917,22.878639],[75.789421,22.878768],[75.789502,22.878806],[75.789564,22.878806],[75.78964,22.878782],[75.789745,22.878782],[75.790026,22.878801],[75.790525,22.878872],[75.790935,22.878915],[75.79113,22.878939],[75.791239,22.878929],[75.791344,22.87891],[75.791406,22.878901],[75.791596,22.878972],[75.791748,22.879025],[75.792053,22.879082],[75.792319,22.879134],[75.792643,22.879172],[75.792886,22.879182],[75.793224,22.87922],[75.793561,22.879253],[75.794085,22.879272],[75.79457,22.879291],[75.794951,22.87932],[75.795203,22.879286],[75.795451,22.879258],[75.795622,22.879248],[75.795798,22.879272],[75.795979,22.879296],[75.796103,22.879339],[75.796188,22.879382],[75.796307,22.879415],[75.796512,22.879429],[75.796731,22.879453],[75.796817,22.879486],[75.796859,22.879591],[75.796874,22.879743],[75.796869,22.880024],[75.796907,22.88021],[75.797054,22.880224],[75.797416,22.880205],[75.797649,22.880186],[75.797892,22.880205],[75.798187,22.880195],[75.798611,22.880148],[75.799034,22.8801],[75.799443,22.880091],[75.799777,22.88001],[75.800081,22.879981],[75.800191,22.87991],[75.800219,22.87981],[75.800219,22.879686],[75.800195,22.879572],[75.800129,22.879415],[75.800114,22.879291],[75.800129,22.879148],[75.800134,22.879063],[75.800162,22.87902],[75.80024,22.878985],[75.800366,22.878957],[75.80052,22.878924],[75.801009,22.878821],[75.801225,22.878776],[75.801722,22.878624],[75.802051,22.878567],[75.802372,22.87851],[75.8027,22.878496],[75.803043,22.878446],[75.803243,22.878403],[75.803364,22.87841],[75.803685,22.878374],[75.804149,22.878367],[75.804399,22.878331],[75.804578,22.878296],[75.80482,22.87826],[75.805063,22.878253],[75.80527,22.878239],[75.805427,22.878239],[75.805598,22.878246],[75.805727,22.878231],[75.805834,22.878189],[75.805927,22.87816],[75.805948,22.878253],[75.805948,22.878367],[75.806018,22.878446],[75.806227,22.878437],[75.806311,22.878428],[75.806622,22.878394],[75.806998,22.878332],[75.807527,22.878218],[75.807969,22.878161],[75.808569,22.878075],[75.808878,22.878023],[75.809149,22.87798],[75.809787,22.877918],[75.809868,22.877909],[75.809939,22.877942],[75.810301,22.877871],[75.81072,22.877794],[75.81101,22.877747],[75.811096,22.877709],[75.811229,22.877714],[75.811386,22.877723],[75.811519,22.877695],[75.811648,22.877628],[75.811852,22.877566],[75.81199,22.877552],[75.812181,22.877495],[75.812309,22.877461],[75.812404,22.877414],[75.812547,22.877423],[75.812728,22.877452],[75.813646,22.877214],[75.813613,22.877109],[75.81357,22.877009],[75.813537,22.876909],[75.813532,22.8768],[75.813561,22.876671],[75.81357,22.876595],[75.813613,22.876519],[75.813651,22.876433],[75.813718,22.876329],[75.813782,22.876213],[75.813834,22.876067],[75.813872,22.875948],[75.813862,22.875853],[75.813848,22.875734],[75.813815,22.875586],[75.813791,22.875491],[75.813772,22.875353],[75.813758,22.875168],[75.813753,22.874958],[75.813758,22.874801],[75.813762,22.874635],[75.813743,22.87443],[75.813772,22.874311],[75.813877,22.874182],[75.813972,22.874097],[75.814119,22.87403],[75.814224,22.873983],[75.814324,22.873925],[75.814486,22.87384],[75.814614,22.873783],[75.814738,22.873716],[75.814924,22.87363],[75.815052,22.873554],[75.815166,22.873459],[75.815195,22.873427],[75.81529,22.873316],[75.815361,22.873183],[75.815461,22.873116],[75.815542,22.873069],[75.815642,22.873012],[75.815704,22.872921],[75.815728,22.872836],[75.815747,22.872741],[75.815747,22.872579],[75.815709,22.87246],[75.815666,22.872388],[75.815547,22.872293],[75.815357,22.872122],[75.815152,22.872008],[75.815014,22.871912],[75.814876,22.87186],[75.814752,22.871765],[75.814633,22.871684],[75.814552,22.871651],[75.81441,22.871641],[75.814295,22.871594],[75.814077,22.871541],[75.813867,22.871537],[75.813696,22.871503],[75.813505,22.871413],[75.813425,22.871337],[75.813282,22.871232],[75.813087,22.871046],[75.813025,22.870927],[75.812934,22.870799],[75.812801,22.870642],[75.81273,22.870528],[75.812677,22.870333],[75.81262,22.870199],[75.812535,22.869999],[75.812473,22.869842],[75.812435,22.869733],[75.812387,22.869628],[75.812321,22.869547],[75.812206,22.869457],[75.812087,22.869381],[75.811973,22.869305],[75.811873,22.86919],[75.811759,22.869076],[75.811648,22.868993],[75.811808,22.868871],[75.812812,22.868486],[75.813064,22.868381],[75.813355,22.868305],[75.813507,22.8683],[75.813559,22.868291],[75.813626,22.868267],[75.813831,22.868196],[75.814116,22.86812],[75.814383,22.868058],[75.814625,22.867986],[75.814744,22.867967],[75.814911,22.867934],[75.815035,22.867882],[75.815258,22.86781],[75.815901,22.867663],[75.816196,22.867615],[75.816648,22.867563],[75.816972,22.867534],[75.817371,22.867449],[75.818518,22.867115],[75.819261,22.866901],[75.819936,22.866739],[75.820005,22.866725],[75.819964,22.866482],[75.819854,22.866087],[75.819715,22.865714],[75.819635,22.865372],[75.819585,22.865152],[75.81954,22.864949],[75.819529,22.864918],[75.819441,22.864678],[75.819352,22.864453],[75.819245,22.864202],[75.819227,22.864142],[75.819211,22.86409],[75.819114,22.863788],[75.819068,22.863661],[75.819033,22.863574],[75.81892,22.863312],[75.818866,22.863174],[75.818859,22.863158],[75.818804,22.863043],[75.818774,22.863001],[75.818713,22.862951],[75.818536,22.862608],[75.818502,22.862544],[75.81847,22.862482],[75.818191,22.861946],[75.81805,22.861676],[75.81786,22.86129],[75.817822,22.861193],[75.817605,22.860781],[75.817509,22.860662],[75.817485,22.86061],[75.817152,22.859946],[75.817064,22.859767],[75.816959,22.859553],[75.81684,22.859312],[75.816688,22.858661],[75.816538,22.857995],[75.816389,22.857334],[75.816265,22.856679],[75.816217,22.856543],[75.815746,22.856553],[75.815184,22.856563],[75.814642,22.856572],[75.814199,22.856572],[75.813975,22.856524],[75.813814,22.856524],[75.813619,22.856515],[75.813514,22.856496],[75.813233,22.856049],[75.812971,22.855663],[75.8126,22.855097],[75.812257,22.854645],[75.81201,22.854321],[75.811872,22.854102],[75.811758,22.853888],[75.811682,22.853731],[75.811577,22.853555],[75.811444,22.853298],[75.811334,22.853165],[75.811258,22.853065],[75.811063,22.852741],[75.810934,22.852527],[75.810844,22.852465],[75.810754,22.852413],[75.810649,22.852356],[75.810563,22.85226],[75.810492,22.852156],[75.810463,22.85208],[75.810368,22.852122],[75.810349,22.852075],[75.810349,22.851989],[75.810406,22.851837],[75.81043,22.851737],[75.81043,22.85167],[75.810411,22.851542],[75.810401,22.851418],[75.810363,22.85118],[75.810335,22.850842],[75.810321,22.850433],[75.810321,22.850195],[75.810302,22.849548],[75.810297,22.849338],[75.810283,22.849077],[75.810283,22.849004],[75.810255,22.849037],[75.809722,22.849198],[75.80896,22.849303],[75.808208,22.84936],[75.807285,22.849417],[75.8059,22.849453],[75.80443,22.849517],[75.803373,22.849596],[75.803095,22.849617],[75.802474,22.849681],[75.802313,22.849693],[75.801689,22.849739],[75.801296,22.849774],[75.801053,22.849753],[75.800811,22.849717],[75.800468,22.849731],[75.799733,22.849731],[75.799183,22.849731],[75.798926,22.849703],[75.798633,22.849724],[75.798376,22.849739],[75.797848,22.849774],[75.796399,22.849703],[75.796316,22.850145],[75.796226,22.850131],[75.796093,22.850198],[75.795978,22.850198],[75.795907,22.850131],[75.795864,22.850064],[75.795798,22.849988],[75.795721,22.849917],[75.795545,22.849755],[75.795374,22.849603],[75.795231,22.849498],[75.79515,22.849422],[75.795117,22.849336],[75.795131,22.849241],[75.795146,22.84917],[75.795165,22.849074],[75.79515,22.848998],[75.795068,22.848916],[75.795046,22.848894],[75.794893,22.848794],[75.794803,22.848698],[75.794722,22.848599],[75.794541,22.84848],[75.79436,22.848394],[75.794232,22.848351],[75.794141,22.848318],[75.794089,22.848227],[75.794127,22.848137],[75.79416,22.84808],[75.794189,22.848051],[75.794213,22.847975],[75.794241,22.847927],[75.794298,22.847908],[75.794398,22.847908],[75.794541,22.847937],[75.794698,22.847966],[75.794812,22.847994],[75.794927,22.848089],[75.79525,22.848318],[75.795355,22.848441],[75.795455,22.848489],[75.795522,22.848475],[75.795598,22.848422],[75.795626,22.848294],[75.795645,22.848194],[75.795645,22.848132],[75.795598,22.848066],[75.795555,22.84797],[75.795526,22.847899],[75.795526,22.847804],[75.795517,22.847709],[75.795479,22.847651],[75.795407,22.847575],[75.795384,22.847414],[75.795393,22.84729],[75.795441,22.847161],[75.795464,22.847057],[75.795431,22.846971],[75.795379,22.846852],[75.795366,22.846701],[75.795366,22.846693],[75.795352,22.846525],[75.795333,22.846374],[75.795336,22.846186],[75.795326,22.846116],[75.795246,22.845861],[75.795221,22.845741],[75.795169,22.845602],[75.795151,22.845559],[75.795138,22.845527],[75.795101,22.845458],[75.795081,22.845349],[75.795029,22.845085],[75.794999,22.84483],[75.794956,22.844573],[75.794919,22.844313],[75.794869,22.844053],[75.794856,22.843909],[75.794846,22.843797],[75.794849,22.843768],[75.794849,22.843587],[75.794792,22.843221],[75.794716,22.842683],[75.794654,22.841622],[75.794601,22.841413],[75.79453,22.841213],[75.794471,22.840897],[75.794388,22.840452],[75.79434,22.840194],[75.794206,22.839466],[75.794083,22.838676],[75.793988,22.838157],[75.793959,22.837553],[75.79395,22.837163],[75.79403,22.837168],[75.794264,22.83721],[75.794492,22.837239],[75.794668,22.837239],[75.794977,22.837206],[75.795111,22.837182],[75.795282,22.837096],[75.79542,22.837091],[75.795634,22.837077],[75.795777,22.837077],[75.795886,22.837091],[75.795982,22.837115],[75.796091,22.837106],[75.796324,22.837049],[75.796657,22.836963],[75.796995,22.836911],[75.7974,22.836873],[75.797628,22.836849],[75.797947,22.836853],[75.798028,22.836934],[75.798104,22.836972],[75.798271,22.837001],[75.798451,22.836934],[75.798575,22.836944],[75.799275,22.836949],[75.799689,22.836953],[75.800027,22.836996],[75.800231,22.836977],[75.80056,22.836953],[75.801093,22.836868],[75.801511,22.83682],[75.801968,22.836749],[75.802168,22.836744],[75.802278,22.836768],[75.802359,22.836735],[75.802401,22.836692],[75.80242,22.836616],[75.802444,22.836587],[75.802544,22.836577],[75.802725,22.836563],[75.803058,22.836558],[75.803244,22.836544],[75.803367,22.836587],[75.803505,22.836577],[75.803624,22.836549],[75.803724,22.836506],[75.803919,22.836492],[75.804096,22.836487],[75.804211,22.836501],[75.804359,22.836487],[75.804482,22.836468],[75.80463,22.836468],[75.804773,22.836477],[75.804949,22.836491],[75.805101,22.836501],[75.805315,22.836482],[75.805634,22.836463],[75.80592,22.836439],[75.806124,22.83642],[75.806486,22.836377],[75.806848,22.836325],[75.806976,22.836292],[75.807133,22.836249],[75.807404,22.836211],[75.807661,22.836149],[75.807866,22.836111],[75.808256,22.836073],[75.808594,22.83602],[75.808818,22.835977],[75.80908,22.83592],[75.809218,22.835906],[75.809398,22.835897],[75.809517,22.835882],[75.809627,22.835882],[75.809889,22.835868],[75.810217,22.835858],[75.81046,22.835844],[75.810617,22.835835],[75.810831,22.835816],[75.811231,22.835792],[75.811711,22.835782],[75.812154,22.835801],[75.812544,22.835825],[75.812787,22.835825],[75.812963,22.835839],[75.813263,22.835844],[75.813496,22.835835],[75.813896,22.83582],[75.814214,22.835811],[75.814429,22.835792],[75.814633,22.835782],[75.814862,22.835773],[75.815066,22.835759],[75.815423,22.835763],[75.815637,22.835792],[75.815813,22.835792],[75.815837,22.835855],[75.815833,22.835897],[75.815826,22.835944],[75.815998,22.83595],[75.816247,22.835935],[75.816379,22.83593],[75.816424,22.835929],[75.816624,22.835926],[75.816743,22.835902],[75.816813,22.835891],[75.816988,22.835883],[75.81725,22.835873],[75.817373,22.835879],[75.81775,22.8359],[75.817964,22.835897],[75.818281,22.835899],[75.818454,22.835918],[75.818775,22.835893],[75.819236,22.83589],[75.819454,22.835878],[75.819752,22.835857],[75.819941,22.835834],[75.820092,22.835833],[75.820199,22.835829],[75.820273,22.835794],[75.820411,22.83568],[75.82075,22.835408],[75.821191,22.835336],[75.822027,22.83545],[75.823334,22.835631],[75.823982,22.835738],[75.824539,22.835832],[75.825064,22.835954],[75.825474,22.83604],[75.825722,22.836099],[75.82571,22.836223],[75.82579,22.836234],[75.825824,22.836321],[75.825834,22.836469],[75.826048,22.836502],[75.826195,22.836545],[75.826343,22.836535],[75.826457,22.836512],[75.826648,22.83654],[75.826952,22.836626],[75.827328,22.836688],[75.827718,22.83674],[75.827961,22.83674],[75.828132,22.836773],[75.828404,22.836797],[75.828799,22.836807],[75.829313,22.836831],[75.829598,22.836792],[75.82986,22.836735],[75.830064,22.836697],[75.830602,22.836597],[75.831026,22.836512],[75.832054,22.836397],[75.832544,22.83634],[75.83301,22.836269],[75.833333,22.836248],[75.833458,22.83624],[75.833734,22.836236],[75.834038,22.836292],[75.834038,22.836292],[75.834166,22.836279],[75.835082,22.836074],[75.835449,22.835988],[75.835829,22.835904],[75.836212,22.835818],[75.8366,22.835729],[75.836999,22.83564],[75.837101,22.835581],[75.837511,22.835217],[75.837658,22.835071],[75.838143,22.834624],[75.838676,22.834131],[75.839368,22.833503],[75.839716,22.833179],[75.840186,22.832757],[75.840494,22.832453],[75.840815,22.832169],[75.841553,22.831573],[75.841924,22.831297],[75.842767,22.830687],[75.843642,22.830012],[75.843488,22.829499],[75.843356,22.829061],[75.843183,22.828504],[75.843071,22.828146],[75.842986,22.827889],[75.842916,22.827685],[75.842789,22.827484],[75.842653,22.827242],[75.842584,22.82712],[75.842516,22.827],[75.842189,22.826416],[75.841982,22.826028],[75.841725,22.825563],[75.841652,22.825418],[75.84162,22.825355],[75.84142,22.824742],[75.841345,22.82452],[75.841289,22.824327],[75.841281,22.824301],[75.841112,22.823758],[75.841047,22.823542],[75.840934,22.823198],[75.840718,22.822525],[75.840697,22.822459],[75.840568,22.82209],[75.840522,22.821811],[75.840449,22.821458],[75.840399,22.821186],[75.840349,22.820908],[75.840276,22.820913],[75.840255,22.820914],[75.840037,22.820916],[75.839576,22.820925],[75.839163,22.820893],[75.838926,22.820804],[75.838878,22.820765],[75.838636,22.820613],[75.838481,22.820458],[75.838195,22.820214],[75.838059,22.820077],[75.837945,22.819851],[75.837838,22.819524],[75.837773,22.819227],[75.837713,22.819001],[75.837672,22.818751],[75.837672,22.818626],[75.837719,22.818507],[75.837832,22.818257],[75.837951,22.818091],[75.838011,22.817936],[75.838136,22.817728],[75.838195,22.817573],[75.838261,22.817406],[75.838285,22.817287],[75.838267,22.817216],[75.838237,22.817091],[75.838273,22.816913],[75.838338,22.816758],[75.838451,22.816508],[75.838523,22.816252],[75.838588,22.816026],[75.838647,22.8158],[75.838647,22.815675],[75.83863,22.815562],[75.838653,22.815455],[75.838653,22.81533],[75.838618,22.815199],[75.838487,22.815027],[75.838314,22.81486],[75.838118,22.814676],[75.837838,22.814539],[75.8376,22.814432],[75.837499,22.814426],[75.83741,22.814468],[75.837208,22.814581],[75.837089,22.814652],[75.837,22.814688],[75.836904,22.814712],[75.836809,22.814753],[75.83675,22.814825],[75.836661,22.814962],[75.836554,22.815069],[75.83647,22.815128],[75.836363,22.81514],[75.83622,22.815104],[75.836125,22.815039],[75.835971,22.814944],[75.835875,22.814872],[75.835667,22.814854],[75.83553,22.814872],[75.835346,22.814932],[75.835203,22.814944],[75.835078,22.814938],[75.834912,22.81489],[75.834788,22.814831],[75.834768,22.814827],[75.834667,22.815118],[75.834594,22.815332],[75.834491,22.815587],[75.834395,22.815739],[75.83429,22.815853],[75.834152,22.815934],[75.834138,22.815953],[75.83396,22.816036],[75.83383,22.816087],[75.833538,22.816234],[75.833288,22.816364],[75.833099,22.816455],[75.832884,22.816578],[75.832583,22.816761],[75.832249,22.816958],[75.832083,22.817045],[75.83179,22.817166],[75.831611,22.817202],[75.83149,22.817309],[75.831404,22.817423],[75.83124,22.817459],[75.830983,22.817494],[75.830883,22.817452],[75.830705,22.817409],[75.830548,22.817366],[75.830319,22.817245],[75.830191,22.817173],[75.829962,22.817073],[75.829705,22.816923],[75.829513,22.816859],[75.829277,22.816773],[75.829149,22.816752],[75.828992,22.816781],[75.828842,22.816781],[75.828599,22.816809],[75.828449,22.816816],[75.828249,22.816838],[75.828092,22.816845],[75.827907,22.816838],[75.82775,22.816838],[75.827671,22.816881],[75.827521,22.816966],[75.827407,22.816973],[75.82725,22.816938],[75.827157,22.816916],[75.826914,22.816895],[75.82665,22.816873],[75.826479,22.816788],[75.826258,22.816588],[75.826093,22.816374],[75.825934,22.816224],[75.825761,22.815905],[75.825678,22.81556],[75.825574,22.815294],[75.825555,22.815103],[75.825574,22.814713],[75.825612,22.814342],[75.825707,22.813866],[75.825831,22.813542],[75.825935,22.813228],[75.825954,22.813028],[75.825945,22.812838],[75.825907,22.812686],[75.825802,22.812467],[75.82564,22.81221],[75.825469,22.81201],[75.825336,22.811801],[75.825212,22.81162],[75.824993,22.811391],[75.824869,22.811287],[75.824631,22.811239],[75.824165,22.811182],[75.82368,22.811172],[75.823337,22.811172],[75.822899,22.811249],[75.822737,22.81122],[75.822623,22.811068],[75.822461,22.810754],[75.822347,22.810363],[75.822299,22.809964],[75.822261,22.809707],[75.8223,22.80944],[75.822376,22.809078],[75.822537,22.808441],[75.82269,22.80767],[75.822728,22.807156],[75.822766,22.806737],[75.822728,22.806471],[75.82268,22.806233],[75.822661,22.805871],[75.822633,22.805328],[75.822614,22.804491],[75.822576,22.804291],[75.822527,22.804092],[75.822368,22.804179],[75.822211,22.804227],[75.821773,22.80425],[75.820352,22.804299],[75.81996,22.804312],[75.819784,22.80435],[75.819701,22.804328],[75.819523,22.804311],[75.819314,22.804281],[75.818993,22.804257],[75.818654,22.804251],[75.818297,22.804233],[75.81775,22.804192],[75.817298,22.80415],[75.816852,22.804132],[75.815691,22.804151],[75.81502,22.804155],[75.81493,22.804155],[75.81393,22.804141],[75.812798,22.804141],[75.812103,22.804141],[75.811451,22.804146],[75.811023,22.804174],[75.810556,22.804222],[75.810147,22.804269],[75.810009,22.80426],[75.809933,22.804331],[75.809804,22.804384],[75.809671,22.804412],[75.809538,22.804431],[75.809357,22.804493],[75.80919,22.804493],[75.809124,22.804488],[75.809038,22.804536],[75.808971,22.804536],[75.808848,22.804522],[75.808748,22.804512],[75.808676,22.804512],[75.808472,22.804503],[75.808224,22.804526],[75.807939,22.804536],[75.807758,22.804565],[75.807649,22.804593],[75.80751,22.804593],[75.807367,22.804623],[75.807366,22.80466],[75.807297,22.804676],[75.806913,22.804731],[75.806864,22.804738],[75.806839,22.804742],[75.806733,22.804755],[75.806052,22.804868],[75.805828,22.804911],[75.805464,22.804965],[75.805209,22.805013],[75.804968,22.805043],[75.804884,22.80505],[75.804769,22.805059],[75.804419,22.805085],[75.804246,22.805098],[75.804112,22.805109],[75.803529,22.805159],[75.803326,22.805189],[75.803147,22.805219],[75.802872,22.805201],[75.80235,22.805131],[75.801815,22.805054],[75.80128,22.804976],[75.800745,22.804901],[75.800669,22.804892],[75.800214,22.804836],[75.799959,22.804825],[75.799637,22.804767],[75.799513,22.804755],[75.79905,22.804729],[75.798475,22.804699],[75.7979,22.804669],[75.797457,22.80465],[75.797328,22.80465],[75.796775,22.804642],[75.796219,22.804627],[75.795673,22.804631],[75.795112,22.804613],[75.794554,22.804603],[75.794073,22.804609],[75.793973,22.804601],[75.79343,22.804607],[75.792885,22.804599],[75.792341,22.804593],[75.7918,22.80459],[75.791261,22.804589],[75.790722,22.804588],[75.790218,22.804579],[75.790192,22.804579],[75.790121,22.804578],[75.789998,22.804587],[75.789948,22.804591],[75.789951,22.804479],[75.789814,22.803366],[75.789713,22.802581],[75.789564,22.801838],[75.789445,22.80138],[75.789267,22.80063],[75.789177,22.800095],[75.789082,22.799601],[75.788892,22.799167],[75.788672,22.798643],[75.788029,22.797519],[75.787458,22.79652],[75.787036,22.795752],[75.786721,22.795086],[75.786506,22.794771],[75.786298,22.794146],[75.786025,22.793527],[75.785834,22.79298],[75.785727,22.792611],[75.785602,22.792231],[75.785531,22.791826],[75.785531,22.79157],[75.785555,22.791374],[75.785572,22.791219],[75.785376,22.79047],[75.785216,22.78972],[75.785174,22.789453],[75.785198,22.789298],[75.785239,22.78925],[75.785043,22.789179],[75.784686,22.789203],[75.784454,22.789232],[75.784438,22.789236],[75.784409,22.789154],[75.784373,22.788997],[75.784297,22.788738],[75.784262,22.788606],[75.784203,22.788417],[75.784095,22.788154],[75.784074,22.788095],[75.783976,22.787799],[75.783919,22.787644],[75.783796,22.787263],[75.783683,22.786932],[75.783525,22.786548],[75.783373,22.786158],[75.783242,22.785758],[75.783153,22.785357],[75.783052,22.784959],[75.782952,22.78456],[75.78284,22.784161],[75.782737,22.783754],[75.78264,22.783356],[75.782544,22.782959],[75.78245,22.782562],[75.782366,22.782166],[75.782287,22.781771],[75.782206,22.781374],[75.782102,22.780973],[75.782011,22.78057],[75.781922,22.780169],[75.781834,22.779769],[75.781767,22.779373],[75.781582,22.77857],[75.78152,22.778177],[75.781507,22.778033],[75.781577,22.777624],[75.781564,22.77736],[75.781554,22.777059],[75.781547,22.777011],[75.781539,22.776951],[75.781571,22.776811],[75.78163,22.776557],[75.781671,22.776117],[75.781695,22.775795],[75.781701,22.77548],[75.781713,22.775183],[75.781732,22.774869],[75.781732,22.774454],[75.781756,22.774079],[75.781761,22.773841],[75.781761,22.773674],[75.781742,22.773427],[75.781732,22.773274],[75.781727,22.773262],[75.781699,22.773189],[75.781689,22.773103],[75.78168,22.773003],[75.78168,22.772955],[75.78168,22.772927],[75.781633,22.772596],[75.781631,22.77252],[75.781625,22.772287],[75.781595,22.771532],[75.781555,22.770786],[75.781572,22.770681],[75.781551,22.770579],[75.781467,22.769672],[75.78146,22.769603],[75.781383,22.769386],[75.781292,22.769229],[75.78123,22.769143],[75.781197,22.769043],[75.781173,22.76871],[75.781121,22.768063],[75.781097,22.767787],[75.781069,22.76762],[75.781054,22.767506],[75.780978,22.767244],[75.780854,22.766607],[75.78074,22.766017],[75.780616,22.76525],[75.780621,22.76505],[75.78065,22.764984],[75.780655,22.764912],[75.780621,22.764736],[75.780283,22.763918],[75.780055,22.763466],[75.779907,22.763066],[75.779703,22.762528],[75.779589,22.76219],[75.77947,22.761814],[75.779194,22.761053],[75.779095,22.760863],[75.779072,22.760819],[75.778732,22.760168],[75.778642,22.75997],[75.778546,22.759759],[75.778361,22.759797],[75.778137,22.759801],[75.777923,22.759768],[75.777737,22.759768],[75.777628,22.759749],[75.777466,22.759687],[75.777252,22.759616],[75.777142,22.759602],[75.7767,22.759711],[75.776474,22.759803],[75.776314,22.759868],[75.776129,22.759882],[75.775943,22.759825],[75.775627,22.759727],[75.775367,22.759616],[75.775082,22.759506],[75.774582,22.759421],[75.773873,22.759354],[75.773226,22.759306],[75.772735,22.759303],[75.772631,22.759302],[75.772434,22.759306],[75.772267,22.759422],[75.772294,22.759318],[75.772377,22.759005],[75.77252,22.758281],[75.772495,22.757928],[75.772565,22.757452],[75.772589,22.757302],[75.772598,22.757265],[75.772728,22.756523],[75.772744,22.75627],[75.772747,22.75609],[75.772764,22.755955],[75.772791,22.755813],[75.772809,22.755672],[75.772833,22.755527],[75.772854,22.755381],[75.772881,22.755234],[75.772901,22.755105],[75.772905,22.755089],[75.772917,22.755041],[75.772933,22.754945],[75.772956,22.754802],[75.772986,22.754659],[75.773008,22.754515],[75.773035,22.75437],[75.773056,22.754226],[75.773086,22.754082],[75.773109,22.753939],[75.773134,22.753797],[75.773154,22.753688],[75.77316,22.753654],[75.773185,22.753512],[75.773211,22.75337],[75.773236,22.753228],[75.773262,22.753086],[75.773288,22.752941],[75.773315,22.752797],[75.773341,22.752653],[75.773366,22.75251],[75.77339,22.752368],[75.773414,22.752226],[75.773438,22.752083],[75.773462,22.751941],[75.773489,22.751798],[75.773514,22.751652],[75.773546,22.751489],[75.77359,22.751226],[75.773638,22.750957],[75.77367,22.750764],[75.7737,22.750668],[75.773745,22.750398],[75.773794,22.75015],[75.773837,22.7499],[75.773883,22.74965],[75.773932,22.749396],[75.773938,22.74936],[75.773949,22.749166],[75.773878,22.748607],[75.77381,22.747836],[75.773712,22.746901],[75.773656,22.746377],[75.773524,22.745442],[75.773446,22.744957],[75.77335,22.7444],[75.773275,22.744041],[75.773153,22.743579],[75.773074,22.743473],[75.772971,22.743384],[75.772806,22.743243],[75.772535,22.743013],[75.772294,22.74281],[75.772193,22.742725],[75.772148,22.742689],[75.771957,22.742534],[75.771604,22.742231],[75.771353,22.742039],[75.770991,22.741763],[75.770677,22.74183],[75.770354,22.74193],[75.770078,22.742001],[75.769688,22.742073],[75.769312,22.742125],[75.769045,22.74213],[75.769012,22.742101],[75.768988,22.742025],[75.768983,22.741897],[75.768669,22.74192],[75.768355,22.741911],[75.768246,22.741873],[75.767617,22.741668],[75.766675,22.741306],[75.766523,22.741292],[75.766299,22.741273],[75.765124,22.740997],[75.764933,22.740988],[75.764457,22.740954],[75.764248,22.74095],[75.763606,22.74095],[75.76263,22.740959],[75.761902,22.74095],[75.76165,22.740945],[75.761564,22.740945],[75.761497,22.740888],[75.761455,22.740831],[75.761407,22.740678],[75.761307,22.739889],[75.761279,22.739665],[75.761212,22.739165],[75.761179,22.738694],[75.761174,22.738151],[75.76115,22.737714],[75.761112,22.737666],[75.761085,22.737657],[75.761022,22.737637],[75.760884,22.737599],[75.760646,22.73758],[75.760232,22.737566],[75.759894,22.737561],[75.759599,22.737547],[75.759237,22.737495],[75.75879,22.737418],[75.758033,22.737371],[75.756896,22.737223],[75.755863,22.7371],[75.755178,22.736995],[75.754464,22.7369],[75.753807,22.736814],[75.753074,22.736719],[75.752546,22.736643],[75.752208,22.736581],[75.751913,22.736543],[75.751627,22.736438],[75.751161,22.736291],[75.750604,22.736115],[75.750281,22.735996],[75.749971,22.735924],[75.749495,22.735858],[75.749105,22.735796],[75.748901,22.735734],[75.748801,22.735696],[75.748601,22.735591],[75.748377,22.735496],[75.748244,22.735453],[75.747887,22.73541],[75.747449,22.735367],[75.747211,22.735344],[75.747097,22.735377],[75.746959,22.735453],[75.746859,22.735515],[75.74675,22.735534],[75.746616,22.735534],[75.746512,22.735515],[75.746236,22.735444],[75.745898,22.735348],[75.745493,22.735258],[75.745131,22.735187],[75.744756,22.735167],[75.74447,22.735125],[75.743961,22.734977],[75.743732,22.734906],[75.743585,22.734834],[75.743394,22.734749],[75.743161,22.734677],[75.74299,22.734634],[75.742723,22.734606],[75.742076,22.734554],[75.741924,22.73452],[75.741957,22.734073],[75.742019,22.73284],[75.742052,22.732436],[75.742033,22.732041],[75.742076,22.731598],[75.742076,22.731389],[75.742091,22.731213],[75.742143,22.730989],[75.742162,22.730666],[75.742157,22.730428],[75.742171,22.729866],[75.742171,22.72949],[75.742195,22.729205],[75.742219,22.728895],[75.742219,22.72886],[75.742214,22.728429],[75.742219,22.7282],[75.742176,22.727991],[75.742114,22.727429],[75.74211,22.727291],[75.742067,22.72693],[75.741981,22.726425],[75.741976,22.726135],[75.741914,22.725483],[75.741862,22.725074],[75.74181,22.724636],[75.741757,22.724346],[75.741729,22.724217],[75.741657,22.724091],[75.741571,22.723901],[75.741571,22.723754],[75.74159,22.723439],[75.74159,22.723301],[75.741624,22.723049],[75.741605,22.722873],[75.741571,22.722659],[75.741524,22.722507],[75.741476,22.722335],[75.741414,22.722121],[75.741419,22.721959],[75.741438,22.721817],[75.741438,22.721674],[75.7414,22.721146],[75.741367,22.721027],[75.7413,22.720803],[75.741238,22.720432],[75.741181,22.720013],[75.741119,22.719451],[75.741097,22.719374],[75.741076,22.719299],[75.741033,22.719261],[75.740905,22.719233],[75.740481,22.719223],[75.740196,22.719247],[75.739925,22.719299],[75.73963,22.719304],[75.739523,22.719273],[75.739368,22.719243],[75.739011,22.719285],[75.738577,22.71935],[75.737982,22.719434],[75.737696,22.719457],[75.737565,22.719457],[75.737304,22.719416],[75.73703,22.719434],[75.736768,22.719511],[75.736523,22.71958],[75.73643,22.71956],[75.735908,22.719444],[75.735632,22.719385],[75.735534,22.719398],[75.735425,22.719413],[75.735276,22.719433],[75.735185,22.719444],[75.734993,22.719466],[75.734504,22.719511],[75.733736,22.719587],[75.733326,22.719627],[75.733192,22.719641],[75.732649,22.719694],[75.732283,22.719727],[75.732182,22.719732],[75.732081,22.719737],[75.731902,22.719618],[75.731724,22.719499],[75.731087,22.718523],[75.730849,22.718173],[75.730766,22.717774],[75.730718,22.717774],[75.730582,22.717827],[75.73051,22.717839],[75.730385,22.71781],[75.730219,22.71778],[75.730023,22.717774],[75.729874,22.717774],[75.729707,22.717732],[75.72941,22.717661],[75.729059,22.717566],[75.728744,22.717488],[75.728399,22.717441],[75.728065,22.717441],[75.727881,22.717494],[75.727708,22.71756],[75.727572,22.717679],[75.727512,22.717762],[75.727465,22.717851],[75.727453,22.717917],[75.727435,22.718048],[75.727447,22.718309],[75.727447,22.718494],[75.727441,22.718732],[75.727429,22.719106],[75.727429,22.719237],[75.727393,22.71935],[75.727334,22.719523],[75.727244,22.719701],[75.727197,22.719886],[75.727167,22.720034],[75.727149,22.720171],[75.727173,22.720362],[75.727209,22.720546],[75.727256,22.72079],[75.727256,22.720915],[75.727227,22.721099],[75.72717,22.72123],[75.727098,22.721309],[75.726998,22.721351],[75.72687,22.721359],[75.726777,22.721351],[75.72672,22.721301],[75.726648,22.72123],[75.726556,22.721144],[75.726413,22.721059],[75.72622,22.72098],[75.72602,22.720937],[75.725806,22.720945],[75.725513,22.720966],[75.725214,22.721059],[75.725214,22.721123],[75.725242,22.721366],[75.725278,22.721644],[75.725278,22.721844],[75.725221,22.722065],[75.725128,22.722272],[75.724978,22.722451],[75.724728,22.722579],[75.724207,22.722758],[75.723458,22.72295],[75.722865,22.72315],[75.722508,22.723293],[75.722137,22.723457],[75.721951,22.723643],[75.721801,22.723843],[75.721566,22.724143],[75.721188,22.724514],[75.720881,22.724799],[75.720638,22.724935],[75.720367,22.724985],[75.720188,22.724949],[75.720045,22.724892],[75.719881,22.724792],[75.719738,22.724607],[75.719667,22.724364],[75.71961,22.724164],[75.719496,22.723878],[75.719339,22.723629],[75.71921,22.7235],[75.719017,22.723379],[75.718554,22.723207],[75.718197,22.723022],[75.717754,22.722743],[75.717447,22.722644],[75.717204,22.722629],[75.716933,22.722701],[75.716762,22.722772],[75.716469,22.723036],[75.716141,22.723379],[75.715827,22.723828],[75.715705,22.724078],[75.715648,22.724378],[75.715584,22.724707],[75.71552,22.724935],[75.715306,22.725249],[75.715134,22.725485],[75.714827,22.725877],[75.714631,22.726111],[75.714485,22.726284],[75.713992,22.726877],[75.713814,22.727134],[75.713757,22.727298],[75.713692,22.727505],[75.713664,22.727783],[75.713678,22.728062],[75.713691,22.7282],[75.713699,22.72829],[75.713749,22.728526],[75.713835,22.728811],[75.713969,22.729187],[75.714112,22.729772],[75.714248,22.730343],[75.714284,22.730815],[75.714255,22.731093],[75.714176,22.731428],[75.713991,22.731914],[75.713855,22.732356],[75.713791,22.732835],[75.713774,22.733012],[75.71377,22.733056],[75.713827,22.73337],[75.713884,22.733677],[75.713969,22.733948],[75.714084,22.734269],[75.714305,22.734648],[75.714669,22.73519],[75.714876,22.735547],[75.715019,22.735918],[75.715069,22.736161],[75.715047,22.73644],[75.714976,22.736711],[75.714748,22.737153],[75.714555,22.737532],[75.714476,22.737753],[75.714412,22.738003],[75.714426,22.73826],[75.714455,22.738438],[75.714583,22.738681],[75.714819,22.738959],[75.715147,22.739159],[75.715533,22.739481],[75.715825,22.739816],[75.716239,22.740301],[75.716489,22.740773],[75.716582,22.74098],[75.716689,22.741351],[75.716839,22.741729],[75.716968,22.741965],[75.717246,22.742293],[75.717631,22.742686],[75.718024,22.743028],[75.718245,22.743278],[75.718352,22.743564],[75.71841,22.743892],[75.718402,22.744028],[75.718281,22.744213],[75.718145,22.744385],[75.717846,22.744684],[75.717546,22.744927],[75.717217,22.745041],[75.716718,22.745234],[75.716311,22.745341],[75.715947,22.745377],[75.715711,22.745334],[75.715526,22.74522],[75.715276,22.744977],[75.715026,22.744777],[75.714833,22.744699],[75.714548,22.744656],[75.714162,22.744534],[75.713577,22.744385],[75.71332,22.744285],[75.713041,22.744313],[75.71262,22.744449],[75.712099,22.744642],[75.711642,22.744877],[75.711164,22.745163],[75.710764,22.745391],[75.710557,22.745584],[75.710343,22.745841],[75.710072,22.746191],[75.709872,22.746505],[75.709615,22.746897],[75.70928,22.747404],[75.70908,22.74769],[75.708915,22.747989],[75.708801,22.748275],[75.708587,22.74876],[75.708449,22.748958],[75.708428,22.748997],[75.708216,22.748919],[75.707841,22.748812],[75.707323,22.748678],[75.70728,22.748673],[75.706985,22.748664],[75.706751,22.74865],[75.70652,22.748658],[75.706182,22.748639],[75.706127,22.74863],[75.705899,22.748594],[75.705519,22.748575],[75.705309,22.748565],[75.705061,22.748555],[75.704812,22.748548],[75.704559,22.748525],[75.703864,22.748687],[75.703626,22.748763],[75.703474,22.748858],[75.703264,22.748915],[75.702912,22.748934],[75.702608,22.749324],[75.702503,22.749324],[75.70157,22.749362],[75.700554,22.749346],[75.70018,22.749048],[75.699275,22.748908],[75.699262,22.748909],[75.699253,22.748758],[75.699182,22.748636],[75.699075,22.748326],[75.698004,22.748053],[75.697505,22.747886],[75.6966,22.747636],[75.695922,22.747517],[75.695042,22.747446],[75.694673,22.747422],[75.694733,22.747089],[75.694733,22.746625],[75.694602,22.74609],[75.694458,22.745245],[75.694423,22.744905],[75.694395,22.74456],[75.694371,22.744204],[75.69435,22.744005],[75.694326,22.743891],[75.694305,22.743778],[75.694242,22.743374],[75.694183,22.743012],[75.694155,22.742826],[75.694068,22.74228],[75.693959,22.741652],[75.693904,22.741386],[75.693879,22.74132],[75.693787,22.740719],[75.693784,22.740696],[75.693689,22.740079],[75.693646,22.739815],[75.693576,22.739386],[75.692715,22.739348],[75.692745,22.737744],[75.692617,22.737738],[75.692307,22.737701],[75.692148,22.737678],[75.691794,22.737631],[75.691683,22.737618],[75.691499,22.737594],[75.691201,22.737553],[75.691124,22.737544],[75.690885,22.737505],[75.690687,22.737466],[75.690444,22.737425],[75.690216,22.737378],[75.690071,22.737337],[75.689981,22.737319],[75.689779,22.737272],[75.689521,22.737232],[75.689295,22.737182],[75.689211,22.737149],[75.688946,22.736997],[75.688722,22.736909],[75.688509,22.736841],[75.688022,22.736688],[75.687702,22.736591],[75.687548,22.736547],[75.68744,22.73651],[75.687361,22.736483],[75.687109,22.7364],[75.686847,22.736315],[75.68679,22.736289],[75.686701,22.736275],[75.686635,22.736273],[75.68662,22.736273],[75.686293,22.736286],[75.685977,22.736303],[75.685551,22.7363],[75.685348,22.736298],[75.685304,22.736298],[75.685035,22.736295],[75.684691,22.736298],[75.684629,22.736301],[75.684185,22.736285],[75.683941,22.736267],[75.683533,22.736236],[75.683387,22.736229],[75.683071,22.736213],[75.682852,22.736195],[75.682694,22.736187],[75.682457,22.736171],[75.682201,22.736156],[75.682004,22.736145],[75.681817,22.736138],[75.681479,22.736112],[75.681334,22.73609],[75.681139,22.736061],[75.681082,22.736056],[75.6808,22.736023],[75.680635,22.736003],[75.680224,22.735961],[75.679778,22.735906],[75.679356,22.735865],[75.679348,22.735807],[75.679315,22.735555],[75.679288,22.7353],[75.679255,22.735048],[75.679222,22.734794],[75.679186,22.734538],[75.679148,22.734279],[75.679102,22.733889],[75.679081,22.733759],[75.679044,22.733501],[75.679015,22.733237],[75.678972,22.73297],[75.678944,22.732738],[75.678943,22.732736],[75.678808,22.732697],[75.678367,22.732596],[75.678315,22.732586],[75.677928,22.732489],[75.677744,22.732449],[75.677486,22.732393],[75.677045,22.732289],[75.676601,22.73218],[75.676306,22.732102],[75.676163,22.732064],[75.675947,22.732015],[75.675883,22.732001],[75.675832,22.731989],[75.675735,22.731967],[75.675314,22.731863],[75.675284,22.731855],[75.674953,22.731771],[75.67494,22.731772],[75.674888,22.731775],[75.674649,22.731773],[75.674434,22.731734],[75.674006,22.731651],[75.673676,22.731603],[75.673585,22.73159],[75.673179,22.731514],[75.673096,22.731503],[75.67275,22.73146],[75.672315,22.731404],[75.671884,22.731343],[75.671782,22.731318],[75.671664,22.73132],[75.671145,22.731304],[75.670582,22.731317],[75.670265,22.7313],[75.669715,22.731307],[75.669426,22.731305],[75.669042,22.731297],[75.668711,22.73129],[75.668624,22.731329],[75.668606,22.731337],[75.668569,22.731662],[75.668524,22.73218],[75.668518,22.732277],[75.668502,22.732544],[75.668486,22.732566],[75.668396,22.732683],[75.668389,22.732693],[75.668167,22.732741],[75.66814,22.732747],[75.668111,22.732755],[75.667546,22.73291],[75.667273,22.732979],[75.666984,22.733038],[75.666654,22.733118],[75.666357,22.733191],[75.665763,22.733337],[75.665365,22.733444],[75.665166,22.733498],[75.66491,22.733554],[75.664648,22.733633],[75.664636,22.733637],[75.664579,22.733653],[75.664568,22.733656],[75.664038,22.733847],[75.663913,22.733904],[75.663887,22.73391],[75.663815,22.733928],[75.663688,22.733959],[75.663464,22.734037],[75.662966,22.73425],[75.66279,22.734282],[75.662427,22.734376],[75.66185,22.734588],[75.661268,22.734791],[75.661167,22.734821],[75.660722,22.734955],[75.660436,22.735033],[75.660126,22.735088],[75.659547,22.735207],[75.659359,22.735261],[75.658967,22.735288],[75.658369,22.735311],[75.658344,22.735312],[75.658269,22.735321],[75.658217,22.735321],[75.658117,22.735325],[75.658081,22.735326],[75.657874,22.735334],[75.657863,22.735349],[75.657791,22.73545],[75.657787,22.735517],[75.657771,22.735875],[75.657768,22.736037],[75.657766,22.736115],[75.657766,22.736148],[75.657756,22.736232],[75.657682,22.736588],[75.657658,22.736859],[75.65765,22.736952],[75.657642,22.737318],[75.657634,22.737685],[75.657623,22.73805],[75.657563,22.738683],[75.657564,22.738736],[75.657564,22.73878],[75.657566,22.738995],[75.657519,22.739197],[75.657361,22.739645],[75.657359,22.739708],[75.657358,22.739748],[75.657343,22.740201],[75.657329,22.740583],[75.657283,22.740935],[75.657286,22.741051],[75.657277,22.741439],[75.657281,22.741526],[75.657306,22.741925],[75.657293,22.741969],[75.657286,22.742113],[75.657265,22.742325],[75.65727,22.742431],[75.657323,22.742833],[75.657322,22.74291],[75.6573,22.743257],[75.657296,22.743381],[75.657292,22.743846],[75.657279,22.744122],[75.657265,22.744189],[75.657257,22.744228],[75.657253,22.744247],[75.657146,22.744221],[75.656891,22.744154],[75.656729,22.744114],[75.656537,22.744065],[75.65634,22.744013],[75.656159,22.743964],[75.65606,22.74394],[75.655837,22.743885],[75.655705,22.743851],[75.655567,22.743816],[75.655454,22.743802],[75.65536,22.743792],[75.655267,22.743777],[75.655221,22.743773],[75.655092,22.743748],[75.654991,22.743735],[75.654851,22.743709],[75.654702,22.743677],[75.654577,22.743652],[75.654353,22.743617],[75.654239,22.743594],[75.654159,22.743584],[75.654064,22.743574],[75.653831,22.74354],[75.653738,22.743528],[75.653623,22.743511],[75.653485,22.743491],[75.653347,22.743472],[75.653218,22.743448],[75.653101,22.743435],[75.652988,22.743415],[75.652939,22.74341],[75.652863,22.743399],[75.652732,22.743383],[75.652705,22.743388],[75.652484,22.743324],[75.652283,22.743265],[75.652124,22.743222],[75.651969,22.743181],[75.651813,22.74314],[75.65162,22.743086],[75.651409,22.743028],[75.651228,22.742974],[75.651155,22.74296],[75.651038,22.742933],[75.650894,22.742891],[75.650773,22.742851],[75.650696,22.742829],[75.650643,22.742814],[75.65052,22.742783],[75.6505,22.742778],[75.650427,22.742759],[75.650268,22.742733],[75.650271,22.742494],[75.650124,22.742459],[75.649616,22.742292],[75.649313,22.742179],[75.649176,22.742141],[75.649044,22.742104],[75.648849,22.742029],[75.648647,22.741943],[75.648167,22.741773],[75.647966,22.741703],[75.647712,22.741627],[75.647602,22.741587],[75.647482,22.741494],[75.647159,22.741258],[75.647021,22.741147],[75.646942,22.741094],[75.646398,22.740691],[75.646172,22.740511],[75.645925,22.740327],[75.645734,22.740179],[75.645676,22.740089],[75.645471,22.73988],[75.645205,22.739689],[75.644805,22.739428],[75.644205,22.739094],[75.643806,22.738833],[75.643806,22.738776],[75.643763,22.738761],[75.643349,22.738595],[75.642935,22.738362],[75.64264,22.73817],[75.642531,22.738119],[75.642347,22.738021],[75.642037,22.737871],[75.641964,22.737835],[75.641892,22.737793],[75.641605,22.737659],[75.64129,22.737511],[75.641138,22.737429],[75.640912,22.737353],[75.640593,22.737167],[75.640274,22.736929],[75.639903,22.736724],[75.639684,22.736577],[75.639561,22.736477],[75.639394,22.736425],[75.639147,22.736339],[75.638709,22.736191],[75.63848,22.736125],[75.63829,22.736034],[75.638189,22.735971],[75.638062,22.735921],[75.637726,22.735779],[75.637483,22.73569],[75.637298,22.735131],[75.637235,22.734953],[75.637221,22.734914],[75.637105,22.734586],[75.637038,22.73449],[75.636448,22.732672],[75.636248,22.732073],[75.635938,22.73103],[75.635577,22.730997],[75.634949,22.73093],[75.634482,22.730869],[75.634399,22.730857],[75.633925,22.730788],[75.633126,22.730731],[75.632562,22.730727],[75.632568,22.730854],[75.632572,22.73094],[75.632574,22.73098],[75.632581,22.731124],[75.632582,22.731138],[75.632609,22.731645],[75.632611,22.731662],[75.632551,22.731706],[75.632481,22.731757],[75.632422,22.731852],[75.632346,22.73198],[75.632303,22.732054],[75.632282,22.732077],[75.632269,22.732109],[75.632208,22.732238],[75.632145,22.732371],[75.632087,22.732503],[75.632026,22.732635],[75.63199,22.732706],[75.631967,22.732734],[75.631946,22.732765],[75.631888,22.732893],[75.631831,22.733021],[75.631774,22.733154],[75.631716,22.733286],[75.631687,22.733353],[75.631677,22.733384],[75.631656,22.733416],[75.631652,22.733421],[75.631574,22.73355],[75.631496,22.733679],[75.63142,22.733811],[75.631344,22.733942],[75.631269,22.734074],[75.63119,22.734207],[75.63111,22.734338],[75.631077,22.734391],[75.630888,22.73482],[75.630784,22.734999],[75.630742,22.735052],[75.630061,22.735466],[75.629545,22.735783],[75.629398,22.735855],[75.629351,22.735878],[75.629193,22.735976],[75.628931,22.736119],[75.628408,22.736409],[75.628105,22.736583],[75.628065,22.736598],[75.62803,22.736631],[75.627734,22.736771],[75.627615,22.736828],[75.627356,22.736925],[75.627259,22.736956],[75.627018,22.737041],[75.626922,22.737093],[75.626834,22.737132],[75.626567,22.737235],[75.626507,22.737262],[75.626303,22.737344],[75.626122,22.737419],[75.626086,22.737436],[75.626056,22.737448],[75.625831,22.737532],[75.625569,22.73764],[75.625308,22.737745],[75.625249,22.737767],[75.625043,22.737854],[75.62477,22.737949],[75.624511,22.738028],[75.624382,22.738064],[75.624305,22.738087],[75.62427,22.738097],[75.624161,22.738126],[75.624067,22.738171],[75.623994,22.738194],[75.623743,22.738266],[75.62348,22.738342],[75.623376,22.738366],[75.623216,22.738468],[75.623127,22.738508],[75.622777,22.738572],[75.622249,22.73975],[75.62212,22.740114],[75.621856,22.740678],[75.621464,22.741506],[75.621257,22.741999],[75.62115,22.742348],[75.619993,22.742184],[75.619294,22.742077],[75.619266,22.741451],[75.619125,22.741426],[75.618982,22.7414],[75.618075,22.741143],[75.617515,22.740979],[75.617132,22.740792],[75.617105,22.740766],[75.616254,22.740393],[75.61565,22.740106],[75.615363,22.739912],[75.615164,22.739765],[75.615225,22.739533],[75.614858,22.739307],[75.613947,22.738745],[75.613528,22.738472],[75.61364,22.738158],[75.61311,22.737845],[75.612369,22.737513],[75.612002,22.737346],[75.611609,22.737218],[75.610862,22.736957],[75.610104,22.736692],[75.610016,22.736613],[75.609832,22.736553],[75.609793,22.736541],[75.609569,22.736468],[75.609554,22.736461],[75.609394,22.736389],[75.608936,22.736189],[75.608637,22.7361],[75.608427,22.73605],[75.607883,22.735872],[75.607348,22.735681],[75.607225,22.735623],[75.607143,22.735534],[75.607074,22.735373],[75.606893,22.735064],[75.606589,22.734928],[75.606181,22.734697],[75.605475,22.734282],[75.605291,22.734176],[75.605245,22.73415],[75.604785,22.733885],[75.604613,22.733803],[75.604592,22.733793],[75.604073,22.733547],[75.60398,22.73351],[75.60344,22.733262],[75.60311,22.733066],[75.603033,22.733016],[75.602852,22.732917],[75.60267,22.732818],[75.60249,22.732736],[75.60231,22.732639],[75.602128,22.732535],[75.601952,22.732436],[75.601825,22.732347],[75.601741,22.732278],[75.601592,22.732168],[75.60134,22.731939],[75.601237,22.731853],[75.601133,22.731788],[75.60118,22.731619],[75.601084,22.73157],[75.600887,22.731487],[75.600689,22.731409],[75.60049,22.73133],[75.600292,22.731257],[75.600094,22.731177],[75.599898,22.731097],[75.599698,22.731006],[75.599501,22.730929],[75.599417,22.730894],[75.599463,22.730761],[75.599395,22.730728],[75.599255,22.730648],[75.59911,22.730574],[75.598961,22.730511],[75.598808,22.730462],[75.598659,22.730404],[75.598508,22.730348],[75.598355,22.730294],[75.598206,22.730242],[75.598053,22.730188],[75.5979,22.730136],[75.597746,22.730088],[75.597606,22.730019],[75.597464,22.729953],[75.59732,22.7299],[75.597178,22.729835],[75.596999,22.72977],[75.596831,22.729756],[75.596641,22.729748],[75.596453,22.729756],[75.596268,22.729764],[75.596082,22.729771],[75.595954,22.729771],[75.595906,22.729772],[75.595732,22.729777],[75.595555,22.729791],[75.595379,22.729807],[75.595203,22.729827],[75.595025,22.729849],[75.594996,22.729851],[75.594841,22.729857],[75.594655,22.729852],[75.594473,22.729857],[75.594286,22.729869],[75.594098,22.729882],[75.593909,22.729898],[75.593722,22.729905],[75.593533,22.729896],[75.593344,22.729879],[75.593158,22.729868],[75.592972,22.72987],[75.59279,22.72989],[75.59261,22.729913],[75.592536,22.729925],[75.592389,22.729949],[75.592229,22.729966],[75.592226,22.730081],[75.592206,22.730595],[75.592172,22.730863],[75.592144,22.73104],[75.592138,22.731076],[75.592117,22.731206],[75.592117,22.731286],[75.592051,22.731638],[75.592007,22.731934],[75.591943,22.732367],[75.591884,22.732619],[75.591849,22.732716],[75.59169,22.733383],[75.59167,22.733469],[75.591607,22.733732],[75.591567,22.733933],[75.591494,22.734212],[75.591364,22.734576],[75.591292,22.734789],[75.591229,22.735035],[75.591206,22.735189],[75.591184,22.735466],[75.591092,22.736052],[75.591053,22.736294],[75.590959,22.736853],[75.590957,22.736869],[75.590925,22.737078],[75.59089,22.737303],[75.590807,22.737716],[75.590775,22.737863],[75.590723,22.738173],[75.590596,22.73854],[75.590494,22.738814],[75.590402,22.739093],[75.590346,22.739306],[75.590289,22.739513],[75.590262,22.739619],[75.590209,22.739834],[75.590177,22.739952],[75.590154,22.740055],[75.590101,22.740141],[75.590039,22.740215],[75.589983,22.74028],[75.589907,22.740525],[75.589827,22.740745],[75.589819,22.740766],[75.589656,22.741176],[75.589522,22.74146],[75.589507,22.741491],[75.589499,22.741503],[75.589397,22.74165],[75.589282,22.741849],[75.589176,22.742028],[75.589,22.742229],[75.588883,22.742376],[75.588843,22.742426],[75.588778,22.742613],[75.588719,22.742818],[75.588631,22.743118],[75.588521,22.743434],[75.588446,22.743611],[75.588406,22.743677],[75.588388,22.74371],[75.588344,22.743892],[75.588282,22.744175],[75.588257,22.744295],[75.588198,22.74462],[75.588149,22.74495],[75.588095,22.745318],[75.588075,22.745415],[75.588048,22.745649],[75.587985,22.745976],[75.587959,22.746138],[75.587901,22.746374],[75.587844,22.746398],[75.587834,22.746699],[75.587806,22.746992],[75.58776,22.747325],[75.58773,22.747522],[75.587672,22.747783],[75.587574,22.74821],[75.587426,22.748667],[75.58732,22.749064],[75.587249,22.749271],[75.587126,22.749619],[75.5869,22.75006],[75.5868,22.750249],[75.586686,22.750446],[75.586613,22.750566],[75.586433,22.750902],[75.586255,22.751309],[75.586183,22.751476],[75.586098,22.751691],[75.586001,22.752159],[75.585948,22.752502],[75.585955,22.752548],[75.585788,22.752546],[75.585457,22.752558],[75.58522,22.752559],[75.585065,22.752676],[75.58489,22.752808],[75.584793,22.752826],[75.584546,22.752927],[75.58418,22.753057],[75.583824,22.75319],[75.583571,22.75328],[75.583292,22.753386],[75.583178,22.753425],[75.582968,22.75354],[75.582581,22.753685],[75.582213,22.753831],[75.581916,22.753941],[75.581583,22.754073],[75.58141,22.754158],[75.581392,22.754284],[75.581384,22.754684],[75.58138,22.75484],[75.580396,22.755319],[75.580103,22.755447],[75.579775,22.755533],[75.579382,22.755612],[75.578825,22.755697],[75.578419,22.755762],[75.577783,22.755904],[75.577426,22.755976],[75.577041,22.756097],[75.576741,22.756233],[75.576491,22.756404],[75.575877,22.756989],[75.575078,22.757596],[75.574271,22.758167],[75.574307,22.758317],[75.574253,22.758414],[75.574062,22.758582],[75.573868,22.75875],[75.573682,22.758931],[75.573406,22.759179],[75.573332,22.759239],[75.573036,22.759417],[75.572642,22.759648],[75.572379,22.759802],[75.572338,22.759805],[75.572332,22.759805],[75.572253,22.759813],[75.571911,22.759809],[75.571854,22.759835],[75.571704,22.759904],[75.571464,22.760111],[75.571191,22.760345],[75.570911,22.76058],[75.570788,22.760683],[75.570673,22.760814],[75.570483,22.761053],[75.570386,22.761172],[75.570289,22.761293],[75.570088,22.761536],[75.569887,22.761779],[75.569664,22.762023],[75.569448,22.762268],[75.569285,22.762463],[75.569222,22.762523],[75.569176,22.76258],[75.569084,22.76274],[75.568954,22.762979],[75.568812,22.763213],[75.568684,22.76344],[75.568555,22.76367],[75.56843,22.763902],[75.568302,22.764133],[75.568179,22.764368],[75.568073,22.764545],[75.568046,22.764613],[75.567923,22.764849],[75.567808,22.765077],[75.567709,22.765313],[75.567598,22.765551],[75.567491,22.765788],[75.567387,22.76602],[75.56728,22.766247],[75.5672,22.766476],[75.567127,22.766706],[75.567051,22.766936],[75.567049,22.766942],[75.566984,22.767115],[75.566963,22.76717],[75.56687,22.767408],[75.56682,22.767529],[75.566774,22.767607],[75.566694,22.767791],[75.566572,22.768022],[75.566508,22.76818],[75.566491,22.768222],[75.566455,22.768425],[75.566452,22.76846],[75.566414,22.768691],[75.566337,22.769378],[75.566392,22.769421],[75.566459,22.769473],[75.566442,22.769643],[75.566445,22.769802],[75.566448,22.769922],[75.566464,22.770346],[75.566475,22.770422],[75.566508,22.770862],[75.566514,22.770934],[75.566548,22.771427],[75.566564,22.771481],[75.56659,22.771742],[75.566613,22.771937],[75.566653,22.772432],[75.566703,22.772952],[75.566712,22.773067],[75.566734,22.773123],[75.566733,22.773126],[75.566719,22.773292],[75.56671,22.773388],[75.566996,22.773389],[75.567348,22.773415],[75.567707,22.773438],[75.568468,22.773481],[75.568982,22.773517],[75.56958,22.773577],[75.569924,22.773617],[75.570424,22.773692],[75.571532,22.773766],[75.572095,22.773807],[75.572319,22.773831],[75.57284,22.773869],[75.573076,22.77388],[75.573937,22.773931],[75.574322,22.773963],[75.574603,22.773985],[75.574916,22.774007],[75.57528,22.774026],[75.575506,22.774042],[75.575874,22.774049],[75.576137,22.774042],[75.576377,22.774053],[75.576734,22.774074],[75.577128,22.774086],[75.577562,22.774095],[75.5776,22.774096],[75.577901,22.774108],[75.577989,22.774115],[75.578182,22.77413],[75.578366,22.774163],[75.578447,22.774178],[75.578867,22.774237],[75.57916,22.77428],[75.579269,22.774293],[75.579676,22.774345],[75.579779,22.774358],[75.579899,22.774368],[75.580469,22.774433],[75.580742,22.774461],[75.58121,22.77452],[75.58152,22.774562],[75.58191,22.774619],[75.582175,22.77465],[75.582551,22.774686],[75.582805,22.77471],[75.583304,22.774758],[75.583653,22.774782],[75.584144,22.774843],[75.584388,22.774859],[75.584601,22.774889],[75.584747,22.774896],[75.585054,22.774928],[75.585547,22.774993],[75.585737,22.775018],[75.586048,22.775062],[75.586113,22.775072],[75.586328,22.775113],[75.586666,22.775189],[75.586982,22.775261],[75.58735,22.775308],[75.587711,22.775375],[75.588145,22.775491],[75.588464,22.775573],[75.588892,22.775679],[75.589287,22.775781],[75.589677,22.775863],[75.590046,22.775974],[75.590534,22.776133],[75.59078,22.776204],[75.591166,22.776325],[75.5914,22.776398],[75.591616,22.776464],[75.591749,22.776505],[75.591897,22.77653],[75.591939,22.776539],[75.591985,22.776548],[75.592144,22.776579],[75.592347,22.776623],[75.592534,22.776663],[75.592992,22.776774],[75.593237,22.776848],[75.593391,22.7769],[75.593501,22.776928],[75.59428,22.777103],[75.594553,22.777162],[75.594612,22.777175],[75.594777,22.77721],[75.594996,22.777248],[75.595885,22.777381],[75.596027,22.77741],[75.596039,22.777411],[75.596158,22.77742],[75.596221,22.777428],[75.596251,22.777432],[75.596274,22.777436],[75.596431,22.777462],[75.596451,22.777466],[75.596755,22.777498],[75.597103,22.777532],[75.597271,22.777551],[75.597519,22.777563],[75.597602,22.777556],[75.597649,22.777552],[75.597697,22.777542],[75.597756,22.777515],[75.597955,22.777429],[75.598188,22.777333],[75.598347,22.777266],[75.598402,22.777297],[75.598483,22.777316],[75.598555,22.777306],[75.598617,22.777273],[75.598698,22.777245],[75.598755,22.777254],[75.598893,22.777311],[75.599002,22.777354],[75.599112,22.777387],[75.599192,22.777387],[75.599316,22.777364],[75.599411,22.77733],[75.599487,22.777311],[75.599587,22.777306],[75.599659,22.777316],[75.599706,22.777373],[75.59973,22.77744],[75.599697,22.777525],[75.599659,22.777621],[75.599649,22.777716],[75.59963,22.777792],[75.599597,22.777806],[75.599576,22.777806],[75.599535,22.777806],[75.599449,22.777759],[75.599345,22.777716],[75.599264,22.777711],[75.599183,22.777735],[75.599164,22.777792],[75.599169,22.777868],[75.599188,22.777901],[75.599269,22.777968],[75.599349,22.778025],[75.599411,22.778087],[75.599464,22.778125],[75.59953,22.778139],[75.599683,22.77813],[75.599773,22.77813],[75.59984,22.77812],[75.599897,22.77812],[75.599949,22.778144],[75.600006,22.778163],[75.600044,22.778173],[75.600101,22.778192],[75.600135,22.778225],[75.600158,22.778282],[75.600206,22.778311],[75.600292,22.778325],[75.60032,22.778353],[75.600335,22.778415],[75.60033,22.778544],[75.600301,22.778725],[75.600325,22.778782],[75.600363,22.778796],[75.600415,22.778791],[75.600458,22.778763],[75.600544,22.778706],[75.600577,22.778682],[75.600615,22.778677],[75.60063,22.77871],[75.60063,22.778777],[75.60063,22.778886],[75.600606,22.778939],[75.600553,22.779005],[75.600468,22.779053],[75.600349,22.779062],[75.600244,22.779096],[75.600158,22.779143],[75.600154,22.779186],[75.600154,22.779243],[75.600197,22.779296],[75.600254,22.779315],[75.600344,22.779334],[75.600444,22.779343],[75.600582,22.779338],[75.600691,22.779315],[75.600796,22.779396],[75.600906,22.779481],[75.601001,22.779529],[75.601163,22.779638],[75.601205,22.779691],[75.601305,22.779786],[75.60142,22.779886],[75.601477,22.779905],[75.601524,22.779905],[75.601619,22.779914],[75.6017,22.779881],[75.6018,22.779824],[75.6019,22.779767],[75.601962,22.779757],[75.602053,22.779786],[75.602162,22.779838],[75.602286,22.779933],[75.602438,22.780019],[75.602728,22.780086],[75.602857,22.780128],[75.602981,22.780133],[75.603076,22.780133],[75.603176,22.780105],[75.603266,22.780114],[75.603356,22.780167],[75.603356,22.780214],[75.603299,22.780276],[75.603304,22.780338],[75.603385,22.780381],[75.603437,22.780466],[75.60348,22.780519],[75.603571,22.780562],[75.603661,22.780585],[75.603732,22.780623],[75.603761,22.78068],[75.603761,22.780776],[75.603709,22.780866],[75.603628,22.780976],[75.603509,22.781028],[75.603437,22.781133],[75.603428,22.781233],[75.603609,22.781604],[75.603851,22.782161],[75.603942,22.782337],[75.603956,22.782437],[75.603942,22.782508],[75.603889,22.782575],[75.603809,22.782617],[75.603666,22.782632],[75.603537,22.78267],[75.603437,22.782727],[75.603399,22.782789],[75.603328,22.782855],[75.603266,22.782865],[75.603161,22.782865],[75.603095,22.782841],[75.602976,22.782827],[75.602885,22.782817],[75.602857,22.78276],[75.602762,22.782698],[75.602647,22.782703],[75.602581,22.782765],[75.602547,22.78286],[75.602543,22.782974],[75.602543,22.783089],[75.6025,22.783207],[75.602462,22.783284],[75.602457,22.78335],[75.602457,22.783403],[75.602509,22.78345],[75.602614,22.783479],[75.60269,22.783512],[75.602724,22.783583],[75.602724,22.783655],[75.602647,22.78374],[75.602643,22.783798],[75.602657,22.783888],[75.602676,22.783955],[75.602719,22.784007],[75.602814,22.784007],[75.602881,22.783969],[75.602933,22.783912],[75.603009,22.783898],[75.603095,22.783898],[75.60318,22.783926],[75.603276,22.784026],[75.60328,22.784093],[75.603285,22.784202],[75.603309,22.784264],[75.603342,22.784369],[75.603342,22.784407],[75.603299,22.78444],[75.603242,22.784469],[75.603061,22.784502],[75.602942,22.784549],[75.602838,22.78453],[75.602752,22.784397],[75.602719,22.784307],[75.602676,22.784188],[75.6026,22.784159],[75.602505,22.784169],[75.602471,22.784193],[75.602376,22.784269],[75.602343,22.784364],[75.602357,22.784488],[75.602357,22.784573],[75.602395,22.784645],[75.602476,22.784673],[75.602547,22.784783],[75.602609,22.784864],[75.602719,22.784902],[75.602838,22.784949],[75.602966,22.784983],[75.603057,22.785016],[75.603195,22.785063],[75.60329,22.785102],[75.603414,22.785106],[75.603528,22.785044],[75.60359,22.784997],[75.603609,22.78494],[75.603666,22.784845],[75.603718,22.784802],[75.603818,22.784778],[75.603885,22.784797],[75.604027,22.784845],[75.604161,22.784864],[75.604351,22.78494],[75.604394,22.785006],[75.604422,22.785097],[75.604446,22.78523],[75.604389,22.785278],[75.604346,22.78532],[75.604223,22.785359],[75.604127,22.785449],[75.604023,22.785582],[75.603923,22.785701],[75.603828,22.78583],[75.603709,22.785887],[75.603633,22.785858],[75.603575,22.785815],[75.603537,22.785777],[75.603514,22.785701],[75.603485,22.785596],[75.603456,22.785497],[75.603385,22.785473],[75.603309,22.785501],[75.603276,22.785544],[75.603233,22.785625],[75.603214,22.785711],[75.603257,22.785801],[75.603385,22.785949],[75.603466,22.786168],[75.603566,22.786463],[75.603613,22.786667],[75.603642,22.786938],[75.603675,22.787157],[75.603699,22.787305],[75.603713,22.787514],[75.603685,22.787771],[75.603671,22.787919],[75.603561,22.788176],[75.603547,22.78821],[75.603511,22.7883],[75.603461,22.788423],[75.603352,22.78858],[75.603238,22.788704],[75.603138,22.788804],[75.603061,22.788885],[75.602895,22.789247],[75.602795,22.789546],[75.602809,22.789684],[75.602838,22.78977],[75.602881,22.78986],[75.602971,22.789927],[75.603033,22.789994],[75.60309,22.790056],[75.603109,22.790108],[75.603109,22.79016],[75.603066,22.790217],[75.602957,22.790246],[75.602819,22.790265],[75.602771,22.790303],[75.602738,22.79037],[75.602738,22.790427],[75.602762,22.790512],[75.6028,22.790546],[75.602857,22.790593],[75.60289,22.790631],[75.602976,22.790679],[75.603052,22.790717],[75.603128,22.790717],[75.603257,22.790717],[75.603409,22.790731],[75.603475,22.790746],[75.603575,22.790798],[75.603685,22.790926],[75.603742,22.791041],[75.603747,22.791164],[75.60378,22.791331],[75.60379,22.791445],[75.603823,22.791536],[75.603889,22.791602],[75.603951,22.791636],[75.604066,22.791664],[75.604199,22.791669],[75.604299,22.791707],[75.604313,22.791735],[75.604356,22.791797],[75.604351,22.791912],[75.604327,22.792007],[75.604242,22.792107],[75.604132,22.792207],[75.604075,22.792283],[75.604018,22.792368],[75.603994,22.792459],[75.604099,22.792568],[75.604213,22.79264],[75.604294,22.792654],[75.60438,22.792644],[75.604456,22.792606],[75.604484,22.792535],[75.604518,22.792426],[75.60458,22.792354],[75.604684,22.792316],[75.60477,22.79234],[75.604837,22.792421],[75.604889,22.792492],[75.604913,22.792587],[75.604913,22.792716],[75.604917,22.792806],[75.604936,22.792897],[75.604951,22.792987],[75.604951,22.793063],[75.604951,22.793111],[75.604917,22.793173],[75.604841,22.793211],[75.604708,22.793254],[75.604656,22.793282],[75.604608,22.793349],[75.604622,22.79343],[75.60466,22.79352],[75.604732,22.793634],[75.604732,22.793725],[75.604665,22.793801],[75.604532,22.793882],[75.60437,22.79402],[75.6043,22.794112],[75.604251,22.794177],[75.604218,22.79431],[75.604189,22.794462],[75.604166,22.794543],[75.604108,22.794643],[75.604075,22.794681],[75.603994,22.794696],[75.603932,22.794672],[75.603909,22.794553],[75.603909,22.794496],[75.603885,22.794391],[75.603832,22.794329],[75.603766,22.794262],[75.603556,22.794186],[75.603314,22.794082],[75.603209,22.794025],[75.603204,22.793925],[75.603304,22.793853],[75.603318,22.793768],[75.603171,22.793496],[75.603104,22.793373],[75.603042,22.793392],[75.603038,22.793468],[75.603171,22.793715],[75.603114,22.793896],[75.603114,22.794077],[75.603095,22.794134],[75.603042,22.794148],[75.602895,22.794172],[75.602828,22.794215],[75.602823,22.794262],[75.602909,22.79432],[75.603047,22.794367],[75.603047,22.794443],[75.603061,22.794538],[75.602752,22.794724],[75.602733,22.7948],[75.602823,22.794886],[75.603033,22.794962],[75.603033,22.795095],[75.602933,22.795281],[75.602847,22.795376],[75.6027,22.7955],[75.6025,22.795495],[75.602343,22.795519],[75.602205,22.795571],[75.602086,22.795619],[75.601967,22.795657],[75.601929,22.795709],[75.601886,22.7958],[75.601867,22.795876],[75.601924,22.795942],[75.602024,22.79599],[75.602124,22.795971],[75.602343,22.795904],[75.602476,22.795819],[75.602609,22.795738],[75.602738,22.795695],[75.602862,22.795662],[75.602933,22.795652],[75.60299,22.795709],[75.603009,22.795914],[75.603038,22.796199],[75.603061,22.796337],[75.603147,22.796499],[75.60318,22.796599],[75.603257,22.796699],[75.603409,22.796742],[75.60358,22.796794],[75.603694,22.796885],[75.603761,22.796951],[75.603799,22.79707],[75.603794,22.797203],[75.603832,22.797356],[75.60387,22.797441],[75.603951,22.797499],[75.604042,22.797527],[75.604161,22.797565],[75.604313,22.797613],[75.604427,22.79766],[75.604465,22.797722],[75.60448,22.79777],[75.604461,22.797865],[75.604427,22.797917],[75.604361,22.797951],[75.604246,22.797984],[75.604047,22.798008],[75.603956,22.798046],[75.603875,22.798103],[75.603866,22.798155],[75.603866,22.798246],[75.603942,22.798327],[75.603994,22.798422],[75.604089,22.798531],[75.604198,22.798653],[75.604204,22.79866],[75.604275,22.798741],[75.604356,22.798788],[75.604432,22.798817],[75.604522,22.79886],[75.604608,22.798902],[75.604656,22.798955],[75.604837,22.799093],[75.604933,22.799154],[75.604975,22.799156],[75.604981,22.799156],[75.605334,22.799197],[75.605539,22.799223],[75.605722,22.799257],[75.605817,22.799263],[75.606247,22.799317],[75.606522,22.799353],[75.606594,22.799362],[75.606678,22.799373],[75.607112,22.799421],[75.607526,22.799481],[75.60756,22.7995],[75.60793,22.799546],[75.608367,22.799598],[75.608826,22.799661],[75.609319,22.799726],[75.609441,22.79974],[75.60981,22.79979],[75.610305,22.799865],[75.6108,22.79993],[75.611518,22.800036],[75.612243,22.800131],[75.612579,22.800192],[75.612713,22.800205],[75.612869,22.800221],[75.612976,22.800232],[75.613721,22.800329],[75.614451,22.800411],[75.614584,22.800426],[75.614698,22.80044],[75.615171,22.800486],[75.615363,22.800494],[75.615691,22.800543],[75.61589,22.800576],[75.616181,22.800595],[75.616466,22.800605],[75.616623,22.8006],[75.61689,22.800605],[75.617014,22.800614],[75.617104,22.80061],[75.617209,22.8006],[75.617304,22.800591],[75.617356,22.800576],[75.617423,22.800548],[75.617489,22.800536],[75.617962,22.80069],[75.618168,22.800791],[75.618521,22.800964],[75.618652,22.800904],[75.618795,22.800869],[75.619021,22.800869],[75.619461,22.801035],[75.620044,22.801214],[75.620948,22.801368],[75.62322,22.801725],[75.624755,22.801951],[75.625278,22.801965],[75.625342,22.802079],[75.625299,22.802272],[75.624907,22.802858],[75.624557,22.803322],[75.624278,22.803229],[75.6241,22.803443],[75.623522,22.804471],[75.623215,22.805085],[75.623158,22.805078],[75.623043,22.805078],[75.622979,22.805106],[75.622901,22.805292],[75.622836,22.805449],[75.622772,22.805542],[75.622694,22.805863],[75.622515,22.806362],[75.622337,22.807267],[75.62223,22.808028],[75.622051,22.809491],[75.62192,22.810253],[75.621706,22.810991],[75.621278,22.812454],[75.621088,22.81249],[75.620726,22.814431],[75.620579,22.814425],[75.620456,22.814428],[75.620189,22.814413],[75.61973,22.814393],[75.619262,22.81438],[75.618787,22.814357],[75.618315,22.814339],[75.618289,22.814338],[75.617839,22.814321],[75.617355,22.814298],[75.616868,22.814275],[75.61634,22.814286],[75.615806,22.814293],[75.615272,22.814301],[75.614739,22.814308],[75.614208,22.814321],[75.613677,22.814334],[75.613373,22.814356],[75.613266,22.814359],[75.613044,22.814371],[75.612821,22.814383],[75.612602,22.814395],[75.612381,22.814407],[75.612229,22.814414],[75.612159,22.814417],[75.611945,22.814419],[75.611716,22.814426],[75.611635,22.814427],[75.611533,22.814429],[75.611493,22.81443],[75.611268,22.814434],[75.611044,22.814437],[75.610819,22.814441],[75.610594,22.814443],[75.610372,22.814447],[75.61015,22.814453],[75.609932,22.814456],[75.609926,22.814456],[75.609713,22.814459],[75.609494,22.814462],[75.609277,22.814466],[75.609236,22.814466],[75.609069,22.814443],[75.608915,22.814431],[75.608784,22.814419],[75.608683,22.814413],[75.608611,22.814401],[75.608504,22.814407],[75.608433,22.814425],[75.608367,22.814479],[75.608364,22.814481],[75.60832,22.81452],[75.608201,22.81452],[75.608141,22.814508],[75.608119,22.814484],[75.608088,22.814449],[75.607999,22.81433],[75.607921,22.814199],[75.60785,22.814157],[75.607743,22.814157],[75.607564,22.814223],[75.607422,22.81427],[75.607225,22.81427],[75.606898,22.814294],[75.606648,22.8143],[75.606392,22.814288],[75.606178,22.814265],[75.605917,22.814306],[75.605696,22.814354],[75.605524,22.814455],[75.605435,22.814544],[75.605387,22.814608],[75.605345,22.814663],[75.605221,22.814752],[75.605119,22.814806],[75.604947,22.814871],[75.604828,22.814871],[75.604673,22.814836],[75.604501,22.814824],[75.604245,22.8148],[75.603948,22.814818],[75.603793,22.814818],[75.603626,22.8148],[75.603489,22.814788],[75.603037,22.814763],[75.602813,22.814778],[75.602621,22.814835],[75.602449,22.814835],[75.602171,22.814914],[75.601436,22.814971],[75.600315,22.815035],[75.599144,22.81505],[75.598716,22.815014],[75.597774,22.814992],[75.597288,22.814914],[75.59686,22.814907],[75.59616,22.814828],[75.595083,22.814707],[75.594804,22.814607],[75.593926,22.81455],[75.592891,22.81445],[75.59217,22.814371],[75.590635,22.81415],[75.588751,22.813815],[75.587673,22.813622],[75.586509,22.813408],[75.586075,22.813079],[75.5861,22.813739],[75.58611,22.813994],[75.586106,22.814345],[75.586106,22.814504],[75.586106,22.814685],[75.586129,22.815031],[75.586165,22.81537],[75.586198,22.815711],[75.586221,22.816056],[75.586253,22.816398],[75.586287,22.816734],[75.586339,22.817073],[75.586391,22.817411],[75.586443,22.817752],[75.586503,22.818093],[75.586554,22.818445],[75.586601,22.818796],[75.586617,22.818895],[75.586659,22.819145],[75.586713,22.819492],[75.58677,22.819836],[75.586838,22.820175],[75.586902,22.820517],[75.586969,22.820858],[75.58703,22.821207],[75.587189,22.821547],[75.587506,22.822305],[75.5877,22.822718],[75.587875,22.823115],[75.58791,22.823192],[75.587917,22.823208],[75.587918,22.823224],[75.587901,22.823326],[75.587823,22.823837],[75.587743,22.824428],[75.587696,22.824852],[75.58768,22.824935],[75.587677,22.824958],[75.587677,22.824968],[75.587684,22.825202],[75.587672,22.825525],[75.587665,22.825685],[75.587646,22.826182],[75.587541,22.827],[75.587484,22.828114],[75.587399,22.829104],[75.587284,22.829856],[75.587237,22.830484],[75.586618,22.830474],[75.586314,22.831426],[75.586247,22.831683],[75.586019,22.832016],[75.585828,22.832473],[75.585743,22.832949],[75.585676,22.833948],[75.585762,22.835138],[75.585885,22.837613],[75.585866,22.837803],[75.585857,22.839316],[75.585857,22.840135],[75.585904,22.84082],[75.585971,22.841544],[75.586085,22.842143],[75.586123,22.843076],[75.586152,22.843647],[75.586142,22.844827],[75.586085,22.845065],[75.58638,22.845218],[75.586885,22.845322],[75.58738,22.845513],[75.588017,22.845789],[75.588258,22.84589],[75.588668,22.846092],[75.588924,22.846235],[75.589144,22.846324],[75.589489,22.846437],[75.589816,22.846556],[75.589971,22.846657],[75.590167,22.84677],[75.59031,22.846883],[75.590363,22.846901],[75.590518,22.846931],[75.590667,22.846907],[75.590744,22.846836],[75.590899,22.846687],[75.590964,22.846538],[75.591107,22.846294],[75.591268,22.845973],[75.591387,22.845777],[75.591482,22.845693],[75.591547,22.845616],[75.591625,22.845473],[75.591711,22.845273],[75.591929,22.845316],[75.593719,22.845792],[75.594761,22.846077],[75.59528,22.846258],[75.595746,22.846382],[75.596094,22.846477],[75.596389,22.846553],[75.596612,22.846648],[75.596807,22.846753],[75.597245,22.847],[75.597807,22.847376],[75.598344,22.847743],[75.598958,22.848224],[75.59942,22.848571],[75.599772,22.848809],[75.60011,22.849037],[75.600548,22.849361],[75.600891,22.849613],[75.601252,22.849875],[75.601771,22.850256],[75.602337,22.850679],[75.602827,22.851036],[75.603203,22.851303],[75.603613,22.851631],[75.603822,22.851855],[75.604093,22.852097],[75.604345,22.852307],[75.604712,22.85253],[75.604926,22.852654],[75.605135,22.852721],[75.605369,22.852749],[75.60556,22.852776],[75.606097,22.852849],[75.606582,22.852906],[75.606901,22.852959],[75.607248,22.85303],[75.607437,22.853053],[75.607682,22.853082],[75.608048,22.853082],[75.608291,22.853082],[75.608562,22.853063],[75.608671,22.853092],[75.608567,22.852859],[75.608524,22.852668],[75.608467,22.852421],[75.608452,22.852226],[75.608619,22.85224],[75.6089,22.852207],[75.609171,22.85215],[75.609352,22.852107],[75.609542,22.852074],[75.609675,22.852078],[75.609809,22.852112],[75.609913,22.852135],[75.610132,22.852135],[75.610289,22.852121],[75.610308,22.851955],[75.610313,22.851755],[75.610294,22.85145],[75.610313,22.851279],[75.610346,22.851217],[75.610727,22.851226],[75.610632,22.850836],[75.611018,22.850703],[75.611351,22.850584],[75.611788,22.850341],[75.612017,22.850213],[75.612161,22.850137],[75.612597,22.849755],[75.61293,22.849449],[75.613264,22.849123],[75.613481,22.84891],[75.613904,22.848486],[75.613956,22.848436],[75.613978,22.848417],[75.614345,22.848111],[75.614433,22.848044],[75.61473,22.847854],[75.615309,22.847465],[75.615562,22.847304],[75.615793,22.847063],[75.616108,22.846753],[75.616389,22.846463],[75.616483,22.846377],[75.616844,22.846135],[75.617142,22.845948],[75.617446,22.845752],[75.617699,22.845631],[75.618123,22.845468],[75.618537,22.845295],[75.619078,22.845057],[75.619318,22.84495],[75.61942,22.844936],[75.619702,22.844886],[75.620148,22.844825],[75.620237,22.844826],[75.620461,22.844852],[75.620999,22.844918],[75.621083,22.84493],[75.621242,22.844952],[75.621485,22.844986],[75.621645,22.845003],[75.621914,22.845032],[75.622116,22.845054],[75.622545,22.845111],[75.622623,22.845138],[75.622765,22.845177],[75.623069,22.84525],[75.623486,22.845358],[75.623789,22.845436],[75.624098,22.84553],[75.624399,22.845614],[75.624709,22.84571],[75.625022,22.845814],[75.625334,22.845921],[75.625644,22.846025],[75.625954,22.846125],[75.626262,22.846222],[75.626574,22.846317],[75.62672,22.846362],[75.626808,22.84638],[75.627004,22.846394],[75.627275,22.846433],[75.627552,22.846462],[75.627834,22.846511],[75.627938,22.846758],[75.628317,22.847329],[75.628666,22.8478],[75.628788,22.847915],[75.628909,22.848007],[75.62903,22.848136],[75.629073,22.8482],[75.62913,22.848321],[75.629216,22.848436],[75.629416,22.848564],[75.629537,22.848678],[75.629673,22.848843],[75.630066,22.849314],[75.630208,22.849456],[75.630258,22.849506],[75.630522,22.849799],[75.630872,22.850177],[75.63125,22.850599],[75.631593,22.850948],[75.631829,22.85117],[75.632057,22.851527],[75.6323,22.851884],[75.6325,22.852212],[75.632707,22.852676],[75.632842,22.853033],[75.632928,22.853283],[75.632992,22.853547],[75.633149,22.853939],[75.633256,22.854175],[75.633463,22.854568],[75.63362,22.854882],[75.633685,22.855153],[75.633678,22.855274],[75.634134,22.855217],[75.63442,22.855203],[75.634491,22.856059],[75.634655,22.856188],[75.634741,22.856266],[75.634941,22.856488],[75.635034,22.856638],[75.635119,22.856902],[75.635127,22.857123],[75.635085,22.85738],[75.635096,22.857444],[75.635117,22.857578],[75.635186,22.858016],[75.635263,22.858543],[75.635324,22.858959],[75.63533,22.859039],[75.635328,22.859099],[75.635342,22.859355],[75.635356,22.859646],[75.635372,22.859921],[75.635385,22.860139],[75.635392,22.860265],[75.635397,22.860357],[75.635427,22.860907],[75.635444,22.86131],[75.635461,22.861654],[75.635481,22.862028],[75.635502,22.862481],[75.635517,22.862866],[75.635538,22.863318],[75.635564,22.863698],[75.635571,22.863889],[75.635552,22.864011],[75.635529,22.864417],[75.635516,22.864537],[75.635501,22.864672],[75.635519,22.864761],[75.635662,22.864747],[75.636062,22.864804],[75.637475,22.864875],[75.637889,22.864897],[75.638974,22.86499],[75.639595,22.865132],[75.640545,22.865332],[75.641308,22.865496],[75.642152,22.865691],[75.642486,22.865768],[75.642558,22.865718],[75.643029,22.865832],[75.643543,22.865989],[75.643636,22.866075],[75.64365,22.866239],[75.64365,22.866524],[75.643686,22.86666],[75.643778,22.866717],[75.643943,22.866746],[75.644485,22.866924],[75.64537,22.867202],[75.645649,22.86736],[75.645884,22.867495],[75.646055,22.867709],[75.646227,22.867923],[75.646398,22.868145],[75.646569,22.868373],[75.646741,22.86853],[75.646919,22.86868],[75.647319,22.868887],[75.647569,22.869058],[75.647733,22.869151],[75.647704,22.869387],[75.647697,22.869487],[75.647847,22.869508],[75.648383,22.869644],[75.648711,22.869751],[75.649096,22.869858],[75.649503,22.869986],[75.649746,22.870165],[75.64986,22.870272],[75.649989,22.870336],[75.650231,22.870436],[75.650488,22.870479],[75.650852,22.8705],[75.651109,22.870536],[75.651445,22.870536],[75.651945,22.870579],[75.65213,22.870615],[75.652594,22.870643],[75.652894,22.870657],[75.653208,22.870643],[75.653394,22.870629],[75.654165,22.870536],[75.655064,22.870393],[75.655849,22.870315],[75.656213,22.870279],[75.65692,22.870193],[75.65757,22.870086],[75.658148,22.869986],[75.65894,22.869879],[75.659526,22.869822],[75.659811,22.869765],[75.660047,22.869672],[75.660168,22.869594],[75.660411,22.869515],[75.660489,22.869501],[75.660561,22.869572],[75.660611,22.869679],[75.660689,22.869865],[75.660775,22.870172],[75.660996,22.870251],[75.661075,22.870251],[75.661146,22.870193],[75.66121,22.870051],[75.661353,22.869922],[75.661517,22.869901],[75.661674,22.869972],[75.661767,22.869989],[75.661886,22.870515],[75.662001,22.870908],[75.662077,22.871122],[75.662106,22.871269],[75.662158,22.871446],[75.662163,22.871536],[75.662025,22.871612],[75.661759,22.871645],[75.661654,22.871712],[75.66164,22.871798],[75.661659,22.871855],[75.661735,22.871945],[75.66184,22.871993],[75.661958,22.872012],[75.662087,22.87205],[75.662168,22.87205],[75.662268,22.872083],[75.662344,22.872164],[75.662444,22.872245],[75.662487,22.872302],[75.662534,22.872402],[75.662568,22.872478],[75.662615,22.872545],[75.662653,22.872607],[75.662715,22.872683],[75.662763,22.872716],[75.662801,22.872773],[75.662839,22.87283],[75.66291,22.87284],[75.663048,22.872854],[75.663239,22.872854],[75.663377,22.872854],[75.663462,22.87283],[75.663519,22.872768],[75.663572,22.872664],[75.663624,22.872421],[75.663667,22.872255],[75.663629,22.872159],[75.663534,22.872026],[75.663486,22.871883],[75.663481,22.871831],[75.663534,22.871655],[75.663596,22.871593],[75.663776,22.871488],[75.663938,22.871336],[75.664138,22.871208],[75.664271,22.871136],[75.664357,22.871136],[75.664409,22.871184],[75.664452,22.871331],[75.664466,22.871545],[75.6645,22.871793],[75.664519,22.87194],[75.664505,22.872002],[75.664443,22.872093],[75.664438,22.872164],[75.664452,22.872259],[75.664433,22.872369],[75.664409,22.87245],[75.664409,22.872502],[75.664471,22.872573],[75.664738,22.872559],[75.664838,22.872635],[75.664923,22.872735],[75.66498,22.872873],[75.665014,22.87303],[75.665009,22.873183],[75.664966,22.873311],[75.6649,22.87343],[75.66489,22.873525],[75.664914,22.873582],[75.664985,22.873668],[75.665071,22.873754],[75.665123,22.873825],[75.665223,22.873915],[75.665309,22.873968],[75.665371,22.874006],[75.665494,22.874034],[75.665651,22.874034],[75.665842,22.873987],[75.666075,22.873892],[75.666289,22.873815],[75.666441,22.873815],[75.666617,22.873854],[75.666732,22.873911],[75.666775,22.873944],[75.666874,22.874053],[75.666974,22.874149],[75.667065,22.874291],[75.667089,22.87442],[75.66707,22.874534],[75.66697,22.874672],[75.666941,22.874805],[75.666936,22.874929],[75.66697,22.875034],[75.667027,22.8751],[75.66715,22.875219],[75.667288,22.875486],[75.667284,22.875786],[75.667208,22.876024],[75.667122,22.876119],[75.666974,22.876138],[75.666784,22.876138],[75.666632,22.876038],[75.666489,22.875938],[75.666418,22.875871],[75.666232,22.875867],[75.666084,22.875924],[75.666042,22.876033],[75.665985,22.876233],[75.665985,22.876357],[75.666013,22.876514],[75.666051,22.876595],[75.66608,22.876747],[75.666084,22.876956],[75.666104,22.877132],[75.666142,22.877266],[75.666132,22.877394],[75.666051,22.87757],[75.666089,22.877765],[75.666123,22.877975],[75.666139,22.878007],[75.666199,22.878122],[75.666341,22.878351],[75.66647,22.878527],[75.666603,22.878541],[75.666827,22.878432],[75.667098,22.878317],[75.667255,22.878303],[75.66745,22.878208],[75.667622,22.878146],[75.667802,22.87806],[75.667936,22.877956],[75.668021,22.877799],[75.668231,22.877475],[75.668421,22.877256],[75.668526,22.877151],[75.668607,22.877066],[75.668769,22.876923],[75.668849,22.876961],[75.66884,22.877104],[75.668883,22.877251],[75.668883,22.877366],[75.668821,22.877527],[75.668559,22.877665],[75.66835,22.87767],[75.668221,22.877775],[75.668159,22.87787],[75.668136,22.87798],[75.668159,22.878041],[75.668231,22.878075],[75.668345,22.878098],[75.668492,22.878156],[75.66854,22.878217],[75.668592,22.878265],[75.668645,22.87827],[75.668711,22.878246],[75.668745,22.87817],[75.668754,22.877989],[75.66874,22.877899],[75.668811,22.87778],[75.668902,22.877751],[75.668983,22.877646],[75.669083,22.877608],[75.66914,22.877703],[75.669178,22.877727],[75.66923,22.877727],[75.669335,22.87767],[75.669435,22.877651],[75.669573,22.877703],[75.669625,22.877775],[75.669654,22.877894],[75.669701,22.878008],[75.669763,22.878037],[75.669887,22.878051],[75.670101,22.878041],[75.670234,22.878013],[75.670306,22.87806],[75.670268,22.878227],[75.67022,22.878351],[75.670177,22.878498],[75.670253,22.878584],[75.670348,22.878622],[75.670396,22.878693],[75.670377,22.878798],[75.670277,22.878893],[75.670144,22.878969],[75.669953,22.879084],[75.669934,22.87915],[75.669934,22.879207],[75.669963,22.879302],[75.67002,22.879402],[75.670025,22.879455],[75.669968,22.879569],[75.669887,22.879626],[75.669839,22.879702],[75.669815,22.879897],[75.669768,22.880092],[75.669697,22.880264],[75.669616,22.880383],[75.669549,22.880511],[75.66953,22.880625],[75.669544,22.88073],[75.669563,22.88084],[75.669606,22.88094],[75.669677,22.880968],[75.669768,22.880968],[75.669887,22.880935],[75.669968,22.880887],[75.67002,22.880825],[75.670068,22.880716],[75.670101,22.880592],[75.670139,22.880502],[75.670196,22.880459],[75.670344,22.880378],[75.670496,22.880373],[75.670601,22.880435],[75.670658,22.880521],[75.670696,22.880606],[75.670682,22.880668],[75.670586,22.88074],[75.670472,22.880821],[75.670425,22.880887],[75.67042,22.880949],[75.670391,22.881025],[75.670358,22.881116],[75.670191,22.881249],[75.670034,22.881349],[75.669915,22.881454],[75.669806,22.881473],[75.669673,22.881487],[75.669497,22.881458],[75.669406,22.881506],[75.669406,22.881573],[75.66942,22.881753],[75.669506,22.881934],[75.669616,22.882025],[75.669787,22.882129],[75.67003,22.88232],[75.670201,22.882448],[75.670282,22.882543],[75.670372,22.882662],[75.670363,22.882724],[75.670301,22.882824],[75.670196,22.882924],[75.670196,22.883038],[75.670225,22.883129],[75.670315,22.8832],[75.67042,22.883238],[75.670529,22.883329],[75.670596,22.883509],[75.670686,22.883581],[75.670843,22.883609],[75.671,22.883557],[75.6711,22.883505],[75.671157,22.883528],[75.671186,22.883605],[75.671172,22.883743],[75.671153,22.883838],[75.671167,22.883933],[75.671215,22.884038],[75.671262,22.884057],[75.671395,22.88409],[75.671552,22.884128],[75.671695,22.884157],[75.671733,22.884204],[75.671781,22.884342],[75.671809,22.884471],[75.67179,22.884661],[75.671848,22.884775],[75.671909,22.884918],[75.671957,22.885004],[75.672005,22.885132],[75.671986,22.885261],[75.671914,22.885394],[75.671776,22.885603],[75.671776,22.88577],[75.671776,22.885946],[75.671833,22.886136],[75.671957,22.886303],[75.672081,22.886488],[75.672204,22.886665],[75.672257,22.886893],[75.67229,22.887055],[75.672247,22.887302],[75.672304,22.887459],[75.672314,22.887593],[75.672209,22.887692],[75.67209,22.887788],[75.672052,22.887888],[75.6721,22.888016],[75.672228,22.888121],[75.672319,22.888173],[75.672561,22.888192],[75.672871,22.88823],[75.67298,22.888311],[75.673033,22.888378],[75.673037,22.888511],[75.673009,22.888597],[75.672904,22.888716],[75.672737,22.888839],[75.67258,22.888968],[75.672519,22.889158],[75.672528,22.889325],[75.67258,22.889463],[75.672652,22.889615],[75.672771,22.889715],[75.672933,22.889777],[75.673118,22.889834],[75.67319,22.889929],[75.673204,22.890062],[75.673232,22.890262],[75.673261,22.890457],[75.673323,22.890572],[75.673413,22.890657],[75.673499,22.890719],[75.673599,22.890781],[75.673665,22.890843],[75.673727,22.890943],[75.673756,22.891048],[75.673761,22.891124],[75.673761,22.891219],[75.673723,22.891314],[75.67368,22.891423],[75.673646,22.891533],[75.673575,22.891609],[75.673489,22.891628],[75.673432,22.891585],[75.673366,22.891557],[75.673304,22.891542],[75.673218,22.891561],[75.673161,22.8916],[75.673151,22.891642],[75.67318,22.89168],[75.673228,22.891704],[75.67327,22.891761],[75.673266,22.891833],[75.673285,22.891904],[75.673366,22.891999],[75.673432,22.892066],[75.673451,22.892128],[75.673451,22.892228],[75.673413,22.892318],[75.673385,22.892394],[75.673375,22.892509],[75.673399,22.892656],[75.673413,22.892761],[75.67357,22.892918],[75.673656,22.893051],[75.673737,22.893251],[75.673861,22.893594],[75.673913,22.893765],[75.673946,22.893841],[75.673999,22.893874],[75.674113,22.893908],[75.674313,22.893836],[75.674422,22.893808],[75.674574,22.89377],[75.674679,22.89377],[75.674746,22.893779],[75.674746,22.893879],[75.674693,22.893955],[75.674665,22.89406],[75.674641,22.894131],[75.674551,22.894174],[75.674465,22.894217],[75.674365,22.894284],[75.674379,22.894364],[75.674413,22.894384],[75.674441,22.894464],[75.674441,22.894484],[75.674729,22.894494],[75.675324,22.894506],[75.676258,22.894589],[75.676776,22.894619],[75.677614,22.894673],[75.678471,22.894815],[75.679256,22.894946],[75.681271,22.895238],[75.681363,22.895085],[75.681591,22.894757],[75.68182,22.894543],[75.682091,22.894286],[75.682448,22.8941],[75.682791,22.8939],[75.683176,22.893715],[75.683633,22.893415],[75.683976,22.893144],[75.684318,22.892901],[75.684547,22.892687],[75.684789,22.892501],[75.685018,22.892187],[75.685203,22.891873],[75.685403,22.891587],[75.685517,22.891231],[75.685674,22.890888],[75.685832,22.890502],[75.685917,22.89016],[75.68596,22.889903],[75.686031,22.889489],[75.686031,22.889175],[75.686003,22.888832],[75.685974,22.888447],[75.686017,22.888161],[75.686089,22.887847],[75.686184,22.887434],[75.686365,22.887072],[75.686555,22.886615],[75.686774,22.886225],[75.687116,22.885977],[75.687526,22.885816],[75.688335,22.885568],[75.688944,22.88533],[75.689554,22.885095],[75.689563,22.885092],[75.689924,22.884816],[75.690419,22.884283],[75.690809,22.883788],[75.691047,22.883436],[75.691133,22.883103],[75.691114,22.88276],[75.690943,22.882408],[75.690514,22.882104],[75.690019,22.881618],[75.689858,22.881504],[75.689696,22.88138],[75.689629,22.881237],[75.689648,22.880952],[75.689572,22.880781],[75.689505,22.880685],[75.68942,22.880543],[75.689401,22.88039],[75.689505,22.8802],[75.689572,22.880105],[75.689667,22.879943],[75.689762,22.87981],[75.6898,22.879629],[75.6898,22.879534],[75.6898,22.879372],[75.689905,22.879201],[75.690076,22.879048],[75.69021,22.878953],[75.690276,22.878839],[75.690343,22.878696],[75.690324,22.878591],[75.6902,22.878487],[75.690086,22.878392],[75.689877,22.878392],[75.689734,22.878392],[75.689639,22.878496],[75.689591,22.878591],[75.689524,22.878772],[75.689467,22.878944],[75.689363,22.87901],[75.689239,22.879029],[75.689077,22.87902],[75.68902,22.878944],[75.688982,22.878896],[75.68883,22.878867],[75.688715,22.878867],[75.688535,22.878867],[75.688477,22.878753],[75.688449,22.878553],[75.688449,22.878449],[75.688468,22.878354],[75.68863,22.87822],[75.688773,22.878087],[75.688915,22.877897],[75.68901,22.877754],[75.688872,22.876032],[75.688832,22.875544],[75.688809,22.875287],[75.68898,22.875241],[75.689115,22.875205],[75.689258,22.875234],[75.689387,22.87527],[75.689508,22.875212],[75.689608,22.875134],[75.689744,22.875063],[75.689851,22.874984],[75.689979,22.874984],[75.690065,22.874984],[75.690143,22.874984],[75.690243,22.87492],[75.690315,22.874813],[75.690379,22.874741],[75.690572,22.874677],[75.690722,22.874634],[75.6909,22.87457],[75.690986,22.874563],[75.691021,22.874627],[75.691079,22.874684],[75.69115,22.874741],[75.6912,22.874777],[75.691271,22.874777],[75.691286,22.874699],[75.691385,22.874534],[75.691443,22.874392],[75.691514,22.874263],[75.691607,22.874206],[75.691746,22.874101],[75.691755,22.87402],[75.691807,22.873915],[75.691883,22.873867],[75.691997,22.873853],[75.692057,22.873853],[75.692107,22.873853],[75.692183,22.873891],[75.692231,22.873958],[75.692283,22.873967],[75.69234,22.873953],[75.69244,22.873915],[75.692545,22.873891],[75.692673,22.873891],[75.692797,22.873867],[75.69302,22.87382],[75.693311,22.873725],[75.694044,22.873549],[75.694777,22.873463],[75.695091,22.873425],[75.695938,22.873272],[75.696499,22.873144],[75.697304,22.873035],[75.698412,22.872778],[75.699126,22.872682],[75.699878,22.872554],[75.70072,22.872311],[75.701591,22.872002],[75.702524,22.87184],[75.70359,22.871464],[75.704547,22.871079],[75.705137,22.870926],[75.706512,22.870674],[75.706464,22.870275],[75.706462,22.87026],[75.706365,22.869451],[75.706788,22.869718],[75.707283,22.869898],[75.708187,22.870217],[75.70873,22.870393],[75.709377,22.870512],[75.709777,22.870584],[75.709886,22.87065],[75.709977,22.870817],[75.710134,22.871045],[75.710219,22.871272],[75.710338,22.871295],[75.710428,22.871323],[75.710455,22.871345],[75.710521,22.871411],[75.710613,22.871489],[75.710642,22.871533],[75.710711,22.871669],[75.71077,22.871786],[75.710794,22.871791],[75.710871,22.871788],[75.711049,22.871789],[75.711068,22.871826],[75.711138,22.871945],[75.711203,22.872062],[75.711268,22.872175],[75.711335,22.872295],[75.711403,22.872415],[75.711475,22.872534],[75.711547,22.872656],[75.71161,22.872775],[75.711678,22.872891],[75.711745,22.873007],[75.711802,22.873126],[75.711823,22.873161],[75.711872,22.87331],[75.711986,22.873684],[75.711995,22.873745],[75.712025,22.873784],[75.712062,22.873871],[75.712102,22.873965],[75.712198,22.874208],[75.712286,22.874452],[75.712396,22.874786],[75.712435,22.874906],[75.712458,22.87493],[75.712529,22.874985],[75.712552,22.875011],[75.712571,22.875057],[75.712657,22.875278],[75.712696,22.875376],[75.712733,22.875474],[75.712771,22.875571],[75.7128,22.87566],[75.712829,22.875723],[75.712848,22.875751],[75.712874,22.875801],[75.712936,22.875903],[75.713036,22.876093],[75.713127,22.876247],[75.713152,22.876273],[75.713161,22.876297],[75.713294,22.876472],[75.713343,22.876555],[75.713382,22.876597],[75.713456,22.876692],[75.713581,22.876869],[75.713631,22.876962],[75.71366,22.876994],[75.713776,22.877189],[75.713957,22.877488],[75.713996,22.877554],[75.714017,22.877589],[75.714042,22.877652],[75.714108,22.877948],[75.714115,22.87804],[75.714188,22.878434],[75.714212,22.878551],[75.714293,22.878989],[75.714383,22.879558],[75.714455,22.879955],[75.714491,22.879997],[75.71454,22.880048],[75.714577,22.880073],[75.714611,22.880122],[75.714678,22.880193],[75.7147,22.880368],[75.714741,22.880517],[75.714816,22.880736],[75.714865,22.880891],[75.714937,22.88108],[75.714963,22.881147],[75.715058,22.881534],[75.715174,22.882033],[75.715321,22.882669],[75.715473,22.883311],[75.715475,22.883326],[75.715524,22.883636],[75.715528,22.883735],[75.715588,22.884308],[75.715618,22.884628],[75.715626,22.884717],[75.715652,22.884993],[75.71575,22.885762],[75.715735,22.885841],[75.715819,22.886298],[75.715876,22.886681],[75.715902,22.886828],[75.71599,22.887342],[75.716049,22.887768],[75.716127,22.888244],[75.716208,22.8889],[75.716295,22.889489],[75.716322,22.889554],[75.716343,22.889606],[75.716555,22.889614],[75.71757,22.889656],[75.718511,22.889701],[75.719718,22.889757],[75.719826,22.889756],[75.719755,22.890679],[75.719793,22.890984],[75.719712,22.891926],[75.719465,22.893221],[75.719384,22.893896],[75.719303,22.894325],[75.719189,22.895096],[75.719046,22.896057],[75.718984,22.896452],[75.718922,22.896847],[75.718903,22.897166],[75.718884,22.897756],[75.718832,22.898394],[75.718772,22.898803],[75.718732,22.899074],[75.718689,22.899369],[75.718646,22.899645],[75.718613,22.900045],[75.718656,22.900713],[75.718653,22.90076],[75.718651,22.90079],[75.718644,22.900902],[75.718604,22.900913],[75.718577,22.900924],[75.718559,22.900934],[75.718541,22.900941],[75.718488,22.900955],[75.718452,22.90097],[75.718429,22.900978],[75.718426,22.90098],[75.718389,22.900998],[75.718347,22.90102],[75.71831,22.901041],[75.718259,22.901077],[75.718228,22.901107],[75.718208,22.901129],[75.718197,22.901148],[75.718177,22.901185],[75.718165,22.901222],[75.718159,22.901253],[75.718157,22.901301],[75.718157,22.901324],[75.718164,22.901359],[75.718185,22.901422],[75.718201,22.901462],[75.718233,22.901517],[75.718251,22.901539],[75.718277,22.901567],[75.718325,22.901624],[75.718348,22.901647],[75.718373,22.901669],[75.718427,22.901707],[75.718437,22.901719],[75.718442,22.901734],[75.718442,22.901748],[75.71844,22.901755],[75.718435,22.901762],[75.718414,22.901774],[75.718385,22.901791],[75.718336,22.901801],[75.7183,22.901803],[75.718251,22.901804],[75.71825,22.901913],[75.718243,22.901982],[75.718223,22.902357],[75.718208,22.902689],[75.718186,22.903019],[75.71816,22.903226],[75.718154,22.903261],[75.718082,22.903652],[75.71802,22.90399],[75.717959,22.904329],[75.717949,22.904438],[75.717967,22.904484],[75.717973,22.904519],[75.717974,22.904575],[75.717943,22.904958],[75.717935,22.90529],[75.717928,22.905374],[75.717908,22.905634],[75.717906,22.905655],[75.717896,22.905755],[75.717885,22.905949],[75.717882,22.906078],[75.717874,22.906228],[75.717871,22.906381],[75.71787,22.906505],[75.717877,22.906788],[75.717877,22.906808],[75.717886,22.907069],[75.71789,22.907201],[75.717873,22.907349],[75.717866,22.907585],[75.717844,22.907685],[75.717812,22.907917],[75.717703,22.908118],[75.717708,22.908208],[75.717704,22.908378],[75.717695,22.908599],[75.71769,22.908757],[75.71761,22.909632],[75.717755,22.909647],[75.717965,22.909669],[75.718065,22.909682],[75.718386,22.90972],[75.718473,22.909722],[75.718775,22.909762],[75.71889,22.909776],[75.719165,22.909889],[75.719285,22.909961],[75.719552,22.910085],[75.71992,22.910278],[75.72011,22.91037],[75.720295,22.910481],[75.720467,22.910587],[75.720645,22.910687],[75.720857,22.91076],[75.720984,22.910791],[75.721299,22.910862],[75.721687,22.910939],[75.72207,22.911013],[75.722251,22.911049],[75.722459,22.911093],[75.722654,22.911123],[75.722757,22.911139],[75.723077,22.911209],[75.723496,22.911414],[75.723858,22.911577],[75.724354,22.911816],[75.724718,22.911981],[75.725177,22.912204],[75.725952,22.912538],[75.726723,22.912888],[75.727107,22.913082],[75.727422,22.91323],[75.727514,22.913274],[75.727611,22.913318],[75.728293,22.91363],[75.728435,22.913697],[75.729066,22.913998],[75.729194,22.914062],[75.729379,22.914154],[75.729843,22.914358],[75.729981,22.91442],[75.730616,22.914705],[75.730906,22.914832],[75.731392,22.915045],[75.731665,22.915183],[75.731754,22.915228],[75.732164,22.915421],[75.732544,22.915599],[75.732846,22.915745],[75.732924,22.915783],[75.733331,22.915968],[75.73369,22.91613],[75.734053,22.916295],[75.734144,22.916336],[75.734472,22.916488],[75.734557,22.916526],[75.735163,22.916799],[75.735297,22.916859],[75.736124,22.917218],[75.736339,22.917316],[75.73698,22.917608],[75.737061,22.917645],[75.737836,22.917998],[75.738004,22.918072],[75.738189,22.918157],[75.738694,22.918388],[75.739155,22.91859],[75.739268,22.918639],[75.740157,22.919026],[75.7406,22.919069],[75.740904,22.919091],[75.740925,22.919093],[75.74094,22.919094],[75.740962,22.919426],[75.740976,22.919551],[75.741284,22.919729],[75.741302,22.919923],[75.742067,22.920154],[75.742354,22.920244],[75.742441,22.920276],[75.742502,22.920299],[75.74254,22.920313],[75.743031,22.920546],[75.743143,22.920611],[75.743145,22.920612],[75.743749,22.920644],[75.743848,22.92065],[75.744029,22.920655],[75.744737,22.92061],[75.744989,22.920606],[75.745475,22.920653],[75.746025,22.92074],[75.746375,22.920777],[75.747371,22.920806],[75.747654,22.920822],[75.747914,22.920836],[75.748192,22.920819]]]}},{"type":"Feature","properties":{"OBJECTID":4165,"state_lgd":"23","state_name":"MADHYA PRADESH","district_lgd":"439","district_name":"INDORE","district_name_source":"district_table","subdistrict_lgd":"3543","subdistrict_name":"JUNI INDORE","subdistrict_type":"","name_corrupted":false,"remarks":""},"geometry":{"type":"MultiPolygon","coordinates":[[[[75.920088,22.648771],[75.921658,22.648904],[75.9232,22.648419],[75.923265,22.648417],[75.922956,22.647115],[75.923571,22.646855],[75.923516,22.646202],[75.923192,22.645328],[75.923121,22.644483],[75.923412,22.644323],[75.924186,22.644123],[75.923737,22.643175],[75.923649,22.643185],[75.923124,22.643216],[75.92282,22.643253],[75.92281,22.643127],[75.922717,22.6428],[75.922689,22.642614],[75.922674,22.642503],[75.922447,22.642531],[75.92239,22.642542],[75.922196,22.64258],[75.920985,22.642817],[75.919389,22.643132],[75.919222,22.643172],[75.919152,22.643159],[75.919139,22.643156],[75.918529,22.643086],[75.917098,22.642933],[75.916536,22.642873],[75.915515,22.642764],[75.914351,22.642647],[75.914248,22.642637],[75.914183,22.642631],[75.914037,22.642702],[75.913956,22.642694],[75.913253,22.642366],[75.912718,22.642273],[75.912061,22.642194],[75.911704,22.642137],[75.911518,22.642073],[75.911369,22.641995],[75.911162,22.641859],[75.910997,22.641709],[75.910847,22.641538],[75.910733,22.641373],[75.910605,22.641245],[75.910505,22.641159],[75.910376,22.641102],[75.910212,22.641052],[75.910069,22.641038],[75.909748,22.641017],[75.90957,22.641031],[75.909448,22.641067],[75.909284,22.641059],[75.908877,22.641017],[75.90852,22.641002],[75.908056,22.641002],[75.907742,22.641002],[75.907514,22.641002],[75.907185,22.641002],[75.906957,22.640995],[75.906686,22.640967],[75.906229,22.640867],[75.905215,22.640695],[75.904866,22.640631],[75.904523,22.640574],[75.90433,22.64061],[75.903945,22.640717],[75.903238,22.641002],[75.902603,22.641231],[75.902196,22.641423],[75.90201,22.641516],[75.901846,22.641638],[75.90171,22.641752],[75.901639,22.641816],[75.901532,22.641902],[75.901289,22.642009],[75.900761,22.642094],[75.900211,22.642152],[75.899897,22.64218],[75.89964,22.642223],[75.899333,22.64233],[75.899055,22.642373],[75.898691,22.642409],[75.898034,22.642487],[75.89737,22.642373],[75.896842,22.642266],[75.896192,22.642309],[75.895643,22.642259],[75.894979,22.642144],[75.894044,22.641973],[75.89273,22.641809],[75.891881,22.64173],[75.891431,22.641695],[75.89111,22.641688],[75.890896,22.641688],[75.890733,22.641716],[75.890567,22.641745],[75.890153,22.641816],[75.889911,22.641852],[75.889682,22.64183],[75.888883,22.641752],[75.888219,22.641638],[75.887898,22.641573],[75.887548,22.641445],[75.887177,22.641331],[75.887002,22.641618],[75.88698,22.641678],[75.886753,22.642274],[75.886537,22.642851],[75.886461,22.643053],[75.886453,22.643075],[75.886383,22.643263],[75.886284,22.643526],[75.886237,22.643648],[75.886194,22.643758],[75.886148,22.643868],[75.886113,22.643973],[75.886076,22.644081],[75.886037,22.644188],[75.885996,22.644295],[75.885954,22.644402],[75.885925,22.644513],[75.885884,22.644624],[75.885842,22.644735],[75.885776,22.645025],[75.88575,22.645217],[75.885447,22.647066],[75.885311,22.64743],[75.884945,22.649907],[75.884994,22.651207],[75.884994,22.651415],[75.88497,22.651623],[75.884911,22.65279],[75.884983,22.654166],[75.885002,22.655079],[75.884954,22.655555],[75.884866,22.656319],[75.884864,22.656336],[75.885154,22.656402],[75.885392,22.656464],[75.886077,22.656545],[75.887272,22.656631],[75.888166,22.656669],[75.888742,22.656707],[75.89283,22.657259],[75.892962,22.657313],[75.893099,22.657388],[75.893432,22.657542],[75.89364,22.657638],[75.894212,22.657882],[75.894603,22.65805],[75.894812,22.658131],[75.89503,22.658215],[75.895537,22.658306],[75.896213,22.658429],[75.896452,22.658468],[75.896903,22.658549],[75.896997,22.658557],[75.897171,22.65857],[75.897433,22.658589],[75.897886,22.658622],[75.898144,22.658637],[75.898331,22.658648],[75.898782,22.658679],[75.899205,22.658703],[75.899509,22.658715],[75.899557,22.658716],[75.899607,22.658718],[75.89975,22.65871],[75.899964,22.658699],[75.900309,22.65869],[75.901018,22.658654],[75.901175,22.658624],[75.901547,22.65827],[75.902232,22.657927],[75.903327,22.657432],[75.903831,22.657137],[75.904669,22.656766],[75.905373,22.656471],[75.906011,22.656214],[75.906363,22.655995],[75.906982,22.655786],[75.90773,22.655454],[75.907991,22.655338],[75.908419,22.655168],[75.909066,22.65491],[75.909828,22.654653],[75.910199,22.654512],[75.910466,22.654373],[75.911059,22.654066],[75.911858,22.653999],[75.912664,22.653294],[75.913497,22.652755],[75.91417,22.652562],[75.914701,22.65234],[75.915386,22.652083],[75.915532,22.652083],[75.915691,22.652083],[75.91583,22.652055],[75.915967,22.652026],[75.916214,22.651884],[75.916241,22.651868],[75.916376,22.651788],[75.916481,22.651636],[75.916833,22.651465],[75.916947,22.651198],[75.920088,22.648771]]],[[[75.892811,22.810266],[75.894188,22.809081],[75.894424,22.808902],[75.894574,22.808695],[75.894809,22.808603],[75.895295,22.808467],[75.896094,22.808346],[75.896887,22.808174],[75.897358,22.80806],[75.897522,22.808053],[75.89765,22.808053],[75.897862,22.80804],[75.898291,22.807968],[75.898671,22.807879],[75.898927,22.807826],[75.899159,22.807796],[75.899355,22.807748],[75.899546,22.807671],[75.899367,22.806202],[75.899337,22.805934],[75.89932,22.805738],[75.899546,22.805739],[75.899518,22.805448],[75.899509,22.805234],[75.899509,22.804963],[75.899528,22.804758],[75.899556,22.804506],[75.899604,22.804197],[75.899661,22.803825],[75.899699,22.803602],[75.899747,22.80343],[75.89978,22.803235],[75.899813,22.803073],[75.899861,22.802855],[75.899928,22.802645],[75.899975,22.802512],[75.900023,22.802379],[75.900085,22.802207],[75.900208,22.801874],[75.900384,22.801479],[75.900465,22.801275],[75.900556,22.801051],[75.900646,22.800818],[75.900722,22.800627],[75.900794,22.800442],[75.900851,22.800232],[75.900913,22.800014],[75.900979,22.799709],[75.901022,22.799523],[75.901098,22.799295],[75.901217,22.7989],[75.901279,22.798681],[75.901393,22.798353],[75.901455,22.798148],[75.901555,22.797815],[75.901617,22.797601],[75.901693,22.797239],[75.901726,22.797039],[75.901803,22.796711],[75.901907,22.796311],[75.90196,22.796016],[75.901983,22.795807],[75.902021,22.795507],[75.902045,22.795255],[75.90206,22.795174],[75.902126,22.795017],[75.902193,22.794898],[75.90225,22.79476],[75.902259,22.794593],[75.902231,22.794436],[75.901997,22.79411],[75.902056,22.793824],[75.902104,22.79355],[75.902128,22.793187],[75.902086,22.792944],[75.902009,22.792456],[75.90192,22.79217],[75.901866,22.792039],[75.901818,22.791926],[75.901789,22.791694],[75.901753,22.791534],[75.901384,22.791522],[75.901164,22.791498],[75.901105,22.791213],[75.901003,22.790915],[75.90089,22.790564],[75.900807,22.790273],[75.900658,22.789987],[75.900539,22.789731],[75.900467,22.789654],[75.900315,22.789449],[75.900153,22.789249],[75.9001,22.789164],[75.900034,22.789054],[75.899953,22.788969],[75.899886,22.788883],[75.899801,22.788755],[75.899734,22.78865],[75.899682,22.788559],[75.899634,22.788483],[75.899596,22.788431],[75.899499,22.788476],[75.899352,22.788509],[75.899295,22.788414],[75.899214,22.788295],[75.899166,22.788171],[75.89918,22.788062],[75.89919,22.787933],[75.899214,22.787648],[75.899233,22.787472],[75.899157,22.787353],[75.899085,22.786996],[75.899009,22.786682],[75.898928,22.78632],[75.898847,22.785939],[75.898847,22.785806],[75.898881,22.785697],[75.898923,22.785644],[75.898942,22.785568],[75.898923,22.785478],[75.898885,22.785302],[75.898828,22.784964],[75.898847,22.784854],[75.89889,22.784726],[75.898952,22.784573],[75.898981,22.784431],[75.899004,22.784174],[75.899042,22.783826],[75.899047,22.783531],[75.899038,22.783217],[75.898995,22.782822],[75.898976,22.782641],[75.898957,22.782451],[75.898944,22.782339],[75.898431,22.782352],[75.897949,22.782394],[75.897217,22.782471],[75.896539,22.782542],[75.896081,22.782608],[75.895605,22.782673],[75.895016,22.782762],[75.894522,22.782852],[75.893826,22.782982],[75.893499,22.783012],[75.893297,22.782988],[75.892423,22.783107],[75.89156,22.783232],[75.891161,22.783333],[75.89059,22.783423],[75.890132,22.783524],[75.889655,22.78363],[75.889577,22.78368],[75.889505,22.783751],[75.889384,22.783822],[75.889234,22.783851],[75.888927,22.783922],[75.88847,22.784058],[75.888113,22.784144],[75.887664,22.784236],[75.887557,22.784236],[75.887514,22.784151],[75.887449,22.784144],[75.887271,22.784165],[75.887135,22.784201],[75.887007,22.784272],[75.88685,22.784394],[75.886707,22.784458],[75.886529,22.784486],[75.886036,22.784472],[75.886136,22.784815],[75.886179,22.785193],[75.886172,22.785393],[75.886136,22.785786],[75.886134,22.786202],[75.886204,22.786462],[75.88621,22.786914],[75.886234,22.787396],[75.886306,22.788246],[75.886341,22.788895],[75.886294,22.789156],[75.886234,22.789275],[75.886139,22.789418],[75.886091,22.789579],[75.886091,22.789769],[75.886133,22.790132],[75.886204,22.790441],[75.886329,22.791024],[75.886538,22.791655],[75.886734,22.791929],[75.886918,22.792113],[75.88715,22.792208],[75.887448,22.792268],[75.887513,22.792375],[75.887507,22.79247],[75.887424,22.792607],[75.887347,22.792726],[75.887311,22.792845],[75.887311,22.792946],[75.887335,22.793059],[75.887394,22.79316],[75.887495,22.793243],[75.887656,22.793273],[75.887787,22.793344],[75.88793,22.793457],[75.88809,22.793553],[75.888292,22.79363],[75.888566,22.793808],[75.888774,22.794005],[75.888917,22.794195],[75.88906,22.794391],[75.889262,22.794582],[75.88947,22.794724],[75.889518,22.794879],[75.889554,22.795129],[75.88953,22.795385],[75.889446,22.795593],[75.889304,22.795736],[75.889191,22.79592],[75.889143,22.796027],[75.889066,22.796218],[75.889018,22.796331],[75.888959,22.796485],[75.888905,22.796687],[75.888893,22.796842],[75.888893,22.797033],[75.888869,22.797276],[75.888798,22.797526],[75.888715,22.797746],[75.888626,22.797877],[75.888548,22.797937],[75.888382,22.79802],[75.888245,22.798103],[75.887876,22.798288],[75.88768,22.798395],[75.887567,22.79849],[75.887358,22.798585],[75.88718,22.798591],[75.887002,22.798591],[75.886894,22.798597],[75.886817,22.798645],[75.886752,22.798734],[75.88674,22.798829],[75.886728,22.798972],[75.886722,22.799138],[75.886692,22.799335],[75.88668,22.799531],[75.886704,22.799668],[75.88674,22.799852],[75.886823,22.800084],[75.886912,22.800221],[75.886996,22.800334],[75.887174,22.800483],[75.887454,22.800697],[75.887686,22.800792],[75.888007,22.800929],[75.888156,22.801024],[75.888245,22.801167],[75.888328,22.801298],[75.888453,22.801482],[75.888649,22.801666],[75.888745,22.801851],[75.888822,22.802035],[75.888911,22.802249],[75.889119,22.802505],[75.889351,22.802684],[75.889536,22.802755],[75.889732,22.802904],[75.890053,22.803267],[75.890166,22.803475],[75.89022,22.803653],[75.890267,22.803945],[75.890339,22.804254],[75.890428,22.804474],[75.890565,22.804599],[75.890642,22.804724],[75.890815,22.80492],[75.890874,22.805188],[75.890821,22.805414],[75.890737,22.805575],[75.890612,22.805718],[75.890422,22.805819],[75.890178,22.805938],[75.890047,22.806063],[75.889952,22.806187],[75.889916,22.8063],[75.889815,22.806509],[75.889619,22.80677],[75.889583,22.806925],[75.889536,22.807086],[75.88947,22.80724],[75.889393,22.807342],[75.889262,22.807383],[75.889072,22.807365],[75.888923,22.807312],[75.888685,22.807252],[75.888441,22.807223],[75.888215,22.807252],[75.888084,22.807324],[75.887935,22.807407],[75.88787,22.807508],[75.887739,22.807663],[75.887567,22.807853],[75.887535,22.807909],[75.887448,22.808061],[75.887431,22.808108],[75.88737,22.808278],[75.887366,22.808329],[75.887374,22.8084],[75.887385,22.808452],[75.887639,22.808893],[75.887704,22.809007],[75.88771,22.809014],[75.887912,22.809273],[75.887984,22.809339],[75.888213,22.809534],[75.888287,22.809606],[75.888412,22.809729],[75.888627,22.809924],[75.888779,22.810114],[75.888927,22.810294],[75.889013,22.81038],[75.889106,22.810451],[75.88927,22.810487],[75.889441,22.810537],[75.889677,22.810594],[75.889962,22.81063],[75.890298,22.81063],[75.890605,22.810601],[75.890862,22.810558],[75.891105,22.810558],[75.891319,22.810601],[75.891504,22.810601],[75.891733,22.810644],[75.891918,22.810708],[75.892154,22.810801],[75.892282,22.810737],[75.892811,22.810266]]]]}},{"type":"Feature","properties":{"OBJECTID":4166,"state_lgd":"23","state_name":"MADHYA PRADESH","district_lgd":"439","district_name":"INDORE","district_name_source":"district_table","subdistrict_lgd":"6931","subdistrict_name":"KANADIYA","subdistrict_type":"","name_corrupted":false,"remarks":""},"geometry":{"type":"Polygon","coordinates":[[[75.976078,22.819941],[75.977394,22.819842],[75.97741,22.819844],[75.977629,22.819877],[75.978414,22.81981],[75.978776,22.819839],[75.97898,22.819853],[75.979137,22.819858],[75.979261,22.819844],[75.979356,22.81981],[75.979416,22.819732],[75.980832,22.819742],[75.981058,22.819395],[75.981149,22.819256],[75.981298,22.818068],[75.982007,22.818026],[75.982036,22.817626],[75.982064,22.817445],[75.982066,22.817372],[75.982069,22.817231],[75.982069,22.817107],[75.982088,22.816964],[75.982102,22.81685],[75.982131,22.816722],[75.982159,22.816641],[75.982197,22.816565],[75.982283,22.816512],[75.982382,22.816474],[75.982478,22.816436],[75.982664,22.816389],[75.982964,22.816327],[75.983306,22.816231],[75.983906,22.816098],[75.984301,22.815975],[75.984967,22.815832],[75.985372,22.815732],[75.9857,22.815589],[75.985914,22.815456],[75.986105,22.815323],[75.986271,22.815251],[75.986564,22.815176],[75.986766,22.815128],[75.986872,22.815103],[75.987663,22.814911],[75.98862,22.814696],[75.989173,22.814586],[75.989291,22.814563],[75.990109,22.814493],[75.990415,22.814462],[75.990612,22.814436],[75.991161,22.814393],[75.992088,22.814334],[75.992357,22.814329],[75.99244,22.814333],[75.992556,22.814361],[75.992645,22.814367],[75.992569,22.814215],[75.992512,22.813981],[75.992497,22.813791],[75.992531,22.813448],[75.992593,22.812696],[75.992602,22.812125],[75.992616,22.811616],[75.992616,22.81125],[75.992578,22.810783],[75.992593,22.810369],[75.992597,22.810136],[75.992626,22.809836],[75.992659,22.809589],[75.992792,22.80887],[75.992835,22.808447],[75.992902,22.808085],[75.992926,22.80789],[75.992945,22.807547],[75.992921,22.807176],[75.992883,22.806543],[75.992883,22.806139],[75.992883,22.805877],[75.992859,22.805425],[75.992821,22.804944],[75.992783,22.804578],[75.992759,22.804311],[75.992707,22.803902],[75.99264,22.80354],[75.992559,22.803226],[75.992536,22.80316],[75.992474,22.802983],[75.992426,22.802845],[75.992431,22.802731],[75.992434,22.802726],[75.995328,22.802639],[75.995847,22.802623],[75.995971,22.802608],[75.996514,22.802584],[75.996914,22.802546],[75.9972,22.802537],[75.997361,22.802531],[75.997441,22.80253],[75.997651,22.802527],[75.997942,22.802527],[75.998122,22.802536],[75.998313,22.802579],[75.99847,22.802631],[75.998633,22.802657],[75.998746,22.802674],[75.999641,22.802688],[75.999702,22.802541],[75.999802,22.801832],[75.99984,22.801603],[75.999855,22.801066],[75.999864,22.800595],[75.999921,22.800204],[75.999955,22.800166],[75.999955,22.800166],[76.000212,22.800095],[76.000559,22.800062],[76.001202,22.800028],[76.00192,22.800028],[76.002805,22.800023],[76.003372,22.800028],[76.00389,22.800076],[76.004323,22.800161],[76.004599,22.800195],[76.00517,22.800228],[76.005508,22.800238],[76.006022,22.800209],[76.006151,22.80018],[76.006222,22.800104],[76.006294,22.799976],[76.006422,22.799914],[76.006617,22.799871],[76.007017,22.799828],[76.007731,22.799828],[76.008583,22.799824],[76.009168,22.79979],[76.009744,22.799776],[76.010277,22.799785],[76.010615,22.799785],[76.010738,22.799762],[76.010962,22.799714],[76.011267,22.799719],[76.011557,22.799752],[76.011876,22.799728],[76.012276,22.799705],[76.012561,22.799757],[76.012799,22.799824],[76.012904,22.799866],[76.013066,22.799871],[76.013646,22.799904],[76.013922,22.799923],[76.014155,22.7999],[76.014369,22.799871],[76.014612,22.799814],[76.014841,22.799762],[76.014988,22.79969],[76.015079,22.799614],[76.015098,22.799524],[76.015107,22.799448],[76.015312,22.799381],[76.015778,22.799195],[76.016402,22.798976],[76.016801,22.798838],[76.016968,22.798796],[76.017153,22.798719],[76.017268,22.79871],[76.017453,22.79871],[76.017563,22.798724],[76.017615,22.798758],[76.017672,22.7988],[76.018048,22.798791],[76.018843,22.798772],[76.019585,22.798781],[76.020404,22.798796],[76.020823,22.798758],[76.020956,22.798719],[76.021165,22.79871],[76.021513,22.798753],[76.021965,22.79881],[76.022207,22.798857],[76.022393,22.798896],[76.022464,22.798938],[76.022507,22.799038],[76.022545,22.799072],[76.022607,22.799086],[76.023916,22.799138],[76.024153,22.799165],[76.024243,22.798647],[76.024272,22.798308],[76.024338,22.797678],[76.024361,22.797273],[76.024308,22.796857],[76.02426,22.79628],[76.024219,22.795911],[76.024177,22.79553],[76.024088,22.795138],[76.023903,22.794364],[76.023606,22.793121],[76.023404,22.792211],[76.023279,22.791693],[76.023142,22.79117],[76.023079,22.790951],[76.022993,22.790642],[76.022927,22.790408],[76.022803,22.790132],[76.022727,22.790004],[76.022674,22.78998],[76.022617,22.789933],[76.022579,22.789871],[76.022579,22.789833],[76.02296,22.789814],[76.023336,22.789733],[76.023974,22.789661],[76.024516,22.789628],[76.025316,22.789604],[76.025625,22.789618],[76.025934,22.789642],[76.026615,22.789585],[76.027343,22.789533],[76.027862,22.789495],[76.028338,22.789428],[76.028899,22.789385],[76.029489,22.789366],[76.029603,22.789366],[76.029656,22.789419],[76.030141,22.789419],[76.031003,22.789385],[76.032207,22.789414],[76.033049,22.789438],[76.033415,22.789471],[76.033415,22.78958],[76.033782,22.789633],[76.034305,22.789628],[76.035248,22.789642],[76.035852,22.789657],[76.036114,22.789661],[76.036523,22.789709],[76.037008,22.78978],[76.037337,22.789823],[76.03747,22.789856],[76.037537,22.789937],[76.037613,22.790066],[76.037694,22.790147],[76.037784,22.790199],[76.038184,22.790342],[76.038569,22.790518],[76.038998,22.790761],[76.039226,22.79087],[76.039388,22.790899],[76.039721,22.79096],[76.040216,22.791003],[76.040606,22.790965],[76.042058,22.790927],[76.042995,22.790841],[76.043571,22.790818],[76.044742,22.790765],[76.045874,22.790708],[76.046693,22.790646],[76.047345,22.790594],[76.048539,22.790523],[76.048934,22.790523],[76.049029,22.790537],[76.049082,22.790565],[76.049058,22.790608],[76.04902,22.790694],[76.048982,22.790822],[76.048982,22.790922],[76.04901,22.791075],[76.04902,22.791332],[76.04902,22.791441],[76.049039,22.791574],[76.04911,22.791922],[76.049134,22.792145],[76.049158,22.79226],[76.049177,22.792398],[76.049244,22.792669],[76.049305,22.793311],[76.049348,22.793949],[76.049372,22.794411],[76.049353,22.79473],[76.049353,22.795286],[76.049367,22.7958],[76.049353,22.796562],[76.049367,22.797042],[76.049353,22.797518],[76.049391,22.797966],[76.049415,22.798527],[76.049491,22.798936],[76.049648,22.799612],[76.049757,22.800121],[76.049848,22.800602],[76.049929,22.800888],[76.049991,22.801083],[76.050033,22.801311],[76.050053,22.801403],[76.050076,22.801511],[76.050176,22.801839],[76.050267,22.802149],[76.050348,22.802334],[76.050419,22.802567],[76.050505,22.803015],[76.050566,22.803272],[76.050681,22.8037],[76.050733,22.803886],[76.050762,22.804109],[76.05079,22.804366],[76.050838,22.804633],[76.050914,22.804956],[76.051019,22.805366],[76.051057,22.80548],[76.051076,22.805642],[76.051123,22.80578],[76.051176,22.805913],[76.051218,22.806056],[76.051261,22.806265],[76.05128,22.806394],[76.051428,22.806512],[76.051599,22.806605],[76.051706,22.806626],[76.051842,22.806655],[76.052013,22.806641],[76.052206,22.806548],[76.052363,22.806362],[76.052406,22.806184],[76.052413,22.805991],[76.052406,22.805805],[76.052341,22.805541],[76.052306,22.80532],[76.052284,22.805127],[76.052291,22.80492],[76.052349,22.804613],[76.052341,22.804413],[76.052306,22.804171],[76.052306,22.803992],[76.052334,22.803871],[76.052448,22.80375],[76.052541,22.803635],[76.052648,22.803485],[76.052791,22.803371],[76.052984,22.80325],[76.053284,22.803157],[76.053626,22.803086],[76.053862,22.8031],[76.054133,22.803164],[76.054497,22.803321],[76.054968,22.803628],[76.055361,22.803899],[76.055718,22.804285],[76.05606,22.804827],[76.056246,22.805084],[76.056603,22.805399],[76.05696,22.80562],[76.057502,22.805955],[76.057966,22.806162],[76.058423,22.806384],[76.058887,22.806619],[76.059002,22.806741],[76.059023,22.806862],[76.059094,22.807055],[76.05923,22.807233],[76.059444,22.807376],[76.059651,22.80744],[76.05983,22.807483],[76.059994,22.80749],[76.060179,22.80749],[76.060322,22.807426],[76.060451,22.807383],[76.060522,22.807283],[76.060558,22.80714],[76.060586,22.806826],[76.060543,22.806484],[76.060443,22.806198],[76.060294,22.805934],[76.060129,22.805663],[76.059994,22.805434],[76.059944,22.805277],[76.059937,22.805134],[76.059951,22.80492],[76.060029,22.804592],[76.060229,22.804235],[76.060451,22.803857],[76.060522,22.80375],[76.060665,22.803585],[76.060758,22.803521],[76.060872,22.803478],[76.061043,22.803493],[76.0613,22.8036],[76.061429,22.803678],[76.061586,22.803764],[76.061814,22.803764],[76.061928,22.803721],[76.062192,22.803635],[76.062407,22.803593],[76.062571,22.803535],[76.062721,22.803386],[76.062856,22.8032],[76.062935,22.802964],[76.063049,22.802672],[76.063106,22.802408],[76.063163,22.802151],[76.06322,22.801929],[76.063242,22.801665],[76.063249,22.801408],[76.063242,22.801201],[76.063227,22.801051],[76.06317,22.80083],[76.063042,22.800609],[76.062856,22.800373],[76.062713,22.800223],[76.062599,22.800073],[76.062564,22.799959],[76.062521,22.799738],[76.062528,22.799438],[76.062555,22.799228],[76.062585,22.798988],[76.062649,22.798467],[76.062656,22.798103],[76.062592,22.797625],[76.062471,22.797139],[76.062399,22.796825],[76.062392,22.796647],[76.062392,22.796404],[76.062421,22.796169],[76.062542,22.795819],[76.062706,22.795583],[76.062956,22.795212],[76.063213,22.794969],[76.063484,22.794655],[76.063841,22.794334],[76.064134,22.794177],[76.064498,22.793963],[76.064826,22.793763],[76.064998,22.793585],[76.065048,22.79342],[76.065062,22.793156],[76.065105,22.792906],[76.065141,22.792485],[76.065188,22.792198],[76.065212,22.792057],[76.065269,22.791714],[76.065333,22.791529],[76.065483,22.791343],[76.065662,22.791136],[76.06599,22.79095],[76.066176,22.790904],[76.067318,22.790405],[76.068292,22.78983],[76.068423,22.789701],[76.068498,22.789627],[76.068561,22.789307],[76.068358,22.788453],[76.068297,22.787715],[76.068395,22.786865],[76.068466,22.786693],[76.069122,22.785099],[76.069151,22.784996],[76.069298,22.784474],[76.069064,22.783535],[76.068781,22.78289],[76.068597,22.782498],[76.068523,22.782236],[76.068502,22.781689],[76.068675,22.781246],[76.068724,22.781171],[76.069088,22.780721],[76.069645,22.780164],[76.070116,22.779629],[76.07063,22.779058],[76.070923,22.778637],[76.071258,22.778223],[76.071295,22.778176],[76.071594,22.777802],[76.072015,22.777259],[76.072122,22.777066],[76.072208,22.776888],[76.072337,22.776641],[76.072401,22.77627],[76.072389,22.775837],[76.072277,22.775344],[76.072265,22.775076],[76.072493,22.774511],[76.072847,22.773654],[76.073039,22.773365],[76.07322,22.773261],[76.07355,22.773185],[76.073981,22.77316],[76.074429,22.773195],[76.074739,22.773282],[76.075105,22.773557],[76.075397,22.773868],[76.07568,22.774079],[76.075863,22.774137],[76.076034,22.774125],[76.076284,22.774018],[76.076555,22.773818],[76.076597,22.773768],[76.076677,22.773672],[76.07704,22.773331],[76.077191,22.772992],[76.077491,22.772571],[76.07801,22.771895],[76.078493,22.771339],[76.078738,22.770951],[76.079142,22.770224],[76.079479,22.769545],[76.079793,22.768987],[76.080155,22.768535],[76.080345,22.768226],[76.080425,22.768056],[76.080465,22.768031],[76.080483,22.768084],[76.080638,22.768076],[76.080703,22.768091],[76.080822,22.76822],[76.08092,22.768354],[76.080967,22.768418],[76.081186,22.768389],[76.081417,22.768299],[76.081611,22.768238],[76.081659,22.768223],[76.08176,22.768192],[76.081737,22.76808],[76.081839,22.767947],[76.081869,22.767908],[76.081983,22.767678],[76.082082,22.767478],[76.082138,22.767372],[76.082306,22.767058],[76.082525,22.76685],[76.082763,22.766638],[76.082877,22.766465],[76.082949,22.766189],[76.082964,22.765792],[76.082993,22.764611],[76.082996,22.76437],[76.083028,22.764297],[76.083043,22.764195],[76.08303,22.764125],[76.082941,22.764086],[76.082861,22.764094],[76.082777,22.764217],[76.082726,22.764385],[76.082709,22.764404],[76.082708,22.764403],[76.08269,22.764395],[76.082647,22.764323],[76.082598,22.7642],[76.082535,22.764157],[76.082534,22.764155],[76.082431,22.764119],[76.082359,22.764131],[76.082285,22.764272],[76.082288,22.764433],[76.082285,22.764538],[76.082236,22.764587],[76.082176,22.764624],[76.082172,22.76466],[76.08218,22.764698],[76.082179,22.7647],[76.082191,22.764767],[76.082143,22.764796],[76.082081,22.764746],[76.082064,22.764728],[76.082015,22.764628],[76.081998,22.764456],[76.081955,22.76439],[76.081897,22.764339],[76.081823,22.76433],[76.081436,22.764313],[76.081061,22.764287],[76.080901,22.764225],[76.080731,22.76436],[76.080588,22.764496],[76.080388,22.764667],[76.080338,22.764753],[76.080238,22.764924],[76.08006,22.765038],[76.07991,22.765145],[76.079831,22.765245],[76.079724,22.765359],[76.079653,22.765431],[76.07959,22.765484],[76.079325,22.765226],[76.079114,22.764893],[76.079054,22.764765],[76.079018,22.764593],[76.07901,22.764471],[76.079048,22.764283],[76.079132,22.764072],[76.079429,22.763633],[76.07952,22.763536],[76.079664,22.763422],[76.08005,22.763206],[76.080132,22.763168],[76.080281,22.763096],[76.080552,22.762897],[76.080802,22.762625],[76.08086,22.762551],[76.081188,22.762087],[76.081496,22.761651],[76.081743,22.761321],[76.081889,22.76116],[76.082156,22.760928],[76.082368,22.760774],[76.082565,22.760596],[76.082736,22.760418],[76.082845,22.76025],[76.082913,22.760104],[76.083022,22.759708],[76.08305,22.759575],[76.08305,22.759283],[76.083022,22.758997],[76.083022,22.758812],[76.083017,22.758665],[76.083022,22.758503],[76.083043,22.758326],[76.083051,22.758295],[76.083077,22.758115],[76.083074,22.758023],[76.08305,22.757902],[76.083026,22.757847],[76.082944,22.757746],[76.082461,22.757372],[76.081758,22.757044],[76.081351,22.756885],[76.081055,22.756855],[76.080637,22.756856],[76.080226,22.756875],[76.079836,22.756817],[76.079697,22.756759],[76.079664,22.756737],[76.07956,22.756617],[76.079441,22.756406],[76.07943,22.756371],[76.079405,22.75617],[76.079416,22.756021],[76.079453,22.75578],[76.079566,22.75553],[76.079643,22.755429],[76.079747,22.75536],[76.079883,22.755315],[76.079999,22.755305],[76.080512,22.755357],[76.080931,22.755444],[76.081357,22.755551],[76.081481,22.755564],[76.081489,22.755562],[76.081725,22.755517],[76.08202,22.755379],[76.082153,22.755299],[76.08224,22.755198],[76.082298,22.755107],[76.082381,22.754884],[76.082445,22.754602],[76.082468,22.754438],[76.082488,22.754345],[76.082591,22.753879],[76.082635,22.753608],[76.082629,22.753424],[76.082626,22.753356],[76.0826,22.753156],[76.082519,22.752987],[76.082364,22.752821],[76.082532,22.752761],[76.082463,22.752696],[76.082414,22.752662],[76.082338,22.752589],[76.082297,22.752504],[76.082269,22.752431],[76.082179,22.752355],[76.082079,22.752304],[76.082069,22.752302],[76.081839,22.752246],[76.081411,22.752206],[76.081122,22.752104],[76.080776,22.751959],[76.080711,22.751931],[76.080603,22.751873],[76.080413,22.75174],[76.08036,22.75169],[76.080272,22.751634],[76.08012,22.751616],[76.080003,22.751687],[76.079914,22.751754],[76.079718,22.751599],[76.079647,22.751483],[76.079617,22.751432],[76.079594,22.751294],[76.079572,22.751096],[76.079605,22.75093],[76.079638,22.75085],[76.079691,22.750751],[76.079765,22.750668],[76.079825,22.750632],[76.079864,22.750612],[76.079947,22.750597],[76.080027,22.750594],[76.080195,22.750584],[76.080359,22.75064],[76.080441,22.750668],[76.080605,22.750669],[76.08068,22.750647],[76.080816,22.750568],[76.080878,22.750478],[76.080911,22.750365],[76.080917,22.750216],[76.080917,22.750174],[76.080934,22.750082],[76.080971,22.750012],[76.081039,22.74994],[76.081085,22.749909],[76.081129,22.749842],[76.081151,22.749779],[76.081143,22.749707],[76.081101,22.749639],[76.081056,22.749612],[76.080967,22.749597],[76.080884,22.749597],[76.080724,22.749674],[76.080527,22.749728],[76.080405,22.749725],[76.080218,22.749699],[76.080089,22.749666],[76.079936,22.74964],[76.07982,22.749598],[76.079624,22.749505],[76.079523,22.749432],[76.07946,22.749375],[76.079361,22.749286],[76.079297,22.749228],[76.079145,22.749082],[76.078959,22.748963],[76.078925,22.748934],[76.078799,22.74883],[76.078707,22.748673],[76.078689,22.748642],[76.078608,22.748583],[76.078552,22.748543],[76.078421,22.748495],[76.078051,22.748441],[76.077781,22.748372],[76.077627,22.748339],[76.077338,22.748274],[76.07729,22.748249],[76.077248,22.748229],[76.077161,22.748219],[76.077076,22.748271],[76.077039,22.748271],[76.076904,22.748324],[76.0769,22.748272],[76.076911,22.748122],[76.076837,22.74785],[76.076835,22.747695],[76.076851,22.747548],[76.07686,22.74737],[76.076818,22.747221],[76.076714,22.747149],[76.076556,22.747099],[76.076422,22.74709],[76.076202,22.747059],[76.076064,22.746986],[76.076099,22.746902],[76.076192,22.746832],[76.076225,22.746717],[76.076255,22.746633],[76.07634,22.746588],[76.076374,22.746549],[76.076338,22.746483],[76.076297,22.746464],[76.07624,22.74641],[76.076294,22.746357],[76.076244,22.746297],[76.076229,22.746268],[76.076222,22.746254],[76.076222,22.746132],[76.076192,22.746043],[76.076182,22.746013],[76.076127,22.745814],[76.076122,22.745785],[76.07613,22.745631],[76.075696,22.745504],[76.075302,22.745447],[76.07516,22.745403],[76.074974,22.745236],[76.074853,22.745061],[76.07481,22.744988],[76.074788,22.744822],[76.074748,22.74469],[76.074748,22.744562],[76.074734,22.744426],[76.074666,22.744301],[76.074653,22.744275],[76.074624,22.744196],[76.074617,22.744082],[76.074629,22.744032],[76.074667,22.743964],[76.074721,22.743925],[76.074748,22.743884],[76.074709,22.743833],[76.074644,22.743777],[76.074623,22.743702],[76.07462,22.743655],[76.07462,22.743592],[76.074605,22.743545],[76.074572,22.7435],[76.074462,22.743521],[76.0744,22.743565],[76.07429,22.743598],[76.074174,22.743598],[76.074108,22.743583],[76.074064,22.743548],[76.074049,22.743512],[76.074067,22.74347],[76.074114,22.743399],[76.074135,22.743348],[76.074153,22.74331],[76.074174,22.743235],[76.074195,22.74317],[76.074212,22.743098],[76.074218,22.743039],[76.074209,22.742991],[76.074189,22.742965],[76.074168,22.742947],[76.07409,22.742938],[76.074022,22.74292],[76.073976,22.742708],[76.073971,22.742685],[76.073837,22.741675],[76.073833,22.741602],[76.073871,22.741589],[76.073838,22.739928],[76.073731,22.739372],[76.073659,22.739128],[76.073588,22.738997],[76.073507,22.738858],[76.073336,22.738753],[76.073313,22.73867],[76.073295,22.738525],[76.073223,22.738049],[76.073021,22.736919],[76.072783,22.736012],[76.072771,22.735967],[76.072521,22.735057],[76.072402,22.734676],[76.072212,22.734046],[76.072137,22.733758],[76.072129,22.733725],[76.071998,22.733249],[76.071968,22.733136],[76.071909,22.73291],[76.071814,22.732351],[76.071742,22.731952],[76.071689,22.731595],[76.071653,22.731476],[76.071474,22.731482],[76.071433,22.731],[76.071373,22.730393],[76.071332,22.730007],[76.071328,22.729942],[76.071317,22.72973],[76.071302,22.729436],[76.071236,22.729394],[76.071046,22.729412],[76.07063,22.729495],[76.070439,22.729555],[76.07032,22.729561],[76.070237,22.729561],[76.070178,22.729543],[76.0701,22.729418],[76.070082,22.729257],[76.069999,22.728871],[76.069904,22.728389],[76.069779,22.72774],[76.069642,22.726979],[76.069494,22.726497],[76.069137,22.726449],[76.069053,22.726003],[76.068946,22.72517],[76.068869,22.724248],[76.068839,22.723826],[76.068673,22.722791],[76.068601,22.72203],[76.068625,22.721839],[76.068577,22.721464],[76.068536,22.721238],[76.068536,22.721185],[76.069392,22.721072],[76.070178,22.720953],[76.070909,22.72084],[76.071028,22.720828],[76.071064,22.720697],[76.071112,22.720655],[76.071344,22.720554],[76.07176,22.720477],[76.072016,22.720423],[76.072325,22.720346],[76.07248,22.720304],[76.072637,22.720241],[76.072649,22.720143],[76.07264,22.719439],[76.07264,22.719067],[76.072659,22.718325],[76.072663,22.71802],[76.072678,22.717426],[76.072673,22.717045],[76.072659,22.716617],[76.072616,22.716279],[76.072601,22.715993],[76.072473,22.715241],[76.072427,22.715129],[76.07116,22.715317],[76.070496,22.71541],[76.069418,22.715502],[76.068776,22.715574],[76.068019,22.715738],[76.067741,22.715788],[76.067091,22.715845],[76.06597,22.715909],[76.065285,22.715888],[76.064693,22.715909],[76.064293,22.715916],[76.063807,22.716016],[76.06258,22.716238],[76.060952,22.716545],[76.060338,22.71663],[76.059924,22.71673],[76.059332,22.716916],[76.058832,22.717059],[76.058332,22.717159],[76.057897,22.717223],[76.057389,22.717267],[76.05708,22.717305],[76.056699,22.717319],[76.056433,22.717343],[76.056023,22.717367],[76.055657,22.717419],[76.055452,22.717476],[76.055343,22.717543],[76.055186,22.717581],[76.054891,22.717619],[76.054753,22.717629],[76.054553,22.717657],[76.054315,22.7177],[76.054129,22.717752],[76.053815,22.717838],[76.053449,22.717929],[76.053111,22.718005],[76.052616,22.718095],[76.052216,22.718157],[76.051869,22.718185],[76.051455,22.718181],[76.051098,22.718176],[76.050639,22.718121],[76.050691,22.718254],[76.050738,22.718392],[76.050781,22.718558],[76.050834,22.718696],[76.050967,22.718858],[76.051162,22.719039],[76.051305,22.719287],[76.051452,22.719544],[76.051538,22.719915],[76.051662,22.720429],[76.051676,22.720681],[76.051666,22.720947],[76.051662,22.721071],[76.051681,22.721185],[76.051733,22.721214],[76.051828,22.721219],[76.052161,22.721223],[76.05229,22.721262],[76.052366,22.721333],[76.052499,22.721552],[76.052618,22.721952],[76.052832,22.722903],[76.052856,22.723108],[76.052851,22.723298],[76.052809,22.72346],[76.052699,22.723584],[76.052642,22.723622],[76.052542,22.723646],[76.052423,22.723679],[76.052314,22.72375],[76.052276,22.723893],[76.052304,22.724065],[76.052414,22.724207],[76.052633,22.724388],[76.052756,22.724579],[76.052813,22.724697],[76.052813,22.724907],[76.052766,22.725154],[76.052713,22.72524],[76.052618,22.725435],[76.052452,22.725635],[76.052371,22.725787],[76.052357,22.72594],[76.052323,22.726063],[76.052328,22.726149],[76.052395,22.72622],[76.052547,22.726254],[76.052699,22.726316],[76.052813,22.726439],[76.052856,22.726582],[76.052909,22.72672],[76.052985,22.726839],[76.053099,22.727006],[76.053189,22.727086],[76.053337,22.727167],[76.053508,22.727196],[76.053665,22.72721],[76.05376,22.727272],[76.053827,22.727334],[76.053889,22.727462],[76.053936,22.727558],[76.053984,22.727681],[76.054036,22.727829],[76.05403,22.727886],[76.054023,22.728229],[76.054123,22.728843],[76.053488,22.72905],[76.053131,22.729157],[76.052538,22.729264],[76.052438,22.729286],[76.052367,22.729371],[76.052167,22.7295],[76.05191,22.729614],[76.05136,22.729807],[76.050025,22.730285],[76.04924,22.730578],[76.04889,22.730678],[76.047277,22.730956],[76.046156,22.731199],[76.045571,22.731291],[76.044986,22.73142],[76.044643,22.73157],[76.044372,22.731713],[76.043936,22.731891],[76.04268,22.732348],[76.041859,22.732633],[76.04111,22.732883],[76.040467,22.733169],[76.039782,22.73354],[76.038711,22.734068],[76.038509,22.734242],[76.038429,22.734219],[76.038279,22.734226],[76.038157,22.734276],[76.037957,22.734333],[76.037815,22.734333],[76.037436,22.733826],[76.037001,22.733284],[76.036815,22.732955],[76.036665,22.732748],[76.036423,22.732741],[76.036216,22.732648],[76.03593,22.732177],[76.035316,22.731314],[76.034609,22.730229],[76.034338,22.729893],[76.033996,22.72935],[76.033546,22.728672],[76.033118,22.72793],[76.032718,22.727059],[76.032033,22.725817],[76.031019,22.72428],[76.030495,22.724299],[76.029962,22.724318],[76.029306,22.724423],[76.02902,22.724461],[76.027973,22.724661],[76.027229,22.724761],[76.027223,22.725011],[76.027294,22.725207],[76.027353,22.725606],[76.027383,22.725862],[76.026776,22.725933],[76.026461,22.725939],[76.026051,22.725909],[76.0257,22.725921],[76.025248,22.726022],[76.024819,22.726123],[76.023981,22.726302],[76.023308,22.726504],[76.022773,22.726647],[76.02197,22.726897],[76.02153,22.727057],[76.021298,22.727206],[76.021084,22.727301],[76.020489,22.727444],[76.019876,22.727694],[76.019394,22.72792],[76.01915,22.728069],[76.019025,22.728217],[76.018906,22.728402],[76.018758,22.728592],[76.018472,22.728895],[76.018335,22.728991],[76.018329,22.729074],[76.018359,22.729217],[76.018377,22.729312],[76.018365,22.729377],[76.018377,22.72946],[76.018419,22.729585],[76.018419,22.729716],[76.018401,22.7298],[76.018371,22.729948],[76.018347,22.730133],[76.018312,22.730222],[76.018252,22.730305],[76.018187,22.730365],[76.018139,22.730418],[76.018026,22.730484],[76.017621,22.730561],[76.017104,22.730692],[76.016705,22.730763],[76.016319,22.730841],[76.015926,22.73096],[76.015742,22.731013],[76.015711,22.730807],[76.015711,22.730521],[76.015711,22.730355],[76.015747,22.730117],[76.015687,22.729772],[76.015687,22.729498],[76.015699,22.729284],[76.015699,22.728998],[76.015628,22.728737],[76.015521,22.728522],[76.015509,22.728225],[76.015461,22.727916],[76.013796,22.728225],[76.011119,22.728891],[76.010238,22.729296],[76.009536,22.729474],[76.008561,22.729617],[76.007383,22.729807],[76.005991,22.729962],[76.005372,22.730045],[76.004587,22.7302],[76.003683,22.730462],[76.002981,22.730545],[76.002505,22.730569],[76.002005,22.730557],[76.001054,22.730414],[76.000071,22.730259],[76.000171,22.730436],[76.000278,22.730638],[76.000373,22.730781],[76.000409,22.730983],[76.000397,22.731161],[76.000278,22.731292],[75.999885,22.731447],[75.999493,22.731518],[75.999029,22.731447],[75.998362,22.731328],[75.996221,22.731149],[75.995995,22.731149],[75.994448,22.731197],[75.993603,22.731233],[75.993473,22.731233],[75.993401,22.731018],[75.992081,22.731018],[75.991207,22.731042],[75.9913,22.73134],[75.990934,22.731397],[75.990678,22.731433],[75.990333,22.731456],[75.989821,22.731456],[75.989423,22.731456],[75.989167,22.731456],[75.988887,22.731504],[75.988679,22.731522],[75.988322,22.731552],[75.988126,22.731605],[75.988025,22.731682],[75.987781,22.731718],[75.987394,22.731819],[75.987025,22.731897],[75.987014,22.732021],[75.987031,22.732224],[75.987014,22.732384],[75.987014,22.732551],[75.987043,22.732688],[75.987073,22.73289],[75.987073,22.733045],[75.987055,22.733205],[75.987025,22.733342],[75.98699,22.733485],[75.986942,22.733634],[75.986918,22.7338],[75.986871,22.733931],[75.986776,22.734044],[75.986639,22.734115],[75.986508,22.734145],[75.986187,22.734193],[75.985419,22.734222],[75.984682,22.734246],[75.984503,22.734258],[75.984026,22.734263],[75.983541,22.734242],[75.982913,22.734292],[75.982577,22.734313],[75.982556,22.734486],[75.982575,22.734571],[75.982599,22.73469],[75.982627,22.734885],[75.982627,22.735095],[75.982661,22.735461],[75.98267,22.735609],[75.982661,22.735666],[75.982637,22.735704],[75.982561,22.735766],[75.982456,22.735818],[75.982318,22.735899],[75.982247,22.735966],[75.982199,22.736009],[75.982175,22.73607],[75.982142,22.736199],[75.982099,22.736342],[75.982023,22.73657],[75.981904,22.736822],[75.981804,22.737022],[75.981771,22.737136],[75.981771,22.737193],[75.981785,22.737327],[75.981795,22.737422],[75.981823,22.737555],[75.981838,22.737679],[75.981838,22.737817],[75.981838,22.73796],[75.981823,22.738069],[75.981814,22.738179],[75.98179,22.738279],[75.98179,22.738393],[75.981785,22.738593],[75.981785,22.738845],[75.981809,22.738997],[75.981842,22.739149],[75.981842,22.739207],[75.981828,22.739283],[75.981804,22.739387],[75.98178,22.739478],[75.98178,22.739587],[75.98178,22.739668],[75.98199,22.739701],[75.982018,22.739744],[75.982018,22.739901],[75.982028,22.740125],[75.98208,22.740411],[75.982133,22.740748],[75.98219,22.741105],[75.982223,22.741681],[75.982275,22.742305],[75.982332,22.742838],[75.982361,22.743385],[75.982366,22.743856],[75.982402,22.744135],[75.982348,22.74412],[75.982289,22.744073],[75.98222,22.744025],[75.98211,22.743986],[75.982006,22.743969],[75.981902,22.743957],[75.981801,22.743966],[75.981661,22.743998],[75.981542,22.744001],[75.981403,22.743981],[75.981313,22.743969],[75.981197,22.744025],[75.980781,22.74421],[75.980498,22.74434],[75.980159,22.744543],[75.980085,22.744528],[75.979972,22.744486],[75.979609,22.744346],[75.979594,22.7444],[75.979579,22.744519],[75.979573,22.744614],[75.979555,22.744697],[75.979538,22.744739],[75.979466,22.74479],[75.979315,22.744873],[75.979145,22.744938],[75.979026,22.744992],[75.978904,22.745039],[75.978857,22.745066],[75.978818,22.745105],[75.978788,22.745161],[75.978749,22.745248],[75.978723,22.745346],[75.978696,22.745381],[75.978654,22.745414],[75.978583,22.745444],[75.978366,22.745515],[75.97792,22.745646],[75.977613,22.745724],[75.977346,22.745777],[75.977241,22.745792],[75.977164,22.74578],[75.977134,22.745765],[75.97706,22.745721],[75.976995,22.745679],[75.976935,22.745655],[75.976846,22.74564],[75.97678,22.74564],[75.976691,22.745649],[75.976542,22.745667],[75.976325,22.745697],[75.976073,22.745738],[75.97587,22.745765],[75.975787,22.745753],[75.975745,22.745539],[75.975677,22.745554],[75.975499,22.745572],[75.975362,22.745596],[75.975311,22.745599],[75.975192,22.745622],[75.975142,22.745634],[75.975082,22.745634],[75.975035,22.745628],[75.975008,22.745619],[75.97496,22.74561],[75.974907,22.745625],[75.974853,22.745643],[75.97482,22.745667],[75.974782,22.745694],[75.974743,22.745732],[75.974719,22.745759],[75.97471,22.745801],[75.97471,22.745863],[75.974716,22.746],[75.974681,22.746244],[75.974478,22.747374],[75.974502,22.747862],[75.974484,22.748148],[75.9733,22.748368],[75.973372,22.749093],[75.973431,22.749403],[75.973443,22.749902],[75.972729,22.749902],[75.972557,22.749879],[75.972497,22.749843],[75.9722,22.749843],[75.971326,22.749778],[75.970332,22.749647],[75.969481,22.749593],[75.968696,22.749516],[75.967982,22.749432],[75.967667,22.749373],[75.966703,22.749242],[75.966251,22.749183],[75.965555,22.749064],[75.964764,22.748945],[75.964764,22.748855],[75.964627,22.748766],[75.964302,22.748692],[75.964264,22.748683],[75.961814,22.748249],[75.960957,22.748052],[75.960862,22.748011],[75.960576,22.747963],[75.960255,22.747916],[75.959827,22.747892],[75.959369,22.747904],[75.95894,22.747922],[75.958578,22.747957],[75.957864,22.748041],[75.957132,22.748112],[75.95621,22.748195],[75.955901,22.748237],[75.955811,22.748278],[75.955728,22.748338],[75.955657,22.748481],[75.95555,22.748606],[75.955359,22.748736],[75.954967,22.748915],[75.954598,22.749052],[75.954277,22.749123],[75.953896,22.7492],[75.953539,22.749224],[75.953224,22.749242],[75.952754,22.749278],[75.952266,22.749302],[75.952129,22.749272],[75.951933,22.749278],[75.9516,22.749319],[75.951302,22.749343],[75.951106,22.749385],[75.951106,22.749462],[75.951118,22.749587],[75.9511,22.749635],[75.951011,22.749647],[75.950594,22.749676],[75.950208,22.749688],[75.949994,22.749742],[75.94997,22.749801],[75.949964,22.749891],[75.949887,22.74995],[75.949357,22.750063],[75.948953,22.750158],[75.948733,22.750283],[75.948447,22.750349],[75.947852,22.750372],[75.947031,22.750432],[75.946591,22.750456],[75.946413,22.750539],[75.946307,22.750618],[75.946309,22.750794],[75.946279,22.750984],[75.946196,22.751597],[75.946172,22.751802],[75.946133,22.752123],[75.946059,22.752629],[75.946038,22.752805],[75.946047,22.752986],[75.946041,22.753156],[75.946077,22.753569],[75.946145,22.754045],[75.946169,22.754277],[75.946169,22.754449],[75.946142,22.754574],[75.946104,22.754768],[75.946095,22.754851],[75.94611,22.754899],[75.946166,22.754976],[75.946202,22.75508],[75.94627,22.755363],[75.946309,22.755657],[75.946362,22.756035],[75.946431,22.756493],[75.946466,22.756772],[75.946437,22.756879],[75.94644,22.756978],[75.946466,22.757079],[75.946493,22.757144],[75.946514,22.75723],[75.94655,22.757415],[75.946627,22.75776],[75.946695,22.758045],[75.946785,22.75842],[75.946853,22.758551],[75.946936,22.75881],[75.946994,22.759005],[75.947056,22.759243],[75.947108,22.759491],[75.947194,22.759862],[75.947242,22.760071],[75.947284,22.760362],[75.947327,22.76069],[75.947356,22.760895],[75.94738,22.761233],[75.94738,22.761613],[75.947389,22.761918],[75.947403,22.762262],[75.947427,22.76278],[75.947456,22.763323],[75.947475,22.763666],[75.947489,22.763785],[75.947527,22.76388],[75.947556,22.763984],[75.947613,22.764346],[75.947675,22.764784],[75.947717,22.765231],[75.947817,22.76605],[75.947989,22.767273],[75.948046,22.767868],[75.94806,22.768087],[75.948122,22.768953],[75.948227,22.769947],[75.94827,22.770628],[75.948217,22.770721],[75.948239,22.770735],[75.948311,22.770967],[75.948364,22.771139],[75.948447,22.771556],[75.948471,22.771698],[75.948477,22.771859],[75.948477,22.772002],[75.948501,22.772073],[75.948572,22.772186],[75.94862,22.772299],[75.948679,22.772406],[75.948703,22.772519],[75.948679,22.77262],[75.948644,22.772739],[75.948602,22.772876],[75.948608,22.772989],[75.948679,22.773269],[75.948733,22.773459],[75.948899,22.773483],[75.949358,22.773554],[75.949917,22.773614],[75.950583,22.773673],[75.951445,22.773798],[75.951645,22.773846],[75.951888,22.773898],[75.952511,22.773989],[75.952778,22.774012],[75.952973,22.77406],[75.953102,22.774136],[75.953155,22.774154],[75.953149,22.77419],[75.953149,22.774369],[75.953106,22.77459],[75.953042,22.774876],[75.952964,22.775168],[75.952878,22.775425],[75.952785,22.775704],[75.952721,22.776003],[75.952621,22.776389],[75.952607,22.776482],[75.952642,22.776632],[75.952592,22.777217],[75.952542,22.777595],[75.952521,22.777981],[75.952514,22.778259],[75.9525,22.77873],[75.952471,22.779087],[75.952464,22.77938],[75.952371,22.779887],[75.952293,22.780329],[75.952221,22.780708],[75.952178,22.781029],[75.9521,22.7813],[75.952064,22.7816],[75.95205,22.781835],[75.951993,22.781964],[75.951907,22.782],[75.951743,22.782035],[75.951493,22.782078],[75.951029,22.782164],[75.950501,22.782264],[75.950058,22.782435],[75.94988,22.782549],[75.949701,22.782678],[75.949559,22.782778],[75.94943,22.782871],[75.949316,22.783042],[75.94913,22.783406],[75.949045,22.783627],[75.948995,22.783941],[75.948945,22.784184],[75.948838,22.784491],[75.948731,22.784712],[75.948481,22.785319],[75.948295,22.78574],[75.948145,22.785947],[75.947995,22.786083],[75.947986,22.786096],[75.947952,22.786147],[75.947888,22.786361],[75.947795,22.786682],[75.94766,22.787196],[75.947567,22.787668],[75.947403,22.788438],[75.947153,22.789495],[75.946946,22.790573],[75.946775,22.791501],[75.94661,22.792493],[75.946539,22.793],[75.946539,22.7933],[75.946418,22.793999],[75.946303,22.79437],[75.946089,22.79517],[75.945954,22.795427],[75.94579,22.795598],[75.945704,22.795862],[75.945618,22.796205],[75.945475,22.796947],[75.945397,22.797447],[75.945326,22.79794],[75.945218,22.79891],[75.945154,22.799403],[75.94509,22.799881],[75.944997,22.800495],[75.94489,22.800995],[75.944747,22.801523],[75.944619,22.801859],[75.944462,22.802401],[75.944305,22.802922],[75.944119,22.803579],[75.943991,22.80395],[75.943876,22.804243],[75.943776,22.8044],[75.943641,22.804521],[75.943573,22.804537],[75.943584,22.804542],[75.943631,22.804685],[75.943661,22.805357],[75.943923,22.805405],[75.944755,22.8055],[75.945112,22.805553],[75.945481,22.805648],[75.946005,22.805732],[75.946487,22.805779],[75.946885,22.805779],[75.94748,22.805857],[75.947879,22.805946],[75.94933,22.806041],[75.949729,22.806071],[75.950323,22.806083],[75.950764,22.806071],[75.951573,22.806059],[75.952269,22.806023],[75.952917,22.805993],[75.95394,22.80591],[75.955112,22.805779],[75.956177,22.805642],[75.957004,22.8055],[75.957212,22.80541],[75.957384,22.805351],[75.957563,22.805315],[75.957825,22.80525],[75.958199,22.80519],[75.95864,22.805119],[75.95911,22.805089],[75.959591,22.80506],[75.960139,22.805006],[75.960781,22.804964],[75.961352,22.804929],[75.962024,22.804869],[75.962411,22.804875],[75.962845,22.804839],[75.963601,22.804792],[75.964386,22.804732],[75.965237,22.804619],[75.965292,22.804618],[75.965498,22.804613],[75.96601,22.804613],[75.966409,22.805845],[75.966795,22.806802],[75.967265,22.807885],[75.967318,22.807986],[75.967343,22.808106],[75.967436,22.808438],[75.967456,22.808514],[75.967502,22.808593],[75.967587,22.808685],[75.967732,22.808841],[75.967816,22.808959],[75.967904,22.809072],[75.967929,22.809097],[75.967969,22.809246],[75.967992,22.809354],[75.968058,22.809572],[75.968099,22.809758],[75.968159,22.809907],[75.968225,22.810064],[75.968254,22.810147],[75.968361,22.810477],[75.968377,22.810505],[75.968422,22.810758],[75.968433,22.810816],[75.968439,22.810863],[75.968467,22.811086],[75.968957,22.812257],[75.969153,22.812774],[75.96926,22.813012],[75.969344,22.813185],[75.969345,22.813186],[75.969474,22.813345],[75.969576,22.813458],[75.969653,22.813542],[75.969802,22.813744],[75.969956,22.81397],[75.970052,22.81413],[75.970147,22.814226],[75.970391,22.81438],[75.970605,22.814505],[75.970759,22.814594],[75.971009,22.814755],[75.971289,22.81491],[75.971568,22.815029],[75.972074,22.815273],[75.97258,22.815511],[75.972822,22.815613],[75.973117,22.815765],[75.973294,22.815865],[75.973403,22.816027],[75.973474,22.816298],[75.973495,22.816446],[75.973607,22.816901],[75.973784,22.817612],[75.973863,22.817831],[75.973919,22.817987],[75.974246,22.818668],[75.974431,22.818749],[75.974564,22.818782],[75.974583,22.818839],[75.974574,22.818954],[75.974526,22.819077],[75.974471,22.819163],[75.974855,22.819937],[75.974866,22.819934],[75.975033,22.820027],[75.976078,22.819941]]]}},{"type":"Feature","properties":{"OBJECTID":4167,"state_lgd":"23","state_name":"MADHYA PRADESH","district_lgd":"439","district_name":"INDORE","district_name_source":"district_table","subdistrict_lgd":"6935","subdistrict_name":"KHUDAIL","subdistrict_type":"","name_corrupted":false,"remarks":""},"geometry":{"type":"MultiPolygon","coordinates":[[[[76.232392,22.655725],[76.232381,22.655404],[76.232358,22.655085],[76.232348,22.654769],[76.232342,22.654461],[76.232323,22.654144],[76.232307,22.653833],[76.232286,22.653513],[76.232273,22.653196],[76.232262,22.652887],[76.232254,22.652571],[76.232236,22.652255],[76.232216,22.651937],[76.232195,22.651618],[76.232192,22.651305],[76.232174,22.650995],[76.232154,22.650683],[76.232154,22.650648],[76.23241,22.650615],[76.232686,22.650601],[76.233389,22.650561],[76.233687,22.650561],[76.233836,22.65055],[76.234176,22.650512],[76.234538,22.650488],[76.23491,22.650468],[76.235281,22.650453],[76.235649,22.650418],[76.236014,22.650392],[76.236384,22.650374],[76.236751,22.650355],[76.237115,22.650339],[76.237693,22.650299],[76.238321,22.65026],[76.23864,22.650224],[76.239071,22.650203],[76.239721,22.650174],[76.239955,22.650158],[76.240033,22.65014],[76.240397,22.65011],[76.240893,22.650078],[76.241072,22.650072],[76.241344,22.650057],[76.241704,22.650042],[76.242243,22.649997],[76.2424,22.649979],[76.24274,22.649965],[76.243218,22.64992],[76.243696,22.64989],[76.244166,22.649878],[76.244634,22.649853],[76.244932,22.64984],[76.246623,22.649783],[76.246637,22.649787],[76.2496,22.649672],[76.249733,22.651217],[76.250918,22.651003],[76.251221,22.650958],[76.25147,22.650928],[76.252028,22.650857],[76.252169,22.650827],[76.252569,22.650718],[76.252601,22.650709],[76.253055,22.650581],[76.255135,22.649849],[76.255058,22.649535],[76.255018,22.649335],[76.254981,22.649101],[76.25493,22.648819],[76.254847,22.648348],[76.254829,22.648217],[76.254792,22.648023],[76.254674,22.647469],[76.254558,22.647049],[76.254501,22.646769],[76.254497,22.646709],[76.254592,22.646494],[76.254753,22.646101],[76.254927,22.645626],[76.255012,22.645413],[76.255098,22.645124],[76.255137,22.645022],[76.255238,22.644757],[76.255308,22.644598],[76.255334,22.644563],[76.255023,22.644281],[76.25483,22.644335],[76.254583,22.644405],[76.254375,22.644464],[76.253836,22.644594],[76.253626,22.644648],[76.253078,22.644792],[76.252919,22.644818],[76.252772,22.644846],[76.252683,22.644851],[76.252326,22.644878],[76.252161,22.644883],[76.251953,22.644892],[76.251793,22.644877],[76.251535,22.644836],[76.251273,22.644781],[76.250774,22.644708],[76.250559,22.64467],[76.250331,22.644623],[76.250019,22.644489],[76.249821,22.644423],[76.249275,22.644242],[76.249045,22.644159],[76.24901,22.644147],[76.248615,22.644024],[76.248471,22.643974],[76.248457,22.643948],[76.248289,22.644055],[76.247542,22.644533],[76.247426,22.644393],[76.247117,22.644205],[76.247082,22.644183],[76.247041,22.644149],[76.247015,22.644133],[76.246972,22.644096],[76.246893,22.644031],[76.246889,22.644025],[76.246409,22.643601],[76.244779,22.642392],[76.244377,22.642183],[76.244013,22.64193],[76.243813,22.641815],[76.242163,22.640859],[76.241383,22.640264],[76.240531,22.639479],[76.239965,22.638894],[76.239451,22.638309],[76.239107,22.637839],[76.238399,22.637081],[76.237438,22.636234],[76.236962,22.635496],[76.236876,22.635153],[76.2367,22.634687],[76.236462,22.633921],[76.236029,22.632883],[76.235796,22.631998],[76.235506,22.630618],[76.23551,22.629738],[76.235506,22.628462],[76.235382,22.626687],[76.235125,22.625493],[76.235482,22.623808],[76.23532,22.62338],[76.235168,22.622975],[76.233954,22.621062],[76.233802,22.620923],[76.233689,22.62082],[76.233102,22.620025],[76.232979,22.619872],[76.232113,22.618547],[76.231991,22.618359],[76.231662,22.617864],[76.231353,22.617568],[76.2311,22.617404],[76.230636,22.617235],[76.230318,22.617163],[76.228951,22.616987],[76.225203,22.616946],[76.224515,22.616966],[76.223608,22.616924],[76.222407,22.616794],[76.220651,22.616532],[76.219569,22.616245],[76.219501,22.616218],[76.218052,22.615878],[76.217698,22.615815],[76.217279,22.615783],[76.21666,22.615782],[76.216221,22.615859],[76.215384,22.616078],[76.21483,22.616368],[76.2145,22.616602],[76.214447,22.616675],[76.214102,22.617092],[76.213893,22.617558],[76.21383,22.618059],[76.213817,22.618448],[76.213852,22.620363],[76.213808,22.620928],[76.213659,22.621493],[76.213448,22.621862],[76.213139,22.622315],[76.212746,22.62279],[76.212308,22.623136],[76.211892,22.62326],[76.202805,22.624586],[76.200492,22.624938],[76.200562,22.625079],[76.200578,22.625077],[76.200594,22.625106],[76.204225,22.631712],[76.208127,22.63553],[76.210915,22.638258],[76.212484,22.639793],[76.215199,22.641996],[76.216966,22.643428],[76.218708,22.64484],[76.219664,22.645616],[76.225748,22.649578],[76.228057,22.651005],[76.228266,22.651201],[76.228155,22.651321],[76.228097,22.651301],[76.228013,22.651356],[76.22776,22.651524],[76.227831,22.65187],[76.228117,22.652146],[76.228447,22.652464],[76.228756,22.652871],[76.229234,22.653182],[76.229577,22.653589],[76.229885,22.653902],[76.229957,22.654311],[76.229993,22.654625],[76.229792,22.654879],[76.229685,22.655026],[76.229423,22.655386],[76.229358,22.655701],[76.229427,22.655827],[76.22997,22.655823],[76.230209,22.65601],[76.230357,22.656069],[76.230516,22.656133],[76.230721,22.656258],[76.230722,22.656447],[76.230792,22.656635],[76.230793,22.656726],[76.230795,22.65695],[76.230966,22.657169],[76.231103,22.657326],[76.231202,22.657337],[76.231613,22.657385],[76.231955,22.657697],[76.231958,22.658012],[76.231761,22.658172],[76.231722,22.658203],[76.231588,22.658362],[76.231726,22.658613],[76.231932,22.658895],[76.2318,22.659274],[76.231858,22.659503],[76.232147,22.659766],[76.232615,22.660194],[76.232615,22.660184],[76.232583,22.659901],[76.232584,22.659855],[76.232569,22.659545],[76.232554,22.659224],[76.232536,22.658901],[76.232523,22.658579],[76.232501,22.658258],[76.232488,22.657941],[76.232466,22.657625],[76.232451,22.657309],[76.232444,22.656992],[76.232419,22.656679],[76.232405,22.656369],[76.232396,22.656054],[76.232392,22.655725]]],[[[76.083504,22.752042],[76.083539,22.752048],[76.083806,22.752097],[76.084199,22.75223],[76.08477,22.752423],[76.085149,22.752508],[76.08532,22.752508],[76.08547,22.752473],[76.085606,22.752373],[76.085791,22.752173],[76.085846,22.752048],[76.08587,22.751995],[76.085963,22.75183],[76.086048,22.751688],[76.086284,22.751466],[76.086398,22.751323],[76.086477,22.751231],[76.08654,22.751062],[76.086565,22.751001],[76.086569,22.75093],[76.086558,22.75084],[76.08654,22.750772],[76.086501,22.750726],[76.086422,22.750673],[76.086308,22.750665],[76.086183,22.750658],[76.085955,22.750683],[76.08573,22.750676],[76.085616,22.75063],[76.085562,22.750583],[76.085516,22.750523],[76.08548,22.750462],[76.085451,22.75038],[76.085409,22.750298],[76.085355,22.75023],[76.085309,22.750169],[76.085262,22.750094],[76.085191,22.749994],[76.085148,22.749916],[76.085123,22.749834],[76.085109,22.749734],[76.085116,22.749652],[76.085127,22.749584],[76.085127,22.749502],[76.085117,22.749387],[76.0851,22.749382],[76.085078,22.749365],[76.084979,22.74929],[76.084907,22.749095],[76.084873,22.748963],[76.084823,22.748713],[76.084676,22.748326],[76.084577,22.748113],[76.084438,22.747899],[76.084221,22.747592],[76.084205,22.74755],[76.084169,22.747343],[76.084148,22.7471],[76.084184,22.746858],[76.084248,22.746658],[76.084363,22.746457],[76.084507,22.746336],[76.084598,22.746301],[76.084812,22.746272],[76.085126,22.746244],[76.085269,22.746244],[76.085461,22.746287],[76.085626,22.746379],[76.08574,22.746494],[76.08579,22.746565],[76.085847,22.746701],[76.085861,22.746836],[76.085861,22.746958],[76.085851,22.747017],[76.085786,22.747182],[76.085683,22.747315],[76.085519,22.747464],[76.085454,22.747607],[76.085419,22.747779],[76.085354,22.747971],[76.085319,22.748178],[76.085319,22.748293],[76.085333,22.748378],[76.085369,22.748435],[76.085447,22.748514],[76.085583,22.748557],[76.085868,22.748514],[76.08609,22.748428],[76.08629,22.748285],[76.086489,22.748114],[76.086658,22.747941],[76.086858,22.747735],[76.08719,22.74746],[76.08732,22.747391],[76.087507,22.747351],[76.087697,22.74735],[76.088095,22.74735],[76.088335,22.74728],[76.088642,22.747245],[76.088999,22.7471],[76.089099,22.747018],[76.08916,22.74695],[76.089188,22.746864],[76.089163,22.746724],[76.089073,22.746617],[76.088904,22.746548],[76.0884,22.746446],[76.088248,22.746429],[76.088203,22.746372],[76.088203,22.74635],[76.088239,22.74629],[76.088327,22.746213],[76.088441,22.746179],[76.088761,22.746075],[76.088966,22.745965],[76.089132,22.745925],[76.089492,22.745676],[76.089756,22.745433],[76.089813,22.745326],[76.089781,22.745265],[76.08972,22.74518],[76.08959,22.745063],[76.089463,22.744951],[76.08939,22.744856],[76.089335,22.744712],[76.08932,22.744608],[76.08936,22.744533],[76.089441,22.74445],[76.089556,22.744384],[76.089658,22.744298],[76.089738,22.744012],[76.089767,22.743898],[76.089774,22.743813],[76.089727,22.743652],[76.089688,22.743509],[76.089642,22.743356],[76.08962,22.743213],[76.089585,22.743059],[76.089545,22.742949],[76.089499,22.742788],[76.089449,22.742667],[76.089392,22.742574],[76.089288,22.74241],[76.089263,22.742321],[76.089228,22.742156],[76.089246,22.742114],[76.089299,22.742042],[76.089335,22.741967],[76.089345,22.741951],[76.089385,22.741885],[76.089584,22.741623],[76.089679,22.741522],[76.08978,22.741367],[76.089834,22.741242],[76.089893,22.741028],[76.0899,22.740964],[76.089927,22.740722],[76.089875,22.740496],[76.089667,22.740165],[76.089563,22.740076],[76.089417,22.740015],[76.089192,22.739961],[76.089014,22.739894],[76.088853,22.739815],[76.08851,22.739419],[76.08836,22.73928],[76.088146,22.739151],[76.087993,22.739069],[76.087754,22.738948],[76.087622,22.738894],[76.087547,22.738869],[76.087518,22.73883],[76.087489,22.738748],[76.087504,22.738548],[76.087549,22.738232],[76.087597,22.738143],[76.087697,22.738002],[76.087729,22.737816],[76.087736,22.73772],[76.087679,22.737502],[76.087597,22.737245],[76.087311,22.736613],[76.087225,22.736346],[76.087179,22.736096],[76.087143,22.735875],[76.087147,22.735682],[76.0872,22.735468],[76.087268,22.735339],[76.08734,22.735207],[76.087372,22.735072],[76.087407,22.73494],[76.087415,22.734811],[76.087432,22.734665],[76.087437,22.734551],[76.087443,22.734383],[76.087443,22.734109],[76.087766,22.734068],[76.087996,22.734045],[76.088315,22.734111],[76.088505,22.734168],[76.088578,22.734172],[76.088664,22.734122],[76.088837,22.733925],[76.088891,22.733669],[76.089074,22.732925],[76.089161,22.732503],[76.08923,22.732325],[76.089338,22.732195],[76.089479,22.732013],[76.089612,22.731796],[76.089686,22.731588],[76.089683,22.731466],[76.089688,22.73113],[76.08969,22.730995],[76.089662,22.730481],[76.089578,22.730241],[76.089615,22.730238],[76.089796,22.730221],[76.089753,22.730171],[76.089773,22.730052],[76.089795,22.730012],[76.089858,22.729946],[76.089976,22.72984],[76.090102,22.72979],[76.090373,22.729777],[76.090734,22.729772],[76.090974,22.729751],[76.091295,22.72963],[76.091504,22.729504],[76.092063,22.729106],[76.092488,22.7288],[76.09308,22.728435],[76.093354,22.728274],[76.093413,22.728226],[76.09344,22.728184],[76.093462,22.728151],[76.093545,22.728031],[76.093659,22.728049],[76.093804,22.728109],[76.09394,22.728168],[76.094138,22.728239],[76.094283,22.728287],[76.094668,22.728396],[76.094787,22.728404],[76.094987,22.728404],[76.095144,22.728365],[76.095344,22.728301],[76.095539,22.728268],[76.095925,22.728292],[76.096379,22.728339],[76.09643,22.72833],[76.096482,22.728321],[76.096579,22.728284],[76.096693,22.728227],[76.096988,22.728099],[76.097305,22.72796],[76.097526,22.72789],[76.097678,22.72784],[76.097752,22.727783],[76.097816,22.72773],[76.097886,22.727614],[76.097914,22.727567],[76.098001,22.727394],[76.09809,22.727227],[76.09818,22.727073],[76.098334,22.726876],[76.098566,22.726674],[76.09884,22.726513],[76.099102,22.726388],[76.099352,22.726269],[76.099286,22.725865],[76.099203,22.725466],[76.099155,22.725169],[76.099167,22.725014],[76.099126,22.724877],[76.099096,22.724788],[76.099024,22.724675],[76.098911,22.723789],[76.098858,22.723569],[76.09881,22.72342],[76.098786,22.723396],[76.098727,22.723378],[76.098602,22.723372],[76.098435,22.723426],[76.098311,22.723408],[76.098215,22.723361],[76.098108,22.723289],[76.098025,22.723123],[76.097894,22.72273],[76.097704,22.722034],[76.097567,22.721624],[76.097484,22.721445],[76.097472,22.721368],[76.097454,22.721273],[76.097478,22.721213],[76.097573,22.721112],[76.097638,22.721011],[76.097632,22.720933],[76.097555,22.720826],[76.097442,22.720666],[76.097281,22.720547],[76.097139,22.720511],[76.096942,22.720493],[76.096823,22.720434],[76.096675,22.720339],[76.09655,22.72022],[76.096455,22.720059],[76.096377,22.71991],[76.096324,22.719696],[76.09627,22.719512],[76.096223,22.719256],[76.096193,22.719113],[76.096139,22.719],[76.096008,22.718929],[76.095889,22.71884],[76.095776,22.718703],[76.095562,22.718673],[76.095342,22.718744],[76.095176,22.718834],[76.095003,22.718911],[76.094902,22.718959],[76.094819,22.718947],[76.094801,22.718863],[76.094831,22.718798],[76.09486,22.718709],[76.094837,22.718643],[76.094777,22.718572],[76.094753,22.718483],[76.094753,22.718358],[76.094848,22.718268],[76.094866,22.718185],[76.094825,22.718114],[76.094848,22.718001],[76.094878,22.717828],[76.094866,22.717727],[76.094866,22.71765],[76.094914,22.717531],[76.095033,22.717454],[76.095193,22.717388],[76.095306,22.717323],[76.095306,22.717186],[76.095289,22.717061],[76.095217,22.71693],[76.095176,22.716787],[76.09517,22.716645],[76.095205,22.716466],[76.095265,22.716407],[76.095295,22.716305],[76.095295,22.716151],[76.095283,22.715954],[76.095312,22.715806],[76.095384,22.715711],[76.095527,22.715687],[76.095711,22.715687],[76.095824,22.71574],[76.095943,22.715931],[76.09605,22.716121],[76.096133,22.716317],[76.096223,22.716472],[76.096282,22.716621],[76.096312,22.716781],[76.096306,22.716906],[76.096276,22.717025],[76.096223,22.717198],[76.096223,22.717346],[76.096246,22.717454],[76.096294,22.717525],[76.096395,22.717561],[76.096502,22.717543],[76.096663,22.717477],[76.096788,22.717477],[76.096966,22.717489],[76.097038,22.717543],[76.097073,22.717608],[76.097067,22.717709],[76.097055,22.717822],[76.097079,22.717888],[76.097162,22.717947],[76.097305,22.717995],[76.097389,22.718007],[76.097525,22.718001],[76.097698,22.717965],[76.097858,22.71787],[76.097913,22.717791],[76.097937,22.717715],[76.097847,22.717639],[76.097666,22.717582],[76.097504,22.71752],[76.097347,22.717468],[76.09729,22.717401],[76.097275,22.71732],[76.097299,22.717211],[76.097423,22.717163],[76.097537,22.717149],[76.097666,22.71712],[76.097775,22.71712],[76.097904,22.717178],[76.098018,22.717173],[76.098156,22.71712],[76.098261,22.717068],[76.098303,22.717025],[76.098332,22.716997],[76.098394,22.716921],[76.098465,22.716873],[76.09856,22.716849],[76.09866,22.716849],[76.098746,22.716797],[76.098817,22.71673],[76.098898,22.71673],[76.098974,22.71673],[76.099074,22.716716],[76.099127,22.716678],[76.099174,22.716578],[76.099246,22.716483],[76.099398,22.716345],[76.099488,22.71634],[76.099531,22.716416],[76.099565,22.716526],[76.099598,22.716559],[76.099664,22.716568],[76.099802,22.716592],[76.099993,22.716625],[76.100193,22.716664],[76.100259,22.71673],[76.100355,22.716806],[76.10044,22.716887],[76.10054,22.717011],[76.100583,22.717068],[76.100645,22.717144],[76.10073,22.717206],[76.100807,22.717249],[76.100883,22.717249],[76.100997,22.717225],[76.101106,22.717249],[76.101254,22.717254],[76.101397,22.717225],[76.101559,22.717201],[76.101716,22.717149],[76.101873,22.717063],[76.101954,22.716973],[76.102034,22.716878],[76.102077,22.716811],[76.102101,22.716778],[76.102182,22.716721],[76.102244,22.716635],[76.102234,22.716507],[76.10222,22.716359],[76.102239,22.716273],[76.102315,22.716183],[76.102363,22.716102],[76.102406,22.716002],[76.10241,22.715916],[76.10251,22.715802],[76.102563,22.71575],[76.102658,22.715688],[76.102698,22.715653],[76.102772,22.715588],[76.102824,22.715469],[76.102843,22.715307],[76.102877,22.715098],[76.102805,22.714674],[76.102724,22.714013],[76.102682,22.713637],[76.102682,22.713351],[76.102686,22.713004],[76.102739,22.712728],[76.102772,22.712576],[76.102872,22.712276],[76.102962,22.711924],[76.103039,22.711538],[76.103067,22.711043],[76.103158,22.710039],[76.103253,22.709149],[76.103291,22.708811],[76.103326,22.708678],[76.103338,22.70863],[76.103372,22.708331],[76.103415,22.707783],[76.103481,22.707346],[76.103576,22.706846],[76.103657,22.706437],[76.103719,22.706099],[76.103757,22.705789],[76.103786,22.705513],[76.103805,22.705223],[76.103838,22.704971],[76.103857,22.704781],[76.103871,22.704485],[76.103867,22.704071],[76.103857,22.703657],[76.103848,22.703305],[76.103838,22.702967],[76.103838,22.702668],[76.103838,22.702463],[76.103857,22.702225],[76.103868,22.702126],[76.103871,22.702102],[76.103881,22.702011],[76.104025,22.702047],[76.104072,22.702058],[76.104085,22.702061],[76.104112,22.702068],[76.104171,22.702083],[76.105099,22.702033],[76.105734,22.70204],[76.105875,22.702037],[76.106391,22.702026],[76.10667,22.701997],[76.106805,22.70194],[76.107212,22.701826],[76.10814,22.701704],[76.109025,22.701626],[76.110203,22.701497],[76.111145,22.701419],[76.111973,22.701347],[76.112652,22.701283],[76.112865,22.701276],[76.11392,22.701212],[76.114405,22.701199],[76.114477,22.701133],[76.1145,22.700866],[76.115024,22.700866],[76.115309,22.700824],[76.115892,22.700866],[76.116071,22.70086],[76.116112,22.700776],[76.116142,22.700663],[76.116196,22.700592],[76.116333,22.700509],[76.116553,22.700443],[76.116826,22.700408],[76.116936,22.700378],[76.117112,22.70033],[76.117433,22.700247],[76.117559,22.700218],[76.117796,22.700164],[76.118129,22.70011],[76.11823,22.700063],[76.118331,22.699914],[76.118896,22.699866],[76.120146,22.69989],[76.120175,22.700235],[76.120372,22.701205],[76.120455,22.701764],[76.120532,22.70293],[76.120605,22.703689],[76.120773,22.703677],[76.121082,22.703641],[76.12151,22.7036],[76.121718,22.70357],[76.121998,22.703534],[76.122313,22.703487],[76.122712,22.703463],[76.123218,22.703451],[76.123533,22.703439],[76.123617,22.703425],[76.123671,22.703403],[76.123689,22.70335],[76.12366,22.703293],[76.123624,22.703246],[76.123585,22.703171],[76.123578,22.703104],[76.12361,22.703054],[76.123671,22.703043],[76.123756,22.703071],[76.123824,22.703082],[76.123878,22.703082],[76.123949,22.703075],[76.123999,22.70305],[76.124024,22.703014],[76.124028,22.702971],[76.124053,22.702925],[76.124117,22.702904],[76.124171,22.702929],[76.12422,22.702968],[76.124281,22.703021],[76.124331,22.703057],[76.124413,22.703061],[76.124477,22.703043],[76.124499,22.703025],[76.124506,22.702989],[76.124477,22.702936],[76.124438,22.7029],[76.124431,22.702861],[76.124442,22.702814],[76.12446,22.702764],[76.124442,22.702729],[76.124424,22.702693],[76.124424,22.702618],[76.124424,22.702561],[76.124417,22.702468],[76.124406,22.702418],[76.124445,22.702347],[76.124531,22.702318],[76.124599,22.702322],[76.124635,22.702368],[76.124677,22.70239],[76.124742,22.702393],[76.124809,22.702375],[76.124856,22.702311],[76.12487,22.702225],[76.124888,22.702201],[76.124927,22.702183],[76.125006,22.702165],[76.125095,22.702136],[76.125127,22.702083],[76.125131,22.702036],[76.125134,22.701986],[76.125173,22.701951],[76.125209,22.70194],[76.12527,22.701911],[76.125334,22.701911],[76.125363,22.70194],[76.12538,22.702004],[76.125416,22.702036],[76.125477,22.702065],[76.125513,22.702065],[76.125562,22.702026],[76.125612,22.701965],[76.125702,22.701915],[76.12573,22.701869],[76.125702,22.701772],[76.12562,22.701722],[76.125573,22.701619],[76.125562,22.701533],[76.125609,22.70149],[76.125705,22.701512],[76.125787,22.701554],[76.125866,22.701612],[76.125916,22.701647],[76.125984,22.701694],[76.126084,22.701722],[76.126262,22.701722],[76.126355,22.701722],[76.126401,22.701697],[76.126473,22.701626],[76.126505,22.70154],[76.126505,22.70144],[76.12653,22.70139],[76.126633,22.70133],[76.126744,22.701322],[76.12683,22.701351],[76.126951,22.70134],[76.127133,22.701315],[76.127286,22.70129],[76.127447,22.701226],[76.127932,22.700944],[76.128189,22.700751],[76.128361,22.700552],[76.128621,22.700234],[76.128746,22.700116],[76.128832,22.700027],[76.128968,22.700009],[76.129224,22.69998],[76.129464,22.699923],[76.129653,22.699859],[76.129763,22.699788],[76.129888,22.699723],[76.130074,22.699645],[76.130324,22.699534],[76.130577,22.699431],[76.130809,22.699356],[76.131013,22.699308],[76.131341,22.699241],[76.131565,22.699194],[76.131817,22.69916],[76.132136,22.699127],[76.132436,22.699094],[76.132602,22.69907],[76.132978,22.699018],[76.133397,22.69897],[76.133602,22.698932],[76.134077,22.698827],[76.134396,22.698784],[76.134867,22.698694],[76.13511,22.698627],[76.135277,22.698594],[76.135434,22.698537],[76.135724,22.698389],[76.135895,22.698289],[76.136067,22.69817],[76.136224,22.697975],[76.136638,22.697409],[76.137061,22.69679],[76.137632,22.695953],[76.138051,22.695315],[76.138351,22.694863],[76.138632,22.694468],[76.138893,22.694144],[76.139112,22.693906],[76.139307,22.693745],[76.139541,22.693597],[76.139993,22.69335],[76.140321,22.693174],[76.140645,22.69304],[76.141106,22.692917],[76.141563,22.692764],[76.141758,22.692688],[76.14188,22.692642],[76.14188,22.692732],[76.141937,22.69277],[76.142041,22.692818],[76.142222,22.69288],[76.142627,22.692851],[76.143112,22.692827],[76.143402,22.692841],[76.143759,22.69278],[76.144126,22.692708],[76.144625,22.692651],[76.145101,22.692651],[76.145487,22.692651],[76.145668,22.692627],[76.14592,22.69258],[76.146324,22.692461],[76.146738,22.692356],[76.147295,22.69218],[76.147747,22.691971],[76.148033,22.691837],[76.14839,22.69168],[76.148813,22.691499],[76.149308,22.691304],[76.149775,22.69109],[76.150098,22.690957],[76.15037,22.690871],[76.150684,22.690795],[76.151021,22.690686],[76.151402,22.690629],[76.152183,22.690467],[76.153358,22.690257],[76.153905,22.690162],[76.154515,22.690048],[76.155252,22.689915],[76.155661,22.689853],[76.156194,22.689805],[76.156485,22.689743],[76.156766,22.689686],[76.157099,22.689667],[76.157427,22.689634],[76.157736,22.689634],[76.157922,22.689624],[76.159107,22.689682],[76.160325,22.689629],[76.160859,22.689762],[76.161299,22.689776],[76.161997,22.689775],[76.162523,22.689853],[76.162782,22.689894],[76.164285,22.690105],[76.164647,22.690178],[76.165758,22.690322],[76.166158,22.690371],[76.166882,22.690423],[76.167133,22.690456],[76.167292,22.690466],[76.167408,22.690462],[76.167458,22.69046],[76.167743,22.690465],[76.168338,22.690479],[76.168647,22.690482],[76.168928,22.690494],[76.169175,22.690503],[76.169421,22.690503],[76.169666,22.690513],[76.169899,22.690519],[76.169978,22.690518],[76.170472,22.690516],[76.171212,22.690556],[76.171718,22.690567],[76.172079,22.690576],[76.172251,22.690677],[76.172472,22.691073],[76.172753,22.691522],[76.172906,22.691776],[76.17296,22.69187],[76.173091,22.69226],[76.173177,22.692498],[76.173484,22.693112],[76.173658,22.69326],[76.173889,22.693398],[76.174224,22.693606],[76.174559,22.693809],[76.174901,22.694016],[76.175192,22.69418],[76.175373,22.694297],[76.17581,22.694289],[76.175937,22.694305],[76.176158,22.694424],[76.176771,22.694706],[76.177202,22.694604],[76.177464,22.694546],[76.177666,22.694488],[76.178023,22.694358],[76.178387,22.694221],[76.178691,22.694112],[76.178837,22.694056],[76.179106,22.69424],[76.179216,22.694293],[76.179752,22.694251],[76.180035,22.694281],[76.180215,22.6943],[76.180368,22.694314],[76.180603,22.69435],[76.18071,22.694306],[76.18092,22.694199],[76.181399,22.693952],[76.181854,22.693705],[76.182054,22.693714],[76.182422,22.693728],[76.182786,22.693743],[76.183144,22.693747],[76.183278,22.693749],[76.183506,22.693752],[76.183848,22.693763],[76.183969,22.693767],[76.184276,22.693704],[76.184589,22.693285],[76.184848,22.692916],[76.184991,22.692723],[76.185263,22.692335],[76.185369,22.692216],[76.185555,22.692128],[76.186216,22.6919],[76.18698,22.691634],[76.187868,22.691328],[76.188163,22.691253],[76.18847,22.691187],[76.188775,22.691109],[76.189088,22.691039],[76.189388,22.690964],[76.189691,22.690903],[76.189986,22.690834],[76.190284,22.690768],[76.190582,22.690696],[76.190886,22.690631],[76.191117,22.690572],[76.191219,22.690547],[76.191698,22.690222],[76.192063,22.689964],[76.192406,22.689721],[76.192669,22.689532],[76.192722,22.689487],[76.192991,22.689255],[76.19326,22.689016],[76.193442,22.688812],[76.194127,22.688268],[76.194175,22.688218],[76.19438,22.687982],[76.194515,22.687844],[76.194654,22.687681],[76.195084,22.687246],[76.195343,22.686982],[76.195592,22.686727],[76.195801,22.686515],[76.196168,22.686149],[76.196454,22.685865],[76.197085,22.685234],[76.197653,22.684658],[76.197794,22.684508],[76.19792,22.684197],[76.198137,22.683717],[76.198289,22.683398],[76.19832,22.683298],[76.198381,22.68275],[76.198454,22.682283],[76.198479,22.68215],[76.198518,22.682019],[76.198583,22.68184],[76.198669,22.681588],[76.198795,22.68156],[76.199002,22.681523],[76.199693,22.681403],[76.200391,22.681287],[76.200932,22.681205],[76.200947,22.681011],[76.200946,22.680785],[76.200998,22.680632],[76.201158,22.680232],[76.201345,22.679826],[76.201476,22.679491],[76.201503,22.67942],[76.201667,22.679014],[76.201799,22.678684],[76.201968,22.678266],[76.201988,22.678216],[76.202044,22.678082],[76.202073,22.67805],[76.202525,22.678224],[76.202697,22.67829],[76.20328,22.678508],[76.203391,22.678548],[76.20374,22.678671],[76.203759,22.678679],[76.204275,22.678876],[76.204317,22.678798],[76.204372,22.678656],[76.204567,22.678252],[76.204571,22.678245],[76.204663,22.678041],[76.204733,22.677886],[76.204747,22.677842],[76.204825,22.677636],[76.204909,22.677429],[76.204995,22.677223],[76.205069,22.677018],[76.205145,22.676789],[76.205206,22.676683],[76.204961,22.676486],[76.204646,22.67623],[76.20458,22.676179],[76.204323,22.675976],[76.20401,22.675715],[76.203823,22.675565],[76.203645,22.675453],[76.203219,22.675242],[76.202796,22.675023],[76.202695,22.67497],[76.202375,22.674802],[76.202024,22.674619],[76.201963,22.674574],[76.201728,22.674319],[76.201481,22.674061],[76.201225,22.673812],[76.20097,22.673538],[76.200722,22.67328],[76.200479,22.673021],[76.200239,22.672764],[76.200004,22.672506],[76.199758,22.672246],[76.199513,22.671985],[76.199262,22.671727],[76.199097,22.671535],[76.199027,22.671465],[76.198608,22.671216],[76.198177,22.670963],[76.198013,22.670859],[76.197733,22.670688],[76.197589,22.670615],[76.197456,22.670419],[76.197275,22.670155],[76.1971,22.669893],[76.196926,22.669628],[76.196833,22.669493],[76.196719,22.669372],[76.19647,22.669116],[76.196232,22.66886],[76.195997,22.668604],[76.195862,22.668454],[76.195788,22.668345],[76.195648,22.668082],[76.195505,22.667819],[76.195363,22.667559],[76.195236,22.667302],[76.1951,22.667049],[76.194966,22.666796],[76.194855,22.66661],[76.194801,22.666488],[76.194732,22.666047],[76.194666,22.665782],[76.194622,22.665503],[76.194585,22.665224],[76.194564,22.665042],[76.194587,22.664948],[76.194656,22.664674],[76.194725,22.664398],[76.194796,22.664122],[76.194816,22.664026],[76.19482,22.664008],[76.194842,22.663906],[76.194867,22.663773],[76.1949,22.663629],[76.19534,22.663291],[76.195623,22.663122],[76.195565,22.663118],[76.195017,22.662769],[76.194272,22.662312],[76.193343,22.661733],[76.193144,22.661567],[76.192729,22.661221],[76.192462,22.660992],[76.192412,22.660918],[76.192314,22.660732],[76.19229,22.660687],[76.192047,22.660228],[76.191988,22.660112],[76.191981,22.659951],[76.191974,22.659845],[76.191949,22.659554],[76.191912,22.659265],[76.191875,22.658972],[76.191832,22.658679],[76.191792,22.658384],[76.191756,22.658093],[76.191766,22.657959],[76.191712,22.657429],[76.191669,22.657088],[76.191645,22.656817],[76.191586,22.656252],[76.191497,22.655442],[76.191426,22.654792],[76.191342,22.653974],[76.191242,22.653076],[76.190986,22.650688],[76.190944,22.650389],[76.190921,22.650278],[76.190826,22.650062],[76.190668,22.649708],[76.190426,22.64914],[76.190364,22.64904],[76.190278,22.648926],[76.189962,22.648656],[76.189586,22.648331],[76.189431,22.648155],[76.189137,22.64788],[76.188782,22.647511],[76.188692,22.647509],[76.188566,22.647537],[76.188095,22.647658],[76.187569,22.6478],[76.187259,22.647877],[76.187152,22.64793],[76.18665,22.648123],[76.186188,22.648305],[76.18566,22.648539],[76.185199,22.648754],[76.184737,22.648929],[76.184258,22.649093],[76.183791,22.649255],[76.183319,22.649404],[76.182857,22.649559],[76.182394,22.649717],[76.18189,22.649853],[76.181661,22.649922],[76.181504,22.649979],[76.181399,22.650015],[76.180852,22.650221],[76.180631,22.650311],[76.180522,22.650346],[76.180379,22.650385],[76.180321,22.650404],[76.180129,22.650477],[76.179899,22.650408],[76.179141,22.650199],[76.17907,22.650181],[76.178695,22.650083],[76.178384,22.650009],[76.178322,22.649994],[76.178145,22.649907],[76.177495,22.649593],[76.177349,22.649487],[76.177138,22.649291],[76.176606,22.648814],[76.17584,22.648123],[76.175753,22.648055],[76.1757,22.647969],[76.17559,22.647639],[76.175522,22.6475],[76.175431,22.64741],[76.175181,22.647151],[76.174907,22.646866],[76.174218,22.646183],[76.17405,22.646008],[76.173994,22.645945],[76.173959,22.645941],[76.173937,22.645963],[76.173895,22.646045],[76.173833,22.646143],[76.173718,22.646346],[76.173604,22.646538],[76.173576,22.646552],[76.173518,22.646578],[76.173361,22.646639],[76.172862,22.646854],[76.172643,22.646956],[76.17201,22.64723],[76.171398,22.647508],[76.170808,22.647766],[76.170543,22.647879],[76.170405,22.647944],[76.170274,22.64801],[76.17007,22.648124],[76.170057,22.648165],[76.170008,22.648319],[76.169965,22.648444],[76.169472,22.648307],[76.169237,22.648231],[76.169122,22.648204],[76.168872,22.648129],[76.168739,22.648094],[76.168555,22.64804],[76.168363,22.647982],[76.168165,22.647926],[76.167969,22.647864],[76.167772,22.647815],[76.167575,22.647758],[76.167457,22.647765],[76.16729,22.647744],[76.16671,22.647577],[76.166205,22.647435],[76.165799,22.647321],[76.165273,22.647171],[76.164899,22.647069],[76.164461,22.646944],[76.163985,22.646802],[76.163548,22.646667],[76.163141,22.646547],[76.162401,22.646322],[76.161849,22.645475],[76.159446,22.64457],[76.158946,22.644392],[76.159446,22.640502],[76.159571,22.640039],[76.159747,22.638452],[76.159826,22.637804],[76.159865,22.637391],[76.159912,22.636883],[76.159964,22.636365],[76.160025,22.63571],[76.160042,22.635498],[76.159979,22.634564],[76.159545,22.634696],[76.159378,22.634754],[76.159276,22.634794],[76.159215,22.634825],[76.158823,22.634967],[76.158573,22.635056],[76.158531,22.635056],[76.158117,22.634681],[76.158028,22.63466],[76.157638,22.634608],[76.157477,22.634547],[76.157517,22.6345],[76.157843,22.63417],[76.158087,22.633942],[76.157911,22.6337],[76.15787,22.633617],[76.157816,22.633492],[76.157798,22.633355],[76.157798,22.633153],[76.157798,22.633028],[76.157828,22.632856],[76.158061,22.632497],[76.158447,22.632047],[76.158655,22.631707],[76.158746,22.63143],[76.158772,22.631227],[76.158871,22.630928],[76.158921,22.630776],[76.159067,22.63029],[76.159242,22.629787],[76.159496,22.629285],[76.159652,22.628935],[76.159666,22.628853],[76.159665,22.628777],[76.159658,22.628752],[76.159544,22.628682],[76.159413,22.628648],[76.159227,22.628755],[76.159161,22.628846],[76.159095,22.628947],[76.159,22.629108],[76.158792,22.629304],[76.158251,22.62968],[76.158196,22.629707],[76.157156,22.630119],[76.156787,22.630257],[76.156471,22.630281],[76.156145,22.630262],[76.155873,22.630188],[76.155692,22.630156],[76.155429,22.63022],[76.155112,22.630434],[76.15486,22.630611],[76.154616,22.630764],[76.154612,22.630766],[76.154441,22.630889],[76.154392,22.630925],[76.153896,22.631056],[76.153774,22.631082],[76.153606,22.631117],[76.15342,22.63119],[76.153236,22.631309],[76.153039,22.631475],[76.152932,22.631606],[76.152819,22.631737],[76.152671,22.631874],[76.15245,22.632183],[76.15229,22.63238],[76.152132,22.632691],[76.152004,22.632618],[76.15185,22.632505],[76.151731,22.632433],[76.151522,22.632332],[76.151279,22.632284],[76.151041,22.632261],[76.150613,22.632104],[76.15062,22.631957],[76.150675,22.631636],[76.15082,22.631111],[76.151092,22.630135],[76.151223,22.629862],[76.151453,22.629531],[76.15154,22.629427],[76.151828,22.629078],[76.152002,22.628881],[76.152176,22.628644],[76.152295,22.628524],[76.152347,22.628453],[76.15276,22.628001],[76.152845,22.627928],[76.153053,22.62783],[76.153152,22.627811],[76.153342,22.627773],[76.153514,22.627683],[76.153599,22.627615],[76.153801,22.627514],[76.153961,22.627401],[76.154029,22.627313],[76.154128,22.627063],[76.154132,22.626934],[76.154131,22.62668],[76.154037,22.626277],[76.153993,22.626219],[76.153961,22.626195],[76.153813,22.626086],[76.153712,22.626032],[76.15348,22.625955],[76.153277,22.625908],[76.15298,22.625842],[76.152623,22.625812],[76.152343,22.625753],[76.151981,22.625628],[76.151814,22.625539],[76.151639,22.625402],[76.151596,22.625338],[76.151496,22.625199],[76.151267,22.624896],[76.151177,22.624771],[76.151053,22.624623],[76.15091,22.624456],[76.150821,22.624349],[76.150708,22.624224],[76.150583,22.624087],[76.15044,22.623908],[76.150261,22.623766],[76.15016,22.623724],[76.150023,22.623695],[76.149672,22.623695],[76.149446,22.623742],[76.148993,22.623879],[76.148379,22.624142],[76.14806,22.624266],[76.147774,22.624336],[76.147436,22.624403],[76.147257,22.624385],[76.147168,22.624355],[76.147067,22.624212],[76.147007,22.624016],[76.146924,22.623802],[76.146769,22.623534],[76.146619,22.623329],[76.146371,22.623189],[76.14624,22.623177],[76.146068,22.623183],[76.14583,22.62326],[76.145645,22.623308],[76.145449,22.623373],[76.145235,22.623397],[76.144705,22.623403],[76.144241,22.623469],[76.14395,22.623457],[76.143569,22.623403],[76.143117,22.623409],[76.142802,22.623391],[76.14257,22.623439],[76.142427,22.623498],[76.142243,22.623671],[76.142124,22.623826],[76.142076,22.623956],[76.141975,22.624141],[76.141898,22.624266],[76.141749,22.624391],[76.141636,22.624486],[76.141315,22.624617],[76.141219,22.624623],[76.140934,22.624593],[76.140714,22.624545],[76.140577,22.624492],[76.140291,22.624397],[76.140149,22.624325],[76.139988,22.624295],[76.139875,22.624295],[76.139732,22.624325],[76.139655,22.624391],[76.139613,22.624474],[76.139518,22.624724],[76.139399,22.624878],[76.139288,22.624948],[76.139014,22.625003],[76.138977,22.624997],[76.138864,22.62495],[76.138715,22.624849],[76.138626,22.624801],[76.138507,22.624754],[76.138251,22.624688],[76.138061,22.624688],[76.137835,22.62473],[76.137656,22.624777],[76.137311,22.624878],[76.136806,22.624985],[76.136389,22.624975],[76.136206,22.624928],[76.136112,22.624886],[76.136043,22.624861],[76.135811,22.624777],[76.135526,22.624747],[76.135449,22.624759],[76.135135,22.624807],[76.134599,22.625045],[76.134099,22.625146],[76.134129,22.624855],[76.134146,22.624325],[76.13414,22.624282],[76.134116,22.624086],[76.134087,22.623849],[76.134087,22.623849],[76.134076,22.623611],[76.134075,22.623599],[76.134078,22.623504],[76.134134,22.623311],[76.134176,22.623219],[76.134271,22.623016],[76.134426,22.62282],[76.134436,22.622794],[76.134604,22.62234],[76.134608,22.622328],[76.134679,22.622133],[76.134932,22.621541],[76.13508,22.621222],[76.135177,22.621016],[76.135317,22.62075],[76.135553,22.620456],[76.135704,22.620295],[76.13614,22.619728],[76.136383,22.619501],[76.136776,22.619043],[76.136984,22.618644],[76.13721,22.618246],[76.137739,22.617716],[76.138287,22.617306],[76.138846,22.616729],[76.138906,22.616659],[76.139089,22.616536],[76.139197,22.616485],[76.139518,22.616378],[76.139976,22.616158],[76.140606,22.615725],[76.140724,22.615644],[76.140894,22.615561],[76.141023,22.615527],[76.14135,22.61545],[76.141531,22.61541],[76.141782,22.615294],[76.142103,22.61508],[76.142253,22.614921],[76.142675,22.614421],[76.142857,22.614304],[76.143151,22.614257],[76.143326,22.614266],[76.143477,22.61431],[76.144241,22.614742],[76.145264,22.615337],[76.145307,22.615188],[76.145337,22.615047],[76.145384,22.614749],[76.145438,22.614331],[76.145497,22.613945],[76.145516,22.613814],[76.145458,22.612993],[76.145377,22.612632],[76.144988,22.611524],[76.144753,22.611207],[76.144592,22.611002],[76.144481,22.610898],[76.143925,22.610555],[76.14346,22.610288],[76.143116,22.610053],[76.143007,22.609978],[76.142664,22.609694],[76.142115,22.609037],[76.141973,22.608814],[76.141839,22.608553],[76.141694,22.608287],[76.141593,22.608031],[76.141574,22.607948],[76.141571,22.607911],[76.141564,22.607846],[76.141509,22.607576],[76.14145,22.60739],[76.141315,22.607122],[76.140733,22.606402],[76.140654,22.606298],[76.140166,22.605831],[76.13964,22.605409],[76.139513,22.60536],[76.13794,22.605136],[76.137496,22.605075],[76.137374,22.605046],[76.136698,22.604897],[76.134845,22.604425],[76.134667,22.60438],[76.134508,22.604319],[76.134423,22.60428],[76.134296,22.604132],[76.134196,22.603932],[76.134124,22.603707],[76.134072,22.603611],[76.133979,22.603441],[76.133867,22.603315],[76.13376,22.603285],[76.133682,22.603303],[76.133599,22.603344],[76.133498,22.603404],[76.133343,22.603493],[76.133195,22.603558],[76.133052,22.603558],[76.132939,22.603558],[76.132778,22.603517],[76.132535,22.603367],[76.132417,22.603268],[76.132227,22.603101],[76.1321,22.602985],[76.131954,22.602858],[76.131849,22.602763],[76.131647,22.602578],[76.131269,22.602228],[76.131107,22.602131],[76.131,22.602095],[76.130952,22.602089],[76.130875,22.602089],[76.130744,22.602178],[76.130693,22.602315],[76.130485,22.602872],[76.130377,22.603158],[76.130316,22.603273],[76.130111,22.603512],[76.130055,22.603575],[76.130039,22.603584],[76.129968,22.603622],[76.129785,22.603704],[76.129773,22.603708],[76.129755,22.60371],[76.129731,22.60371],[76.129621,22.603704],[76.129257,22.603559],[76.128852,22.603392],[76.128769,22.603362],[76.128579,22.603321],[76.1285,22.603311],[76.128331,22.603269],[76.128216,22.603213],[76.128156,22.603106],[76.128103,22.603011],[76.128043,22.602898],[76.127957,22.602732],[76.127496,22.602607],[76.127359,22.602529],[76.127264,22.602452],[76.127192,22.602303],[76.127163,22.602149],[76.127145,22.601982],[76.127145,22.601875],[76.127133,22.601839],[76.127091,22.601738],[76.127014,22.601685],[76.127002,22.601673],[76.126871,22.601631],[76.12674,22.601589],[76.126592,22.601512],[76.126473,22.601405],[76.126437,22.601203],[76.126455,22.601096],[76.126502,22.600905],[76.126514,22.600792],[76.126508,22.600661],[76.126407,22.60055],[76.126251,22.600517],[76.125939,22.600523],[76.125722,22.600524],[76.125681,22.600527],[76.125598,22.600532],[76.125408,22.60054],[76.125201,22.600543],[76.125026,22.600536],[76.125014,22.600529],[76.124996,22.600518],[76.124976,22.600498],[76.124936,22.60043],[76.124896,22.600352],[76.124872,22.600287],[76.124879,22.600254],[76.124885,22.600205],[76.124892,22.60016],[76.124928,22.600026],[76.124966,22.599893],[76.125014,22.599749],[76.125069,22.599576],[76.125114,22.599424],[76.125143,22.599322],[76.125183,22.599177],[76.125222,22.599036],[76.125251,22.598939],[76.125363,22.598673],[76.125403,22.598615],[76.125787,22.598048],[76.125937,22.597764],[76.126042,22.597427],[76.126033,22.597207],[76.126005,22.59711],[76.125962,22.597043],[76.125903,22.596949],[76.1257,22.596758],[76.125505,22.596631],[76.125003,22.596396],[76.124873,22.596349],[76.124676,22.596289],[76.124492,22.596236],[76.12423,22.596212],[76.123837,22.596158],[76.123777,22.596378],[76.123767,22.596421],[76.123741,22.596552],[76.123731,22.596605],[76.123552,22.597848],[76.123481,22.598246],[76.123393,22.598398],[76.123338,22.598407],[76.123314,22.598407],[76.123225,22.598389],[76.123112,22.598341],[76.122927,22.598276],[76.122808,22.598211],[76.122707,22.598151],[76.1226,22.598086],[76.122517,22.59805],[76.12244,22.598008],[76.12238,22.597979],[76.122297,22.597961],[76.122184,22.597937],[76.122053,22.597937],[76.121904,22.597955],[76.121839,22.598086],[76.121797,22.598175],[76.121714,22.598377],[76.121625,22.598472],[76.121387,22.59852],[76.121244,22.598579],[76.121107,22.598639],[76.120984,22.598745],[76.120807,22.598956],[76.120626,22.599278],[76.120598,22.599366],[76.120503,22.59961],[76.120369,22.599852],[76.120244,22.600007],[76.120143,22.600096],[76.120066,22.600305],[76.120036,22.600429],[76.119983,22.60065],[76.119935,22.600822],[76.119923,22.600899],[76.119882,22.601072],[76.11987,22.601203],[76.119858,22.601346],[76.119846,22.601488],[76.119804,22.601691],[76.119777,22.601933],[76.119793,22.602303],[76.119822,22.602476],[76.11984,22.602583],[76.119858,22.602761],[76.119858,22.602868],[76.119828,22.603035],[76.11981,22.603219],[76.119804,22.603261],[76.119733,22.603392],[76.119721,22.603434],[76.119578,22.603541],[76.119519,22.603576],[76.119459,22.603612],[76.119382,22.60366],[76.119322,22.603743],[76.119293,22.603814],[76.119227,22.603898],[76.119138,22.603951],[76.118918,22.603915],[76.118711,22.603851],[76.118518,22.603791],[76.118228,22.603707],[76.118121,22.603689],[76.117942,22.603588],[76.117859,22.603529],[76.117645,22.603356],[76.117484,22.603231],[76.117336,22.603166],[76.117145,22.6031],[76.116973,22.603059],[76.116723,22.603017],[76.116562,22.602952],[76.116522,22.602852],[76.116494,22.602784],[76.116468,22.602644],[76.116458,22.60259],[76.116451,22.602532],[76.116437,22.602479],[76.116416,22.60238],[76.116347,22.602167],[76.116182,22.601875],[76.116074,22.601637],[76.116021,22.601506],[76.116003,22.601334],[76.115985,22.601233],[76.116009,22.601006],[76.116045,22.600786],[76.116086,22.600596],[76.116104,22.600507],[76.116134,22.600382],[76.11614,22.600215],[76.116128,22.600108],[76.116068,22.600025],[76.115997,22.599971],[76.115955,22.599965],[76.115682,22.599983],[76.115081,22.60009],[76.114891,22.600168],[76.114748,22.600275],[76.114427,22.60059],[76.11429,22.600739],[76.114117,22.600923],[76.113915,22.601072],[76.11385,22.601137],[76.113707,22.601221],[76.113493,22.601298],[76.113396,22.601105],[76.113246,22.600805],[76.113207,22.600727],[76.113172,22.600656],[76.113094,22.600507],[76.112957,22.600322],[76.1127,22.600046],[76.112589,22.599954],[76.112517,22.599924],[76.11241,22.599906],[76.111991,22.599877],[76.111883,22.599869],[76.111865,22.599865],[76.11185,22.599861],[76.111824,22.599856],[76.111758,22.599841],[76.111703,22.599825],[76.110756,22.599692],[76.110495,22.599644],[76.11034,22.59962],[76.109977,22.599573],[76.109846,22.599573],[76.109792,22.599579],[76.109416,22.599652],[76.109168,22.599787],[76.109036,22.599841],[76.10877,22.5999],[76.108668,22.599864],[76.108619,22.599823],[76.108549,22.599668],[76.108549,22.599614],[76.108555,22.599549],[76.108573,22.599501],[76.108645,22.599388],[76.108686,22.599347],[76.108857,22.59919],[76.108868,22.599184],[76.108885,22.599171],[76.108922,22.599126],[76.108992,22.59903],[76.109005,22.599006],[76.109044,22.598949],[76.109073,22.598916],[76.109087,22.598897],[76.10912,22.598865],[76.10916,22.598832],[76.10923,22.598771],[76.109686,22.598484],[76.109805,22.598425],[76.110037,22.598341],[76.110209,22.59827],[76.11034,22.598234],[76.110495,22.598193],[76.110714,22.598065],[76.110899,22.597955],[76.111101,22.59786],[76.111345,22.597759],[76.111476,22.597747],[76.111738,22.597776],[76.111958,22.59786],[76.112341,22.597972],[76.112452,22.597967],[76.112678,22.59802],[76.11288,22.598044],[76.113272,22.597982],[76.113624,22.597812],[76.113784,22.597729],[76.113867,22.597628],[76.113909,22.597521],[76.113957,22.597431],[76.114064,22.59733],[76.114094,22.5973],[76.114159,22.597289],[76.114242,22.597265],[76.11432,22.597247],[76.114409,22.597235],[76.114456,22.597229],[76.114581,22.597193],[76.114635,22.597104],[76.114641,22.597039],[76.114641,22.596955],[76.114647,22.596908],[76.114742,22.596813],[76.114801,22.596789],[76.114986,22.596777],[76.115223,22.596814],[76.115258,22.596753],[76.115329,22.596604],[76.115397,22.59646],[76.115452,22.596344],[76.115295,22.595807],[76.115242,22.595671],[76.115206,22.595575],[76.115194,22.59551],[76.115194,22.595433],[76.1152,22.595337],[76.115212,22.595242],[76.11523,22.595159],[76.115265,22.595094],[76.115381,22.594937],[76.115503,22.594873],[76.115694,22.594832],[76.11595,22.594832],[76.116134,22.594822],[76.116383,22.594876],[76.116596,22.594979],[76.11684,22.595149],[76.116896,22.595189],[76.116932,22.595201],[76.116976,22.595181],[76.117299,22.595029],[76.11752,22.594972],[76.117659,22.594979],[76.117702,22.594954],[76.117713,22.594942],[76.117729,22.594918],[76.117984,22.59454],[76.118115,22.594308],[76.118198,22.594118],[76.118198,22.594005],[76.118198,22.59391],[76.118204,22.593821],[76.118264,22.593656],[76.118269,22.59365],[76.118339,22.593566],[76.118406,22.593487],[76.118472,22.593351],[76.118525,22.59319],[76.118597,22.592893],[76.118682,22.592901],[76.118823,22.592914],[76.118886,22.592927],[76.119012,22.592967],[76.119112,22.593],[76.11932,22.593043],[76.119703,22.593047],[76.120123,22.593031],[76.12019,22.593028],[76.120203,22.593019],[76.120213,22.59301],[76.120217,22.593002],[76.120216,22.592993],[76.120216,22.592982],[76.120215,22.592974],[76.120209,22.592944],[76.120182,22.59285],[76.120127,22.592681],[76.120082,22.592524],[76.120041,22.592407],[76.119989,22.59227],[76.119945,22.592142],[76.119849,22.591724],[76.11966,22.59052],[76.119631,22.590339],[76.119625,22.590279],[76.119677,22.590108],[76.119783,22.589981],[76.11986,22.589893],[76.119919,22.589818],[76.11994,22.58978],[76.119928,22.589753],[76.11985,22.589587],[76.119768,22.589411],[76.119716,22.589302],[76.1196,22.589097],[76.119037,22.589561],[76.118537,22.589811],[76.11843,22.589859],[76.11827,22.589894],[76.118073,22.589877],[76.118038,22.589871],[76.117907,22.589829],[76.117811,22.589758],[76.117704,22.589621],[76.117658,22.589525],[76.117636,22.589366],[76.117645,22.589264],[76.117663,22.589145],[76.117704,22.589032],[76.117776,22.588877],[76.117895,22.588746],[76.117936,22.588633],[76.11796,22.588485],[76.117948,22.588307],[76.117948,22.588303],[76.117947,22.588287],[76.117944,22.588274],[76.11794,22.588252],[76.117938,22.588245],[76.117935,22.588233],[76.117918,22.588197],[76.117852,22.588093],[76.117726,22.587993],[76.117562,22.587955],[76.117455,22.587955],[76.117312,22.587949],[76.117169,22.587949],[76.116882,22.587968],[76.116907,22.58788],[76.116944,22.587791],[76.117008,22.587628],[76.117036,22.587561],[76.117086,22.587448],[76.117103,22.587384],[76.117075,22.587366],[76.116952,22.58729],[76.116862,22.58723],[76.11679,22.587179],[76.116774,22.587167],[76.116753,22.587155],[76.11673,22.587144],[76.116706,22.587132],[76.116693,22.587145],[76.116648,22.587204],[76.116614,22.58725],[76.116569,22.587315],[76.116441,22.587482],[76.116303,22.587673],[76.116226,22.587784],[76.116211,22.587803],[76.116205,22.587808],[76.116191,22.587817],[76.116176,22.587826],[76.116111,22.587864],[76.115978,22.58794],[76.115857,22.588007],[76.115812,22.588031],[76.115801,22.588036],[76.115793,22.588038],[76.115755,22.588045],[76.115675,22.588061],[76.115471,22.588053],[76.115278,22.587968],[76.115207,22.587913],[76.115081,22.587744],[76.114944,22.587563],[76.114825,22.587402],[76.114778,22.587301],[76.11476,22.58717],[76.114778,22.587039],[76.114801,22.586896],[76.114837,22.586718],[76.114837,22.586646],[76.114837,22.586587],[76.114825,22.586527],[76.114806,22.586444],[76.114645,22.586379],[76.114636,22.586377],[76.114619,22.586378],[76.114595,22.586391],[76.11446,22.58647],[76.114264,22.586584],[76.114101,22.5866],[76.11404,22.586587],[76.113927,22.586575],[76.113832,22.586533],[76.113606,22.58617],[76.113402,22.586098],[76.112826,22.58603],[76.112657,22.58601],[76.112506,22.586007],[76.11244,22.586034],[76.112386,22.586111],[76.112327,22.586212],[76.112202,22.586486],[76.112172,22.586599],[76.11213,22.586789],[76.112113,22.586926],[76.112059,22.58711],[76.112023,22.587229],[76.111952,22.587402],[76.111875,22.587527],[76.111558,22.587736],[76.111485,22.587756],[76.111326,22.587802],[76.111185,22.587841],[76.111187,22.587859],[76.111192,22.587885],[76.11123,22.588005],[76.111291,22.588163],[76.111343,22.588316],[76.111434,22.588478],[76.111478,22.588554],[76.111565,22.588699],[76.111625,22.588871],[76.111625,22.589008],[76.111625,22.589246],[76.111619,22.589389],[76.111607,22.589645],[76.111595,22.589793],[76.111565,22.589894],[76.11153,22.589978],[76.111458,22.590073],[76.111327,22.59015],[76.111173,22.590245],[76.111066,22.590329],[76.110929,22.590424],[76.110816,22.590525],[76.110602,22.590674],[76.110352,22.590487],[76.110112,22.590228],[76.109746,22.589965],[76.109584,22.589892],[76.109374,22.58981],[76.109151,22.589748],[76.109066,22.589744],[76.10896,22.589734],[76.108806,22.58972],[76.108698,22.589713],[76.108634,22.589715],[76.108578,22.589722],[76.108466,22.589747],[76.108368,22.589772],[76.10829,22.589787],[76.10823,22.589799],[76.108214,22.58981],[76.108205,22.589825],[76.108205,22.589832],[76.108207,22.589844],[76.108214,22.589859],[76.108223,22.589874],[76.108274,22.589947],[76.108364,22.590072],[76.108509,22.590256],[76.108598,22.59038],[76.108699,22.590547],[76.108724,22.590627],[76.108817,22.59115],[76.108817,22.591191],[76.108811,22.591292],[76.108775,22.591399],[76.108716,22.591548],[76.10843,22.591822],[76.108311,22.59197],[76.108097,22.592173],[76.107746,22.59253],[76.107669,22.592411],[76.107627,22.592292],[76.107562,22.592143],[76.107508,22.592024],[76.107407,22.59184],[76.107312,22.591655],[76.107193,22.591483],[76.107086,22.591364],[76.106979,22.591263],[76.106836,22.591132],[76.106741,22.591048],[76.10661,22.590977],[76.106438,22.590882],[76.106069,22.590656],[76.105956,22.590584],[76.105878,22.590448],[76.105813,22.590317],[76.105783,22.59021],[76.105765,22.590079],[76.105765,22.589966],[76.105795,22.589859],[76.105922,22.589696],[76.106134,22.589413],[76.106283,22.589234],[76.106408,22.589062],[76.106515,22.588919],[76.106574,22.588717],[76.106586,22.588568],[76.106586,22.588425],[76.106628,22.588276],[76.106658,22.588062],[76.106789,22.587658],[76.106949,22.587396],[76.107073,22.587225],[76.107092,22.587206],[76.10727,22.587093],[76.107633,22.586944],[76.107883,22.586843],[76.107805,22.586635],[76.107748,22.586506],[76.107696,22.58643],[76.107487,22.586423],[76.10725,22.586399],[76.106987,22.586387],[76.106684,22.586366],[76.106519,22.586341],[76.106409,22.586302],[76.106312,22.586249],[76.106193,22.58618],[76.106125,22.586135],[76.106004,22.58603],[76.105943,22.585974],[76.105704,22.585844],[76.105456,22.585777],[76.105236,22.585777],[76.10501,22.585783],[76.104814,22.585807],[76.104629,22.585855],[76.104362,22.585914],[76.104189,22.585968],[76.103927,22.586033],[76.103606,22.586164],[76.103243,22.586259],[76.102815,22.586414],[76.10226,22.586531],[76.102022,22.586536],[76.101952,22.586524],[76.101573,22.58647],[76.101386,22.586443],[76.101072,22.586325],[76.10084,22.586265],[76.100578,22.586235],[76.099832,22.586246],[76.099694,22.586264],[76.09962,22.586402],[76.09962,22.586497],[76.099626,22.58661],[76.099692,22.586795],[76.099811,22.587092],[76.100216,22.587913],[76.100269,22.588091],[76.100055,22.588234],[76.09993,22.588341],[76.099781,22.588442],[76.099704,22.588514],[76.099418,22.588692],[76.099222,22.58877],[76.098948,22.588835],[76.098764,22.588883],[76.098544,22.588906],[76.098389,22.588918],[76.098264,22.588918],[76.098092,22.588948],[76.097902,22.589061],[76.097952,22.589275],[76.098006,22.589467],[76.098077,22.589651],[76.098142,22.589805],[76.0982,22.589938],[76.098208,22.589988],[76.098225,22.590101],[76.098086,22.590869],[76.098068,22.591143],[76.098175,22.591524],[76.098419,22.592107],[76.098556,22.59241],[76.098794,22.592838],[76.099061,22.593421],[76.099047,22.59357],[76.09899,22.593772],[76.09896,22.593945],[76.09896,22.594064],[76.098996,22.594219],[76.099055,22.59432],[76.099097,22.594433],[76.099147,22.594777],[76.099103,22.594915],[76.099032,22.595016],[76.098895,22.595135],[76.098629,22.595337],[76.098495,22.595406],[76.098336,22.595533],[76.098288,22.595581],[76.098127,22.595712],[76.097955,22.595878],[76.097822,22.595995],[76.097611,22.596102],[76.097556,22.59611],[76.097348,22.596128],[76.09714,22.596098],[76.097039,22.596039],[76.096932,22.595956],[76.096831,22.595884],[76.096765,22.595771],[76.096718,22.595682],[76.09664,22.595492],[76.096647,22.594868],[76.096641,22.594796],[76.096629,22.594764],[76.096621,22.594742],[76.096539,22.594616],[76.096189,22.594143],[76.096025,22.593922],[76.095986,22.59385],[76.095481,22.593159],[76.095453,22.593122],[76.095325,22.59298],[76.095165,22.592792],[76.095071,22.592663],[76.094784,22.592178],[76.09463,22.591994],[76.094456,22.591664],[76.094272,22.591413],[76.094118,22.591248],[76.093937,22.591229],[76.093596,22.591308],[76.093053,22.591803],[76.092928,22.591893],[76.092821,22.591982],[76.092708,22.592125],[76.092577,22.592315],[76.092482,22.592499],[76.092369,22.592696],[76.09222,22.592916],[76.092125,22.593094],[76.091947,22.593314],[76.091762,22.593445],[76.091608,22.59357],[76.091524,22.593701],[76.091453,22.593874],[76.091411,22.594123],[76.091399,22.59453],[76.091401,22.594619],[76.091407,22.594774],[76.09143,22.594883],[76.091447,22.595242],[76.091629,22.595934],[76.09163,22.596099],[76.091578,22.596324],[76.091507,22.596521],[76.091423,22.596663],[76.091346,22.596782],[76.091209,22.596931],[76.091054,22.59708],[76.090947,22.597145],[76.090799,22.597205],[76.090703,22.597252],[76.090596,22.597258],[76.090454,22.597229],[76.090269,22.597181],[76.090067,22.597169],[76.089573,22.597235],[76.089573,22.597538],[76.089615,22.597699],[76.089645,22.597978],[76.089733,22.598476],[76.089733,22.598481],[76.089668,22.598787],[76.089561,22.598948],[76.089413,22.599073],[76.089234,22.599186],[76.089014,22.599241],[76.08876,22.599229],[76.088631,22.59921],[76.088372,22.599168],[76.088111,22.598959],[76.088072,22.598903],[76.08804,22.598827],[76.087857,22.598319],[76.087855,22.598285],[76.087689,22.598022],[76.087636,22.597935],[76.087408,22.597609],[76.087348,22.597532],[76.087253,22.597467],[76.087134,22.597425],[76.087069,22.597508],[76.08697,22.597769],[76.086789,22.598174],[76.08673,22.598279],[76.08652,22.598554],[76.08629,22.598751],[76.085879,22.599209],[76.085677,22.599555],[76.085314,22.600274],[76.085022,22.60081],[76.084646,22.601282],[76.083821,22.602035],[76.083149,22.602582],[76.082998,22.602746],[76.082785,22.602919],[76.082643,22.602969],[76.082375,22.602957],[76.082105,22.602921],[76.082286,22.602452],[76.0825,22.602083],[76.082786,22.601529],[76.083503,22.600192],[76.083615,22.599918],[76.084008,22.598652],[76.084219,22.597972],[76.084321,22.597687],[76.084493,22.597252],[76.084714,22.596883],[76.084848,22.596555],[76.084933,22.595973],[76.084993,22.595509],[76.085005,22.595248],[76.085005,22.595016],[76.085005,22.594807],[76.085034,22.5947],[76.085045,22.594538],[76.085249,22.59448],[76.085457,22.594401],[76.085536,22.594352],[76.085658,22.594275],[76.086234,22.594099],[76.08636,22.594054],[76.086498,22.594004],[76.086719,22.593927],[76.086775,22.59392],[76.08684,22.593896],[76.086879,22.593881],[76.086915,22.593848],[76.087093,22.593534],[76.087164,22.593416],[76.087241,22.59332],[76.087298,22.593146],[76.087304,22.593108],[76.087284,22.593061],[76.087249,22.592982],[76.087226,22.592943],[76.087176,22.592856],[76.087162,22.592854],[76.087071,22.592885],[76.086865,22.592965],[76.086774,22.593],[76.086725,22.593032],[76.086612,22.593138],[76.086469,22.593216],[76.086297,22.593289],[76.086142,22.593344],[76.086046,22.593374],[76.084915,22.593725],[76.084789,22.593342],[76.084705,22.593128],[76.084664,22.592874],[76.084677,22.592452],[76.084892,22.591753],[76.084975,22.591482],[76.085118,22.591238],[76.085891,22.590459],[76.087863,22.588952],[76.088431,22.588621],[76.090325,22.587482],[76.090423,22.587367],[76.090505,22.58719],[76.090519,22.587116],[76.090513,22.587009],[76.090507,22.586783],[76.090472,22.586575],[76.090458,22.586497],[76.090431,22.586412],[76.090292,22.586391],[76.090094,22.586412],[76.090067,22.58642],[76.08985,22.586446],[76.089627,22.586366],[76.08946,22.586277],[76.089192,22.586105],[76.089042,22.585993],[76.088847,22.585849],[76.088571,22.585665],[76.088492,22.585613],[76.088413,22.585595],[76.088193,22.585545],[76.088151,22.585545],[76.087991,22.585587],[76.087908,22.585641],[76.087842,22.585688],[76.087747,22.585855],[76.087563,22.586235],[76.087491,22.586349],[76.087426,22.586432],[76.087206,22.586586],[76.087015,22.586664],[76.086551,22.586878],[76.086087,22.587163],[76.085486,22.587616],[76.085046,22.587919],[76.084737,22.588145],[76.08444,22.588244],[76.084291,22.588234],[76.084077,22.588216],[76.083803,22.588169],[76.083553,22.588068],[76.08341,22.587984],[76.083339,22.587889],[76.083274,22.587776],[76.083208,22.587532],[76.08322,22.58736],[76.083297,22.587152],[76.083488,22.58689],[76.083749,22.58664],[76.08394,22.586479],[76.084094,22.58623],[76.084398,22.585742],[76.084755,22.585189],[76.085227,22.583975],[76.085036,22.583893],[76.084721,22.583751],[76.08457,22.583688],[76.084148,22.58351],[76.083866,22.583391],[76.083592,22.583274],[76.083315,22.583156],[76.083062,22.583067],[76.082759,22.58296],[76.082376,22.582811],[76.081994,22.582669],[76.081626,22.582532],[76.081257,22.582374],[76.080885,22.582218],[76.080513,22.582064],[76.080097,22.581907],[76.079502,22.581653],[76.0793,22.58156],[76.078935,22.581388],[76.078568,22.581214],[76.078201,22.58105],[76.077835,22.58088],[76.077666,22.580804],[76.077234,22.580617],[76.077035,22.580569],[76.07579,22.580517],[76.075776,22.580508],[76.075677,22.580381],[76.075558,22.580067],[76.07548,22.579886],[76.07543,22.579835],[76.075229,22.579709],[76.075207,22.579704],[76.075085,22.579603],[76.074882,22.579449],[76.074633,22.579288],[76.074401,22.579116],[76.074101,22.578945],[76.07345,22.578661],[76.072866,22.578545],[76.072657,22.578476],[76.072534,22.578438],[76.072436,22.578352],[76.072401,22.578258],[76.072381,22.578098],[76.072387,22.578009],[76.072401,22.577829],[76.072458,22.577651],[76.072522,22.577565],[76.072608,22.577455],[76.072626,22.577448],[76.074099,22.577704],[76.074839,22.577928],[76.075218,22.577995],[76.075549,22.578027],[76.075612,22.578031],[76.076154,22.578082],[76.076526,22.578145],[76.077077,22.578295],[76.078088,22.578593],[76.078592,22.578688],[76.078688,22.578701],[76.078959,22.578739],[76.079051,22.578747],[76.079368,22.578766],[76.079691,22.578777],[76.08,22.578797],[76.080325,22.57881],[76.080638,22.578834],[76.080953,22.578866],[76.08105,22.57888],[76.081179,22.578886],[76.083297,22.578951],[76.083301,22.578948],[76.083263,22.578912],[76.083046,22.578731],[76.082807,22.578548],[76.082433,22.578318],[76.0818,22.578032],[76.081461,22.577879],[76.081058,22.577678],[76.080639,22.57741],[76.080474,22.57728],[76.080403,22.577222],[76.080301,22.577158],[76.080199,22.577099],[76.080113,22.577066],[76.080052,22.577051],[76.07957,22.576897],[76.079225,22.576873],[76.078939,22.576861],[76.078695,22.576885],[76.078046,22.57694],[76.077648,22.576897],[76.076465,22.576609],[76.076173,22.576536],[76.07585,22.576436],[76.075522,22.576337],[76.075187,22.57624],[76.074814,22.576116],[76.074428,22.575971],[76.074304,22.575924],[76.074302,22.575902],[76.074338,22.575784],[76.074411,22.575597],[76.074488,22.575413],[76.074569,22.575231],[76.074616,22.57514],[76.074823,22.574993],[76.075061,22.574952],[76.075239,22.574922],[76.075578,22.574922],[76.07588,22.574999],[76.076141,22.574972],[76.076297,22.574923],[76.076358,22.5749],[76.076439,22.574787],[76.076572,22.574624],[76.07659,22.574517],[76.076578,22.574458],[76.076447,22.574363],[76.076251,22.574315],[76.075894,22.574252],[76.075965,22.57403],[76.075977,22.573958],[76.076036,22.573857],[76.076084,22.573786],[76.076185,22.573673],[76.076292,22.573601],[76.076542,22.573476],[76.076915,22.573332],[76.076983,22.573291],[76.077192,22.573152],[76.077423,22.572969],[76.077632,22.572812],[76.07766,22.5728],[76.07768,22.572798],[76.077738,22.572826],[76.077903,22.572909],[76.07802,22.57298],[76.078235,22.573173],[76.078403,22.573324],[76.078828,22.573565],[76.078839,22.573572],[76.079017,22.573673],[76.079183,22.573667],[76.079522,22.573577],[76.08002,22.573327],[76.080055,22.573309],[76.080247,22.573178],[76.08039,22.573062],[76.080513,22.572946],[76.080584,22.572883],[76.080694,22.572802],[76.080698,22.572787],[76.080473,22.572715],[76.080295,22.572651],[76.080166,22.572601],[76.079996,22.572485],[76.079924,22.572406],[76.079903,22.571948],[76.079891,22.571644],[76.079787,22.571367],[76.079759,22.571292],[76.079616,22.571185],[76.079534,22.571131],[76.079429,22.571075],[76.079257,22.570995],[76.079252,22.570971],[76.079242,22.570864],[76.079243,22.570743],[76.079249,22.570653],[76.079266,22.570548],[76.07928,22.570526],[76.07984,22.570399],[76.080451,22.570147],[76.080109,22.57008],[76.079741,22.570003],[76.079396,22.569944],[76.079347,22.569928],[76.079342,22.569902],[76.079315,22.569807],[76.079294,22.569694],[76.079281,22.569566],[76.079342,22.569443],[76.079425,22.569392],[76.079545,22.569357],[76.079665,22.569342],[76.079802,22.569342],[76.080302,22.56939],[76.080538,22.569413],[76.080769,22.569448],[76.081162,22.569484],[76.08148,22.569481],[76.081784,22.569493],[76.082079,22.569506],[76.082377,22.569517],[76.082615,22.56953],[76.082676,22.569533],[76.08277,22.56954],[76.082784,22.569548],[76.082857,22.569723],[76.082928,22.569907],[76.083006,22.57009],[76.083065,22.57023],[76.083076,22.570236],[76.083354,22.57024],[76.083523,22.570243],[76.083652,22.570256],[76.08371,22.570264],[76.083878,22.570316],[76.084074,22.57039],[76.084371,22.570491],[76.084486,22.570538],[76.084597,22.57059],[76.084614,22.570605],[76.084647,22.570673],[76.084723,22.570816],[76.084746,22.570859],[76.084844,22.571039],[76.084951,22.571225],[76.085054,22.571404],[76.085155,22.571588],[76.085224,22.571692],[76.085223,22.571704],[76.085143,22.571701],[76.084756,22.57169],[76.084406,22.571666],[76.084047,22.571649],[76.083634,22.571681],[76.083504,22.571719],[76.083378,22.571755],[76.083109,22.571841],[76.083081,22.571856],[76.083053,22.571865],[76.08305,22.571876],[76.083082,22.571925],[76.083155,22.572032],[76.083277,22.572212],[76.083411,22.572389],[76.083543,22.572567],[76.083603,22.572649],[76.083603,22.572662],[76.083519,22.572754],[76.083396,22.572873],[76.083339,22.572936],[76.083184,22.573087],[76.08316,22.573119],[76.082967,22.573303],[76.08296,22.573318],[76.083144,22.573402],[76.083287,22.573462],[76.083582,22.5736],[76.083872,22.573745],[76.084157,22.573885],[76.084438,22.574031],[76.08447,22.574044],[76.084684,22.574031],[76.084878,22.574023],[76.085233,22.574079],[76.08549,22.574111],[76.085526,22.574111],[76.085525,22.574099],[76.085468,22.574062],[76.085263,22.573919],[76.085114,22.573824],[76.085031,22.573771],[76.084962,22.573681],[76.084931,22.573647],[76.0848,22.573442],[76.084688,22.573234],[76.084511,22.573015],[76.084683,22.572899],[76.084932,22.572807],[76.084961,22.572805],[76.085309,22.572875],[76.085765,22.572966],[76.086017,22.573007],[76.086226,22.573069],[76.086533,22.57317],[76.086701,22.573223],[76.086692,22.573203],[76.086658,22.573151],[76.086573,22.573006],[76.086493,22.572858],[76.086497,22.572847],[76.086518,22.572846],[76.086666,22.57287],[76.086885,22.572912],[76.087106,22.572937],[76.087321,22.573033],[76.087453,22.573121],[76.087625,22.573253],[76.087667,22.573272],[76.088044,22.573333],[76.088499,22.573404],[76.088512,22.573405],[76.088511,22.573386],[76.088356,22.573252],[76.08827,22.573171],[76.088193,22.5731],[76.088171,22.572973],[76.088152,22.572855],[76.088188,22.572846],[76.088362,22.572815],[76.088362,22.572697],[76.08836,22.572575],[76.088379,22.572508],[76.088413,22.572492],[76.088599,22.572418],[76.088689,22.57239],[76.088772,22.572372],[76.089055,22.572332],[76.089368,22.572279],[76.089387,22.572253],[76.08945,22.572142],[76.089482,22.572106],[76.089544,22.572099],[76.089803,22.572047],[76.089858,22.572039],[76.090084,22.571954],[76.090328,22.571876],[76.090383,22.571863],[76.09054,22.571973],[76.090618,22.572045],[76.090645,22.572113],[76.090738,22.572391],[76.090793,22.572558],[76.090795,22.572586],[76.090635,22.572695],[76.090455,22.572816],[76.090431,22.572834],[76.090439,22.572838],[76.090675,22.572878],[76.090777,22.572887],[76.090802,22.572908],[76.090966,22.573073],[76.091061,22.57316],[76.091172,22.573272],[76.091239,22.573337],[76.09125,22.573356],[76.091236,22.573471],[76.091223,22.573651],[76.091218,22.57368],[76.091342,22.573762],[76.091403,22.573795],[76.09142,22.573786],[76.091522,22.573648],[76.091587,22.57356],[76.091665,22.573479],[76.091725,22.573418],[76.091733,22.573413],[76.091791,22.573455],[76.091921,22.573545],[76.092098,22.573648],[76.092273,22.573754],[76.09232,22.573766],[76.092434,22.573761],[76.092551,22.573726],[76.092727,22.57366],[76.09274,22.573671],[76.092775,22.573746],[76.092827,22.573855],[76.092855,22.573908],[76.092903,22.573947],[76.09297,22.573989],[76.093189,22.574135],[76.093364,22.574246],[76.093535,22.574322],[76.093631,22.574358],[76.093877,22.574444],[76.094018,22.574479],[76.094081,22.574499],[76.094203,22.574577],[76.094339,22.574778],[76.094386,22.574856],[76.094478,22.574997],[76.094496,22.575004],[76.094525,22.574984],[76.094614,22.57491],[76.094812,22.574786],[76.094854,22.574764],[76.094863,22.574766],[76.094923,22.574781],[76.09514,22.574849],[76.095445,22.57495],[76.09559,22.575006],[76.095814,22.574944],[76.095888,22.574909],[76.095911,22.574891],[76.095934,22.574746],[76.095956,22.57461],[76.09597,22.574546],[76.095977,22.574364],[76.095932,22.574215],[76.095816,22.57405],[76.095733,22.573973],[76.095655,22.573895],[76.095619,22.573861],[76.095394,22.573633],[76.09531,22.573548],[76.095975,22.573219],[76.095897,22.573202],[76.09558,22.57309],[76.09526,22.572985],[76.095115,22.572936],[76.094754,22.572749],[76.094507,22.572578],[76.094352,22.572459],[76.094048,22.572177],[76.093799,22.571942],[76.093746,22.571888],[76.09368,22.571805],[76.093609,22.57168],[76.093519,22.571373],[76.093448,22.571222],[76.093861,22.571213],[76.093866,22.571211],[76.094108,22.571193],[76.094624,22.571169],[76.095001,22.571146],[76.095012,22.571138],[76.09501,22.57109],[76.095012,22.570965],[76.094982,22.570948],[76.094507,22.570681],[76.093781,22.570377],[76.093299,22.57024],[76.092663,22.570133],[76.092122,22.570092],[76.091658,22.570054],[76.091747,22.569931],[76.091811,22.569838],[76.091881,22.569731],[76.091922,22.569681],[76.091982,22.56965],[76.092185,22.569581],[76.092539,22.569462],[76.092622,22.569432],[76.092654,22.569412],[76.092907,22.569306],[76.093067,22.569265],[76.093142,22.56924],[76.093332,22.569195],[76.09355,22.569181],[76.093709,22.569195],[76.093968,22.569217],[76.094275,22.569199],[76.094616,22.56914],[76.094644,22.569141],[76.094747,22.569125],[76.09489,22.569088],[76.095138,22.568999],[76.095304,22.568964],[76.095312,22.568957],[76.095309,22.568902],[76.09476,22.568784],[76.09419,22.568729],[76.093937,22.568724],[76.093593,22.568716],[76.093248,22.568712],[76.093133,22.568713],[76.092732,22.568793],[76.09252,22.568866],[76.09236,22.568902],[76.091892,22.568984],[76.09117,22.569051],[76.090652,22.56914],[76.090069,22.569241],[76.089348,22.569381],[76.089335,22.569387],[76.089344,22.56942],[76.089351,22.569425],[76.089365,22.569428],[76.090118,22.569582],[76.090175,22.569599],[76.090366,22.569634],[76.090582,22.569651],[76.090765,22.56966],[76.09097,22.569677],[76.090988,22.569687],[76.090983,22.56975],[76.090951,22.56998],[76.090899,22.570172],[76.090885,22.570182],[76.090762,22.570204],[76.090588,22.570232],[76.090219,22.570311],[76.089118,22.570612],[76.087237,22.571241],[76.086976,22.571319],[76.086679,22.571347],[76.086447,22.571359],[76.086328,22.571359],[76.086143,22.571323],[76.085983,22.571258],[76.085858,22.571174],[76.085835,22.571115],[76.085837,22.570952],[76.085875,22.570853],[76.085965,22.570752],[76.086107,22.570663],[76.086226,22.570585],[76.086381,22.570484],[76.086494,22.570395],[76.086589,22.57027],[76.086613,22.570199],[76.086643,22.570098],[76.086673,22.569925],[76.086663,22.569617],[76.085739,22.569592],[76.085702,22.56944],[76.085679,22.569376],[76.085632,22.569101],[76.085617,22.569029],[76.085597,22.568818],[76.085586,22.568669],[76.085585,22.568545],[76.085581,22.568457],[76.085601,22.56838],[76.08563,22.568319],[76.085678,22.568266],[76.085757,22.568215],[76.085881,22.568145],[76.086125,22.568015],[76.086274,22.567882],[76.086447,22.567661],[76.086541,22.567442],[76.086648,22.567295],[76.086761,22.567184],[76.086922,22.567085],[76.087034,22.567002],[76.087607,22.566954],[76.087676,22.566948],[76.087749,22.566937],[76.087887,22.56688],[76.088096,22.566759],[76.088439,22.566487],[76.088689,22.566189],[76.08885,22.565963],[76.089058,22.565696],[76.089258,22.5657],[76.089671,22.565755],[76.090064,22.565779],[76.090248,22.565791],[76.090343,22.565785],[76.090414,22.565779],[76.090563,22.565725],[76.090741,22.565612],[76.091051,22.565431],[76.091248,22.565349],[76.091432,22.565302],[76.091781,22.565213],[76.09185,22.565195],[76.092315,22.564999],[76.092551,22.564886],[76.092619,22.564864],[76.092666,22.564857],[76.092775,22.564861],[76.092966,22.564842],[76.093448,22.564625],[76.094281,22.564202],[76.094488,22.56427],[76.09485,22.564335],[76.095073,22.564403],[76.095452,22.564573],[76.095827,22.564742],[76.095861,22.564757],[76.095935,22.564792],[76.096185,22.564882],[76.096291,22.564921],[76.096607,22.565019],[76.096707,22.56505],[76.096854,22.565083],[76.097931,22.565298],[76.098308,22.565327],[76.098546,22.565321],[76.098826,22.565261],[76.099268,22.565169],[76.099573,22.565105],[76.099781,22.565063],[76.100045,22.565],[76.100182,22.56497],[76.100324,22.564885],[76.100435,22.564725],[76.100589,22.564501],[76.100771,22.564265],[76.100855,22.564149],[76.10091,22.564117],[76.100975,22.564103],[76.101223,22.56411],[76.101794,22.564244],[76.102683,22.564634],[76.103139,22.564195],[76.103325,22.564436],[76.103426,22.564634],[76.103428,22.564639],[76.103454,22.56472],[76.103489,22.564875],[76.103513,22.56513],[76.103501,22.565452],[76.103472,22.565826],[76.103367,22.566413],[76.103323,22.566671],[76.103323,22.566861],[76.103316,22.566996],[76.103347,22.567139],[76.103466,22.567409],[76.103653,22.567682],[76.103696,22.567738],[76.103829,22.567697],[76.104265,22.56753],[76.104513,22.567418],[76.104736,22.567343],[76.104932,22.567272],[76.105226,22.56767],[76.105647,22.568332],[76.105687,22.568336],[76.10574,22.568337],[76.105835,22.568317],[76.106071,22.568232],[76.106248,22.568171],[76.107089,22.567918],[76.107358,22.567814],[76.107689,22.567617],[76.108022,22.567379],[76.108457,22.567153],[76.109194,22.566772],[76.109194,22.566759],[76.109078,22.566724],[76.108665,22.566707],[76.108278,22.566772],[76.107915,22.566897],[76.107659,22.566969],[76.107534,22.567003],[76.107287,22.567021],[76.106922,22.567004],[76.106785,22.567004],[76.106458,22.566974],[76.106035,22.566873],[76.105839,22.566838],[76.105589,22.566778],[76.105345,22.566689],[76.105167,22.566576],[76.104959,22.566433],[76.104685,22.566171],[76.104417,22.565844],[76.104015,22.565175],[76.103983,22.565086],[76.103952,22.564929],[76.103922,22.564772],[76.103895,22.564612],[76.1039,22.564608],[76.103966,22.564613],[76.10423,22.564646],[76.10449,22.564683],[76.104766,22.564716],[76.104863,22.56473],[76.104978,22.564746],[76.105258,22.564777],[76.105672,22.564831],[76.105914,22.56487],[76.105857,22.564187],[76.105845,22.564048],[76.104429,22.56378],[76.104435,22.562576],[76.104644,22.562584],[76.104818,22.562593],[76.10519,22.562631],[76.105482,22.561609],[76.105615,22.561615],[76.107349,22.561691],[76.107361,22.561683],[76.107433,22.56147],[76.107495,22.56125],[76.10644,22.561091],[76.106018,22.561073],[76.105429,22.561026],[76.10503,22.561044],[76.104667,22.561151],[76.104397,22.561283],[76.104249,22.56128],[76.103307,22.560488],[76.103204,22.560401],[76.10349,22.55961],[76.103506,22.559566],[76.103773,22.558827],[76.099807,22.556416],[76.098237,22.55547],[76.096939,22.554562],[76.09688,22.554526],[76.09668,22.554435],[76.096569,22.554403],[76.096343,22.554394],[76.096026,22.554424],[76.095531,22.55447],[76.095091,22.554582],[76.094618,22.554704],[76.094374,22.554766],[76.094236,22.554844],[76.09415,22.554875],[76.094014,22.55492],[76.093797,22.555012],[76.093716,22.555051],[76.09343,22.555221],[76.093074,22.555426],[76.093062,22.555432],[76.092891,22.555522],[76.092693,22.555625],[76.092416,22.555786],[76.092196,22.555939],[76.092123,22.555998],[76.091962,22.55612],[76.091816,22.556217],[76.091238,22.556698],[76.091217,22.556722],[76.091088,22.55684],[76.090934,22.556981],[76.090716,22.557115],[76.090608,22.557135],[76.090438,22.557128],[76.090303,22.557068],[76.090194,22.557008],[76.09014,22.556964],[76.0901,22.556916],[76.090082,22.556898],[76.090055,22.55685],[76.089993,22.556757],[76.089971,22.55672],[76.089882,22.55654],[76.089854,22.55643],[76.08981,22.556031],[76.089783,22.555493],[76.089757,22.555349],[76.089741,22.555299],[76.089712,22.555248],[76.089579,22.555071],[76.089522,22.555011],[76.089295,22.554761],[76.089143,22.554588],[76.089062,22.554467],[76.08898,22.554291],[76.088867,22.553984],[76.088778,22.553713],[76.088657,22.553269],[76.088606,22.553139],[76.088538,22.55297],[76.08848,22.552811],[76.088472,22.552792],[76.088413,22.552626],[76.088354,22.552459],[76.088311,22.55231],[76.088301,22.552281],[76.088267,22.552172],[76.088228,22.552026],[76.088154,22.55175],[76.088004,22.551288],[76.087965,22.55119],[76.087912,22.550996],[76.087887,22.550861],[76.08782,22.550531],[76.087726,22.550297],[76.087655,22.550154],[76.087598,22.550054],[76.087574,22.550011],[76.087447,22.549847],[76.087412,22.549816],[76.087336,22.549726],[76.0872,22.54961],[76.087127,22.549578],[76.087022,22.54954],[76.08695,22.549488],[76.086877,22.549321],[76.086828,22.549279],[76.086779,22.549207],[76.086745,22.5491],[76.086649,22.54871],[76.086631,22.548425],[76.086621,22.548366],[76.086594,22.548125],[76.086498,22.547644],[76.086466,22.547534],[76.086385,22.547308],[76.086318,22.547166],[76.086212,22.546987],[76.086074,22.546814],[76.086022,22.546748],[76.085962,22.54666],[76.085851,22.546432],[76.085709,22.546241],[76.085596,22.546111],[76.085423,22.545884],[76.085371,22.545813],[76.085326,22.545696],[76.085316,22.545641],[76.085343,22.545454],[76.085331,22.545283],[76.085304,22.545212],[76.085187,22.545079],[76.085156,22.545016],[76.08512,22.544885],[76.08512,22.544808],[76.085172,22.54429],[76.085179,22.544246],[76.085194,22.544129],[76.085215,22.544006],[76.08523,22.543894],[76.08525,22.543764],[76.085275,22.543617],[76.085306,22.543469],[76.085317,22.543411],[76.085417,22.54316],[76.085524,22.543023],[76.085596,22.542976],[76.086076,22.542829],[76.086307,22.54267],[76.086413,22.542557],[76.086496,22.542387],[76.086595,22.542054],[76.086779,22.541613],[76.086881,22.541304],[76.086919,22.541083],[76.086939,22.540835],[76.086929,22.54071],[76.086962,22.540423],[76.086992,22.540316],[76.087116,22.540032],[76.086688,22.539745],[76.086217,22.539559],[76.085489,22.539345],[76.084675,22.539245],[76.084033,22.539159],[76.083276,22.539074],[76.082006,22.53886],[76.081149,22.538617],[76.080393,22.538441],[76.080378,22.538303],[76.080392,22.538074],[76.080464,22.537832],[76.080621,22.537632],[76.080978,22.537446],[76.081163,22.537304],[76.081392,22.537047],[76.081434,22.536961],[76.081549,22.536675],[76.081577,22.536433],[76.081534,22.536061],[76.081406,22.535747],[76.081263,22.535519],[76.081149,22.53529],[76.081049,22.535076],[76.080963,22.534848],[76.080935,22.534448],[76.080935,22.534177],[76.08092,22.534034],[76.080792,22.533606],[76.080649,22.533349],[76.080492,22.533192],[76.080249,22.532963],[76.08005,22.532821],[76.079921,22.532706],[76.07965,22.532449],[76.07945,22.53225],[76.079332,22.532172],[76.078774,22.531513],[76.078436,22.531036],[76.078094,22.530436],[76.077909,22.529422],[76.077535,22.528618],[76.077031,22.528132],[76.076731,22.527623],[76.07651,22.527055],[76.076466,22.526035],[76.07642,22.525825],[76.076006,22.526491],[76.075221,22.527405],[76.074821,22.52769],[76.074545,22.527914],[76.074145,22.528281],[76.073717,22.528504],[76.073565,22.528657],[76.072875,22.529047],[76.071219,22.530018],[76.070852,22.530175],[76.070576,22.530303],[76.070276,22.530432],[76.069748,22.530741],[76.06824,22.531369],[76.067916,22.531469],[76.067554,22.531612],[76.06714,22.531807],[76.066693,22.532073],[76.066255,22.532278],[76.065042,22.532668],[76.064956,22.532702],[76.064532,22.532744],[76.064252,22.532759],[76.063871,22.532759],[76.063314,22.532778],[76.063019,22.532802],[76.062762,22.53284],[76.061991,22.533106],[76.06171,22.53323],[76.061463,22.53332],[76.061201,22.533454],[76.06092,22.533539],[76.060601,22.53363],[76.060344,22.533701],[76.06004,22.533758],[76.059583,22.533772],[76.059117,22.53373],[76.058784,22.533711],[76.058527,22.533706],[76.058212,22.533601],[76.057313,22.533273],[76.056575,22.532968],[76.055184,22.53217],[76.055124,22.532135],[76.054886,22.531974],[76.054634,22.531802],[76.054453,22.531674],[76.054234,22.531555],[76.054048,22.531431],[76.053882,22.531326],[76.053692,22.531222],[76.053435,22.531122],[76.053282,22.531098],[76.052863,22.531007],[76.052343,22.530967],[76.052213,22.530944],[76.052015,22.530946],[76.051678,22.531012],[76.051041,22.531179],[76.049789,22.531636],[76.048828,22.532054],[76.0476,22.532535],[76.047281,22.532683],[76.046948,22.532902],[76.046472,22.533154],[76.046268,22.533325],[76.045873,22.533615],[76.045378,22.533953],[76.044783,22.534296],[76.044359,22.534434],[76.044002,22.534505],[76.04355,22.534558],[76.043141,22.534572],[76.042865,22.534548],[76.042703,22.534467],[76.042304,22.533644],[76.041847,22.532221],[76.041766,22.532007],[76.041699,22.531717],[76.04159,22.531479],[76.041447,22.531207],[76.041361,22.530988],[76.041285,22.530812],[76.041038,22.530493],[76.04069,22.530051],[76.040424,22.529746],[76.039587,22.529332],[76.039428,22.529254],[76.039262,22.529185],[76.038972,22.529075],[76.038701,22.528971],[76.038268,22.528804],[76.037616,22.528628],[76.036317,22.528214],[76.03596,22.528147],[76.035617,22.528085],[76.035346,22.528047],[76.035032,22.527995],[76.034665,22.527938],[76.034004,22.527914],[76.033409,22.528053],[76.032905,22.528076],[76.032024,22.528171],[76.031858,22.528204],[76.031672,22.528262],[76.03142,22.528338],[76.031206,22.528447],[76.030939,22.528614],[76.030687,22.528756],[76.030473,22.528956],[76.030259,22.529266],[76.029916,22.529761],[76.029597,22.53037],[76.029421,22.530796],[76.029026,22.531253],[76.028888,22.531355],[76.028262,22.531677],[76.025475,22.532822],[76.020761,22.534131],[76.019283,22.534594],[76.015533,22.535888],[76.009574,22.538115],[76.006034,22.539467],[75.997262,22.543275],[75.996309,22.543681],[75.99465,22.544549],[75.986974,22.55],[75.986465,22.550279],[75.985467,22.550914],[75.984999,22.551212],[75.983433,22.552458],[75.983624,22.552523],[75.984228,22.552695],[75.984665,22.552825],[75.985085,22.552968],[75.985431,22.553091],[75.985787,22.553214],[75.98608,22.553316],[75.986313,22.553421],[75.986913,22.553662],[75.987172,22.553766],[75.987503,22.55389],[75.987781,22.554023],[75.988078,22.554134],[75.988407,22.554269],[75.988667,22.554367],[75.989222,22.554603],[75.989369,22.55467],[75.989627,22.554761],[75.990243,22.555075],[75.990516,22.555214],[75.990827,22.555374],[75.991115,22.55554],[75.991404,22.555705],[75.991693,22.555862],[75.991867,22.555958],[75.99212,22.556118],[75.992563,22.556367],[75.992726,22.556461],[75.992923,22.556549],[75.993137,22.556631],[75.993537,22.556734],[75.993787,22.556803],[75.994105,22.556882],[75.994662,22.557007],[75.994893,22.557071],[75.995148,22.557167],[75.995674,22.557361],[75.996005,22.557476],[75.996257,22.55759],[75.996533,22.557723],[75.996775,22.557842],[75.997216,22.558088],[75.997356,22.558172],[75.997466,22.558266],[75.997658,22.558565],[75.997713,22.558667],[75.997741,22.558747],[75.997931,22.559047],[75.997989,22.559194],[75.998138,22.559441],[75.998328,22.559548],[75.998667,22.559662],[75.998829,22.559716],[75.99906,22.559808],[75.999479,22.559985],[75.999803,22.560173],[75.99997,22.560279],[76.000056,22.5604],[76.00011,22.560595],[76.00011,22.561055],[76.000001,22.561602],[75.99989,22.561873],[75.999749,22.562175],[75.999678,22.56238],[75.999648,22.562467],[75.999636,22.562593],[75.999697,22.562846],[75.999699,22.562858],[75.999721,22.562986],[75.999722,22.563071],[75.999767,22.56322],[75.999836,22.563462],[75.999835,22.563573],[75.999711,22.563776],[75.999703,22.563788],[75.999577,22.563981],[75.999627,22.564056],[75.999777,22.56425],[76.000156,22.564684],[76.000355,22.564877],[76.000564,22.565067],[76.000758,22.565231],[76.00097,22.56541],[76.001459,22.565795],[76.001865,22.566075],[76.002226,22.566302],[76.002473,22.566504],[76.002533,22.566574],[76.002614,22.566785],[76.002732,22.566938],[76.002981,22.567264],[76.003093,22.567208],[76.003529,22.567081],[76.003914,22.567005],[76.004109,22.566956],[76.004456,22.566901],[76.004575,22.566892],[76.004789,22.566877],[76.005158,22.566867],[76.005258,22.56687],[76.005267,22.566873],[76.005453,22.566938],[76.00576,22.567078],[76.006031,22.567224],[76.006169,22.567308],[76.006228,22.567343],[76.006271,22.567401],[76.006287,22.567681],[76.006308,22.567979],[76.006272,22.568419],[76.006253,22.568452],[76.006689,22.568644],[76.007151,22.568845],[76.007193,22.568803],[76.0072,22.568765],[76.007247,22.568496],[76.00729,22.568275],[76.007341,22.567946],[76.009698,22.568966],[76.009883,22.56944],[76.009888,22.569435],[76.00998,22.569334],[76.01028,22.569067],[76.010565,22.568807],[76.010825,22.568572],[76.011013,22.5684],[76.011231,22.568193],[76.011435,22.568173],[76.011961,22.568203],[76.01221,22.568212],[76.012514,22.568215],[76.012766,22.56823],[76.013074,22.568247],[76.013308,22.568263],[76.013579,22.568277],[76.013852,22.568283],[76.014089,22.568297],[76.014197,22.568296],[76.014599,22.568325],[76.014863,22.568343],[76.015063,22.56836],[76.015383,22.568377],[76.015541,22.568382],[76.015816,22.568399],[76.016203,22.568425],[76.016444,22.568445],[76.016623,22.56846],[76.016808,22.568465],[76.017095,22.568482],[76.017232,22.568488],[76.017546,22.56851],[76.017779,22.568523],[76.018087,22.568547],[76.018484,22.56857],[76.018724,22.568596],[76.018884,22.568624],[76.019032,22.568702],[76.019247,22.568873],[76.019439,22.569025],[76.019671,22.56921],[76.019918,22.569415],[76.02013,22.569582],[76.020331,22.569745],[76.020535,22.569907],[76.020722,22.570055],[76.020907,22.57021],[76.021082,22.570357],[76.021181,22.570459],[76.021747,22.570338],[76.022102,22.570265],[76.022435,22.570196],[76.022678,22.570132],[76.022804,22.570097],[76.023036,22.570051],[76.023387,22.569984],[76.023801,22.569925],[76.024092,22.570998],[76.024362,22.571993],[76.024447,22.572426],[76.024743,22.573934],[76.025895,22.577218],[76.025034,22.57742],[76.023745,22.577723],[76.023712,22.577733],[76.023355,22.577797],[76.022955,22.57789],[76.022555,22.578001],[76.022363,22.578054],[76.021813,22.578197],[76.021171,22.57834],[76.020749,22.57844],[76.020207,22.578547],[76.019479,22.578661],[76.018908,22.578754],[76.018472,22.578782],[76.018258,22.578768],[76.017851,22.578747],[76.017195,22.578761],[76.016781,22.578754],[76.016595,22.578775],[76.016174,22.578868],[76.015696,22.578968],[76.014396,22.579182],[76.011767,22.579523],[76.011845,22.579679],[76.011869,22.579929],[76.011833,22.580095],[76.011714,22.580214],[76.011631,22.580286],[76.011333,22.580393],[76.011048,22.580452],[76.010846,22.580464],[76.010608,22.580452],[76.010108,22.580464],[76.009715,22.5805],[76.009275,22.580559],[76.008906,22.580607],[76.007943,22.580536],[76.007502,22.580524],[76.007074,22.580524],[76.006955,22.580548],[76.00686,22.580655],[76.006801,22.580774],[76.006765,22.580893],[76.006836,22.581119],[76.006872,22.581238],[76.007015,22.58138],[76.007229,22.581535],[76.007419,22.581583],[76.007574,22.581725],[76.007705,22.581951],[76.0078,22.582273],[76.007955,22.582701],[76.008074,22.583201],[76.008121,22.583546],[76.008062,22.583831],[76.008062,22.58401],[76.008181,22.584188],[76.008216,22.584414],[76.008181,22.584664],[76.008121,22.585092],[76.008026,22.585414],[76.008026,22.585675],[76.007978,22.585878],[76.00792,22.586094],[76.00791,22.586148],[76.007834,22.586565],[76.008277,22.586608],[76.009769,22.586665],[76.011118,22.586737],[76.011996,22.586758],[76.012432,22.586794],[76.012767,22.586886],[76.012953,22.586986],[76.013067,22.587229],[76.013317,22.587543],[76.013674,22.588107],[76.014216,22.588814],[76.014694,22.589471],[76.015037,22.589992],[76.015094,22.590106],[76.015294,22.590256],[76.015672,22.59052],[76.015994,22.590677],[76.016222,22.590841],[76.016443,22.59102],[76.016622,22.591184],[76.016779,22.591348],[76.01715,22.591669],[76.017485,22.592062],[76.01785,22.592426],[76.018171,22.592619],[76.018563,22.592954],[76.01882,22.593154],[76.019092,22.593354],[76.019384,22.593561],[76.019598,22.593682],[76.019606,22.593768],[76.019399,22.593775],[76.019349,22.594432],[76.020027,22.594482],[76.020676,22.594546],[76.020698,22.59471],[76.020691,22.595103],[76.020626,22.595595],[76.020591,22.595802],[76.020591,22.595981],[76.020576,22.596223],[76.020591,22.59643],[76.020491,22.596438],[76.020327,22.59648],[76.020134,22.596495],[76.019941,22.596502],[76.019756,22.596495],[76.019713,22.596552],[76.019627,22.596802],[76.019434,22.59728],[76.019377,22.597401],[76.019313,22.597416],[76.01922,22.597437],[76.019049,22.597694],[76.01892,22.597858],[76.018835,22.598044],[76.018742,22.598236],[76.018613,22.598479],[76.018413,22.598793],[76.018214,22.599093],[76.018049,22.599293],[76.01765,22.599728],[76.017264,22.600135],[76.016857,22.600578],[76.016643,22.600849],[76.016129,22.601542],[76.015808,22.601934],[76.015444,22.602341],[76.015401,22.602412],[76.014937,22.604233],[76.014809,22.604939],[76.014716,22.605268],[76.01463,22.60561],[76.014537,22.606167],[76.014459,22.60641],[76.014295,22.606424],[76.013873,22.606417],[76.013895,22.606952],[76.013859,22.607331],[76.013859,22.607638],[76.013845,22.608366],[76.013859,22.608823],[76.013831,22.609101],[76.013866,22.609487],[76.013873,22.609729],[76.013866,22.610415],[76.013802,22.611257],[76.013766,22.61145],[76.013724,22.611542],[76.013574,22.611607],[76.013517,22.611664],[76.013488,22.611921],[76.013517,22.612092],[76.013538,22.612278],[76.013595,22.61262],[76.013652,22.612892],[76.013766,22.613141],[76.013859,22.61337],[76.014044,22.613661],[76.013507,22.613712],[76.013326,22.613757],[76.012781,22.613891],[76.012103,22.613998],[76.011651,22.61401],[76.010878,22.614081],[76.010319,22.614081],[76.009795,22.613962],[76.008665,22.614057],[76.007915,22.614236],[76.005155,22.614593],[76.002847,22.614736],[76.000396,22.614914],[76.001289,22.616675],[76.0018,22.617532],[76.001976,22.618084],[76.002185,22.618304],[76.00241,22.61853],[76.00244,22.618559],[76.00245,22.61868],[76.002448,22.619049],[76.002448,22.619156],[76.002455,22.619482],[76.002456,22.620042],[76.002469,22.620292],[76.002465,22.620488],[76.00247,22.62066],[76.002498,22.621125],[76.002512,22.621263],[76.002522,22.62139],[76.002586,22.621726],[76.00264,22.621903],[76.002765,22.622099],[76.002836,22.622236],[76.002937,22.62239],[76.00305,22.622569],[76.003086,22.622652],[76.003086,22.622741],[76.003074,22.622854],[76.003062,22.62295],[76.003062,22.623051],[76.003098,22.623146],[76.003128,22.623271],[76.003158,22.623562],[76.003205,22.623782],[76.003265,22.62405],[76.003312,22.624568],[76.00336,22.625145],[76.003366,22.625293],[76.00339,22.625448],[76.003461,22.625597],[76.00352,22.625734],[76.003574,22.62596],[76.003616,22.626233],[76.003639,22.626435],[76.003687,22.626739],[76.003729,22.627024],[76.003729,22.627161],[76.003687,22.627239],[76.003723,22.627524],[76.003812,22.628184],[76.003925,22.628773],[76.004109,22.629856],[76.004252,22.629975],[76.004371,22.630546],[76.004442,22.631087],[76.004573,22.631837],[76.004645,22.63258],[76.004782,22.633621],[76.004847,22.63421],[76.004901,22.634407],[76.005002,22.634656],[76.005002,22.634918],[76.005025,22.635299],[76.005037,22.635531],[76.005085,22.635894],[76.005097,22.636221],[76.005067,22.63659],[76.005031,22.637173],[76.005012,22.637257],[76.005008,22.637274],[76.004912,22.637339],[76.004823,22.637399],[76.004728,22.6375],[76.004639,22.637661],[76.004561,22.637869],[76.004508,22.638071],[76.004454,22.638333],[76.00446,22.638785],[76.004442,22.639094],[76.004448,22.639439],[76.004448,22.639975],[76.004454,22.640837],[76.004454,22.641242],[76.004437,22.641468],[76.004371,22.641628],[76.004205,22.641753],[76.004008,22.641819],[76.00383,22.641872],[76.00361,22.641878],[76.003164,22.64195],[76.002307,22.642045],[76.002051,22.642086],[76.00195,22.641474],[76.001831,22.640998],[76.001766,22.64026],[76.001712,22.640052],[76.001046,22.639998],[76.000742,22.639951],[76.00051,22.639927],[76.000231,22.639915],[75.999892,22.639915],[75.999594,22.639885],[75.998797,22.639844],[75.998434,22.639844],[75.998066,22.639891],[75.997572,22.639951],[75.99709,22.639951],[75.99659,22.639957],[75.996442,22.639981],[75.996275,22.640052],[75.996079,22.640052],[75.995972,22.640022],[75.995888,22.639969],[75.995823,22.639927],[75.995704,22.639909],[75.99549,22.639939],[75.995282,22.639986],[75.995032,22.640034],[75.994592,22.640082],[75.994175,22.640111],[75.993878,22.640147],[75.993574,22.640135],[75.993348,22.640135],[75.99311,22.640135],[75.992712,22.640165],[75.992224,22.640207],[75.991772,22.640254],[75.991231,22.640332],[75.990808,22.640391],[75.990612,22.640421],[75.99016,22.640439],[75.989678,22.640391],[75.988637,22.64026],[75.988232,22.640207],[75.987626,22.640105],[75.98715,22.64007],[75.986376,22.640129],[75.985639,22.640195],[75.985606,22.640223],[75.985556,22.640266],[75.985526,22.640415],[75.98549,22.640599],[75.985466,22.640766],[75.985425,22.640813],[75.985312,22.640849],[75.984973,22.640914],[75.984628,22.640998],[75.984288,22.641093],[75.984449,22.641628],[75.98414,22.641777],[75.984152,22.642122],[75.984169,22.642378],[75.983515,22.642479],[75.983051,22.642408],[75.982998,22.642431],[75.983033,22.642556],[75.98313,22.642975],[75.983275,22.643455],[75.983314,22.643612],[75.983325,22.643755],[75.983325,22.643883],[75.982964,22.644076],[75.982379,22.644793],[75.982375,22.644872],[75.982336,22.644932],[75.982272,22.645043],[75.982208,22.645136],[75.982126,22.645232],[75.982079,22.645321],[75.982047,22.645404],[75.981688,22.645608],[75.981569,22.645684],[75.981357,22.645865],[75.981236,22.645975],[75.981117,22.646072],[75.981026,22.646134],[75.980981,22.646167],[75.980902,22.646234],[75.980845,22.646274],[75.980791,22.646327],[75.980784,22.646377],[75.980769,22.646443],[75.980743,22.646493],[75.980691,22.646546],[75.980624,22.646577],[75.980572,22.646584],[75.980486,22.646577],[75.980412,22.646581],[75.98031,22.646605],[75.980231,22.646643],[75.980165,22.646688],[75.980086,22.646741],[75.979998,22.646803],[75.979903,22.64685],[75.979832,22.6469],[75.97976,22.646957],[75.979653,22.647017],[75.979594,22.647045],[75.979527,22.64705],[75.979463,22.647067],[75.979415,22.647102],[75.979361,22.647172],[75.979308,22.647205],[75.979239,22.647267],[75.979196,22.647307],[75.979132,22.647333],[75.979068,22.647359],[75.978956,22.647395],[75.97887,22.647448],[75.978794,22.647488],[75.978675,22.64754],[75.978587,22.647559],[75.978497,22.647609],[75.978399,22.647676],[75.978347,22.647776],[75.978318,22.647831],[75.978268,22.647878],[75.978223,22.647933],[75.97818,22.647969],[75.978161,22.648011],[75.978135,22.648042],[75.978076,22.648083],[75.977973,22.648149],[75.977902,22.64819],[75.977854,22.648252],[75.977814,22.648295],[75.977762,22.648302],[75.977685,22.648326],[75.977605,22.648342],[75.977547,22.648366],[75.977488,22.648402],[75.977433,22.648461],[75.977378,22.648504],[75.977329,22.648568],[75.977286,22.64863],[75.977257,22.648659],[75.97721,22.648685],[75.977188,22.648706],[75.977181,22.64873],[75.977186,22.648759],[75.977169,22.64879],[75.97711,22.648832],[75.977053,22.648854],[75.976969,22.648901],[75.976898,22.648958],[75.976796,22.649008],[75.97665,22.649094],[75.976548,22.64917],[75.976493,22.649206],[75.976441,22.649225],[75.976324,22.649258],[75.976186,22.649311],[75.976039,22.649356],[75.975918,22.649408],[75.975865,22.649439],[75.975791,22.649506],[75.975753,22.649544],[75.975691,22.64962],[75.975606,22.649722],[75.975515,22.649789],[75.975423,22.649841],[75.975339,22.649877],[75.975275,22.649896],[75.975246,22.64991],[75.97522,22.649934],[75.975182,22.649965],[75.975128,22.649984],[75.97507,22.650015],[75.975023,22.650036],[75.97499,22.650072],[75.974916,22.65011],[75.974871,22.650122],[75.974813,22.650129],[75.974778,22.650153],[75.974721,22.650201],[75.974635,22.650274],[75.974564,22.650324],[75.974461,22.650343],[75.974366,22.650358],[75.974292,22.65036],[75.974308,22.65037],[75.975843,22.655519],[75.975867,22.655888],[75.975807,22.656685],[75.975736,22.657958],[75.975736,22.658399],[75.975712,22.659053],[75.975724,22.659624],[75.975688,22.659933],[75.975677,22.660528],[75.975534,22.661254],[75.975415,22.661837],[75.975367,22.662218],[75.975367,22.662658],[75.975367,22.66305],[75.975486,22.663955],[75.975546,22.664466],[75.975474,22.664799],[75.97545,22.665323],[75.975379,22.665644],[75.975272,22.665858],[75.975153,22.666049],[75.974951,22.666417],[75.974891,22.666965],[75.974784,22.667369],[75.974594,22.667714],[75.974487,22.668131],[75.974415,22.668809],[75.97432,22.669178],[75.974201,22.669713],[75.974225,22.669868],[75.97407,22.670034],[75.973928,22.67032],[75.973928,22.670653],[75.97394,22.670926],[75.973987,22.671271],[75.973868,22.671545],[75.973792,22.671607],[75.973847,22.671692],[75.973726,22.672525],[75.973609,22.673334],[75.973157,22.674666],[75.973322,22.677226],[75.973519,22.678949],[75.973501,22.679053],[75.973453,22.679273],[75.973364,22.679433],[75.973358,22.679618],[75.973364,22.679999],[75.973393,22.680284],[75.973495,22.680944],[75.973614,22.681658],[75.973631,22.682307],[75.973649,22.682771],[75.973661,22.683252],[75.973786,22.683788],[75.973828,22.684061],[75.973847,22.684171],[75.973929,22.684639],[75.973981,22.68478],[75.974006,22.684847],[75.974054,22.68515],[75.97406,22.685453],[75.974066,22.685656],[75.974083,22.68587],[75.974078,22.686203],[75.974107,22.686566],[75.974125,22.686744],[75.974179,22.686863],[75.974274,22.686994],[75.974292,22.687095],[75.974292,22.687214],[75.974292,22.687357],[75.974304,22.687506],[75.974333,22.687869],[75.974417,22.688249],[75.974476,22.688577],[75.974506,22.688874],[75.974583,22.689273],[75.974619,22.689475],[75.974672,22.689612],[75.974714,22.689695],[75.974762,22.68976],[75.974762,22.689879],[75.974744,22.690141],[75.974714,22.690373],[75.974702,22.690599],[75.974708,22.690867],[75.974732,22.691152],[75.974768,22.691384],[75.974726,22.691688],[75.974666,22.691819],[75.974726,22.692235],[75.974738,22.692883],[75.974774,22.693246],[75.974898,22.693431],[75.974893,22.693758],[75.974922,22.69399],[75.974946,22.694275],[75.974934,22.694507],[75.974922,22.694739],[75.974845,22.695001],[75.974821,22.695162],[75.974815,22.695489],[75.974797,22.696054],[75.974744,22.696453],[75.974708,22.696625],[75.974631,22.696839],[75.974512,22.697089],[75.97444,22.697351],[75.97428,22.697963],[75.974143,22.698184],[75.97403,22.698422],[75.973911,22.698475],[75.973637,22.698493],[75.973548,22.698713],[75.973453,22.698814],[75.973376,22.698939],[75.973298,22.699195],[75.973239,22.699409],[75.973161,22.699736],[75.973102,22.700159],[75.973037,22.700385],[75.972947,22.700866],[75.972816,22.701473],[75.972725,22.701876],[75.972659,22.702006],[75.972546,22.702209],[75.972308,22.702857],[75.972183,22.703327],[75.97213,22.7035],[75.971999,22.703928],[75.971844,22.704529],[75.971707,22.704939],[75.9716,22.705361],[75.971499,22.705689],[75.97122,22.706283],[75.971,22.706813],[75.970904,22.707081],[75.97069,22.707497],[75.970732,22.707616],[75.970714,22.707907],[75.97066,22.708187],[75.970619,22.708603],[75.970565,22.708919],[75.970547,22.709139],[75.970304,22.70918],[75.97028,22.709335],[75.970244,22.709615],[75.970155,22.710305],[75.970123,22.710466],[75.970066,22.710757],[75.969996,22.710971],[75.971184,22.711894],[75.972051,22.712357],[75.97243,22.7126],[75.972729,22.712793],[75.973289,22.713061],[75.9737,22.71325],[75.97373,22.713288],[75.973734,22.713382],[75.975162,22.714218],[75.97698,22.715294],[75.977327,22.715502],[75.97732,22.715894],[75.977314,22.716212],[75.977298,22.717051],[75.977295,22.717229],[75.97808,22.717378],[75.978068,22.717711],[75.979775,22.718086],[75.979773,22.718294],[75.979768,22.718639],[75.979767,22.718719],[75.979767,22.71877],[75.979777,22.718971],[75.979909,22.718987],[75.980801,22.719597],[75.9814,22.719713],[75.98153,22.719727],[75.981545,22.719867],[75.98159,22.719999],[75.981608,22.720049],[75.981654,22.720219],[75.981762,22.720623],[75.98179,22.720735],[75.981904,22.720731],[75.982496,22.720722],[75.982595,22.720721],[75.982609,22.720784],[75.982857,22.721916],[75.982934,22.722166],[75.983315,22.72222],[75.983321,22.722351],[75.983594,22.722333],[75.983721,22.722325],[75.983738,22.722324],[75.983769,22.722325],[75.983806,22.722325],[75.983877,22.722319],[75.984003,22.722308],[75.984005,22.722366],[75.984638,22.722354],[75.984885,22.722339],[75.984913,22.722334],[75.985088,22.722303],[75.98521,22.722303],[75.985273,22.722303],[75.98546,22.722303],[75.985451,22.722375],[75.985401,22.722874],[75.985394,22.723103],[75.985422,22.723292],[75.985458,22.723411],[75.985535,22.723494],[75.985636,22.723554],[75.985803,22.723589],[75.986267,22.723583],[75.986582,22.723583],[75.986975,22.723571],[75.987498,22.723554],[75.987849,22.723524],[75.988474,22.723405],[75.988712,22.723345],[75.988694,22.723577],[75.988688,22.723809],[75.98867,22.724077],[75.988658,22.724345],[75.988664,22.724553],[75.988694,22.724761],[75.988718,22.724892],[75.988819,22.725273],[75.988884,22.725558],[75.988908,22.725677],[75.98892,22.725856],[75.988973,22.72623],[75.989003,22.726397],[75.989051,22.7267],[75.989098,22.72695],[75.98917,22.72717],[75.989301,22.727492],[75.989491,22.72795],[75.989628,22.728283],[75.990187,22.729663],[75.990288,22.729823],[75.990389,22.729901],[75.990586,22.729996],[75.990693,22.730067],[75.990859,22.730145],[75.990931,22.730317],[75.991002,22.730513],[75.991157,22.730882],[75.991207,22.731042],[75.992081,22.731018],[75.993401,22.731018],[75.993473,22.731233],[75.993603,22.731233],[75.994448,22.731197],[75.995995,22.731149],[75.996221,22.731149],[75.998362,22.731328],[75.999029,22.731447],[75.999493,22.731518],[75.999885,22.731447],[76.000278,22.731292],[76.000397,22.731161],[76.000409,22.730983],[76.000373,22.730781],[76.000278,22.730638],[76.000171,22.730436],[76.000071,22.730259],[76.001054,22.730414],[76.002005,22.730557],[76.002505,22.730569],[76.002981,22.730545],[76.003683,22.730462],[76.004587,22.7302],[76.005372,22.730045],[76.005991,22.729962],[76.007383,22.729807],[76.008561,22.729617],[76.009536,22.729474],[76.010238,22.729296],[76.011119,22.728891],[76.013796,22.728225],[76.015461,22.727916],[76.015509,22.728225],[76.015521,22.728522],[76.015628,22.728737],[76.015699,22.728998],[76.015699,22.729284],[76.015687,22.729498],[76.015687,22.729772],[76.015747,22.730117],[76.015711,22.730355],[76.015711,22.730521],[76.015711,22.730807],[76.015742,22.731013],[76.015926,22.73096],[76.016319,22.730841],[76.016705,22.730763],[76.017104,22.730692],[76.017621,22.730561],[76.018026,22.730484],[76.018139,22.730418],[76.018187,22.730365],[76.018252,22.730305],[76.018312,22.730222],[76.018347,22.730133],[76.018371,22.729948],[76.018401,22.7298],[76.018419,22.729716],[76.018419,22.729585],[76.018377,22.72946],[76.018365,22.729377],[76.018377,22.729312],[76.018359,22.729217],[76.018329,22.729074],[76.018335,22.728991],[76.018472,22.728895],[76.018758,22.728592],[76.018906,22.728402],[76.019025,22.728217],[76.01915,22.728069],[76.019394,22.72792],[76.019876,22.727694],[76.020489,22.727444],[76.021084,22.727301],[76.021298,22.727206],[76.02153,22.727057],[76.02197,22.726897],[76.022773,22.726647],[76.023308,22.726504],[76.023981,22.726302],[76.024819,22.726123],[76.025248,22.726022],[76.0257,22.725921],[76.026051,22.725909],[76.026461,22.725939],[76.026776,22.725933],[76.027383,22.725862],[76.027353,22.725606],[76.027294,22.725207],[76.027223,22.725011],[76.027229,22.724761],[76.027973,22.724661],[76.02902,22.724461],[76.029306,22.724423],[76.029962,22.724318],[76.030495,22.724299],[76.031019,22.72428],[76.032033,22.725817],[76.032718,22.727059],[76.033118,22.72793],[76.033546,22.728672],[76.033996,22.72935],[76.034338,22.729893],[76.034609,22.730229],[76.035316,22.731314],[76.03593,22.732177],[76.036216,22.732648],[76.036423,22.732741],[76.036665,22.732748],[76.036815,22.732955],[76.037001,22.733284],[76.037436,22.733826],[76.037815,22.734333],[76.037957,22.734333],[76.038157,22.734276],[76.038279,22.734226],[76.038429,22.734219],[76.038509,22.734242],[76.038711,22.734068],[76.039782,22.73354],[76.040467,22.733169],[76.04111,22.732883],[76.041859,22.732633],[76.04268,22.732348],[76.043936,22.731891],[76.044372,22.731713],[76.044643,22.73157],[76.044986,22.73142],[76.045571,22.731291],[76.046156,22.731199],[76.047277,22.730956],[76.04889,22.730678],[76.04924,22.730578],[76.050025,22.730285],[76.05136,22.729807],[76.05191,22.729614],[76.052167,22.7295],[76.052367,22.729371],[76.052438,22.729286],[76.052538,22.729264],[76.053131,22.729157],[76.053488,22.72905],[76.054123,22.728843],[76.054023,22.728229],[76.05403,22.727886],[76.054036,22.727829],[76.053984,22.727681],[76.053936,22.727558],[76.053889,22.727462],[76.053827,22.727334],[76.05376,22.727272],[76.053665,22.72721],[76.053508,22.727196],[76.053337,22.727167],[76.053189,22.727086],[76.053099,22.727006],[76.052985,22.726839],[76.052909,22.72672],[76.052856,22.726582],[76.052813,22.726439],[76.052699,22.726316],[76.052547,22.726254],[76.052395,22.72622],[76.052328,22.726149],[76.052323,22.726063],[76.052357,22.72594],[76.052371,22.725787],[76.052452,22.725635],[76.052618,22.725435],[76.052713,22.72524],[76.052766,22.725154],[76.052813,22.724907],[76.052813,22.724697],[76.052756,22.724579],[76.052633,22.724388],[76.052414,22.724207],[76.052304,22.724065],[76.052276,22.723893],[76.052314,22.72375],[76.052423,22.723679],[76.052542,22.723646],[76.052642,22.723622],[76.052699,22.723584],[76.052809,22.72346],[76.052851,22.723298],[76.052856,22.723108],[76.052832,22.722903],[76.052618,22.721952],[76.052499,22.721552],[76.052366,22.721333],[76.05229,22.721262],[76.052161,22.721223],[76.051828,22.721219],[76.051733,22.721214],[76.051681,22.721185],[76.051662,22.721071],[76.051666,22.720947],[76.051676,22.720681],[76.051662,22.720429],[76.051538,22.719915],[76.051452,22.719544],[76.051305,22.719287],[76.051162,22.719039],[76.050967,22.718858],[76.050834,22.718696],[76.050781,22.718558],[76.050738,22.718392],[76.050691,22.718254],[76.050639,22.718121],[76.051098,22.718176],[76.051455,22.718181],[76.051869,22.718185],[76.052216,22.718157],[76.052616,22.718095],[76.053111,22.718005],[76.053449,22.717929],[76.053815,22.717838],[76.054129,22.717752],[76.054315,22.7177],[76.054553,22.717657],[76.054753,22.717629],[76.054891,22.717619],[76.055186,22.717581],[76.055343,22.717543],[76.055452,22.717476],[76.055657,22.717419],[76.056023,22.717367],[76.056433,22.717343],[76.056699,22.717319],[76.05708,22.717305],[76.057389,22.717267],[76.057897,22.717223],[76.058332,22.717159],[76.058832,22.717059],[76.059332,22.716916],[76.059924,22.71673],[76.060338,22.71663],[76.060952,22.716545],[76.06258,22.716238],[76.063807,22.716016],[76.064293,22.715916],[76.064693,22.715909],[76.065285,22.715888],[76.06597,22.715909],[76.067091,22.715845],[76.067741,22.715788],[76.068019,22.715738],[76.068776,22.715574],[76.069418,22.715502],[76.070496,22.71541],[76.07116,22.715317],[76.072427,22.715129],[76.072473,22.715241],[76.072601,22.715993],[76.072616,22.716279],[76.072659,22.716617],[76.072673,22.717045],[76.072678,22.717426],[76.072663,22.71802],[76.072659,22.718325],[76.07264,22.719067],[76.07264,22.719439],[76.072649,22.720143],[76.072637,22.720241],[76.07248,22.720304],[76.072325,22.720346],[76.072016,22.720423],[76.07176,22.720477],[76.071344,22.720554],[76.071112,22.720655],[76.071064,22.720697],[76.071028,22.720828],[76.070909,22.72084],[76.070178,22.720953],[76.069392,22.721072],[76.068536,22.721185],[76.068536,22.721238],[76.068577,22.721464],[76.068625,22.721839],[76.068601,22.72203],[76.068673,22.722791],[76.068839,22.723826],[76.068869,22.724248],[76.068946,22.72517],[76.069053,22.726003],[76.069137,22.726449],[76.069494,22.726497],[76.069642,22.726979],[76.069779,22.72774],[76.069904,22.728389],[76.069999,22.728871],[76.070082,22.729257],[76.0701,22.729418],[76.070178,22.729543],[76.070237,22.729561],[76.07032,22.729561],[76.070439,22.729555],[76.07063,22.729495],[76.071046,22.729412],[76.071236,22.729394],[76.071302,22.729436],[76.071317,22.72973],[76.071328,22.729942],[76.071332,22.730007],[76.071373,22.730393],[76.071433,22.731],[76.071474,22.731482],[76.071653,22.731476],[76.071689,22.731595],[76.071742,22.731952],[76.071814,22.732351],[76.071909,22.73291],[76.071968,22.733136],[76.071998,22.733249],[76.072129,22.733725],[76.072137,22.733758],[76.072212,22.734046],[76.072402,22.734676],[76.072521,22.735057],[76.072771,22.735967],[76.072783,22.736012],[76.073021,22.736919],[76.073223,22.738049],[76.073295,22.738525],[76.073313,22.73867],[76.073336,22.738753],[76.073507,22.738858],[76.073588,22.738997],[76.073659,22.739128],[76.073731,22.739372],[76.073838,22.739928],[76.073871,22.741589],[76.073833,22.741602],[76.073837,22.741675],[76.073971,22.742685],[76.073976,22.742708],[76.074022,22.74292],[76.07409,22.742938],[76.074168,22.742947],[76.074189,22.742965],[76.074209,22.742991],[76.074218,22.743039],[76.074212,22.743098],[76.074195,22.74317],[76.074174,22.743235],[76.074153,22.74331],[76.074135,22.743348],[76.074114,22.743399],[76.074067,22.74347],[76.074049,22.743512],[76.074064,22.743548],[76.074108,22.743583],[76.074174,22.743598],[76.07429,22.743598],[76.0744,22.743565],[76.074462,22.743521],[76.074572,22.7435],[76.074605,22.743545],[76.07462,22.743592],[76.07462,22.743655],[76.074623,22.743702],[76.074644,22.743777],[76.074709,22.743833],[76.074748,22.743884],[76.074721,22.743925],[76.074667,22.743964],[76.074629,22.744032],[76.074617,22.744082],[76.074624,22.744196],[76.074653,22.744275],[76.074666,22.744301],[76.074734,22.744426],[76.074748,22.744562],[76.074748,22.74469],[76.074788,22.744822],[76.07481,22.744988],[76.074853,22.745061],[76.074974,22.745236],[76.07516,22.745403],[76.075302,22.745447],[76.075696,22.745504],[76.07613,22.745631],[76.076122,22.745785],[76.076127,22.745814],[76.076182,22.746013],[76.076192,22.746043],[76.076222,22.746132],[76.076222,22.746254],[76.076229,22.746268],[76.076244,22.746297],[76.076294,22.746357],[76.07624,22.74641],[76.076297,22.746464],[76.076338,22.746483],[76.076374,22.746549],[76.07634,22.746588],[76.076255,22.746633],[76.076225,22.746717],[76.076192,22.746832],[76.076099,22.746902],[76.076064,22.746986],[76.076202,22.747059],[76.076422,22.74709],[76.076556,22.747099],[76.076714,22.747149],[76.076818,22.747221],[76.07686,22.74737],[76.076851,22.747548],[76.076835,22.747695],[76.076837,22.74785],[76.076911,22.748122],[76.0769,22.748272],[76.076904,22.748324],[76.077039,22.748271],[76.077076,22.748271],[76.077161,22.748219],[76.077248,22.748229],[76.07729,22.748249],[76.077338,22.748274],[76.077627,22.748339],[76.077781,22.748372],[76.078051,22.748441],[76.078421,22.748495],[76.078552,22.748543],[76.078608,22.748583],[76.078689,22.748642],[76.078707,22.748673],[76.078799,22.74883],[76.078925,22.748934],[76.078959,22.748963],[76.079145,22.749082],[76.079297,22.749228],[76.079361,22.749286],[76.07946,22.749375],[76.079523,22.749432],[76.079624,22.749505],[76.07982,22.749598],[76.079936,22.74964],[76.080089,22.749666],[76.080218,22.749699],[76.080405,22.749725],[76.080527,22.749728],[76.080724,22.749674],[76.080884,22.749597],[76.080967,22.749597],[76.081056,22.749612],[76.081101,22.749639],[76.081143,22.749707],[76.081151,22.749779],[76.081129,22.749842],[76.081085,22.749909],[76.081039,22.74994],[76.080971,22.750012],[76.080934,22.750082],[76.080917,22.750174],[76.080917,22.750216],[76.080911,22.750365],[76.080878,22.750478],[76.080816,22.750568],[76.08068,22.750647],[76.080605,22.750669],[76.080441,22.750668],[76.080359,22.75064],[76.080195,22.750584],[76.080027,22.750594],[76.079947,22.750597],[76.079864,22.750612],[76.079825,22.750632],[76.079765,22.750668],[76.079691,22.750751],[76.079638,22.75085],[76.079605,22.75093],[76.079572,22.751096],[76.079594,22.751294],[76.079617,22.751432],[76.079647,22.751483],[76.079718,22.751599],[76.079914,22.751754],[76.080003,22.751687],[76.08012,22.751616],[76.080272,22.751634],[76.08036,22.75169],[76.080413,22.75174],[76.080603,22.751873],[76.080711,22.751931],[76.080776,22.751959],[76.081122,22.752104],[76.081411,22.752206],[76.081839,22.752246],[76.082069,22.752302],[76.082079,22.752304],[76.082179,22.752355],[76.082269,22.752431],[76.082297,22.752504],[76.082338,22.752589],[76.082414,22.752662],[76.082463,22.752696],[76.082532,22.752761],[76.082594,22.752817],[76.082665,22.752881],[76.082791,22.752983],[76.082931,22.752911],[76.083009,22.752865],[76.083056,22.752836],[76.083097,22.752723],[76.083108,22.75263],[76.083114,22.752489],[76.083124,22.752388],[76.083129,22.752329],[76.083137,22.752276],[76.083154,22.752227],[76.083179,22.752164],[76.0832,22.752126],[76.083232,22.75209],[76.08328,22.752063],[76.083328,22.752048],[76.083348,22.752042],[76.083407,22.752038],[76.083504,22.752042]]],[[[76.191981,22.643514],[76.192223,22.643699],[76.192317,22.64376],[76.192528,22.643726],[76.192771,22.643694],[76.192915,22.643671],[76.192796,22.643396],[76.192728,22.643239],[76.192644,22.643025],[76.19255,22.642789],[76.192472,22.642633],[76.192441,22.642563],[76.192388,22.642403],[76.192267,22.642284],[76.192141,22.64216],[76.191949,22.641966],[76.191712,22.641733],[76.191687,22.641708],[76.191663,22.641686],[76.191535,22.641564],[76.1914,22.641435],[76.19125,22.641279],[76.191187,22.641214],[76.191156,22.641212],[76.191114,22.641229],[76.190998,22.64128],[76.190862,22.641348],[76.190792,22.641389],[76.190753,22.641419],[76.190626,22.641517],[76.190516,22.641612],[76.190324,22.641785],[76.190257,22.641839],[76.190145,22.641933],[76.190268,22.642174],[76.190364,22.642345],[76.190503,22.642603],[76.190573,22.642717],[76.190594,22.642752],[76.190608,22.642762],[76.190613,22.642767],[76.190629,22.642779],[76.190659,22.642802],[76.190746,22.642876],[76.190812,22.64293],[76.190852,22.642962],[76.19092,22.643012],[76.190951,22.643041],[76.190982,22.643076],[76.191017,22.643111],[76.19103,22.643122],[76.191039,22.643125],[76.191052,22.643128],[76.191153,22.64315],[76.191234,22.643176],[76.191247,22.64318],[76.191249,22.643182],[76.191234,22.643202],[76.191207,22.643227],[76.191152,22.643276],[76.191099,22.643315],[76.191032,22.643376],[76.191022,22.643387],[76.19102,22.643392],[76.191072,22.643479],[76.191134,22.643585],[76.191173,22.643658],[76.191209,22.643707],[76.191254,22.643783],[76.191307,22.643876],[76.191373,22.64398],[76.191384,22.644002],[76.191387,22.644003],[76.191394,22.644002],[76.191398,22.644],[76.191426,22.643938],[76.191459,22.643892],[76.191515,22.6438],[76.191576,22.643709],[76.191628,22.643626],[76.191722,22.643485],[76.191802,22.643365],[76.191981,22.643514]]]]}},{"type":"Feature","properties":{"OBJECTID":4168,"state_lgd":"23","state_name":"MADHYA PRADESH","district_lgd":"439","district_name":"INDORE","district_name_source":"district_table","subdistrict_lgd":"6934","subdistrict_name":"MALHARGANJ","subdistrict_type":"","name_corrupted":false,"remarks":""},"geometry":{"type":"Polygon","coordinates":[[[75.852051,22.832319],[75.852152,22.832301],[75.852336,22.832331],[75.85233,22.832385],[75.852693,22.832361],[75.853015,22.832313],[75.853282,22.832313],[75.853633,22.832295],[75.853913,22.832254],[75.854293,22.832182],[75.854698,22.832087],[75.855382,22.831938],[75.856042,22.831796],[75.856596,22.831671],[75.857298,22.831504],[75.857791,22.831385],[75.858124,22.83126],[75.858814,22.83101],[75.859058,22.830897],[75.859243,22.830772],[75.859225,22.830725],[75.859183,22.8306],[75.859171,22.830505],[75.859207,22.83035],[75.859397,22.829874],[75.859487,22.82963],[75.85954,22.829488],[75.859588,22.829422],[75.859665,22.829357],[75.859784,22.829285],[75.859826,22.82925],[75.859963,22.828548],[75.86004,22.828125],[75.860087,22.827661],[75.860087,22.827489],[75.860082,22.82731],[75.860099,22.827203],[75.860159,22.827078],[75.860218,22.827001],[75.860302,22.82693],[75.860409,22.8269],[75.860456,22.826597],[75.860498,22.826168],[75.860676,22.824955],[75.860772,22.824235],[75.860819,22.823813],[75.860879,22.823533],[75.860932,22.823337],[75.860974,22.823218],[75.861039,22.823081],[75.861093,22.822867],[75.861117,22.822647],[75.861123,22.822064],[75.861134,22.821641],[75.861146,22.821356],[75.861136,22.821048],[75.861227,22.821041],[75.861602,22.821095],[75.861917,22.821143],[75.862321,22.821184],[75.862833,22.82119],[75.863315,22.821238],[75.86382,22.821297],[75.863969,22.821327],[75.864046,22.821398],[75.864255,22.821529],[75.864403,22.821577],[75.86476,22.821672],[75.8652,22.821773],[75.865682,22.821856],[75.866277,22.821946],[75.866694,22.822041],[75.866997,22.822148],[75.867318,22.822219],[75.867437,22.822249],[75.868163,22.822403],[75.868784,22.82256],[75.869027,22.822631],[75.869169,22.822717],[75.869334,22.822852],[75.869419,22.822952],[75.869591,22.823031],[75.869833,22.823109],[75.870047,22.823195],[75.870233,22.823245],[75.87049,22.823302],[75.87069,22.823338],[75.871068,22.823438],[75.871225,22.823523],[75.871425,22.82363],[75.871532,22.823737],[75.871668,22.823795],[75.871803,22.823844],[75.871961,22.823923],[75.872217,22.824009],[75.872489,22.824066],[75.872696,22.824101],[75.872853,22.824159],[75.872953,22.824223],[75.873074,22.824287],[75.873174,22.82433],[75.873424,22.824416],[75.873859,22.824508],[75.874323,22.82463],[75.874595,22.824708],[75.87528,22.824951],[75.875601,22.825094],[75.875872,22.825151],[75.876122,22.825222],[75.876393,22.825308],[75.876465,22.825308],[75.876565,22.825308],[75.87675,22.825301],[75.876915,22.825265],[75.877,22.825244],[75.877157,22.825236],[75.877393,22.825258],[75.877778,22.825272],[75.878242,22.825265],[75.878713,22.825301],[75.879292,22.825279],[75.879699,22.825286],[75.880448,22.825265],[75.881162,22.825236],[75.881426,22.825208],[75.881983,22.825215],[75.882375,22.825208],[75.882532,22.825129],[75.883261,22.825115],[75.88421,22.825094],[75.886059,22.824915],[75.886694,22.824872],[75.886823,22.825001],[75.886871,22.825031],[75.886881,22.824975],[75.886919,22.824899],[75.886991,22.824818],[75.887038,22.824742],[75.887062,22.824675],[75.887062,22.824599],[75.8871,22.824561],[75.887176,22.824518],[75.887229,22.824489],[75.887348,22.824394],[75.887405,22.824323],[75.887395,22.824266],[75.887429,22.824175],[75.887476,22.824113],[75.887476,22.824047],[75.887505,22.824032],[75.887552,22.823999],[75.8876,22.823928],[75.887667,22.823809],[75.887695,22.823709],[75.887719,22.823647],[75.887824,22.82358],[75.887966,22.823533],[75.888052,22.82349],[75.888162,22.823423],[75.888238,22.823409],[75.888347,22.823442],[75.888528,22.823461],[75.888861,22.822867],[75.889118,22.822376],[75.889308,22.822077],[75.889627,22.821563],[75.889665,22.82141],[75.889732,22.820911],[75.889813,22.820282],[75.889922,22.819707],[75.89016,22.818569],[75.890379,22.817489],[75.890384,22.817399],[75.89047,22.816723],[75.890517,22.816575],[75.890551,22.81649],[75.890612,22.816404],[75.890698,22.816285],[75.890755,22.816228],[75.890888,22.816214],[75.890979,22.816214],[75.891022,22.816199],[75.891122,22.816161],[75.891255,22.816042],[75.891517,22.815538],[75.89136,22.815447],[75.891241,22.815352],[75.891164,22.815205],[75.891145,22.815057],[75.891136,22.814876],[75.891198,22.814686],[75.891379,22.814381],[75.891536,22.814134],[75.891845,22.813672],[75.892083,22.813387],[75.892273,22.813139],[75.892407,22.812944],[75.892549,22.812692],[75.892625,22.812511],[75.892702,22.812268],[75.892725,22.812078],[75.89273,22.811888],[75.892716,22.811678],[75.892668,22.811478],[75.892573,22.811283],[75.892478,22.811112],[75.892368,22.810974],[75.892259,22.810888],[75.892154,22.810801],[75.891918,22.810708],[75.891733,22.810644],[75.891504,22.810601],[75.891319,22.810601],[75.891105,22.810558],[75.890862,22.810558],[75.890605,22.810601],[75.890298,22.81063],[75.889962,22.81063],[75.889677,22.810594],[75.889441,22.810537],[75.88927,22.810487],[75.889106,22.810451],[75.889013,22.81038],[75.888927,22.810294],[75.888779,22.810114],[75.888627,22.809924],[75.888412,22.809729],[75.888287,22.809606],[75.888213,22.809534],[75.887984,22.809339],[75.887912,22.809273],[75.88771,22.809014],[75.887704,22.809007],[75.887639,22.808893],[75.887385,22.808452],[75.887374,22.8084],[75.887366,22.808329],[75.88737,22.808278],[75.887431,22.808108],[75.887448,22.808061],[75.887535,22.807909],[75.887567,22.807853],[75.887739,22.807663],[75.88787,22.807508],[75.887935,22.807407],[75.888084,22.807324],[75.888215,22.807252],[75.888441,22.807223],[75.888685,22.807252],[75.888923,22.807312],[75.889072,22.807365],[75.889262,22.807383],[75.889393,22.807342],[75.88947,22.80724],[75.889536,22.807086],[75.889583,22.806925],[75.889619,22.80677],[75.889815,22.806509],[75.889916,22.8063],[75.889952,22.806187],[75.890047,22.806063],[75.890178,22.805938],[75.890422,22.805819],[75.890612,22.805718],[75.890737,22.805575],[75.890821,22.805414],[75.890874,22.805188],[75.890815,22.80492],[75.890642,22.804724],[75.890565,22.804599],[75.890428,22.804474],[75.890339,22.804254],[75.890267,22.803945],[75.89022,22.803653],[75.890166,22.803475],[75.890053,22.803267],[75.889732,22.802904],[75.889536,22.802755],[75.889351,22.802684],[75.889119,22.802505],[75.888911,22.802249],[75.888822,22.802035],[75.888745,22.801851],[75.888649,22.801666],[75.888453,22.801482],[75.888328,22.801298],[75.888245,22.801167],[75.888156,22.801024],[75.888007,22.800929],[75.887686,22.800792],[75.887454,22.800697],[75.887174,22.800483],[75.886996,22.800334],[75.886912,22.800221],[75.886823,22.800084],[75.88674,22.799852],[75.886704,22.799668],[75.88668,22.799531],[75.886692,22.799335],[75.886722,22.799138],[75.886728,22.798972],[75.88674,22.798829],[75.886752,22.798734],[75.886817,22.798645],[75.886894,22.798597],[75.887002,22.798591],[75.88718,22.798591],[75.887358,22.798585],[75.887567,22.79849],[75.88768,22.798395],[75.887876,22.798288],[75.888245,22.798103],[75.888382,22.79802],[75.888548,22.797937],[75.888626,22.797877],[75.888715,22.797746],[75.888798,22.797526],[75.888869,22.797276],[75.888893,22.797033],[75.888893,22.796842],[75.888905,22.796687],[75.888959,22.796485],[75.889018,22.796331],[75.889066,22.796218],[75.889143,22.796027],[75.889191,22.79592],[75.889304,22.795736],[75.889446,22.795593],[75.88953,22.795385],[75.889554,22.795129],[75.889518,22.794879],[75.88947,22.794724],[75.889262,22.794582],[75.88906,22.794391],[75.888917,22.794195],[75.888774,22.794005],[75.888566,22.793808],[75.888292,22.79363],[75.88809,22.793553],[75.88793,22.793457],[75.887787,22.793344],[75.887656,22.793273],[75.887495,22.793243],[75.887394,22.79316],[75.887335,22.793059],[75.887311,22.792946],[75.887311,22.792845],[75.887347,22.792726],[75.887424,22.792607],[75.887507,22.79247],[75.887513,22.792375],[75.887448,22.792268],[75.88715,22.792208],[75.886918,22.792113],[75.886734,22.791929],[75.886538,22.791655],[75.886329,22.791024],[75.886204,22.790441],[75.886133,22.790132],[75.886091,22.789769],[75.886091,22.789579],[75.886139,22.789418],[75.886234,22.789275],[75.886294,22.789156],[75.886341,22.788895],[75.886306,22.788246],[75.886234,22.787396],[75.88621,22.786914],[75.886204,22.786462],[75.886134,22.786202],[75.886136,22.785786],[75.886172,22.785393],[75.886179,22.785193],[75.886136,22.784815],[75.886036,22.784472],[75.886529,22.784486],[75.886707,22.784458],[75.88685,22.784394],[75.887007,22.784272],[75.887135,22.784201],[75.887271,22.784165],[75.887449,22.784144],[75.887514,22.784151],[75.887557,22.784236],[75.887664,22.784236],[75.888113,22.784144],[75.88847,22.784058],[75.888927,22.783922],[75.889234,22.783851],[75.889384,22.783822],[75.889505,22.783751],[75.889577,22.78368],[75.889655,22.78363],[75.890132,22.783524],[75.89059,22.783423],[75.891161,22.783333],[75.89156,22.783232],[75.892423,22.783107],[75.893297,22.782988],[75.893499,22.783012],[75.893826,22.782982],[75.894522,22.782852],[75.895016,22.782762],[75.895605,22.782673],[75.896081,22.782608],[75.896539,22.782542],[75.897217,22.782471],[75.897949,22.782394],[75.898431,22.782352],[75.898944,22.782339],[75.898957,22.782451],[75.898976,22.782641],[75.898995,22.782822],[75.899038,22.783217],[75.899047,22.783531],[75.899042,22.783826],[75.899004,22.784174],[75.898981,22.784431],[75.898952,22.784573],[75.89889,22.784726],[75.898847,22.784854],[75.898828,22.784964],[75.898885,22.785302],[75.898923,22.785478],[75.898942,22.785568],[75.898923,22.785644],[75.898881,22.785697],[75.898847,22.785806],[75.898847,22.785939],[75.898928,22.78632],[75.899009,22.786682],[75.899085,22.786996],[75.899157,22.787353],[75.899233,22.787472],[75.899214,22.787648],[75.89919,22.787933],[75.89918,22.788062],[75.899166,22.788171],[75.899214,22.788295],[75.899295,22.788414],[75.899352,22.788509],[75.899499,22.788476],[75.899596,22.788431],[75.899634,22.788483],[75.899682,22.788559],[75.899734,22.78865],[75.899801,22.788755],[75.899886,22.788883],[75.899953,22.788969],[75.900034,22.789054],[75.9001,22.789164],[75.900153,22.789249],[75.900315,22.789449],[75.900467,22.789654],[75.900539,22.789731],[75.900658,22.789987],[75.900807,22.790273],[75.90089,22.790564],[75.901003,22.790915],[75.901105,22.791213],[75.901164,22.791498],[75.901384,22.791522],[75.901753,22.791534],[75.901789,22.791694],[75.901818,22.791926],[75.901866,22.792039],[75.90192,22.79217],[75.902009,22.792456],[75.902086,22.792944],[75.902128,22.793187],[75.902104,22.79355],[75.902056,22.793824],[75.901997,22.79411],[75.902231,22.794436],[75.902259,22.794593],[75.90225,22.79476],[75.902193,22.794898],[75.902126,22.795017],[75.90206,22.795174],[75.902045,22.795255],[75.902021,22.795507],[75.901983,22.795807],[75.90196,22.796016],[75.901907,22.796311],[75.901803,22.796711],[75.901726,22.797039],[75.901693,22.797239],[75.901617,22.797601],[75.901555,22.797815],[75.901455,22.798148],[75.901393,22.798353],[75.901279,22.798681],[75.901217,22.7989],[75.901098,22.799295],[75.901022,22.799523],[75.900979,22.799709],[75.900913,22.800014],[75.900851,22.800232],[75.900794,22.800442],[75.900722,22.800627],[75.900646,22.800818],[75.900556,22.801051],[75.900465,22.801275],[75.900384,22.801479],[75.900208,22.801874],[75.900085,22.802207],[75.900023,22.802379],[75.899975,22.802512],[75.899928,22.802645],[75.899861,22.802855],[75.899813,22.803073],[75.89978,22.803235],[75.899747,22.80343],[75.899699,22.803602],[75.899661,22.803825],[75.899604,22.804197],[75.899556,22.804506],[75.899528,22.804758],[75.899509,22.804963],[75.899509,22.805234],[75.899518,22.805448],[75.899546,22.805739],[75.8999,22.80574],[75.899907,22.80574],[75.900652,22.805744],[75.901223,22.805744],[75.90233,22.80575],[75.902984,22.805779],[75.903525,22.805833],[75.903912,22.805839],[75.904096,22.805869],[75.904667,22.806053],[75.905137,22.806178],[75.905387,22.806214],[75.905917,22.806362],[75.906274,22.80644],[75.906523,22.806499],[75.906755,22.806565],[75.90688,22.8066],[75.906952,22.80663],[75.90713,22.80663],[75.907541,22.806529],[75.907993,22.806475],[75.90832,22.806434],[75.908653,22.806434],[75.908843,22.806404],[75.910426,22.806422],[75.912764,22.806356],[75.913918,22.806481],[75.914542,22.806523],[75.91525,22.806493],[75.915702,22.806475],[75.916553,22.806434],[75.917481,22.806434],[75.917725,22.806392],[75.917933,22.806374],[75.918177,22.806333],[75.918302,22.806279],[75.918867,22.806333],[75.918926,22.806344],[75.919361,22.805184],[75.919402,22.804929],[75.919408,22.80478],[75.91945,22.804691],[75.919605,22.804381],[75.919813,22.804001],[75.920069,22.80359],[75.920229,22.803293],[75.920336,22.803031],[75.920521,22.80268],[75.920628,22.802436],[75.920705,22.802264],[75.9208,22.802151],[75.920895,22.80205],[75.921038,22.802073],[75.921169,22.802073],[75.92133,22.80205],[75.921627,22.801948],[75.921835,22.801936],[75.922157,22.801925],[75.922406,22.801919],[75.922793,22.801936],[75.923275,22.801984],[75.923667,22.802026],[75.924102,22.802032],[75.924453,22.802032],[75.924596,22.80204],[75.924851,22.802055],[75.925473,22.802108],[75.925482,22.802109],[75.926083,22.802168],[75.926791,22.802287],[75.927302,22.802353],[75.928296,22.802508],[75.928693,22.802586],[75.930071,22.802938],[75.930885,22.803134],[75.932394,22.803499],[75.93442,22.803722],[75.93739,22.804161],[75.938756,22.80433],[75.940359,22.804441],[75.941995,22.804483],[75.942542,22.804474],[75.943114,22.804466],[75.943173,22.804465],[75.943399,22.804488],[75.943518,22.804512],[75.943573,22.804537],[75.943641,22.804521],[75.943776,22.8044],[75.943876,22.804243],[75.943991,22.80395],[75.944119,22.803579],[75.944305,22.802922],[75.944462,22.802401],[75.944619,22.801859],[75.944747,22.801523],[75.94489,22.800995],[75.944997,22.800495],[75.94509,22.799881],[75.945154,22.799403],[75.945218,22.79891],[75.945326,22.79794],[75.945397,22.797447],[75.945475,22.796947],[75.945618,22.796205],[75.945704,22.795862],[75.94579,22.795598],[75.945954,22.795427],[75.946089,22.79517],[75.946303,22.79437],[75.946418,22.793999],[75.946539,22.7933],[75.946539,22.793],[75.94661,22.792493],[75.946775,22.791501],[75.946946,22.790573],[75.947153,22.789495],[75.947403,22.788438],[75.947567,22.787668],[75.94766,22.787196],[75.947795,22.786682],[75.947888,22.786361],[75.947952,22.786147],[75.947986,22.786096],[75.947995,22.786083],[75.948145,22.785947],[75.948295,22.78574],[75.948481,22.785319],[75.948731,22.784712],[75.948838,22.784491],[75.948945,22.784184],[75.948995,22.783941],[75.949045,22.783627],[75.94913,22.783406],[75.949316,22.783042],[75.94943,22.782871],[75.949559,22.782778],[75.949701,22.782678],[75.94988,22.782549],[75.950058,22.782435],[75.950501,22.782264],[75.951029,22.782164],[75.951493,22.782078],[75.951743,22.782035],[75.951907,22.782],[75.951993,22.781964],[75.95205,22.781835],[75.952064,22.7816],[75.9521,22.7813],[75.952178,22.781029],[75.952221,22.780708],[75.952293,22.780329],[75.952371,22.779887],[75.952464,22.77938],[75.952471,22.779087],[75.9525,22.77873],[75.952514,22.778259],[75.952521,22.777981],[75.952542,22.777595],[75.952592,22.777217],[75.952642,22.776632],[75.952607,22.776482],[75.952621,22.776389],[75.952721,22.776003],[75.952785,22.775704],[75.952878,22.775425],[75.952964,22.775168],[75.953042,22.774876],[75.953106,22.77459],[75.953149,22.774369],[75.953149,22.77419],[75.953155,22.774154],[75.953102,22.774136],[75.952973,22.77406],[75.952778,22.774012],[75.952511,22.773989],[75.951888,22.773898],[75.951645,22.773846],[75.951445,22.773798],[75.950583,22.773673],[75.949917,22.773614],[75.949358,22.773554],[75.948899,22.773483],[75.948733,22.773459],[75.948679,22.773269],[75.948608,22.772989],[75.948602,22.772876],[75.948644,22.772739],[75.948679,22.77262],[75.948703,22.772519],[75.948679,22.772406],[75.94862,22.772299],[75.948572,22.772186],[75.948501,22.772073],[75.948477,22.772002],[75.948477,22.771859],[75.948471,22.771698],[75.948447,22.771556],[75.948364,22.771139],[75.948311,22.770967],[75.948239,22.770735],[75.948217,22.770721],[75.94827,22.770628],[75.948227,22.769947],[75.948122,22.768953],[75.94806,22.768087],[75.948046,22.767868],[75.947989,22.767273],[75.947817,22.76605],[75.947717,22.765231],[75.947675,22.764784],[75.947613,22.764346],[75.947556,22.763984],[75.947527,22.76388],[75.947489,22.763785],[75.947475,22.763666],[75.947456,22.763323],[75.947427,22.76278],[75.947403,22.762262],[75.947389,22.761918],[75.94738,22.761613],[75.94738,22.761233],[75.947356,22.760895],[75.947327,22.76069],[75.947284,22.760362],[75.947242,22.760071],[75.947194,22.759862],[75.947108,22.759491],[75.947056,22.759243],[75.946994,22.759005],[75.946936,22.75881],[75.946853,22.758551],[75.946785,22.75842],[75.946695,22.758045],[75.946627,22.75776],[75.94655,22.757415],[75.946514,22.75723],[75.946493,22.757144],[75.946466,22.757079],[75.94644,22.756978],[75.946437,22.756879],[75.946466,22.756772],[75.946431,22.756493],[75.946362,22.756035],[75.946309,22.755657],[75.94627,22.755363],[75.946202,22.75508],[75.946166,22.754976],[75.94611,22.754899],[75.946095,22.754851],[75.946104,22.754768],[75.946142,22.754574],[75.946169,22.754449],[75.946169,22.754277],[75.946145,22.754045],[75.946077,22.753569],[75.946041,22.753156],[75.946047,22.752986],[75.946038,22.752805],[75.946059,22.752629],[75.946133,22.752123],[75.946172,22.751802],[75.946196,22.751597],[75.946279,22.750984],[75.946309,22.750794],[75.946307,22.750618],[75.946413,22.750539],[75.946591,22.750456],[75.947031,22.750432],[75.947852,22.750372],[75.948447,22.750349],[75.948733,22.750283],[75.948953,22.750158],[75.949357,22.750063],[75.949887,22.74995],[75.949964,22.749891],[75.94997,22.749801],[75.949994,22.749742],[75.950208,22.749688],[75.950594,22.749676],[75.951011,22.749647],[75.9511,22.749635],[75.951118,22.749587],[75.951106,22.749462],[75.951106,22.749385],[75.951302,22.749343],[75.9516,22.749319],[75.951933,22.749278],[75.952129,22.749272],[75.952266,22.749302],[75.952754,22.749278],[75.953224,22.749242],[75.953539,22.749224],[75.953896,22.7492],[75.954277,22.749123],[75.954598,22.749052],[75.954967,22.748915],[75.955359,22.748736],[75.95555,22.748606],[75.955657,22.748481],[75.955728,22.748338],[75.955811,22.748278],[75.955901,22.748237],[75.95621,22.748195],[75.957132,22.748112],[75.957864,22.748041],[75.958578,22.747957],[75.95894,22.747922],[75.959369,22.747904],[75.959827,22.747892],[75.960255,22.747916],[75.960576,22.747963],[75.960862,22.748011],[75.960957,22.748052],[75.961814,22.748249],[75.964264,22.748683],[75.964302,22.748692],[75.964627,22.748766],[75.964764,22.748855],[75.964764,22.748945],[75.965555,22.749064],[75.966251,22.749183],[75.966703,22.749242],[75.967667,22.749373],[75.967982,22.749432],[75.968696,22.749516],[75.969481,22.749593],[75.970332,22.749647],[75.971326,22.749778],[75.9722,22.749843],[75.972497,22.749843],[75.972557,22.749879],[75.972729,22.749902],[75.973443,22.749902],[75.973431,22.749403],[75.973372,22.749093],[75.9733,22.748368],[75.974484,22.748148],[75.974502,22.747862],[75.974478,22.747374],[75.974681,22.746244],[75.974716,22.746],[75.97471,22.745863],[75.97471,22.745801],[75.974719,22.745759],[75.974743,22.745732],[75.974782,22.745694],[75.97482,22.745667],[75.974853,22.745643],[75.974907,22.745625],[75.97496,22.74561],[75.975008,22.745619],[75.975035,22.745628],[75.975082,22.745634],[75.975142,22.745634],[75.975192,22.745622],[75.975311,22.745599],[75.975362,22.745596],[75.975499,22.745572],[75.975677,22.745554],[75.975745,22.745539],[75.975787,22.745753],[75.97587,22.745765],[75.976073,22.745738],[75.976325,22.745697],[75.976542,22.745667],[75.976691,22.745649],[75.97678,22.74564],[75.976846,22.74564],[75.976935,22.745655],[75.976995,22.745679],[75.97706,22.745721],[75.977134,22.745765],[75.977164,22.74578],[75.977241,22.745792],[75.977346,22.745777],[75.977613,22.745724],[75.97792,22.745646],[75.978366,22.745515],[75.978583,22.745444],[75.978654,22.745414],[75.978696,22.745381],[75.978723,22.745346],[75.978749,22.745248],[75.978788,22.745161],[75.978818,22.745105],[75.978857,22.745066],[75.978904,22.745039],[75.979026,22.744992],[75.979145,22.744938],[75.979315,22.744873],[75.979466,22.74479],[75.979538,22.744739],[75.979555,22.744697],[75.979573,22.744614],[75.979579,22.744519],[75.979594,22.7444],[75.979609,22.744346],[75.979972,22.744486],[75.980085,22.744528],[75.980159,22.744543],[75.980498,22.74434],[75.980781,22.74421],[75.981197,22.744025],[75.981313,22.743969],[75.981403,22.743981],[75.981542,22.744001],[75.981661,22.743998],[75.981801,22.743966],[75.981902,22.743957],[75.982006,22.743969],[75.98211,22.743986],[75.98222,22.744025],[75.982289,22.744073],[75.982348,22.74412],[75.982402,22.744135],[75.982366,22.743856],[75.982361,22.743385],[75.982332,22.742838],[75.982275,22.742305],[75.982223,22.741681],[75.98219,22.741105],[75.982133,22.740748],[75.98208,22.740411],[75.982028,22.740125],[75.982018,22.739901],[75.982018,22.739744],[75.98199,22.739701],[75.98178,22.739668],[75.98178,22.739587],[75.98178,22.739478],[75.981804,22.739387],[75.981828,22.739283],[75.981842,22.739207],[75.981842,22.739149],[75.981809,22.738997],[75.981785,22.738845],[75.981785,22.738593],[75.98179,22.738393],[75.98179,22.738279],[75.981814,22.738179],[75.981823,22.738069],[75.981838,22.73796],[75.981838,22.737817],[75.981838,22.737679],[75.981823,22.737555],[75.981795,22.737422],[75.981785,22.737327],[75.981771,22.737193],[75.981771,22.737136],[75.981804,22.737022],[75.981904,22.736822],[75.982023,22.73657],[75.982099,22.736342],[75.982142,22.736199],[75.982175,22.73607],[75.982199,22.736009],[75.982247,22.735966],[75.982318,22.735899],[75.982456,22.735818],[75.982561,22.735766],[75.982637,22.735704],[75.982661,22.735666],[75.98267,22.735609],[75.982661,22.735461],[75.982627,22.735095],[75.982627,22.734885],[75.982599,22.73469],[75.982575,22.734571],[75.982556,22.734486],[75.982577,22.734313],[75.982913,22.734292],[75.983541,22.734242],[75.984026,22.734263],[75.984503,22.734258],[75.984682,22.734246],[75.985419,22.734222],[75.986187,22.734193],[75.986508,22.734145],[75.986639,22.734115],[75.986776,22.734044],[75.986871,22.733931],[75.986918,22.7338],[75.986942,22.733634],[75.98699,22.733485],[75.987025,22.733342],[75.987055,22.733205],[75.987073,22.733045],[75.987073,22.73289],[75.987043,22.732688],[75.987014,22.732551],[75.987014,22.732384],[75.987031,22.732224],[75.987014,22.732021],[75.987025,22.731897],[75.987394,22.731819],[75.987781,22.731718],[75.988025,22.731682],[75.988126,22.731605],[75.988322,22.731552],[75.988679,22.731522],[75.988887,22.731504],[75.989167,22.731456],[75.989423,22.731456],[75.989821,22.731456],[75.990333,22.731456],[75.990678,22.731433],[75.990934,22.731397],[75.9913,22.73134],[75.991207,22.731042],[75.991157,22.730882],[75.991002,22.730513],[75.990931,22.730317],[75.990859,22.730145],[75.990693,22.730067],[75.990586,22.729996],[75.990389,22.729901],[75.990288,22.729823],[75.990187,22.729663],[75.989628,22.728283],[75.989491,22.72795],[75.989301,22.727492],[75.98917,22.72717],[75.989098,22.72695],[75.989051,22.7267],[75.989003,22.726397],[75.988973,22.72623],[75.98892,22.725856],[75.988908,22.725677],[75.988884,22.725558],[75.988819,22.725273],[75.988718,22.724892],[75.988694,22.724761],[75.988664,22.724553],[75.988658,22.724345],[75.98867,22.724077],[75.988688,22.723809],[75.988694,22.723577],[75.988712,22.723345],[75.988474,22.723405],[75.987849,22.723524],[75.987498,22.723554],[75.986975,22.723571],[75.986582,22.723583],[75.986267,22.723583],[75.985803,22.723589],[75.985636,22.723554],[75.985535,22.723494],[75.985458,22.723411],[75.985422,22.723292],[75.985394,22.723103],[75.985401,22.722874],[75.985451,22.722375],[75.98546,22.722303],[75.985273,22.722303],[75.98521,22.722303],[75.985088,22.722303],[75.984913,22.722334],[75.984885,22.722339],[75.984638,22.722354],[75.984005,22.722366],[75.984003,22.722308],[75.983877,22.722319],[75.983806,22.722325],[75.983769,22.722325],[75.983738,22.722324],[75.983721,22.722325],[75.983594,22.722333],[75.983321,22.722351],[75.983315,22.72222],[75.982934,22.722166],[75.982857,22.721916],[75.982609,22.720784],[75.982595,22.720721],[75.982496,22.720722],[75.981904,22.720731],[75.98179,22.720735],[75.981762,22.720623],[75.981654,22.720219],[75.981608,22.720049],[75.98159,22.719999],[75.981545,22.719867],[75.98153,22.719727],[75.9814,22.719713],[75.980801,22.719597],[75.979909,22.718987],[75.979777,22.718971],[75.979767,22.71877],[75.979767,22.718719],[75.979768,22.718639],[75.979773,22.718294],[75.979775,22.718086],[75.978068,22.717711],[75.97808,22.717378],[75.977295,22.717229],[75.977298,22.717051],[75.977314,22.716212],[75.97732,22.715894],[75.977327,22.715502],[75.97698,22.715294],[75.975162,22.714218],[75.973734,22.713382],[75.97373,22.713288],[75.9737,22.71325],[75.973289,22.713061],[75.972729,22.712793],[75.97243,22.7126],[75.972051,22.712357],[75.971184,22.711894],[75.969996,22.710971],[75.969713,22.710752],[75.968171,22.709391],[75.968006,22.70931],[75.96782,22.709235],[75.967544,22.709054],[75.967033,22.708913],[75.966359,22.708638],[75.964577,22.707893],[75.963501,22.707444],[75.961503,22.70658],[75.961363,22.706551],[75.959355,22.706134],[75.957889,22.705869],[75.957196,22.705863],[75.957073,22.705855],[75.956934,22.705611],[75.95681,22.70563],[75.955894,22.705628],[75.955214,22.705616],[75.955125,22.705612],[75.95435,22.705537],[75.953857,22.705497],[75.953455,22.705492],[75.953274,22.70549],[75.952565,22.705528],[75.952001,22.705641],[75.951156,22.705905],[75.950426,22.706133],[75.949565,22.705987],[75.949408,22.705961],[75.948812,22.70589],[75.948356,22.705836],[75.948222,22.705814],[75.947398,22.705681],[75.946732,22.705485],[75.946131,22.705253],[75.944852,22.704872],[75.944667,22.704682],[75.943366,22.70467],[75.943366,22.704506],[75.943328,22.704278],[75.943271,22.704049],[75.943271,22.703212],[75.943271,22.702955],[75.943223,22.702802],[75.943176,22.702679],[75.943004,22.702536],[75.942747,22.702241],[75.942585,22.70207],[75.942271,22.701527],[75.942138,22.701289],[75.94209,22.701061],[75.942129,22.700766],[75.94209,22.700651],[75.941986,22.700518],[75.941596,22.69929],[75.941262,22.698053],[75.941129,22.697644],[75.940577,22.695426],[75.940777,22.69396],[75.940825,22.693722],[75.94092,22.693446],[75.941005,22.692923],[75.940996,22.692552],[75.941024,22.692161],[75.941044,22.691495],[75.941082,22.690534],[75.941053,22.689753],[75.941072,22.68904],[75.940977,22.687107],[75.940987,22.687089],[75.940966,22.687091],[75.940924,22.686937],[75.940903,22.686864],[75.940877,22.686776],[75.940838,22.686704],[75.940835,22.686699],[75.94074,22.686633],[75.940608,22.686611],[75.940597,22.686609],[75.940425,22.686598],[75.939673,22.686644],[75.93911,22.686633],[75.93879,22.686644],[75.938428,22.686669],[75.938173,22.686702],[75.937757,22.686748],[75.937241,22.686819],[75.936632,22.686859],[75.936429,22.686869],[75.936046,22.686906],[75.935605,22.68697],[75.935252,22.687012],[75.935089,22.687032],[75.934327,22.687139],[75.933791,22.687231],[75.933738,22.68724],[75.933286,22.687311],[75.932692,22.687353],[75.932281,22.687335],[75.93215,22.687329],[75.931686,22.687234],[75.931127,22.687068],[75.930425,22.686859],[75.929937,22.686717],[75.929503,22.686627],[75.928878,22.686496],[75.928355,22.686354],[75.927843,22.686258],[75.92729,22.68614],[75.926838,22.68605],[75.926648,22.686038],[75.926172,22.685997],[75.924619,22.685789],[75.923578,22.685616],[75.922775,22.685473],[75.922377,22.685455],[75.921597,22.685634],[75.919729,22.685979],[75.91941,22.686087],[75.919327,22.686057],[75.919291,22.685956],[75.919083,22.68551],[75.918988,22.685165],[75.917804,22.685338],[75.916757,22.685522],[75.91665,22.685522],[75.916388,22.68557],[75.915663,22.685778],[75.915258,22.684392],[75.915207,22.684098],[75.915154,22.683794],[75.915114,22.683566],[75.915064,22.683283],[75.915302,22.683158],[75.91598,22.682736],[75.916309,22.682531],[75.917039,22.68213],[75.917488,22.681908],[75.91765,22.681824],[75.918365,22.681452],[75.919091,22.681108],[75.919103,22.681098],[75.920228,22.680703],[75.921141,22.680269],[75.921432,22.680125],[75.921843,22.679924],[75.921825,22.679882],[75.921712,22.679614],[75.921635,22.679174],[75.921575,22.678645],[75.921498,22.677847],[75.92148,22.677645],[75.921528,22.677556],[75.921581,22.677479],[75.921629,22.677354],[75.921611,22.677128],[75.921693,22.676758],[75.921703,22.676713],[75.921709,22.676634],[75.921716,22.676444],[75.921717,22.676401],[75.921731,22.676342],[75.921731,22.676321],[75.922133,22.676139],[75.922878,22.675826],[75.923332,22.675675],[75.923609,22.675569],[75.923627,22.675562],[75.923912,22.675453],[75.924058,22.675397],[75.924271,22.675318],[75.924477,22.675241],[75.92453,22.675186],[75.924737,22.674998],[75.924833,22.674902],[75.92486,22.674875],[75.924985,22.674751],[75.925121,22.674615],[75.925307,22.67443],[75.925384,22.674376],[75.925655,22.674264],[75.926059,22.674069],[75.926361,22.67393],[75.926755,22.673764],[75.927046,22.673682],[75.927137,22.673656],[75.927207,22.673636],[75.927805,22.673465],[75.927887,22.673438],[75.928066,22.673376],[75.92819,22.673332],[75.928319,22.673288],[75.928384,22.673265],[75.928579,22.673209],[75.92893,22.673107],[75.929125,22.673037],[75.92926,22.672988],[75.929286,22.672957],[75.92929,22.672893],[75.929313,22.672487],[75.929338,22.672],[75.929344,22.671899],[75.929372,22.671435],[75.929582,22.67146],[75.929645,22.671466],[75.929746,22.671476],[75.929516,22.668274],[75.928147,22.665864],[75.927017,22.665002],[75.925203,22.662325],[75.924281,22.659172],[75.924043,22.656882],[75.92434,22.656138],[75.924281,22.654384],[75.923989,22.650558],[75.923824,22.648395],[75.923265,22.648417],[75.9232,22.648419],[75.921658,22.648904],[75.920088,22.648771],[75.916947,22.651198],[75.916833,22.651465],[75.916481,22.651636],[75.916376,22.651788],[75.916241,22.651868],[75.916214,22.651884],[75.915967,22.652026],[75.91583,22.652055],[75.915691,22.652083],[75.915532,22.652083],[75.915386,22.652083],[75.914701,22.65234],[75.91417,22.652562],[75.913497,22.652755],[75.912664,22.653294],[75.911858,22.653999],[75.911059,22.654066],[75.910466,22.654373],[75.910199,22.654512],[75.909828,22.654653],[75.909066,22.65491],[75.908419,22.655168],[75.907991,22.655338],[75.90773,22.655454],[75.906982,22.655786],[75.906363,22.655995],[75.906011,22.656214],[75.905373,22.656471],[75.904669,22.656766],[75.903831,22.657137],[75.903327,22.657432],[75.902232,22.657927],[75.901547,22.65827],[75.901175,22.658624],[75.901018,22.658654],[75.900309,22.65869],[75.899964,22.658699],[75.89975,22.65871],[75.899607,22.658718],[75.899557,22.658716],[75.899509,22.658715],[75.899205,22.658703],[75.898782,22.658679],[75.898331,22.658648],[75.898144,22.658637],[75.897886,22.658622],[75.897433,22.658589],[75.897171,22.65857],[75.896997,22.658557],[75.896903,22.658549],[75.896452,22.658468],[75.896213,22.658429],[75.895537,22.658306],[75.89503,22.658215],[75.894812,22.658131],[75.894603,22.65805],[75.894212,22.657882],[75.89364,22.657638],[75.893432,22.657542],[75.893099,22.657388],[75.892962,22.657313],[75.89283,22.657259],[75.888742,22.656707],[75.888166,22.656669],[75.887272,22.656631],[75.886077,22.656545],[75.885392,22.656464],[75.885154,22.656402],[75.884864,22.656336],[75.884866,22.656319],[75.884954,22.655555],[75.885002,22.655079],[75.884983,22.654166],[75.884911,22.65279],[75.88497,22.651623],[75.884994,22.651415],[75.884994,22.651207],[75.884945,22.649907],[75.885311,22.64743],[75.885447,22.647066],[75.88575,22.645217],[75.885776,22.645025],[75.885842,22.644735],[75.885884,22.644624],[75.885925,22.644513],[75.885954,22.644402],[75.885996,22.644295],[75.886037,22.644188],[75.886076,22.644081],[75.886113,22.643973],[75.886148,22.643868],[75.886194,22.643758],[75.886237,22.643648],[75.886284,22.643526],[75.886383,22.643263],[75.886453,22.643075],[75.886461,22.643053],[75.886537,22.642851],[75.886753,22.642274],[75.88698,22.641678],[75.887002,22.641618],[75.887177,22.641331],[75.887548,22.641445],[75.887898,22.641573],[75.888219,22.641638],[75.888883,22.641752],[75.889682,22.64183],[75.889911,22.641852],[75.890153,22.641816],[75.890567,22.641745],[75.890733,22.641716],[75.890698,22.641135],[75.89066,22.639992],[75.890565,22.638954],[75.890413,22.637641],[75.890327,22.637203],[75.89027,22.636875],[75.890175,22.636513],[75.890117,22.63635],[75.889804,22.635461],[75.889571,22.634595],[75.88939,22.633762],[75.889299,22.633448],[75.889118,22.632815],[75.889033,22.632553],[75.888952,22.632168],[75.888785,22.631449],[75.888671,22.630854],[75.888585,22.630064],[75.888514,22.62976],[75.888414,22.62926],[75.888357,22.628746],[75.888333,22.62858],[75.886967,22.626714],[75.88672,22.626476],[75.88642,22.626524],[75.885835,22.626671],[75.885245,22.626857],[75.884683,22.627038],[75.883984,22.627261],[75.883698,22.627366],[75.882856,22.627633],[75.882418,22.627818],[75.882366,22.627913],[75.882318,22.628009],[75.882161,22.628051],[75.881323,22.628113],[75.880538,22.628347],[75.880234,22.628418],[75.879872,22.628456],[75.879596,22.628499],[75.879348,22.628546],[75.879096,22.628627],[75.878782,22.628732],[75.878506,22.628856],[75.878287,22.628946],[75.878073,22.629027],[75.877887,22.629089],[75.877721,22.629113],[75.877573,22.629127],[75.877288,22.629127],[75.876774,22.629117],[75.876212,22.629098],[75.875865,22.629094],[75.875651,22.629084],[75.875456,22.629056],[75.875308,22.629103],[75.874632,22.629175],[75.874042,22.629241],[75.873747,22.629208],[75.873257,22.629222],[75.872976,22.629232],[75.872576,22.62927],[75.872162,22.629317],[75.87192,22.629379],[75.871682,22.629465],[75.871553,22.629489],[75.871249,22.629574],[75.870759,22.629708],[75.870502,22.629803],[75.870444,22.62986],[75.870359,22.629907],[75.869788,22.630003],[75.869412,22.63006],[75.868945,22.630107],[75.868484,22.630174],[75.86816,22.630188],[75.867903,22.630207],[75.86776,22.630217],[75.86758,22.630293],[75.866709,22.630207],[75.86618,22.630207],[75.865819,22.630212],[75.865015,22.630212],[75.864206,22.630255],[75.863382,22.630374],[75.862692,22.630407],[75.862216,22.630426],[75.862055,22.630407],[75.86195,22.630417],[75.86174,22.630488],[75.861617,22.630517],[75.861455,22.63054],[75.861341,22.630531],[75.861217,22.630493],[75.861098,22.630459],[75.860993,22.630469],[75.860931,22.630474],[75.860874,22.630493],[75.860496,22.630455],[75.860451,22.63045],[75.860156,22.630426],[75.859865,22.630364],[75.85958,22.630302],[75.859423,22.630279],[75.859351,22.63026],[75.859299,22.630217],[75.859242,22.630141],[75.859209,22.63005],[75.859185,22.630026],[75.85909,22.630031],[75.858423,22.630145],[75.857529,22.63036],[75.85701,22.630483],[75.856725,22.630512],[75.856215,22.63054],[75.855578,22.630545],[75.855225,22.63054],[75.854745,22.630545],[75.854321,22.630531],[75.853998,22.630526],[75.85385,22.630517],[75.853779,22.630459],[75.853665,22.630321],[75.853536,22.630245],[75.853427,22.630241],[75.852917,22.630255],[75.85256,22.63026],[75.851176,22.630402],[75.851047,22.630407],[75.850462,22.630426],[75.850086,22.630421],[75.849515,22.630421],[75.849039,22.630417],[75.848649,22.630407],[75.848382,22.630393],[75.847963,22.630355],[75.847654,22.630321],[75.847564,22.630298],[75.847502,22.63025],[75.847459,22.63026],[75.847392,22.630183],[75.84704,22.630069],[75.846816,22.630126],[75.846795,22.630006],[75.846652,22.629921],[75.846442,22.629883],[75.84629,22.629873],[75.846166,22.629845],[75.8461,22.629806],[75.846005,22.629683],[75.845852,22.629616],[75.845738,22.629502],[75.845595,22.629369],[75.845548,22.629254],[75.845548,22.629188],[75.845643,22.629045],[75.845624,22.628874],[75.845215,22.62835],[75.844777,22.627836],[75.844805,22.627713],[75.844729,22.627494],[75.844263,22.627208],[75.842654,22.626371],[75.84255,22.626237],[75.84135,22.62578],[75.841338,22.625919],[75.841296,22.626131],[75.841272,22.626244],[75.841159,22.62638],[75.841109,22.626443],[75.841013,22.626505],[75.840918,22.626568],[75.840787,22.626624],[75.840624,22.626711],[75.840392,22.626794],[75.84016,22.626853],[75.839847,22.626931],[75.839651,22.62699],[75.839529,22.627017],[75.839452,22.627061],[75.839342,22.627124],[75.839098,22.627201],[75.838854,22.62732],[75.83847,22.627472],[75.838185,22.627642],[75.837932,22.627781],[75.837742,22.627927],[75.837608,22.628067],[75.83756,22.628159],[75.837533,22.62826],[75.837519,22.628343],[75.837492,22.628543],[75.837474,22.628775],[75.837456,22.628941],[75.837411,22.62909],[75.83734,22.629263],[75.837224,22.629524],[75.837138,22.629679],[75.837058,22.629851],[75.836974,22.630057],[75.836924,22.630244],[75.836894,22.630455],[75.836881,22.630615],[75.836867,22.630725],[75.836819,22.630858],[75.836753,22.630996],[75.836548,22.631363],[75.83633,22.631733],[75.835916,22.632425],[75.835552,22.633025],[75.835395,22.633275],[75.83511,22.633624],[75.834874,22.633846],[75.834796,22.633981],[75.834738,22.634074],[75.834681,22.634245],[75.83466,22.634488],[75.834667,22.634724],[75.834624,22.634988],[75.834513,22.635148],[75.834141,22.635313],[75.833966,22.635484],[75.833802,22.63562],[75.83367,22.635677],[75.833463,22.635734],[75.833356,22.635798],[75.83327,22.635834],[75.833153,22.635866],[75.833035,22.635902],[75.832921,22.635937],[75.832856,22.635955],[75.832753,22.636005],[75.832689,22.636019],[75.832621,22.636034],[75.832539,22.636069],[75.832439,22.63613],[75.83235,22.636187],[75.832271,22.636216],[75.83216,22.636248],[75.832064,22.636283],[75.831943,22.636301],[75.831818,22.636316],[75.831707,22.636348],[75.831575,22.636401],[75.831414,22.636455],[75.831297,22.636519],[75.831165,22.63658],[75.831072,22.636619],[75.830943,22.63664],[75.830808,22.63664],[75.830679,22.63664],[75.830611,22.636633],[75.83054,22.636605],[75.83049,22.636576],[75.830447,22.636526],[75.830397,22.636455],[75.83034,22.636362],[75.830276,22.636305],[75.830205,22.636262],[75.829962,22.636162],[75.829719,22.636076],[75.829405,22.635898],[75.828927,22.635869],[75.828748,22.635941],[75.828627,22.636041],[75.828556,22.636248],[75.828498,22.63644],[75.828413,22.636555],[75.828277,22.636676],[75.828206,22.63684],[75.827999,22.638063],[75.827885,22.63862],[75.827842,22.638941],[75.827842,22.639255],[75.82782,22.639548],[75.827813,22.639983],[75.827856,22.640812],[75.827892,22.641668],[75.827683,22.641994],[75.827585,22.642146],[75.827443,22.642483],[75.827413,22.642553],[75.827342,22.642735],[75.827325,22.642779],[75.827293,22.642862],[75.827345,22.643384],[75.827428,22.644274],[75.82743,22.644299],[75.827436,22.644357],[75.827469,22.644638],[75.827529,22.645306],[75.827571,22.646002],[75.827611,22.646885],[75.827628,22.647243],[75.82772,22.648043],[75.82782,22.648542],[75.827872,22.648766],[75.82792,22.648971],[75.828069,22.649411],[75.828134,22.649606],[75.828263,22.650077],[75.828327,22.650498],[75.828384,22.650827],[75.828598,22.651441],[75.828891,22.652283],[75.828441,22.652511],[75.828154,22.652617],[75.827836,22.652727],[75.827666,22.652766],[75.827488,22.652813],[75.827369,22.652834],[75.827235,22.652876],[75.82706,22.652894],[75.826941,22.652879],[75.826792,22.652941],[75.826399,22.653096],[75.826262,22.653176],[75.826146,22.653265],[75.826013,22.653355],[75.825623,22.653423],[75.825001,22.653524],[75.824591,22.653542],[75.824427,22.653491],[75.824264,22.653491],[75.824061,22.653506],[75.823606,22.653518],[75.82269,22.653584],[75.822095,22.653616],[75.821926,22.653601],[75.820019,22.653801],[75.819737,22.653866],[75.819302,22.653994],[75.818791,22.654155],[75.818407,22.654294],[75.818107,22.654381],[75.818068,22.654354],[75.818023,22.65433],[75.817967,22.654333],[75.817806,22.65441],[75.8175,22.654497],[75.817209,22.654583],[75.817039,22.654654],[75.817024,22.654764],[75.81709,22.654886],[75.817149,22.655017],[75.817194,22.655077],[75.817214,22.655184],[75.817051,22.655306],[75.816759,22.655413],[75.816248,22.65557],[75.816043,22.6556],[75.815888,22.655648],[75.815799,22.655686],[75.815397,22.655808],[75.815156,22.655883],[75.814776,22.656017],[75.814472,22.656133],[75.814267,22.656198],[75.814065,22.656275],[75.813794,22.656385],[75.813538,22.656498],[75.813253,22.656638],[75.81303,22.65676],[75.812949,22.656817],[75.812893,22.656882],[75.812872,22.656968],[75.812875,22.657043],[75.812878,22.657117],[75.812857,22.657153],[75.81281,22.657189],[75.812551,22.657248],[75.812087,22.65737],[75.811602,22.657542],[75.810567,22.658039],[75.809835,22.658451],[75.809834,22.658451],[75.809443,22.658436],[75.807896,22.658465],[75.807777,22.658384],[75.806716,22.65827],[75.806388,22.658246],[75.806121,22.658346],[75.805855,22.658417],[75.805698,22.658431],[75.805588,22.65846],[75.805493,22.658512],[75.805325,22.658593],[75.805325,22.658594],[75.805323,22.658594],[75.804465,22.659008],[75.804161,22.659207],[75.803756,22.659388],[75.803416,22.659514],[75.802562,22.659831],[75.80199,22.660102],[75.801386,22.660235],[75.801043,22.660359],[75.800025,22.660554],[75.79954,22.660654],[75.798654,22.66083],[75.798407,22.660854],[75.79786,22.660858],[75.797241,22.660906],[75.796975,22.660935],[75.796361,22.661063],[75.796285,22.661158],[75.796194,22.661211],[75.795733,22.661272],[75.795247,22.661349],[75.794743,22.661387],[75.794067,22.661415],[75.793501,22.661439],[75.793286,22.661425],[75.793139,22.661372],[75.792806,22.661311],[75.79214,22.661149],[75.791311,22.660973],[75.790445,22.660768],[75.789798,22.660611],[75.789279,22.660521],[75.788856,22.660416],[75.788556,22.660287],[75.788237,22.660173],[75.787614,22.65994],[75.786641,22.659576],[75.786225,22.660529],[75.786278,22.661141],[75.786501,22.662966],[75.786648,22.664996],[75.787103,22.667642],[75.788513,22.67068],[75.78862,22.671111],[75.787954,22.671226],[75.787898,22.671371],[75.787763,22.671726],[75.787474,22.672482],[75.787488,22.672504],[75.787346,22.673982],[75.787275,22.674736],[75.787256,22.674895],[75.787191,22.675648],[75.787204,22.675894],[75.787386,22.678336],[75.787417,22.678903],[75.787463,22.679608],[75.787492,22.679815],[75.787495,22.679837],[75.787714,22.680853],[75.78777,22.681137],[75.78783,22.681445],[75.787857,22.681673],[75.787863,22.681809],[75.787845,22.685424],[75.787839,22.685546],[75.787857,22.68566],[75.787974,22.687108],[75.788026,22.687745],[75.788039,22.687834],[75.78828,22.688263],[75.78831,22.688377],[75.788368,22.688611],[75.788292,22.688616],[75.788154,22.688645],[75.787817,22.688669],[75.787593,22.688716],[75.787464,22.688764],[75.787231,22.688807],[75.786784,22.68893],[75.786394,22.689059],[75.785823,22.689225],[75.785109,22.689449],[75.784481,22.689625],[75.783738,22.689849],[75.782905,22.690092],[75.782439,22.690239],[75.782287,22.69033],[75.782134,22.69042],[75.782058,22.690544],[75.781963,22.690734],[75.781839,22.690986],[75.781625,22.6914],[75.78143,22.691776],[75.781192,22.692186],[75.78094,22.692547],[75.780612,22.69299],[75.780326,22.693323],[75.78005,22.693656],[75.779845,22.693899],[75.779631,22.694132],[75.77936,22.694432],[75.779241,22.694603],[75.779151,22.694698],[75.77906,22.694798],[75.778979,22.694922],[75.778775,22.695174],[75.778565,22.695479],[75.778384,22.695755],[75.778208,22.696002],[75.778037,22.696197],[75.777923,22.696326],[75.777785,22.696464],[75.777709,22.69653],[75.777566,22.696607],[75.777423,22.696668],[75.77708,22.696787],[75.776747,22.696845],[75.776433,22.696906],[75.776024,22.697011],[75.775738,22.697082],[75.775496,22.697173],[75.775267,22.697244],[75.774906,22.697335],[75.774368,22.697473],[75.774039,22.697539],[75.773706,22.69763],[75.773364,22.697753],[75.772978,22.697849],[75.772559,22.69792],[75.772041,22.698029],[75.771536,22.698148],[75.771089,22.698291],[75.770946,22.698329],[75.770751,22.698353],[75.77057,22.698372],[75.770266,22.69842],[75.770037,22.698439],[75.769795,22.698486],[75.76958,22.698539],[75.769357,22.698577],[75.769143,22.698681],[75.768946,22.698787],[75.768938,22.698791],[75.768876,22.69891],[75.768871,22.699148],[75.768857,22.699443],[75.768833,22.699643],[75.768752,22.6999],[75.76869,22.700204],[75.768633,22.700599],[75.76861,22.700823],[75.768581,22.701075],[75.768586,22.701199],[75.768624,22.701389],[75.768686,22.701865],[75.768724,22.702241],[75.768767,22.702403],[75.768757,22.702974],[75.768738,22.703683],[75.768733,22.70433],[75.768695,22.704849],[75.76869,22.705254],[75.768633,22.705948],[75.7686,22.706848],[75.768576,22.707419],[75.768552,22.707719],[75.768462,22.708285],[75.768381,22.708651],[75.768367,22.708785],[75.768305,22.709089],[75.768257,22.709237],[75.768191,22.70936],[75.768167,22.709484],[75.768167,22.70956],[75.768138,22.709694],[75.768119,22.709879],[75.76811,22.710127],[75.76811,22.710322],[75.768134,22.710569],[75.768134,22.710845],[75.768181,22.711031],[75.768181,22.711335],[75.768186,22.711531],[75.76821,22.71169],[75.768263,22.711922],[75.768311,22.712124],[75.768349,22.712214],[75.768163,22.71225],[75.767801,22.71224],[75.767297,22.712231],[75.767107,22.712192],[75.766307,22.712135],[75.765298,22.712126],[75.764318,22.712135],[75.763956,22.712126],[75.763956,22.71226],[75.763951,22.712462],[75.763927,22.712926],[75.763903,22.713503],[75.763879,22.714116],[75.763873,22.714634],[75.763837,22.715298],[75.763832,22.715389],[75.763772,22.716144],[75.763677,22.716959],[75.763528,22.717905],[75.763409,22.718702],[75.76332,22.719238],[75.763219,22.719797],[75.76313,22.72035],[75.763058,22.720767],[75.762993,22.721314],[75.762999,22.721486],[75.762963,22.721564],[75.762927,22.721665],[75.76291,22.721843],[75.762814,22.722861],[75.762773,22.72342],[75.762737,22.723866],[75.762672,22.724645],[75.7626,22.725424],[75.762481,22.72643],[75.762434,22.726971],[75.762404,22.727334],[75.76235,22.727804],[75.762297,22.728256],[75.762243,22.728875],[75.762178,22.729493],[75.76216,22.729898],[75.762124,22.730267],[75.762083,22.730576],[75.762041,22.730897],[75.761958,22.731308],[75.761845,22.731593],[75.761791,22.731855],[75.761779,22.73214],[75.761761,22.732706],[75.761755,22.733378],[75.761738,22.733526],[75.761625,22.733699],[75.761529,22.733877],[75.7615,22.734014],[75.7615,22.734139],[75.761541,22.7343],[75.761595,22.734407],[75.761619,22.734556],[75.761607,22.734621],[75.761512,22.734853],[75.761434,22.735014],[75.761345,22.73518],[75.76128,22.735388],[75.76125,22.735626],[75.76119,22.735864],[75.761149,22.736078],[75.761143,22.736263],[75.761143,22.736477],[75.761143,22.736632],[75.761107,22.736911],[75.761095,22.737167],[75.761107,22.737423],[75.761113,22.737601],[75.761085,22.737657],[75.761112,22.737666],[75.76115,22.737714],[75.761174,22.738151],[75.761179,22.738694],[75.761212,22.739165],[75.761279,22.739665],[75.761307,22.739889],[75.761407,22.740678],[75.761455,22.740831],[75.761497,22.740888],[75.761564,22.740945],[75.76165,22.740945],[75.761902,22.74095],[75.76263,22.740959],[75.763606,22.74095],[75.764248,22.74095],[75.764457,22.740954],[75.764933,22.740988],[75.765124,22.740997],[75.766299,22.741273],[75.766523,22.741292],[75.766675,22.741306],[75.767617,22.741668],[75.768246,22.741873],[75.768355,22.741911],[75.768669,22.74192],[75.768983,22.741897],[75.768988,22.742025],[75.769012,22.742101],[75.769045,22.74213],[75.769312,22.742125],[75.769688,22.742073],[75.770078,22.742001],[75.770354,22.74193],[75.770677,22.74183],[75.770991,22.741763],[75.771353,22.742039],[75.771604,22.742231],[75.771957,22.742534],[75.772148,22.742689],[75.772193,22.742725],[75.772294,22.74281],[75.772535,22.743013],[75.772806,22.743243],[75.772971,22.743384],[75.773074,22.743473],[75.773153,22.743579],[75.773275,22.744041],[75.77335,22.7444],[75.773446,22.744957],[75.773524,22.745442],[75.773656,22.746377],[75.773712,22.746901],[75.77381,22.747836],[75.773878,22.748607],[75.773949,22.749166],[75.773938,22.74936],[75.773932,22.749396],[75.773883,22.74965],[75.773837,22.7499],[75.773794,22.75015],[75.773745,22.750398],[75.7737,22.750668],[75.77367,22.750764],[75.773638,22.750957],[75.77359,22.751226],[75.773546,22.751489],[75.773514,22.751652],[75.773489,22.751798],[75.773462,22.751941],[75.773438,22.752083],[75.773414,22.752226],[75.77339,22.752368],[75.773366,22.75251],[75.773341,22.752653],[75.773315,22.752797],[75.773288,22.752941],[75.773262,22.753086],[75.773236,22.753228],[75.773211,22.75337],[75.773185,22.753512],[75.77316,22.753654],[75.773154,22.753688],[75.773134,22.753797],[75.773109,22.753939],[75.773086,22.754082],[75.773056,22.754226],[75.773035,22.75437],[75.773008,22.754515],[75.772986,22.754659],[75.772956,22.754802],[75.772933,22.754945],[75.772917,22.755041],[75.772905,22.755089],[75.772901,22.755105],[75.772881,22.755234],[75.772854,22.755381],[75.772833,22.755527],[75.772809,22.755672],[75.772791,22.755813],[75.772764,22.755955],[75.772747,22.75609],[75.772744,22.75627],[75.772728,22.756523],[75.772598,22.757265],[75.772589,22.757302],[75.772565,22.757452],[75.772495,22.757928],[75.77252,22.758281],[75.772377,22.759005],[75.772294,22.759318],[75.772267,22.759422],[75.772434,22.759306],[75.772631,22.759302],[75.772735,22.759303],[75.773226,22.759306],[75.773873,22.759354],[75.774582,22.759421],[75.775082,22.759506],[75.775367,22.759616],[75.775627,22.759727],[75.775943,22.759825],[75.776129,22.759882],[75.776314,22.759868],[75.776474,22.759803],[75.7767,22.759711],[75.777142,22.759602],[75.777252,22.759616],[75.777466,22.759687],[75.777628,22.759749],[75.777737,22.759768],[75.777923,22.759768],[75.778137,22.759801],[75.778361,22.759797],[75.778546,22.759759],[75.778642,22.75997],[75.778732,22.760168],[75.779072,22.760819],[75.779095,22.760863],[75.779194,22.761053],[75.77947,22.761814],[75.779589,22.76219],[75.779703,22.762528],[75.779907,22.763066],[75.780055,22.763466],[75.780283,22.763918],[75.780621,22.764736],[75.780655,22.764912],[75.78065,22.764984],[75.780621,22.76505],[75.780616,22.76525],[75.78074,22.766017],[75.780854,22.766607],[75.780978,22.767244],[75.781054,22.767506],[75.781069,22.76762],[75.781097,22.767787],[75.781121,22.768063],[75.781173,22.76871],[75.781197,22.769043],[75.78123,22.769143],[75.781292,22.769229],[75.781383,22.769386],[75.78146,22.769603],[75.781467,22.769672],[75.781551,22.770579],[75.781572,22.770681],[75.781555,22.770786],[75.781595,22.771532],[75.781625,22.772287],[75.781631,22.77252],[75.781633,22.772596],[75.78168,22.772927],[75.78168,22.772955],[75.78168,22.773003],[75.781689,22.773103],[75.781699,22.773189],[75.781727,22.773262],[75.781732,22.773274],[75.781742,22.773427],[75.781761,22.773674],[75.781761,22.773841],[75.781756,22.774079],[75.781732,22.774454],[75.781732,22.774869],[75.781713,22.775183],[75.781701,22.77548],[75.781695,22.775795],[75.781671,22.776117],[75.78163,22.776557],[75.781571,22.776811],[75.781539,22.776951],[75.781547,22.777011],[75.781554,22.777059],[75.781564,22.77736],[75.781577,22.777624],[75.781507,22.778033],[75.78152,22.778177],[75.781582,22.77857],[75.781767,22.779373],[75.781834,22.779769],[75.781922,22.780169],[75.782011,22.78057],[75.782102,22.780973],[75.782206,22.781374],[75.782287,22.781771],[75.782366,22.782166],[75.78245,22.782562],[75.782544,22.782959],[75.78264,22.783356],[75.782737,22.783754],[75.78284,22.784161],[75.782952,22.78456],[75.783052,22.784959],[75.783153,22.785357],[75.783242,22.785758],[75.783373,22.786158],[75.783525,22.786548],[75.783683,22.786932],[75.783796,22.787263],[75.783919,22.787644],[75.783976,22.787799],[75.784074,22.788095],[75.784095,22.788154],[75.784203,22.788417],[75.784262,22.788606],[75.784297,22.788738],[75.784373,22.788997],[75.784409,22.789154],[75.784438,22.789236],[75.784454,22.789232],[75.784686,22.789203],[75.785043,22.789179],[75.785239,22.78925],[75.785198,22.789298],[75.785174,22.789453],[75.785216,22.78972],[75.785376,22.79047],[75.785572,22.791219],[75.785555,22.791374],[75.785531,22.79157],[75.785531,22.791826],[75.785602,22.792231],[75.785727,22.792611],[75.785834,22.79298],[75.786025,22.793527],[75.786298,22.794146],[75.786506,22.794771],[75.786721,22.795086],[75.787036,22.795752],[75.787458,22.79652],[75.788029,22.797519],[75.788672,22.798643],[75.788892,22.799167],[75.789082,22.799601],[75.789177,22.800095],[75.789267,22.80063],[75.789445,22.80138],[75.789564,22.801838],[75.789713,22.802581],[75.789814,22.803366],[75.789951,22.804479],[75.789948,22.804591],[75.789998,22.804587],[75.790121,22.804578],[75.790192,22.804579],[75.790218,22.804579],[75.790722,22.804588],[75.791261,22.804589],[75.7918,22.80459],[75.792341,22.804593],[75.792885,22.804599],[75.79343,22.804607],[75.793973,22.804601],[75.794073,22.804609],[75.794554,22.804603],[75.795112,22.804613],[75.795673,22.804631],[75.796219,22.804627],[75.796775,22.804642],[75.797328,22.80465],[75.797457,22.80465],[75.7979,22.804669],[75.798475,22.804699],[75.79905,22.804729],[75.799513,22.804755],[75.799637,22.804767],[75.799959,22.804825],[75.800214,22.804836],[75.800669,22.804892],[75.800745,22.804901],[75.80128,22.804976],[75.801815,22.805054],[75.80235,22.805131],[75.802872,22.805201],[75.803147,22.805219],[75.803326,22.805189],[75.803529,22.805159],[75.804112,22.805109],[75.804246,22.805098],[75.804419,22.805085],[75.804769,22.805059],[75.804884,22.80505],[75.804968,22.805043],[75.805209,22.805013],[75.805464,22.804965],[75.805828,22.804911],[75.806052,22.804868],[75.806733,22.804755],[75.806839,22.804742],[75.806864,22.804738],[75.806913,22.804731],[75.807297,22.804676],[75.807366,22.80466],[75.807367,22.804623],[75.80751,22.804593],[75.807649,22.804593],[75.807758,22.804565],[75.807939,22.804536],[75.808224,22.804526],[75.808472,22.804503],[75.808676,22.804512],[75.808748,22.804512],[75.808848,22.804522],[75.808971,22.804536],[75.809038,22.804536],[75.809124,22.804488],[75.80919,22.804493],[75.809357,22.804493],[75.809538,22.804431],[75.809671,22.804412],[75.809804,22.804384],[75.809933,22.804331],[75.810009,22.80426],[75.810147,22.804269],[75.810556,22.804222],[75.811023,22.804174],[75.811451,22.804146],[75.812103,22.804141],[75.812798,22.804141],[75.81393,22.804141],[75.81493,22.804155],[75.81502,22.804155],[75.815691,22.804151],[75.816852,22.804132],[75.817298,22.80415],[75.81775,22.804192],[75.818297,22.804233],[75.818654,22.804251],[75.818993,22.804257],[75.819314,22.804281],[75.819523,22.804311],[75.819701,22.804328],[75.819784,22.80435],[75.81996,22.804312],[75.820352,22.804299],[75.821773,22.80425],[75.822211,22.804227],[75.822368,22.804179],[75.822527,22.804092],[75.822576,22.804291],[75.822614,22.804491],[75.822633,22.805328],[75.822661,22.805871],[75.82268,22.806233],[75.822728,22.806471],[75.822766,22.806737],[75.822728,22.807156],[75.82269,22.80767],[75.822537,22.808441],[75.822376,22.809078],[75.8223,22.80944],[75.822261,22.809707],[75.822299,22.809964],[75.822347,22.810363],[75.822461,22.810754],[75.822623,22.811068],[75.822737,22.81122],[75.822899,22.811249],[75.823337,22.811172],[75.82368,22.811172],[75.824165,22.811182],[75.824631,22.811239],[75.824869,22.811287],[75.824993,22.811391],[75.825212,22.81162],[75.825336,22.811801],[75.825469,22.81201],[75.82564,22.81221],[75.825802,22.812467],[75.825907,22.812686],[75.825945,22.812838],[75.825954,22.813028],[75.825935,22.813228],[75.825831,22.813542],[75.825707,22.813866],[75.825612,22.814342],[75.825574,22.814713],[75.825555,22.815103],[75.825574,22.815294],[75.825678,22.81556],[75.825761,22.815905],[75.825934,22.816224],[75.826093,22.816374],[75.826258,22.816588],[75.826479,22.816788],[75.82665,22.816873],[75.826914,22.816895],[75.827157,22.816916],[75.82725,22.816938],[75.827407,22.816973],[75.827521,22.816966],[75.827671,22.816881],[75.82775,22.816838],[75.827907,22.816838],[75.828092,22.816845],[75.828249,22.816838],[75.828449,22.816816],[75.828599,22.816809],[75.828842,22.816781],[75.828992,22.816781],[75.829149,22.816752],[75.829277,22.816773],[75.829513,22.816859],[75.829705,22.816923],[75.829962,22.817073],[75.830191,22.817173],[75.830319,22.817245],[75.830548,22.817366],[75.830705,22.817409],[75.830883,22.817452],[75.830983,22.817494],[75.83124,22.817459],[75.831404,22.817423],[75.83149,22.817309],[75.831611,22.817202],[75.83179,22.817166],[75.832083,22.817045],[75.832249,22.816958],[75.832583,22.816761],[75.832884,22.816578],[75.833099,22.816455],[75.833288,22.816364],[75.833538,22.816234],[75.83383,22.816087],[75.83396,22.816036],[75.834138,22.815953],[75.834152,22.815934],[75.83429,22.815853],[75.834395,22.815739],[75.834491,22.815587],[75.834594,22.815332],[75.834667,22.815118],[75.834768,22.814827],[75.834788,22.814831],[75.834912,22.81489],[75.835078,22.814938],[75.835203,22.814944],[75.835346,22.814932],[75.83553,22.814872],[75.835667,22.814854],[75.835875,22.814872],[75.835971,22.814944],[75.836125,22.815039],[75.83622,22.815104],[75.836363,22.81514],[75.83647,22.815128],[75.836554,22.815069],[75.836661,22.814962],[75.83675,22.814825],[75.836809,22.814753],[75.836904,22.814712],[75.837,22.814688],[75.837089,22.814652],[75.837208,22.814581],[75.83741,22.814468],[75.837499,22.814426],[75.8376,22.814432],[75.837838,22.814539],[75.838118,22.814676],[75.838314,22.81486],[75.838487,22.815027],[75.838618,22.815199],[75.838653,22.81533],[75.838653,22.815455],[75.83863,22.815562],[75.838647,22.815675],[75.838647,22.8158],[75.838588,22.816026],[75.838523,22.816252],[75.838451,22.816508],[75.838338,22.816758],[75.838273,22.816913],[75.838237,22.817091],[75.838267,22.817216],[75.838285,22.817287],[75.838261,22.817406],[75.838195,22.817573],[75.838136,22.817728],[75.838011,22.817936],[75.837951,22.818091],[75.837832,22.818257],[75.837719,22.818507],[75.837672,22.818626],[75.837672,22.818751],[75.837713,22.819001],[75.837773,22.819227],[75.837838,22.819524],[75.837945,22.819851],[75.838059,22.820077],[75.838195,22.820214],[75.838481,22.820458],[75.838636,22.820613],[75.838878,22.820765],[75.838926,22.820804],[75.839163,22.820893],[75.839576,22.820925],[75.840037,22.820916],[75.840255,22.820914],[75.840276,22.820913],[75.840349,22.820908],[75.840399,22.821186],[75.840449,22.821458],[75.840522,22.821811],[75.840568,22.82209],[75.840697,22.822459],[75.840718,22.822525],[75.840934,22.823198],[75.841047,22.823542],[75.841112,22.823758],[75.841281,22.824301],[75.841289,22.824327],[75.841345,22.82452],[75.84142,22.824742],[75.84162,22.825355],[75.841652,22.825418],[75.841725,22.825563],[75.841982,22.826028],[75.842189,22.826416],[75.842516,22.827],[75.842584,22.82712],[75.842653,22.827242],[75.842789,22.827484],[75.842916,22.827685],[75.842986,22.827889],[75.843071,22.828146],[75.843183,22.828504],[75.843356,22.829061],[75.843488,22.829499],[75.843642,22.830012],[75.843745,22.83],[75.844007,22.830081],[75.845144,22.83078],[75.846653,22.831585],[75.847266,22.831937],[75.848294,22.833003],[75.84887,22.833797],[75.849151,22.834115],[75.849469,22.834074],[75.849207,22.83286],[75.849731,22.832771],[75.849939,22.832724],[75.850123,22.832664],[75.850284,22.832611],[75.850599,22.832551],[75.850825,22.832527],[75.851135,22.832504],[75.851278,22.832492],[75.851349,22.832486],[75.851557,22.832426],[75.851843,22.832367],[75.852051,22.832319]]]}},{"type":"Feature","properties":{"OBJECTID":4169,"state_lgd":"23","state_name":"MADHYA PRADESH","district_lgd":"439","district_name":"INDORE","district_name_source":"district_table","subdistrict_lgd":"6929","subdistrict_name":"RAU","subdistrict_type":"","name_corrupted":false,"remarks":""},"geometry":{"type":"Polygon","coordinates":[[[75.761113,22.737601],[75.761107,22.737423],[75.761095,22.737167],[75.761107,22.736911],[75.761143,22.736632],[75.761143,22.736477],[75.761143,22.736263],[75.761149,22.736078],[75.76119,22.735864],[75.76125,22.735626],[75.76128,22.735388],[75.761345,22.73518],[75.761434,22.735014],[75.761512,22.734853],[75.761607,22.734621],[75.761619,22.734556],[75.761595,22.734407],[75.761541,22.7343],[75.7615,22.734139],[75.7615,22.734014],[75.761529,22.733877],[75.761625,22.733699],[75.761738,22.733526],[75.761755,22.733378],[75.761761,22.732706],[75.761779,22.73214],[75.761791,22.731855],[75.761845,22.731593],[75.761958,22.731308],[75.762041,22.730897],[75.762083,22.730576],[75.762124,22.730267],[75.76216,22.729898],[75.762178,22.729493],[75.762243,22.728875],[75.762297,22.728256],[75.76235,22.727804],[75.762404,22.727334],[75.762434,22.726971],[75.762481,22.72643],[75.7626,22.725424],[75.762672,22.724645],[75.762737,22.723866],[75.762773,22.72342],[75.762814,22.722861],[75.76291,22.721843],[75.762927,22.721665],[75.762963,22.721564],[75.762999,22.721486],[75.762993,22.721314],[75.763058,22.720767],[75.76313,22.72035],[75.763219,22.719797],[75.76332,22.719238],[75.763409,22.718702],[75.763528,22.717905],[75.763677,22.716959],[75.763772,22.716144],[75.763832,22.715389],[75.763837,22.715298],[75.763873,22.714634],[75.763879,22.714116],[75.763903,22.713503],[75.763927,22.712926],[75.763951,22.712462],[75.763956,22.71226],[75.763956,22.712126],[75.764318,22.712135],[75.765298,22.712126],[75.766307,22.712135],[75.767107,22.712192],[75.767297,22.712231],[75.767801,22.71224],[75.768163,22.71225],[75.768349,22.712214],[75.768311,22.712124],[75.768263,22.711922],[75.76821,22.71169],[75.768186,22.711531],[75.768181,22.711335],[75.768181,22.711031],[75.768134,22.710845],[75.768134,22.710569],[75.76811,22.710322],[75.76811,22.710127],[75.768119,22.709879],[75.768138,22.709694],[75.768167,22.70956],[75.768167,22.709484],[75.768191,22.70936],[75.768257,22.709237],[75.768305,22.709089],[75.768367,22.708785],[75.768381,22.708651],[75.768462,22.708285],[75.768552,22.707719],[75.768576,22.707419],[75.7686,22.706848],[75.768633,22.705948],[75.76869,22.705254],[75.768695,22.704849],[75.768733,22.70433],[75.768738,22.703683],[75.768757,22.702974],[75.768767,22.702403],[75.768724,22.702241],[75.768686,22.701865],[75.768624,22.701389],[75.768586,22.701199],[75.768581,22.701075],[75.76861,22.700823],[75.768633,22.700599],[75.76869,22.700204],[75.768752,22.6999],[75.768833,22.699643],[75.768857,22.699443],[75.768871,22.699148],[75.768876,22.69891],[75.768938,22.698791],[75.768946,22.698787],[75.769143,22.698681],[75.769357,22.698577],[75.76958,22.698539],[75.769795,22.698486],[75.770037,22.698439],[75.770266,22.69842],[75.77057,22.698372],[75.770751,22.698353],[75.770946,22.698329],[75.771089,22.698291],[75.771536,22.698148],[75.772041,22.698029],[75.772559,22.69792],[75.772978,22.697849],[75.773364,22.697753],[75.773706,22.69763],[75.774039,22.697539],[75.774368,22.697473],[75.774906,22.697335],[75.775267,22.697244],[75.775496,22.697173],[75.775738,22.697082],[75.776024,22.697011],[75.776433,22.696906],[75.776747,22.696845],[75.77708,22.696787],[75.777423,22.696668],[75.777566,22.696607],[75.777709,22.69653],[75.777785,22.696464],[75.777923,22.696326],[75.778037,22.696197],[75.778208,22.696002],[75.778384,22.695755],[75.778565,22.695479],[75.778775,22.695174],[75.778979,22.694922],[75.77906,22.694798],[75.779151,22.694698],[75.779241,22.694603],[75.77936,22.694432],[75.779631,22.694132],[75.779845,22.693899],[75.78005,22.693656],[75.780326,22.693323],[75.780612,22.69299],[75.78094,22.692547],[75.781192,22.692186],[75.78143,22.691776],[75.781625,22.6914],[75.781839,22.690986],[75.781963,22.690734],[75.782058,22.690544],[75.782134,22.69042],[75.782287,22.69033],[75.782439,22.690239],[75.782905,22.690092],[75.783738,22.689849],[75.784481,22.689625],[75.785109,22.689449],[75.785823,22.689225],[75.786394,22.689059],[75.786784,22.68893],[75.787231,22.688807],[75.787464,22.688764],[75.787593,22.688716],[75.787817,22.688669],[75.788154,22.688645],[75.788292,22.688616],[75.788368,22.688611],[75.78831,22.688377],[75.78828,22.688263],[75.788039,22.687834],[75.788026,22.687745],[75.787974,22.687108],[75.787857,22.68566],[75.787839,22.685546],[75.787845,22.685424],[75.787863,22.681809],[75.787857,22.681673],[75.78783,22.681445],[75.78777,22.681137],[75.787714,22.680853],[75.787495,22.679837],[75.787492,22.679815],[75.787463,22.679608],[75.787417,22.678903],[75.787386,22.678336],[75.787204,22.675894],[75.787191,22.675648],[75.787256,22.674895],[75.787275,22.674736],[75.787346,22.673982],[75.787488,22.672504],[75.787474,22.672482],[75.787763,22.671726],[75.787898,22.671371],[75.787954,22.671226],[75.78862,22.671111],[75.788513,22.67068],[75.787103,22.667642],[75.786648,22.664996],[75.786501,22.662966],[75.786278,22.661141],[75.786225,22.660529],[75.786641,22.659576],[75.787614,22.65994],[75.788237,22.660173],[75.788556,22.660287],[75.788856,22.660416],[75.789279,22.660521],[75.789798,22.660611],[75.790445,22.660768],[75.791311,22.660973],[75.79214,22.661149],[75.792806,22.661311],[75.793139,22.661372],[75.793286,22.661425],[75.793501,22.661439],[75.794067,22.661415],[75.794743,22.661387],[75.795247,22.661349],[75.795733,22.661272],[75.796194,22.661211],[75.796285,22.661158],[75.796361,22.661063],[75.796975,22.660935],[75.797241,22.660906],[75.79786,22.660858],[75.798407,22.660854],[75.798654,22.66083],[75.79954,22.660654],[75.800025,22.660554],[75.801043,22.660359],[75.801386,22.660235],[75.80199,22.660102],[75.802562,22.659831],[75.803416,22.659514],[75.803756,22.659388],[75.804161,22.659207],[75.804465,22.659008],[75.805323,22.658594],[75.805325,22.658594],[75.805325,22.658593],[75.805493,22.658512],[75.805588,22.65846],[75.805698,22.658431],[75.805855,22.658417],[75.806121,22.658346],[75.806388,22.658246],[75.806716,22.65827],[75.807777,22.658384],[75.807896,22.658465],[75.809443,22.658436],[75.809834,22.658451],[75.809835,22.658451],[75.810567,22.658039],[75.811602,22.657542],[75.812087,22.65737],[75.812551,22.657248],[75.81281,22.657189],[75.812857,22.657153],[75.812878,22.657117],[75.812875,22.657043],[75.812872,22.656968],[75.812893,22.656882],[75.812949,22.656817],[75.81303,22.65676],[75.813253,22.656638],[75.813538,22.656498],[75.813794,22.656385],[75.814065,22.656275],[75.814267,22.656198],[75.814472,22.656133],[75.814776,22.656017],[75.815156,22.655883],[75.815397,22.655808],[75.815799,22.655686],[75.815888,22.655648],[75.816043,22.6556],[75.816248,22.65557],[75.816759,22.655413],[75.817051,22.655306],[75.817214,22.655184],[75.817194,22.655077],[75.817149,22.655017],[75.81709,22.654886],[75.817024,22.654764],[75.817039,22.654654],[75.817209,22.654583],[75.8175,22.654497],[75.817806,22.65441],[75.817967,22.654333],[75.818023,22.65433],[75.818068,22.654354],[75.818107,22.654381],[75.818407,22.654294],[75.818791,22.654155],[75.819302,22.653994],[75.819737,22.653866],[75.820019,22.653801],[75.821926,22.653601],[75.822095,22.653616],[75.82269,22.653584],[75.823606,22.653518],[75.824061,22.653506],[75.824264,22.653491],[75.824427,22.653491],[75.824591,22.653542],[75.825001,22.653524],[75.825623,22.653423],[75.826013,22.653355],[75.826146,22.653265],[75.826262,22.653176],[75.826399,22.653096],[75.826792,22.652941],[75.826941,22.652879],[75.82706,22.652894],[75.827235,22.652876],[75.827369,22.652834],[75.827488,22.652813],[75.827666,22.652766],[75.827836,22.652727],[75.828154,22.652617],[75.828441,22.652511],[75.828891,22.652283],[75.828598,22.651441],[75.828384,22.650827],[75.828327,22.650498],[75.828263,22.650077],[75.828134,22.649606],[75.828069,22.649411],[75.82792,22.648971],[75.827872,22.648766],[75.82782,22.648542],[75.82772,22.648043],[75.827628,22.647243],[75.827611,22.646885],[75.827571,22.646002],[75.827529,22.645306],[75.827469,22.644638],[75.827436,22.644357],[75.82743,22.644299],[75.827428,22.644274],[75.827345,22.643384],[75.827293,22.642862],[75.827325,22.642779],[75.827342,22.642735],[75.827413,22.642553],[75.827443,22.642483],[75.827585,22.642146],[75.827683,22.641994],[75.827892,22.641668],[75.827856,22.640812],[75.827813,22.639983],[75.82782,22.639548],[75.827842,22.639255],[75.827842,22.638941],[75.827885,22.63862],[75.827999,22.638063],[75.828206,22.63684],[75.828277,22.636676],[75.828413,22.636555],[75.828498,22.63644],[75.828556,22.636248],[75.828627,22.636041],[75.828748,22.635941],[75.828927,22.635869],[75.829405,22.635898],[75.829719,22.636076],[75.829962,22.636162],[75.830205,22.636262],[75.830276,22.636305],[75.83034,22.636362],[75.830397,22.636455],[75.830447,22.636526],[75.83049,22.636576],[75.83054,22.636605],[75.830611,22.636633],[75.830679,22.63664],[75.830808,22.63664],[75.830943,22.63664],[75.831072,22.636619],[75.831165,22.63658],[75.831297,22.636519],[75.831414,22.636455],[75.831575,22.636401],[75.831707,22.636348],[75.831818,22.636316],[75.831943,22.636301],[75.832064,22.636283],[75.83216,22.636248],[75.832271,22.636216],[75.83235,22.636187],[75.832439,22.63613],[75.832539,22.636069],[75.832621,22.636034],[75.832689,22.636019],[75.832753,22.636005],[75.832856,22.635955],[75.832921,22.635937],[75.833035,22.635902],[75.833153,22.635866],[75.83327,22.635834],[75.833356,22.635798],[75.833463,22.635734],[75.83367,22.635677],[75.833802,22.63562],[75.833966,22.635484],[75.834141,22.635313],[75.834513,22.635148],[75.834624,22.634988],[75.834667,22.634724],[75.83466,22.634488],[75.834681,22.634245],[75.834738,22.634074],[75.834796,22.633981],[75.834874,22.633846],[75.83511,22.633624],[75.835395,22.633275],[75.835552,22.633025],[75.835916,22.632425],[75.83633,22.631733],[75.836548,22.631363],[75.836753,22.630996],[75.836819,22.630858],[75.836867,22.630725],[75.836881,22.630615],[75.836894,22.630455],[75.836924,22.630244],[75.836974,22.630057],[75.837058,22.629851],[75.837138,22.629679],[75.837224,22.629524],[75.83734,22.629263],[75.837411,22.62909],[75.837456,22.628941],[75.837474,22.628775],[75.837492,22.628543],[75.837519,22.628343],[75.837533,22.62826],[75.83756,22.628159],[75.837608,22.628067],[75.837742,22.627927],[75.837932,22.627781],[75.838185,22.627642],[75.83847,22.627472],[75.838854,22.62732],[75.839098,22.627201],[75.839342,22.627124],[75.839452,22.627061],[75.839529,22.627017],[75.839651,22.62699],[75.839847,22.626931],[75.84016,22.626853],[75.840392,22.626794],[75.840624,22.626711],[75.840787,22.626624],[75.840918,22.626568],[75.841013,22.626505],[75.841109,22.626443],[75.841159,22.62638],[75.841272,22.626244],[75.841296,22.626131],[75.841338,22.625919],[75.84135,22.62578],[75.84255,22.626237],[75.842654,22.626371],[75.844263,22.627208],[75.844729,22.627494],[75.844805,22.627713],[75.844777,22.627836],[75.845215,22.62835],[75.845624,22.628874],[75.845643,22.629045],[75.845548,22.629188],[75.845548,22.629254],[75.845595,22.629369],[75.845738,22.629502],[75.845852,22.629616],[75.846005,22.629683],[75.8461,22.629806],[75.846166,22.629845],[75.84629,22.629873],[75.846442,22.629883],[75.846652,22.629921],[75.846795,22.630006],[75.846816,22.630126],[75.84704,22.630069],[75.847392,22.630183],[75.847459,22.63026],[75.847502,22.63025],[75.847564,22.630298],[75.847654,22.630321],[75.847963,22.630355],[75.848382,22.630393],[75.848649,22.630407],[75.849039,22.630417],[75.849515,22.630421],[75.850086,22.630421],[75.850462,22.630426],[75.851047,22.630407],[75.851176,22.630402],[75.85256,22.63026],[75.852917,22.630255],[75.853427,22.630241],[75.853536,22.630245],[75.853665,22.630321],[75.853779,22.630459],[75.85385,22.630517],[75.853998,22.630526],[75.854321,22.630531],[75.854745,22.630545],[75.855225,22.63054],[75.855578,22.630545],[75.856215,22.63054],[75.856725,22.630512],[75.85701,22.630483],[75.857529,22.63036],[75.858423,22.630145],[75.85909,22.630031],[75.859185,22.630026],[75.859209,22.63005],[75.859242,22.630141],[75.859299,22.630217],[75.859351,22.63026],[75.859423,22.630279],[75.85958,22.630302],[75.859865,22.630364],[75.860156,22.630426],[75.860451,22.63045],[75.860496,22.630455],[75.860532,22.630196],[75.860561,22.629915],[75.860599,22.629701],[75.860632,22.629501],[75.86067,22.629258],[75.86068,22.629025],[75.860699,22.628725],[75.860746,22.628349],[75.860784,22.627968],[75.860822,22.627716],[75.860918,22.62734],[75.861017,22.627007],[75.861065,22.626788],[75.861103,22.626574],[75.861122,22.626455],[75.861108,22.626388],[75.861079,22.626255],[75.860918,22.62596],[75.860846,22.625746],[75.86078,22.625575],[75.860741,22.625413],[75.860722,22.62527],[75.860689,22.625051],[75.860656,22.62498],[75.860556,22.624751],[75.860523,22.624645],[75.860493,22.624541],[75.860454,22.624363],[75.860431,22.624104],[75.860383,22.623792],[75.860315,22.623304],[75.860273,22.623001],[75.860234,22.622763],[75.860181,22.622337],[75.86016,22.622094],[75.860139,22.621838],[75.860109,22.621567],[75.860071,22.621359],[75.860032,22.621145],[75.86002,22.620996],[75.860017,22.620737],[75.860026,22.620609],[75.860011,22.620517],[75.85999,22.620365],[75.859987,22.620297],[75.85999,22.620235],[75.860005,22.62016],[75.860023,22.620083],[75.860044,22.620029],[75.860047,22.619985],[75.860053,22.619895],[75.860038,22.619827],[75.860029,22.619765],[75.860008,22.619699],[75.859987,22.619628],[75.859889,22.619562],[75.859746,22.619384],[75.859592,22.61914],[75.859372,22.618866],[75.85922,22.618673],[75.859098,22.618465],[75.858827,22.618078],[75.858646,22.617772],[75.858533,22.617581],[75.858453,22.617457],[75.858372,22.617346],[75.858331,22.617266],[75.858298,22.617195],[75.858244,22.617055],[75.858209,22.616915],[75.858158,22.616823],[75.858078,22.616668],[75.858009,22.616558],[75.857926,22.616484],[75.857861,22.616395],[75.857825,22.616291],[75.857789,22.616198],[75.857653,22.615937],[75.857569,22.615794],[75.857495,22.615642],[75.857468,22.615562],[75.857409,22.615493],[75.857305,22.615363],[75.857165,22.615241],[75.857064,22.615145],[75.857004,22.615113],[75.856915,22.615068],[75.856846,22.615041],[75.856787,22.615035],[75.856727,22.615027],[75.856671,22.615003],[75.856588,22.61494],[75.85649,22.614836],[75.856377,22.614661],[75.856296,22.614503],[75.856198,22.61428],[75.856121,22.61409],[75.856064,22.61398],[75.856064,22.613762],[75.856103,22.61306],[75.856058,22.61235],[75.856246,22.611564],[75.856507,22.610592],[75.856733,22.609661],[75.856927,22.608816],[75.857084,22.608269],[75.85707,22.608203],[75.856855,22.607739],[75.856617,22.607217],[75.856588,22.607153],[75.856403,22.606749],[75.856162,22.606231],[75.855933,22.605761],[75.855829,22.605541],[75.855312,22.604979],[75.854794,22.604387],[75.854619,22.604322],[75.854434,22.604245],[75.854247,22.604149],[75.854144,22.604138],[75.853773,22.604026],[75.853545,22.603958],[75.85275,22.60372],[75.852726,22.603691],[75.852623,22.603572],[75.852618,22.603565],[75.85248,22.602847],[75.852301,22.601915],[75.852296,22.601907],[75.852189,22.601736],[75.85218,22.601721],[75.852062,22.601667],[75.851962,22.60162],[75.85196,22.601611],[75.851938,22.601471],[75.851931,22.601337],[75.851903,22.600772],[75.851899,22.600769],[75.851873,22.600751],[75.851719,22.600609],[75.85145,22.601024],[75.851211,22.601378],[75.850912,22.601765],[75.850422,22.602404],[75.850161,22.602775],[75.850005,22.60286],[75.84832,22.603445],[75.846992,22.603988],[75.844123,22.60523],[75.843437,22.605544],[75.842966,22.605687],[75.842324,22.605815],[75.84091,22.605901],[75.838683,22.606129],[75.838198,22.606229],[75.838269,22.607686],[75.838341,22.608471],[75.838326,22.610612],[75.838312,22.611198],[75.838312,22.611483],[75.838212,22.611897],[75.838195,22.61214],[75.838069,22.61212],[75.838043,22.612116],[75.837961,22.612102],[75.837727,22.612062],[75.837183,22.611967],[75.836974,22.611931],[75.835722,22.611714],[75.835721,22.611714],[75.834854,22.611563],[75.833143,22.611267],[75.832445,22.611146],[75.832093,22.611138],[75.831987,22.611136],[75.829738,22.611086],[75.828326,22.611055],[75.82661,22.611017],[75.821881,22.611341],[75.818711,22.612219],[75.818606,22.612248],[75.818294,22.612327],[75.819743,22.611251],[75.821132,22.610251],[75.821215,22.610169],[75.82121,22.610114],[75.821115,22.609995],[75.821026,22.609846],[75.820984,22.609644],[75.820937,22.609341],[75.82083,22.608746],[75.820764,22.608568],[75.820586,22.608151],[75.820253,22.606926],[75.820104,22.606361],[75.820003,22.605974],[75.819961,22.60573],[75.819943,22.605563],[75.819866,22.605355],[75.819771,22.605129],[75.819753,22.604951],[75.819699,22.604683],[75.81967,22.604421],[75.819658,22.604076],[75.819652,22.603803],[75.819634,22.603517],[75.819616,22.603243],[75.819616,22.603083],[75.819622,22.602839],[75.819592,22.602613],[75.819563,22.602268],[75.819592,22.602036],[75.819646,22.601869],[75.819735,22.601703],[75.819789,22.601572],[75.819771,22.601459],[75.819711,22.601304],[75.819467,22.60106],[75.819384,22.600828],[75.819331,22.600567],[75.819283,22.60015],[75.819206,22.599543],[75.819158,22.599145],[75.819146,22.599008],[75.81914,22.598943],[75.819105,22.598794],[75.819105,22.598675],[75.819128,22.598461],[75.819158,22.598211],[75.819164,22.598068],[75.819158,22.597931],[75.81914,22.597806],[75.819105,22.597634],[75.81898,22.597271],[75.818908,22.597128],[75.818766,22.596837],[75.818664,22.596623],[75.818611,22.596403],[75.818581,22.596224],[75.818534,22.595944],[75.818522,22.595748],[75.81801,22.595855],[75.817183,22.595867],[75.816184,22.595879],[75.815607,22.595885],[75.815355,22.59588],[75.815041,22.595795],[75.814336,22.595561],[75.813746,22.595304],[75.813232,22.595095],[75.81288,22.594976],[75.812428,22.594895],[75.811828,22.59479],[75.81139,22.59471],[75.810957,22.594638],[75.80973,22.594548],[75.809168,22.594529],[75.809139,22.594257],[75.809144,22.594219],[75.808725,22.594191],[75.80805,22.594119],[75.807126,22.593996],[75.806793,22.593953],[75.80537,22.59401],[75.805299,22.593962],[75.804085,22.594119],[75.803472,22.594215],[75.803038,22.59411],[75.802915,22.594058],[75.802843,22.59402],[75.802372,22.594086],[75.802201,22.594081],[75.80183,22.594053],[75.801444,22.593858],[75.801263,22.593805],[75.801021,22.593782],[75.800773,22.593791],[75.800535,22.593786],[75.800231,22.593805],[75.79994,22.593829],[75.799683,22.593829],[75.799484,22.593805],[75.798884,22.593824],[75.798213,22.593824],[75.797819,22.593835],[75.79789,22.594381],[75.797899,22.594995],[75.798018,22.596003],[75.798057,22.596446],[75.798099,22.596979],[75.798142,22.597545],[75.798171,22.59784],[75.798214,22.598055],[75.798242,22.598207],[75.798228,22.598283],[75.798223,22.59835],[75.798214,22.598435],[75.798209,22.598626],[75.798218,22.598816],[75.798275,22.599211],[75.798314,22.599715],[75.798412,22.601276],[75.798599,22.603061],[75.798623,22.603242],[75.798642,22.603351],[75.798637,22.60348],[75.798618,22.603565],[75.798609,22.603656],[75.798618,22.603784],[75.79868,22.603884],[75.798699,22.603937],[75.798699,22.604013],[75.798651,22.604051],[75.798599,22.604122],[75.798594,22.604165],[75.798623,22.604265],[75.798666,22.60436],[75.798666,22.604479],[75.798642,22.604574],[75.79859,22.604707],[75.798566,22.604774],[75.798613,22.605017],[75.798585,22.605455],[75.79857,22.605907],[75.798613,22.606268],[75.798656,22.606673],[75.79867,22.606749],[75.798656,22.607258],[75.798686,22.607584],[75.798572,22.607648],[75.79838,22.607669],[75.79783,22.607805],[75.797352,22.607991],[75.796966,22.60824],[75.796702,22.608476],[75.796366,22.608747],[75.795795,22.609076],[75.795153,22.60939],[75.794582,22.609575],[75.794239,22.60959],[75.793882,22.60959],[75.793611,22.609561],[75.793204,22.609632],[75.792833,22.609711],[75.792141,22.610018],[75.791669,22.610246],[75.791056,22.610532],[75.79067,22.610632],[75.789849,22.610874],[75.789549,22.610882],[75.789235,22.610932],[75.788864,22.611017],[75.788636,22.611188],[75.788436,22.611317],[75.788343,22.611353],[75.788107,22.611331],[75.787508,22.611353],[75.787158,22.611331],[75.787001,22.61131],[75.786623,22.611317],[75.786037,22.611267],[75.785773,22.611231],[75.785488,22.611188],[75.785159,22.61111],[75.784481,22.611053],[75.783753,22.610989],[75.783532,22.610974],[75.783496,22.610882],[75.783546,22.610771],[75.783552,22.610444],[75.783552,22.609956],[75.78354,22.609552],[75.78351,22.609111],[75.783486,22.608641],[75.78348,22.608053],[75.783463,22.607559],[75.783421,22.607071],[75.783421,22.606803],[75.783403,22.606524],[75.783326,22.606197],[75.78326,22.605875],[75.783201,22.605173],[75.783159,22.604448],[75.783141,22.603728],[75.783123,22.603192],[75.783141,22.602627],[75.783112,22.602175],[75.783076,22.601741],[75.783028,22.601301],[75.783005,22.601229],[75.782987,22.601033],[75.782975,22.600908],[75.782963,22.600759],[75.782975,22.600545],[75.782957,22.600254],[75.782897,22.599832],[75.782826,22.599385],[75.782802,22.599088],[75.782695,22.598648],[75.782654,22.59835],[75.782576,22.597964],[75.782487,22.59747],[75.782422,22.597131],[75.782332,22.596601],[75.782285,22.596227],[75.782255,22.595745],[75.782225,22.595346],[75.782201,22.595079],[75.78214,22.594909],[75.782029,22.594943],[75.78144,22.595062],[75.780768,22.595169],[75.780274,22.595228],[75.779924,22.595285],[75.779629,22.595319],[75.77893,22.59538],[75.77823,22.595452],[75.77774,22.595461],[75.777236,22.59548],[75.776565,22.595518],[75.775994,22.595571],[75.775441,22.595604],[75.774866,22.595652],[75.774323,22.595661],[75.773781,22.59569],[75.773538,22.595723],[75.773229,22.595761],[75.772772,22.595814],[75.772253,22.595885],[75.771844,22.595913],[75.771444,22.595928],[75.77122,22.595928],[75.770882,22.596009],[75.770649,22.596066],[75.770302,22.596137],[75.770026,22.596194],[75.769721,22.596232],[75.769274,22.596299],[75.768998,22.596313],[75.768684,22.596299],[75.768489,22.596323],[75.768256,22.596394],[75.768141,22.596446],[75.768084,22.596518],[75.767984,22.596627],[75.767921,22.596751],[75.767864,22.59698],[75.767817,22.59717],[75.767836,22.597379],[75.767902,22.597551],[75.768026,22.598036],[75.76815,22.599178],[75.768226,22.600178],[75.768274,22.600501],[75.76835,22.600568],[75.768454,22.600615],[75.76855,22.600863],[75.768616,22.601101],[75.768731,22.601253],[75.768873,22.601434],[75.768949,22.601624],[75.769092,22.601976],[75.769178,22.60229],[75.769349,22.603042],[75.769435,22.603366],[75.76953,22.603594],[75.769635,22.604042],[75.769749,22.604584],[75.769873,22.605346],[75.769987,22.605736],[75.770044,22.605964],[75.770025,22.606088],[75.769949,22.606231],[75.76992,22.606345],[75.769958,22.60664],[75.77012,22.607249],[75.770272,22.608068],[75.770349,22.608534],[75.770472,22.609467],[75.770586,22.6102],[75.770644,22.610419],[75.77071,22.610542],[75.770741,22.610672],[75.770718,22.610667],[75.769091,22.61081],[75.767542,22.610939],[75.766721,22.610996],[75.766021,22.611074],[75.765643,22.611089],[75.765165,22.611081],[75.764308,22.611067],[75.763216,22.611053],[75.762252,22.611046],[75.762174,22.61106],[75.762124,22.611146],[75.762002,22.611146],[75.76141,22.611203],[75.76071,22.611267],[75.759847,22.611317],[75.758847,22.611431],[75.757962,22.611524],[75.756891,22.611645],[75.755963,22.611705],[75.755453,22.611666],[75.755448,22.611343],[75.754787,22.611171],[75.754239,22.611024],[75.753944,22.610929],[75.753697,22.610848],[75.753511,22.610819],[75.753402,22.610781],[75.753273,22.610734],[75.753145,22.610681],[75.75295,22.610557],[75.752678,22.610472],[75.752383,22.6104],[75.751974,22.610329],[75.751736,22.610291],[75.751541,22.610291],[75.751265,22.610267],[75.750941,22.610205],[75.75077,22.610167],[75.750637,22.610167],[75.750518,22.610201],[75.750461,22.610201],[75.750423,22.610191],[75.750385,22.610148],[75.750347,22.610091],[75.750242,22.610039],[75.750009,22.609967],[75.749823,22.609906],[75.749756,22.609939],[75.749666,22.609948],[75.749452,22.609906],[75.748833,22.609796],[75.748395,22.609734],[75.747977,22.609701],[75.747567,22.609672],[75.74712,22.609691],[75.746796,22.609744],[75.746482,22.609758],[75.74604,22.609777],[75.745945,22.609806],[75.745926,22.609853],[75.745921,22.609958],[75.745887,22.610034],[75.745821,22.610082],[75.745749,22.610101],[75.745645,22.610105],[75.745416,22.610148],[75.745293,22.610177],[75.745193,22.610239],[75.745145,22.610315],[75.745145,22.610424],[75.745202,22.610543],[75.745316,22.610653],[75.745359,22.610729],[75.745416,22.610824],[75.745454,22.610914],[75.745469,22.611005],[75.745502,22.61111],[75.745592,22.61119],[75.745721,22.611214],[75.745854,22.611214],[75.745964,22.611238],[75.745983,22.611271],[75.746016,22.611386],[75.745997,22.611457],[75.745935,22.611524],[75.745854,22.611585],[75.745783,22.6116],[75.745678,22.611576],[75.745621,22.611533],[75.745545,22.611485],[75.745488,22.611485],[75.745454,22.611519],[75.745454,22.611585],[75.745473,22.611657],[75.745507,22.611757],[75.745554,22.611847],[75.745602,22.611919],[75.745616,22.612023],[75.745611,22.612076],[75.745492,22.612114],[75.745459,22.612109],[75.745454,22.612076],[75.745383,22.612042],[75.745316,22.612038],[75.745259,22.612047],[75.745197,22.612023],[75.745155,22.611971],[75.745093,22.612052],[75.745002,22.612176],[75.744959,22.612261],[75.74486,22.612323],[75.744836,22.612385],[75.744855,22.61248],[75.744964,22.61259],[75.744998,22.612656],[75.744959,22.612718],[75.744869,22.612737],[75.744798,22.612737],[75.744707,22.612737],[75.744626,22.612737],[75.744545,22.612794],[75.744522,22.612851],[75.744522,22.612899],[75.744569,22.612961],[75.744617,22.613018],[75.744664,22.613051],[75.744717,22.61307],[75.744755,22.613161],[75.744764,22.613308],[75.74476,22.613394],[75.744717,22.613484],[75.744645,22.61356],[75.744564,22.613641],[75.744465,22.613689],[75.744393,22.613651],[75.744317,22.613632],[75.744241,22.613594],[75.744184,22.613551],[75.744136,22.613551],[75.744093,22.613636],[75.74406,22.61377],[75.744022,22.613874],[75.743974,22.613998],[75.743946,22.614074],[75.743851,22.614112],[75.743774,22.614165],[75.743727,22.614189],[75.743713,22.614269],[75.743717,22.614398],[75.743736,22.614493],[75.743774,22.614564],[75.743898,22.614664],[75.744003,22.614722],[75.744122,22.614741],[75.744203,22.614683],[75.744222,22.614631],[75.744279,22.614584],[75.74435,22.614574],[75.744441,22.614584],[75.744493,22.614631],[75.744507,22.614698],[75.744507,22.614764],[75.744445,22.61486],[75.744374,22.614945],[75.744322,22.615007],[75.744246,22.615088],[75.744203,22.615117],[75.744136,22.615112],[75.744027,22.615069],[75.743846,22.615121],[75.743679,22.615145],[75.743551,22.615183],[75.743513,22.615216],[75.743498,22.615302],[75.74346,22.615364],[75.743399,22.615388],[75.743332,22.615402],[75.743241,22.615431],[75.743151,22.615469],[75.743108,22.615502],[75.74307,22.61555],[75.74307,22.615597],[75.74307,22.615683],[75.74307,22.615868],[75.743056,22.61594],[75.743051,22.616016],[75.743013,22.616068],[75.74297,22.616144],[75.742904,22.61624],[75.74288,22.616321],[75.742837,22.61642],[75.742756,22.616506],[75.742713,22.616563],[75.742718,22.616639],[75.742694,22.61672],[75.74267,22.616768],[75.742675,22.616834],[75.742699,22.616854],[75.742737,22.616854],[75.742808,22.616849],[75.742889,22.616877],[75.742923,22.616953],[75.742923,22.617068],[75.742932,22.617168],[75.742932,22.617244],[75.742927,22.617348],[75.742927,22.617434],[75.742956,22.617563],[75.742989,22.617629],[75.743103,22.617672],[75.743203,22.617672],[75.743308,22.617667],[75.743375,22.617734],[75.743427,22.61781],[75.743446,22.617881],[75.743408,22.617977],[75.74336,22.618034],[75.743265,22.61811],[75.743199,22.618143],[75.743118,22.618143],[75.743027,22.618105],[75.742937,22.618034],[75.742856,22.618034],[75.742732,22.618081],[75.742651,22.618157],[75.742566,22.618262],[75.742509,22.618324],[75.742475,22.618338],[75.742423,22.6183],[75.742309,22.618305],[75.742199,22.618362],[75.742147,22.618405],[75.742076,22.618448],[75.741957,22.618505],[75.741861,22.618519],[75.741747,22.6185],[75.741623,22.618438],[75.741509,22.618362],[75.741405,22.618429],[75.741271,22.618533],[75.741148,22.618562],[75.7409,22.618581],[75.740634,22.618572],[75.740196,22.618572],[75.739948,22.618533],[75.739758,22.618476],[75.739539,22.618372],[75.739311,22.618286],[75.739054,22.618191],[75.738704,22.618143],[75.73805,22.618072],[75.737597,22.618084],[75.736884,22.618096],[75.73523,22.618096],[75.734611,22.618024],[75.733552,22.617881],[75.732684,22.617846],[75.73222,22.61781],[75.731554,22.617679],[75.730614,22.617691],[75.729698,22.617751],[75.728829,22.617774],[75.728318,22.617822],[75.727949,22.617834],[75.727485,22.617929],[75.726973,22.618084],[75.726021,22.618322],[75.725179,22.618552],[75.72513,22.617928],[75.724978,22.617604],[75.724654,22.61749],[75.723874,22.617347],[75.72296,22.617404],[75.721999,22.617471],[75.720562,22.617566],[75.718991,22.617814],[75.716941,22.617899],[75.715779,22.61794],[75.715737,22.617941],[75.715207,22.618098],[75.714438,22.618309],[75.713739,22.618501],[75.713536,22.618755],[75.713353,22.618984],[75.713507,22.619188],[75.71346,22.619808],[75.713443,22.620038],[75.713426,22.620129],[75.713389,22.620339],[75.71342,22.620941],[75.713448,22.621413],[75.713648,22.621409],[75.713626,22.621553],[75.713596,22.622016],[75.713641,22.622499],[75.713661,22.622849],[75.713671,22.623418],[75.713707,22.623763],[75.713677,22.62408],[75.7137,22.624624],[75.713712,22.625205],[75.713754,22.625238],[75.713736,22.625692],[75.713754,22.625708],[75.713856,22.625739],[75.71384,22.626027],[75.713838,22.626714],[75.713859,22.626763],[75.713874,22.627581],[75.713877,22.627963],[75.713845,22.628058],[75.713831,22.628282],[75.713804,22.628401],[75.713815,22.628483],[75.713787,22.628978],[75.713801,22.629186],[75.71382,22.629311],[75.713815,22.629437],[75.713765,22.629682],[75.713742,22.629936],[75.713733,22.630147],[75.713712,22.630209],[75.713774,22.630679],[75.713903,22.630733],[75.713937,22.630792],[75.713933,22.630915],[75.713928,22.63095],[75.713924,22.631049],[75.713894,22.631065],[75.713813,22.631081],[75.713757,22.631085],[75.713474,22.631089],[75.713429,22.631098],[75.713418,22.631101],[75.713423,22.631231],[75.713492,22.632206],[75.713491,22.632382],[75.713474,22.632497],[75.713526,22.632698],[75.713616,22.632846],[75.713626,22.632864],[75.713739,22.633066],[75.713813,22.633154],[75.713916,22.633237],[75.71401,22.63334],[75.71374,22.633399],[75.713646,22.633443],[75.713636,22.633498],[75.713597,22.633714],[75.71353,22.633947],[75.713507,22.634026],[75.713427,22.634331],[75.71341,22.634426],[75.713403,22.634465],[75.713347,22.634768],[75.713345,22.634977],[75.713345,22.635037],[75.713345,22.63509],[75.713349,22.63525],[75.71333,22.635393],[75.713322,22.635458],[75.71327,22.635653],[75.713215,22.635965],[75.7131,22.636559],[75.713067,22.636863],[75.713065,22.636877],[75.713034,22.637077],[75.713031,22.637097],[75.712914,22.637216],[75.712851,22.637289],[75.712826,22.637317],[75.71282,22.637335],[75.712776,22.637461],[75.712741,22.637576],[75.712755,22.637686],[75.712835,22.637771],[75.712973,22.637845],[75.713009,22.637941],[75.712968,22.638306],[75.71283,22.638311],[75.712759,22.638559],[75.712632,22.638912],[75.712567,22.639336],[75.712521,22.63955],[75.712454,22.63965],[75.712385,22.639768],[75.712364,22.639927],[75.712298,22.640203],[75.712207,22.640559],[75.712137,22.640819],[75.712093,22.640822],[75.71202,22.641045],[75.711925,22.641162],[75.71185,22.641137],[75.711791,22.641102],[75.711753,22.641231],[75.71156,22.64161],[75.711388,22.642086],[75.711304,22.64231],[75.711046,22.64281],[75.710841,22.643159],[75.710811,22.643209],[75.710771,22.643301],[75.710698,22.643467],[75.710686,22.64352],[75.710575,22.643982],[75.710485,22.64411],[75.710236,22.644756],[75.710026,22.645408],[75.709951,22.645574],[75.709924,22.645634],[75.709917,22.645647],[75.709842,22.645797],[75.70974,22.646342],[75.709775,22.64636],[75.709861,22.646405],[75.709976,22.646475],[75.709886,22.646582],[75.709741,22.646748],[75.709718,22.646775],[75.70945,22.647094],[75.709375,22.647322],[75.709247,22.647527],[75.709137,22.647744],[75.709114,22.648042],[75.70911,22.648318],[75.709157,22.648418],[75.709207,22.648526],[75.709217,22.648559],[75.709236,22.648623],[75.709188,22.648818],[75.709123,22.649069],[75.709101,22.649154],[75.708967,22.649581],[75.708917,22.649741],[75.708885,22.649846],[75.708866,22.649968],[75.708767,22.650623],[75.708714,22.651132],[75.708659,22.651758],[75.708566,22.65251],[75.70851,22.653498],[75.708517,22.653668],[75.708596,22.653893],[75.708686,22.65396],[75.708849,22.654125],[75.708809,22.654333],[75.708729,22.654558],[75.708696,22.654549],[75.708535,22.65454],[75.708416,22.65457],[75.708301,22.654592],[75.707544,22.654691],[75.70702,22.654746],[75.707012,22.655053],[75.706962,22.657094],[75.706988,22.657107],[75.707004,22.657114],[75.706962,22.657468],[75.706955,22.657777],[75.706948,22.658033],[75.70699,22.65819],[75.706973,22.658332],[75.706954,22.658404],[75.70692,22.658531],[75.706903,22.658716],[75.706898,22.658768],[75.7069,22.658812],[75.706902,22.658864],[75.706906,22.658963],[75.706922,22.659407],[75.7069,22.659722],[75.70682,22.659864],[75.70682,22.659865],[75.706777,22.660058],[75.706771,22.660085],[75.706765,22.660321],[75.706766,22.660325],[75.706782,22.660481],[75.706827,22.660534],[75.706838,22.660547],[75.706895,22.660578],[75.706976,22.660621],[75.707164,22.660702],[75.707187,22.660712],[75.707257,22.660728],[75.707399,22.66076],[75.707451,22.660784],[75.707759,22.660936],[75.707681,22.661215],[75.707613,22.66135],[75.70758,22.661377],[75.707552,22.6614],[75.707283,22.66141],[75.707272,22.661409],[75.707253,22.661408],[75.707271,22.661427],[75.707236,22.661591],[75.707209,22.661724],[75.707196,22.661814],[75.707184,22.661993],[75.707196,22.662171],[75.707208,22.662403],[75.707216,22.66249],[75.70722,22.662534],[75.707196,22.66273],[75.70716,22.662927],[75.707107,22.663183],[75.706934,22.664039],[75.706863,22.664378],[75.706815,22.66489],[75.706803,22.665116],[75.706869,22.665372],[75.706994,22.665824],[75.707095,22.66627],[75.707214,22.66677],[75.707255,22.666948],[75.707303,22.667186],[75.70738,22.667448],[75.707464,22.667995],[75.707553,22.668739],[75.707571,22.669137],[75.707714,22.669607],[75.707951,22.670476],[75.708445,22.671838],[75.708594,22.672106],[75.708677,22.672189],[75.708856,22.672338],[75.709076,22.672427],[75.709272,22.672504],[75.70957,22.672581],[75.709962,22.672623],[75.710313,22.672665],[75.710515,22.672712],[75.710938,22.672796],[75.711277,22.672843],[75.711539,22.672849],[75.711967,22.672885],[75.712401,22.672938],[75.71271,22.672974],[75.713038,22.673028],[75.713406,22.673087],[75.713876,22.673129],[75.714162,22.67317],[75.714311,22.673218],[75.714447,22.67326],[75.714608,22.673271],[75.714822,22.673331],[75.714953,22.673384],[75.715155,22.67348],[75.715417,22.673575],[75.715804,22.673694],[75.716178,22.673848],[75.71644,22.673991],[75.716529,22.674051],[75.716601,22.674015],[75.716696,22.673967],[75.716839,22.673926],[75.716993,22.673932],[75.717178,22.673979],[75.717315,22.674098],[75.717469,22.674194],[75.717654,22.674241],[75.717808,22.674277],[75.717915,22.674283],[75.718082,22.674289],[75.718237,22.674324],[75.71832,22.674402],[75.718421,22.674443],[75.718641,22.674485],[75.718879,22.674521],[75.718879,22.674663],[75.718891,22.674931],[75.71896,22.675306],[75.71876,22.675315],[75.718194,22.675273],[75.71778,22.675196],[75.716785,22.675111],[75.716128,22.675058],[75.716114,22.675115],[75.716109,22.675268],[75.716076,22.675472],[75.716076,22.675672],[75.716076,22.675858],[75.716095,22.676024],[75.716133,22.676258],[75.716157,22.676519],[75.716209,22.676905],[75.716242,22.677148],[75.71629,22.677509],[75.716314,22.677771],[75.716342,22.67798],[75.716361,22.678161],[75.71638,22.678356],[75.716395,22.67848],[75.716404,22.678785],[75.7164,22.679237],[75.716414,22.679584],[75.7164,22.679808],[75.7164,22.680165],[75.7164,22.680612],[75.71639,22.680945],[75.71638,22.681254],[75.716328,22.681669],[75.716304,22.681949],[75.716252,22.682221],[75.716219,22.682363],[75.716171,22.682649],[75.716133,22.68273],[75.716047,22.682953],[75.715962,22.683425],[75.715852,22.684015],[75.715814,22.684443],[75.715786,22.684781],[75.715719,22.685195],[75.715671,22.685371],[75.715576,22.685561],[75.715514,22.685656],[75.715414,22.685766],[75.7153,22.685833],[75.7152,22.685933],[75.715115,22.686023],[75.715072,22.686075],[75.715067,22.686151],[75.715077,22.686247],[75.715048,22.686332],[75.714958,22.686394],[75.714877,22.686408],[75.71471,22.686356],[75.714658,22.686366],[75.714734,22.686623],[75.714839,22.686632],[75.716433,22.688374],[75.716461,22.68894],[75.716471,22.688992],[75.71649,22.689116],[75.716495,22.689278],[75.716471,22.68954],[75.716457,22.68974],[75.716466,22.68992],[75.71648,22.690249],[75.716485,22.69052],[75.716476,22.69071],[75.716471,22.690925],[75.716466,22.69102],[75.716414,22.691129],[75.716385,22.691205],[75.716352,22.691339],[75.716314,22.691491],[75.716309,22.69161],[75.7163,22.691757],[75.716309,22.691929],[75.716304,22.692048],[75.71629,22.692176],[75.716257,22.692357],[75.716219,22.692624],[75.716219,22.692823],[75.716228,22.693047],[75.716209,22.693352],[75.716199,22.693401],[75.716195,22.693418],[75.716124,22.693475],[75.716062,22.69348],[75.715938,22.69348],[75.715709,22.693494],[75.715424,22.69349],[75.715267,22.693485],[75.714924,22.693494],[75.714743,22.693523],[75.714605,22.693575],[75.714529,22.693623],[75.714496,22.693694],[75.714453,22.693775],[75.714425,22.693875],[75.71441,22.693999],[75.714382,22.694137],[75.714363,22.694284],[75.714334,22.694527],[75.71431,22.69477],[75.714248,22.695013],[75.714172,22.695393],[75.71412,22.695645],[75.714034,22.696012],[75.714039,22.696093],[75.713972,22.696236],[75.713834,22.696454],[75.713754,22.696645],[75.713649,22.696888],[75.713539,22.697173],[75.713368,22.697554],[75.713306,22.697658],[75.713221,22.697739],[75.713144,22.697782],[75.713011,22.697787],[75.712902,22.697782],[75.712764,22.697777],[75.712583,22.697744],[75.712259,22.697706],[75.712012,22.697687],[75.71184,22.697682],[75.711721,22.697706],[75.711655,22.697744],[75.711598,22.697787],[75.711564,22.697839],[75.711517,22.697915],[75.71145,22.69803],[75.711407,22.698101],[75.7114,22.698156],[75.711388,22.698249],[75.711398,22.698368],[75.711493,22.698458],[75.711526,22.69852],[75.71155,22.698677],[75.71156,22.698905],[75.711579,22.69921],[75.711607,22.699705],[75.711636,22.700228],[75.711626,22.70039],[75.711655,22.700495],[75.711721,22.700609],[75.711764,22.700652],[75.71186,22.700676],[75.712202,22.700738],[75.712483,22.70078],[75.712826,22.700837],[75.713092,22.70088],[75.713267,22.700906],[75.713411,22.700928],[75.713711,22.700937],[75.71403,22.700966],[75.714448,22.701009],[75.714686,22.701056],[75.714858,22.70108],[75.715029,22.701137],[75.715267,22.701204],[75.715505,22.701275],[75.715847,22.701351],[75.716143,22.701442],[75.716471,22.701566],[75.716747,22.701666],[75.717032,22.701746],[75.717294,22.701842],[75.717523,22.701899],[75.717732,22.701956],[75.717908,22.702013],[75.718065,22.702027],[75.718275,22.702051],[75.718589,22.702094],[75.718779,22.702151],[75.71897,22.702192],[75.719117,22.702234],[75.719536,22.702353],[75.719736,22.702425],[75.720112,22.702582],[75.720649,22.702796],[75.720968,22.702939],[75.72124,22.703029],[75.721487,22.703124],[75.721525,22.703181],[75.721668,22.703177],[75.721801,22.703177],[75.721911,22.703162],[75.722049,22.703139],[75.722177,22.703129],[75.722344,22.703067],[75.722491,22.703029],[75.722624,22.703039],[75.722829,22.703062],[75.723048,22.703067],[75.723253,22.703091],[75.72351,22.703101],[75.72369,22.703115],[75.723957,22.703096],[75.724147,22.703091],[75.724327,22.703057],[75.724655,22.702985],[75.725062,22.702949],[75.725212,22.702942],[75.725238,22.703246],[75.725248,22.703356],[75.725248,22.703642],[75.725305,22.703827],[75.725333,22.704013],[75.725376,22.704192],[75.725398,22.70442],[75.725391,22.70462],[75.725369,22.704763],[75.725298,22.704863],[75.725162,22.705055],[75.725041,22.705212],[75.724912,22.705355],[75.724705,22.705541],[75.724484,22.705705],[75.724163,22.705948],[75.723963,22.706205],[75.723756,22.70649],[75.72367,22.706661],[75.723663,22.706818],[75.723692,22.706983],[75.723763,22.707104],[75.723842,22.707232],[75.723913,22.707354],[75.724013,22.70744],[75.724148,22.707475],[75.724448,22.707525],[75.724698,22.707618],[75.724912,22.707746],[75.725119,22.707804],[75.725462,22.707903],[75.725947,22.70816],[75.726476,22.708446],[75.726562,22.708517],[75.726683,22.708617],[75.726797,22.708789],[75.726875,22.70901],[75.726897,22.709181],[75.726897,22.709374],[75.726868,22.70951],[75.726804,22.70961],[75.726661,22.709681],[75.726533,22.709781],[75.72639,22.709881],[75.726226,22.709966],[75.726062,22.710116],[75.72594,22.710252],[75.725855,22.710388],[75.725776,22.710516],[75.725655,22.710666],[75.725548,22.710773],[75.725448,22.710902],[75.725383,22.711066],[75.725341,22.71128],[75.725298,22.71148],[75.725176,22.711644],[75.725055,22.711801],[75.724827,22.712058],[75.724655,22.712229],[75.724306,22.712444],[75.724056,22.712643],[75.723954,22.712745],[75.723877,22.712822],[75.723777,22.713029],[75.723727,22.713172],[75.723684,22.713364],[75.723635,22.71355],[75.723606,22.713721],[75.723527,22.713964],[75.723513,22.714192],[75.723556,22.714357],[75.723627,22.714471],[75.723742,22.714649],[75.723806,22.714828],[75.72387,22.714956],[75.723891,22.71507],[75.723906,22.715242],[75.723927,22.715427],[75.723941,22.715606],[75.723977,22.715777],[75.724077,22.71607],[75.724213,22.716305],[75.72437,22.716562],[75.724598,22.716755],[75.72472,22.716905],[75.724919,22.717169],[75.725012,22.717405],[75.725098,22.717669],[75.725141,22.717919],[75.725162,22.718147],[75.725155,22.718354],[75.725105,22.718583],[75.725055,22.718782],[75.724969,22.718947],[75.724855,22.719068],[75.724734,22.719254],[75.724562,22.719418],[75.72447,22.719582],[75.724427,22.719725],[75.724413,22.719896],[75.724434,22.720024],[75.72447,22.720174],[75.72452,22.720281],[75.724634,22.720453],[75.724784,22.720624],[75.725012,22.720853],[75.725214,22.721059],[75.725513,22.720966],[75.725806,22.720945],[75.72602,22.720937],[75.72622,22.72098],[75.726413,22.721059],[75.726556,22.721144],[75.726648,22.72123],[75.72672,22.721301],[75.726777,22.721351],[75.72687,22.721359],[75.726998,22.721351],[75.727098,22.721309],[75.72717,22.72123],[75.727227,22.721099],[75.727256,22.720915],[75.727256,22.72079],[75.727209,22.720546],[75.727173,22.720362],[75.727149,22.720171],[75.727167,22.720034],[75.727197,22.719886],[75.727244,22.719701],[75.727334,22.719523],[75.727393,22.71935],[75.727429,22.719237],[75.727429,22.719106],[75.727441,22.718732],[75.727447,22.718494],[75.727447,22.718309],[75.727435,22.718048],[75.727453,22.717917],[75.727465,22.717851],[75.727512,22.717762],[75.727572,22.717679],[75.727708,22.71756],[75.727881,22.717494],[75.728065,22.717441],[75.728399,22.717441],[75.728744,22.717488],[75.729059,22.717566],[75.72941,22.717661],[75.729707,22.717732],[75.729874,22.717774],[75.730023,22.717774],[75.730219,22.71778],[75.730385,22.71781],[75.73051,22.717839],[75.730582,22.717827],[75.730718,22.717774],[75.730766,22.717774],[75.730849,22.718173],[75.731087,22.718523],[75.731724,22.719499],[75.731902,22.719618],[75.732081,22.719737],[75.732182,22.719732],[75.732283,22.719727],[75.732649,22.719694],[75.733192,22.719641],[75.733326,22.719627],[75.733736,22.719587],[75.734504,22.719511],[75.734993,22.719466],[75.735185,22.719444],[75.735276,22.719433],[75.735425,22.719413],[75.735534,22.719398],[75.735632,22.719385],[75.735908,22.719444],[75.73643,22.71956],[75.736523,22.71958],[75.736768,22.719511],[75.73703,22.719434],[75.737304,22.719416],[75.737565,22.719457],[75.737696,22.719457],[75.737982,22.719434],[75.738577,22.71935],[75.739011,22.719285],[75.739368,22.719243],[75.739523,22.719273],[75.73963,22.719304],[75.739925,22.719299],[75.740196,22.719247],[75.740481,22.719223],[75.740905,22.719233],[75.741033,22.719261],[75.741076,22.719299],[75.741097,22.719374],[75.741119,22.719451],[75.741181,22.720013],[75.741238,22.720432],[75.7413,22.720803],[75.741367,22.721027],[75.7414,22.721146],[75.741438,22.721674],[75.741438,22.721817],[75.741419,22.721959],[75.741414,22.722121],[75.741476,22.722335],[75.741524,22.722507],[75.741571,22.722659],[75.741605,22.722873],[75.741624,22.723049],[75.74159,22.723301],[75.74159,22.723439],[75.741571,22.723754],[75.741571,22.723901],[75.741657,22.724091],[75.741729,22.724217],[75.741757,22.724346],[75.74181,22.724636],[75.741862,22.725074],[75.741914,22.725483],[75.741976,22.726135],[75.741981,22.726425],[75.742067,22.72693],[75.74211,22.727291],[75.742114,22.727429],[75.742176,22.727991],[75.742219,22.7282],[75.742214,22.728429],[75.742219,22.72886],[75.742219,22.728895],[75.742195,22.729205],[75.742171,22.72949],[75.742171,22.729866],[75.742157,22.730428],[75.742162,22.730666],[75.742143,22.730989],[75.742091,22.731213],[75.742076,22.731389],[75.742076,22.731598],[75.742033,22.732041],[75.742052,22.732436],[75.742019,22.73284],[75.741957,22.734073],[75.741924,22.73452],[75.742076,22.734554],[75.742723,22.734606],[75.74299,22.734634],[75.743161,22.734677],[75.743394,22.734749],[75.743585,22.734834],[75.743732,22.734906],[75.743961,22.734977],[75.74447,22.735125],[75.744756,22.735167],[75.745131,22.735187],[75.745493,22.735258],[75.745898,22.735348],[75.746236,22.735444],[75.746512,22.735515],[75.746616,22.735534],[75.74675,22.735534],[75.746859,22.735515],[75.746959,22.735453],[75.747097,22.735377],[75.747211,22.735344],[75.747449,22.735367],[75.747887,22.73541],[75.748244,22.735453],[75.748377,22.735496],[75.748601,22.735591],[75.748801,22.735696],[75.748901,22.735734],[75.749105,22.735796],[75.749495,22.735858],[75.749971,22.735924],[75.750281,22.735996],[75.750604,22.736115],[75.751161,22.736291],[75.751627,22.736438],[75.751913,22.736543],[75.752208,22.736581],[75.752546,22.736643],[75.753074,22.736719],[75.753807,22.736814],[75.754464,22.7369],[75.755178,22.736995],[75.755863,22.7371],[75.756896,22.737223],[75.758033,22.737371],[75.75879,22.737418],[75.759237,22.737495],[75.759599,22.737547],[75.759894,22.737561],[75.760232,22.737566],[75.760646,22.73758],[75.760884,22.737599],[75.761022,22.737637],[75.761085,22.737657],[75.761113,22.737601]]]}},{"type":"Feature","properties":{"OBJECTID":4170,"state_lgd":"23","state_name":"MADHYA PRADESH","district_lgd":"439","district_name":"INDORE","district_name_source":"district_table","subdistrict_lgd":"3542","subdistrict_name":"SANWER","subdistrict_type":"","name_corrupted":false,"remarks":""},"geometry":{"type":"Polygon","coordinates":[[[75.817161,23.040649],[75.817398,23.040637],[75.817714,23.040668],[75.818017,23.040028],[75.817784,23.040009],[75.817484,23.039942],[75.817184,23.039832],[75.816965,23.039704],[75.816613,23.039437],[75.816189,23.039057],[75.815904,23.038766],[75.815661,23.038486],[75.81529,23.037934],[75.81505,23.037604],[75.815047,23.037601],[75.81505,23.037599],[75.815233,23.037524],[75.816746,23.037263],[75.81786,23.03712],[75.818064,23.037068],[75.818298,23.036996],[75.818626,23.03693],[75.818907,23.036906],[75.819288,23.036849],[75.819711,23.036739],[75.820306,23.03663],[75.820944,23.036416],[75.821324,23.036292],[75.821358,23.036259],[75.821386,23.036192],[75.821429,23.03612],[75.821753,23.035978],[75.822376,23.035778],[75.822628,23.035649],[75.822995,23.035488],[75.823347,23.035292],[75.824313,23.034959],[75.824827,23.034802],[75.825498,23.034588],[75.825679,23.034479],[75.82595,23.034383],[75.826474,23.034226],[75.82673,23.03415],[75.827054,23.034117],[75.827192,23.034098],[75.827801,23.033993],[75.828092,23.03395],[75.828149,23.033765],[75.828234,23.033732],[75.828586,23.033717],[75.828939,23.033708],[75.829343,23.033665],[75.829695,23.033632],[75.829852,23.033603],[75.830014,23.033555],[75.830357,23.033422],[75.830937,23.033199],[75.832298,23.032732],[75.832698,23.032589],[75.833217,23.032418],[75.83385,23.032213],[75.834411,23.032042],[75.834868,23.03188],[75.835469,23.031654],[75.835615,23.0316],[75.836125,23.031414],[75.837005,23.031067],[75.837681,23.030824],[75.838276,23.030648],[75.838909,23.03051],[75.839318,23.03041],[75.839689,23.0303],[75.840079,23.030186],[75.840312,23.0301],[75.840393,23.030039],[75.840512,23.029901],[75.840631,23.029801],[75.84076,23.029691],[75.840855,23.029625],[75.841012,23.029553],[75.841169,23.029439],[75.841302,23.029353],[75.84154,23.029239],[75.841907,23.029073],[75.842145,23.028949],[75.842378,23.028811],[75.842554,23.028682],[75.842678,23.028625],[75.842763,23.028768],[75.84332,23.029401],[75.843863,23.0301],[75.844348,23.030686],[75.845029,23.031647],[75.845266,23.032018],[75.84559,23.032922],[75.845695,23.033103],[75.845809,23.033127],[75.84599,23.033084],[75.846104,23.033113],[75.84618,23.033218],[75.846371,23.033551],[75.846666,23.034069],[75.846927,23.034674],[75.847075,23.035059],[75.847089,23.035173],[75.847104,23.035238],[75.847115,23.035286],[75.847156,23.035469],[75.847218,23.035868],[75.84767,23.035844],[75.848162,23.035804],[75.848188,23.035802],[75.849036,23.035783],[75.850006,23.035702],[75.850815,23.035645],[75.851053,23.035683],[75.851106,23.035721],[75.851363,23.035726],[75.852053,23.035726],[75.852833,23.035726],[75.853171,23.035687],[75.853438,23.035697],[75.853742,23.035706],[75.853994,23.035697],[75.854288,23.035688],[75.854318,23.035687],[75.854599,23.035678],[75.854789,23.035678],[75.85536,23.03573],[75.855893,23.035802],[75.856636,23.035897],[75.85666,23.035899],[75.857278,23.035949],[75.857863,23.035973],[75.859005,23.036092],[75.859524,23.036149],[75.859791,23.036154],[75.859929,23.036154],[75.860566,23.036206],[75.860604,23.036235],[75.860662,23.036268],[75.860776,23.036278],[75.861095,23.036301],[75.861314,23.036306],[75.861585,23.03632],[75.861861,23.036358],[75.862427,23.036287],[75.862627,23.036287],[75.862698,23.036373],[75.862817,23.036454],[75.862941,23.036477],[75.863079,23.036506],[75.863222,23.036487],[75.863312,23.036477],[75.863436,23.036492],[75.863536,23.036544],[75.863722,23.03662],[75.863826,23.036644],[75.863988,23.036677],[75.864117,23.036687],[75.864231,23.036639],[75.864269,23.036582],[75.864293,23.036487],[75.864293,23.036397],[75.864293,23.036316],[75.864312,23.03622],[75.864369,23.036163],[75.864459,23.03612],[75.864559,23.036087],[75.864716,23.036116],[75.864864,23.036187],[75.864916,23.036187],[75.865087,23.036216],[75.865273,23.036235],[75.865454,23.036273],[75.86552,23.036358],[75.86553,23.03652],[75.865449,23.036801],[75.865411,23.036901],[75.865392,23.037091],[75.865411,23.037167],[75.865475,23.037232],[75.865561,23.037253],[75.865718,23.037246],[75.865804,23.037175],[75.865854,23.037089],[75.865911,23.036982],[75.866025,23.036882],[75.866103,23.036875],[75.866189,23.036939],[75.866246,23.03701],[75.866303,23.037125],[75.866353,23.037196],[75.866418,23.037275],[75.866567,23.037303],[75.86666,23.037289],[75.866696,23.037239],[75.866696,23.037146],[75.866646,23.037039],[75.866603,23.03696],[75.866596,23.036882],[75.866639,23.036811],[75.866717,23.036761],[75.866832,23.036746],[75.866931,23.036796],[75.867017,23.036811],[75.867131,23.036796],[75.867217,23.036746],[75.86736,23.036682],[75.867495,23.036689],[75.867617,23.036753],[75.867674,23.036839],[75.867688,23.036946],[75.867752,23.037053],[75.867867,23.037153],[75.867917,23.037282],[75.867917,23.037367],[75.867859,23.037546],[75.867802,23.037689],[75.867674,23.037838],[75.867467,23.038067],[75.867253,23.03826],[75.867131,23.038452],[75.867096,23.038609],[75.86711,23.038724],[75.867196,23.038774],[75.867274,23.038795],[75.86746,23.038824],[75.867733,23.038793],[75.868133,23.03884],[75.86839,23.038774],[75.86858,23.038764],[75.86879,23.038764],[75.868847,23.038926],[75.868828,23.039269],[75.868875,23.039535],[75.86898,23.039535],[75.86918,23.039345],[75.869399,23.039116],[75.869532,23.03885],[75.869685,23.038669],[75.870008,23.038488],[75.870446,23.038317],[75.87095,23.03826],[75.871293,23.038383],[75.871807,23.038612],[75.872445,23.038964],[75.872949,23.039307],[75.873463,23.039478],[75.873815,23.039497],[75.874177,23.039316],[75.874424,23.039012],[75.874596,23.038602],[75.874634,23.038241],[75.874605,23.03786],[75.874405,23.037432],[75.874082,23.036994],[75.873625,23.036442],[75.873063,23.035909],[75.872749,23.035566],[75.87253,23.0353],[75.872226,23.03489],[75.872054,23.034472],[75.871978,23.033967],[75.872045,23.033253],[75.872121,23.03292],[75.872264,23.032577],[75.872473,23.032359],[75.872778,23.032235],[75.873387,23.03213],[75.873825,23.032121],[75.874148,23.032121],[75.874634,23.032054],[75.874853,23.031997],[75.875062,23.03194],[75.875357,23.031778],[75.875881,23.031464],[75.876242,23.031121],[75.876671,23.030617],[75.877051,23.030217],[75.877166,23.029836],[75.877223,23.029437],[75.877223,23.029122],[75.877089,23.028751],[75.876832,23.028095],[75.87668,23.027676],[75.876623,23.027276],[75.876652,23.026962],[75.876851,23.026667],[75.877099,23.026458],[75.877299,23.026305],[75.877584,23.026162],[75.877965,23.026039],[75.878251,23.025991],[75.878498,23.02602],[75.878784,23.026181],[75.878983,23.026419],[75.879126,23.026743],[75.879326,23.027162],[75.879478,23.027457],[75.879726,23.02778],[75.879945,23.027999],[75.880364,23.028228],[75.880773,23.028333],[75.881163,23.02838],[75.881772,23.028304],[75.882353,23.028209],[75.882581,23.028171],[75.882933,23.028037],[75.883381,23.027666],[75.883723,23.0274],[75.883841,23.027218],[75.883952,23.027048],[75.884095,23.026686],[75.884332,23.026039],[75.884599,23.025439],[75.884837,23.02503],[75.884968,23.024836],[75.885075,23.024678],[75.885437,23.024268],[75.885827,23.023831],[75.886122,23.023383],[75.886341,23.023022],[75.886503,23.022669],[75.886531,23.022355],[75.886522,23.022022],[75.886493,23.021765],[75.886426,23.02147],[75.886312,23.021166],[75.886112,23.020928],[75.885923,23.020791],[75.885874,23.020756],[75.885665,23.020728],[75.885475,23.020728],[75.885227,23.020756],[75.884894,23.020775],[75.884475,23.020794],[75.884313,23.020766],[75.884075,23.020661],[75.883819,23.020442],[75.883562,23.020204],[75.883362,23.019938],[75.883266,23.019671],[75.883257,23.019376],[75.883266,23.019015],[75.883362,23.018558],[75.883485,23.01811],[75.883704,23.01752],[75.883847,23.016911],[75.884037,23.016578],[75.88438,23.016169],[75.884647,23.015912],[75.885037,23.015626],[75.885884,23.015122],[75.886236,23.014969],[75.886579,23.01476],[75.886893,23.01457],[75.887521,23.01397],[75.88814,23.013656],[75.888596,23.013504],[75.888787,23.013456],[75.889044,23.013285],[75.889196,23.013037],[75.889244,23.012799],[75.889215,23.012571],[75.889034,23.012238],[75.888882,23.011905],[75.888701,23.011638],[75.888416,23.011448],[75.88793,23.011267],[75.887654,23.011258],[75.887426,23.01121],[75.887245,23.01101],[75.887112,23.010705],[75.887074,23.010363],[75.887074,23.010049],[75.887074,23.009915],[75.887074,23.009582],[75.887083,23.00924],[75.887188,23.008897],[75.887331,23.008545],[75.887502,23.008212],[75.887864,23.007869],[75.888121,23.007622],[75.888368,23.007488],[75.88873,23.007327],[75.889501,23.006994],[75.890405,23.006717],[75.890852,23.006575],[75.891071,23.006432],[75.891242,23.006165],[75.891357,23.005956],[75.891423,23.005756],[75.891566,23.005404],[75.891699,23.005157],[75.891918,23.005033],[75.892232,23.0049],[75.892423,23.004862],[75.892841,23.004852],[75.893289,23.004976],[75.89365,23.005166],[75.894155,23.005537],[75.894383,23.005861],[75.894631,23.006108],[75.894897,23.006289],[75.895006,23.006278],[75.895268,23.006251],[75.895468,23.006175],[75.895484,23.006164],[75.895935,23.005832],[75.896287,23.005414],[75.89663,23.005004],[75.896944,23.004509],[75.897134,23.004024],[75.89718,23.003796],[75.897387,23.003089],[75.897531,23.002444],[75.897551,23.002128],[75.897558,23.002027],[75.89756,23.001986],[75.897584,23.001609],[75.897602,23.001611],[75.89757,23.001605],[75.897596,23.001509],[75.897705,23.001102],[75.897991,23.000598],[75.898151,23.000356],[75.898472,23.000154],[75.899313,22.999722],[75.900086,22.999296],[75.900454,22.999033],[75.900743,22.998747],[75.901029,22.998329],[75.901147,22.998087],[75.901217,22.997799],[75.901208,22.997253],[75.901128,22.996667],[75.901125,22.996171],[75.901244,22.995841],[75.90155,22.995287],[75.90185,22.995028],[75.901966,22.994928],[75.902467,22.99466],[75.90321,22.994429],[75.904127,22.994222],[75.905106,22.993892],[75.905765,22.993617],[75.906405,22.993257],[75.90689,22.992889],[75.907625,22.992399],[75.908139,22.991945],[75.90852,22.991523],[75.908721,22.99122],[75.909008,22.990533],[75.909636,22.989637],[75.909819,22.989399],[75.909838,22.989422],[75.90993,22.98953],[75.910331,22.989217],[75.910389,22.989181],[75.910474,22.989138],[75.910614,22.989107],[75.910886,22.989052],[75.911072,22.989049],[75.911341,22.98907],[75.911665,22.989138],[75.911877,22.989177],[75.912038,22.989215],[75.912264,22.989225],[75.912543,22.989241],[75.912745,22.989221],[75.912971,22.989176],[75.91314,22.989143],[75.913447,22.988999],[75.913616,22.988898],[75.913711,22.988791],[75.91381,22.988653],[75.913907,22.988442],[75.914001,22.988116],[75.91406,22.987785],[75.914081,22.98762],[75.914097,22.987496],[75.914169,22.987048],[75.914184,22.986923],[75.91418,22.986911],[75.914126,22.986899],[75.914123,22.986844],[75.914101,22.986761],[75.913734,22.986209],[75.91338,22.985848],[75.913257,22.985719],[75.91304,22.985538],[75.912912,22.985432],[75.912821,22.985317],[75.9127,22.985158],[75.912345,22.984707],[75.912212,22.984403],[75.912178,22.984182],[75.912176,22.984168],[75.912175,22.984065],[75.912179,22.984055],[75.912192,22.983613],[75.912294,22.983223],[75.912466,22.982938],[75.912664,22.982753],[75.912839,22.982631],[75.913371,22.982291],[75.913545,22.982173],[75.913764,22.98199],[75.913962,22.981883],[75.914118,22.981733],[75.914244,22.981579],[75.914613,22.98107],[75.914798,22.980678],[75.914836,22.980557],[75.914903,22.980257],[75.914967,22.979959],[75.915005,22.979778],[75.915005,22.979531],[75.91499,22.979327],[75.914993,22.979066],[75.914983,22.978944],[75.915013,22.978426],[75.915034,22.978267],[75.91507,22.978081],[75.915128,22.977871],[75.915218,22.977582],[75.915323,22.977331],[75.915416,22.977141],[75.915675,22.976775],[75.915868,22.976595],[75.916236,22.976346],[75.91676,22.976003],[75.91716,22.97587],[75.917397,22.975889],[75.917778,22.976508],[75.917921,22.976993],[75.917986,22.977323],[75.91817,22.978001],[75.91842,22.978608],[75.918575,22.978816],[75.919487,22.979559],[75.919777,22.979725],[75.920833,22.980039],[75.921785,22.980286],[75.922604,22.980505],[75.922965,22.980562],[75.923793,22.980496],[75.923844,22.980491],[75.924403,22.980439],[75.924926,22.980353],[75.925459,22.980277],[75.925925,22.980153],[75.926316,22.979972],[75.926487,22.979772],[75.926649,22.979496],[75.926734,22.979268],[75.926782,22.978916],[75.926763,22.97863],[75.926639,22.978288],[75.926401,22.977926],[75.926125,22.97765],[75.925726,22.977326],[75.925069,22.977127],[75.924698,22.97687],[75.924374,22.976708],[75.92405,22.976432],[75.923898,22.976194],[75.92387,22.975927],[75.923889,22.975518],[75.923927,22.975356],[75.92406,22.975137],[75.924241,22.974928],[75.924412,22.974766],[75.924688,22.974623],[75.924945,22.974471],[75.925516,22.974224],[75.925944,22.974147],[75.926023,22.974142],[75.926392,22.974119],[75.92702,22.9741],[75.927753,22.974119],[75.928219,22.974109],[75.928695,22.973919],[75.928971,22.973738],[75.929209,22.973491],[75.929466,22.973158],[75.929618,22.972929],[75.92978,22.972653],[75.929894,22.972406],[75.930137,22.972126],[75.930142,22.97212],[75.930331,22.97179],[75.930558,22.971522],[75.930637,22.971425],[75.930922,22.971054],[75.931122,22.970778],[75.931322,22.970531],[75.93157,22.970102],[75.931769,22.969826],[75.931979,22.969541],[75.932093,22.96935],[75.932369,22.969132],[75.932617,22.969017],[75.932845,22.968903],[75.932959,22.968856],[75.933245,22.968808],[75.933426,22.968779],[75.933806,22.968741],[75.93433,22.968618],[75.934596,22.968532],[75.934853,22.968513],[75.935044,22.968513],[75.935329,22.968522],[75.935653,22.968656],[75.935948,22.968713],[75.936252,22.968684],[75.936547,22.968551],[75.936719,22.968475],[75.936938,22.968332],[75.937109,22.96817],[75.937261,22.967951],[75.937337,22.967809],[75.937413,22.967637],[75.937471,22.967437],[75.93748,22.967218],[75.937452,22.966923],[75.937442,22.966657],[75.937375,22.966409],[75.937223,22.966191],[75.937071,22.966048],[75.936957,22.965867],[75.936852,22.965658],[75.936757,22.965477],[75.936709,22.965201],[75.93669,22.964982],[75.936719,22.964592],[75.936804,22.96422],[75.93689,22.963916],[75.937033,22.963506],[75.937233,22.963316],[75.937547,22.963107],[75.938032,22.963107],[75.938479,22.963211],[75.938822,22.96324],[75.939412,22.963345],[75.939869,22.963364],[75.940126,22.963326],[75.940431,22.963269],[75.940907,22.963164],[75.941202,22.963135],[75.941449,22.963135],[75.941773,22.96323],[75.942125,22.963288],[75.942458,22.963288],[75.942686,22.963211],[75.942886,22.963107],[75.943,22.962897],[75.94301,22.962736],[75.943,22.962479],[75.942934,22.962222],[75.94282,22.961993],[75.942677,22.961784],[75.942401,22.961527],[75.942106,22.961156],[75.941906,22.960927],[75.941773,22.960699],[75.941677,22.960442],[75.941601,22.960175],[75.941506,22.95989],[75.941497,22.959718],[75.941497,22.95948],[75.941506,22.959366],[75.941592,22.959223],[75.941687,22.959043],[75.941792,22.958909],[75.941877,22.958786],[75.941963,22.958605],[75.94203,22.958462],[75.942087,22.958253],[75.942182,22.958129],[75.942287,22.958005],[75.942477,22.957958],[75.942715,22.957929],[75.942867,22.957929],[75.943181,22.957939],[75.943457,22.957986],[75.943469,22.95799],[75.944773,22.958144],[75.945801,22.958194],[75.946141,22.9581],[75.946532,22.957967],[75.946659,22.95794],[75.94689,22.957837],[75.946999,22.957736],[75.9472,22.957549],[75.947213,22.957512],[75.947363,22.957109],[75.947323,22.956421],[75.947262,22.9558],[75.947253,22.955709],[75.947181,22.955162],[75.947264,22.954664],[75.947374,22.954239],[75.947558,22.953871],[75.94774,22.953636],[75.947845,22.953399],[75.94788,22.953259],[75.947948,22.953088],[75.948033,22.952876],[75.948127,22.952773],[75.948571,22.952611],[75.949665,22.952587],[75.950138,22.952506],[75.950534,22.952338],[75.950639,22.952149],[75.950951,22.951556],[75.951235,22.951019],[75.951068,22.950218],[75.95095,22.949851],[75.950948,22.94982],[75.950853,22.949525],[75.950831,22.949487],[75.950696,22.949091],[75.95041,22.948679],[75.950334,22.94857],[75.950753,22.947513],[75.950987,22.947137],[75.951011,22.9471],[75.951213,22.946815],[75.951572,22.946631],[75.951879,22.946586],[75.951879,22.946585],[75.952415,22.946268],[75.952977,22.945999],[75.953491,22.945726],[75.953923,22.945553],[75.954427,22.945436],[75.955275,22.945333],[75.956143,22.945361],[75.956688,22.945291],[75.957017,22.945207],[75.95722,22.945141],[75.957576,22.94471],[75.957991,22.944385],[75.958086,22.94429],[75.958496,22.943843],[75.958819,22.943452],[75.959086,22.943205],[75.959371,22.943043],[75.959638,22.942976],[75.959952,22.942957],[75.960218,22.942919],[75.960409,22.942919],[75.960675,22.942967],[75.960923,22.943072],[75.961103,22.943233],[75.961379,22.9435],[75.961703,22.943833],[75.961989,22.944147],[75.962179,22.944347],[75.962531,22.94468],[75.962639,22.944711],[75.963176,22.944763],[75.96373,22.944642],[75.964185,22.945122],[75.964602,22.945186],[75.96507,22.945073],[75.965131,22.945072],[75.965272,22.945004],[75.965493,22.944821],[75.965821,22.94455],[75.965896,22.944355],[75.965975,22.943988],[75.965987,22.943621],[75.966036,22.943224],[75.965988,22.942915],[75.96589,22.942363],[75.965739,22.941725],[75.9657,22.941187],[75.965932,22.940804],[75.966462,22.940196],[75.966627,22.939847],[75.966792,22.939451],[75.966914,22.939159],[75.966943,22.938902],[75.966894,22.938414],[75.966862,22.938342],[75.966754,22.938122],[75.966732,22.937908],[75.966737,22.93781],[75.966732,22.937719],[75.966712,22.937382],[75.966604,22.937265],[75.966551,22.937207],[75.966292,22.937074],[75.966053,22.936823],[75.965826,22.936581],[75.965823,22.936579],[75.965492,22.936175],[75.964685,22.934995],[75.964667,22.934815],[75.964666,22.934715],[75.964694,22.934594],[75.964827,22.934362],[75.964971,22.933989],[75.965108,22.933585],[75.965315,22.933016],[75.965453,22.932726],[75.965662,22.932355],[75.965748,22.932031],[75.965891,22.931698],[75.965989,22.931405],[75.965977,22.930953],[75.966007,22.930341],[75.966084,22.929978],[75.966272,22.929547],[75.966453,22.929282],[75.966691,22.929157],[75.966941,22.929169],[75.967191,22.929276],[75.967679,22.929603],[75.968172,22.929972],[75.968306,22.930213],[75.96847,22.930204],[75.968873,22.930178],[75.969921,22.930073],[75.970457,22.929924],[75.97073,22.92974],[75.970986,22.929436],[75.971325,22.928806],[75.971896,22.927817],[75.972184,22.927391],[75.972828,22.926768],[75.973027,22.926482],[75.973277,22.926149],[75.973455,22.925828],[75.973693,22.925518],[75.974062,22.925019],[75.974466,22.924578],[75.974811,22.92421],[75.975371,22.923674],[75.976017,22.923031],[75.97612,22.922929],[75.976512,22.922631],[75.977006,22.922262],[75.977232,22.922048],[75.977381,22.921882],[75.977518,22.921644],[75.977643,22.921305],[75.977708,22.920918],[75.97775,22.920347],[75.977613,22.919562],[75.97755,22.91936],[75.977447,22.919128],[75.977444,22.91912],[75.97727,22.918795],[75.976939,22.918176],[75.976858,22.918017],[75.976929,22.917714],[75.977191,22.917095],[75.977488,22.916679],[75.977822,22.916274],[75.978178,22.915822],[75.978714,22.915215],[75.979095,22.914799],[75.979511,22.914299],[75.979773,22.91374],[75.980332,22.913098],[75.980915,22.912503],[75.981229,22.912176],[75.981752,22.9117],[75.981922,22.91137],[75.981999,22.911219],[75.982228,22.91032],[75.982385,22.909801],[75.982256,22.909363],[75.982142,22.909125],[75.981928,22.908859],[75.981424,22.908388],[75.980191,22.907407],[75.979615,22.906951],[75.979201,22.906565],[75.979063,22.906389],[75.978958,22.906175],[75.978873,22.905942],[75.978844,22.905785],[75.978835,22.905632],[75.978868,22.905499],[75.978954,22.905371],[75.979239,22.905114],[75.979909,22.904606],[75.980212,22.904425],[75.981077,22.90404],[75.981165,22.903996],[75.981758,22.903647],[75.981838,22.903568],[75.982278,22.903134],[75.982761,22.902549],[75.982827,22.90232],[75.982846,22.901932],[75.982894,22.901589],[75.982923,22.900881],[75.983052,22.90028],[75.983134,22.900008],[75.983205,22.899573],[75.98333,22.898975],[75.983196,22.898938],[75.983236,22.89819],[75.983528,22.897096],[75.983427,22.896774],[75.983338,22.896292],[75.983203,22.896063],[75.98267,22.895529],[75.982111,22.89502],[75.981521,22.894356],[75.981283,22.89391],[75.98103,22.892675],[75.981059,22.89239],[75.981159,22.892004],[75.981401,22.891533],[75.981616,22.891183],[75.981955,22.890825],[75.982954,22.889976],[75.983323,22.889661],[75.984543,22.888852],[75.985457,22.88804],[75.986357,22.88682],[75.986635,22.886077],[75.986637,22.886072],[75.986706,22.885455],[75.986654,22.885117],[75.986459,22.884717],[75.98624,22.884527],[75.985723,22.884193],[75.985149,22.883868],[75.984013,22.883596],[75.983236,22.883533],[75.982535,22.88334],[75.982405,22.883463],[75.981833,22.883288],[75.980826,22.882725],[75.980291,22.882217],[75.980112,22.881878],[75.979995,22.881657],[75.979766,22.880973],[75.979739,22.88029],[75.97975,22.880257],[75.979982,22.879531],[75.980363,22.879159],[75.981468,22.878448],[75.98305,22.877189],[75.98384,22.876353],[75.984158,22.875547],[75.98417,22.875502],[75.984427,22.874503],[75.984465,22.874113],[75.984502,22.873859],[75.984585,22.873475],[75.984635,22.873289],[75.984751,22.872992],[75.984856,22.872788],[75.985106,22.872488],[75.985335,22.872317],[75.985749,22.872117],[75.986248,22.87201],[75.986691,22.871931],[75.987655,22.871903],[75.98839,22.871881],[75.989604,22.871838],[75.990653,22.871924],[75.991431,22.871981],[75.992288,22.872152],[75.992773,22.872288],[75.993189,22.872427],[75.993234,22.872445],[75.993678,22.872624],[75.993954,22.872763],[75.995051,22.873473],[75.996095,22.874225],[75.996377,22.874362],[75.996531,22.874406],[75.996807,22.874394],[75.997036,22.874309],[75.997221,22.874194],[75.997371,22.874044],[75.997507,22.873866],[75.997667,22.873596],[75.997738,22.873216],[75.99774,22.873058],[75.997703,22.872887],[75.997494,22.871901],[75.997341,22.871191],[75.997363,22.870996],[75.99752,22.870746],[75.997741,22.870453],[75.998005,22.870182],[75.998291,22.870018],[75.998833,22.869711],[75.999247,22.869411],[75.99979,22.869126],[76.000034,22.86897],[76.000283,22.868812],[76.000768,22.868398],[76.001196,22.868026],[76.00171,22.867648],[76.002153,22.867341],[76.002645,22.867041],[76.002981,22.866827],[76.003245,22.866577],[76.003445,22.866392],[76.003616,22.866071],[76.003802,22.865742],[76.003895,22.865442],[76.004044,22.864943],[76.004251,22.864379],[76.00433,22.864],[76.004451,22.863565],[76.004567,22.863154],[76.00468,22.862751],[76.004894,22.862301],[76.005094,22.861873],[76.005308,22.861466],[76.005486,22.861191],[76.005544,22.861102],[76.005751,22.860788],[76.005986,22.860538],[76.006222,22.860417],[76.0067,22.860174],[76.007235,22.859974],[76.007749,22.859839],[76.008049,22.859832],[76.00852,22.859946],[76.008849,22.860139],[76.009227,22.860374],[76.009527,22.860438],[76.009719,22.86046],[76.009912,22.86046],[76.010219,22.860453],[76.01039,22.860481],[76.010412,22.860553],[76.010426,22.860631],[76.010398,22.860795],[76.010362,22.860988],[76.010326,22.861209],[76.010305,22.861509],[76.010319,22.861759],[76.010398,22.861966],[76.010555,22.862173],[76.01069,22.862366],[76.010869,22.862587],[76.011254,22.862808],[76.011525,22.862958],[76.011925,22.863037],[76.012296,22.863087],[76.012632,22.863122],[76.012932,22.86313],[76.013174,22.863115],[76.013353,22.863094],[76.013624,22.863022],[76.013974,22.862915],[76.014338,22.862887],[76.014495,22.862858],[76.014752,22.862773],[76.014966,22.862637],[76.015266,22.862501],[76.015437,22.86243],[76.015623,22.862394],[76.015759,22.862323],[76.01603,22.862209],[76.016258,22.862059],[76.016572,22.86188],[76.016879,22.861723],[76.017122,22.861552],[76.017372,22.861381],[76.0177,22.861102],[76.018114,22.860802],[76.018528,22.860567],[76.018957,22.86036],[76.019278,22.86021],[76.019713,22.860131],[76.020241,22.860081],[76.020741,22.860067],[76.021177,22.860053],[76.021741,22.85996],[76.022097,22.859874],[76.02222,22.859833],[76.022604,22.859703],[76.022804,22.859639],[76.023033,22.859539],[76.023211,22.859375],[76.023297,22.859196],[76.023318,22.858996],[76.023268,22.858797],[76.023147,22.858518],[76.023025,22.858261],[76.022868,22.858061],[76.022661,22.857876],[76.022369,22.857733],[76.022105,22.857704],[76.021905,22.857676],[76.021569,22.857676],[76.021305,22.857583],[76.021127,22.85734],[76.020984,22.857133],[76.020948,22.856905],[76.02097,22.856691],[76.021098,22.856419],[76.021234,22.856041],[76.021334,22.855741],[76.021476,22.855406],[76.021541,22.855099],[76.021533,22.854806],[76.021533,22.854385],[76.021505,22.854057],[76.021484,22.85365],[76.021484,22.853336],[76.021541,22.853114],[76.021619,22.852843],[76.021726,22.85255],[76.021976,22.852151],[76.022197,22.851722],[76.022269,22.851451],[76.02229,22.851108],[76.022347,22.850909],[76.022554,22.85068],[76.022754,22.850559],[76.023111,22.850495],[76.023497,22.850495],[76.023803,22.850516],[76.024146,22.850559],[76.02431,22.850737],[76.024367,22.850959],[76.024467,22.851251],[76.024589,22.851644],[76.024646,22.852008],[76.024696,22.852236],[76.024824,22.852472],[76.025088,22.852636],[76.025317,22.852665],[76.025717,22.852693],[76.026045,22.852693],[76.026402,22.852643],[76.026652,22.852508],[76.026923,22.852336],[76.027173,22.852136],[76.027437,22.851922],[76.027772,22.851658],[76.028136,22.851344],[76.028493,22.851016],[76.028665,22.850844],[76.029079,22.850452],[76.029464,22.850073],[76.029914,22.849745],[76.030385,22.849381],[76.030913,22.849024],[76.031492,22.848596],[76.031841,22.848367],[76.031916,22.848288],[76.031924,22.84828],[76.032077,22.848117],[76.03237,22.847789],[76.032534,22.847489],[76.032634,22.847268],[76.032691,22.846956],[76.032715,22.846754],[76.032786,22.846492],[76.032828,22.846266],[76.032869,22.846052],[76.032905,22.845743],[76.032905,22.845541],[76.032893,22.845291],[76.032887,22.844904],[76.032881,22.844511],[76.032917,22.844226],[76.032994,22.843946],[76.033113,22.843595],[76.033339,22.84325],[76.03347,22.84306],[76.033732,22.842828],[76.033857,22.842638],[76.034065,22.842406],[76.034333,22.842197],[76.034553,22.842055],[76.034844,22.842084],[76.035261,22.842108],[76.03557,22.842174],[76.035826,22.842215],[76.036177,22.842215],[76.036546,22.84215],[76.036843,22.842031],[76.037123,22.84187],[76.037337,22.841686],[76.037509,22.841365],[76.037581,22.841156],[76.037581,22.840948],[76.037569,22.840752],[76.037485,22.840591],[76.037307,22.840383],[76.037158,22.840175],[76.03695,22.839925],[76.036807,22.839705],[76.0367,22.839467],[76.036629,22.839241],[76.036569,22.839074],[76.036563,22.838836],[76.036575,22.838664],[76.036699,22.838588],[76.036918,22.838507],[76.037161,22.838445],[76.037337,22.838412],[76.037594,22.838412],[76.037932,22.838393],[76.038555,22.838478],[76.038812,22.838445],[76.039026,22.838359],[76.039136,22.838264],[76.039226,22.838159],[76.039255,22.838055],[76.039269,22.837902],[76.039255,22.837717],[76.039183,22.83755],[76.039088,22.837403],[76.038955,22.837255],[76.038779,22.837098],[76.038702,22.837028],[76.038622,22.836955],[76.038479,22.836794],[76.038298,22.836599],[76.038051,22.836351],[76.037865,22.836204],[76.037698,22.836099],[76.03756,22.835985],[76.037413,22.835832],[76.037275,22.835651],[76.037113,22.835452],[76.037004,22.835276],[76.036908,22.835095],[76.036856,22.834923],[76.036737,22.83459],[76.036656,22.834409],[76.03659,22.834248],[76.036542,22.834019],[76.03648,22.833634],[76.036432,22.833272],[76.036385,22.832982],[76.036361,22.83271],[76.036333,22.832487],[76.036261,22.832225],[76.036161,22.831954],[76.036104,22.831787],[76.036099,22.831621],[76.036099,22.831464],[76.036142,22.831273],[76.036214,22.830897],[76.036266,22.83064],[76.036323,22.830436],[76.03638,22.830283],[76.036404,22.830112],[76.03648,22.830017],[76.036575,22.829927],[76.03678,22.829827],[76.036937,22.829755],[76.037118,22.829698],[76.03728,22.829603],[76.037522,22.829441],[76.037578,22.829365],[76.037627,22.829298],[76.037736,22.829132],[76.037827,22.828951],[76.037946,22.828789],[76.038065,22.828703],[76.038179,22.828589],[76.038279,22.828489],[76.038407,22.828347],[76.038569,22.828123],[76.038741,22.827918],[76.038874,22.827756],[76.039097,22.82758],[76.039221,22.827523],[76.039402,22.827499],[76.039559,22.827471],[76.039868,22.82749],[76.040016,22.827495],[76.040192,22.827557],[76.040349,22.827614],[76.040454,22.827714],[76.040549,22.827871],[76.040649,22.828009],[76.040739,22.828075],[76.040877,22.82808],[76.041015,22.828061],[76.041139,22.828004],[76.041253,22.827904],[76.041377,22.82779],[76.04152,22.82769],[76.041624,22.827576],[76.041791,22.827423],[76.041877,22.827271],[76.041977,22.827143],[76.042143,22.826914],[76.042276,22.826671],[76.042405,22.826495],[76.04251,22.826291],[76.042543,22.826148],[76.042586,22.825996],[76.042586,22.825915],[76.042571,22.82582],[76.042476,22.82561],[76.0424,22.825444],[76.042276,22.825296],[76.042105,22.825153],[76.041991,22.825011],[76.041905,22.824901],[76.041886,22.824773],[76.041867,22.824554],[76.041867,22.824344],[76.041881,22.824154],[76.041948,22.823868],[76.042015,22.823597],[76.042172,22.823316],[76.042291,22.823131],[76.042505,22.822969],[76.042714,22.822864],[76.042838,22.822779],[76.043014,22.822688],[76.0432,22.822641],[76.043428,22.822588],[76.043599,22.822522],[76.043785,22.822431],[76.043961,22.822312],[76.043969,22.822307],[76.044123,22.822212],[76.044223,22.822122],[76.044408,22.822012],[76.04458,22.821936],[76.044751,22.821813],[76.045018,22.821608],[76.045151,22.82146],[76.045298,22.821265],[76.04547,22.821046],[76.045612,22.820832],[76.045717,22.820556],[76.045831,22.82029],[76.045889,22.820209],[76.045936,22.820142],[76.046117,22.819947],[76.046264,22.819809],[76.046388,22.819742],[76.046717,22.819595],[76.046969,22.819495],[76.047216,22.819366],[76.047368,22.819238],[76.04743,22.819014],[76.04743,22.818867],[76.04743,22.818719],[76.047483,22.818562],[76.047568,22.818419],[76.047792,22.818348],[76.047921,22.818234],[76.047959,22.818143],[76.048044,22.817925],[76.04813,22.817615],[76.048187,22.817334],[76.048273,22.817215],[76.048387,22.817139],[76.04853,22.817115],[76.048634,22.81713],[76.04873,22.817234],[76.048815,22.817263],[76.049015,22.817268],[76.049182,22.817277],[76.049282,22.817296],[76.049429,22.817392],[76.049553,22.81742],[76.049724,22.817463],[76.049757,22.817477],[76.04981,22.817525],[76.049862,22.817658],[76.049938,22.817834],[76.049995,22.817982],[76.050024,22.818172],[76.050029,22.8184],[76.050043,22.8186],[76.0501,22.818833],[76.050229,22.819062],[76.050428,22.819276],[76.0506,22.819395],[76.050847,22.819509],[76.051052,22.819543],[76.051366,22.81949],[76.051632,22.819386],[76.051717,22.819288],[76.051818,22.819171],[76.051942,22.819033],[76.052108,22.818862],[76.052227,22.818691],[76.052384,22.818505],[76.052527,22.818367],[76.052779,22.818181],[76.053046,22.81802],[76.053227,22.817848],[76.053365,22.817706],[76.053417,22.817558],[76.053498,22.817296],[76.053522,22.81712],[76.053546,22.817006],[76.053546,22.816892],[76.053536,22.816816],[76.053512,22.816678],[76.053512,22.816602],[76.053512,22.816578],[76.053488,22.816459],[76.053446,22.816287],[76.053393,22.816188],[76.053303,22.816102],[76.053241,22.816049],[76.053174,22.815954],[76.053141,22.815835],[76.053093,22.815769],[76.053013,22.815697],[76.052879,22.815635],[76.052727,22.815593],[76.052622,22.815593],[76.052527,22.815659],[76.05247,22.815726],[76.052284,22.815754],[76.052066,22.815769],[76.051875,22.81575],[76.051699,22.815745],[76.051523,22.815721],[76.05129,22.815674],[76.051142,22.815602],[76.051014,22.815464],[76.050985,22.815317],[76.051033,22.81516],[76.051114,22.814984],[76.051242,22.814836],[76.05139,22.814693],[76.051571,22.814484],[76.051751,22.814251],[76.051908,22.814032],[76.052018,22.813775],[76.052023,22.813632],[76.052051,22.813503],[76.052018,22.813318],[76.051966,22.81318],[76.051851,22.813028],[76.051761,22.81289],[76.051642,22.812742],[76.05148,22.812575],[76.051375,22.812428],[76.051318,22.812276],[76.051299,22.812147],[76.051328,22.811952],[76.051356,22.811709],[76.051328,22.811509],[76.051295,22.811348],[76.051166,22.811091],[76.051019,22.810938],[76.050852,22.810762],[76.050662,22.810567],[76.050343,22.810267],[76.050138,22.810082],[76.049943,22.810015],[76.049805,22.809972],[76.049001,22.809301],[76.048849,22.809111],[76.048977,22.808902],[76.04912,22.80864],[76.049186,22.808378],[76.049239,22.808164],[76.049301,22.807888],[76.049315,22.807683],[76.049382,22.807431],[76.049491,22.807141],[76.049605,22.806922],[76.049757,22.806722],[76.049895,22.80646],[76.049953,22.806289],[76.050171,22.806189],[76.050386,22.806122],[76.050647,22.80616],[76.050857,22.806199],[76.051195,22.806356],[76.05128,22.806394],[76.051261,22.806265],[76.051218,22.806056],[76.051176,22.805913],[76.051123,22.80578],[76.051076,22.805642],[76.051057,22.80548],[76.051019,22.805366],[76.050914,22.804956],[76.050838,22.804633],[76.05079,22.804366],[76.050762,22.804109],[76.050733,22.803886],[76.050681,22.8037],[76.050566,22.803272],[76.050505,22.803015],[76.050419,22.802567],[76.050348,22.802334],[76.050267,22.802149],[76.050176,22.801839],[76.050076,22.801511],[76.050053,22.801403],[76.050033,22.801311],[76.049991,22.801083],[76.049929,22.800888],[76.049848,22.800602],[76.049757,22.800121],[76.049648,22.799612],[76.049491,22.798936],[76.049415,22.798527],[76.049391,22.797966],[76.049353,22.797518],[76.049367,22.797042],[76.049353,22.796562],[76.049367,22.7958],[76.049353,22.795286],[76.049353,22.79473],[76.049372,22.794411],[76.049348,22.793949],[76.049305,22.793311],[76.049244,22.792669],[76.049177,22.792398],[76.049158,22.79226],[76.049134,22.792145],[76.04911,22.791922],[76.049039,22.791574],[76.04902,22.791441],[76.04902,22.791332],[76.04901,22.791075],[76.048982,22.790922],[76.048982,22.790822],[76.04902,22.790694],[76.049058,22.790608],[76.049082,22.790565],[76.049029,22.790537],[76.048934,22.790523],[76.048539,22.790523],[76.047345,22.790594],[76.046693,22.790646],[76.045874,22.790708],[76.044742,22.790765],[76.043571,22.790818],[76.042995,22.790841],[76.042058,22.790927],[76.040606,22.790965],[76.040216,22.791003],[76.039721,22.79096],[76.039388,22.790899],[76.039226,22.79087],[76.038998,22.790761],[76.038569,22.790518],[76.038184,22.790342],[76.037784,22.790199],[76.037694,22.790147],[76.037613,22.790066],[76.037537,22.789937],[76.03747,22.789856],[76.037337,22.789823],[76.037008,22.78978],[76.036523,22.789709],[76.036114,22.789661],[76.035852,22.789657],[76.035248,22.789642],[76.034305,22.789628],[76.033782,22.789633],[76.033415,22.78958],[76.033415,22.789471],[76.033049,22.789438],[76.032207,22.789414],[76.031003,22.789385],[76.030141,22.789419],[76.029656,22.789419],[76.029603,22.789366],[76.029489,22.789366],[76.028899,22.789385],[76.028338,22.789428],[76.027862,22.789495],[76.027343,22.789533],[76.026615,22.789585],[76.025934,22.789642],[76.025625,22.789618],[76.025316,22.789604],[76.024516,22.789628],[76.023974,22.789661],[76.023336,22.789733],[76.02296,22.789814],[76.022579,22.789833],[76.022579,22.789871],[76.022617,22.789933],[76.022674,22.78998],[76.022727,22.790004],[76.022803,22.790132],[76.022927,22.790408],[76.022993,22.790642],[76.023079,22.790951],[76.023142,22.79117],[76.023279,22.791693],[76.023404,22.792211],[76.023606,22.793121],[76.023903,22.794364],[76.024088,22.795138],[76.024177,22.79553],[76.024219,22.795911],[76.02426,22.79628],[76.024308,22.796857],[76.024361,22.797273],[76.024338,22.797678],[76.024272,22.798308],[76.024243,22.798647],[76.024153,22.799165],[76.023916,22.799138],[76.022607,22.799086],[76.022545,22.799072],[76.022507,22.799038],[76.022464,22.798938],[76.022393,22.798896],[76.022207,22.798857],[76.021965,22.79881],[76.021513,22.798753],[76.021165,22.79871],[76.020956,22.798719],[76.020823,22.798758],[76.020404,22.798796],[76.019585,22.798781],[76.018843,22.798772],[76.018048,22.798791],[76.017672,22.7988],[76.017615,22.798758],[76.017563,22.798724],[76.017453,22.79871],[76.017268,22.79871],[76.017153,22.798719],[76.016968,22.798796],[76.016801,22.798838],[76.016402,22.798976],[76.015778,22.799195],[76.015312,22.799381],[76.015107,22.799448],[76.015098,22.799524],[76.015079,22.799614],[76.014988,22.79969],[76.014841,22.799762],[76.014612,22.799814],[76.014369,22.799871],[76.014155,22.7999],[76.013922,22.799923],[76.013646,22.799904],[76.013066,22.799871],[76.012904,22.799866],[76.012799,22.799824],[76.012561,22.799757],[76.012276,22.799705],[76.011876,22.799728],[76.011557,22.799752],[76.011267,22.799719],[76.010962,22.799714],[76.010738,22.799762],[76.010615,22.799785],[76.010277,22.799785],[76.009744,22.799776],[76.009168,22.79979],[76.008583,22.799824],[76.007731,22.799828],[76.007017,22.799828],[76.006617,22.799871],[76.006422,22.799914],[76.006294,22.799976],[76.006222,22.800104],[76.006151,22.80018],[76.006022,22.800209],[76.005508,22.800238],[76.00517,22.800228],[76.004599,22.800195],[76.004323,22.800161],[76.00389,22.800076],[76.003372,22.800028],[76.002805,22.800023],[76.00192,22.800028],[76.001202,22.800028],[76.000559,22.800062],[76.000212,22.800095],[75.999955,22.800166],[75.999955,22.800166],[75.999921,22.800204],[75.999864,22.800595],[75.999855,22.801066],[75.99984,22.801603],[75.999802,22.801832],[75.999702,22.802541],[75.999641,22.802688],[75.998746,22.802674],[75.998633,22.802657],[75.99847,22.802631],[75.998313,22.802579],[75.998122,22.802536],[75.997942,22.802527],[75.997651,22.802527],[75.997441,22.80253],[75.997361,22.802531],[75.9972,22.802537],[75.996914,22.802546],[75.996514,22.802584],[75.995971,22.802608],[75.995847,22.802623],[75.995328,22.802639],[75.992434,22.802726],[75.992431,22.802731],[75.992426,22.802845],[75.992474,22.802983],[75.992536,22.80316],[75.992559,22.803226],[75.99264,22.80354],[75.992707,22.803902],[75.992759,22.804311],[75.992783,22.804578],[75.992821,22.804944],[75.992859,22.805425],[75.992883,22.805877],[75.992883,22.806139],[75.992883,22.806543],[75.992921,22.807176],[75.992945,22.807547],[75.992926,22.80789],[75.992902,22.808085],[75.992835,22.808447],[75.992792,22.80887],[75.992659,22.809589],[75.992626,22.809836],[75.992597,22.810136],[75.992593,22.810369],[75.992578,22.810783],[75.992616,22.81125],[75.992616,22.811616],[75.992602,22.812125],[75.992593,22.812696],[75.992531,22.813448],[75.992497,22.813791],[75.992512,22.813981],[75.992569,22.814215],[75.992645,22.814367],[75.992556,22.814361],[75.99244,22.814333],[75.992357,22.814329],[75.992088,22.814334],[75.991161,22.814393],[75.990612,22.814436],[75.990415,22.814462],[75.990109,22.814493],[75.989291,22.814563],[75.989173,22.814586],[75.98862,22.814696],[75.987663,22.814911],[75.986872,22.815103],[75.986766,22.815128],[75.986564,22.815176],[75.986271,22.815251],[75.986105,22.815323],[75.985914,22.815456],[75.9857,22.815589],[75.985372,22.815732],[75.984967,22.815832],[75.984301,22.815975],[75.983906,22.816098],[75.983306,22.816231],[75.982964,22.816327],[75.982664,22.816389],[75.982478,22.816436],[75.982382,22.816474],[75.982283,22.816512],[75.982197,22.816565],[75.982159,22.816641],[75.982131,22.816722],[75.982102,22.81685],[75.982088,22.816964],[75.982069,22.817107],[75.982069,22.817231],[75.982066,22.817372],[75.982064,22.817445],[75.982036,22.817626],[75.982007,22.818026],[75.981298,22.818068],[75.981149,22.819256],[75.981058,22.819395],[75.980832,22.819742],[75.979416,22.819732],[75.979356,22.81981],[75.979261,22.819844],[75.979137,22.819858],[75.97898,22.819853],[75.978776,22.819839],[75.978414,22.81981],[75.977629,22.819877],[75.97741,22.819844],[75.977394,22.819842],[75.976078,22.819941],[75.975033,22.820027],[75.974866,22.819934],[75.974855,22.819937],[75.974471,22.819163],[75.974526,22.819077],[75.974574,22.818954],[75.974583,22.818839],[75.974564,22.818782],[75.974431,22.818749],[75.974246,22.818668],[75.973919,22.817987],[75.973863,22.817831],[75.973784,22.817612],[75.973607,22.816901],[75.973495,22.816446],[75.973474,22.816298],[75.973403,22.816027],[75.973294,22.815865],[75.973117,22.815765],[75.972822,22.815613],[75.97258,22.815511],[75.972074,22.815273],[75.971568,22.815029],[75.971289,22.81491],[75.971009,22.814755],[75.970759,22.814594],[75.970605,22.814505],[75.970391,22.81438],[75.970147,22.814226],[75.970052,22.81413],[75.969956,22.81397],[75.969802,22.813744],[75.969653,22.813542],[75.969576,22.813458],[75.969474,22.813345],[75.969345,22.813186],[75.969344,22.813185],[75.96926,22.813012],[75.969153,22.812774],[75.968957,22.812257],[75.968467,22.811086],[75.968439,22.810863],[75.968433,22.810816],[75.968422,22.810758],[75.968377,22.810505],[75.968361,22.810477],[75.968254,22.810147],[75.968225,22.810064],[75.968159,22.809907],[75.968099,22.809758],[75.968058,22.809572],[75.967992,22.809354],[75.967969,22.809246],[75.967929,22.809097],[75.967904,22.809072],[75.967816,22.808959],[75.967732,22.808841],[75.967587,22.808685],[75.967502,22.808593],[75.967456,22.808514],[75.967436,22.808438],[75.967343,22.808106],[75.967318,22.807986],[75.967265,22.807885],[75.966795,22.806802],[75.966409,22.805845],[75.96601,22.804613],[75.965498,22.804613],[75.965292,22.804618],[75.965237,22.804619],[75.964386,22.804732],[75.963601,22.804792],[75.962845,22.804839],[75.962411,22.804875],[75.962024,22.804869],[75.961352,22.804929],[75.960781,22.804964],[75.960139,22.805006],[75.959591,22.80506],[75.95911,22.805089],[75.95864,22.805119],[75.958199,22.80519],[75.957825,22.80525],[75.957563,22.805315],[75.957384,22.805351],[75.957212,22.80541],[75.957004,22.8055],[75.956177,22.805642],[75.955112,22.805779],[75.95394,22.80591],[75.952917,22.805993],[75.952269,22.806023],[75.951573,22.806059],[75.950764,22.806071],[75.950323,22.806083],[75.949729,22.806071],[75.94933,22.806041],[75.947879,22.805946],[75.94748,22.805857],[75.946885,22.805779],[75.946487,22.805779],[75.946005,22.805732],[75.945481,22.805648],[75.945112,22.805553],[75.944755,22.8055],[75.943923,22.805405],[75.943661,22.805357],[75.943631,22.804685],[75.943584,22.804542],[75.943573,22.804537],[75.943518,22.804512],[75.943399,22.804488],[75.943173,22.804465],[75.943114,22.804466],[75.942542,22.804474],[75.941995,22.804483],[75.940359,22.804441],[75.938756,22.80433],[75.93739,22.804161],[75.93442,22.803722],[75.932394,22.803499],[75.930885,22.803134],[75.930071,22.802938],[75.928693,22.802586],[75.928296,22.802508],[75.927302,22.802353],[75.926791,22.802287],[75.926083,22.802168],[75.925482,22.802109],[75.925473,22.802108],[75.924851,22.802055],[75.924596,22.80204],[75.924453,22.802032],[75.924102,22.802032],[75.923667,22.802026],[75.923275,22.801984],[75.922793,22.801936],[75.922406,22.801919],[75.922157,22.801925],[75.921835,22.801936],[75.921627,22.801948],[75.92133,22.80205],[75.921169,22.802073],[75.921038,22.802073],[75.920895,22.80205],[75.9208,22.802151],[75.920705,22.802264],[75.920628,22.802436],[75.920521,22.80268],[75.920336,22.803031],[75.920229,22.803293],[75.920069,22.80359],[75.919813,22.804001],[75.919605,22.804381],[75.91945,22.804691],[75.919408,22.80478],[75.919402,22.804929],[75.919361,22.805184],[75.918926,22.806344],[75.918867,22.806333],[75.918302,22.806279],[75.918177,22.806333],[75.917933,22.806374],[75.917725,22.806392],[75.917481,22.806434],[75.916553,22.806434],[75.915702,22.806475],[75.91525,22.806493],[75.914542,22.806523],[75.913918,22.806481],[75.912764,22.806356],[75.910426,22.806422],[75.908843,22.806404],[75.908653,22.806434],[75.90832,22.806434],[75.907993,22.806475],[75.907541,22.806529],[75.90713,22.80663],[75.906952,22.80663],[75.90688,22.8066],[75.906755,22.806565],[75.906523,22.806499],[75.906274,22.80644],[75.905917,22.806362],[75.905387,22.806214],[75.905137,22.806178],[75.904667,22.806053],[75.904096,22.805869],[75.903912,22.805839],[75.903525,22.805833],[75.902984,22.805779],[75.90233,22.80575],[75.901223,22.805744],[75.900652,22.805744],[75.899907,22.80574],[75.8999,22.80574],[75.899546,22.805739],[75.89932,22.805738],[75.899337,22.805934],[75.899367,22.806202],[75.899546,22.807671],[75.899355,22.807748],[75.899159,22.807796],[75.898927,22.807826],[75.898671,22.807879],[75.898291,22.807968],[75.897862,22.80804],[75.89765,22.808053],[75.897522,22.808053],[75.897358,22.80806],[75.896887,22.808174],[75.896094,22.808346],[75.895295,22.808467],[75.894809,22.808603],[75.894574,22.808695],[75.894424,22.808902],[75.894188,22.809081],[75.892811,22.810266],[75.892282,22.810737],[75.892154,22.810801],[75.892259,22.810888],[75.892368,22.810974],[75.892478,22.811112],[75.892573,22.811283],[75.892668,22.811478],[75.892716,22.811678],[75.89273,22.811888],[75.892725,22.812078],[75.892702,22.812268],[75.892625,22.812511],[75.892549,22.812692],[75.892407,22.812944],[75.892273,22.813139],[75.892083,22.813387],[75.891845,22.813672],[75.891536,22.814134],[75.891379,22.814381],[75.891198,22.814686],[75.891136,22.814876],[75.891145,22.815057],[75.891164,22.815205],[75.891241,22.815352],[75.89136,22.815447],[75.891517,22.815538],[75.891255,22.816042],[75.891122,22.816161],[75.891022,22.816199],[75.890979,22.816214],[75.890888,22.816214],[75.890755,22.816228],[75.890698,22.816285],[75.890612,22.816404],[75.890551,22.81649],[75.890517,22.816575],[75.89047,22.816723],[75.890384,22.817399],[75.890379,22.817489],[75.89016,22.818569],[75.889922,22.819707],[75.889813,22.820282],[75.889732,22.820911],[75.889665,22.82141],[75.889627,22.821563],[75.889308,22.822077],[75.889118,22.822376],[75.888861,22.822867],[75.888528,22.823461],[75.888347,22.823442],[75.888238,22.823409],[75.888162,22.823423],[75.888052,22.82349],[75.887966,22.823533],[75.887824,22.82358],[75.887719,22.823647],[75.887695,22.823709],[75.887667,22.823809],[75.8876,22.823928],[75.887552,22.823999],[75.887505,22.824032],[75.887476,22.824047],[75.887476,22.824113],[75.887429,22.824175],[75.887395,22.824266],[75.887405,22.824323],[75.887348,22.824394],[75.887229,22.824489],[75.887176,22.824518],[75.8871,22.824561],[75.887062,22.824599],[75.887062,22.824675],[75.887038,22.824742],[75.886991,22.824818],[75.886919,22.824899],[75.886881,22.824975],[75.886871,22.825031],[75.886823,22.825001],[75.886694,22.824872],[75.886059,22.824915],[75.88421,22.825094],[75.883261,22.825115],[75.882532,22.825129],[75.882375,22.825208],[75.881983,22.825215],[75.881426,22.825208],[75.881162,22.825236],[75.880448,22.825265],[75.879699,22.825286],[75.879292,22.825279],[75.878713,22.825301],[75.878242,22.825265],[75.877778,22.825272],[75.877393,22.825258],[75.877157,22.825236],[75.877,22.825244],[75.876915,22.825265],[75.87675,22.825301],[75.876565,22.825308],[75.876465,22.825308],[75.876393,22.825308],[75.876122,22.825222],[75.875872,22.825151],[75.875601,22.825094],[75.87528,22.824951],[75.874595,22.824708],[75.874323,22.82463],[75.873859,22.824508],[75.873424,22.824416],[75.873174,22.82433],[75.873074,22.824287],[75.872953,22.824223],[75.872853,22.824159],[75.872696,22.824101],[75.872489,22.824066],[75.872217,22.824009],[75.871961,22.823923],[75.871803,22.823844],[75.871668,22.823795],[75.871532,22.823737],[75.871425,22.82363],[75.871225,22.823523],[75.871068,22.823438],[75.87069,22.823338],[75.87049,22.823302],[75.870233,22.823245],[75.870047,22.823195],[75.869833,22.823109],[75.869591,22.823031],[75.869419,22.822952],[75.869334,22.822852],[75.869169,22.822717],[75.869027,22.822631],[75.868784,22.82256],[75.868163,22.822403],[75.867437,22.822249],[75.867318,22.822219],[75.866997,22.822148],[75.866694,22.822041],[75.866277,22.821946],[75.865682,22.821856],[75.8652,22.821773],[75.86476,22.821672],[75.864403,22.821577],[75.864255,22.821529],[75.864046,22.821398],[75.863969,22.821327],[75.86382,22.821297],[75.863315,22.821238],[75.862833,22.82119],[75.862321,22.821184],[75.861917,22.821143],[75.861602,22.821095],[75.861227,22.821041],[75.861136,22.821048],[75.861146,22.821356],[75.861134,22.821641],[75.861123,22.822064],[75.861117,22.822647],[75.861093,22.822867],[75.861039,22.823081],[75.860974,22.823218],[75.860932,22.823337],[75.860879,22.823533],[75.860819,22.823813],[75.860772,22.824235],[75.860676,22.824955],[75.860498,22.826168],[75.860456,22.826597],[75.860409,22.8269],[75.860302,22.82693],[75.860218,22.827001],[75.860159,22.827078],[75.860099,22.827203],[75.860082,22.82731],[75.860087,22.827489],[75.860087,22.827661],[75.86004,22.828125],[75.859963,22.828548],[75.859826,22.82925],[75.859784,22.829285],[75.859665,22.829357],[75.859588,22.829422],[75.85954,22.829488],[75.859487,22.82963],[75.859397,22.829874],[75.859207,22.83035],[75.859171,22.830505],[75.859183,22.8306],[75.859225,22.830725],[75.859243,22.830772],[75.859058,22.830897],[75.858814,22.83101],[75.858124,22.83126],[75.857791,22.831385],[75.857298,22.831504],[75.856596,22.831671],[75.856042,22.831796],[75.855382,22.831938],[75.854698,22.832087],[75.854293,22.832182],[75.853913,22.832254],[75.853633,22.832295],[75.853282,22.832313],[75.853015,22.832313],[75.852693,22.832361],[75.85233,22.832385],[75.852336,22.832331],[75.852152,22.832301],[75.852051,22.832319],[75.851843,22.832367],[75.851557,22.832426],[75.851349,22.832486],[75.851278,22.832492],[75.851135,22.832504],[75.850825,22.832527],[75.850599,22.832551],[75.850284,22.832611],[75.850123,22.832664],[75.849939,22.832724],[75.849731,22.832771],[75.849207,22.83286],[75.849469,22.834074],[75.849151,22.834115],[75.84887,22.833797],[75.848294,22.833003],[75.847266,22.831937],[75.846653,22.831585],[75.845144,22.83078],[75.844007,22.830081],[75.843745,22.83],[75.843642,22.830012],[75.842767,22.830687],[75.841924,22.831297],[75.841553,22.831573],[75.840815,22.832169],[75.840494,22.832453],[75.840186,22.832757],[75.839716,22.833179],[75.839368,22.833503],[75.838676,22.834131],[75.838143,22.834624],[75.837658,22.835071],[75.837511,22.835217],[75.837101,22.835581],[75.836999,22.83564],[75.8366,22.835729],[75.836212,22.835818],[75.835829,22.835904],[75.835449,22.835988],[75.835082,22.836074],[75.834166,22.836279],[75.834038,22.836292],[75.834038,22.836292],[75.833734,22.836236],[75.833458,22.83624],[75.833333,22.836248],[75.83301,22.836269],[75.832544,22.83634],[75.832054,22.836397],[75.831026,22.836512],[75.830602,22.836597],[75.830064,22.836697],[75.82986,22.836735],[75.829598,22.836792],[75.829313,22.836831],[75.828799,22.836807],[75.828404,22.836797],[75.828132,22.836773],[75.827961,22.83674],[75.827718,22.83674],[75.827328,22.836688],[75.826952,22.836626],[75.826648,22.83654],[75.826457,22.836512],[75.826343,22.836535],[75.826195,22.836545],[75.826048,22.836502],[75.825834,22.836469],[75.825824,22.836321],[75.82579,22.836234],[75.82571,22.836223],[75.825722,22.836099],[75.825474,22.83604],[75.825064,22.835954],[75.824539,22.835832],[75.823982,22.835738],[75.823334,22.835631],[75.822027,22.83545],[75.821191,22.835336],[75.82075,22.835408],[75.820411,22.83568],[75.820273,22.835794],[75.820199,22.835829],[75.820092,22.835833],[75.819941,22.835834],[75.819752,22.835857],[75.819454,22.835878],[75.819236,22.83589],[75.818775,22.835893],[75.818454,22.835918],[75.818281,22.835899],[75.817964,22.835897],[75.81775,22.8359],[75.817373,22.835879],[75.81725,22.835873],[75.816988,22.835883],[75.816813,22.835891],[75.816743,22.835902],[75.816624,22.835926],[75.816424,22.835929],[75.816379,22.83593],[75.816247,22.835935],[75.815998,22.83595],[75.815826,22.835944],[75.815833,22.835897],[75.815837,22.835855],[75.815813,22.835792],[75.815637,22.835792],[75.815423,22.835763],[75.815066,22.835759],[75.814862,22.835773],[75.814633,22.835782],[75.814429,22.835792],[75.814214,22.835811],[75.813896,22.83582],[75.813496,22.835835],[75.813263,22.835844],[75.812963,22.835839],[75.812787,22.835825],[75.812544,22.835825],[75.812154,22.835801],[75.811711,22.835782],[75.811231,22.835792],[75.810831,22.835816],[75.810617,22.835835],[75.81046,22.835844],[75.810217,22.835858],[75.809889,22.835868],[75.809627,22.835882],[75.809517,22.835882],[75.809398,22.835897],[75.809218,22.835906],[75.80908,22.83592],[75.808818,22.835977],[75.808594,22.83602],[75.808256,22.836073],[75.807866,22.836111],[75.807661,22.836149],[75.807404,22.836211],[75.807133,22.836249],[75.806976,22.836292],[75.806848,22.836325],[75.806486,22.836377],[75.806124,22.83642],[75.80592,22.836439],[75.805634,22.836463],[75.805315,22.836482],[75.805101,22.836501],[75.804949,22.836491],[75.804773,22.836477],[75.80463,22.836468],[75.804482,22.836468],[75.804359,22.836487],[75.804211,22.836501],[75.804096,22.836487],[75.803919,22.836492],[75.803724,22.836506],[75.803624,22.836549],[75.803505,22.836577],[75.803367,22.836587],[75.803244,22.836544],[75.803058,22.836558],[75.802725,22.836563],[75.802544,22.836577],[75.802444,22.836587],[75.80242,22.836616],[75.802401,22.836692],[75.802359,22.836735],[75.802278,22.836768],[75.802168,22.836744],[75.801968,22.836749],[75.801511,22.83682],[75.801093,22.836868],[75.80056,22.836953],[75.800231,22.836977],[75.800027,22.836996],[75.799689,22.836953],[75.799275,22.836949],[75.798575,22.836944],[75.798451,22.836934],[75.798271,22.837001],[75.798104,22.836972],[75.798028,22.836934],[75.797947,22.836853],[75.797628,22.836849],[75.7974,22.836873],[75.796995,22.836911],[75.796657,22.836963],[75.796324,22.837049],[75.796091,22.837106],[75.795982,22.837115],[75.795886,22.837091],[75.795777,22.837077],[75.795634,22.837077],[75.79542,22.837091],[75.795282,22.837096],[75.795111,22.837182],[75.794977,22.837206],[75.794668,22.837239],[75.794492,22.837239],[75.794264,22.83721],[75.79403,22.837168],[75.79395,22.837163],[75.793959,22.837553],[75.793988,22.838157],[75.794083,22.838676],[75.794206,22.839466],[75.79434,22.840194],[75.794388,22.840452],[75.794471,22.840897],[75.79453,22.841213],[75.794601,22.841413],[75.794654,22.841622],[75.794716,22.842683],[75.794792,22.843221],[75.794849,22.843587],[75.794849,22.843768],[75.794846,22.843797],[75.794856,22.843909],[75.794869,22.844053],[75.794919,22.844313],[75.794956,22.844573],[75.794999,22.84483],[75.795029,22.845085],[75.795081,22.845349],[75.795101,22.845458],[75.795138,22.845527],[75.795151,22.845559],[75.795169,22.845602],[75.795221,22.845741],[75.795246,22.845861],[75.795326,22.846116],[75.795336,22.846186],[75.795333,22.846374],[75.795352,22.846525],[75.795366,22.846693],[75.795366,22.846701],[75.795379,22.846852],[75.795431,22.846971],[75.795464,22.847057],[75.795441,22.847161],[75.795393,22.84729],[75.795384,22.847414],[75.795407,22.847575],[75.795479,22.847651],[75.795517,22.847709],[75.795526,22.847804],[75.795526,22.847899],[75.795555,22.84797],[75.795598,22.848066],[75.795645,22.848132],[75.795645,22.848194],[75.795626,22.848294],[75.795598,22.848422],[75.795522,22.848475],[75.795455,22.848489],[75.795355,22.848441],[75.79525,22.848318],[75.794927,22.848089],[75.794812,22.847994],[75.794698,22.847966],[75.794541,22.847937],[75.794398,22.847908],[75.794298,22.847908],[75.794241,22.847927],[75.794213,22.847975],[75.794189,22.848051],[75.79416,22.84808],[75.794127,22.848137],[75.794089,22.848227],[75.794141,22.848318],[75.794232,22.848351],[75.79436,22.848394],[75.794541,22.84848],[75.794722,22.848599],[75.794803,22.848698],[75.794893,22.848794],[75.795046,22.848894],[75.795068,22.848916],[75.79515,22.848998],[75.795165,22.849074],[75.795146,22.84917],[75.795131,22.849241],[75.795117,22.849336],[75.79515,22.849422],[75.795231,22.849498],[75.795374,22.849603],[75.795545,22.849755],[75.795721,22.849917],[75.795798,22.849988],[75.795864,22.850064],[75.795907,22.850131],[75.795978,22.850198],[75.796093,22.850198],[75.796226,22.850131],[75.796316,22.850145],[75.796399,22.849703],[75.797848,22.849774],[75.798376,22.849739],[75.798633,22.849724],[75.798926,22.849703],[75.799183,22.849731],[75.799733,22.849731],[75.800468,22.849731],[75.800811,22.849717],[75.801053,22.849753],[75.801296,22.849774],[75.801689,22.849739],[75.802313,22.849693],[75.802474,22.849681],[75.803095,22.849617],[75.803373,22.849596],[75.80443,22.849517],[75.8059,22.849453],[75.807285,22.849417],[75.808208,22.84936],[75.80896,22.849303],[75.809722,22.849198],[75.810255,22.849037],[75.810283,22.849004],[75.810283,22.849077],[75.810297,22.849338],[75.810302,22.849548],[75.810321,22.850195],[75.810321,22.850433],[75.810335,22.850842],[75.810363,22.85118],[75.810401,22.851418],[75.810411,22.851542],[75.81043,22.85167],[75.81043,22.851737],[75.810406,22.851837],[75.810349,22.851989],[75.810349,22.852075],[75.810368,22.852122],[75.810463,22.85208],[75.810492,22.852156],[75.810563,22.85226],[75.810649,22.852356],[75.810754,22.852413],[75.810844,22.852465],[75.810934,22.852527],[75.811063,22.852741],[75.811258,22.853065],[75.811334,22.853165],[75.811444,22.853298],[75.811577,22.853555],[75.811682,22.853731],[75.811758,22.853888],[75.811872,22.854102],[75.81201,22.854321],[75.812257,22.854645],[75.8126,22.855097],[75.812971,22.855663],[75.813233,22.856049],[75.813514,22.856496],[75.813619,22.856515],[75.813814,22.856524],[75.813975,22.856524],[75.814199,22.856572],[75.814642,22.856572],[75.815184,22.856563],[75.815746,22.856553],[75.816217,22.856543],[75.816265,22.856679],[75.816389,22.857334],[75.816538,22.857995],[75.816688,22.858661],[75.81684,22.859312],[75.816959,22.859553],[75.817064,22.859767],[75.817152,22.859946],[75.817485,22.86061],[75.817509,22.860662],[75.817605,22.860781],[75.817822,22.861193],[75.81786,22.86129],[75.81805,22.861676],[75.818191,22.861946],[75.81847,22.862482],[75.818502,22.862544],[75.818536,22.862608],[75.818713,22.862951],[75.818774,22.863001],[75.818804,22.863043],[75.818859,22.863158],[75.818866,22.863174],[75.81892,22.863312],[75.819033,22.863574],[75.819068,22.863661],[75.819114,22.863788],[75.819211,22.86409],[75.819227,22.864142],[75.819245,22.864202],[75.819352,22.864453],[75.819441,22.864678],[75.819529,22.864918],[75.81954,22.864949],[75.819585,22.865152],[75.819635,22.865372],[75.819715,22.865714],[75.819854,22.866087],[75.819964,22.866482],[75.820005,22.866725],[75.819936,22.866739],[75.819261,22.866901],[75.818518,22.867115],[75.817371,22.867449],[75.816972,22.867534],[75.816648,22.867563],[75.816196,22.867615],[75.815901,22.867663],[75.815258,22.86781],[75.815035,22.867882],[75.814911,22.867934],[75.814744,22.867967],[75.814625,22.867986],[75.814383,22.868058],[75.814116,22.86812],[75.813831,22.868196],[75.813626,22.868267],[75.813559,22.868291],[75.813507,22.8683],[75.813355,22.868305],[75.813064,22.868381],[75.812812,22.868486],[75.811808,22.868871],[75.811648,22.868993],[75.811759,22.869076],[75.811873,22.86919],[75.811973,22.869305],[75.812087,22.869381],[75.812206,22.869457],[75.812321,22.869547],[75.812387,22.869628],[75.812435,22.869733],[75.812473,22.869842],[75.812535,22.869999],[75.81262,22.870199],[75.812677,22.870333],[75.81273,22.870528],[75.812801,22.870642],[75.812934,22.870799],[75.813025,22.870927],[75.813087,22.871046],[75.813282,22.871232],[75.813425,22.871337],[75.813505,22.871413],[75.813696,22.871503],[75.813867,22.871537],[75.814077,22.871541],[75.814295,22.871594],[75.81441,22.871641],[75.814552,22.871651],[75.814633,22.871684],[75.814752,22.871765],[75.814876,22.87186],[75.815014,22.871912],[75.815152,22.872008],[75.815357,22.872122],[75.815547,22.872293],[75.815666,22.872388],[75.815709,22.87246],[75.815747,22.872579],[75.815747,22.872741],[75.815728,22.872836],[75.815704,22.872921],[75.815642,22.873012],[75.815542,22.873069],[75.815461,22.873116],[75.815361,22.873183],[75.81529,22.873316],[75.815195,22.873427],[75.815166,22.873459],[75.815052,22.873554],[75.814924,22.87363],[75.814738,22.873716],[75.814614,22.873783],[75.814486,22.87384],[75.814324,22.873925],[75.814224,22.873983],[75.814119,22.87403],[75.813972,22.874097],[75.813877,22.874182],[75.813772,22.874311],[75.813743,22.87443],[75.813762,22.874635],[75.813758,22.874801],[75.813753,22.874958],[75.813758,22.875168],[75.813772,22.875353],[75.813791,22.875491],[75.813815,22.875586],[75.813848,22.875734],[75.813862,22.875853],[75.813872,22.875948],[75.813834,22.876067],[75.813782,22.876213],[75.813718,22.876329],[75.813651,22.876433],[75.813613,22.876519],[75.81357,22.876595],[75.813561,22.876671],[75.813532,22.8768],[75.813537,22.876909],[75.81357,22.877009],[75.813613,22.877109],[75.813646,22.877214],[75.812728,22.877452],[75.812547,22.877423],[75.812404,22.877414],[75.812309,22.877461],[75.812181,22.877495],[75.81199,22.877552],[75.811852,22.877566],[75.811648,22.877628],[75.811519,22.877695],[75.811386,22.877723],[75.811229,22.877714],[75.811096,22.877709],[75.81101,22.877747],[75.81072,22.877794],[75.810301,22.877871],[75.809939,22.877942],[75.809868,22.877909],[75.809787,22.877918],[75.809149,22.87798],[75.808878,22.878023],[75.808569,22.878075],[75.807969,22.878161],[75.807527,22.878218],[75.806998,22.878332],[75.806622,22.878394],[75.806311,22.878428],[75.806227,22.878437],[75.806018,22.878446],[75.805948,22.878367],[75.805948,22.878253],[75.805927,22.87816],[75.805834,22.878189],[75.805727,22.878231],[75.805598,22.878246],[75.805427,22.878239],[75.80527,22.878239],[75.805063,22.878253],[75.80482,22.87826],[75.804578,22.878296],[75.804399,22.878331],[75.804149,22.878367],[75.803685,22.878374],[75.803364,22.87841],[75.803243,22.878403],[75.803043,22.878446],[75.8027,22.878496],[75.802372,22.87851],[75.802051,22.878567],[75.801722,22.878624],[75.801225,22.878776],[75.801009,22.878821],[75.80052,22.878924],[75.800366,22.878957],[75.80024,22.878985],[75.800162,22.87902],[75.800134,22.879063],[75.800129,22.879148],[75.800114,22.879291],[75.800129,22.879415],[75.800195,22.879572],[75.800219,22.879686],[75.800219,22.87981],[75.800191,22.87991],[75.800081,22.879981],[75.799777,22.88001],[75.799443,22.880091],[75.799034,22.8801],[75.798611,22.880148],[75.798187,22.880195],[75.797892,22.880205],[75.797649,22.880186],[75.797416,22.880205],[75.797054,22.880224],[75.796907,22.88021],[75.796869,22.880024],[75.796874,22.879743],[75.796859,22.879591],[75.796817,22.879486],[75.796731,22.879453],[75.796512,22.879429],[75.796307,22.879415],[75.796188,22.879382],[75.796103,22.879339],[75.795979,22.879296],[75.795798,22.879272],[75.795622,22.879248],[75.795451,22.879258],[75.795203,22.879286],[75.794951,22.87932],[75.79457,22.879291],[75.794085,22.879272],[75.793561,22.879253],[75.793224,22.87922],[75.792886,22.879182],[75.792643,22.879172],[75.792319,22.879134],[75.792053,22.879082],[75.791748,22.879025],[75.791596,22.878972],[75.791406,22.878901],[75.791344,22.87891],[75.791239,22.878929],[75.79113,22.878939],[75.790935,22.878915],[75.790525,22.878872],[75.790026,22.878801],[75.789745,22.878782],[75.78964,22.878782],[75.789564,22.878806],[75.789502,22.878806],[75.789421,22.878768],[75.788917,22.878639],[75.788327,22.878587],[75.787932,22.878544],[75.787608,22.878482],[75.787499,22.878482],[75.787284,22.87842],[75.786851,22.878368],[75.786528,22.87833],[75.786228,22.878254],[75.786095,22.878201],[75.785862,22.878125],[75.785776,22.878078],[75.785666,22.878006],[75.785471,22.877868],[75.785281,22.877735],[75.785176,22.877687],[75.784943,22.877626],[75.784829,22.877573],[75.784658,22.877464],[75.784415,22.877335],[75.78422,22.877207],[75.784029,22.877154],[75.783763,22.877083],[75.783506,22.877045],[75.783273,22.876964],[75.782982,22.876864],[75.782711,22.876807],[75.782254,22.876769],[75.781821,22.876693],[75.78155,22.87665],[75.781307,22.876617],[75.781174,22.876555],[75.78112,22.876526],[75.780865,22.876388],[75.7807,22.876323],[75.780635,22.876296],[75.780579,22.876274],[75.780322,22.876203],[75.780141,22.87615],[75.779979,22.876122],[75.779908,22.87606],[75.779851,22.875936],[75.779661,22.875517],[75.779308,22.87477],[75.779132,22.874437],[75.779047,22.87428],[75.778937,22.874194],[75.778728,22.874042],[75.778657,22.873895],[75.778404,22.873442],[75.778214,22.8731],[75.778038,22.872905],[75.77789,22.872719],[75.777671,22.872591],[75.77751,22.872505],[75.777224,22.87241],[75.776529,22.87221],[75.775977,22.872081],[75.775516,22.871858],[75.775087,22.87162],[75.774088,22.870992],[75.77296,22.870149],[75.772232,22.869607],[75.771785,22.869274],[75.771352,22.869007],[75.770033,22.868246],[75.769367,22.867775],[75.768891,22.867318],[75.768801,22.867246],[75.768625,22.86718],[75.768587,22.867165],[75.768582,22.866866],[75.768539,22.866647],[75.768463,22.866347],[75.768372,22.866118],[75.768287,22.866],[75.768144,22.865871],[75.767987,22.865757],[75.767916,22.865633],[75.767873,22.865481],[75.76721,22.865502],[75.76672,22.865445],[75.766505,22.865427],[75.76633,22.86541],[75.765909,22.86534],[75.765424,22.865252],[75.765391,22.865247],[75.764755,22.865146],[75.764236,22.865079],[75.763644,22.865041],[75.763502,22.865002],[75.763108,22.864894],[75.763038,22.864875],[75.763021,22.86487],[75.76252,22.864196],[75.762044,22.86366],[75.761461,22.863107],[75.760926,22.862756],[75.7606,22.862608],[75.760426,22.862562],[75.760252,22.862515],[75.759909,22.862422],[75.75932,22.861951],[75.759315,22.861947],[75.758466,22.861961],[75.758189,22.861958],[75.758183,22.861958],[75.757514,22.861963],[75.757363,22.863464],[75.757284,22.864827],[75.75737,22.86587],[75.757634,22.868861],[75.757623,22.869003],[75.757603,22.869147],[75.757581,22.869291],[75.757559,22.869436],[75.757532,22.86958],[75.757512,22.869725],[75.757494,22.86987],[75.757469,22.870015],[75.757424,22.870155],[75.757372,22.870295],[75.757304,22.870437],[75.75723,22.870579],[75.757211,22.870615],[75.757149,22.870719],[75.757129,22.870755],[75.757074,22.870863],[75.757044,22.870911],[75.756997,22.871007],[75.756952,22.871154],[75.756902,22.871301],[75.756852,22.871448],[75.756799,22.871594],[75.756749,22.871741],[75.756695,22.871887],[75.756635,22.872034],[75.756577,22.872176],[75.756468,22.872457],[75.756422,22.872576],[75.756389,22.872673],[75.756355,22.87277],[75.756323,22.872869],[75.756275,22.872966],[75.756228,22.873065],[75.756175,22.873163],[75.756123,22.873259],[75.756015,22.873785],[75.756003,22.873844],[75.755896,22.874364],[75.756231,22.874517],[75.756299,22.874807],[75.755978,22.875689],[75.755483,22.877262],[75.75474,22.878794],[75.754536,22.879188],[75.753908,22.880405],[75.753248,22.881602],[75.752747,22.882786],[75.752482,22.883868],[75.752235,22.884658],[75.751873,22.885552],[75.751426,22.886599],[75.751207,22.887123],[75.750893,22.887818],[75.750464,22.888827],[75.750069,22.88971],[75.75002,22.889819],[75.749893,22.890102],[75.749379,22.891244],[75.749522,22.891368],[75.749379,22.891825],[75.749341,22.89211],[75.749341,22.892415],[75.749408,22.893119],[75.749713,22.895032],[75.749893,22.896441],[75.750122,22.897869],[75.750207,22.898782],[75.750293,22.90001],[75.750388,22.901619],[75.750489,22.901823],[75.750503,22.902249],[75.750561,22.902665],[75.750616,22.903083],[75.750662,22.903495],[75.750671,22.903915],[75.750668,22.904175],[75.750689,22.904628],[75.750726,22.904957],[75.750756,22.905104],[75.750755,22.905384],[75.750737,22.90554],[75.750744,22.90572],[75.750767,22.905787],[75.750759,22.905845],[75.750855,22.905915],[75.750972,22.905969],[75.751131,22.906052],[75.75137,22.906151],[75.751807,22.906361],[75.751886,22.906391],[75.751935,22.906442],[75.752082,22.906532],[75.752169,22.906553],[75.752584,22.906744],[75.752803,22.906805],[75.752933,22.906868],[75.753502,22.907143],[75.753685,22.907213],[75.75413,22.907357],[75.754352,22.907434],[75.754384,22.907478],[75.754388,22.907485],[75.754618,22.907606],[75.754947,22.907845],[75.755295,22.907959],[75.755416,22.908014],[75.756201,22.908274],[75.756723,22.908345],[75.757283,22.908403],[75.757899,22.908438],[75.758087,22.908467],[75.758437,22.908495],[75.759224,22.90855],[75.759565,22.908564],[75.760566,22.908596],[75.760665,22.908607],[75.761551,22.90861],[75.761615,22.908803],[75.761574,22.909136],[75.761524,22.909468],[75.76148,22.909802],[75.761436,22.910136],[75.761385,22.91047],[75.76134,22.910804],[75.761296,22.911137],[75.761276,22.911471],[75.761237,22.911802],[75.761219,22.912135],[75.761202,22.912467],[75.761171,22.912797],[75.761151,22.913128],[75.761128,22.913457],[75.761108,22.913681],[75.761105,22.913843],[75.761129,22.914328],[75.761115,22.914658],[75.761101,22.914967],[75.761062,22.915601],[75.761059,22.916238],[75.761041,22.916628],[75.76104,22.916874],[75.761026,22.917523],[75.761025,22.918109],[75.761025,22.918173],[75.761021,22.918802],[75.761021,22.918812],[75.761004,22.919441],[75.760988,22.919798],[75.760979,22.919947],[75.760955,22.920354],[75.760843,22.920344],[75.760253,22.920287],[75.759715,22.920196],[75.759558,22.920187],[75.759493,22.920226],[75.759392,22.920268],[75.759344,22.920268],[75.759258,22.920263],[75.75912,22.92022],[75.759016,22.920215],[75.758725,22.920177],[75.758302,22.920125],[75.758092,22.920106],[75.757888,22.920106],[75.75775,22.920101],[75.757564,22.920092],[75.757415,22.920058],[75.757298,22.920011],[75.757222,22.919987],[75.756974,22.919958],[75.756428,22.919914],[75.756242,22.919905],[75.756016,22.919887],[75.755723,22.919863],[75.755367,22.919846],[75.75509,22.919806],[75.754694,22.919783],[75.754391,22.919799],[75.754159,22.919831],[75.753735,22.919884],[75.75307,22.919922],[75.752003,22.920052],[75.751267,22.920133],[75.750924,22.920201],[75.749818,22.920465],[75.748927,22.920706],[75.748192,22.920819],[75.747914,22.920836],[75.747654,22.920822],[75.747371,22.920806],[75.746375,22.920777],[75.746025,22.92074],[75.745475,22.920653],[75.744989,22.920606],[75.744737,22.92061],[75.744029,22.920655],[75.743848,22.92065],[75.743749,22.920644],[75.743145,22.920612],[75.743143,22.920611],[75.743031,22.920546],[75.74254,22.920313],[75.742502,22.920299],[75.742441,22.920276],[75.742354,22.920244],[75.742067,22.920154],[75.741302,22.919923],[75.741284,22.919729],[75.740976,22.919551],[75.740962,22.919426],[75.74094,22.919094],[75.740925,22.919093],[75.740904,22.919091],[75.7406,22.919069],[75.740157,22.919026],[75.739268,22.918639],[75.739155,22.91859],[75.738694,22.918388],[75.738189,22.918157],[75.738004,22.918072],[75.737836,22.917998],[75.737061,22.917645],[75.73698,22.917608],[75.736339,22.917316],[75.736124,22.917218],[75.735297,22.916859],[75.735163,22.916799],[75.734557,22.916526],[75.734472,22.916488],[75.734144,22.916336],[75.734053,22.916295],[75.73369,22.91613],[75.733331,22.915968],[75.732924,22.915783],[75.732846,22.915745],[75.732544,22.915599],[75.732164,22.915421],[75.731754,22.915228],[75.731665,22.915183],[75.731392,22.915045],[75.730906,22.914832],[75.730616,22.914705],[75.729981,22.91442],[75.729843,22.914358],[75.729379,22.914154],[75.729194,22.914062],[75.729066,22.913998],[75.728435,22.913697],[75.728293,22.91363],[75.727611,22.913318],[75.727514,22.913274],[75.727422,22.91323],[75.727107,22.913082],[75.726723,22.912888],[75.725952,22.912538],[75.725177,22.912204],[75.724718,22.911981],[75.724354,22.911816],[75.723858,22.911577],[75.723496,22.911414],[75.723077,22.911209],[75.722757,22.911139],[75.722654,22.911123],[75.722459,22.911093],[75.722251,22.911049],[75.72207,22.911013],[75.721687,22.910939],[75.721299,22.910862],[75.720984,22.910791],[75.720857,22.91076],[75.720645,22.910687],[75.720467,22.910587],[75.720295,22.910481],[75.72011,22.91037],[75.71992,22.910278],[75.719552,22.910085],[75.719285,22.909961],[75.719165,22.909889],[75.71889,22.909776],[75.718775,22.909762],[75.718473,22.909722],[75.718386,22.90972],[75.718065,22.909682],[75.717965,22.909669],[75.717755,22.909647],[75.71761,22.909632],[75.71769,22.908757],[75.717695,22.908599],[75.717704,22.908378],[75.717708,22.908208],[75.717703,22.908118],[75.717812,22.907917],[75.717844,22.907685],[75.717866,22.907585],[75.717873,22.907349],[75.71789,22.907201],[75.717886,22.907069],[75.717877,22.906808],[75.717877,22.906788],[75.71787,22.906505],[75.717871,22.906381],[75.717874,22.906228],[75.717882,22.906078],[75.717885,22.905949],[75.717896,22.905755],[75.717906,22.905655],[75.717908,22.905634],[75.717928,22.905374],[75.717935,22.90529],[75.717943,22.904958],[75.717974,22.904575],[75.717973,22.904519],[75.717967,22.904484],[75.717949,22.904438],[75.717959,22.904329],[75.71802,22.90399],[75.718082,22.903652],[75.718154,22.903261],[75.71816,22.903226],[75.718186,22.903019],[75.718208,22.902689],[75.718223,22.902357],[75.718243,22.901982],[75.71825,22.901913],[75.718251,22.901804],[75.7183,22.901803],[75.718336,22.901801],[75.718385,22.901791],[75.718414,22.901774],[75.718435,22.901762],[75.71844,22.901755],[75.718442,22.901748],[75.718442,22.901734],[75.718437,22.901719],[75.718427,22.901707],[75.718373,22.901669],[75.718348,22.901647],[75.718325,22.901624],[75.718277,22.901567],[75.718251,22.901539],[75.718233,22.901517],[75.718201,22.901462],[75.718185,22.901422],[75.718164,22.901359],[75.718157,22.901324],[75.718157,22.901301],[75.718159,22.901253],[75.718165,22.901222],[75.718177,22.901185],[75.718197,22.901148],[75.718208,22.901129],[75.718228,22.901107],[75.718259,22.901077],[75.71831,22.901041],[75.718347,22.90102],[75.718389,22.900998],[75.718426,22.90098],[75.718429,22.900978],[75.718452,22.90097],[75.718488,22.900955],[75.718541,22.900941],[75.718559,22.900934],[75.718577,22.900924],[75.718604,22.900913],[75.718644,22.900902],[75.718651,22.90079],[75.718653,22.90076],[75.718656,22.900713],[75.718613,22.900045],[75.718646,22.899645],[75.718689,22.899369],[75.718732,22.899074],[75.718772,22.898803],[75.718832,22.898394],[75.718884,22.897756],[75.718903,22.897166],[75.718922,22.896847],[75.718984,22.896452],[75.719046,22.896057],[75.719189,22.895096],[75.719303,22.894325],[75.719384,22.893896],[75.719465,22.893221],[75.719712,22.891926],[75.719793,22.890984],[75.719755,22.890679],[75.719826,22.889756],[75.719718,22.889757],[75.718511,22.889701],[75.71757,22.889656],[75.716555,22.889614],[75.716343,22.889606],[75.716322,22.889554],[75.716295,22.889489],[75.716208,22.8889],[75.716127,22.888244],[75.716049,22.887768],[75.71599,22.887342],[75.715902,22.886828],[75.715876,22.886681],[75.715819,22.886298],[75.715735,22.885841],[75.71575,22.885762],[75.715652,22.884993],[75.715626,22.884717],[75.715618,22.884628],[75.715588,22.884308],[75.715528,22.883735],[75.715524,22.883636],[75.715475,22.883326],[75.715473,22.883311],[75.715321,22.882669],[75.715174,22.882033],[75.715058,22.881534],[75.714963,22.881147],[75.714937,22.88108],[75.714865,22.880891],[75.714816,22.880736],[75.714741,22.880517],[75.7147,22.880368],[75.714678,22.880193],[75.714611,22.880122],[75.714577,22.880073],[75.71454,22.880048],[75.714491,22.879997],[75.714455,22.879955],[75.714383,22.879558],[75.714293,22.878989],[75.714212,22.878551],[75.714188,22.878434],[75.714115,22.87804],[75.714108,22.877948],[75.714042,22.877652],[75.714017,22.877589],[75.713996,22.877554],[75.713957,22.877488],[75.713776,22.877189],[75.71366,22.876994],[75.713631,22.876962],[75.713581,22.876869],[75.713456,22.876692],[75.713382,22.876597],[75.713343,22.876555],[75.713294,22.876472],[75.713161,22.876297],[75.713152,22.876273],[75.713127,22.876247],[75.713036,22.876093],[75.712936,22.875903],[75.712874,22.875801],[75.712848,22.875751],[75.712829,22.875723],[75.7128,22.87566],[75.712771,22.875571],[75.712733,22.875474],[75.712696,22.875376],[75.712657,22.875278],[75.712571,22.875057],[75.712552,22.875011],[75.712529,22.874985],[75.712458,22.87493],[75.712435,22.874906],[75.712396,22.874786],[75.712286,22.874452],[75.712198,22.874208],[75.712102,22.873965],[75.712062,22.873871],[75.712025,22.873784],[75.711995,22.873745],[75.711986,22.873684],[75.711872,22.87331],[75.711823,22.873161],[75.711802,22.873126],[75.711745,22.873007],[75.711678,22.872891],[75.71161,22.872775],[75.711547,22.872656],[75.711475,22.872534],[75.711403,22.872415],[75.711335,22.872295],[75.711268,22.872175],[75.711203,22.872062],[75.711138,22.871945],[75.711068,22.871826],[75.711049,22.871789],[75.710871,22.871788],[75.710794,22.871791],[75.71077,22.871786],[75.710711,22.871669],[75.710642,22.871533],[75.710613,22.871489],[75.710521,22.871411],[75.710455,22.871345],[75.710428,22.871323],[75.710338,22.871295],[75.710219,22.871272],[75.710134,22.871045],[75.709977,22.870817],[75.709886,22.87065],[75.709777,22.870584],[75.709377,22.870512],[75.70873,22.870393],[75.708187,22.870217],[75.707283,22.869898],[75.706788,22.869718],[75.706365,22.869451],[75.706462,22.87026],[75.706464,22.870275],[75.706512,22.870674],[75.705137,22.870926],[75.704547,22.871079],[75.70359,22.871464],[75.702524,22.87184],[75.701591,22.872002],[75.70072,22.872311],[75.699878,22.872554],[75.699126,22.872682],[75.698412,22.872778],[75.697304,22.873035],[75.696499,22.873144],[75.695938,22.873272],[75.695091,22.873425],[75.694777,22.873463],[75.694044,22.873549],[75.693311,22.873725],[75.69302,22.87382],[75.692797,22.873867],[75.692673,22.873891],[75.692545,22.873891],[75.69244,22.873915],[75.69234,22.873953],[75.692283,22.873967],[75.692231,22.873958],[75.692183,22.873891],[75.692107,22.873853],[75.692057,22.873853],[75.691997,22.873853],[75.691883,22.873867],[75.691807,22.873915],[75.691755,22.87402],[75.691746,22.874101],[75.691607,22.874206],[75.691514,22.874263],[75.691443,22.874392],[75.691385,22.874534],[75.691286,22.874699],[75.691271,22.874777],[75.6912,22.874777],[75.69115,22.874741],[75.691079,22.874684],[75.691021,22.874627],[75.690986,22.874563],[75.6909,22.87457],[75.690722,22.874634],[75.690572,22.874677],[75.690379,22.874741],[75.690315,22.874813],[75.690243,22.87492],[75.690143,22.874984],[75.690065,22.874984],[75.689979,22.874984],[75.689851,22.874984],[75.689744,22.875063],[75.689608,22.875134],[75.689508,22.875212],[75.689387,22.87527],[75.689258,22.875234],[75.689115,22.875205],[75.68898,22.875241],[75.688809,22.875287],[75.688832,22.875544],[75.688872,22.876032],[75.68901,22.877754],[75.688915,22.877897],[75.688773,22.878087],[75.68863,22.87822],[75.688468,22.878354],[75.688449,22.878449],[75.688449,22.878553],[75.688477,22.878753],[75.688535,22.878867],[75.688715,22.878867],[75.68883,22.878867],[75.688982,22.878896],[75.68902,22.878944],[75.689077,22.87902],[75.689239,22.879029],[75.689363,22.87901],[75.689467,22.878944],[75.689524,22.878772],[75.689591,22.878591],[75.689639,22.878496],[75.689734,22.878392],[75.689877,22.878392],[75.690086,22.878392],[75.6902,22.878487],[75.690324,22.878591],[75.690343,22.878696],[75.690276,22.878839],[75.69021,22.878953],[75.690076,22.879048],[75.689905,22.879201],[75.6898,22.879372],[75.6898,22.879534],[75.6898,22.879629],[75.689762,22.87981],[75.689667,22.879943],[75.689572,22.880105],[75.689505,22.8802],[75.689401,22.88039],[75.68942,22.880543],[75.689505,22.880685],[75.689572,22.880781],[75.689648,22.880952],[75.689629,22.881237],[75.689696,22.88138],[75.689858,22.881504],[75.690019,22.881618],[75.690514,22.882104],[75.690943,22.882408],[75.691114,22.88276],[75.691133,22.883103],[75.691047,22.883436],[75.690809,22.883788],[75.690419,22.884283],[75.689924,22.884816],[75.689563,22.885092],[75.689554,22.885095],[75.688944,22.88533],[75.688335,22.885568],[75.687526,22.885816],[75.687116,22.885977],[75.686774,22.886225],[75.686555,22.886615],[75.686365,22.887072],[75.686184,22.887434],[75.686089,22.887847],[75.686017,22.888161],[75.685974,22.888447],[75.686003,22.888832],[75.686031,22.889175],[75.686031,22.889489],[75.68596,22.889903],[75.685917,22.89016],[75.685832,22.890502],[75.685674,22.890888],[75.685517,22.891231],[75.685403,22.891587],[75.685203,22.891873],[75.685018,22.892187],[75.684789,22.892501],[75.684547,22.892687],[75.684318,22.892901],[75.683976,22.893144],[75.683633,22.893415],[75.683176,22.893715],[75.682791,22.8939],[75.682448,22.8941],[75.682091,22.894286],[75.68182,22.894543],[75.681591,22.894757],[75.681363,22.895085],[75.681271,22.895238],[75.681106,22.895514],[75.680877,22.895999],[75.680863,22.896427],[75.680863,22.896856],[75.68092,22.897241],[75.68102,22.897584],[75.681049,22.897926],[75.68102,22.898212],[75.68102,22.898626],[75.680935,22.899068],[75.680906,22.899425],[75.680877,22.899668],[75.680778,22.899982],[75.680649,22.900368],[75.680506,22.900782],[75.680364,22.901353],[75.680249,22.90181],[75.680149,22.902081],[75.680078,22.902538],[75.680049,22.902809],[75.680049,22.903095],[75.680107,22.903437],[75.680206,22.903766],[75.680349,22.903937],[75.680578,22.904194],[75.680806,22.904351],[75.681149,22.904565],[75.681463,22.904751],[75.681777,22.904893],[75.682162,22.905108],[75.682362,22.905279],[75.682619,22.905536],[75.682805,22.905707],[75.682837,22.90579],[75.682876,22.905893],[75.682919,22.906235],[75.682962,22.906949],[75.682919,22.907577],[75.682833,22.908434],[75.682817,22.908592],[75.682776,22.908991],[75.682719,22.909319],[75.682519,22.90979],[75.682262,22.910133],[75.681963,22.910433],[75.681634,22.910918],[75.68122,22.911361],[75.681077,22.911732],[75.680749,22.912389],[75.680478,22.913274],[75.680278,22.913831],[75.680249,22.914245],[75.680249,22.914873],[75.680321,22.915158],[75.680478,22.91563],[75.680592,22.916044],[75.680892,22.916372],[75.68132,22.916943],[75.681677,22.917386],[75.681759,22.917496],[75.68195,22.917754],[75.682005,22.917828],[75.682448,22.918185],[75.682819,22.918542],[75.683219,22.918885],[75.683476,22.919184],[75.683676,22.919527],[75.683804,22.919827],[75.683904,22.92017],[75.683861,22.920469],[75.68383,22.920627],[75.683819,22.920679],[75.68379,22.920826],[75.683619,22.920983],[75.683319,22.921055],[75.683033,22.921055],[75.682691,22.920983],[75.682334,22.920926],[75.682048,22.920955],[75.681691,22.921012],[75.680963,22.921126],[75.680463,22.921255],[75.67995,22.92144],[75.679564,22.921554],[75.679164,22.921697],[75.678922,22.921797],[75.678722,22.921968],[75.678579,22.922197],[75.678465,22.92244],[75.678408,22.922654],[75.67845,22.922825],[75.678536,22.923039],[75.678736,22.923296],[75.679079,22.923567],[75.679493,22.923967],[75.679992,22.924196],[75.680378,22.92441],[75.680877,22.924809],[75.681263,22.925295],[75.681534,22.925852],[75.681805,22.926394],[75.681863,22.92678],[75.681891,22.927165],[75.681877,22.927679],[75.681848,22.928022],[75.68182,22.928307],[75.681687,22.928733],[75.68162,22.92895],[75.681477,22.929435],[75.68122,22.929821],[75.681177,22.930106],[75.681149,22.93052],[75.681063,22.93112],[75.681035,22.93152],[75.680935,22.932005],[75.68082,22.93239],[75.680706,22.932705],[75.680549,22.933047],[75.680221,22.933433],[75.679792,22.933675],[75.679436,22.933932],[75.678864,22.934075],[75.678308,22.934275],[75.677694,22.934575],[75.677323,22.934789],[75.67698,22.93506],[75.676552,22.93536],[75.676266,22.935631],[75.675852,22.936017],[75.675438,22.936145],[75.674867,22.936217],[75.674353,22.936217],[75.673953,22.936202],[75.673696,22.936131],[75.673382,22.935917],[75.673197,22.935731],[75.672768,22.935232],[75.672568,22.934989],[75.672226,22.934589],[75.672012,22.934475],[75.671412,22.934189],[75.670955,22.934132],[75.670698,22.934161],[75.670327,22.934232],[75.670056,22.934361],[75.669842,22.934503],[75.669685,22.934718],[75.669613,22.934932],[75.669585,22.935431],[75.669599,22.935788],[75.66987,22.936388],[75.670056,22.936688],[75.670198,22.937173],[75.670398,22.937687],[75.670513,22.937839],[75.67067,22.938044],[75.670869,22.938258],[75.671355,22.938444],[75.671883,22.938601],[75.672297,22.938758],[75.672711,22.938858],[75.673197,22.939172],[75.673439,22.9394],[75.673653,22.939643],[75.673696,22.939737],[75.673782,22.939929],[75.673425,22.940528],[75.673111,22.940971],[75.672783,22.941313],[75.672354,22.941513],[75.671897,22.941699],[75.671398,22.942013],[75.670927,22.942413],[75.670441,22.943098],[75.669842,22.943683],[75.669787,22.943746],[75.669751,22.943787],[75.669556,22.944012],[75.669156,22.944668],[75.668942,22.945125],[75.668714,22.945711],[75.668442,22.946425],[75.668257,22.94691],[75.6681,22.947881],[75.668143,22.94838],[75.6683,22.94888],[75.668314,22.949308],[75.668314,22.949637],[75.668285,22.949951],[75.668243,22.950179],[75.668114,22.95055],[75.667914,22.950907],[75.667795,22.951026],[75.667586,22.951236],[75.667286,22.951578],[75.666772,22.952135],[75.66593,22.952763],[75.665073,22.953377],[75.664531,22.953677],[75.664236,22.953763],[75.664188,22.953777],[75.663703,22.954077],[75.663231,22.954362],[75.662846,22.954648],[75.662518,22.954919],[75.662289,22.955276],[75.662289,22.955662],[75.662303,22.955976],[75.662403,22.956518],[75.662589,22.957089],[75.662546,22.957589],[75.662389,22.957974],[75.662246,22.958246],[75.661918,22.958631],[75.661561,22.958902],[75.661218,22.959216],[75.661004,22.959445],[75.660904,22.959716],[75.660833,22.960059],[75.660876,22.960359],[75.661061,22.960601],[75.661304,22.960701],[75.661675,22.960801],[75.661989,22.960958],[75.662303,22.96113],[75.662889,22.961686],[75.663154,22.96202],[75.663331,22.962243],[75.663546,22.962729],[75.663603,22.963271],[75.663591,22.963568],[75.663588,22.963642],[75.663563,22.963822],[75.663531,22.964042],[75.663388,22.964456],[75.663174,22.964799],[75.66296,22.965056],[75.662603,22.96517],[75.662232,22.965227],[75.661647,22.965113],[75.660847,22.964699],[75.660462,22.96447],[75.660019,22.964185],[75.659505,22.963942],[75.659105,22.963856],[75.658663,22.963785],[75.65822,22.963771],[75.657878,22.963771],[75.657621,22.963885],[75.657378,22.964156],[75.657178,22.964542],[75.656978,22.965099],[75.656964,22.96547],[75.657135,22.965841],[75.657349,22.966084],[75.657821,22.966412],[75.658449,22.966826],[75.658806,22.96724],[75.659248,22.967811],[75.659834,22.968325],[75.660305,22.968782],[75.660647,22.969239],[75.660804,22.969553],[75.660804,22.969924],[75.660762,22.970224],[75.660576,22.970552],[75.660248,22.970938],[75.659962,22.971252],[75.659377,22.971851],[75.659048,22.972166],[75.658834,22.972365],[75.658763,22.972565],[75.658763,22.972965],[75.65892,22.973222],[75.65912,22.973393],[75.659448,22.973636],[75.660019,22.973922],[75.660576,22.974164],[75.660762,22.974278],[75.66099,22.974493],[75.661178,22.974628],[75.661247,22.974678],[75.661333,22.974907],[75.661319,22.975175],[75.661318,22.975192],[75.661242,22.9753],[75.661147,22.975435],[75.66099,22.975749],[75.660885,22.975959],[75.660876,22.975977],[75.660562,22.976548],[75.660434,22.976777],[75.660352,22.976922],[75.660351,22.976924],[75.660233,22.977134],[75.660084,22.977467],[75.65934,22.978491],[75.658716,22.979351],[75.658449,22.979795],[75.658308,22.980065],[75.657907,22.980984],[75.657827,22.981356],[75.657779,22.981767],[75.657798,22.981994],[75.657818,22.982222],[75.65788,22.982588],[75.657892,22.982759],[75.657938,22.9834],[75.657963,22.983744],[75.657935,22.984344],[75.657853,22.984957],[75.657785,22.98533],[75.657767,22.985434],[75.657806,22.985565],[75.657908,22.985889],[75.65792,22.985957],[75.657944,22.986259],[75.657943,22.986582],[75.657966,22.986689],[75.657976,22.986727],[75.658066,22.986895],[75.658213,22.987113],[75.658534,22.987563],[75.658618,22.988165],[75.658693,22.988665],[75.658985,22.988645],[75.659153,22.988946],[75.659228,22.98908],[75.659473,22.989519],[75.659515,22.989613],[75.659635,22.989941],[75.659734,22.990416],[75.659735,22.990482],[75.659752,22.990757],[75.659783,22.991219],[75.65979,22.991325],[75.659794,22.99137],[75.659725,22.991561],[75.659704,22.991627],[75.659635,22.991763],[75.659596,22.991856],[75.659538,22.991995],[75.65944,22.992132],[75.65903,22.992489],[75.658237,22.99291],[75.657646,22.993007],[75.657049,22.993012],[75.656537,22.993108],[75.656026,22.993274],[75.655157,22.993899],[75.654953,22.994143],[75.654694,22.994452],[75.654628,22.994555],[75.654206,22.995219],[75.653702,22.995977],[75.652547,22.996816],[75.652075,22.997058],[75.651053,22.997583],[75.650368,22.997935],[75.649354,22.998506],[75.649285,22.998654],[75.64924,22.998848],[75.64924,22.998973],[75.649328,22.999336],[75.649405,22.999526],[75.649625,22.99977],[75.649821,22.999937],[75.650047,23.000008],[75.650337,23.000042],[75.650889,22.999953],[75.651233,22.999952],[75.651496,23.000013],[75.651999,23.000264],[75.652995,23.00099],[75.653395,23.001319],[75.654023,23.001733],[75.654508,23.002118],[75.654592,23.002207],[75.654682,23.002462],[75.654662,23.002666],[75.654581,23.002936],[75.654373,23.003244],[75.654129,23.003411],[75.654121,23.003417],[75.653975,23.003497],[75.653127,23.003711],[75.652283,23.003772],[75.651578,23.003682],[75.651297,23.003599],[75.650776,23.003355],[75.650162,23.002909],[75.649996,23.002827],[75.649756,23.002793],[75.649524,23.002813],[75.649212,23.00306],[75.648961,23.003311],[75.648788,23.003609],[75.648726,23.003789],[75.648526,23.004331],[75.648412,23.004702],[75.648358,23.004933],[75.648284,23.005245],[75.648169,23.005502],[75.647955,23.005787],[75.647698,23.005902],[75.647013,23.006158],[75.646585,23.006358],[75.646156,23.006744],[75.645814,23.007015],[75.645685,23.007186],[75.645585,23.007372],[75.645571,23.007686],[75.645543,23.008172],[75.645543,23.008208],[75.645543,23.008222],[75.645543,23.008338],[75.6455,23.008545],[75.645507,23.008731],[75.645528,23.008959],[75.645642,23.009223],[75.645685,23.009416],[75.645671,23.009709],[75.645671,23.009973],[75.645564,23.010294],[75.645343,23.010537],[75.6451,23.010836],[75.644957,23.010965],[75.644764,23.011036],[75.644529,23.011086],[75.644365,23.011086],[75.644036,23.011093],[75.643737,23.011065],[75.643437,23.011058],[75.643108,23.011115],[75.642644,23.011229],[75.642453,23.011274],[75.642337,23.0113],[75.64203,23.011429],[75.641638,23.01175],[75.641381,23.011986],[75.641131,23.012314],[75.640867,23.012628],[75.640603,23.013064],[75.640396,23.013399],[75.640296,23.013628],[75.640196,23.013856],[75.640132,23.014092],[75.640132,23.014291],[75.640146,23.014477],[75.640196,23.014706],[75.640303,23.014934],[75.640318,23.014952],[75.640496,23.015162],[75.640703,23.015341],[75.640945,23.015534],[75.641138,23.015776],[75.641317,23.016048],[75.641431,23.016319],[75.641417,23.016611],[75.641359,23.01684],[75.641309,23.017025],[75.64116,23.017347],[75.640853,23.017696],[75.64066,23.017882],[75.640424,23.01816],[75.640189,23.018303],[75.640039,23.018425],[75.639832,23.018567],[75.639618,23.018746],[75.639411,23.018839],[75.639139,23.018874],[75.638882,23.018874],[75.638597,23.018853],[75.638397,23.018817],[75.638161,23.018739],[75.637926,23.018639],[75.637633,23.018482],[75.637305,23.018325],[75.636955,23.01821],[75.63657,23.018153],[75.636127,23.018139],[75.635849,23.01816],[75.635527,23.018332],[75.635278,23.018503],[75.63517,23.018703],[75.635121,23.018867],[75.635071,23.019074],[75.635063,23.019281],[75.635012,23.019545],[75.635012,23.019742],[75.63503,23.020087],[75.635107,23.020509],[75.63531,23.020896],[75.63547,23.021282],[75.635893,23.021812],[75.63625,23.022216],[75.636452,23.022383],[75.636493,23.022294],[75.636535,23.022228],[75.636583,23.022163],[75.63663,23.022085],[75.636696,23.022008],[75.636767,23.021931],[75.636833,23.021871],[75.637065,23.021734],[75.637243,23.021598],[75.637362,23.021485],[75.637439,23.021395],[75.637493,23.0213],[75.637564,23.021175],[75.637766,23.021074],[75.637915,23.021062],[75.638123,23.021068],[75.638397,23.021068],[75.63857,23.021068],[75.638748,23.021098],[75.638867,23.021104],[75.639004,23.021056],[75.639081,23.020955],[75.639082,23.020954],[75.639158,23.020842],[75.639165,23.02083],[75.639242,23.020693],[75.639325,23.020616],[75.639515,23.020592],[75.639789,23.020592],[75.640003,23.020598],[75.640152,23.020592],[75.64036,23.020521],[75.640461,23.020473],[75.640498,23.020482],[75.640658,23.020521],[75.640985,23.02058],[75.641092,23.020741],[75.641193,23.020884],[75.64133,23.020943],[75.641389,23.021098],[75.641377,23.021205],[75.641324,23.021395],[75.641181,23.021639],[75.641038,23.0218],[75.640901,23.021901],[75.640747,23.021984],[75.64061,23.022044],[75.640521,23.022139],[75.640527,23.022264],[75.640574,23.022413],[75.640652,23.022585],[75.640723,23.022829],[75.640729,23.023031],[75.640771,23.023263],[75.640842,23.023376],[75.641014,23.023543],[75.641038,23.023626],[75.641003,23.023703],[75.640937,23.023727],[75.640854,23.023692],[75.640782,23.023769],[75.640788,23.023906],[75.640891,23.023993],[75.640907,23.024007],[75.641014,23.024043],[75.641104,23.024037],[75.641186,23.023993],[75.641205,23.023983],[75.641377,23.023965],[75.641544,23.023929],[75.641657,23.023906],[75.641734,23.023852],[75.641823,23.023745],[75.641841,23.023626],[75.641901,23.023436],[75.641954,23.023305],[75.641972,23.023192],[75.642008,23.023073],[75.642055,23.022972],[75.642109,23.022906],[75.642204,23.022793],[75.642264,23.022627],[75.64227,23.02249],[75.64227,23.022276],[75.642234,23.022163],[75.642264,23.02205],[75.642341,23.021972],[75.642442,23.021895],[75.642513,23.021842],[75.642722,23.021794],[75.642864,23.021728],[75.6429,23.021651],[75.6429,23.021598],[75.642894,23.02152],[75.642817,23.021395],[75.642751,23.021306],[75.642722,23.021235],[75.642722,23.021151],[75.642722,23.021104],[75.642751,23.020973],[75.642716,23.02089],[75.642644,23.020783],[75.642644,23.020699],[75.642674,23.020574],[75.642674,23.020438],[75.642716,23.020331],[75.642811,23.020259],[75.642906,23.020241],[75.643049,23.020253],[75.643132,23.020253],[75.643215,23.020319],[75.643227,23.020402],[75.643358,23.020491],[75.643459,23.020491],[75.643507,23.020444],[75.643549,23.020384],[75.643543,23.020313],[75.643447,23.0202],[75.643424,23.020063],[75.643441,23.019956],[75.643412,23.019801],[75.643453,23.019706],[75.643519,23.019664],[75.643638,23.019694],[75.643816,23.019873],[75.643905,23.019944],[75.64403,23.019944],[75.644137,23.01989],[75.644268,23.01989],[75.644411,23.019926],[75.644536,23.020081],[75.644524,23.020283],[75.644548,23.020414],[75.644607,23.020539],[75.644637,23.020699],[75.644607,23.020842],[75.644572,23.020902],[75.644471,23.020967],[75.644471,23.021038],[75.644518,23.021116],[75.644512,23.021235],[75.644435,23.021282],[75.644381,23.021348],[75.644364,23.021413],[75.644441,23.021473],[75.644572,23.021419],[75.644679,23.021336],[75.644833,23.021312],[75.64503,23.021318],[75.64519,23.021348],[75.645405,23.021419],[75.645547,23.021485],[75.645666,23.021604],[75.645761,23.021782],[75.645851,23.021919],[75.64588,23.022062],[75.645857,23.022192],[75.645779,23.022311],[75.64569,23.022401],[75.6455,23.022472],[75.645369,23.022549],[75.645286,23.022704],[75.645303,23.022811],[75.645399,23.022942],[75.6455,23.023055],[75.645619,23.023186],[75.645732,23.023293],[75.645922,23.023436],[75.646214,23.023555],[75.646434,23.023674],[75.646683,23.023745],[75.646856,23.023745],[75.6471,23.023721],[75.647237,23.023751],[75.647326,23.023816],[75.647374,23.023977],[75.647374,23.02415],[75.647374,23.02428],[75.647308,23.024388],[75.647189,23.024507],[75.647106,23.024596],[75.647034,23.024685],[75.646999,23.024852],[75.646999,23.024994],[75.647017,23.025107],[75.647058,23.025161],[75.647225,23.025268],[75.647356,23.025357],[75.647487,23.02547],[75.647576,23.025589],[75.647695,23.025738],[75.647849,23.025815],[75.648046,23.025815],[75.648177,23.025851],[75.648248,23.02594],[75.648367,23.026053],[75.648581,23.026113],[75.648748,23.026113],[75.648867,23.026178],[75.648998,23.026238],[75.649111,23.026238],[75.649241,23.026226],[75.649372,23.026178],[75.649539,23.026166],[75.64964,23.02616],[75.649699,23.026113],[75.649747,23.026029],[75.649777,23.025875],[75.649759,23.025732],[75.649676,23.025595],[75.649479,23.025476],[75.649271,23.025375],[75.649093,23.025262],[75.648968,23.025125],[75.648884,23.024965],[75.648831,23.024828],[75.648754,23.024715],[75.648658,23.024649],[75.648534,23.02456],[75.648504,23.024465],[75.648504,23.024358],[75.648534,23.024233],[75.648539,23.024078],[75.648456,23.023941],[75.648296,23.023816],[75.648206,23.023721],[75.648165,23.023579],[75.64823,23.023442],[75.648373,23.023388],[75.648522,23.023364],[75.648635,23.023341],[75.648783,23.023251],[75.648944,23.02318],[75.649105,23.023192],[75.649176,23.023335],[75.649235,23.023543],[75.649235,23.023715],[75.649224,23.023888],[75.649253,23.024066],[75.649325,23.024138],[75.649503,23.024167],[75.64967,23.024138],[75.649854,23.02409],[75.649985,23.024084],[75.650181,23.024019],[75.6503,23.023906],[75.650366,23.023828],[75.650384,23.023703],[75.650324,23.023584],[75.650324,23.023418],[75.650324,23.023263],[75.650306,23.023091],[75.650271,23.022847],[75.650235,23.022656],[75.650181,23.022514],[75.650009,23.022329],[75.64986,23.022288],[75.649741,23.02227],[75.649592,23.022169],[75.649527,23.022032],[75.649527,23.021889],[75.649557,23.02174],[75.649598,23.021633],[75.649646,23.021502],[75.649634,23.021407],[75.649575,23.02136],[75.649456,23.021348],[75.649372,23.021348],[75.649283,23.0213],[75.649235,23.021175],[75.64923,23.021068],[75.6492,23.020931],[75.649134,23.020824],[75.649069,23.02064],[75.649069,23.020515],[75.649122,23.020402],[75.649194,23.020313],[75.649402,23.020146],[75.649569,23.020021],[75.649634,23.01998],[75.649729,23.019902],[75.649848,23.019867],[75.650015,23.019819],[75.650259,23.019849],[75.650461,23.01989],[75.650604,23.019849],[75.650776,23.019759],[75.650919,23.019777],[75.65102,23.01992],[75.651145,23.020128],[75.651228,23.020325],[75.651306,23.020479],[75.651413,23.020652],[75.651585,23.0208],[75.651692,23.020967],[75.651722,23.02114],[75.651722,23.021276],[75.651776,23.021342],[75.651924,23.021342],[75.652073,23.021342],[75.652138,23.021389],[75.652162,23.021467],[75.652234,23.02152],[75.652275,23.02152],[75.652341,23.021467],[75.652394,23.021383],[75.65243,23.021312],[75.652489,23.021205],[75.652537,23.021134],[75.652591,23.021086],[75.652704,23.021044],[75.652906,23.021062],[75.653001,23.021104],[75.653072,23.021104],[75.653156,23.021086],[75.653251,23.021086],[75.653358,23.02114],[75.653435,23.021146],[75.653477,23.021122],[75.653495,23.02105],[75.653465,23.020955],[75.653453,23.020896],[75.65353,23.020818],[75.65359,23.020783],[75.653626,23.020717],[75.653626,23.020604],[75.653643,23.020539],[75.653709,23.020479],[75.653816,23.020455],[75.654,23.020467],[75.654084,23.020479],[75.654167,23.020432],[75.654214,23.020366],[75.654238,23.020271],[75.654381,23.020247],[75.6545,23.020253],[75.654595,23.020366],[75.654696,23.02042],[75.65494,23.020384],[75.654994,23.020348],[75.655035,23.020176],[75.655047,23.019986],[75.655047,23.019861],[75.655029,23.019724],[75.655059,23.019617],[75.655113,23.019527],[75.655226,23.019522],[75.655386,23.019527],[75.655487,23.019486],[75.655523,23.019391],[75.655571,23.019266],[75.655618,23.0192],[75.655678,23.019171],[75.655767,23.019171],[75.65588,23.019212],[75.656017,23.019212],[75.656178,23.019188],[75.656314,23.019153],[75.656523,23.019171],[75.656642,23.019236],[75.656683,23.019379],[75.656737,23.019593],[75.656826,23.019962],[75.656903,23.020253],[75.656987,23.020539],[75.657046,23.02067],[75.657123,23.020699],[75.657201,23.020699],[75.657302,23.020682],[75.657385,23.020682],[75.657468,23.020723],[75.657534,23.0208],[75.658206,23.020634],[75.658301,23.020568],[75.658349,23.020467],[75.658373,23.020366],[75.658343,23.020253],[75.658301,23.020116],[75.658242,23.019861],[75.658218,23.019635],[75.658242,23.01948],[75.658295,23.019367],[75.658361,23.019307],[75.658468,23.019284],[75.658724,23.019307],[75.659039,23.019295],[75.659104,23.019117],[75.65941,23.019039],[75.660405,23.018715],[75.661609,23.018177],[75.662361,23.017854],[75.664482,23.017158],[75.664572,23.017112],[75.664679,23.017077],[75.664882,23.016991],[75.665238,23.016869],[75.665399,23.016788],[75.665435,23.01677],[75.665447,23.016764],[75.665457,23.016761],[75.665472,23.016757],[75.665541,23.016738],[75.665729,23.016686],[75.66581,23.016658],[75.665932,23.016618],[75.666008,23.016587],[75.666089,23.016572],[75.666263,23.016542],[75.666469,23.0165],[75.666644,23.016455],[75.666831,23.016416],[75.666904,23.016395],[75.667018,23.016365],[75.667194,23.016319],[75.667349,23.016277],[75.667475,23.016253],[75.667567,23.016235],[75.667666,23.016211],[75.667796,23.016175],[75.667948,23.016129],[75.668003,23.016109],[75.668128,23.016072],[75.668312,23.016026],[75.668396,23.016001],[75.668471,23.015975],[75.668592,23.015947],[75.668699,23.01591],[75.66901,23.01583],[75.669046,23.015832],[75.669377,23.015797],[75.669574,23.015758],[75.669737,23.015735],[75.669842,23.015713],[75.669936,23.015708],[75.670093,23.015709],[75.670199,23.015716],[75.670278,23.015712],[75.670294,23.015711],[75.670428,23.015702],[75.670492,23.015654],[75.671218,23.014714],[75.6717,23.013798],[75.673217,23.014018],[75.673407,23.014042],[75.673728,23.014089],[75.673943,23.014113],[75.674175,23.014101],[75.674365,23.014137],[75.674758,23.014244],[75.675097,23.014357],[75.675644,23.014512],[75.675959,23.014595],[75.67628,23.014744],[75.676804,23.014999],[75.677191,23.015178],[75.677577,23.01535],[75.677976,23.015582],[75.67822,23.015713],[75.678588,23.015868],[75.678702,23.015981],[75.678719,23.016088],[75.678749,23.01629],[75.678815,23.016742],[75.67888,23.017206],[75.678898,23.017688],[75.678928,23.018015],[75.678928,23.018134],[75.678934,23.018343],[75.678993,23.01889],[75.679011,23.019395],[75.679082,23.019972],[75.679207,23.020657],[75.679267,23.020865],[75.679505,23.020847],[75.679731,23.020853],[75.680082,23.020764],[75.680676,23.020651],[75.681117,23.020603],[75.681491,23.020591],[75.681991,23.020591],[75.682711,23.020662],[75.683924,23.02074],[75.684478,23.02077],[75.68468,23.020752],[75.686001,23.020508],[75.686607,23.020419],[75.687012,23.020436],[75.68838,23.020419],[75.688856,23.02043],[75.689796,23.02027],[75.690492,23.020139],[75.690843,23.020085],[75.691235,23.019972],[75.6918,23.019734],[75.69233,23.019562],[75.693056,23.019395],[75.693615,23.019276],[75.694216,23.019116],[75.694543,23.01905],[75.694686,23.018997],[75.694793,23.018908],[75.6949,23.018854],[75.694983,23.018854],[75.695054,23.01883],[75.69512,23.018771],[75.695292,23.018628],[75.69606,23.018497],[75.697124,23.018295],[75.698064,23.018146],[75.698273,23.018099],[75.698867,23.018111],[75.700045,23.018206],[75.700706,23.018271],[75.701961,23.018396],[75.701974,23.018397],[75.703371,23.018491],[75.704578,23.018658],[75.705072,23.018705],[75.706714,23.018801],[75.70735,23.018824],[75.708727,23.018927],[75.70895,23.018943],[75.709087,23.018521],[75.709194,23.018087],[75.709328,23.018161],[75.709656,23.018042],[75.710357,23.017785],[75.711053,23.017534],[75.711745,23.017285],[75.712423,23.01704],[75.71311,23.016795],[75.713787,23.016547],[75.714461,23.016305],[75.715138,23.016061],[75.71581,23.015822],[75.716247,23.015664],[75.716314,23.015368],[75.716319,23.015341],[75.716351,23.015212],[75.716429,23.015032],[75.716512,23.015012],[75.716971,23.014984],[75.717612,23.014944],[75.718195,23.014907],[75.718788,23.014873],[75.719291,23.014837],[75.720113,23.014842],[75.720786,23.014856],[75.721087,23.014869],[75.721406,23.014859],[75.722288,23.014853],[75.722514,23.014876],[75.72267,23.014908],[75.723023,23.014927],[75.724365,23.015174],[75.725307,23.015193],[75.726344,23.015269],[75.727268,23.015288],[75.727715,23.015403],[75.728077,23.01545],[75.728733,23.015441],[75.729276,23.015488],[75.729913,23.01546],[75.73057,23.015526],[75.731341,23.015574],[75.731294,23.016335],[75.731265,23.017478],[75.731248,23.018332],[75.731222,23.019632],[75.73124,23.020121],[75.731243,23.020139],[75.731246,23.020162],[75.731269,23.020317],[75.731293,23.020315],[75.731359,23.021089],[75.731678,23.022421],[75.731689,23.023315],[75.731696,23.023837],[75.731703,23.024377],[75.731683,23.024555],[75.731671,23.024732],[75.73166,23.024908],[75.731648,23.025084],[75.731636,23.025259],[75.731621,23.025433],[75.731611,23.025524],[75.731585,23.025605],[75.731581,23.025782],[75.731578,23.025959],[75.731576,23.026136],[75.731573,23.026314],[75.731571,23.026491],[75.73156,23.026669],[75.731561,23.026847],[75.731557,23.027024],[75.731551,23.027202],[75.731549,23.027367],[75.731549,23.027379],[75.731546,23.027556],[75.731545,23.027734],[75.73154,23.027913],[75.731538,23.028092],[75.731538,23.028274],[75.731568,23.028373],[75.731584,23.02858],[75.731651,23.028905],[75.731713,23.02923],[75.731775,23.029554],[75.731841,23.029879],[75.731848,23.029908],[75.732096,23.031147],[75.73219,23.031628],[75.732251,23.031941],[75.732428,23.032783],[75.732437,23.032823],[75.732618,23.033712],[75.732658,23.033839],[75.732694,23.033922],[75.732991,23.034017],[75.734389,23.034416],[75.735192,23.034624],[75.735936,23.034761],[75.736775,23.034868],[75.737036,23.034915],[75.73753,23.034981],[75.737988,23.035034],[75.738791,23.03507],[75.741266,23.035219],[75.743229,23.035314],[75.745037,23.035284],[75.7459,23.03526],[75.74631,23.035308],[75.746643,23.035296],[75.746988,23.035284],[75.748987,23.035344],[75.752081,23.035641],[75.752705,23.035671],[75.753133,23.035695],[75.753746,23.035707],[75.753905,23.035696],[75.754103,23.035683],[75.754466,23.035647],[75.754972,23.035605],[75.755709,23.035469],[75.756417,23.035344],[75.757184,23.035231],[75.757672,23.035136],[75.758356,23.034987],[75.759153,23.034767],[75.759439,23.034725],[75.759933,23.034689],[75.760367,23.034642],[75.760373,23.034612],[75.760432,23.033095],[75.760528,23.032459],[75.760605,23.031358],[75.760629,23.030585],[75.760623,23.029966],[75.760609,23.029485],[75.760605,23.029348],[75.760581,23.028211],[75.760623,23.028208],[75.761723,23.028116],[75.76283,23.028027],[75.763585,23.028063],[75.764186,23.02808],[75.765066,23.028063],[75.766072,23.028063],[75.766756,23.028003],[75.767422,23.027961],[75.768261,23.027973],[75.769468,23.027956],[75.770289,23.02789],[75.771521,23.027926],[75.772461,23.027961],[75.77263,23.027952],[75.774513,23.027848],[75.776018,23.027593],[75.7771,23.027378],[75.77719,23.027361],[75.777898,23.027176],[75.778326,23.027129],[75.778968,23.027194],[75.779456,23.027265],[75.779266,23.027759],[75.779081,23.02817],[75.778885,23.028437],[75.77882,23.028657],[75.778754,23.029002],[75.778725,23.029193],[75.778701,23.029401],[75.778641,23.029889],[75.778588,23.030317],[75.778463,23.03087],[75.77832,23.031489],[75.778225,23.031935],[75.778165,23.032256],[75.778451,23.032304],[75.778617,23.03234],[75.77901,23.032423],[75.779492,23.032566],[75.780081,23.032709],[75.780586,23.03281],[75.780961,23.032863],[75.78136,23.032923],[75.781633,23.032952],[75.782026,23.033036],[75.782264,23.033071],[75.782627,23.033071],[75.78324,23.033155],[75.783876,23.03319],[75.784174,23.033214],[75.784524,23.033202],[75.785797,23.033351],[75.786148,23.033428],[75.786301,23.03346],[75.786488,23.0335],[75.787207,23.033636],[75.787808,23.03372],[75.789135,23.033898],[75.790669,23.034154],[75.791496,23.034297],[75.792537,23.034416],[75.793281,23.034475],[75.793453,23.034559],[75.793549,23.034725],[75.793596,23.034749],[75.793733,23.034767],[75.794024,23.034779],[75.795042,23.034796],[75.796044,23.034799],[75.796545,23.034674],[75.797154,23.034508],[75.797982,23.034291],[75.798278,23.034209],[75.798506,23.034147],[75.798848,23.034055],[75.798972,23.034037],[75.799052,23.034059],[75.799335,23.033977],[75.799335,23.03402],[75.799306,23.034096],[75.799263,23.034177],[75.799197,23.034238],[75.799178,23.034305],[75.79923,23.034391],[75.799316,23.034472],[75.799392,23.034491],[75.799496,23.034524],[75.799549,23.034581],[75.799558,23.034662],[75.799525,23.034767],[75.799496,23.034838],[75.799482,23.034905],[75.799492,23.034976],[75.799563,23.035028],[75.799711,23.035067],[75.799801,23.035067],[75.799877,23.035043],[75.799949,23.034981],[75.800006,23.034895],[75.800053,23.034848],[75.800129,23.034791],[75.800215,23.034681],[75.800277,23.034605],[75.800382,23.034515],[75.80052,23.034448],[75.800615,23.034448],[75.800667,23.034457],[75.800691,23.034534],[75.800681,23.034662],[75.800743,23.034762],[75.800777,23.0348],[75.800848,23.034829],[75.800976,23.034829],[75.801057,23.034833],[75.801153,23.034833],[75.801219,23.034867],[75.801281,23.034924],[75.801343,23.035019],[75.801414,23.035095],[75.801509,23.035119],[75.801681,23.035119],[75.801809,23.035071],[75.801866,23.03499],[75.801962,23.034905],[75.802071,23.034886],[75.802204,23.034905],[75.802338,23.034962],[75.802509,23.035048],[75.802647,23.0351],[75.802799,23.035138],[75.802956,23.035171],[75.80318,23.035181],[75.803356,23.03519],[75.803518,23.035171],[75.80367,23.035143],[75.80377,23.035086],[75.803913,23.035067],[75.804117,23.035067],[75.804303,23.035048],[75.804384,23.035028],[75.804493,23.034924],[75.804517,23.03481],[75.804588,23.034691],[75.804693,23.0346],[75.804812,23.034534],[75.804865,23.034491],[75.804936,23.034453],[75.805022,23.034453],[75.805093,23.034486],[75.805117,23.034586],[75.805126,23.034819],[75.805117,23.035033],[75.805164,23.035224],[75.805236,23.035381],[75.805402,23.035419],[75.805559,23.035414],[75.805745,23.035428],[75.805892,23.035433],[75.805969,23.035476],[75.806059,23.035647],[75.806088,23.035761],[75.80613,23.035837],[75.80613,23.035937],[75.806102,23.036014],[75.806049,23.036075],[75.805983,23.036166],[75.805969,23.036223],[75.805969,23.036266],[75.805983,23.036309],[75.806026,23.036356],[75.806135,23.036451],[75.806302,23.03658],[75.806411,23.03667],[75.806573,23.036742],[75.806701,23.036813],[75.806782,23.036899],[75.806854,23.037042],[75.806949,23.037199],[75.807087,23.037298],[75.807215,23.037384],[75.80733,23.037446],[75.807453,23.03757],[75.807518,23.03764],[75.80753,23.037653],[75.807608,23.037717],[75.807647,23.037814],[75.807651,23.037824],[75.807637,23.037931],[75.807579,23.038038],[75.80753,23.038146],[75.80743,23.03831],[75.807387,23.038453],[75.807408,23.038581],[75.80748,23.038645],[75.807644,23.038759],[75.807765,23.038845],[75.807879,23.038952],[75.807929,23.039074],[75.807951,23.040144],[75.808909,23.040222],[75.810099,23.040319],[75.810319,23.040349],[75.810629,23.040379],[75.811086,23.040429],[75.811263,23.040453],[75.811636,23.040496],[75.81173,23.040511],[75.812126,23.040565],[75.812623,23.040623],[75.812785,23.040638],[75.813097,23.040686],[75.813472,23.040735],[75.813573,23.040749],[75.813823,23.040758],[75.814122,23.040754],[75.814643,23.040752],[75.815163,23.040749],[75.815645,23.040742],[75.816146,23.040724],[75.816653,23.040679],[75.817161,23.040649]]]}}]}