{
"type": "FeatureCollection",
"name": "463_SINGRAULI",
"crs": { "type": "name", "properties": { "name": "urn:ogc:def:crs:OGC:1.3:CRS84" } },
"xy_coordinate_resolution": 1e-05,
"features": [
{ "type": "Feature", "properties": { "OBJECTID": 4398, "state_lgd": "23", "state_name": "MADHYA PRADESH", "district_lgd": "463", "district_name": "SINGRAULI", "district_name_source": "district_table", "subdistrict_lgd": "7397", "subdistrict_name": "BARGAWAN", "subdistrict_type": "", "name_corrupted": false, "remarks": "", "label_lon": 82.41652123040646, "label_lat": 24.198252237141052 }, "geometry": { "type": "Polygon", "coordinates": [ [ [ 82.49489, 24.33586 ], [ 82.49645, 24.33589 ], [ 82.49693, 24.33463 ], [ 82.49902, 24.33377 ], [ 82.50406, 24.3335 ], [ 82.50498, 24.33446 ], [ 82.50895, 24.33381 ], [ 82.50995, 24.33469 ], [ 82.5124, 24.33359 ], [ 82.51181, 24.33169 ], [ 82.50984, 24.33156 ], [ 82.51144, 24.33013 ], [ 82.51391, 24.32984 ], [ 82.51278, 24.32739 ], [ 82.51437, 24.32335 ], [ 82.51193, 24.31911 ], [ 82.51843, 24.31835 ], [ 82.521, 24.31697 ], [ 82.51851, 24.31448 ], [ 82.51966, 24.31354 ], [ 82.51737, 24.30596 ], [ 82.51328, 24.3049 ], [ 82.51744, 24.29932 ], [ 82.51917, 24.29967 ], [ 82.52699, 24.29589 ], [ 82.53058, 24.2971 ], [ 82.53121, 24.29802 ], [ 82.53325, 24.29771 ], [ 82.5325, 24.29538 ], [ 82.53359, 24.29541 ], [ 82.53417, 24.29432 ], [ 82.53646, 24.29699 ], [ 82.53889, 24.29551 ], [ 82.53716, 24.2929 ], [ 82.52894, 24.28781 ], [ 82.52873, 24.28678 ], [ 82.531, 24.28678 ], [ 82.52988, 24.28416 ], [ 82.52381, 24.28272 ], [ 82.52253, 24.28442 ], [ 82.52072, 24.28484 ], [ 82.51905, 24.28446 ], [ 82.5184, 24.28043 ], [ 82.51507, 24.28119 ], [ 82.50951, 24.28097 ], [ 82.50695, 24.27927 ], [ 82.50532, 24.27959 ], [ 82.50565, 24.27883 ], [ 82.50441, 24.27651 ], [ 82.50498, 24.27436 ], [ 82.50706, 24.27114 ], [ 82.50695, 24.26961 ], [ 82.50891, 24.26907 ], [ 82.50815, 24.26742 ], [ 82.51215, 24.2637 ], [ 82.51233, 24.26232 ], [ 82.51148, 24.26196 ], [ 82.51293, 24.25833 ], [ 82.51187, 24.25643 ], [ 82.50758, 24.25255 ], [ 82.50417, 24.25208 ], [ 82.50361, 24.25259 ], [ 82.50191, 24.25219 ], [ 82.50188, 24.25115 ], [ 82.49912, 24.25091 ], [ 82.50254, 24.24714 ], [ 82.506, 24.2449 ], [ 82.51768, 24.24191 ], [ 82.5165, 24.24118 ], [ 82.50427, 24.24199 ], [ 82.50012, 24.23811 ], [ 82.49957, 24.23675 ], [ 82.49999, 24.23461 ], [ 82.49717, 24.2294 ], [ 82.49755, 24.2275 ], [ 82.49989, 24.22759 ], [ 82.50211, 24.22467 ], [ 82.50802, 24.2231 ], [ 82.50847, 24.22178 ], [ 82.51247, 24.21954 ], [ 82.51445, 24.22015 ], [ 82.51632, 24.21943 ], [ 82.51837, 24.22062 ], [ 82.5219, 24.2204 ], [ 82.52236, 24.21938 ], [ 82.52355, 24.21926 ], [ 82.52279, 24.21855 ], [ 82.52451, 24.21782 ], [ 82.52452, 24.2161 ], [ 82.52586, 24.21587 ], [ 82.52567, 24.21458 ], [ 82.52674, 24.21382 ], [ 82.52789, 24.21407 ], [ 82.52844, 24.21183 ], [ 82.53012, 24.21287 ], [ 82.532, 24.21119 ], [ 82.53292, 24.21232 ], [ 82.53548, 24.20962 ], [ 82.5387, 24.20977 ], [ 82.54121, 24.21182 ], [ 82.54444, 24.21127 ], [ 82.54328, 24.20792 ], [ 82.54041, 24.20781 ], [ 82.53969, 24.20405 ], [ 82.53813, 24.20145 ], [ 82.53565, 24.20161 ], [ 82.53368, 24.19793 ], [ 82.53041, 24.1983 ], [ 82.52575, 24.19146 ], [ 82.52045, 24.18948 ], [ 82.51883, 24.1868 ], [ 82.51462, 24.18667 ], [ 82.51423, 24.18747 ], [ 82.50502, 24.186 ], [ 82.50074, 24.18738 ], [ 82.49988, 24.18642 ], [ 82.50052, 24.18538 ], [ 82.49869, 24.18403 ], [ 82.50022, 24.18351 ], [ 82.49901, 24.18207 ], [ 82.4925, 24.18313 ], [ 82.49137, 24.18104 ], [ 82.49277, 24.18078 ], [ 82.49271, 24.17975 ], [ 82.49029, 24.17882 ], [ 82.48709, 24.17536 ], [ 82.48113, 24.17339 ], [ 82.48224, 24.17144 ], [ 82.48196, 24.16984 ], [ 82.48656, 24.1709 ], [ 82.48718, 24.17028 ], [ 82.49079, 24.17214 ], [ 82.49157, 24.17384 ], [ 82.49488, 24.17209 ], [ 82.50143, 24.17556 ], [ 82.50229, 24.17286 ], [ 82.50431, 24.17301 ], [ 82.50646, 24.17486 ], [ 82.50949, 24.17556 ], [ 82.51157, 24.16991 ], [ 82.5137, 24.16995 ], [ 82.51727, 24.16826 ], [ 82.52501, 24.17138 ], [ 82.52722, 24.16948 ], [ 82.5277, 24.16779 ], [ 82.52507, 24.16472 ], [ 82.52304, 24.16363 ], [ 82.52703, 24.15838 ], [ 82.52999, 24.15581 ], [ 82.5307, 24.1531 ], [ 82.53189, 24.15234 ], [ 82.52349, 24.15089 ], [ 82.52106, 24.14836 ], [ 82.51999, 24.14913 ], [ 82.51356, 24.14358 ], [ 82.51037, 24.138 ], [ 82.5099, 24.13828 ], [ 82.50879, 24.13671 ], [ 82.50785, 24.13688 ], [ 82.50745, 24.13588 ], [ 82.5057, 24.13642 ], [ 82.50345, 24.13571 ], [ 82.50118, 24.13641 ], [ 82.50026, 24.13328 ], [ 82.49674, 24.13182 ], [ 82.49649, 24.13054 ], [ 82.4951, 24.12964 ], [ 82.4967, 24.12703 ], [ 82.49714, 24.11754 ], [ 82.49419, 24.11906 ], [ 82.49577, 24.12013 ], [ 82.49658, 24.12221 ], [ 82.4924, 24.12574 ], [ 82.4937, 24.1265 ], [ 82.49399, 24.12782 ], [ 82.49267, 24.13 ], [ 82.49181, 24.13079 ], [ 82.48997, 24.13074 ], [ 82.48918, 24.13175 ], [ 82.4872, 24.13045 ], [ 82.485, 24.13326 ], [ 82.48706, 24.13561 ], [ 82.48947, 24.13547 ], [ 82.49105, 24.13663 ], [ 82.49201, 24.13621 ], [ 82.49239, 24.13701 ], [ 82.49414, 24.13666 ], [ 82.49386, 24.1382 ], [ 82.49462, 24.1396 ], [ 82.49066, 24.14878 ], [ 82.48987, 24.14958 ], [ 82.48517, 24.15035 ], [ 82.48485, 24.14914 ], [ 82.48253, 24.14869 ], [ 82.48173, 24.15055 ], [ 82.4779, 24.15129 ], [ 82.47606, 24.15004 ], [ 82.47047, 24.14968 ], [ 82.46941, 24.15084 ], [ 82.47052, 24.15317 ], [ 82.47045, 24.15682 ], [ 82.46892, 24.16017 ], [ 82.46954, 24.16288 ], [ 82.46845, 24.16745 ], [ 82.4695, 24.16875 ], [ 82.46826, 24.16961 ], [ 82.46132, 24.17251 ], [ 82.45675, 24.17218 ], [ 82.45595, 24.17136 ], [ 82.45412, 24.172 ], [ 82.45189, 24.16715 ], [ 82.45108, 24.16749 ], [ 82.44846, 24.163 ], [ 82.44795, 24.15605 ], [ 82.44814, 24.155 ], [ 82.4496, 24.15453 ], [ 82.45177, 24.15544 ], [ 82.45236, 24.15647 ], [ 82.45455, 24.15525 ], [ 82.45438, 24.15355 ], [ 82.45116, 24.15337 ], [ 82.44778, 24.15046 ], [ 82.44402, 24.15013 ], [ 82.44362, 24.14921 ], [ 82.44229, 24.14907 ], [ 82.44194, 24.15049 ], [ 82.43862, 24.14968 ], [ 82.43659, 24.15208 ], [ 82.43483, 24.15202 ], [ 82.43333, 24.15058 ], [ 82.42018, 24.15795 ], [ 82.41986, 24.16201 ], [ 82.41648, 24.16593 ], [ 82.41632, 24.16929 ], [ 82.41477, 24.17285 ], [ 82.41528, 24.17623 ], [ 82.41332, 24.1774 ], [ 82.41627, 24.17958 ], [ 82.41551, 24.18081 ], [ 82.41275, 24.18232 ], [ 82.4103, 24.18195 ], [ 82.40984, 24.18346 ], [ 82.40767, 24.1837 ], [ 82.40533, 24.18602 ], [ 82.4038, 24.18639 ], [ 82.40275, 24.18399 ], [ 82.39947, 24.18154 ], [ 82.39877, 24.17897 ], [ 82.39501, 24.17548 ], [ 82.39388, 24.17293 ], [ 82.39453, 24.16936 ], [ 82.39263, 24.16834 ], [ 82.39355, 24.16684 ], [ 82.39834, 24.16436 ], [ 82.39933, 24.16291 ], [ 82.40286, 24.16075 ], [ 82.40349, 24.15978 ], [ 82.4023, 24.1572 ], [ 82.40602, 24.14889 ], [ 82.41075, 24.14585 ], [ 82.41176, 24.1434 ], [ 82.40837, 24.14243 ], [ 82.40716, 24.14122 ], [ 82.40647, 24.14288 ], [ 82.40845, 24.14322 ], [ 82.40656, 24.14549 ], [ 82.40323, 24.14644 ], [ 82.40229, 24.1426 ], [ 82.39707, 24.14488 ], [ 82.39587, 24.1435 ], [ 82.39297, 24.14368 ], [ 82.39526, 24.12985 ], [ 82.42168, 24.12993 ], [ 82.42124, 24.12514 ], [ 82.42323, 24.11998 ], [ 82.42439, 24.11896 ], [ 82.42284, 24.11781 ], [ 82.42268, 24.11596 ], [ 82.42601, 24.1138 ], [ 82.42363, 24.1093 ], [ 82.42346, 24.10515 ], [ 82.42552, 24.10486 ], [ 82.42517, 24.10318 ], [ 82.42752, 24.10094 ], [ 82.42952, 24.10054 ], [ 82.43211, 24.10307 ], [ 82.4349, 24.10263 ], [ 82.43604, 24.10412 ], [ 82.43766, 24.10906 ], [ 82.4383, 24.11738 ], [ 82.44448, 24.11952 ], [ 82.45043, 24.11643 ], [ 82.45329, 24.10715 ], [ 82.45432, 24.09907 ], [ 82.45727, 24.09682 ], [ 82.45792, 24.09413 ], [ 82.4582, 24.09483 ], [ 82.46706, 24.09255 ], [ 82.46518, 24.08795 ], [ 82.46351, 24.08723 ], [ 82.4639, 24.08611 ], [ 82.46243, 24.08406 ], [ 82.46382, 24.08088 ], [ 82.46851, 24.07977 ], [ 82.46875, 24.07835 ], [ 82.472, 24.07577 ], [ 82.47165, 24.07491 ], [ 82.46936, 24.07483 ], [ 82.46435, 24.07121 ], [ 82.46425, 24.06872 ], [ 82.46109, 24.07205 ], [ 82.46045, 24.07122 ], [ 82.45904, 24.07156 ], [ 82.4553, 24.0743 ], [ 82.45239, 24.07991 ], [ 82.44663, 24.07729 ], [ 82.44593, 24.07649 ], [ 82.44655, 24.07475 ], [ 82.44555, 24.07022 ], [ 82.44215, 24.0695 ], [ 82.44175, 24.07437 ], [ 82.43987, 24.07797 ], [ 82.4308, 24.07984 ], [ 82.42851, 24.07766 ], [ 82.42177, 24.07458 ], [ 82.42284, 24.07313 ], [ 82.42464, 24.07268 ], [ 82.42533, 24.07043 ], [ 82.42814, 24.06854 ], [ 82.42806, 24.06713 ], [ 82.42514, 24.06434 ], [ 82.42292, 24.06528 ], [ 82.42295, 24.06647 ], [ 82.41985, 24.06735 ], [ 82.41819, 24.06585 ], [ 82.41296, 24.06693 ], [ 82.41089, 24.07014 ], [ 82.40793, 24.07069 ], [ 82.40685, 24.07166 ], [ 82.4053, 24.07195 ], [ 82.40335, 24.0698 ], [ 82.39886, 24.06957 ], [ 82.40055, 24.07299 ], [ 82.40055, 24.0753 ], [ 82.39758, 24.07922 ], [ 82.39311, 24.08108 ], [ 82.39361, 24.07823 ], [ 82.39276, 24.077 ], [ 82.38928, 24.0769 ], [ 82.3851, 24.0791 ], [ 82.38191, 24.07919 ], [ 82.38073, 24.0754 ], [ 82.37916, 24.07548 ], [ 82.37826, 24.07494 ], [ 82.37838, 24.07352 ], [ 82.37491, 24.07269 ], [ 82.37397, 24.07413 ], [ 82.37573, 24.07475 ], [ 82.37597, 24.07778 ], [ 82.37796, 24.07773 ], [ 82.37818, 24.07835 ], [ 82.3781, 24.07957 ], [ 82.37729, 24.07962 ], [ 82.37824, 24.08031 ], [ 82.37838, 24.08294 ], [ 82.38026, 24.08696 ], [ 82.37917, 24.08812 ], [ 82.3802, 24.0905 ], [ 82.37978, 24.09154 ], [ 82.38314, 24.0914 ], [ 82.38336, 24.09315 ], [ 82.38599, 24.09367 ], [ 82.38605, 24.09573 ], [ 82.39232, 24.09534 ], [ 82.39255, 24.0965 ], [ 82.39744, 24.09894 ], [ 82.39831, 24.10557 ], [ 82.39506, 24.1102 ], [ 82.39576, 24.11099 ], [ 82.39101, 24.11291 ], [ 82.38417, 24.10944 ], [ 82.38652, 24.10615 ], [ 82.38551, 24.10488 ], [ 82.38284, 24.10402 ], [ 82.37967, 24.10476 ], [ 82.37803, 24.10013 ], [ 82.37869, 24.09862 ], [ 82.37632, 24.09644 ], [ 82.37458, 24.09819 ], [ 82.3758, 24.09993 ], [ 82.37398, 24.10056 ], [ 82.37483, 24.10383 ], [ 82.37326, 24.1046 ], [ 82.37401, 24.10693 ], [ 82.37364, 24.10957 ], [ 82.37201, 24.11063 ], [ 82.37173, 24.1124 ], [ 82.37038, 24.1132 ], [ 82.37007, 24.1157 ], [ 82.36925, 24.11298 ], [ 82.36601, 24.11353 ], [ 82.36422, 24.11439 ], [ 82.36412, 24.11533 ], [ 82.35845, 24.11834 ], [ 82.35142, 24.11886 ], [ 82.34721, 24.1197 ], [ 82.34725, 24.12044 ], [ 82.34508, 24.11993 ], [ 82.34424, 24.12062 ], [ 82.33922, 24.11776 ], [ 82.33751, 24.11909 ], [ 82.33707, 24.11829 ], [ 82.33663, 24.11905 ], [ 82.33393, 24.1179 ], [ 82.33039, 24.11853 ], [ 82.32923, 24.11752 ], [ 82.32754, 24.11842 ], [ 82.32617, 24.12139 ], [ 82.32483, 24.12082 ], [ 82.32462, 24.12291 ], [ 82.32169, 24.12302 ], [ 82.32195, 24.12465 ], [ 82.32067, 24.12666 ], [ 82.32163, 24.12778 ], [ 82.3155, 24.1324 ], [ 82.31299, 24.13225 ], [ 82.31145, 24.12985 ], [ 82.30862, 24.131 ], [ 82.30877, 24.13216 ], [ 82.30602, 24.13448 ], [ 82.30705, 24.13901 ], [ 82.30636, 24.14054 ], [ 82.30429, 24.14069 ], [ 82.29788, 24.13498 ], [ 82.29311, 24.13488 ], [ 82.29152, 24.13326 ], [ 82.28789, 24.13305 ], [ 82.28006, 24.13483 ], [ 82.28277, 24.14452 ], [ 82.28033, 24.14524 ], [ 82.27861, 24.14716 ], [ 82.2789, 24.15192 ], [ 82.26956, 24.1521 ], [ 82.26719, 24.1547 ], [ 82.25967, 24.15555 ], [ 82.25965, 24.15757 ], [ 82.2606, 24.15817 ], [ 82.26173, 24.16256 ], [ 82.26205, 24.16736 ], [ 82.25894, 24.16989 ], [ 82.25499, 24.16916 ], [ 82.25388, 24.1706 ], [ 82.25515, 24.17799 ], [ 82.25371, 24.17793 ], [ 82.25169, 24.17482 ], [ 82.24939, 24.17655 ], [ 82.25038, 24.17867 ], [ 82.25028, 24.18065 ], [ 82.253, 24.18224 ], [ 82.25293, 24.1858 ], [ 82.24923, 24.18695 ], [ 82.24643, 24.18671 ], [ 82.2429, 24.18843 ], [ 82.24297, 24.19463 ], [ 82.24359, 24.1952 ], [ 82.2434, 24.19698 ], [ 82.24467, 24.19849 ], [ 82.24848, 24.19873 ], [ 82.2495, 24.1977 ], [ 82.25045, 24.19781 ], [ 82.25095, 24.1987 ], [ 82.24807, 24.1996 ], [ 82.24832, 24.20185 ], [ 82.25462, 24.20446 ], [ 82.25559, 24.20359 ], [ 82.25812, 24.20425 ], [ 82.26122, 24.20386 ], [ 82.26187, 24.20612 ], [ 82.2627, 24.2063 ], [ 82.26457, 24.20075 ], [ 82.27205, 24.19997 ], [ 82.2785, 24.19547 ], [ 82.28508, 24.19751 ], [ 82.29045, 24.19295 ], [ 82.29793, 24.19344 ], [ 82.29946, 24.19216 ], [ 82.30354, 24.19128 ], [ 82.30481, 24.19302 ], [ 82.30389, 24.19638 ], [ 82.30524, 24.19937 ], [ 82.3058, 24.20374 ], [ 82.301, 24.20272 ], [ 82.29937, 24.21421 ], [ 82.29844, 24.21541 ], [ 82.29881, 24.21693 ], [ 82.30232, 24.21656 ], [ 82.32041, 24.22125 ], [ 82.33118, 24.22271 ], [ 82.33191, 24.22546 ], [ 82.33337, 24.22545 ], [ 82.33733, 24.22959 ], [ 82.33564, 24.23132 ], [ 82.3339, 24.23171 ], [ 82.33471, 24.23234 ], [ 82.33663, 24.23212 ], [ 82.34155, 24.23348 ], [ 82.34675, 24.23323 ], [ 82.34535, 24.22972 ], [ 82.34682, 24.22823 ], [ 82.34512, 24.22495 ], [ 82.34075, 24.22032 ], [ 82.33976, 24.22071 ], [ 82.33913, 24.2224 ], [ 82.33591, 24.22285 ], [ 82.33566, 24.21846 ], [ 82.3342, 24.21476 ], [ 82.33377, 24.21082 ], [ 82.33499, 24.20469 ], [ 82.33714, 24.20282 ], [ 82.33948, 24.2025 ], [ 82.33849, 24.20049 ], [ 82.33961, 24.19692 ], [ 82.34115, 24.19509 ], [ 82.34078, 24.19239 ], [ 82.33931, 24.19258 ], [ 82.33814, 24.19008 ], [ 82.34203, 24.18751 ], [ 82.34006, 24.18319 ], [ 82.34273, 24.18213 ], [ 82.34305, 24.181 ], [ 82.337, 24.17848 ], [ 82.33639, 24.17746 ], [ 82.33661, 24.17362 ], [ 82.33969, 24.1717 ], [ 82.33608, 24.17056 ], [ 82.3326, 24.16724 ], [ 82.33272, 24.16195 ], [ 82.3338, 24.16145 ], [ 82.33657, 24.16327 ], [ 82.33783, 24.16533 ], [ 82.34333, 24.17034 ], [ 82.34128, 24.17224 ], [ 82.34248, 24.17539 ], [ 82.34949, 24.17561 ], [ 82.3527, 24.17861 ], [ 82.35627, 24.17815 ], [ 82.36027, 24.17591 ], [ 82.36584, 24.17556 ], [ 82.36622, 24.17752 ], [ 82.37086, 24.1769 ], [ 82.37412, 24.17838 ], [ 82.37847, 24.1812 ], [ 82.37908, 24.18378 ], [ 82.38016, 24.18307 ], [ 82.38935, 24.18238 ], [ 82.38976, 24.18445 ], [ 82.38514, 24.18942 ], [ 82.38363, 24.18864 ], [ 82.38182, 24.18941 ], [ 82.38357, 24.1911 ], [ 82.38532, 24.19081 ], [ 82.3891, 24.19685 ], [ 82.39081, 24.19705 ], [ 82.39039, 24.19789 ], [ 82.38667, 24.19913 ], [ 82.38499, 24.19728 ], [ 82.38323, 24.19714 ], [ 82.38133, 24.19835 ], [ 82.37671, 24.19715 ], [ 82.37483, 24.19744 ], [ 82.37279, 24.19848 ], [ 82.37284, 24.20273 ], [ 82.3706, 24.20369 ], [ 82.37088, 24.20524 ], [ 82.37258, 24.20567 ], [ 82.37337, 24.20798 ], [ 82.37242, 24.20878 ], [ 82.37267, 24.20999 ], [ 82.36967, 24.21172 ], [ 82.37172, 24.21368 ], [ 82.36889, 24.21615 ], [ 82.37252, 24.22027 ], [ 82.37431, 24.22055 ], [ 82.38124, 24.21728 ], [ 82.37907, 24.21383 ], [ 82.3793, 24.21088 ], [ 82.37771, 24.20987 ], [ 82.37662, 24.20791 ], [ 82.3799, 24.20758 ], [ 82.38152, 24.20826 ], [ 82.38214, 24.21031 ], [ 82.38317, 24.21034 ], [ 82.38384, 24.21269 ], [ 82.38293, 24.21507 ], [ 82.38523, 24.21676 ], [ 82.38475, 24.22053 ], [ 82.38575, 24.22157 ], [ 82.38443, 24.22526 ], [ 82.38303, 24.22611 ], [ 82.38161, 24.22458 ], [ 82.37947, 24.22575 ], [ 82.3813, 24.22862 ], [ 82.38047, 24.23036 ], [ 82.38041, 24.2335 ], [ 82.37889, 24.23553 ], [ 82.3782, 24.23826 ], [ 82.37932, 24.24016 ], [ 82.38503, 24.2448 ], [ 82.38685, 24.24506 ], [ 82.38962, 24.247 ], [ 82.38718, 24.25289 ], [ 82.38807, 24.25652 ], [ 82.38563, 24.25723 ], [ 82.37867, 24.25349 ], [ 82.37718, 24.25372 ], [ 82.37298, 24.26175 ], [ 82.37571, 24.26169 ], [ 82.37709, 24.26276 ], [ 82.3798, 24.26145 ], [ 82.38259, 24.26168 ], [ 82.38721, 24.25945 ], [ 82.3897, 24.26037 ], [ 82.39507, 24.25948 ], [ 82.39938, 24.26739 ], [ 82.404, 24.28092 ], [ 82.40785, 24.28103 ], [ 82.40943, 24.27999 ], [ 82.41194, 24.28048 ], [ 82.42188, 24.27815 ], [ 82.42311, 24.27889 ], [ 82.42588, 24.27874 ], [ 82.42607, 24.27941 ], [ 82.425, 24.2826 ], [ 82.423, 24.28291 ], [ 82.4234, 24.28377 ], [ 82.42528, 24.28289 ], [ 82.4277, 24.28316 ], [ 82.42944, 24.2846 ], [ 82.43399, 24.28352 ], [ 82.43492, 24.28427 ], [ 82.43494, 24.28729 ], [ 82.43196, 24.28906 ], [ 82.43027, 24.28731 ], [ 82.42218, 24.28871 ], [ 82.42194, 24.28717 ], [ 82.42136, 24.28862 ], [ 82.41674, 24.28973 ], [ 82.41688, 24.29058 ], [ 82.42059, 24.29008 ], [ 82.42071, 24.29109 ], [ 82.42212, 24.29159 ], [ 82.42016, 24.29199 ], [ 82.42067, 24.29273 ], [ 82.41974, 24.29298 ], [ 82.42006, 24.29356 ], [ 82.42267, 24.29239 ], [ 82.42336, 24.29333 ], [ 82.42613, 24.29306 ], [ 82.42763, 24.29459 ], [ 82.43113, 24.29577 ], [ 82.42226, 24.29743 ], [ 82.42375, 24.299 ], [ 82.42236, 24.29978 ], [ 82.4367, 24.29932 ], [ 82.44221, 24.2979 ], [ 82.44411, 24.29847 ], [ 82.44859, 24.30326 ], [ 82.45615, 24.30569 ], [ 82.46679, 24.31757 ], [ 82.46166, 24.31986 ], [ 82.46274, 24.32261 ], [ 82.46301, 24.32739 ], [ 82.46172, 24.33028 ], [ 82.46216, 24.3314 ], [ 82.46085, 24.3314 ], [ 82.46198, 24.33666 ], [ 82.46518, 24.33572 ], [ 82.46977, 24.33655 ], [ 82.47754, 24.33586 ], [ 82.48174, 24.33639 ], [ 82.4835, 24.33772 ], [ 82.48642, 24.33568 ], [ 82.48863, 24.33554 ], [ 82.49098, 24.33769 ], [ 82.49489, 24.33586 ] ], [ [ 82.50259, 24.30601 ], [ 82.5057, 24.30635 ], [ 82.50702, 24.30858 ], [ 82.5105, 24.31119 ], [ 82.50423, 24.31387 ], [ 82.50307, 24.31151 ], [ 82.50126, 24.31007 ], [ 82.4954, 24.30826 ], [ 82.49584, 24.30701 ], [ 82.50259, 24.30601 ] ] ] } },
{ "type": "Feature", "properties": { "OBJECTID": 4399, "state_lgd": "23", "state_name": "MADHYA PRADESH", "district_lgd": "463", "district_name": "SINGRAULI", "district_name_source": "district_table", "subdistrict_lgd": "3703", "subdistrict_name": "CHITRANGI", "subdistrict_type": "", "name_corrupted": false, "remarks": "", "label_lon": 82.511441845156114, "label_lat": 24.512414996315883 }, "geometry": { "type": "MultiPolygon", "coordinates": [ [ [ [ 82.65415, 24.39974 ], [ 82.6563, 24.39994 ], [ 82.65668, 24.39916 ], [ 82.65501, 24.3977 ], [ 82.65179, 24.39958 ], [ 82.65235, 24.401 ], [ 82.65415, 24.39974 ] ] ], [ [ [ 82.45024, 24.67441 ], [ 82.45262, 24.67462 ], [ 82.45672, 24.67319 ], [ 82.46347, 24.67372 ], [ 82.46669, 24.67485 ], [ 82.46832, 24.67398 ], [ 82.46864, 24.67562 ], [ 82.47283, 24.67566 ], [ 82.47983, 24.67834 ], [ 82.48353, 24.67701 ], [ 82.48829, 24.67322 ], [ 82.48924, 24.67137 ], [ 82.49395, 24.67093 ], [ 82.50506, 24.67164 ], [ 82.51074, 24.67527 ], [ 82.51392, 24.67387 ], [ 82.51741, 24.67344 ], [ 82.52295, 24.67627 ], [ 82.52901, 24.65734 ], [ 82.52978, 24.65253 ], [ 82.53129, 24.6509 ], [ 82.53833, 24.64808 ], [ 82.54045, 24.64792 ], [ 82.57984, 24.65929 ], [ 82.59304, 24.66878 ], [ 82.60718, 24.67554 ], [ 82.6366, 24.68235 ], [ 82.64224, 24.68472 ], [ 82.65747, 24.69511 ], [ 82.66234, 24.69643 ], [ 82.67085, 24.69703 ], [ 82.67615, 24.69071 ], [ 82.68657, 24.68579 ], [ 82.70089, 24.67602 ], [ 82.7018, 24.67166 ], [ 82.69875, 24.66253 ], [ 82.6982, 24.6462 ], [ 82.69936, 24.64376 ], [ 82.7067, 24.63628 ], [ 82.70942, 24.63907 ], [ 82.71204, 24.63934 ], [ 82.71796, 24.64255 ], [ 82.71762, 24.64089 ], [ 82.71868, 24.64113 ], [ 82.7168, 24.63709 ], [ 82.71817, 24.63468 ], [ 82.72284, 24.6384 ], [ 82.72553, 24.6376 ], [ 82.72813, 24.63535 ], [ 82.73009, 24.63783 ], [ 82.73229, 24.64428 ], [ 82.73765, 24.64341 ], [ 82.74106, 24.64162 ], [ 82.74633, 24.64208 ], [ 82.74928, 24.63902 ], [ 82.75309, 24.63695 ], [ 82.75352, 24.64091 ], [ 82.76208, 24.64259 ], [ 82.7743, 24.64177 ], [ 82.77193, 24.6349 ], [ 82.773, 24.62889 ], [ 82.77227, 24.62193 ], [ 82.77562, 24.62046 ], [ 82.77614, 24.61687 ], [ 82.77506, 24.61559 ], [ 82.7754, 24.61466 ], [ 82.77955, 24.61394 ], [ 82.7792, 24.61274 ], [ 82.7774, 24.61165 ], [ 82.77782, 24.61082 ], [ 82.77007, 24.6037 ], [ 82.76989, 24.59897 ], [ 82.76585, 24.59727 ], [ 82.76546, 24.59577 ], [ 82.78017, 24.59462 ], [ 82.78955, 24.59663 ], [ 82.7916, 24.59819 ], [ 82.79653, 24.59707 ], [ 82.80256, 24.59819 ], [ 82.80303, 24.59768 ], [ 82.8032, 24.59244 ], [ 82.80255, 24.59013 ], [ 82.80318, 24.58758 ], [ 82.80198, 24.58598 ], [ 82.80264, 24.58444 ], [ 82.80122, 24.583 ], [ 82.80272, 24.5826 ], [ 82.80308, 24.57912 ], [ 82.80125, 24.57686 ], [ 82.80564, 24.56978 ], [ 82.80501, 24.56923 ], [ 82.8061, 24.5677 ], [ 82.80514, 24.56135 ], [ 82.80594, 24.55998 ], [ 82.80494, 24.55607 ], [ 82.80755, 24.54899 ], [ 82.79523, 24.54581 ], [ 82.79131, 24.54356 ], [ 82.77975, 24.54129 ], [ 82.77202, 24.54088 ], [ 82.75771, 24.53754 ], [ 82.75328, 24.53754 ], [ 82.75153, 24.53772 ], [ 82.75192, 24.5391 ], [ 82.75111, 24.53997 ], [ 82.75275, 24.54057 ], [ 82.7526, 24.54369 ], [ 82.75008, 24.54266 ], [ 82.74904, 24.54355 ], [ 82.75248, 24.54662 ], [ 82.75164, 24.54991 ], [ 82.74755, 24.54978 ], [ 82.7431, 24.55182 ], [ 82.74256, 24.55045 ], [ 82.7431, 24.54697 ], [ 82.74237, 24.54692 ], [ 82.73736, 24.54816 ], [ 82.73313, 24.55103 ], [ 82.72737, 24.55262 ], [ 82.72623, 24.55366 ], [ 82.72313, 24.55401 ], [ 82.72201, 24.55529 ], [ 82.71994, 24.55402 ], [ 82.71923, 24.55203 ], [ 82.72069, 24.55148 ], [ 82.71955, 24.54944 ], [ 82.72116, 24.54567 ], [ 82.72487, 24.54277 ], [ 82.72572, 24.54115 ], [ 82.72804, 24.5399 ], [ 82.72876, 24.53746 ], [ 82.73014, 24.53698 ], [ 82.73103, 24.53508 ], [ 82.72949, 24.53114 ], [ 82.72094, 24.5295 ], [ 82.72348, 24.52547 ], [ 82.72128, 24.52346 ], [ 82.72312, 24.51831 ], [ 82.72063, 24.51403 ], [ 82.72432, 24.50958 ], [ 82.72927, 24.50905 ], [ 82.73592, 24.50174 ], [ 82.74362, 24.49896 ], [ 82.74325, 24.49177 ], [ 82.74107, 24.49 ], [ 82.73993, 24.48711 ], [ 82.74012, 24.48202 ], [ 82.73904, 24.4808 ], [ 82.73373, 24.47857 ], [ 82.73423, 24.47553 ], [ 82.72989, 24.47265 ], [ 82.73098, 24.47089 ], [ 82.73472, 24.47044 ], [ 82.73636, 24.46165 ], [ 82.7348, 24.45678 ], [ 82.7314, 24.45404 ], [ 82.7311, 24.45147 ], [ 82.73311, 24.45024 ], [ 82.73277, 24.44798 ], [ 82.73412, 24.44666 ], [ 82.73228, 24.44329 ], [ 82.73239, 24.43978 ], [ 82.73086, 24.43772 ], [ 82.7327, 24.43696 ], [ 82.73332, 24.43557 ], [ 82.73489, 24.43545 ], [ 82.73235, 24.4315 ], [ 82.73263, 24.43084 ], [ 82.73352, 24.43086 ], [ 82.73439, 24.43238 ], [ 82.73587, 24.43109 ], [ 82.73852, 24.43257 ], [ 82.73937, 24.43217 ], [ 82.7397, 24.42995 ], [ 82.73879, 24.42624 ], [ 82.73705, 24.4251 ], [ 82.73514, 24.42691 ], [ 82.73206, 24.42453 ], [ 82.7303, 24.42605 ], [ 82.7281, 24.42625 ], [ 82.72779, 24.42809 ], [ 82.72623, 24.42892 ], [ 82.72524, 24.42574 ], [ 82.72655, 24.42276 ], [ 82.7263, 24.42169 ], [ 82.72013, 24.42292 ], [ 82.71836, 24.42409 ], [ 82.71789, 24.42111 ], [ 82.71501, 24.418 ], [ 82.70903, 24.42121 ], [ 82.70771, 24.42316 ], [ 82.70368, 24.42082 ], [ 82.6964, 24.42308 ], [ 82.69593, 24.42144 ], [ 82.69671, 24.42029 ], [ 82.69973, 24.42032 ], [ 82.70035, 24.41784 ], [ 82.7027, 24.41644 ], [ 82.70191, 24.41563 ], [ 82.70002, 24.41579 ], [ 82.69922, 24.41333 ], [ 82.70175, 24.41359 ], [ 82.69337, 24.40614 ], [ 82.68959, 24.4069 ], [ 82.68191, 24.40628 ], [ 82.67819, 24.40842 ], [ 82.67204, 24.40961 ], [ 82.67105, 24.4111 ], [ 82.66685, 24.41131 ], [ 82.66661, 24.41043 ], [ 82.66258, 24.4115 ], [ 82.66207, 24.41385 ], [ 82.65547, 24.41479 ], [ 82.6502, 24.41794 ], [ 82.64779, 24.41719 ], [ 82.64965, 24.41507 ], [ 82.64811, 24.41344 ], [ 82.65153, 24.41169 ], [ 82.65002, 24.40916 ], [ 82.65156, 24.4066 ], [ 82.65166, 24.4044 ], [ 82.64953, 24.40494 ], [ 82.64855, 24.40707 ], [ 82.644, 24.40738 ], [ 82.64001, 24.40868 ], [ 82.63803, 24.4082 ], [ 82.63582, 24.40962 ], [ 82.63195, 24.41019 ], [ 82.63094, 24.40913 ], [ 82.6292, 24.40931 ], [ 82.62865, 24.40722 ], [ 82.62659, 24.40793 ], [ 82.62558, 24.40357 ], [ 82.6218, 24.40187 ], [ 82.61588, 24.40421 ], [ 82.61163, 24.40926 ], [ 82.60918, 24.40829 ], [ 82.60388, 24.40949 ], [ 82.60065, 24.41264 ], [ 82.59542, 24.41255 ], [ 82.59151, 24.40993 ], [ 82.58909, 24.40964 ], [ 82.58833, 24.40844 ], [ 82.58635, 24.40904 ], [ 82.58483, 24.40849 ], [ 82.5832, 24.40936 ], [ 82.58044, 24.4084 ], [ 82.57871, 24.40932 ], [ 82.57631, 24.40758 ], [ 82.57276, 24.40695 ], [ 82.57128, 24.4054 ], [ 82.57192, 24.40442 ], [ 82.57028, 24.40381 ], [ 82.57148, 24.40183 ], [ 82.57126, 24.40015 ], [ 82.569, 24.39817 ], [ 82.56585, 24.39718 ], [ 82.5655, 24.39843 ], [ 82.56349, 24.39818 ], [ 82.56122, 24.39723 ], [ 82.55933, 24.39517 ], [ 82.55524, 24.39486 ], [ 82.55401, 24.3925 ], [ 82.55121, 24.39169 ], [ 82.55017, 24.3927 ], [ 82.54852, 24.39274 ], [ 82.54618, 24.39169 ], [ 82.54601, 24.38886 ], [ 82.54478, 24.38808 ], [ 82.54507, 24.38696 ], [ 82.54408, 24.38502 ], [ 82.54268, 24.38491 ], [ 82.54323, 24.38225 ], [ 82.54052, 24.3796 ], [ 82.54112, 24.37904 ], [ 82.53971, 24.37625 ], [ 82.53994, 24.37478 ], [ 82.54082, 24.3746 ], [ 82.5421, 24.37235 ], [ 82.54447, 24.3734 ], [ 82.54462, 24.37256 ], [ 82.54609, 24.37233 ], [ 82.54675, 24.3709 ], [ 82.54559, 24.37037 ], [ 82.54618, 24.36772 ], [ 82.52869, 24.36838 ], [ 82.52669, 24.36341 ], [ 82.52739, 24.36201 ], [ 82.5211, 24.3617 ], [ 82.51959, 24.35568 ], [ 82.50328, 24.35551 ], [ 82.5034, 24.35609 ], [ 82.50619, 24.35594 ], [ 82.50685, 24.35665 ], [ 82.50608, 24.35753 ], [ 82.50087, 24.35854 ], [ 82.47763, 24.3587 ], [ 82.4722, 24.35782 ], [ 82.46899, 24.35636 ], [ 82.46081, 24.35621 ], [ 82.45866, 24.35484 ], [ 82.45819, 24.35543 ], [ 82.45266, 24.35474 ], [ 82.42557, 24.35441 ], [ 82.4235, 24.35343 ], [ 82.42227, 24.34968 ], [ 82.4214, 24.35105 ], [ 82.42027, 24.34991 ], [ 82.41874, 24.35093 ], [ 82.41813, 24.35039 ], [ 82.40132, 24.35304 ], [ 82.39343, 24.35347 ], [ 82.39267, 24.35417 ], [ 82.37685, 24.35623 ], [ 82.37719, 24.35821 ], [ 82.37602, 24.35936 ], [ 82.37765, 24.36042 ], [ 82.38117, 24.36061 ], [ 82.38257, 24.35968 ], [ 82.3843, 24.3602 ], [ 82.3844, 24.35913 ], [ 82.38022, 24.35958 ], [ 82.38207, 24.35698 ], [ 82.38481, 24.35705 ], [ 82.38497, 24.35886 ], [ 82.38611, 24.35908 ], [ 82.38479, 24.3619 ], [ 82.3778, 24.36372 ], [ 82.37002, 24.36286 ], [ 82.36905, 24.35988 ], [ 82.36976, 24.35824 ], [ 82.36902, 24.35755 ], [ 82.36636, 24.35834 ], [ 82.36567, 24.35736 ], [ 82.3623, 24.35665 ], [ 82.36005, 24.35741 ], [ 82.35529, 24.35658 ], [ 82.35451, 24.35913 ], [ 82.3513, 24.35862 ], [ 82.34845, 24.3569 ], [ 82.3479, 24.35801 ], [ 82.34601, 24.35747 ], [ 82.34274, 24.3515 ], [ 82.34112, 24.35214 ], [ 82.33953, 24.35145 ], [ 82.34237, 24.3578 ], [ 82.33584, 24.35856 ], [ 82.32705, 24.35818 ], [ 82.32612, 24.35732 ], [ 82.32552, 24.35781 ], [ 82.32492, 24.35716 ], [ 82.32273, 24.3572 ], [ 82.32274, 24.35598 ], [ 82.32187, 24.35592 ], [ 82.31926, 24.35847 ], [ 82.3166, 24.35921 ], [ 82.31732, 24.35942 ], [ 82.31756, 24.36226 ], [ 82.31833, 24.36306 ], [ 82.31851, 24.36833 ], [ 82.31055, 24.36556 ], [ 82.30972, 24.36749 ], [ 82.32031, 24.37197 ], [ 82.32841, 24.37211 ], [ 82.33131, 24.37549 ], [ 82.3328, 24.37516 ], [ 82.33399, 24.3775 ], [ 82.33597, 24.37815 ], [ 82.33812, 24.3777 ], [ 82.34322, 24.37976 ], [ 82.34421, 24.38072 ], [ 82.34409, 24.38184 ], [ 82.34243, 24.3843 ], [ 82.33145, 24.3809 ], [ 82.3297, 24.384 ], [ 82.32723, 24.38213 ], [ 82.3271, 24.37948 ], [ 82.3219, 24.37749 ], [ 82.32196, 24.37426 ], [ 82.30551, 24.36935 ], [ 82.30117, 24.366 ], [ 82.29975, 24.36338 ], [ 82.28794, 24.36056 ], [ 82.28665, 24.35804 ], [ 82.28508, 24.35913 ], [ 82.28481, 24.36073 ], [ 82.28099, 24.36237 ], [ 82.27906, 24.36424 ], [ 82.28067, 24.36491 ], [ 82.2812, 24.36378 ], [ 82.28482, 24.36603 ], [ 82.2873, 24.36618 ], [ 82.28755, 24.36816 ], [ 82.28631, 24.37033 ], [ 82.27715, 24.36688 ], [ 82.27516, 24.36525 ], [ 82.27482, 24.36356 ], [ 82.27353, 24.36318 ], [ 82.26738, 24.36287 ], [ 82.26528, 24.36337 ], [ 82.26339, 24.36546 ], [ 82.26143, 24.36314 ], [ 82.25831, 24.36189 ], [ 82.24823, 24.36077 ], [ 82.24367, 24.3608 ], [ 82.24152, 24.36195 ], [ 82.22971, 24.36354 ], [ 82.22993, 24.36634 ], [ 82.22621, 24.36531 ], [ 82.22249, 24.3655 ], [ 82.22417, 24.36739 ], [ 82.23807, 24.36981 ], [ 82.24094, 24.37311 ], [ 82.23965, 24.37401 ], [ 82.23645, 24.37269 ], [ 82.23415, 24.3727 ], [ 82.22808, 24.36997 ], [ 82.22236, 24.36952 ], [ 82.21803, 24.36797 ], [ 82.21202, 24.36849 ], [ 82.2072, 24.36718 ], [ 82.19513, 24.36883 ], [ 82.18866, 24.36882 ], [ 82.18592, 24.37062 ], [ 82.18447, 24.37213 ], [ 82.18437, 24.37418 ], [ 82.18354, 24.3751 ], [ 82.18276, 24.3749 ], [ 82.18162, 24.38167 ], [ 82.1909, 24.38314 ], [ 82.19745, 24.38603 ], [ 82.20264, 24.39041 ], [ 82.20433, 24.39287 ], [ 82.20533, 24.39897 ], [ 82.20446, 24.4014 ], [ 82.20089, 24.40541 ], [ 82.19671, 24.41203 ], [ 82.19215, 24.41407 ], [ 82.18847, 24.418 ], [ 82.1879, 24.42146 ], [ 82.18943, 24.42444 ], [ 82.19278, 24.4252 ], [ 82.19642, 24.42368 ], [ 82.1984, 24.42426 ], [ 82.20428, 24.42648 ], [ 82.21601, 24.43581 ], [ 82.21859, 24.43644 ], [ 82.22198, 24.43582 ], [ 82.22546, 24.43627 ], [ 82.23301, 24.43938 ], [ 82.23628, 24.44291 ], [ 82.23787, 24.44589 ], [ 82.23812, 24.46307 ], [ 82.23959, 24.46723 ], [ 82.24255, 24.46788 ], [ 82.2456, 24.46446 ], [ 82.2482, 24.46348 ], [ 82.25233, 24.464 ], [ 82.25655, 24.46614 ], [ 82.25769, 24.47358 ], [ 82.25978, 24.47887 ], [ 82.2636, 24.48074 ], [ 82.26842, 24.47872 ], [ 82.27759, 24.48082 ], [ 82.27853, 24.48184 ], [ 82.27755, 24.48445 ], [ 82.2786, 24.48711 ], [ 82.2879, 24.49734 ], [ 82.29251, 24.5007 ], [ 82.29601, 24.50187 ], [ 82.3034, 24.50216 ], [ 82.31845, 24.50037 ], [ 82.32625, 24.50475 ], [ 82.33791, 24.50977 ], [ 82.34066, 24.5131 ], [ 82.34719, 24.52613 ], [ 82.35184, 24.53214 ], [ 82.35686, 24.53615 ], [ 82.36784, 24.5405 ], [ 82.37142, 24.54423 ], [ 82.37703, 24.55363 ], [ 82.3805, 24.55605 ], [ 82.36252, 24.55849 ], [ 82.36406, 24.56096 ], [ 82.36155, 24.56228 ], [ 82.35997, 24.56633 ], [ 82.35545, 24.5678 ], [ 82.34961, 24.56611 ], [ 82.34831, 24.56793 ], [ 82.34668, 24.56744 ], [ 82.34504, 24.56829 ], [ 82.34536, 24.57121 ], [ 82.34414, 24.57349 ], [ 82.32247, 24.58494 ], [ 82.32048, 24.58957 ], [ 82.32063, 24.59089 ], [ 82.31965, 24.5913 ], [ 82.31905, 24.59064 ], [ 82.31858, 24.58687 ], [ 82.31444, 24.58809 ], [ 82.30741, 24.59189 ], [ 82.30608, 24.59546 ], [ 82.31126, 24.59345 ], [ 82.30856, 24.59741 ], [ 82.30493, 24.59873 ], [ 82.30133, 24.60281 ], [ 82.29868, 24.6045 ], [ 82.30011, 24.60707 ], [ 82.30168, 24.6078 ], [ 82.30255, 24.60705 ], [ 82.31543, 24.60782 ], [ 82.31964, 24.6062 ], [ 82.31997, 24.6089 ], [ 82.32194, 24.60991 ], [ 82.32197, 24.61247 ], [ 82.32961, 24.61844 ], [ 82.33616, 24.62 ], [ 82.33706, 24.61895 ], [ 82.33864, 24.62036 ], [ 82.34433, 24.61553 ], [ 82.34718, 24.61663 ], [ 82.34801, 24.61528 ], [ 82.34963, 24.6151 ], [ 82.35559, 24.60423 ], [ 82.3615, 24.59859 ], [ 82.36477, 24.5972 ], [ 82.37096, 24.59705 ], [ 82.3855, 24.59382 ], [ 82.394, 24.59317 ], [ 82.40197, 24.59136 ], [ 82.40424, 24.5941 ], [ 82.40414, 24.59633 ], [ 82.40641, 24.59476 ], [ 82.4114, 24.59454 ], [ 82.41611, 24.5912 ], [ 82.41715, 24.59435 ], [ 82.41895, 24.59524 ], [ 82.41963, 24.59432 ], [ 82.42008, 24.59481 ], [ 82.41957, 24.59576 ], [ 82.42202, 24.59962 ], [ 82.41081, 24.61374 ], [ 82.41073, 24.61471 ], [ 82.41327, 24.61647 ], [ 82.41261, 24.61878 ], [ 82.41321, 24.62031 ], [ 82.409, 24.62524 ], [ 82.40987, 24.62967 ], [ 82.40968, 24.63542 ], [ 82.41225, 24.63615 ], [ 82.412, 24.63772 ], [ 82.41342, 24.63797 ], [ 82.41515, 24.63999 ], [ 82.41776, 24.64127 ], [ 82.41612, 24.64526 ], [ 82.41845, 24.65172 ], [ 82.41625, 24.65271 ], [ 82.41594, 24.65631 ], [ 82.41202, 24.6597 ], [ 82.4115, 24.66531 ], [ 82.41349, 24.66794 ], [ 82.41389, 24.67017 ], [ 82.40932, 24.6757 ], [ 82.40677, 24.67698 ], [ 82.40868, 24.67933 ], [ 82.4062, 24.68112 ], [ 82.4077, 24.68348 ], [ 82.41577, 24.68949 ], [ 82.415, 24.69125 ], [ 82.4155, 24.69226 ], [ 82.41981, 24.69473 ], [ 82.42766, 24.70214 ], [ 82.43544, 24.70206 ], [ 82.44051, 24.69963 ], [ 82.45303, 24.68854 ], [ 82.45373, 24.68453 ], [ 82.45088, 24.67788 ], [ 82.45024, 24.67441 ] ] ] ] } },
{ "type": "Feature", "properties": { "OBJECTID": 4400, "state_lgd": "23", "state_name": "MADHYA PRADESH", "district_lgd": "463", "district_name": "SINGRAULI", "district_name_source": "district_table", "subdistrict_lgd": "3704", "subdistrict_name": "DEVSAR", "subdistrict_type": "", "name_corrupted": false, "remarks": "", "label_lon": 82.260737731243879, "label_lat": 24.296083899484088 }, "geometry": { "type": "MultiPolygon", "coordinates": [ [ [ [ 82.2688, 24.22202 ], [ 82.27184, 24.22201 ], [ 82.2725, 24.22092 ], [ 82.26937, 24.21621 ], [ 82.26264, 24.21007 ], [ 82.2627, 24.2063 ], [ 82.26187, 24.20612 ], [ 82.26122, 24.20386 ], [ 82.25812, 24.20425 ], [ 82.25559, 24.20359 ], [ 82.25462, 24.20446 ], [ 82.24693, 24.20151 ], [ 82.24785, 24.20876 ], [ 82.24862, 24.20862 ], [ 82.2494, 24.21091 ], [ 82.25212, 24.21336 ], [ 82.25338, 24.21697 ], [ 82.25344, 24.22147 ], [ 82.25674, 24.22552 ], [ 82.25971, 24.22814 ], [ 82.26346, 24.22419 ], [ 82.2688, 24.22202 ] ] ], [ [ [ 82.16459, 24.38198 ], [ 82.17249, 24.3827 ], [ 82.18162, 24.38167 ], [ 82.18276, 24.3749 ], [ 82.18354, 24.3751 ], [ 82.18437, 24.37418 ], [ 82.18428, 24.3726 ], [ 82.18524, 24.3713 ], [ 82.18866, 24.36882 ], [ 82.19513, 24.36883 ], [ 82.20623, 24.36716 ], [ 82.21202, 24.36849 ], [ 82.21803, 24.36797 ], [ 82.22236, 24.36952 ], [ 82.22883, 24.37017 ], [ 82.23415, 24.3727 ], [ 82.23645, 24.37269 ], [ 82.23965, 24.37401 ], [ 82.24094, 24.37311 ], [ 82.23807, 24.36981 ], [ 82.22417, 24.36739 ], [ 82.22249, 24.3655 ], [ 82.22621, 24.36531 ], [ 82.22993, 24.36634 ], [ 82.22971, 24.36354 ], [ 82.24152, 24.36195 ], [ 82.24367, 24.3608 ], [ 82.25748, 24.36166 ], [ 82.26143, 24.36314 ], [ 82.26339, 24.36546 ], [ 82.26528, 24.36337 ], [ 82.26738, 24.36287 ], [ 82.27353, 24.36318 ], [ 82.27482, 24.36356 ], [ 82.27516, 24.36525 ], [ 82.27715, 24.36688 ], [ 82.28631, 24.37033 ], [ 82.28755, 24.36816 ], [ 82.2873, 24.36618 ], [ 82.28482, 24.36603 ], [ 82.2812, 24.36378 ], [ 82.28067, 24.36491 ], [ 82.27906, 24.36424 ], [ 82.28099, 24.36237 ], [ 82.28481, 24.36073 ], [ 82.28508, 24.35913 ], [ 82.28665, 24.35804 ], [ 82.28794, 24.36056 ], [ 82.29975, 24.36338 ], [ 82.30117, 24.366 ], [ 82.30551, 24.36935 ], [ 82.32196, 24.37426 ], [ 82.3219, 24.37749 ], [ 82.3271, 24.37948 ], [ 82.32723, 24.38213 ], [ 82.3297, 24.384 ], [ 82.33145, 24.3809 ], [ 82.34243, 24.3843 ], [ 82.34409, 24.38184 ], [ 82.34421, 24.38072 ], [ 82.34322, 24.37976 ], [ 82.33812, 24.3777 ], [ 82.33597, 24.37815 ], [ 82.33399, 24.3775 ], [ 82.3328, 24.37516 ], [ 82.33131, 24.37549 ], [ 82.32841, 24.37211 ], [ 82.32031, 24.37197 ], [ 82.30972, 24.36749 ], [ 82.31055, 24.36556 ], [ 82.31851, 24.36833 ], [ 82.31833, 24.36306 ], [ 82.31756, 24.36226 ], [ 82.31732, 24.35942 ], [ 82.3166, 24.35921 ], [ 82.31926, 24.35847 ], [ 82.32187, 24.35592 ], [ 82.32274, 24.35598 ], [ 82.32273, 24.3572 ], [ 82.32492, 24.35716 ], [ 82.32552, 24.35781 ], [ 82.32612, 24.35732 ], [ 82.32705, 24.35818 ], [ 82.33584, 24.35856 ], [ 82.34237, 24.3578 ], [ 82.33953, 24.35145 ], [ 82.34112, 24.35214 ], [ 82.34274, 24.3515 ], [ 82.34601, 24.35747 ], [ 82.3479, 24.35801 ], [ 82.34845, 24.3569 ], [ 82.3513, 24.35862 ], [ 82.35451, 24.35913 ], [ 82.35529, 24.35658 ], [ 82.36005, 24.35741 ], [ 82.3623, 24.35665 ], [ 82.36567, 24.35736 ], [ 82.36636, 24.35834 ], [ 82.36902, 24.35755 ], [ 82.36976, 24.35824 ], [ 82.36905, 24.35988 ], [ 82.37002, 24.36286 ], [ 82.3778, 24.36372 ], [ 82.38479, 24.3619 ], [ 82.38611, 24.35908 ], [ 82.38497, 24.35886 ], [ 82.38481, 24.35705 ], [ 82.38207, 24.35698 ], [ 82.38022, 24.35958 ], [ 82.3844, 24.35913 ], [ 82.3843, 24.3602 ], [ 82.38257, 24.35968 ], [ 82.38117, 24.36061 ], [ 82.37765, 24.36042 ], [ 82.37602, 24.35936 ], [ 82.37719, 24.35821 ], [ 82.37685, 24.35623 ], [ 82.39267, 24.35417 ], [ 82.39343, 24.35347 ], [ 82.40132, 24.35304 ], [ 82.41813, 24.35039 ], [ 82.41874, 24.35093 ], [ 82.42027, 24.34991 ], [ 82.4214, 24.35105 ], [ 82.42227, 24.34968 ], [ 82.4235, 24.35343 ], [ 82.42557, 24.35441 ], [ 82.45266, 24.35474 ], [ 82.45819, 24.35543 ], [ 82.45866, 24.35484 ], [ 82.46081, 24.35621 ], [ 82.46899, 24.35636 ], [ 82.4722, 24.35782 ], [ 82.47763, 24.3587 ], [ 82.50087, 24.35854 ], [ 82.50608, 24.35753 ], [ 82.50685, 24.35665 ], [ 82.50619, 24.35594 ], [ 82.5034, 24.35609 ], [ 82.50354, 24.35514 ], [ 82.50277, 24.35478 ], [ 82.49952, 24.35579 ], [ 82.49634, 24.35327 ], [ 82.49999, 24.35144 ], [ 82.50501, 24.3509 ], [ 82.50511, 24.34895 ], [ 82.49231, 24.34915 ], [ 82.48995, 24.34775 ], [ 82.48285, 24.34706 ], [ 82.48291, 24.34554 ], [ 82.4841, 24.34578 ], [ 82.48664, 24.34447 ], [ 82.48632, 24.34341 ], [ 82.48931, 24.34305 ], [ 82.49782, 24.34444 ], [ 82.49912, 24.34378 ], [ 82.4972, 24.34282 ], [ 82.49718, 24.34192 ], [ 82.49987, 24.34133 ], [ 82.50275, 24.34226 ], [ 82.50052, 24.34416 ], [ 82.50122, 24.34481 ], [ 82.50698, 24.34478 ], [ 82.50868, 24.34406 ], [ 82.50637, 24.3428 ], [ 82.51148, 24.34202 ], [ 82.51316, 24.34396 ], [ 82.52, 24.34461 ], [ 82.52287, 24.3457 ], [ 82.52469, 24.34552 ], [ 82.52866, 24.34259 ], [ 82.5233, 24.34192 ], [ 82.5205, 24.34058 ], [ 82.52051, 24.33892 ], [ 82.52226, 24.3385 ], [ 82.52481, 24.33916 ], [ 82.52484, 24.34001 ], [ 82.52712, 24.34005 ], [ 82.52235, 24.33652 ], [ 82.52166, 24.33486 ], [ 82.52243, 24.33343 ], [ 82.51642, 24.33429 ], [ 82.51513, 24.33282 ], [ 82.51535, 24.33153 ], [ 82.51882, 24.33067 ], [ 82.51784, 24.32968 ], [ 82.51144, 24.33013 ], [ 82.50984, 24.33156 ], [ 82.51181, 24.33169 ], [ 82.5124, 24.33359 ], [ 82.51075, 24.33384 ], [ 82.5108, 24.3346 ], [ 82.50921, 24.33469 ], [ 82.50895, 24.33381 ], [ 82.50498, 24.33446 ], [ 82.50406, 24.3335 ], [ 82.49902, 24.33377 ], [ 82.49693, 24.33463 ], [ 82.49637, 24.33593 ], [ 82.49317, 24.33632 ], [ 82.49098, 24.33769 ], [ 82.48863, 24.33554 ], [ 82.48642, 24.33568 ], [ 82.4835, 24.33772 ], [ 82.48174, 24.33639 ], [ 82.47754, 24.33586 ], [ 82.46977, 24.33655 ], [ 82.46518, 24.33572 ], [ 82.46198, 24.33666 ], [ 82.46085, 24.3314 ], [ 82.46216, 24.3314 ], [ 82.46172, 24.33028 ], [ 82.46301, 24.32739 ], [ 82.46274, 24.32261 ], [ 82.46166, 24.31986 ], [ 82.46679, 24.31757 ], [ 82.45615, 24.30569 ], [ 82.44859, 24.30326 ], [ 82.44411, 24.29847 ], [ 82.44221, 24.2979 ], [ 82.4367, 24.29932 ], [ 82.42236, 24.29978 ], [ 82.42375, 24.299 ], [ 82.42226, 24.29743 ], [ 82.43113, 24.29577 ], [ 82.42763, 24.29459 ], [ 82.42613, 24.29306 ], [ 82.42336, 24.29333 ], [ 82.42267, 24.29239 ], [ 82.42006, 24.29356 ], [ 82.41974, 24.29298 ], [ 82.42067, 24.29273 ], [ 82.42016, 24.29199 ], [ 82.42212, 24.29159 ], [ 82.42071, 24.29109 ], [ 82.42059, 24.29008 ], [ 82.41688, 24.29058 ], [ 82.41674, 24.28973 ], [ 82.42136, 24.28862 ], [ 82.42194, 24.28717 ], [ 82.42218, 24.28871 ], [ 82.43027, 24.28731 ], [ 82.43196, 24.28906 ], [ 82.43494, 24.28729 ], [ 82.43492, 24.28427 ], [ 82.43399, 24.28352 ], [ 82.42944, 24.2846 ], [ 82.4277, 24.28316 ], [ 82.42528, 24.28289 ], [ 82.4234, 24.28377 ], [ 82.423, 24.28291 ], [ 82.425, 24.2826 ], [ 82.42607, 24.27941 ], [ 82.42588, 24.27874 ], [ 82.42311, 24.27889 ], [ 82.42188, 24.27815 ], [ 82.41194, 24.28048 ], [ 82.40943, 24.27999 ], [ 82.40785, 24.28103 ], [ 82.404, 24.28092 ], [ 82.39938, 24.26739 ], [ 82.39507, 24.25948 ], [ 82.3897, 24.26037 ], [ 82.38721, 24.25945 ], [ 82.38259, 24.26168 ], [ 82.3798, 24.26145 ], [ 82.37709, 24.26276 ], [ 82.37571, 24.26169 ], [ 82.37298, 24.26175 ], [ 82.37718, 24.25372 ], [ 82.37867, 24.25349 ], [ 82.38563, 24.25723 ], [ 82.38807, 24.25652 ], [ 82.38718, 24.25289 ], [ 82.38962, 24.247 ], [ 82.38685, 24.24506 ], [ 82.38503, 24.2448 ], [ 82.37932, 24.24016 ], [ 82.3782, 24.23826 ], [ 82.37889, 24.23553 ], [ 82.38041, 24.2335 ], [ 82.38047, 24.23036 ], [ 82.3813, 24.22862 ], [ 82.37947, 24.22575 ], [ 82.38161, 24.22458 ], [ 82.38303, 24.22611 ], [ 82.38443, 24.22526 ], [ 82.38575, 24.22157 ], [ 82.38475, 24.22053 ], [ 82.38523, 24.21676 ], [ 82.38293, 24.21507 ], [ 82.38384, 24.21269 ], [ 82.38317, 24.21034 ], [ 82.38214, 24.21031 ], [ 82.38152, 24.20826 ], [ 82.3799, 24.20758 ], [ 82.37662, 24.20791 ], [ 82.37771, 24.20987 ], [ 82.3793, 24.21088 ], [ 82.37907, 24.21383 ], [ 82.38124, 24.21728 ], [ 82.37431, 24.22055 ], [ 82.37252, 24.22027 ], [ 82.36889, 24.21615 ], [ 82.37172, 24.21368 ], [ 82.36967, 24.21172 ], [ 82.37267, 24.20999 ], [ 82.37242, 24.20878 ], [ 82.37337, 24.20798 ], [ 82.37258, 24.20567 ], [ 82.37088, 24.20524 ], [ 82.3706, 24.20369 ], [ 82.37284, 24.20273 ], [ 82.37279, 24.19848 ], [ 82.37483, 24.19744 ], [ 82.37671, 24.19715 ], [ 82.38133, 24.19835 ], [ 82.38323, 24.19714 ], [ 82.38499, 24.19728 ], [ 82.38667, 24.19913 ], [ 82.39039, 24.19789 ], [ 82.39081, 24.19705 ], [ 82.3891, 24.19685 ], [ 82.38532, 24.19081 ], [ 82.38357, 24.1911 ], [ 82.38182, 24.18941 ], [ 82.38363, 24.18864 ], [ 82.38514, 24.18942 ], [ 82.38976, 24.18445 ], [ 82.38943, 24.18251 ], [ 82.38854, 24.18195 ], [ 82.37908, 24.18378 ], [ 82.37847, 24.1812 ], [ 82.37412, 24.17838 ], [ 82.37086, 24.1769 ], [ 82.36622, 24.17752 ], [ 82.36584, 24.17556 ], [ 82.36027, 24.17591 ], [ 82.35627, 24.17815 ], [ 82.3527, 24.17861 ], [ 82.34949, 24.17561 ], [ 82.34248, 24.17539 ], [ 82.34128, 24.17224 ], [ 82.34333, 24.17034 ], [ 82.33783, 24.16533 ], [ 82.33657, 24.16327 ], [ 82.3338, 24.16145 ], [ 82.33272, 24.16195 ], [ 82.3326, 24.16724 ], [ 82.33608, 24.17056 ], [ 82.33969, 24.1717 ], [ 82.33661, 24.17362 ], [ 82.33612, 24.17692 ], [ 82.337, 24.17848 ], [ 82.34305, 24.181 ], [ 82.34273, 24.18213 ], [ 82.34006, 24.18319 ], [ 82.34203, 24.18751 ], [ 82.33814, 24.19008 ], [ 82.33931, 24.19258 ], [ 82.34078, 24.19239 ], [ 82.34118, 24.1954 ], [ 82.33961, 24.19692 ], [ 82.33849, 24.20049 ], [ 82.33948, 24.2025 ], [ 82.33714, 24.20282 ], [ 82.33499, 24.20469 ], [ 82.33377, 24.21082 ], [ 82.3342, 24.21476 ], [ 82.33561, 24.2182 ], [ 82.33591, 24.22285 ], [ 82.33913, 24.2224 ], [ 82.33976, 24.22071 ], [ 82.34075, 24.22032 ], [ 82.34512, 24.22495 ], [ 82.34682, 24.22823 ], [ 82.34535, 24.22972 ], [ 82.34675, 24.23323 ], [ 82.34155, 24.23348 ], [ 82.33408, 24.23194 ], [ 82.33733, 24.22959 ], [ 82.33337, 24.22545 ], [ 82.33191, 24.22546 ], [ 82.33118, 24.22271 ], [ 82.32041, 24.22125 ], [ 82.30232, 24.21656 ], [ 82.29801, 24.21698 ], [ 82.28793, 24.21604 ], [ 82.28907, 24.21984 ], [ 82.28876, 24.22155 ], [ 82.28745, 24.22332 ], [ 82.28457, 24.22274 ], [ 82.28263, 24.22665 ], [ 82.28213, 24.22956 ], [ 82.26773, 24.23354 ], [ 82.26703, 24.23558 ], [ 82.26105, 24.23689 ], [ 82.25321, 24.24891 ], [ 82.24764, 24.25088 ], [ 82.24869, 24.25294 ], [ 82.25222, 24.25179 ], [ 82.25439, 24.25496 ], [ 82.24363, 24.25748 ], [ 82.23684, 24.25754 ], [ 82.23667, 24.25811 ], [ 82.23465, 24.25714 ], [ 82.22427, 24.26002 ], [ 82.21694, 24.25948 ], [ 82.21613, 24.26013 ], [ 82.21459, 24.25925 ], [ 82.21332, 24.25669 ], [ 82.21365, 24.25427 ], [ 82.21497, 24.2529 ], [ 82.21426, 24.24943 ], [ 82.19136, 24.24881 ], [ 82.19036, 24.24815 ], [ 82.19041, 24.24589 ], [ 82.18815, 24.24187 ], [ 82.18608, 24.24285 ], [ 82.1798, 24.24284 ], [ 82.1781, 24.24234 ], [ 82.17817, 24.23824 ], [ 82.17018, 24.23823 ], [ 82.15884, 24.23461 ], [ 82.15665, 24.23554 ], [ 82.15637, 24.23489 ], [ 82.15534, 24.23506 ], [ 82.15379, 24.22978 ], [ 82.15077, 24.22753 ], [ 82.14844, 24.22754 ], [ 82.14532, 24.22951 ], [ 82.14626, 24.23155 ], [ 82.14606, 24.23396 ], [ 82.1496, 24.23551 ], [ 82.14964, 24.23624 ], [ 82.14513, 24.23781 ], [ 82.14236, 24.23754 ], [ 82.14108, 24.23838 ], [ 82.13556, 24.2364 ], [ 82.13617, 24.23438 ], [ 82.13579, 24.23209 ], [ 82.1318, 24.22913 ], [ 82.12292, 24.22913 ], [ 82.1209, 24.23024 ], [ 82.10963, 24.22856 ], [ 82.10317, 24.22518 ], [ 82.1012, 24.22316 ], [ 82.1008, 24.22563 ], [ 82.09422, 24.2274 ], [ 82.09407, 24.22888 ], [ 82.09537, 24.22985 ], [ 82.09531, 24.23099 ], [ 82.09359, 24.23086 ], [ 82.09315, 24.23359 ], [ 82.09562, 24.23412 ], [ 82.09521, 24.23574 ], [ 82.09394, 24.23617 ], [ 82.09426, 24.2379 ], [ 82.09264, 24.23747 ], [ 82.09081, 24.23455 ], [ 82.09073, 24.23922 ], [ 82.08906, 24.23888 ], [ 82.08613, 24.24138 ], [ 82.08658, 24.24233 ], [ 82.08789, 24.24186 ], [ 82.0875, 24.24286 ], [ 82.09088, 24.24378 ], [ 82.09028, 24.24525 ], [ 82.09309, 24.24591 ], [ 82.09271, 24.25011 ], [ 82.08536, 24.24996 ], [ 82.08473, 24.25091 ], [ 82.08058, 24.25134 ], [ 82.07943, 24.25193 ], [ 82.07926, 24.25311 ], [ 82.07558, 24.25411 ], [ 82.07538, 24.25587 ], [ 82.07421, 24.25702 ], [ 82.0723, 24.25497 ], [ 82.07129, 24.2549 ], [ 82.06764, 24.24976 ], [ 82.06603, 24.25379 ], [ 82.06011, 24.24821 ], [ 82.05763, 24.25068 ], [ 82.0566, 24.24862 ], [ 82.05493, 24.24775 ], [ 82.05276, 24.24949 ], [ 82.05405, 24.25104 ], [ 82.05096, 24.25278 ], [ 82.05097, 24.25628 ], [ 82.04593, 24.25689 ], [ 82.04448, 24.2533 ], [ 82.0375, 24.25458 ], [ 82.03392, 24.2542 ], [ 82.03349, 24.25041 ], [ 82.03186, 24.25219 ], [ 82.03041, 24.2566 ], [ 82.02884, 24.25594 ], [ 82.02631, 24.26068 ], [ 82.02766, 24.26397 ], [ 82.02755, 24.26625 ], [ 82.0322, 24.26947 ], [ 82.03981, 24.2785 ], [ 82.04201, 24.283 ], [ 82.04264, 24.28673 ], [ 82.03996, 24.29197 ], [ 82.03284, 24.29809 ], [ 82.03213, 24.3009 ], [ 82.03286, 24.30319 ], [ 82.04236, 24.30709 ], [ 82.05429, 24.30888 ], [ 82.05904, 24.30771 ], [ 82.06551, 24.30137 ], [ 82.06907, 24.30164 ], [ 82.09069, 24.30921 ], [ 82.0988, 24.31489 ], [ 82.11443, 24.3187 ], [ 82.11754, 24.32173 ], [ 82.11677, 24.32606 ], [ 82.11526, 24.32857 ], [ 82.10777, 24.335 ], [ 82.10715, 24.33834 ], [ 82.10964, 24.34442 ], [ 82.10982, 24.34759 ], [ 82.11113, 24.35096 ], [ 82.11547, 24.35778 ], [ 82.11869, 24.35975 ], [ 82.12552, 24.36026 ], [ 82.13224, 24.36221 ], [ 82.13594, 24.35927 ], [ 82.13726, 24.35933 ], [ 82.14106, 24.35698 ], [ 82.14331, 24.35749 ], [ 82.14815, 24.36032 ], [ 82.15426, 24.36092 ], [ 82.15622, 24.3604 ], [ 82.16073, 24.35648 ], [ 82.16357, 24.35637 ], [ 82.16562, 24.35738 ], [ 82.16638, 24.36043 ], [ 82.16048, 24.37043 ], [ 82.15744, 24.37772 ], [ 82.15453, 24.38185 ], [ 82.14994, 24.38611 ], [ 82.14994, 24.38715 ], [ 82.15192, 24.38882 ], [ 82.15867, 24.38859 ], [ 82.16208, 24.3869 ], [ 82.16459, 24.38198 ] ] ], [ [ [ 82.50248, 24.30602 ], [ 82.49584, 24.30701 ], [ 82.4954, 24.30826 ], [ 82.50126, 24.31007 ], [ 82.50307, 24.31151 ], [ 82.50423, 24.31387 ], [ 82.5105, 24.31119 ], [ 82.50702, 24.30858 ], [ 82.5057, 24.30635 ], [ 82.50248, 24.30602 ] ] ] ] } },
{ "type": "Feature", "properties": { "OBJECTID": 4401, "state_lgd": "23", "state_name": "MADHYA PRADESH", "district_lgd": "463", "district_name": "SINGRAULI", "district_name_source": "district_table", "subdistrict_lgd": "7400", "subdistrict_name": "DUDHAMANIYA", "subdistrict_type": "", "name_corrupted": false, "remarks": "", "label_lon": 82.636506937177998, "label_lat": 24.306463578393213 }, "geometry": { "type": "Polygon", "coordinates": [ [ [ 82.7281, 24.42625 ], [ 82.73072, 24.42587 ], [ 82.73206, 24.42453 ], [ 82.73549, 24.42688 ], [ 82.73705, 24.4251 ], [ 82.72553, 24.41927 ], [ 82.722, 24.41414 ], [ 82.72089, 24.40609 ], [ 82.71513, 24.38963 ], [ 82.71321, 24.38024 ], [ 82.71578, 24.38005 ], [ 82.71913, 24.37833 ], [ 82.72002, 24.37634 ], [ 82.71887, 24.37474 ], [ 82.71902, 24.37357 ], [ 82.72044, 24.37204 ], [ 82.72299, 24.37117 ], [ 82.72375, 24.3682 ], [ 82.72597, 24.36794 ], [ 82.72817, 24.36899 ], [ 82.72878, 24.36795 ], [ 82.73195, 24.36947 ], [ 82.73565, 24.36771 ], [ 82.73982, 24.36736 ], [ 82.74414, 24.37047 ], [ 82.7481, 24.36965 ], [ 82.75205, 24.37084 ], [ 82.7559, 24.36963 ], [ 82.75643, 24.37039 ], [ 82.75436, 24.37278 ], [ 82.7549, 24.37409 ], [ 82.76037, 24.37368 ], [ 82.76083, 24.37475 ], [ 82.75963, 24.37673 ], [ 82.7602, 24.37734 ], [ 82.76401, 24.37627 ], [ 82.76519, 24.3748 ], [ 82.76359, 24.37264 ], [ 82.76392, 24.37046 ], [ 82.76892, 24.3709 ], [ 82.7697, 24.36955 ], [ 82.76881, 24.36843 ], [ 82.76873, 24.36633 ], [ 82.76597, 24.36621 ], [ 82.76514, 24.36522 ], [ 82.76516, 24.36313 ], [ 82.76741, 24.36085 ], [ 82.76557, 24.35994 ], [ 82.76688, 24.35816 ], [ 82.76494, 24.35668 ], [ 82.7645, 24.35425 ], [ 82.76796, 24.35285 ], [ 82.76771, 24.3498 ], [ 82.76929, 24.34843 ], [ 82.76924, 24.34664 ], [ 82.77364, 24.34342 ], [ 82.77271, 24.34256 ], [ 82.77139, 24.34331 ], [ 82.77099, 24.34152 ], [ 82.76932, 24.34187 ], [ 82.76838, 24.3392 ], [ 82.76863, 24.33546 ], [ 82.76993, 24.33301 ], [ 82.7671, 24.33029 ], [ 82.7715, 24.32816 ], [ 82.76894, 24.32403 ], [ 82.76788, 24.31852 ], [ 82.76844, 24.31677 ], [ 82.76595, 24.3157 ], [ 82.7661, 24.31327 ], [ 82.77001, 24.31106 ], [ 82.77094, 24.30862 ], [ 82.77322, 24.30736 ], [ 82.77221, 24.30431 ], [ 82.77151, 24.29504 ], [ 82.76989, 24.28984 ], [ 82.76687, 24.28426 ], [ 82.76721, 24.28333 ], [ 82.7622, 24.26958 ], [ 82.75616, 24.26142 ], [ 82.7555, 24.25584 ], [ 82.75788, 24.25 ], [ 82.75949, 24.24117 ], [ 82.75929, 24.23706 ], [ 82.75, 24.22637 ], [ 82.74487, 24.22606 ], [ 82.73648, 24.22295 ], [ 82.73471, 24.21731 ], [ 82.73567, 24.21318 ], [ 82.731, 24.21208 ], [ 82.71884, 24.21206 ], [ 82.71712, 24.21358 ], [ 82.71483, 24.21393 ], [ 82.70975, 24.217 ], [ 82.70919, 24.21949 ], [ 82.70524, 24.22168 ], [ 82.70529, 24.22562 ], [ 82.68646, 24.22982 ], [ 82.68629, 24.23137 ], [ 82.68262, 24.22994 ], [ 82.67847, 24.22993 ], [ 82.67459, 24.23101 ], [ 82.67416, 24.23218 ], [ 82.67134, 24.23296 ], [ 82.66854, 24.22563 ], [ 82.66766, 24.22479 ], [ 82.6654, 24.22472 ], [ 82.66425, 24.22495 ], [ 82.66501, 24.22626 ], [ 82.66274, 24.22894 ], [ 82.66367, 24.23178 ], [ 82.6563, 24.2326 ], [ 82.65477, 24.23355 ], [ 82.65337, 24.23269 ], [ 82.64921, 24.23359 ], [ 82.64754, 24.23175 ], [ 82.64846, 24.23149 ], [ 82.64821, 24.23077 ], [ 82.64556, 24.22706 ], [ 82.64275, 24.21332 ], [ 82.64455, 24.2123 ], [ 82.64537, 24.21032 ], [ 82.63911, 24.21056 ], [ 82.63317, 24.20948 ], [ 82.63101, 24.20749 ], [ 82.63034, 24.20486 ], [ 82.62877, 24.20278 ], [ 82.62421, 24.20285 ], [ 82.62162, 24.2013 ], [ 82.60966, 24.20267 ], [ 82.60642, 24.20127 ], [ 82.60635, 24.20037 ], [ 82.60988, 24.19478 ], [ 82.60912, 24.19378 ], [ 82.60538, 24.19473 ], [ 82.60476, 24.19384 ], [ 82.60144, 24.19516 ], [ 82.6013, 24.19724 ], [ 82.5987, 24.19796 ], [ 82.59921, 24.19959 ], [ 82.5958, 24.20021 ], [ 82.59633, 24.20157 ], [ 82.58434, 24.19933 ], [ 82.57975, 24.19591 ], [ 82.57588, 24.20074 ], [ 82.57173, 24.20192 ], [ 82.56999, 24.20589 ], [ 82.56658, 24.20644 ], [ 82.56612, 24.20423 ], [ 82.56401, 24.20469 ], [ 82.56433, 24.20537 ], [ 82.56321, 24.2052 ], [ 82.56283, 24.20641 ], [ 82.56169, 24.20654 ], [ 82.56189, 24.20728 ], [ 82.55891, 24.20777 ], [ 82.5583, 24.20927 ], [ 82.55719, 24.20931 ], [ 82.5567, 24.2112 ], [ 82.55533, 24.21189 ], [ 82.5524, 24.20805 ], [ 82.55028, 24.20782 ], [ 82.55081, 24.2073 ], [ 82.54996, 24.20521 ], [ 82.54325, 24.20786 ], [ 82.54444, 24.21127 ], [ 82.54365, 24.21157 ], [ 82.54112, 24.2118 ], [ 82.5387, 24.20977 ], [ 82.53531, 24.20963 ], [ 82.53292, 24.21232 ], [ 82.532, 24.21119 ], [ 82.53012, 24.21287 ], [ 82.52844, 24.21183 ], [ 82.52789, 24.21407 ], [ 82.52674, 24.21382 ], [ 82.52567, 24.21458 ], [ 82.52586, 24.21587 ], [ 82.52452, 24.2161 ], [ 82.52451, 24.21782 ], [ 82.52279, 24.21855 ], [ 82.52355, 24.21926 ], [ 82.52236, 24.21938 ], [ 82.5219, 24.2204 ], [ 82.51837, 24.22062 ], [ 82.51632, 24.21943 ], [ 82.51445, 24.22015 ], [ 82.51247, 24.21954 ], [ 82.50847, 24.22178 ], [ 82.50802, 24.2231 ], [ 82.50211, 24.22467 ], [ 82.49989, 24.22759 ], [ 82.49762, 24.22736 ], [ 82.49717, 24.2294 ], [ 82.49999, 24.23461 ], [ 82.49957, 24.23675 ], [ 82.50012, 24.23811 ], [ 82.50427, 24.24199 ], [ 82.5165, 24.24118 ], [ 82.51768, 24.24191 ], [ 82.506, 24.2449 ], [ 82.50254, 24.24714 ], [ 82.49912, 24.25091 ], [ 82.50188, 24.25115 ], [ 82.50191, 24.25219 ], [ 82.50361, 24.25259 ], [ 82.50417, 24.25208 ], [ 82.50758, 24.25255 ], [ 82.51187, 24.25643 ], [ 82.51293, 24.25833 ], [ 82.51148, 24.26196 ], [ 82.51233, 24.26232 ], [ 82.51215, 24.2637 ], [ 82.50815, 24.26742 ], [ 82.50891, 24.26907 ], [ 82.50695, 24.26961 ], [ 82.50706, 24.27114 ], [ 82.50498, 24.27436 ], [ 82.50441, 24.27651 ], [ 82.50565, 24.27883 ], [ 82.50532, 24.27959 ], [ 82.50695, 24.27927 ], [ 82.50951, 24.28097 ], [ 82.51507, 24.28119 ], [ 82.5184, 24.28043 ], [ 82.51905, 24.28446 ], [ 82.52072, 24.28484 ], [ 82.52253, 24.28442 ], [ 82.52381, 24.28272 ], [ 82.52988, 24.28416 ], [ 82.531, 24.28678 ], [ 82.52873, 24.28678 ], [ 82.52894, 24.28781 ], [ 82.53716, 24.2929 ], [ 82.53889, 24.29551 ], [ 82.53646, 24.29699 ], [ 82.53417, 24.29432 ], [ 82.53359, 24.29541 ], [ 82.5325, 24.29538 ], [ 82.53325, 24.29771 ], [ 82.53121, 24.29802 ], [ 82.53058, 24.2971 ], [ 82.52699, 24.29589 ], [ 82.51917, 24.29967 ], [ 82.51744, 24.29932 ], [ 82.51328, 24.30475 ], [ 82.51737, 24.30596 ], [ 82.51966, 24.31354 ], [ 82.51851, 24.31448 ], [ 82.52103, 24.31675 ], [ 82.52035, 24.31787 ], [ 82.51193, 24.31911 ], [ 82.51437, 24.32335 ], [ 82.51279, 24.32745 ], [ 82.5139, 24.32983 ], [ 82.51784, 24.32968 ], [ 82.5188, 24.33046 ], [ 82.51535, 24.33153 ], [ 82.51513, 24.33282 ], [ 82.51642, 24.33429 ], [ 82.52243, 24.33343 ], [ 82.52166, 24.33486 ], [ 82.52235, 24.33652 ], [ 82.52712, 24.34005 ], [ 82.52484, 24.34001 ], [ 82.52481, 24.33916 ], [ 82.52226, 24.3385 ], [ 82.52051, 24.33892 ], [ 82.5205, 24.34058 ], [ 82.5233, 24.34192 ], [ 82.52864, 24.34244 ], [ 82.52866, 24.34312 ], [ 82.52613, 24.344 ], [ 82.52469, 24.34552 ], [ 82.52287, 24.3457 ], [ 82.52, 24.34461 ], [ 82.51316, 24.34396 ], [ 82.51148, 24.34202 ], [ 82.50637, 24.3428 ], [ 82.50868, 24.34406 ], [ 82.50698, 24.34478 ], [ 82.50122, 24.34481 ], [ 82.50052, 24.34416 ], [ 82.50275, 24.34226 ], [ 82.49987, 24.34133 ], [ 82.49718, 24.34192 ], [ 82.4972, 24.34282 ], [ 82.49912, 24.34378 ], [ 82.49782, 24.34444 ], [ 82.48931, 24.34305 ], [ 82.48632, 24.34341 ], [ 82.48664, 24.34447 ], [ 82.4841, 24.34578 ], [ 82.48291, 24.34554 ], [ 82.48285, 24.34706 ], [ 82.48995, 24.34775 ], [ 82.49108, 24.34886 ], [ 82.49462, 24.34935 ], [ 82.50491, 24.34882 ], [ 82.50552, 24.34939 ], [ 82.50501, 24.3509 ], [ 82.49999, 24.35144 ], [ 82.49636, 24.35324 ], [ 82.49686, 24.35427 ], [ 82.49961, 24.35582 ], [ 82.50184, 24.35476 ], [ 82.50324, 24.35492 ], [ 82.50328, 24.35551 ], [ 82.51301, 24.35603 ], [ 82.51959, 24.35568 ], [ 82.5211, 24.3617 ], [ 82.52739, 24.36201 ], [ 82.52669, 24.36341 ], [ 82.52869, 24.36838 ], [ 82.54618, 24.36772 ], [ 82.54559, 24.37037 ], [ 82.54675, 24.3709 ], [ 82.54609, 24.37233 ], [ 82.54462, 24.37256 ], [ 82.54447, 24.3734 ], [ 82.5421, 24.37235 ], [ 82.54082, 24.3746 ], [ 82.53994, 24.37478 ], [ 82.53971, 24.37625 ], [ 82.54112, 24.37904 ], [ 82.54052, 24.3796 ], [ 82.54323, 24.38225 ], [ 82.54268, 24.38491 ], [ 82.54408, 24.38502 ], [ 82.54507, 24.38696 ], [ 82.54478, 24.38808 ], [ 82.54601, 24.38886 ], [ 82.54618, 24.39169 ], [ 82.54852, 24.39274 ], [ 82.55017, 24.3927 ], [ 82.55121, 24.39169 ], [ 82.55401, 24.3925 ], [ 82.55524, 24.39486 ], [ 82.55933, 24.39517 ], [ 82.56122, 24.39723 ], [ 82.56349, 24.39818 ], [ 82.5655, 24.39843 ], [ 82.56585, 24.39718 ], [ 82.569, 24.39817 ], [ 82.57126, 24.40015 ], [ 82.57148, 24.40183 ], [ 82.57028, 24.40381 ], [ 82.57192, 24.40442 ], [ 82.57128, 24.4054 ], [ 82.57276, 24.40695 ], [ 82.57631, 24.40758 ], [ 82.57871, 24.40932 ], [ 82.58044, 24.4084 ], [ 82.5832, 24.40936 ], [ 82.58483, 24.40849 ], [ 82.58635, 24.40904 ], [ 82.58833, 24.40844 ], [ 82.58909, 24.40964 ], [ 82.59151, 24.40993 ], [ 82.59542, 24.41255 ], [ 82.60065, 24.41264 ], [ 82.60388, 24.40949 ], [ 82.60918, 24.40829 ], [ 82.61163, 24.40926 ], [ 82.61588, 24.40421 ], [ 82.6218, 24.40187 ], [ 82.62558, 24.40357 ], [ 82.62659, 24.40793 ], [ 82.62865, 24.40722 ], [ 82.6292, 24.40931 ], [ 82.63094, 24.40913 ], [ 82.63195, 24.41019 ], [ 82.63582, 24.40962 ], [ 82.63803, 24.4082 ], [ 82.64001, 24.40868 ], [ 82.644, 24.40738 ], [ 82.64855, 24.40707 ], [ 82.64953, 24.40494 ], [ 82.65166, 24.4044 ], [ 82.65156, 24.4066 ], [ 82.65002, 24.40916 ], [ 82.65153, 24.41169 ], [ 82.64811, 24.41344 ], [ 82.64965, 24.41507 ], [ 82.64779, 24.41719 ], [ 82.6502, 24.41794 ], [ 82.65547, 24.41479 ], [ 82.66207, 24.41385 ], [ 82.66258, 24.4115 ], [ 82.66661, 24.41043 ], [ 82.66685, 24.41131 ], [ 82.67105, 24.4111 ], [ 82.67204, 24.40961 ], [ 82.67819, 24.40842 ], [ 82.68191, 24.40628 ], [ 82.68959, 24.4069 ], [ 82.69337, 24.40614 ], [ 82.70175, 24.41359 ], [ 82.69922, 24.41333 ], [ 82.70002, 24.41579 ], [ 82.70191, 24.41563 ], [ 82.7027, 24.41644 ], [ 82.70035, 24.41784 ], [ 82.69973, 24.42032 ], [ 82.69671, 24.42029 ], [ 82.69593, 24.42144 ], [ 82.6964, 24.42308 ], [ 82.70368, 24.42082 ], [ 82.70771, 24.42316 ], [ 82.70903, 24.42121 ], [ 82.71501, 24.418 ], [ 82.71789, 24.42111 ], [ 82.71836, 24.42409 ], [ 82.72013, 24.42292 ], [ 82.7263, 24.42169 ], [ 82.72655, 24.42276 ], [ 82.72524, 24.42574 ], [ 82.72623, 24.42892 ], [ 82.72779, 24.42809 ], [ 82.7281, 24.42625 ] ], [ [ 82.65501, 24.3977 ], [ 82.65637, 24.39857 ], [ 82.6563, 24.39994 ], [ 82.65358, 24.39988 ], [ 82.65235, 24.401 ], [ 82.65193, 24.39915 ], [ 82.65501, 24.3977 ] ] ] } },
{ "type": "Feature", "properties": { "OBJECTID": 4402, "state_lgd": "23", "state_name": "MADHYA PRADESH", "district_lgd": "463", "district_name": "SINGRAULI", "district_name_source": "district_table", "subdistrict_lgd": "6825", "subdistrict_name": "MADA", "subdistrict_type": "", "name_corrupted": false, "remarks": "", "label_lon": 82.455144747753735, "label_lat": 23.903790832965829 }, "geometry": { "type": "Polygon", "coordinates": [ [ [ 82.46109, 24.07205 ], [ 82.46671, 24.06647 ], [ 82.46813, 24.06626 ], [ 82.46867, 24.06329 ], [ 82.47118, 24.06202 ], [ 82.47009, 24.05987 ], [ 82.46699, 24.06188 ], [ 82.46623, 24.06056 ], [ 82.46633, 24.05874 ], [ 82.46816, 24.05703 ], [ 82.46802, 24.05376 ], [ 82.47016, 24.054 ], [ 82.47127, 24.05256 ], [ 82.47322, 24.05318 ], [ 82.47368, 24.05258 ], [ 82.47672, 24.05255 ], [ 82.47732, 24.0532 ], [ 82.47824, 24.05281 ], [ 82.47817, 24.05348 ], [ 82.48086, 24.05331 ], [ 82.48092, 24.05516 ], [ 82.48449, 24.05363 ], [ 82.48762, 24.05317 ], [ 82.48776, 24.05433 ], [ 82.48949, 24.0542 ], [ 82.4989, 24.05198 ], [ 82.50134, 24.05016 ], [ 82.50202, 24.04658 ], [ 82.50757, 24.04564 ], [ 82.50676, 24.04348 ], [ 82.50714, 24.04183 ], [ 82.51003, 24.04198 ], [ 82.50844, 24.03984 ], [ 82.51607, 24.03854 ], [ 82.51689, 24.03513 ], [ 82.51858, 24.03355 ], [ 82.51761, 24.02992 ], [ 82.51619, 24.02918 ], [ 82.51645, 24.02784 ], [ 82.51564, 24.02676 ], [ 82.5169, 24.02454 ], [ 82.51471, 24.02287 ], [ 82.51672, 24.0209 ], [ 82.51529, 24.01205 ], [ 82.51793, 24.00985 ], [ 82.51827, 24.00621 ], [ 82.52052, 24.00492 ], [ 82.52239, 24.00081 ], [ 82.521, 23.99996 ], [ 82.51958, 24.0002 ], [ 82.51853, 24.00165 ], [ 82.51574, 23.9998 ], [ 82.51296, 23.99924 ], [ 82.51264, 23.99827 ], [ 82.51583, 23.99461 ], [ 82.51094, 23.99125 ], [ 82.51162, 23.99096 ], [ 82.51219, 23.98733 ], [ 82.51467, 23.9842 ], [ 82.5182, 23.97024 ], [ 82.52088, 23.96871 ], [ 82.52065, 23.96636 ], [ 82.52693, 23.96281 ], [ 82.52702, 23.96077 ], [ 82.52867, 23.96016 ], [ 82.52985, 23.96091 ], [ 82.53183, 23.96001 ], [ 82.53339, 23.96131 ], [ 82.53457, 23.9599 ], [ 82.53789, 23.95982 ], [ 82.54048, 23.96121 ], [ 82.5432, 23.96127 ], [ 82.55136, 23.95797 ], [ 82.55293, 23.96101 ], [ 82.55846, 23.95975 ], [ 82.56604, 23.95426 ], [ 82.57618, 23.95229 ], [ 82.57749, 23.95018 ], [ 82.58231, 23.9478 ], [ 82.58511, 23.94458 ], [ 82.58472, 23.93914 ], [ 82.58614, 23.93408 ], [ 82.59258, 23.92573 ], [ 82.59875, 23.92684 ], [ 82.59984, 23.9284 ], [ 82.60218, 23.92906 ], [ 82.60568, 23.93262 ], [ 82.60607, 23.93368 ], [ 82.60473, 23.93579 ], [ 82.60482, 23.9377 ], [ 82.60631, 23.93883 ], [ 82.60618, 23.93953 ], [ 82.60725, 23.93939 ], [ 82.60612, 23.94052 ], [ 82.6077, 23.94086 ], [ 82.60877, 23.94356 ], [ 82.61262, 23.94231 ], [ 82.61355, 23.94496 ], [ 82.61558, 23.9461 ], [ 82.61608, 23.94754 ], [ 82.6188, 23.94685 ], [ 82.6181, 23.94514 ], [ 82.61884, 23.9444 ], [ 82.62439, 23.94517 ], [ 82.62319, 23.9462 ], [ 82.62761, 23.94932 ], [ 82.62701, 23.95295 ], [ 82.63171, 23.95893 ], [ 82.63044, 23.96086 ], [ 82.63191, 23.96248 ], [ 82.63197, 23.95978 ], [ 82.63366, 23.95829 ], [ 82.6334, 23.95749 ], [ 82.63538, 23.9545 ], [ 82.63537, 23.95239 ], [ 82.63689, 23.95091 ], [ 82.63634, 23.95061 ], [ 82.63768, 23.9474 ], [ 82.63741, 23.94574 ], [ 82.63886, 23.94396 ], [ 82.64051, 23.94397 ], [ 82.64059, 23.9424 ], [ 82.64479, 23.93673 ], [ 82.64431, 23.93289 ], [ 82.64556, 23.92972 ], [ 82.64468, 23.9274 ], [ 82.64898, 23.92763 ], [ 82.65104, 23.9263 ], [ 82.65363, 23.92611 ], [ 82.65814, 23.92884 ], [ 82.65926, 23.92836 ], [ 82.66115, 23.93036 ], [ 82.66438, 23.93036 ], [ 82.66435, 23.93116 ], [ 82.667, 23.93158 ], [ 82.66907, 23.93436 ], [ 82.67128, 23.93518 ], [ 82.67192, 23.94092 ], [ 82.67348, 23.94185 ], [ 82.67589, 23.94171 ], [ 82.67694, 23.93449 ], [ 82.67933, 23.92922 ], [ 82.6896, 23.92158 ], [ 82.69289, 23.91796 ], [ 82.69155, 23.91377 ], [ 82.68936, 23.9121 ], [ 82.68888, 23.9098 ], [ 82.6834, 23.90929 ], [ 82.68058, 23.90715 ], [ 82.67638, 23.90925 ], [ 82.67466, 23.90674 ], [ 82.67114, 23.90579 ], [ 82.66839, 23.90723 ], [ 82.66159, 23.90764 ], [ 82.6576, 23.90254 ], [ 82.652, 23.89186 ], [ 82.65106, 23.88948 ], [ 82.65123, 23.88676 ], [ 82.66142, 23.87814 ], [ 82.66374, 23.87718 ], [ 82.66545, 23.8739 ], [ 82.66845, 23.87179 ], [ 82.66438, 23.8646 ], [ 82.66448, 23.86255 ], [ 82.66142, 23.86363 ], [ 82.66022, 23.86284 ], [ 82.66021, 23.86037 ], [ 82.66155, 23.85722 ], [ 82.66079, 23.85545 ], [ 82.6585, 23.85453 ], [ 82.65157, 23.85548 ], [ 82.65058, 23.85685 ], [ 82.65292, 23.85775 ], [ 82.65287, 23.85879 ], [ 82.65056, 23.85915 ], [ 82.64958, 23.86025 ], [ 82.64683, 23.85914 ], [ 82.64721, 23.85597 ], [ 82.6451, 23.85511 ], [ 82.64718, 23.85369 ], [ 82.64623, 23.85067 ], [ 82.64714, 23.84872 ], [ 82.64244, 23.84694 ], [ 82.63814, 23.84798 ], [ 82.63674, 23.84448 ], [ 82.63917, 23.84165 ], [ 82.63534, 23.83771 ], [ 82.62954, 23.83879 ], [ 82.60752, 23.83328 ], [ 82.60444, 23.83216 ], [ 82.60224, 23.8303 ], [ 82.59995, 23.82653 ], [ 82.58862, 23.82144 ], [ 82.58361, 23.82071 ], [ 82.58181, 23.82301 ], [ 82.57922, 23.82241 ], [ 82.57776, 23.82423 ], [ 82.57319, 23.82406 ], [ 82.56937, 23.8203 ], [ 82.56476, 23.82074 ], [ 82.56322, 23.82285 ], [ 82.55483, 23.82535 ], [ 82.55425, 23.8262 ], [ 82.54674, 23.82619 ], [ 82.54749, 23.82255 ], [ 82.53934, 23.82306 ], [ 82.53307, 23.82215 ], [ 82.53355, 23.82023 ], [ 82.53834, 23.82019 ], [ 82.53949, 23.81899 ], [ 82.53879, 23.81637 ], [ 82.54844, 23.80855 ], [ 82.54982, 23.80391 ], [ 82.55147, 23.79064 ], [ 82.54788, 23.79072 ], [ 82.547, 23.79174 ], [ 82.54357, 23.79136 ], [ 82.5428, 23.7923 ], [ 82.54181, 23.79149 ], [ 82.53813, 23.79425 ], [ 82.53549, 23.7908 ], [ 82.53101, 23.78903 ], [ 82.52446, 23.78374 ], [ 82.51531, 23.78446 ], [ 82.51097, 23.78602 ], [ 82.50634, 23.78478 ], [ 82.50072, 23.78562 ], [ 82.49799, 23.78562 ], [ 82.4974, 23.7849 ], [ 82.48893, 23.78995 ], [ 82.48802, 23.79336 ], [ 82.48463, 23.79722 ], [ 82.48418, 23.80035 ], [ 82.48271, 23.80197 ], [ 82.47999, 23.80183 ], [ 82.47919, 23.80246 ], [ 82.47906, 23.80595 ], [ 82.47411, 23.80745 ], [ 82.47127, 23.81029 ], [ 82.46926, 23.81106 ], [ 82.46496, 23.81048 ], [ 82.45864, 23.81176 ], [ 82.45378, 23.81155 ], [ 82.45021, 23.80919 ], [ 82.44943, 23.80684 ], [ 82.44691, 23.80455 ], [ 82.44141, 23.80397 ], [ 82.44065, 23.80279 ], [ 82.43791, 23.80374 ], [ 82.43574, 23.80262 ], [ 82.4354, 23.80437 ], [ 82.43431, 23.805 ], [ 82.42326, 23.80459 ], [ 82.3932, 23.79994 ], [ 82.39287, 23.80324 ], [ 82.39062, 23.8052 ], [ 82.37697, 23.81104 ], [ 82.36924, 23.80905 ], [ 82.36405, 23.80994 ], [ 82.36352, 23.80803 ], [ 82.36041, 23.80729 ], [ 82.35731, 23.80522 ], [ 82.35265, 23.80353 ], [ 82.34691, 23.80497 ], [ 82.34268, 23.80711 ], [ 82.34174, 23.8085 ], [ 82.33947, 23.80862 ], [ 82.33858, 23.8084 ], [ 82.33683, 23.80392 ], [ 82.33466, 23.80255 ], [ 82.33398, 23.80415 ], [ 82.33086, 23.80616 ], [ 82.31874, 23.81058 ], [ 82.3175, 23.81176 ], [ 82.31152, 23.8102 ], [ 82.30578, 23.81172 ], [ 82.30483, 23.80739 ], [ 82.29877, 23.807 ], [ 82.29181, 23.80982 ], [ 82.28164, 23.81698 ], [ 82.27211, 23.81708 ], [ 82.26061, 23.82124 ], [ 82.25559, 23.81753 ], [ 82.25013, 23.81568 ], [ 82.24331, 23.80852 ], [ 82.23728, 23.80532 ], [ 82.23371, 23.80504 ], [ 82.22982, 23.80596 ], [ 82.22705, 23.80829 ], [ 82.22572, 23.81279 ], [ 82.22551, 23.82008 ], [ 82.2069, 23.8266 ], [ 82.20586, 23.82874 ], [ 82.20741, 23.83383 ], [ 82.20883, 23.83528 ], [ 82.21197, 23.83585 ], [ 82.21532, 23.84102 ], [ 82.21531, 23.84292 ], [ 82.21192, 23.84894 ], [ 82.21191, 23.85235 ], [ 82.21801, 23.86028 ], [ 82.2194, 23.86546 ], [ 82.22286, 23.87243 ], [ 82.22842, 23.87677 ], [ 82.23593, 23.8804 ], [ 82.23881, 23.87618 ], [ 82.24027, 23.87603 ], [ 82.24944, 23.86968 ], [ 82.25114, 23.86991 ], [ 82.25459, 23.86808 ], [ 82.25728, 23.8691 ], [ 82.26068, 23.86882 ], [ 82.26204, 23.87009 ], [ 82.26178, 23.87145 ], [ 82.26294, 23.87223 ], [ 82.26259, 23.87332 ], [ 82.26596, 23.87333 ], [ 82.26602, 23.87461 ], [ 82.26815, 23.87447 ], [ 82.27028, 23.8757 ], [ 82.27296, 23.87494 ], [ 82.27512, 23.87658 ], [ 82.27773, 23.87678 ], [ 82.27944, 23.87541 ], [ 82.28419, 23.8757 ], [ 82.28491, 23.87652 ], [ 82.29225, 23.87523 ], [ 82.29366, 23.87893 ], [ 82.29299, 23.88027 ], [ 82.29337, 23.88253 ], [ 82.29184, 23.88265 ], [ 82.29242, 23.88408 ], [ 82.2918, 23.88447 ], [ 82.29082, 23.88347 ], [ 82.28744, 23.88311 ], [ 82.28748, 23.88393 ], [ 82.28913, 23.88435 ], [ 82.29, 23.88607 ], [ 82.28934, 23.88623 ], [ 82.28941, 23.88519 ], [ 82.28862, 23.88499 ], [ 82.2836, 23.88705 ], [ 82.28214, 23.88594 ], [ 82.2821, 23.88885 ], [ 82.28051, 23.88941 ], [ 82.28092, 23.89144 ], [ 82.28034, 23.89156 ], [ 82.28253, 23.89868 ], [ 82.28225, 23.89974 ], [ 82.28354, 23.89979 ], [ 82.28192, 23.90115 ], [ 82.2821, 23.90183 ], [ 82.28666, 23.90215 ], [ 82.2964, 23.89889 ], [ 82.29663, 23.89815 ], [ 82.29842, 23.89819 ], [ 82.29874, 23.89895 ], [ 82.29999, 23.89879 ], [ 82.29996, 23.89805 ], [ 82.30177, 23.89895 ], [ 82.30059, 23.90034 ], [ 82.29798, 23.90058 ], [ 82.29667, 23.89991 ], [ 82.29487, 23.90055 ], [ 82.29304, 23.90266 ], [ 82.29502, 23.90561 ], [ 82.29479, 23.90731 ], [ 82.29692, 23.90786 ], [ 82.29503, 23.91617 ], [ 82.29731, 23.91636 ], [ 82.29919, 23.91852 ], [ 82.30056, 23.91779 ], [ 82.30446, 23.91912 ], [ 82.30594, 23.9149 ], [ 82.30776, 23.91437 ], [ 82.30912, 23.9169 ], [ 82.31049, 23.91605 ], [ 82.31335, 23.91786 ], [ 82.31351, 23.91705 ], [ 82.31465, 23.91681 ], [ 82.31554, 23.91749 ], [ 82.31898, 23.91737 ], [ 82.3197, 23.91641 ], [ 82.32172, 23.91611 ], [ 82.32284, 23.91272 ], [ 82.32364, 23.91261 ], [ 82.32357, 23.91109 ], [ 82.32783, 23.90975 ], [ 82.33399, 23.91094 ], [ 82.33595, 23.90948 ], [ 82.33771, 23.90958 ], [ 82.33832, 23.90999 ], [ 82.33716, 23.91217 ], [ 82.33549, 23.91314 ], [ 82.33563, 23.9179 ], [ 82.33374, 23.91923 ], [ 82.3304, 23.91891 ], [ 82.32863, 23.92049 ], [ 82.32838, 23.92237 ], [ 82.33961, 23.92263 ], [ 82.34648, 23.91905 ], [ 82.34949, 23.91834 ], [ 82.35301, 23.92365 ], [ 82.35567, 23.92472 ], [ 82.35479, 23.93069 ], [ 82.3552, 23.9325 ], [ 82.36339, 23.93654 ], [ 82.36526, 23.93645 ], [ 82.36626, 23.93454 ], [ 82.36789, 23.93434 ], [ 82.36877, 23.93614 ], [ 82.37138, 23.9367 ], [ 82.37282, 23.93825 ], [ 82.37556, 23.93944 ], [ 82.37751, 23.93931 ], [ 82.38261, 23.93587 ], [ 82.38334, 23.93464 ], [ 82.38307, 23.93287 ], [ 82.38158, 23.93254 ], [ 82.37972, 23.9293 ], [ 82.37709, 23.92844 ], [ 82.37864, 23.9274 ], [ 82.37966, 23.9284 ], [ 82.38016, 23.92663 ], [ 82.38176, 23.92572 ], [ 82.38265, 23.92255 ], [ 82.38425, 23.92251 ], [ 82.38596, 23.92035 ], [ 82.38828, 23.92293 ], [ 82.39127, 23.9227 ], [ 82.39219, 23.92395 ], [ 82.39341, 23.92352 ], [ 82.3963, 23.92502 ], [ 82.39673, 23.92577 ], [ 82.396, 23.92707 ], [ 82.39686, 23.92797 ], [ 82.39816, 23.92681 ], [ 82.40051, 23.92749 ], [ 82.40123, 23.92847 ], [ 82.40094, 23.92976 ], [ 82.3996, 23.93116 ], [ 82.40193, 23.9321 ], [ 82.40234, 23.93295 ], [ 82.40162, 23.93434 ], [ 82.40266, 23.93564 ], [ 82.40394, 23.93511 ], [ 82.4095, 23.9371 ], [ 82.41368, 23.93624 ], [ 82.41667, 23.93708 ], [ 82.419, 23.93585 ], [ 82.42324, 23.93661 ], [ 82.42054, 23.93867 ], [ 82.41986, 23.94164 ], [ 82.41806, 23.94118 ], [ 82.4176, 23.94243 ], [ 82.40899, 23.94626 ], [ 82.40721, 23.9478 ], [ 82.40784, 23.95008 ], [ 82.40651, 23.95539 ], [ 82.40802, 23.95697 ], [ 82.40851, 23.96068 ], [ 82.41066, 23.96601 ], [ 82.41146, 23.973 ], [ 82.40197, 23.97318 ], [ 82.40075, 23.97431 ], [ 82.39974, 23.97339 ], [ 82.39603, 23.9737 ], [ 82.39501, 23.97302 ], [ 82.39212, 23.9743 ], [ 82.39246, 23.97839 ], [ 82.38899, 23.97891 ], [ 82.38625, 23.98065 ], [ 82.38369, 23.97903 ], [ 82.38302, 23.97522 ], [ 82.38039, 23.97554 ], [ 82.37963, 23.9814 ], [ 82.37868, 23.98293 ], [ 82.37904, 23.98541 ], [ 82.37333, 23.99049 ], [ 82.36916, 23.99162 ], [ 82.36739, 23.99455 ], [ 82.36624, 23.99425 ], [ 82.3655, 23.99655 ], [ 82.36395, 23.99637 ], [ 82.3628, 23.9979 ], [ 82.36287, 23.99977 ], [ 82.36705, 24.00066 ], [ 82.36909, 24.00234 ], [ 82.37029, 24.00546 ], [ 82.36957, 24.01135 ], [ 82.37077, 24.0135 ], [ 82.37788, 24.01426 ], [ 82.38039, 24.01772 ], [ 82.37922, 24.02002 ], [ 82.3828, 24.02128 ], [ 82.38347, 24.02431 ], [ 82.38226, 24.02469 ], [ 82.38212, 24.02557 ], [ 82.38403, 24.02607 ], [ 82.38433, 24.025 ], [ 82.38541, 24.02485 ], [ 82.38667, 24.02671 ], [ 82.38644, 24.02834 ], [ 82.38415, 24.0283 ], [ 82.38286, 24.02951 ], [ 82.37715, 24.03116 ], [ 82.37201, 24.02908 ], [ 82.36863, 24.03032 ], [ 82.37043, 24.03308 ], [ 82.37106, 24.03219 ], [ 82.37482, 24.03484 ], [ 82.37658, 24.03521 ], [ 82.37681, 24.03826 ], [ 82.37095, 24.03886 ], [ 82.37244, 24.04661 ], [ 82.37919, 24.05428 ], [ 82.38009, 24.05804 ], [ 82.38298, 24.06051 ], [ 82.3886, 24.06131 ], [ 82.39308, 24.06315 ], [ 82.39735, 24.06629 ], [ 82.39886, 24.06957 ], [ 82.40335, 24.0698 ], [ 82.4053, 24.07195 ], [ 82.41089, 24.07014 ], [ 82.41296, 24.06693 ], [ 82.41819, 24.06585 ], [ 82.41985, 24.06735 ], [ 82.42295, 24.06647 ], [ 82.42292, 24.06528 ], [ 82.42523, 24.06438 ], [ 82.42806, 24.06713 ], [ 82.42814, 24.06854 ], [ 82.42533, 24.07043 ], [ 82.42464, 24.07268 ], [ 82.42284, 24.07313 ], [ 82.42177, 24.07458 ], [ 82.42851, 24.07766 ], [ 82.4308, 24.07984 ], [ 82.43987, 24.07797 ], [ 82.44175, 24.07437 ], [ 82.44215, 24.0695 ], [ 82.44555, 24.07022 ], [ 82.44655, 24.07475 ], [ 82.44593, 24.07649 ], [ 82.44663, 24.07729 ], [ 82.45239, 24.07991 ], [ 82.4553, 24.0743 ], [ 82.45904, 24.07156 ], [ 82.46045, 24.07122 ], [ 82.46109, 24.07205 ] ] ] } },
{ "type": "Feature", "properties": { "OBJECTID": 4403, "state_lgd": "23", "state_name": "MADHYA PRADESH", "district_lgd": "463", "district_name": "SINGRAULI", "district_name_source": "district_table", "subdistrict_lgd": "6826", "subdistrict_name": "SARAI", "subdistrict_type": "", "name_corrupted": false, "remarks": "", "label_lon": 82.154809774450754, "label_lat": 24.091863984828255 }, "geometry": { "type": "Polygon", "coordinates": [ [ [ 82.02898, 24.25579 ], [ 82.03041, 24.2566 ], [ 82.03186, 24.25219 ], [ 82.03349, 24.25041 ], [ 82.03392, 24.2542 ], [ 82.0375, 24.25458 ], [ 82.04448, 24.2533 ], [ 82.04593, 24.25689 ], [ 82.05097, 24.25628 ], [ 82.05096, 24.25278 ], [ 82.05405, 24.25104 ], [ 82.05276, 24.24949 ], [ 82.05493, 24.24775 ], [ 82.0566, 24.24862 ], [ 82.05763, 24.25068 ], [ 82.06011, 24.24821 ], [ 82.06603, 24.25379 ], [ 82.06764, 24.24976 ], [ 82.07129, 24.2549 ], [ 82.0723, 24.25497 ], [ 82.07421, 24.25702 ], [ 82.07538, 24.25587 ], [ 82.07558, 24.25411 ], [ 82.07926, 24.25311 ], [ 82.07943, 24.25193 ], [ 82.08058, 24.25134 ], [ 82.08473, 24.25091 ], [ 82.08536, 24.24996 ], [ 82.09271, 24.25011 ], [ 82.09309, 24.24591 ], [ 82.09028, 24.24525 ], [ 82.09088, 24.24378 ], [ 82.0875, 24.24286 ], [ 82.08789, 24.24186 ], [ 82.08658, 24.24233 ], [ 82.08613, 24.24138 ], [ 82.08906, 24.23888 ], [ 82.09073, 24.23922 ], [ 82.09081, 24.23455 ], [ 82.09264, 24.23747 ], [ 82.09426, 24.2379 ], [ 82.09394, 24.23617 ], [ 82.09521, 24.23574 ], [ 82.09562, 24.23412 ], [ 82.09315, 24.23359 ], [ 82.09359, 24.23086 ], [ 82.09531, 24.23099 ], [ 82.09537, 24.22985 ], [ 82.09407, 24.22888 ], [ 82.09422, 24.2274 ], [ 82.1008, 24.22563 ], [ 82.1012, 24.22316 ], [ 82.10317, 24.22518 ], [ 82.10963, 24.22856 ], [ 82.1209, 24.23024 ], [ 82.12292, 24.22913 ], [ 82.1318, 24.22913 ], [ 82.13579, 24.23209 ], [ 82.13617, 24.23438 ], [ 82.13556, 24.2364 ], [ 82.14108, 24.23838 ], [ 82.14236, 24.23754 ], [ 82.14513, 24.23781 ], [ 82.14964, 24.23624 ], [ 82.1496, 24.23551 ], [ 82.14606, 24.23396 ], [ 82.14626, 24.23155 ], [ 82.14532, 24.22951 ], [ 82.14844, 24.22754 ], [ 82.15077, 24.22753 ], [ 82.15379, 24.22978 ], [ 82.15534, 24.23506 ], [ 82.15637, 24.23489 ], [ 82.15665, 24.23554 ], [ 82.15884, 24.23461 ], [ 82.17018, 24.23823 ], [ 82.17817, 24.23824 ], [ 82.1781, 24.24234 ], [ 82.1798, 24.24284 ], [ 82.18608, 24.24285 ], [ 82.18815, 24.24187 ], [ 82.19041, 24.24589 ], [ 82.19036, 24.24815 ], [ 82.19136, 24.24881 ], [ 82.21426, 24.24943 ], [ 82.21497, 24.2529 ], [ 82.21365, 24.25427 ], [ 82.21332, 24.25669 ], [ 82.21459, 24.25925 ], [ 82.21613, 24.26013 ], [ 82.21694, 24.25948 ], [ 82.22427, 24.26002 ], [ 82.23465, 24.25714 ], [ 82.23667, 24.25811 ], [ 82.23684, 24.25754 ], [ 82.24363, 24.25748 ], [ 82.25439, 24.25496 ], [ 82.25222, 24.25179 ], [ 82.24869, 24.25294 ], [ 82.24764, 24.25088 ], [ 82.25321, 24.24891 ], [ 82.26105, 24.23689 ], [ 82.26703, 24.23558 ], [ 82.26773, 24.23354 ], [ 82.28213, 24.22956 ], [ 82.28263, 24.22665 ], [ 82.28457, 24.22274 ], [ 82.28745, 24.22332 ], [ 82.28876, 24.22155 ], [ 82.28907, 24.21984 ], [ 82.28793, 24.21604 ], [ 82.29877, 24.21699 ], [ 82.29844, 24.21541 ], [ 82.29937, 24.21421 ], [ 82.301, 24.20272 ], [ 82.3058, 24.20374 ], [ 82.30524, 24.19937 ], [ 82.30389, 24.19638 ], [ 82.30481, 24.19302 ], [ 82.30297, 24.19121 ], [ 82.29946, 24.19216 ], [ 82.29793, 24.19344 ], [ 82.29045, 24.19295 ], [ 82.28508, 24.19751 ], [ 82.2785, 24.19547 ], [ 82.27205, 24.19997 ], [ 82.26457, 24.20075 ], [ 82.263, 24.20458 ], [ 82.26264, 24.21007 ], [ 82.26937, 24.21621 ], [ 82.27186, 24.21953 ], [ 82.2723, 24.22167 ], [ 82.2688, 24.22202 ], [ 82.26346, 24.22419 ], [ 82.25971, 24.22814 ], [ 82.25571, 24.22451 ], [ 82.25344, 24.22147 ], [ 82.25338, 24.21697 ], [ 82.25212, 24.21336 ], [ 82.2494, 24.21091 ], [ 82.24712, 24.20657 ], [ 82.24693, 24.20151 ], [ 82.24832, 24.20185 ], [ 82.24807, 24.1996 ], [ 82.25095, 24.1987 ], [ 82.24986, 24.19769 ], [ 82.24848, 24.19873 ], [ 82.24467, 24.19849 ], [ 82.2434, 24.19698 ], [ 82.2429, 24.18843 ], [ 82.24643, 24.18671 ], [ 82.24923, 24.18695 ], [ 82.25293, 24.1858 ], [ 82.253, 24.18224 ], [ 82.25028, 24.18065 ], [ 82.25038, 24.17867 ], [ 82.24939, 24.17655 ], [ 82.25169, 24.17482 ], [ 82.25371, 24.17793 ], [ 82.25515, 24.17799 ], [ 82.25388, 24.1706 ], [ 82.25499, 24.16916 ], [ 82.25894, 24.16989 ], [ 82.26205, 24.16736 ], [ 82.26173, 24.16256 ], [ 82.2606, 24.15817 ], [ 82.25965, 24.15757 ], [ 82.25967, 24.15555 ], [ 82.26719, 24.1547 ], [ 82.26956, 24.1521 ], [ 82.2789, 24.15192 ], [ 82.27861, 24.14716 ], [ 82.28033, 24.14524 ], [ 82.28277, 24.14452 ], [ 82.28006, 24.13483 ], [ 82.28789, 24.13305 ], [ 82.29152, 24.13326 ], [ 82.29311, 24.13488 ], [ 82.29788, 24.13498 ], [ 82.30429, 24.14069 ], [ 82.30636, 24.14054 ], [ 82.30705, 24.13901 ], [ 82.30602, 24.13448 ], [ 82.30877, 24.13216 ], [ 82.30862, 24.131 ], [ 82.31145, 24.12985 ], [ 82.31299, 24.13225 ], [ 82.3155, 24.1324 ], [ 82.32163, 24.12778 ], [ 82.32067, 24.12666 ], [ 82.32195, 24.12465 ], [ 82.32169, 24.12302 ], [ 82.32462, 24.12291 ], [ 82.32483, 24.12082 ], [ 82.32617, 24.12139 ], [ 82.32754, 24.11842 ], [ 82.32923, 24.11752 ], [ 82.33039, 24.11853 ], [ 82.33393, 24.1179 ], [ 82.33663, 24.11905 ], [ 82.33707, 24.11829 ], [ 82.33751, 24.11909 ], [ 82.33922, 24.11776 ], [ 82.34424, 24.12062 ], [ 82.34508, 24.11993 ], [ 82.34725, 24.12044 ], [ 82.34721, 24.1197 ], [ 82.35142, 24.11886 ], [ 82.35845, 24.11834 ], [ 82.36412, 24.11533 ], [ 82.36422, 24.11439 ], [ 82.36601, 24.11353 ], [ 82.36925, 24.11298 ], [ 82.37007, 24.1157 ], [ 82.37038, 24.1132 ], [ 82.37173, 24.1124 ], [ 82.37201, 24.11063 ], [ 82.37364, 24.10957 ], [ 82.37401, 24.10693 ], [ 82.37326, 24.1046 ], [ 82.37483, 24.10383 ], [ 82.37398, 24.10056 ], [ 82.3758, 24.09993 ], [ 82.37458, 24.09819 ], [ 82.37632, 24.09644 ], [ 82.37869, 24.09862 ], [ 82.37803, 24.10013 ], [ 82.37967, 24.10476 ], [ 82.38284, 24.10402 ], [ 82.38551, 24.10488 ], [ 82.38652, 24.10615 ], [ 82.38417, 24.10944 ], [ 82.39101, 24.11291 ], [ 82.39576, 24.11099 ], [ 82.39506, 24.1102 ], [ 82.39831, 24.10557 ], [ 82.39744, 24.09894 ], [ 82.39255, 24.0965 ], [ 82.39232, 24.09534 ], [ 82.38605, 24.09573 ], [ 82.38599, 24.09367 ], [ 82.38336, 24.09315 ], [ 82.38314, 24.0914 ], [ 82.37978, 24.09154 ], [ 82.3802, 24.0905 ], [ 82.37917, 24.08812 ], [ 82.38026, 24.08696 ], [ 82.37838, 24.08294 ], [ 82.37824, 24.08031 ], [ 82.37729, 24.07962 ], [ 82.3781, 24.07957 ], [ 82.37818, 24.07835 ], [ 82.37796, 24.07773 ], [ 82.37597, 24.07778 ], [ 82.37573, 24.07475 ], [ 82.37397, 24.07413 ], [ 82.37491, 24.07269 ], [ 82.37838, 24.07352 ], [ 82.37826, 24.07494 ], [ 82.38073, 24.0754 ], [ 82.38134, 24.0763 ], [ 82.38191, 24.07919 ], [ 82.3851, 24.0791 ], [ 82.38928, 24.0769 ], [ 82.39276, 24.077 ], [ 82.39361, 24.07823 ], [ 82.39311, 24.08108 ], [ 82.39758, 24.07922 ], [ 82.40055, 24.0753 ], [ 82.40055, 24.07299 ], [ 82.39843, 24.06796 ], [ 82.39654, 24.06552 ], [ 82.3886, 24.06131 ], [ 82.38378, 24.06097 ], [ 82.38009, 24.05804 ], [ 82.37919, 24.05428 ], [ 82.37244, 24.04661 ], [ 82.37095, 24.03886 ], [ 82.37681, 24.03826 ], [ 82.37658, 24.03521 ], [ 82.37482, 24.03484 ], [ 82.37106, 24.03219 ], [ 82.37043, 24.03308 ], [ 82.36863, 24.03032 ], [ 82.37201, 24.02908 ], [ 82.37715, 24.03116 ], [ 82.38286, 24.02951 ], [ 82.38415, 24.0283 ], [ 82.38644, 24.02834 ], [ 82.38667, 24.02671 ], [ 82.38541, 24.02485 ], [ 82.38433, 24.025 ], [ 82.38403, 24.02607 ], [ 82.38212, 24.02557 ], [ 82.38226, 24.02469 ], [ 82.38347, 24.02431 ], [ 82.3828, 24.02128 ], [ 82.37922, 24.02002 ], [ 82.38039, 24.01772 ], [ 82.37788, 24.01426 ], [ 82.37077, 24.0135 ], [ 82.36957, 24.01135 ], [ 82.37029, 24.00546 ], [ 82.36909, 24.00234 ], [ 82.36705, 24.00066 ], [ 82.36384, 24.00033 ], [ 82.36257, 23.99895 ], [ 82.36385, 23.99646 ], [ 82.3655, 23.99655 ], [ 82.36624, 23.99425 ], [ 82.36739, 23.99455 ], [ 82.36916, 23.99162 ], [ 82.37333, 23.99049 ], [ 82.37904, 23.98541 ], [ 82.37868, 23.98293 ], [ 82.37963, 23.9814 ], [ 82.38039, 23.97554 ], [ 82.38302, 23.97522 ], [ 82.38369, 23.97903 ], [ 82.38625, 23.98065 ], [ 82.38899, 23.97891 ], [ 82.39246, 23.97839 ], [ 82.39212, 23.9743 ], [ 82.39501, 23.97302 ], [ 82.39603, 23.9737 ], [ 82.39974, 23.97339 ], [ 82.40075, 23.97431 ], [ 82.40197, 23.97318 ], [ 82.41146, 23.973 ], [ 82.41066, 23.96601 ], [ 82.40851, 23.96068 ], [ 82.40802, 23.95697 ], [ 82.40651, 23.95539 ], [ 82.40784, 23.95008 ], [ 82.40721, 23.9478 ], [ 82.40899, 23.94626 ], [ 82.4176, 23.94243 ], [ 82.41806, 23.94118 ], [ 82.41986, 23.94164 ], [ 82.42054, 23.93867 ], [ 82.42324, 23.93661 ], [ 82.419, 23.93585 ], [ 82.41667, 23.93708 ], [ 82.41368, 23.93624 ], [ 82.4095, 23.9371 ], [ 82.40394, 23.93511 ], [ 82.40266, 23.93564 ], [ 82.40162, 23.93434 ], [ 82.40234, 23.93295 ], [ 82.40193, 23.9321 ], [ 82.3996, 23.93116 ], [ 82.40094, 23.92976 ], [ 82.40123, 23.92847 ], [ 82.40051, 23.92749 ], [ 82.39816, 23.92681 ], [ 82.39686, 23.92797 ], [ 82.396, 23.92707 ], [ 82.39673, 23.92577 ], [ 82.3963, 23.92502 ], [ 82.39341, 23.92352 ], [ 82.39219, 23.92395 ], [ 82.39127, 23.9227 ], [ 82.38828, 23.92293 ], [ 82.38596, 23.92035 ], [ 82.38425, 23.92251 ], [ 82.38265, 23.92255 ], [ 82.38176, 23.92572 ], [ 82.38016, 23.92663 ], [ 82.37966, 23.9284 ], [ 82.37864, 23.9274 ], [ 82.37709, 23.92844 ], [ 82.37972, 23.9293 ], [ 82.38158, 23.93254 ], [ 82.38307, 23.93287 ], [ 82.38334, 23.93464 ], [ 82.38261, 23.93587 ], [ 82.37751, 23.93931 ], [ 82.37556, 23.93944 ], [ 82.37282, 23.93825 ], [ 82.37138, 23.9367 ], [ 82.36877, 23.93614 ], [ 82.36789, 23.93434 ], [ 82.36626, 23.93454 ], [ 82.36526, 23.93645 ], [ 82.36339, 23.93654 ], [ 82.3552, 23.9325 ], [ 82.35479, 23.93069 ], [ 82.35567, 23.92472 ], [ 82.35301, 23.92365 ], [ 82.34949, 23.91834 ], [ 82.34648, 23.91905 ], [ 82.33961, 23.92263 ], [ 82.32838, 23.92237 ], [ 82.32863, 23.92049 ], [ 82.3304, 23.91891 ], [ 82.33374, 23.91923 ], [ 82.33563, 23.9179 ], [ 82.33549, 23.91314 ], [ 82.33716, 23.91217 ], [ 82.33832, 23.90999 ], [ 82.33771, 23.90958 ], [ 82.33595, 23.90948 ], [ 82.33399, 23.91094 ], [ 82.32783, 23.90975 ], [ 82.32357, 23.91109 ], [ 82.32364, 23.91261 ], [ 82.32284, 23.91272 ], [ 82.32172, 23.91611 ], [ 82.3197, 23.91641 ], [ 82.31898, 23.91737 ], [ 82.31554, 23.91749 ], [ 82.31465, 23.91681 ], [ 82.31351, 23.91705 ], [ 82.31335, 23.91786 ], [ 82.31049, 23.91605 ], [ 82.30912, 23.9169 ], [ 82.30776, 23.91437 ], [ 82.30594, 23.9149 ], [ 82.30446, 23.91912 ], [ 82.30056, 23.91779 ], [ 82.29919, 23.91852 ], [ 82.29731, 23.91636 ], [ 82.29503, 23.91617 ], [ 82.29692, 23.90786 ], [ 82.29479, 23.90731 ], [ 82.29502, 23.90561 ], [ 82.29304, 23.90266 ], [ 82.29487, 23.90055 ], [ 82.29667, 23.89991 ], [ 82.29798, 23.90058 ], [ 82.30059, 23.90034 ], [ 82.30177, 23.89895 ], [ 82.29996, 23.89805 ], [ 82.29999, 23.89879 ], [ 82.29874, 23.89895 ], [ 82.29842, 23.89819 ], [ 82.29663, 23.89815 ], [ 82.2964, 23.89889 ], [ 82.28666, 23.90215 ], [ 82.2821, 23.90183 ], [ 82.28192, 23.90115 ], [ 82.28354, 23.89979 ], [ 82.28225, 23.89974 ], [ 82.28253, 23.89868 ], [ 82.28034, 23.89156 ], [ 82.28092, 23.89144 ], [ 82.28051, 23.88941 ], [ 82.2821, 23.88885 ], [ 82.28214, 23.88594 ], [ 82.2836, 23.88705 ], [ 82.28862, 23.88499 ], [ 82.28941, 23.88519 ], [ 82.28934, 23.88623 ], [ 82.29, 23.88607 ], [ 82.28913, 23.88435 ], [ 82.28748, 23.88393 ], [ 82.28744, 23.88311 ], [ 82.29082, 23.88347 ], [ 82.2918, 23.88447 ], [ 82.29242, 23.88408 ], [ 82.29184, 23.88265 ], [ 82.29337, 23.88253 ], [ 82.29299, 23.88027 ], [ 82.29366, 23.87893 ], [ 82.29225, 23.87523 ], [ 82.28491, 23.87652 ], [ 82.28419, 23.8757 ], [ 82.27944, 23.87541 ], [ 82.27773, 23.87678 ], [ 82.27512, 23.87658 ], [ 82.27296, 23.87494 ], [ 82.27028, 23.8757 ], [ 82.26815, 23.87447 ], [ 82.26602, 23.87461 ], [ 82.26596, 23.87333 ], [ 82.26259, 23.87332 ], [ 82.26294, 23.87223 ], [ 82.26178, 23.87145 ], [ 82.26204, 23.87009 ], [ 82.26068, 23.86882 ], [ 82.25728, 23.8691 ], [ 82.25459, 23.86808 ], [ 82.25114, 23.86991 ], [ 82.24944, 23.86968 ], [ 82.24027, 23.87603 ], [ 82.23881, 23.87618 ], [ 82.23593, 23.8804 ], [ 82.24012, 23.88356 ], [ 82.24262, 23.89128 ], [ 82.23958, 23.89321 ], [ 82.2298, 23.89434 ], [ 82.22673, 23.89586 ], [ 82.2255, 23.89782 ], [ 82.22544, 23.90129 ], [ 82.22681, 23.90397 ], [ 82.23414, 23.90752 ], [ 82.23597, 23.90929 ], [ 82.23558, 23.91826 ], [ 82.23395, 23.91994 ], [ 82.22997, 23.92189 ], [ 82.22495, 23.92356 ], [ 82.2177, 23.92434 ], [ 82.21469, 23.92574 ], [ 82.21286, 23.92986 ], [ 82.21394, 23.93854 ], [ 82.2136, 23.94184 ], [ 82.21249, 23.9438 ], [ 82.20474, 23.94676 ], [ 82.20311, 23.94906 ], [ 82.20347, 23.95191 ], [ 82.21213, 23.95838 ], [ 82.21552, 23.96248 ], [ 82.21628, 23.9669 ], [ 82.21574, 23.97508 ], [ 82.21747, 23.9786 ], [ 82.21834, 23.98434 ], [ 82.21789, 23.98598 ], [ 82.21641, 23.98693 ], [ 82.21265, 23.98777 ], [ 82.20741, 23.98757 ], [ 82.20584, 23.98654 ], [ 82.20257, 23.98135 ], [ 82.20017, 23.97992 ], [ 82.18682, 23.98235 ], [ 82.18321, 23.98411 ], [ 82.18115, 23.98606 ], [ 82.17891, 23.98952 ], [ 82.17543, 23.99823 ], [ 82.17261, 24.00115 ], [ 82.17043, 24.00141 ], [ 82.16796, 23.99662 ], [ 82.16795, 23.98484 ], [ 82.167, 23.98054 ], [ 82.16431, 23.97685 ], [ 82.16033, 23.97365 ], [ 82.15581, 23.97337 ], [ 82.1513, 23.97537 ], [ 82.13538, 23.98957 ], [ 82.13011, 23.9934 ], [ 82.12825, 23.99468 ], [ 82.12219, 23.9965 ], [ 82.11359, 23.99635 ], [ 82.10777, 23.99504 ], [ 82.10519, 23.99382 ], [ 82.10156, 23.98981 ], [ 82.09962, 23.9888 ], [ 82.09666, 23.98782 ], [ 82.09455, 23.98822 ], [ 82.09146, 23.99115 ], [ 82.09078, 23.99357 ], [ 82.09114, 23.99839 ], [ 82.08924, 24.00363 ], [ 82.08943, 24.00973 ], [ 82.0886, 24.01388 ], [ 82.08724, 24.01663 ], [ 82.08553, 24.01786 ], [ 82.0824, 24.01791 ], [ 82.0802, 24.01641 ], [ 82.07755, 24.00495 ], [ 82.07565, 24.00263 ], [ 82.07327, 24.00244 ], [ 82.06959, 24.00396 ], [ 82.05226, 24.00208 ], [ 82.04806, 24.00285 ], [ 82.04083, 24.00731 ], [ 82.03742, 24.012 ], [ 82.03046, 24.01888 ], [ 82.02256, 24.02909 ], [ 82.01867, 24.03069 ], [ 82.01667, 24.03021 ], [ 82.01399, 24.02376 ], [ 82.00667, 24.01338 ], [ 82.00414, 24.01155 ], [ 82.001, 24.01242 ], [ 81.99558, 24.01818 ], [ 81.99286, 24.01916 ], [ 81.98628, 24.01483 ], [ 81.97892, 24.012 ], [ 81.96898, 24.01325 ], [ 81.96281, 24.0172 ], [ 81.95943, 24.02093 ], [ 81.95809, 24.02453 ], [ 81.95816, 24.02655 ], [ 81.96222, 24.03595 ], [ 81.96249, 24.04291 ], [ 81.96116, 24.04519 ], [ 81.95734, 24.04806 ], [ 81.95469, 24.05141 ], [ 81.95224, 24.05942 ], [ 81.94964, 24.06442 ], [ 81.9455, 24.06758 ], [ 81.91884, 24.07846 ], [ 81.90955, 24.08317 ], [ 81.90725, 24.08506 ], [ 81.90657, 24.08869 ], [ 81.90862, 24.09973 ], [ 81.90873, 24.10543 ], [ 81.90708, 24.11316 ], [ 81.90351, 24.11639 ], [ 81.88224, 24.12034 ], [ 81.87887, 24.12323 ], [ 81.87803, 24.12505 ], [ 81.87778, 24.13007 ], [ 81.87844, 24.13174 ], [ 81.88524, 24.13894 ], [ 81.88991, 24.14548 ], [ 81.89142, 24.14932 ], [ 81.89248, 24.16222 ], [ 81.89319, 24.16327 ], [ 81.89718, 24.16503 ], [ 81.89664, 24.17434 ], [ 81.89542, 24.18042 ], [ 81.89658, 24.18516 ], [ 81.8993, 24.18804 ], [ 81.90901, 24.19133 ], [ 81.9118, 24.19401 ], [ 81.91362, 24.19736 ], [ 81.91589, 24.20645 ], [ 81.91916, 24.21509 ], [ 81.92066, 24.21551 ], [ 81.93065, 24.21378 ], [ 81.9341, 24.21562 ], [ 81.93582, 24.21749 ], [ 81.93682, 24.22001 ], [ 81.93815, 24.23458 ], [ 81.94013, 24.23801 ], [ 81.94144, 24.23844 ], [ 81.94394, 24.23768 ], [ 81.94951, 24.23139 ], [ 81.95267, 24.23135 ], [ 81.95612, 24.23375 ], [ 81.95697, 24.23512 ], [ 81.95693, 24.2385 ], [ 81.95276, 24.25048 ], [ 81.95323, 24.25355 ], [ 81.95406, 24.25441 ], [ 81.95771, 24.25556 ], [ 81.96153, 24.25469 ], [ 81.96415, 24.25071 ], [ 81.96498, 24.24411 ], [ 81.96602, 24.24172 ], [ 81.96771, 24.24046 ], [ 81.97354, 24.23871 ], [ 81.97958, 24.23154 ], [ 81.98378, 24.23124 ], [ 81.99159, 24.23423 ], [ 81.99835, 24.23436 ], [ 82.00135, 24.23573 ], [ 82.00712, 24.2439 ], [ 82.01466, 24.25196 ], [ 82.02039, 24.2614 ], [ 82.02285, 24.26376 ], [ 82.02755, 24.26625 ], [ 82.02766, 24.26397 ], [ 82.02631, 24.26068 ], [ 82.02898, 24.25579 ] ] ] } },
{ "type": "Feature", "properties": { "OBJECTID": 4404, "state_lgd": "23", "state_name": "MADHYA PRADESH", "district_lgd": "463", "district_name": "SINGRAULI", "district_name_source": "district_table", "subdistrict_lgd": "3705", "subdistrict_name": "SINGRAULI", "subdistrict_type": "", "name_corrupted": false, "remarks": "", "label_lon": 82.612460556590079, "label_lat": 24.031577891759142 }, "geometry": { "type": "Polygon", "coordinates": [ [ [ 82.72147, 24.07795 ], [ 82.72856, 24.07814 ], [ 82.73358, 24.08038 ], [ 82.73897, 24.07576 ], [ 82.74023, 24.07723 ], [ 82.74475, 24.07497 ], [ 82.748, 24.07082 ], [ 82.75001, 24.07084 ], [ 82.75182, 24.07212 ], [ 82.75095, 24.0747 ], [ 82.75309, 24.0753 ], [ 82.75343, 24.07731 ], [ 82.75612, 24.0767 ], [ 82.75968, 24.07773 ], [ 82.76062, 24.07649 ], [ 82.76021, 24.07258 ], [ 82.76305, 24.06991 ], [ 82.76565, 24.07083 ], [ 82.7676, 24.07589 ], [ 82.77402, 24.0763 ], [ 82.77318, 24.06807 ], [ 82.77054, 24.05632 ], [ 82.76737, 24.04856 ], [ 82.76231, 24.0408 ], [ 82.75558, 24.0333 ], [ 82.74718, 24.02727 ], [ 82.74917, 24.02356 ], [ 82.7507, 24.01198 ], [ 82.75537, 24.01095 ], [ 82.75829, 24.00912 ], [ 82.769, 24.00568 ], [ 82.77564, 24.00645 ], [ 82.77851, 24.00528 ], [ 82.78436, 24.00464 ], [ 82.78659, 24.00572 ], [ 82.78797, 24.00824 ], [ 82.78879, 24.00828 ], [ 82.79053, 24.0067 ], [ 82.79388, 24.00661 ], [ 82.79989, 24.00341 ], [ 82.80418, 24.00352 ], [ 82.805, 23.99955 ], [ 82.80629, 23.99776 ], [ 82.80457, 23.99594 ], [ 82.80561, 23.98992 ], [ 82.8085, 23.98606 ], [ 82.80533, 23.98288 ], [ 82.80538, 23.98012 ], [ 82.80224, 23.9793 ], [ 82.80783, 23.96555 ], [ 82.81261, 23.95987 ], [ 82.80412, 23.9597 ], [ 82.80074, 23.9608 ], [ 82.79837, 23.95081 ], [ 82.79002, 23.946 ], [ 82.78698, 23.94164 ], [ 82.78107, 23.93836 ], [ 82.77662, 23.93667 ], [ 82.77034, 23.93699 ], [ 82.76201, 23.93383 ], [ 82.759, 23.93476 ], [ 82.75549, 23.93381 ], [ 82.75446, 23.93419 ], [ 82.75563, 23.93146 ], [ 82.75623, 23.92626 ], [ 82.75499, 23.92347 ], [ 82.75526, 23.92171 ], [ 82.75069, 23.91934 ], [ 82.74491, 23.92019 ], [ 82.73415, 23.91985 ], [ 82.73334, 23.92121 ], [ 82.715, 23.92139 ], [ 82.71085, 23.92367 ], [ 82.70351, 23.92449 ], [ 82.70108, 23.92164 ], [ 82.69803, 23.91992 ], [ 82.69342, 23.9202 ], [ 82.69289, 23.91796 ], [ 82.6896, 23.92158 ], [ 82.67933, 23.92922 ], [ 82.67694, 23.93449 ], [ 82.67589, 23.94171 ], [ 82.67348, 23.94185 ], [ 82.67192, 23.94092 ], [ 82.67128, 23.93518 ], [ 82.66907, 23.93436 ], [ 82.667, 23.93158 ], [ 82.66435, 23.93116 ], [ 82.66438, 23.93036 ], [ 82.66115, 23.93036 ], [ 82.65926, 23.92836 ], [ 82.65814, 23.92884 ], [ 82.65363, 23.92611 ], [ 82.65104, 23.9263 ], [ 82.64898, 23.92763 ], [ 82.64468, 23.9274 ], [ 82.64556, 23.92972 ], [ 82.64431, 23.93289 ], [ 82.64479, 23.93673 ], [ 82.64059, 23.9424 ], [ 82.64051, 23.94397 ], [ 82.63886, 23.94396 ], [ 82.63741, 23.94574 ], [ 82.63768, 23.9474 ], [ 82.63634, 23.95061 ], [ 82.63689, 23.95091 ], [ 82.63537, 23.95239 ], [ 82.63538, 23.9545 ], [ 82.6334, 23.95749 ], [ 82.63366, 23.95829 ], [ 82.63197, 23.95978 ], [ 82.63191, 23.96248 ], [ 82.63044, 23.96086 ], [ 82.63171, 23.95893 ], [ 82.62701, 23.95295 ], [ 82.62761, 23.94932 ], [ 82.62319, 23.9462 ], [ 82.62439, 23.94517 ], [ 82.61884, 23.9444 ], [ 82.6181, 23.94514 ], [ 82.6188, 23.94685 ], [ 82.61608, 23.94754 ], [ 82.61558, 23.9461 ], [ 82.61355, 23.94496 ], [ 82.61262, 23.94231 ], [ 82.60877, 23.94356 ], [ 82.6077, 23.94086 ], [ 82.60612, 23.94052 ], [ 82.60725, 23.93939 ], [ 82.60618, 23.93953 ], [ 82.60631, 23.93883 ], [ 82.60482, 23.9377 ], [ 82.60473, 23.93579 ], [ 82.60607, 23.93368 ], [ 82.60568, 23.93262 ], [ 82.60218, 23.92906 ], [ 82.59984, 23.9284 ], [ 82.59875, 23.92684 ], [ 82.59258, 23.92573 ], [ 82.58614, 23.93408 ], [ 82.58472, 23.93914 ], [ 82.58511, 23.94458 ], [ 82.58231, 23.9478 ], [ 82.57749, 23.95018 ], [ 82.57618, 23.95229 ], [ 82.56604, 23.95426 ], [ 82.55846, 23.95975 ], [ 82.55293, 23.96101 ], [ 82.55136, 23.95797 ], [ 82.5432, 23.96127 ], [ 82.54048, 23.96121 ], [ 82.53789, 23.95982 ], [ 82.53457, 23.9599 ], [ 82.53329, 23.96131 ], [ 82.53183, 23.96001 ], [ 82.52985, 23.96091 ], [ 82.52867, 23.96016 ], [ 82.52702, 23.96077 ], [ 82.52693, 23.96281 ], [ 82.52551, 23.96406 ], [ 82.52065, 23.96636 ], [ 82.52088, 23.96871 ], [ 82.5182, 23.97024 ], [ 82.51467, 23.9842 ], [ 82.51219, 23.98733 ], [ 82.51162, 23.99096 ], [ 82.51094, 23.99125 ], [ 82.51583, 23.99461 ], [ 82.51264, 23.99827 ], [ 82.51296, 23.99924 ], [ 82.51574, 23.9998 ], [ 82.51853, 24.00165 ], [ 82.51958, 24.0002 ], [ 82.521, 23.99996 ], [ 82.52239, 24.00081 ], [ 82.52052, 24.00492 ], [ 82.51827, 24.00621 ], [ 82.51793, 24.00985 ], [ 82.51529, 24.01205 ], [ 82.51672, 24.0209 ], [ 82.51471, 24.02287 ], [ 82.5169, 24.02454 ], [ 82.51564, 24.02676 ], [ 82.51645, 24.02784 ], [ 82.51619, 24.02918 ], [ 82.51761, 24.02992 ], [ 82.51858, 24.03355 ], [ 82.51689, 24.03513 ], [ 82.51607, 24.03854 ], [ 82.50844, 24.03984 ], [ 82.51003, 24.04198 ], [ 82.50714, 24.04183 ], [ 82.50676, 24.04348 ], [ 82.50757, 24.04564 ], [ 82.50202, 24.04658 ], [ 82.50134, 24.05016 ], [ 82.4989, 24.05198 ], [ 82.48949, 24.0542 ], [ 82.48776, 24.05433 ], [ 82.48762, 24.05317 ], [ 82.48449, 24.05363 ], [ 82.48092, 24.05516 ], [ 82.48086, 24.05331 ], [ 82.47817, 24.05348 ], [ 82.47824, 24.05281 ], [ 82.47732, 24.0532 ], [ 82.47672, 24.05255 ], [ 82.47368, 24.05258 ], [ 82.47322, 24.05318 ], [ 82.47127, 24.05256 ], [ 82.47016, 24.054 ], [ 82.46802, 24.05376 ], [ 82.46816, 24.05703 ], [ 82.46633, 24.05874 ], [ 82.46623, 24.06056 ], [ 82.46699, 24.06188 ], [ 82.47009, 24.05987 ], [ 82.47118, 24.06202 ], [ 82.46867, 24.06329 ], [ 82.46813, 24.06626 ], [ 82.46671, 24.06647 ], [ 82.46425, 24.06872 ], [ 82.46435, 24.07121 ], [ 82.46936, 24.07483 ], [ 82.47165, 24.07491 ], [ 82.472, 24.07577 ], [ 82.46875, 24.07835 ], [ 82.46851, 24.07977 ], [ 82.46382, 24.08088 ], [ 82.46243, 24.08406 ], [ 82.4639, 24.08611 ], [ 82.46351, 24.08723 ], [ 82.46518, 24.08795 ], [ 82.46706, 24.09255 ], [ 82.4582, 24.09483 ], [ 82.45792, 24.09413 ], [ 82.45727, 24.09682 ], [ 82.45432, 24.09907 ], [ 82.45329, 24.10715 ], [ 82.45043, 24.11643 ], [ 82.44448, 24.11952 ], [ 82.4383, 24.11738 ], [ 82.43766, 24.10906 ], [ 82.43604, 24.10412 ], [ 82.4349, 24.10263 ], [ 82.43211, 24.10307 ], [ 82.42952, 24.10054 ], [ 82.42752, 24.10094 ], [ 82.42517, 24.10318 ], [ 82.42552, 24.10486 ], [ 82.42346, 24.10515 ], [ 82.42363, 24.1093 ], [ 82.42601, 24.1138 ], [ 82.42268, 24.11596 ], [ 82.42284, 24.11781 ], [ 82.42439, 24.11896 ], [ 82.42323, 24.11998 ], [ 82.42124, 24.12514 ], [ 82.42168, 24.12993 ], [ 82.39526, 24.12985 ], [ 82.39297, 24.14368 ], [ 82.39587, 24.1435 ], [ 82.39707, 24.14488 ], [ 82.40229, 24.1426 ], [ 82.40323, 24.14644 ], [ 82.40656, 24.14549 ], [ 82.40845, 24.14322 ], [ 82.40647, 24.14288 ], [ 82.40716, 24.14122 ], [ 82.40837, 24.14243 ], [ 82.41176, 24.1434 ], [ 82.41075, 24.14585 ], [ 82.40602, 24.14889 ], [ 82.4023, 24.1572 ], [ 82.40349, 24.15978 ], [ 82.40286, 24.16075 ], [ 82.3932, 24.16735 ], [ 82.39263, 24.16834 ], [ 82.3946, 24.16977 ], [ 82.39388, 24.17293 ], [ 82.39582, 24.17651 ], [ 82.39877, 24.17897 ], [ 82.39957, 24.18168 ], [ 82.40275, 24.18399 ], [ 82.4038, 24.18639 ], [ 82.40533, 24.18602 ], [ 82.40767, 24.1837 ], [ 82.40984, 24.18346 ], [ 82.4103, 24.18195 ], [ 82.41275, 24.18232 ], [ 82.41551, 24.18081 ], [ 82.41627, 24.17958 ], [ 82.41332, 24.1774 ], [ 82.41528, 24.17623 ], [ 82.41477, 24.17285 ], [ 82.41632, 24.16929 ], [ 82.41648, 24.16593 ], [ 82.41986, 24.16201 ], [ 82.42018, 24.15795 ], [ 82.43333, 24.15058 ], [ 82.43483, 24.15202 ], [ 82.43659, 24.15208 ], [ 82.43862, 24.14968 ], [ 82.44194, 24.15049 ], [ 82.44229, 24.14907 ], [ 82.44362, 24.14921 ], [ 82.44402, 24.15013 ], [ 82.44778, 24.15046 ], [ 82.45116, 24.15337 ], [ 82.45438, 24.15355 ], [ 82.45455, 24.15525 ], [ 82.45236, 24.15647 ], [ 82.45177, 24.15544 ], [ 82.4496, 24.15453 ], [ 82.44814, 24.155 ], [ 82.44795, 24.15605 ], [ 82.44846, 24.163 ], [ 82.45108, 24.16749 ], [ 82.45189, 24.16715 ], [ 82.45412, 24.172 ], [ 82.45595, 24.17136 ], [ 82.45675, 24.17218 ], [ 82.46132, 24.17251 ], [ 82.46826, 24.16961 ], [ 82.4695, 24.16875 ], [ 82.46845, 24.16745 ], [ 82.46954, 24.16288 ], [ 82.46892, 24.16017 ], [ 82.47045, 24.15682 ], [ 82.47052, 24.15317 ], [ 82.46941, 24.15084 ], [ 82.47047, 24.14968 ], [ 82.47606, 24.15004 ], [ 82.4779, 24.15129 ], [ 82.48173, 24.15055 ], [ 82.48253, 24.14869 ], [ 82.48485, 24.14914 ], [ 82.48517, 24.15035 ], [ 82.48987, 24.14958 ], [ 82.49066, 24.14878 ], [ 82.49462, 24.1396 ], [ 82.49386, 24.1382 ], [ 82.49414, 24.13666 ], [ 82.49239, 24.13701 ], [ 82.49201, 24.13621 ], [ 82.49105, 24.13663 ], [ 82.48947, 24.13547 ], [ 82.48706, 24.13561 ], [ 82.485, 24.13326 ], [ 82.4872, 24.13045 ], [ 82.48918, 24.13175 ], [ 82.48997, 24.13074 ], [ 82.49181, 24.13079 ], [ 82.49267, 24.13 ], [ 82.49399, 24.12782 ], [ 82.4937, 24.1265 ], [ 82.4924, 24.12574 ], [ 82.49658, 24.12221 ], [ 82.49577, 24.12013 ], [ 82.49419, 24.11906 ], [ 82.49714, 24.11754 ], [ 82.4967, 24.12703 ], [ 82.4951, 24.12964 ], [ 82.49649, 24.13054 ], [ 82.49674, 24.13182 ], [ 82.50026, 24.13328 ], [ 82.50118, 24.13641 ], [ 82.50345, 24.13571 ], [ 82.5057, 24.13642 ], [ 82.50745, 24.13588 ], [ 82.50785, 24.13688 ], [ 82.50879, 24.13671 ], [ 82.5099, 24.13828 ], [ 82.51037, 24.138 ], [ 82.51356, 24.14358 ], [ 82.51999, 24.14913 ], [ 82.52106, 24.14836 ], [ 82.52349, 24.15089 ], [ 82.53189, 24.15234 ], [ 82.5307, 24.1531 ], [ 82.52999, 24.15581 ], [ 82.52703, 24.15838 ], [ 82.52304, 24.16363 ], [ 82.52507, 24.16472 ], [ 82.52767, 24.16769 ], [ 82.52772, 24.16873 ], [ 82.52501, 24.17138 ], [ 82.52056, 24.17001 ], [ 82.51832, 24.16839 ], [ 82.5137, 24.16995 ], [ 82.51206, 24.16946 ], [ 82.5108, 24.17092 ], [ 82.5094, 24.17559 ], [ 82.50646, 24.17486 ], [ 82.50431, 24.17301 ], [ 82.50229, 24.17286 ], [ 82.50143, 24.17556 ], [ 82.49488, 24.17209 ], [ 82.49157, 24.17384 ], [ 82.49079, 24.17214 ], [ 82.48799, 24.17064 ], [ 82.48533, 24.17072 ], [ 82.48391, 24.16982 ], [ 82.48196, 24.16984 ], [ 82.48224, 24.17144 ], [ 82.48113, 24.17339 ], [ 82.48709, 24.17536 ], [ 82.49029, 24.17882 ], [ 82.49271, 24.17975 ], [ 82.49277, 24.18078 ], [ 82.49137, 24.18104 ], [ 82.4925, 24.18313 ], [ 82.49901, 24.18207 ], [ 82.50022, 24.18351 ], [ 82.49869, 24.18403 ], [ 82.50052, 24.18538 ], [ 82.49988, 24.18642 ], [ 82.50074, 24.18738 ], [ 82.50502, 24.186 ], [ 82.51423, 24.18747 ], [ 82.51462, 24.18667 ], [ 82.51736, 24.18653 ], [ 82.51887, 24.18683 ], [ 82.52096, 24.18981 ], [ 82.52492, 24.19079 ], [ 82.52698, 24.1864 ], [ 82.52972, 24.18791 ], [ 82.52972, 24.19131 ], [ 82.53339, 24.19087 ], [ 82.53409, 24.18568 ], [ 82.5373, 24.18583 ], [ 82.53903, 24.18733 ], [ 82.54077, 24.18572 ], [ 82.54031, 24.18323 ], [ 82.54228, 24.18304 ], [ 82.5436, 24.18499 ], [ 82.54506, 24.18549 ], [ 82.54818, 24.18192 ], [ 82.54518, 24.17964 ], [ 82.5387, 24.18005 ], [ 82.53598, 24.17779 ], [ 82.53701, 24.17698 ], [ 82.54094, 24.17859 ], [ 82.54961, 24.17744 ], [ 82.5572, 24.18457 ], [ 82.56015, 24.1832 ], [ 82.56265, 24.17939 ], [ 82.5632, 24.17588 ], [ 82.55956, 24.17234 ], [ 82.55717, 24.17164 ], [ 82.5518, 24.16802 ], [ 82.54961, 24.16785 ], [ 82.54595, 24.16478 ], [ 82.54955, 24.15868 ], [ 82.55067, 24.15271 ], [ 82.55092, 24.14503 ], [ 82.5494, 24.14179 ], [ 82.55434, 24.13392 ], [ 82.5548, 24.12888 ], [ 82.55426, 24.12691 ], [ 82.5552, 24.12647 ], [ 82.55487, 24.12174 ], [ 82.55216, 24.11741 ], [ 82.55399, 24.117 ], [ 82.55258, 24.11636 ], [ 82.55015, 24.10972 ], [ 82.5492, 24.10887 ], [ 82.54988, 24.1067 ], [ 82.5546, 24.10078 ], [ 82.55706, 24.09577 ], [ 82.56153, 24.0913 ], [ 82.55493, 24.07835 ], [ 82.55912, 24.07595 ], [ 82.55969, 24.07415 ], [ 82.56082, 24.07453 ], [ 82.56158, 24.0739 ], [ 82.56167, 24.07189 ], [ 82.56435, 24.07106 ], [ 82.56684, 24.07236 ], [ 82.56847, 24.0714 ], [ 82.56992, 24.07204 ], [ 82.57344, 24.07112 ], [ 82.57609, 24.06947 ], [ 82.5755, 24.06857 ], [ 82.57724, 24.0685 ], [ 82.57642, 24.06737 ], [ 82.57686, 24.06704 ], [ 82.57841, 24.06779 ], [ 82.57994, 24.06676 ], [ 82.58045, 24.0686 ], [ 82.58243, 24.06937 ], [ 82.58345, 24.06727 ], [ 82.58214, 24.0662 ], [ 82.58062, 24.06192 ], [ 82.57778, 24.06269 ], [ 82.57517, 24.0599 ], [ 82.57098, 24.04909 ], [ 82.57185, 24.0475 ], [ 82.57474, 24.04691 ], [ 82.57662, 24.04445 ], [ 82.57815, 24.04458 ], [ 82.57855, 24.04367 ], [ 82.57592, 24.04262 ], [ 82.57605, 24.04177 ], [ 82.57189, 24.03751 ], [ 82.57043, 24.02648 ], [ 82.57702, 24.02114 ], [ 82.57851, 24.02141 ], [ 82.58286, 24.01935 ], [ 82.58428, 24.01955 ], [ 82.5853, 24.0211 ], [ 82.58536, 24.02836 ], [ 82.58626, 24.02981 ], [ 82.58855, 24.03053 ], [ 82.59211, 24.02998 ], [ 82.59925, 24.03331 ], [ 82.60616, 24.03348 ], [ 82.60732, 24.03465 ], [ 82.60922, 24.03459 ], [ 82.60534, 24.03714 ], [ 82.60788, 24.03874 ], [ 82.60711, 24.0389 ], [ 82.60604, 24.03769 ], [ 82.60525, 24.03908 ], [ 82.6014, 24.039 ], [ 82.60378, 24.03994 ], [ 82.60334, 24.04029 ], [ 82.60473, 24.04075 ], [ 82.60543, 24.04203 ], [ 82.60148, 24.04196 ], [ 82.59809, 24.04504 ], [ 82.59816, 24.04667 ], [ 82.59646, 24.04708 ], [ 82.59755, 24.04863 ], [ 82.59772, 24.0508 ], [ 82.59889, 24.05007 ], [ 82.59982, 24.04605 ], [ 82.60114, 24.04496 ], [ 82.60425, 24.04473 ], [ 82.60341, 24.04751 ], [ 82.60421, 24.04915 ], [ 82.60853, 24.04699 ], [ 82.61272, 24.03865 ], [ 82.617, 24.0372 ], [ 82.61759, 24.03453 ], [ 82.61867, 24.0334 ], [ 82.6227, 24.03277 ], [ 82.62939, 24.03344 ], [ 82.63114, 24.03182 ], [ 82.64144, 24.03076 ], [ 82.64379, 24.03216 ], [ 82.64979, 24.0276 ], [ 82.65572, 24.0288 ], [ 82.65857, 24.02833 ], [ 82.66047, 24.02695 ], [ 82.66262, 24.02283 ], [ 82.66886, 24.02235 ], [ 82.67294, 24.02574 ], [ 82.67517, 24.03159 ], [ 82.67855, 24.03683 ], [ 82.67676, 24.03822 ], [ 82.67545, 24.0377 ], [ 82.67545, 24.03991 ], [ 82.6768, 24.0401 ], [ 82.67656, 24.03875 ], [ 82.67806, 24.03923 ], [ 82.68043, 24.03718 ], [ 82.68324, 24.03895 ], [ 82.68088, 24.04284 ], [ 82.68162, 24.04418 ], [ 82.6825, 24.04379 ], [ 82.68181, 24.04692 ], [ 82.68283, 24.05022 ], [ 82.67802, 24.05198 ], [ 82.67721, 24.05304 ], [ 82.67633, 24.0556 ], [ 82.67884, 24.05477 ], [ 82.67906, 24.05726 ], [ 82.67399, 24.05823 ], [ 82.67867, 24.06771 ], [ 82.67445, 24.07618 ], [ 82.6792, 24.07214 ], [ 82.68214, 24.07077 ], [ 82.69036, 24.07276 ], [ 82.69819, 24.07238 ], [ 82.70969, 24.0696 ], [ 82.71093, 24.0699 ], [ 82.71104, 24.07074 ], [ 82.71442, 24.07092 ], [ 82.71496, 24.07166 ], [ 82.71396, 24.07217 ], [ 82.71487, 24.0724 ], [ 82.71501, 24.07456 ], [ 82.7183, 24.07625 ], [ 82.71926, 24.07551 ], [ 82.72091, 24.07586 ], [ 82.72147, 24.07795 ] ] ] } },
{ "type": "Feature", "properties": { "OBJECTID": 4405, "state_lgd": "23", "state_name": "MADHYA PRADESH", "district_lgd": "463", "district_name": "SINGRAULI", "district_name_source": "district_table", "subdistrict_lgd": "6824", "subdistrict_name": "SINGRAULI NAGAR", "subdistrict_type": "", "name_corrupted": false, "remarks": "", "label_lon": 82.63579902211201, "label_lat": 24.133998943276346 }, "geometry": { "type": "Polygon", "coordinates": [ [ [ 82.65425, 24.2335 ], [ 82.6563, 24.2326 ], [ 82.6638, 24.2317 ], [ 82.66274, 24.22894 ], [ 82.66501, 24.22626 ], [ 82.66427, 24.22494 ], [ 82.66729, 24.22471 ], [ 82.6684, 24.22545 ], [ 82.67134, 24.23296 ], [ 82.67416, 24.23218 ], [ 82.67459, 24.23101 ], [ 82.67847, 24.22993 ], [ 82.68262, 24.22994 ], [ 82.68629, 24.23137 ], [ 82.68646, 24.22982 ], [ 82.70529, 24.22562 ], [ 82.70524, 24.22168 ], [ 82.70919, 24.21949 ], [ 82.70975, 24.217 ], [ 82.71483, 24.21393 ], [ 82.71712, 24.21358 ], [ 82.71884, 24.21206 ], [ 82.731, 24.21208 ], [ 82.73567, 24.21318 ], [ 82.7396, 24.2001 ], [ 82.74131, 24.18977 ], [ 82.74168, 24.18133 ], [ 82.74444, 24.16548 ], [ 82.73585, 24.15387 ], [ 82.7293, 24.14796 ], [ 82.72808, 24.13514 ], [ 82.71051, 24.13622 ], [ 82.70429, 24.1393 ], [ 82.69971, 24.13924 ], [ 82.6949, 24.14329 ], [ 82.69302, 24.14873 ], [ 82.6883, 24.15172 ], [ 82.68493, 24.15226 ], [ 82.68288, 24.15459 ], [ 82.67731, 24.15246 ], [ 82.6707, 24.14712 ], [ 82.67231, 24.14615 ], [ 82.67227, 24.14431 ], [ 82.67317, 24.14386 ], [ 82.67413, 24.14097 ], [ 82.6709, 24.13827 ], [ 82.67052, 24.13666 ], [ 82.66682, 24.13693 ], [ 82.66813, 24.13473 ], [ 82.6643, 24.12947 ], [ 82.66524, 24.12449 ], [ 82.6672, 24.12359 ], [ 82.6681, 24.12182 ], [ 82.66985, 24.12165 ], [ 82.67039, 24.11999 ], [ 82.67292, 24.1208 ], [ 82.67409, 24.11968 ], [ 82.67715, 24.11999 ], [ 82.67806, 24.11479 ], [ 82.67898, 24.11409 ], [ 82.68063, 24.11485 ], [ 82.68022, 24.11259 ], [ 82.6834, 24.11184 ], [ 82.68295, 24.10936 ], [ 82.68446, 24.10962 ], [ 82.68532, 24.10826 ], [ 82.68706, 24.10829 ], [ 82.69127, 24.10337 ], [ 82.69132, 24.10524 ], [ 82.69262, 24.10481 ], [ 82.69307, 24.10307 ], [ 82.69514, 24.10164 ], [ 82.69585, 24.10005 ], [ 82.70252, 24.09898 ], [ 82.70507, 24.09774 ], [ 82.7037, 24.09452 ], [ 82.70229, 24.09431 ], [ 82.70291, 24.09362 ], [ 82.69842, 24.09305 ], [ 82.6988, 24.09271 ], [ 82.69585, 24.0908 ], [ 82.69715, 24.08953 ], [ 82.69572, 24.08743 ], [ 82.6932, 24.08866 ], [ 82.69445, 24.08734 ], [ 82.69403, 24.08695 ], [ 82.69234, 24.08856 ], [ 82.68915, 24.09033 ], [ 82.68763, 24.0906 ], [ 82.69007, 24.08904 ], [ 82.69012, 24.08744 ], [ 82.69209, 24.08601 ], [ 82.69221, 24.08347 ], [ 82.69115, 24.08193 ], [ 82.68832, 24.08372 ], [ 82.68754, 24.08339 ], [ 82.68724, 24.08284 ], [ 82.68911, 24.08194 ], [ 82.68908, 24.08046 ], [ 82.68718, 24.07952 ], [ 82.68474, 24.08041 ], [ 82.68487, 24.07642 ], [ 82.68908, 24.07819 ], [ 82.69521, 24.07802 ], [ 82.70049, 24.08054 ], [ 82.702, 24.08318 ], [ 82.70355, 24.08376 ], [ 82.70882, 24.08097 ], [ 82.71422, 24.07971 ], [ 82.7139, 24.07625 ], [ 82.71687, 24.07777 ], [ 82.72147, 24.07795 ], [ 82.72152, 24.07679 ], [ 82.72074, 24.07579 ], [ 82.71926, 24.07551 ], [ 82.7183, 24.07625 ], [ 82.71505, 24.0746 ], [ 82.71487, 24.0724 ], [ 82.71396, 24.07217 ], [ 82.71495, 24.07169 ], [ 82.71465, 24.07111 ], [ 82.71104, 24.07074 ], [ 82.71093, 24.0699 ], [ 82.70969, 24.0696 ], [ 82.69819, 24.07238 ], [ 82.69036, 24.07276 ], [ 82.68214, 24.07077 ], [ 82.6792, 24.07214 ], [ 82.67484, 24.07649 ], [ 82.67445, 24.07618 ], [ 82.67867, 24.06771 ], [ 82.67399, 24.05823 ], [ 82.67906, 24.05726 ], [ 82.67884, 24.05477 ], [ 82.67633, 24.0556 ], [ 82.67721, 24.05304 ], [ 82.67802, 24.05198 ], [ 82.68283, 24.05022 ], [ 82.68181, 24.04692 ], [ 82.6825, 24.04379 ], [ 82.68162, 24.04418 ], [ 82.68088, 24.04284 ], [ 82.68324, 24.03895 ], [ 82.68043, 24.03718 ], [ 82.67806, 24.03923 ], [ 82.67656, 24.03875 ], [ 82.6768, 24.0401 ], [ 82.67545, 24.03991 ], [ 82.67545, 24.0377 ], [ 82.67676, 24.03822 ], [ 82.67855, 24.03683 ], [ 82.67517, 24.03159 ], [ 82.67294, 24.02574 ], [ 82.66886, 24.02235 ], [ 82.66262, 24.02283 ], [ 82.66047, 24.02695 ], [ 82.65857, 24.02833 ], [ 82.65572, 24.0288 ], [ 82.64979, 24.0276 ], [ 82.64379, 24.03216 ], [ 82.64144, 24.03076 ], [ 82.63114, 24.03182 ], [ 82.62939, 24.03344 ], [ 82.6227, 24.03277 ], [ 82.61867, 24.0334 ], [ 82.61759, 24.03453 ], [ 82.617, 24.0372 ], [ 82.61272, 24.03865 ], [ 82.60853, 24.04699 ], [ 82.60421, 24.04915 ], [ 82.60341, 24.04751 ], [ 82.60425, 24.04473 ], [ 82.60114, 24.04496 ], [ 82.59982, 24.04605 ], [ 82.59889, 24.05007 ], [ 82.59772, 24.0508 ], [ 82.59755, 24.04863 ], [ 82.59646, 24.04708 ], [ 82.59816, 24.04667 ], [ 82.59809, 24.04504 ], [ 82.60148, 24.04196 ], [ 82.60543, 24.04203 ], [ 82.60473, 24.04075 ], [ 82.60334, 24.04029 ], [ 82.60378, 24.03994 ], [ 82.6014, 24.039 ], [ 82.60525, 24.03908 ], [ 82.60604, 24.03769 ], [ 82.60711, 24.0389 ], [ 82.60788, 24.03874 ], [ 82.60534, 24.03714 ], [ 82.6092, 24.03457 ], [ 82.60732, 24.03465 ], [ 82.60616, 24.03348 ], [ 82.59925, 24.03331 ], [ 82.59211, 24.02998 ], [ 82.5868, 24.03009 ], [ 82.58536, 24.02836 ], [ 82.5855, 24.02214 ], [ 82.58443, 24.01968 ], [ 82.58286, 24.01935 ], [ 82.57851, 24.02141 ], [ 82.57702, 24.02114 ], [ 82.57102, 24.02541 ], [ 82.57045, 24.02736 ], [ 82.57189, 24.03751 ], [ 82.57605, 24.04177 ], [ 82.57592, 24.04262 ], [ 82.57855, 24.04367 ], [ 82.57815, 24.04458 ], [ 82.57662, 24.04445 ], [ 82.57474, 24.04691 ], [ 82.57185, 24.0475 ], [ 82.57095, 24.04898 ], [ 82.57517, 24.0599 ], [ 82.57778, 24.06269 ], [ 82.58062, 24.06192 ], [ 82.58214, 24.0662 ], [ 82.58345, 24.06727 ], [ 82.58243, 24.06937 ], [ 82.58045, 24.0686 ], [ 82.57994, 24.06676 ], [ 82.57841, 24.06779 ], [ 82.57686, 24.06704 ], [ 82.57642, 24.06737 ], [ 82.57724, 24.0685 ], [ 82.5755, 24.06857 ], [ 82.57609, 24.06947 ], [ 82.57344, 24.07112 ], [ 82.56992, 24.07204 ], [ 82.56847, 24.0714 ], [ 82.56684, 24.07236 ], [ 82.56435, 24.07106 ], [ 82.56167, 24.07189 ], [ 82.56158, 24.0739 ], [ 82.56082, 24.07453 ], [ 82.55969, 24.07415 ], [ 82.55912, 24.07595 ], [ 82.55493, 24.07835 ], [ 82.56153, 24.0913 ], [ 82.55706, 24.09577 ], [ 82.5546, 24.10078 ], [ 82.54988, 24.1067 ], [ 82.5492, 24.10887 ], [ 82.55015, 24.10972 ], [ 82.55258, 24.11636 ], [ 82.55399, 24.117 ], [ 82.55216, 24.11741 ], [ 82.55487, 24.12174 ], [ 82.5552, 24.12647 ], [ 82.55426, 24.12691 ], [ 82.5548, 24.12888 ], [ 82.55434, 24.13392 ], [ 82.5494, 24.14179 ], [ 82.55092, 24.14503 ], [ 82.55067, 24.15271 ], [ 82.54955, 24.15868 ], [ 82.54595, 24.16478 ], [ 82.54961, 24.16785 ], [ 82.5518, 24.16802 ], [ 82.55717, 24.17164 ], [ 82.55975, 24.17249 ], [ 82.5632, 24.17588 ], [ 82.56271, 24.17924 ], [ 82.56015, 24.1832 ], [ 82.5572, 24.18457 ], [ 82.54961, 24.17744 ], [ 82.54094, 24.17859 ], [ 82.53787, 24.1769 ], [ 82.53664, 24.17707 ], [ 82.53613, 24.17803 ], [ 82.5387, 24.18005 ], [ 82.54518, 24.17964 ], [ 82.54818, 24.18192 ], [ 82.54506, 24.18549 ], [ 82.5436, 24.18499 ], [ 82.54228, 24.18304 ], [ 82.54031, 24.18323 ], [ 82.54077, 24.18572 ], [ 82.53903, 24.18733 ], [ 82.5373, 24.18583 ], [ 82.53409, 24.18568 ], [ 82.53339, 24.19087 ], [ 82.52972, 24.19131 ], [ 82.52972, 24.18791 ], [ 82.52698, 24.1864 ], [ 82.52492, 24.19079 ], [ 82.53041, 24.1983 ], [ 82.53368, 24.19793 ], [ 82.53565, 24.20161 ], [ 82.53813, 24.20145 ], [ 82.53969, 24.20405 ], [ 82.54041, 24.20781 ], [ 82.54297, 24.20803 ], [ 82.54996, 24.20521 ], [ 82.55081, 24.2073 ], [ 82.55028, 24.20782 ], [ 82.5524, 24.20805 ], [ 82.55533, 24.21189 ], [ 82.5567, 24.2112 ], [ 82.55719, 24.20931 ], [ 82.5583, 24.20927 ], [ 82.55891, 24.20777 ], [ 82.56189, 24.20728 ], [ 82.56169, 24.20654 ], [ 82.56283, 24.20641 ], [ 82.56321, 24.2052 ], [ 82.56433, 24.20537 ], [ 82.56401, 24.20469 ], [ 82.56612, 24.20423 ], [ 82.56658, 24.20644 ], [ 82.56999, 24.20589 ], [ 82.57173, 24.20192 ], [ 82.57588, 24.20074 ], [ 82.57975, 24.19591 ], [ 82.58434, 24.19933 ], [ 82.59633, 24.20157 ], [ 82.5958, 24.20021 ], [ 82.59921, 24.19959 ], [ 82.5987, 24.19796 ], [ 82.6013, 24.19724 ], [ 82.60135, 24.19527 ], [ 82.60246, 24.19449 ], [ 82.60476, 24.19384 ], [ 82.60538, 24.19473 ], [ 82.6068, 24.19469 ], [ 82.60912, 24.19378 ], [ 82.60988, 24.19478 ], [ 82.6064, 24.20021 ], [ 82.60642, 24.20127 ], [ 82.60971, 24.20268 ], [ 82.62162, 24.2013 ], [ 82.62421, 24.20285 ], [ 82.62877, 24.20278 ], [ 82.63034, 24.20486 ], [ 82.63101, 24.20749 ], [ 82.63317, 24.20948 ], [ 82.63911, 24.21056 ], [ 82.64537, 24.21032 ], [ 82.64455, 24.2123 ], [ 82.64275, 24.21332 ], [ 82.64557, 24.22709 ], [ 82.64821, 24.23077 ], [ 82.64846, 24.23149 ], [ 82.64754, 24.23175 ], [ 82.64891, 24.23351 ], [ 82.65337, 24.23269 ], [ 82.65425, 24.2335 ] ] ] } }
]
}
